"source_path","source_sha256","source_bytes","disposition","target_path","target_sha256","reason"
".github/PULL_REQUEST_TEMPLATE.md","2aa2ca7b1dbe22299af51dac17c6aad1f5900723cb71d9fdf9f6e0adabd951d1","403","school_specific_exclusion","","","Week 1-5 administration, runner, report, template, or school showcase content"
".gitignore","d51e5e45ef75294953162382448cbab2fd27738d5790e31cd20f980d08b2f131","2069","migrated_modified_publication",".gitignore","08b09eff8ea95905457fc99688d7aa7c76ae55f1c7a49ed9a7a47f5c5e3b7b9a","Retained and updated for repository separation or publication packaging"
".python-version","56c16a411e41fec3219e828087f312d9891641e3b29093c69d08a05ec1e5d693","8","migrated_modified_publication",".python-version","02e735b3dfe1c32833eb550b7ff8ffa17f5f2bc3fa1e7bae61a8f5a3883ce398","Retained and updated for repository separation or publication packaging"
"AGENTS.md","6025eb639bc206e79bd60d3b556bb34b0245c7af010c6a0ef0b3a42837d5bb71","66514","migrated_modified_publication","AGENTS.md","5c9a97b3d1bc3719a2409c3229ed6d74de5ea33ff4c5cc6744d15aec1f7da0f5","Retained and updated for repository separation or publication packaging"
"CMakeLists.txt","abba58122c82e4cdef754d2109625256d17d5d79e2dfedecc1cdc9024ca4c9b6","534","migrated_unchanged","CMakeLists.txt","abba58122c82e4cdef754d2109625256d17d5d79e2dfedecc1cdc9024ca4c9b6","Byte-identical scientific source retained"
"EVRP-TW主Baseline分阶段改进路线图.md","554bcc90c85c93dd513fe1acc4bf1822ba5d8a7d9cc0c14510de33aebf2aec69","73350","local_external_artifact","","","Moved to an ignored local planning file; excluded from the public Git tree"
"FURP_Showcase_PLACEHOLDER.md","b0e679abdd35442bfcbbe2543c82294ede59b5a4594defdbf9d61ffe9879b659","632","school_specific_exclusion","","","Week 1-5 administration, runner, report, template, or school showcase content"
"README.md","47118fcb2a4b9c74bf4af9073df3c3881fe5a42c35ab378ffcbf3d5ea93691f1","15187","migrated_modified_publication","README.md","6ab8b1b3eeb4023c772e28d641e298a3ac3d8e4a8be84bfadf523097b3b8e252","Retained and updated for repository separation or publication packaging"
"configs/performance.toml","c8c1c62be018354b2e4cd9028812c45debfa45ee1702f9427a8a13820f1b3e84","598","migrated_unchanged","configs/performance.toml","c8c1c62be018354b2e4cd9028812c45debfa45ee1702f9427a8a13820f1b3e84","Byte-identical scientific source retained"
"configs/reproduction.toml","04f38d76b2fa632c182841cb3979a5d54902c2eadd5466ff5701549f035d3b14","577","migrated_unchanged","configs/reproduction.toml","04f38d76b2fa632c182841cb3979a5d54902c2eadd5466ff5701549f035d3b14","Byte-identical scientific source retained"
"configs/stage00_baseline.toml","5913e3ac5fe65f9e6035b5b436ef7253623ad672f2c6839850e533e0c80be85f","896","migrated_unchanged","configs/stage00_baseline.toml","5913e3ac5fe65f9e6035b5b436ef7253623ad672f2c6839850e533e0c80be85f","Byte-identical scientific source retained"
"configs/stage02_constraint_guided.toml","f8fa22d72a95e1b1aeddc31953995053b8c571d97d20ea60271dd19e3b85d32a","2799","migrated_unchanged","configs/stage02_constraint_guided.toml","f8fa22d72a95e1b1aeddc31953995053b8c571d97d20ea60271dd19e3b85d32a","Byte-identical scientific source retained"
"configs/stage02_route_quality.toml","133a7c08b7c86cc985de921b139fbbfb31f02f6ae75b9d7cb85da04427bd8c73","1575","migrated_unchanged","configs/stage02_route_quality.toml","133a7c08b7c86cc985de921b139fbbfb31f02f6ae75b9d7cb85da04427bd8c73","Byte-identical scientific source retained"
"configs/stage02_route_reduction.toml","094e71e48cdec0acd8095e7adafbff0f27d0ee47b305cbb9414cd46df8c47a27","1133","migrated_unchanged","configs/stage02_route_reduction.toml","094e71e48cdec0acd8095e7adafbff0f27d0ee47b305cbb9414cd46df8c47a27","Byte-identical scientific source retained"
"configs/stage031_cheap_screening.toml","14553d1fcf47bc9ba1104e91660b5df895b930a1a8e613834c3a67a6c4351075","1339","migrated_unchanged","configs/stage031_cheap_screening.toml","14553d1fcf47bc9ba1104e91660b5df895b930a1a8e613834c3a67a6c4351075","Byte-identical scientific source retained"
"configs/stage032_cache_incremental.toml","38742ab8fafedd74857bf5951cde9d796162161350cdaad5d3e817134e471488","1751","migrated_unchanged","configs/stage032_cache_incremental.toml","38742ab8fafedd74857bf5951cde9d796162161350cdaad5d3e817134e471488","Byte-identical scientific source retained"
"configs/stage033_exact_deadline.toml","360d50b585d6579a02e392d15bb5f7907a80d9ef5b28c0cfcf15ee33a7dbd21a","1379","migrated_unchanged","configs/stage033_exact_deadline.toml","360d50b585d6579a02e392d15bb5f7907a80d9ef5b28c0cfcf15ee33a7dbd21a","Byte-identical scientific source retained"
"configs/stage034_control_parallel.toml","41ecd51f36489138224e19ea35243c17ce0a4fbda7664596e6da9b8eba5d88b1","2033","migrated_unchanged","configs/stage034_control_parallel.toml","41ecd51f36489138224e19ea35243c17ce0a4fbda7664596e6da9b8eba5d88b1","Byte-identical scientific source retained"
"configs/stage03_measurement.toml","5709766061c8e3cf2c38c33de6450371e6b1e1457686e3a282e773ceb3904ebe","947","migrated_unchanged","configs/stage03_measurement.toml","5709766061c8e3cf2c38c33de6450371e6b1e1457686e3a282e773ceb3904ebe","Byte-identical scientific source retained"
"configs/stage04_weights.toml","e11577f996ca15033ed57578326954c0cbf630c5d54f61e183ab898fc66ff72f","3782","migrated_unchanged","configs/stage04_weights.toml","e11577f996ca15033ed57578326954c0cbf630c5d54f61e183ab898fc66ff72f","Byte-identical scientific source retained"
"configs/stage051_best_known.toml","02b2d8e538cea4976a9125acfa36ae174f5241b3e4aa921e88258c1d9081b5d0","543","migrated_unchanged","configs/stage051_best_known.toml","02b2d8e538cea4976a9125acfa36ae174f5241b3e4aa921e88258c1d9081b5d0","Byte-identical scientific source retained"
"configs/stage052_performance.toml","cb4d490642fb40dcf9d8241d1036ab17b4d94a3a9cac97f087050cab57e3177a","2052","migrated_modified_publication","configs/stage052_performance.toml","10ad99c2989fd1b7f836ecc3abfd579ad7b7318a4124548ff16a668dc334ef2f","Retained and updated for repository separation or publication packaging"
"configs/stage052_storage_roots.example.toml","8398faac786dc452e42d34bd45ae9abf9cdbac46999af19f300c2d6bde9ae894","493","migrated_unchanged","configs/stage052_storage_roots.example.toml","8398faac786dc452e42d34bd45ae9abf9cdbac46999af19f300c2d6bde9ae894","Byte-identical scientific source retained"
"cpp/evrptw_core.cpp","ac19a068374a225b28110adb000451d19f3579fa858a094b62b04a2daeab681d","132489","migrated_modified_publication","cpp/evrptw_core.cpp","2b70420bca37c3662f5bab229f2c6330726e24d9e89408834038737eaf121148","Retained and updated for repository separation or publication packaging"
"docs/00_weekly.md","6308e9be5a4080f578d42c4acfde894b45edee609b6b1449808b59622e685de0","794","school_specific_exclusion","","","Week 1-5 administration, runner, report, template, or school showcase content"
"docs/01_weekly.md","c9744e95c208f9683065a54ea7d4b8df0ff2b2b73a2df047bd89f1c63d6e1b9d","4448","school_specific_exclusion","","","Week 1-5 administration, runner, report, template, or school showcase content"
"docs/02_weekly.md","4e00e476b4b3a8b61705bcc8b0c00f42907256a3a7e3eaec99e71f9917e1f995","2438","school_specific_exclusion","","","Week 1-5 administration, runner, report, template, or school showcase content"
"docs/03_weekly.md","0058b0da2d0a95d1e0657ef09553f2c38687d4151e0e371846bb65a24bb1b6f0","4251","school_specific_exclusion","","","Week 1-5 administration, runner, report, template, or school showcase content"
"docs/04_weekly.md","00235eb272b0b1b60e9dc3c168b4a5e7cc23653906e989b299ea8bf25df17b70","3201","school_specific_exclusion","","","Week 1-5 administration, runner, report, template, or school showcase content"
"docs/05_weekly.md","22511dc050c3176c1fcb7107c224ac4a0ac21ad827a871f6a136b9d47241899f","2465","school_specific_exclusion","","","Week 1-5 administration, runner, report, template, or school showcase content"
"docs/05_weekly_v2_alns_bpc_benchmark_rebuild.md","e3c1b32309e5adf1e61742d9665f9c24e8df49bfc5ad3e623861abbddee6e5d8","11185","school_specific_exclusion","","","Week 1-5 administration, runner, report, template, or school showcase content"
"docs/agents/domain.md","afe1315d86c4f8060bf565c6e753759f21685c776234063332a0a1bb503f7151","236","migrated_unchanged","docs/agents/domain.md","afe1315d86c4f8060bf565c6e753759f21685c776234063332a0a1bb503f7151","Byte-identical scientific source retained"
"docs/agents/issue-tracker.md","55f552026ccba55954df89c5b0d6eb5dfe6dcab39819d2f0218b5eff19a85dd2","220","migrated_unchanged","docs/agents/issue-tracker.md","55f552026ccba55954df89c5b0d6eb5dfe6dcab39819d2f0218b5eff19a85dd2","Byte-identical scientific source retained"
"docs/agents/triage-labels.md","626fc603cfc3fc3ab85d08151c4c642433b522277bfb4abe87d8d54c838326db","421","migrated_unchanged","docs/agents/triage-labels.md","626fc603cfc3fc3ab85d08151c4c642433b522277bfb4abe87d8d54c838326db","Byte-identical scientific source retained"
"docs/cpu_batch_pilot.md","1bcece2cba0708e69382f25aeae8b01b8dfb46bb264e491e3f1913160a8a8f74","1932","migrated_unchanged","docs/cpu_batch_pilot.md","1bcece2cba0708e69382f25aeae8b01b8dfb46bb264e491e3f1913160a8a8f74","Byte-identical scientific source retained"
"docs/environment.md","2e1a7b9ee6f96d7ab13e60cafaf82ff007edad411aec505a795aca713870488e","4674","migrated_modified_publication","docs/environment.md","8ef088759086fac3620b4e969eae592f89dfd2bb50ccd793920fb8db1e881441","Retained and updated for repository separation or publication packaging"
"docs/experiment_artifact_storage.md","7d31169822765d91c99db9a251a1aaf0f76afd7fdbb0bbf3f81fb2b68ef58b31","12812","migrated_unchanged","docs/experiment_artifact_storage.md","7d31169822765d91c99db9a251a1aaf0f76afd7fdbb0bbf3f81fb2b68ef58b31","Byte-identical scientific source retained"
"docs/meeting_notes/.gitkeep","e3b0c44298fc1c149afbf4c8996fb92427ae41e4649b934ca495991b7852b855","0","school_specific_exclusion","","","Week 1-5 administration, runner, report, template, or school showcase content"
"docs/meeting_notes/TEMPLATE.md","cfb5a6ba28dd9830f629fc986c4e9cdc4e4ff3bc24ddfc391c28d29acb189823","551","school_specific_exclusion","","","Week 1-5 administration, runner, report, template, or school showcase content"
"docs/reference_selection.md","7055ad9e642aa569a12c455e50f971d9bd400ee01dfe5d74f5e543bd18ab56ac","4537","migrated_unchanged","docs/reference_selection.md","7055ad9e642aa569a12c455e50f971d9bd400ee01dfe5d74f5e543bd18ab56ac","Byte-identical scientific source retained"
"docs/references.bib","2ac1a519cd4909c539301df529d19a0d07bd699fefb50169ce0211408f2cd5ec","408","migrated_modified_publication","docs/references.bib","1b75deb1afddc571fc488372e09c73b914d1f0c3654156bf3bc57c8620f51f6d","Expanded with the complete public citation set for the local literature collection"
"docs/stage00_baseline.md","2a4a75aa51a55b758bc58b3dd60ae3d520bbd62a7a0d0cb1e5581b5dec870122","5774","migrated_unchanged","docs/stage00_baseline.md","2a4a75aa51a55b758bc58b3dd60ae3d520bbd62a7a0d0cb1e5581b5dec870122","Byte-identical scientific source retained"
"docs/stage01_lexicographic_objective.md","4c0c0eda248384f72b108b0450faf9da60954eb00715aaf6738e35a34ec6949c","4981","migrated_unchanged","docs/stage01_lexicographic_objective.md","4c0c0eda248384f72b108b0450faf9da60954eb00715aaf6738e35a34ec6949c","Byte-identical scientific source retained"
"docs/stage02_constraint_guided.md","925615644336dd346a9d39fba6d3782a9076c09d8cd903d244f3ea2c09f0ac85","14007","migrated_unchanged","docs/stage02_constraint_guided.md","925615644336dd346a9d39fba6d3782a9076c09d8cd903d244f3ea2c09f0ac85","Byte-identical scientific source retained"
"docs/stage02_constraint_guided_review.md","453cc5967d0083a30e7c2fbeee13e9800d65022160ceeb1fcb16b356cff96dad","5352","migrated_unchanged","docs/stage02_constraint_guided_review.md","453cc5967d0083a30e7c2fbeee13e9800d65022160ceeb1fcb16b356cff96dad","Byte-identical scientific source retained"
"docs/stage02_route_quality.md","9705e8e2f9cf4cd15855afa5af6d1ba6c35aef47abf434b40530ee8b5bfc40d3","4809","migrated_unchanged","docs/stage02_route_quality.md","9705e8e2f9cf4cd15855afa5af6d1ba6c35aef47abf434b40530ee8b5bfc40d3","Byte-identical scientific source retained"
"docs/stage02_route_reduction.md","a042a3fcc5ac479e54e3addcca81cbfc317ef1daf69ebd692190454ece596837","6241","migrated_unchanged","docs/stage02_route_reduction.md","a042a3fcc5ac479e54e3addcca81cbfc317ef1daf69ebd692190454ece596837","Byte-identical scientific source retained"
"docs/stage031_cheap_screening.md","eb32b02c47a96052eaa8af52f408532f50d425c85bc78c8080ed960be6352d81","6959","migrated_unchanged","docs/stage031_cheap_screening.md","eb32b02c47a96052eaa8af52f408532f50d425c85bc78c8080ed960be6352d81","Byte-identical scientific source retained"
"docs/stage032_cache_incremental.md","6185a3322d76d39e8b36b9d03dc3f37341d3f908a8ad4efb3bd10cb912eefcb8","5693","migrated_unchanged","docs/stage032_cache_incremental.md","6185a3322d76d39e8b36b9d03dc3f37341d3f908a8ad4efb3bd10cb912eefcb8","Byte-identical scientific source retained"
"docs/stage033_exact_deadline.md","222e3e2c4c873d33a577763e3bb86662cefc1d6c3dce2f8dd0d8931e77d0a871","3087","migrated_unchanged","docs/stage033_exact_deadline.md","222e3e2c4c873d33a577763e3bb86662cefc1d6c3dce2f8dd0d8931e77d0a871","Byte-identical scientific source retained"
"docs/stage034_control_parallel.md","f9eaa47d427640fc2579dd2f0c752a6646e9d6d5541885781f0352031f994d50","3735","migrated_unchanged","docs/stage034_control_parallel.md","f9eaa47d427640fc2579dd2f0c752a6646e9d6d5541885781f0352031f994d50","Byte-identical scientific source retained"
"docs/stage03_artifact_registry.md","3a589b2f9c6d3158f6939cf8c1c96842679156506c5ad846172412d700590b86","8155","migrated_unchanged","docs/stage03_artifact_registry.md","3a589b2f9c6d3158f6939cf8c1c96842679156506c5ad846172412d700590b86","Byte-identical scientific source retained"
"docs/stage03_measurement.md","7d2a9a8292c3107fd2ca9360662e55801e1c81a84e1205c11efd8983ca89f618","8529","migrated_unchanged","docs/stage03_measurement.md","7d2a9a8292c3107fd2ca9360662e55801e1c81a84e1205c11efd8983ca89f618","Byte-identical scientific source retained"
"docs/stage051_best_known.md","47f7252161eb7861dc6c150bab3feabddef98b2b99a33cf5defe8235d0abb83e","4959","migrated_unchanged","docs/stage051_best_known.md","47f7252161eb7861dc6c150bab3feabddef98b2b99a33cf5defe8235d0abb83e","Byte-identical scientific source retained"
"docs/stage052_change_log.md","2a7dad3e92051a9ada631c6993c63d9cfccdc3a7f38c79e704767ea8417c6202","94330","migrated_modified_publication","docs/stage052_change_log.md","27dba0f4045082d1216ff5f52f8db35cf633cba07f02f09602e74957414d7389","Retained and updated for repository separation or publication packaging"
"docs/stage052_performance_benchmark_workflow.md","9de0bb72b38c927d22e1037d84201b5364326bdeabcd8d8b1489ebd59a957111","33582","migrated_modified_publication","docs/stage052_performance_benchmark_workflow.md","792c980397252a0457ae3ff8e111779bb308cc42a1961d97cbceea6474fd3ee5","Retained and updated for repository separation or publication packaging"
"docs/week01_ortools_vrptw_checkpoint.md","46d5e3c3e3556216891121b128e478edf53f99ee46855d93da6ac1ae27d91105","3062","school_specific_exclusion","","","Week 1-5 administration, runner, report, template, or school showcase content"
"docs/week02_baseline_recreation.md","cd66f9b581ece03eafd55fbb2a4cdbb1ab6b4ac8971848edfa124fca9d0e8512","5120","school_specific_exclusion","","","Week 1-5 administration, runner, report, template, or school showcase content"
"docs/week03_experiment_design_and_evaluation.md","73bfa7d84dbb4c0cef8ce6b44cf082fcaba6f7e9f869664bdaaee74bb879b609","5555","school_specific_exclusion","","","Week 1-5 administration, runner, report, template, or school showcase content"
"docs/week04_extend_read_explore.md","60305868bbba08282b88b26adee00f4d08fb376c1e3af96a41af7ae7606ed798","6393","school_specific_exclusion","","","Week 1-5 administration, runner, report, template, or school showcase content"
"docs/week04_reading_notes.md","dfe0ba70acbb44bfe1656fb47232e1cf9508c4fb4c1d28c4bb5ab61023203d6f","5003","school_specific_exclusion","","","Week 1-5 administration, runner, report, template, or school showcase content"
"docs/week05_alns_bpc_methodology.md","71c0902be5c18e7cad0999ff1f21f1878a3732ccb0313313410542bd1f91eba1","7180","declarative_rename","docs/methodology/alns-exact-charging.md","0ee52339a1baef594fd7c067440d8d36dbc456bdddd9ceba5f4671cc9edae0a3","Scientific content retained under publication-facing path"
"docs/week05_consolidation_and_route_splitting.md","723136663c77e7f522f60f2320d9ba8b13f1c6990078bd30990cedb71aebd027","4334","school_specific_exclusion","","","Week 1-5 administration, runner, report, template, or school showcase content"
"docs/week05_project_checkpoint.md","2944f31892a4c03081a8daf97783c7fb82bdb62424a258f1a61471e000eab598","3351","school_specific_exclusion","","","Week 1-5 administration, runner, report, template, or school showcase content"
"experiments/baselines/schneider_best_known.csv","8d1e29358b3f2599d4cb49d854ac908269764e144ac7e50b8cf7a9bf099e6bce","39634","migrated_unchanged","experiments/baselines/schneider_best_known.csv","8d1e29358b3f2599d4cb49d854ac908269764e144ac7e50b8cf7a9bf099e6bce","Byte-identical scientific source retained"
"experiments/baselines/stage00/comparison_template.csv","f12e1e45f23b02d0ab8db75981c51c89818d073f907b620a4822c0c10d96c861","121","migrated_unchanged","experiments/baselines/stage00/comparison_template.csv","f12e1e45f23b02d0ab8db75981c51c89818d073f907b620a4822c0c10d96c861","Byte-identical scientific source retained"
"experiments/baselines/stage00/environment.json","94387083e0a53656ad884dfdeb5d1c3005060021611814a0c226708eb5d13c22","3134","migrated_unchanged","experiments/baselines/stage00/environment.json","94387083e0a53656ad884dfdeb5d1c3005060021611814a0c226708eb5d13c22","Byte-identical scientific source retained"
"experiments/baselines/stage00/failure_cases.csv","777d8ae2db624115233dc669a426bc23dc88ad133826d0ca73da55608eb7837d","635","migrated_unchanged","experiments/baselines/stage00/failure_cases.csv","777d8ae2db624115233dc669a426bc23dc88ad133826d0ca73da55608eb7837d","Byte-identical scientific source retained"
"experiments/baselines/stage00/manifest.json","b226b97e0e67288aaaf85726ad855df71cb81406685c57c8e8c40cd8996aa0da","5669","migrated_unchanged","experiments/baselines/stage00/manifest.json","b226b97e0e67288aaaf85726ad855df71cb81406685c57c8e8c40cd8996aa0da","Byte-identical scientific source retained"
"experiments/baselines/stage00/parameters.toml","47b12bd926e596f0ff026314b9fe5701a710090b82c3dbd636396c03985c4e3b","593","migrated_unchanged","experiments/baselines/stage00/parameters.toml","47b12bd926e596f0ff026314b9fe5701a710090b82c3dbd636396c03985c4e3b","Byte-identical scientific source retained"
"experiments/baselines/stage00/per_run_results.csv","b78c7f6f3c01f06ba263c7d5897e7fc20cad136b064179f7f09287f7e86001aa","24342","migrated_unchanged","experiments/baselines/stage00/per_run_results.csv","b78c7f6f3c01f06ba263c7d5897e7fc20cad136b064179f7f09287f7e86001aa","Byte-identical scientific source retained"
"experiments/baselines/stage00/reproduction_audit/README.md","1b1087f0affbbf483591f817c1b5732a6ae256ee3656862a54a6f2da922a1549","693","migrated_unchanged","experiments/baselines/stage00/reproduction_audit/README.md","1b1087f0affbbf483591f817c1b5732a6ae256ee3656862a54a6f2da922a1549","Byte-identical scientific source retained"
"experiments/baselines/stage00/reproduction_audit/comparison_report.csv","a07b841bfdadcf1e285dccb5016d3c2d0430eeabc96f8126ef8f3faeb5c704b2","63850","migrated_unchanged","experiments/baselines/stage00/reproduction_audit/comparison_report.csv","a07b841bfdadcf1e285dccb5016d3c2d0430eeabc96f8126ef8f3faeb5c704b2","Byte-identical scientific source retained"
"experiments/baselines/stage00/reproduction_audit/reproduction_environment.json","2debe810daa41ababf801ba68098b85ff396c6cc610c9d3f0dfa95b402115ac2","3133","migrated_unchanged","experiments/baselines/stage00/reproduction_audit/reproduction_environment.json","2debe810daa41ababf801ba68098b85ff396c6cc610c9d3f0dfa95b402115ac2","Byte-identical scientific source retained"
"experiments/baselines/stage00/reproduction_audit/reproduction_per_run_results.csv","4ab55e83b858e5a52ffea49d9fad0a5b5b4a795f9ff4ae9b0bd89fb85f4f2f47","21467","migrated_unchanged","experiments/baselines/stage00/reproduction_audit/reproduction_per_run_results.csv","4ab55e83b858e5a52ffea49d9fad0a5b5b4a795f9ff4ae9b0bd89fb85f4f2f47","Byte-identical scientific source retained"
"experiments/baselines/stage00/reproduction_audit/reproduction_summary_results.csv","dcbd46f8afb0b8e9afb2c628214aa509f66645b50b446817e36f5f58bf3c00b6","14099","migrated_unchanged","experiments/baselines/stage00/reproduction_audit/reproduction_summary_results.csv","dcbd46f8afb0b8e9afb2c628214aa509f66645b50b446817e36f5f58bf3c00b6","Byte-identical scientific source retained"
"experiments/baselines/stage00/solutions/c101C5-alns_exact_charging-2014.json","3b6131f02bd68a07d5928cb57ecddf78066643944a6bd6cbd256b59821311138","260","migrated_unchanged","experiments/baselines/stage00/solutions/c101C5-alns_exact_charging-2014.json","3b6131f02bd68a07d5928cb57ecddf78066643944a6bd6cbd256b59821311138","Byte-identical scientific source retained"
"experiments/baselines/stage00/solutions/c101C5-alns_exact_charging-2015.json","4ea982bf9cb8f89871dfb8d13db61f115ef8b19b693c18c8258fc68cc36a8e1c","260","migrated_unchanged","experiments/baselines/stage00/solutions/c101C5-alns_exact_charging-2015.json","4ea982bf9cb8f89871dfb8d13db61f115ef8b19b693c18c8258fc68cc36a8e1c","Byte-identical scientific source retained"
"experiments/baselines/stage00/solutions/c101C5-alns_exact_charging-2016.json","a2bd86ba9840e0ca2e1528b48ac7903bbeda8ca7de01f27b76be4af61a6a5b5a","260","migrated_unchanged","experiments/baselines/stage00/solutions/c101C5-alns_exact_charging-2016.json","a2bd86ba9840e0ca2e1528b48ac7903bbeda8ca7de01f27b76be4af61a6a5b5a","Byte-identical scientific source retained"
"experiments/baselines/stage00/solutions/c101_21-alns_exact_charging-2014.json","a51419cc240dccfec02e3ebbd4ae55faed0c0e96222d84f63361e3b1e1a48f90","1960","migrated_unchanged","experiments/baselines/stage00/solutions/c101_21-alns_exact_charging-2014.json","a51419cc240dccfec02e3ebbd4ae55faed0c0e96222d84f63361e3b1e1a48f90","Byte-identical scientific source retained"
"experiments/baselines/stage00/solutions/c101_21-alns_exact_charging-2015.json","5f09204376a416e40fbef26f6572f1c778fe66734091ac96146f1e8e7d29547e","1960","migrated_unchanged","experiments/baselines/stage00/solutions/c101_21-alns_exact_charging-2015.json","5f09204376a416e40fbef26f6572f1c778fe66734091ac96146f1e8e7d29547e","Byte-identical scientific source retained"
"experiments/baselines/stage00/solutions/c101_21-alns_exact_charging-2016.json","4c8115a52a09c36a1ac193580415476261a801ddaacac458ea83ecb5799c5b31","1960","migrated_unchanged","experiments/baselines/stage00/solutions/c101_21-alns_exact_charging-2016.json","4c8115a52a09c36a1ac193580415476261a801ddaacac458ea83ecb5799c5b31","Byte-identical scientific source retained"
"experiments/baselines/stage00/solutions/c104C10-alns_exact_charging-2014.json","95b5c6b339fd67157ad6bdc2025edaacc8b951a5a679623ea561d438a35f526f","301","migrated_unchanged","experiments/baselines/stage00/solutions/c104C10-alns_exact_charging-2014.json","95b5c6b339fd67157ad6bdc2025edaacc8b951a5a679623ea561d438a35f526f","Byte-identical scientific source retained"
"experiments/baselines/stage00/solutions/c104C10-alns_exact_charging-2015.json","33cac77362a5aa79ceb5ce2329753c9d1c2dc055cb5656f6d2dfde9d3506a825","301","migrated_unchanged","experiments/baselines/stage00/solutions/c104C10-alns_exact_charging-2015.json","33cac77362a5aa79ceb5ce2329753c9d1c2dc055cb5656f6d2dfde9d3506a825","Byte-identical scientific source retained"
"experiments/baselines/stage00/solutions/c104C10-alns_exact_charging-2016.json","88fd0b950b2f30352125bf46b4256fdd3151153466e531cf2f16d36ab5723b54","301","migrated_unchanged","experiments/baselines/stage00/solutions/c104C10-alns_exact_charging-2016.json","88fd0b950b2f30352125bf46b4256fdd3151153466e531cf2f16d36ab5723b54","Byte-identical scientific source retained"
"experiments/baselines/stage00/solutions/c106C15-alns_exact_charging-2014.json","dfdd3364711d49487ce0c9b014fd996d21e17ee9907e1c71be82e9d51408f59e","389","migrated_unchanged","experiments/baselines/stage00/solutions/c106C15-alns_exact_charging-2014.json","dfdd3364711d49487ce0c9b014fd996d21e17ee9907e1c71be82e9d51408f59e","Byte-identical scientific source retained"
"experiments/baselines/stage00/solutions/c106C15-alns_exact_charging-2015.json","c553fc007a9315b466a5c1dca1a73103a289c32f59efd0c12ff7081707b91fa4","389","migrated_unchanged","experiments/baselines/stage00/solutions/c106C15-alns_exact_charging-2015.json","c553fc007a9315b466a5c1dca1a73103a289c32f59efd0c12ff7081707b91fa4","Byte-identical scientific source retained"
"experiments/baselines/stage00/solutions/c106C15-alns_exact_charging-2016.json","f138eb7b21b72c3ff5ba15fd994c3e1c1456dee8721bb0692ce04d292bead9a9","389","migrated_unchanged","experiments/baselines/stage00/solutions/c106C15-alns_exact_charging-2016.json","f138eb7b21b72c3ff5ba15fd994c3e1c1456dee8721bb0692ce04d292bead9a9","Byte-identical scientific source retained"
"experiments/baselines/stage00/solutions/r101_21-alns_exact_charging-2014.json","cbd6e219a9d497033a2ab8e7c78d8b0fc6ae483813acf83559fe0b8efd44c0ca","2467","migrated_unchanged","experiments/baselines/stage00/solutions/r101_21-alns_exact_charging-2014.json","cbd6e219a9d497033a2ab8e7c78d8b0fc6ae483813acf83559fe0b8efd44c0ca","Byte-identical scientific source retained"
"experiments/baselines/stage00/solutions/r101_21-alns_exact_charging-2015.json","46dbbda5dfff4e23b89716b511e833b81efd5bdeff03fc47d714c8e0143308a1","2432","migrated_unchanged","experiments/baselines/stage00/solutions/r101_21-alns_exact_charging-2015.json","46dbbda5dfff4e23b89716b511e833b81efd5bdeff03fc47d714c8e0143308a1","Byte-identical scientific source retained"
"experiments/baselines/stage00/solutions/r101_21-alns_exact_charging-2016.json","14c12ff385c725e1e59b57e8634fae1d8910c8ac17f9bc197350e80a2cbf1416","2673","migrated_unchanged","experiments/baselines/stage00/solutions/r101_21-alns_exact_charging-2016.json","14c12ff385c725e1e59b57e8634fae1d8910c8ac17f9bc197350e80a2cbf1416","Byte-identical scientific source retained"
"experiments/baselines/stage00/solutions/r103C10-alns_exact_charging-2014.json","e8a27a3a0a33b3fc39eabb24d64cb829aac8ecb5a1c0a6189c9e55583c74c0fd","325","migrated_unchanged","experiments/baselines/stage00/solutions/r103C10-alns_exact_charging-2014.json","e8a27a3a0a33b3fc39eabb24d64cb829aac8ecb5a1c0a6189c9e55583c74c0fd","Byte-identical scientific source retained"
"experiments/baselines/stage00/solutions/r103C10-alns_exact_charging-2015.json","3d531c391938b99bc599ea2c7836f0fc1f107285448ea091d7c998253b50a8d0","325","migrated_unchanged","experiments/baselines/stage00/solutions/r103C10-alns_exact_charging-2015.json","3d531c391938b99bc599ea2c7836f0fc1f107285448ea091d7c998253b50a8d0","Byte-identical scientific source retained"
"experiments/baselines/stage00/solutions/r103C10-alns_exact_charging-2016.json","cbbe8a357d71648617e72f25731b24ea96917c987e754a3d9b16335a55f96462","325","migrated_unchanged","experiments/baselines/stage00/solutions/r103C10-alns_exact_charging-2016.json","cbbe8a357d71648617e72f25731b24ea96917c987e754a3d9b16335a55f96462","Byte-identical scientific source retained"
"experiments/baselines/stage00/solutions/r105C15-alns_exact_charging-2014.json","0cc2b4ea7d0ce119a6c47ceb3f9742af0c6de2a0ccbe022246a4d0ba3a5d891b","448","migrated_unchanged","experiments/baselines/stage00/solutions/r105C15-alns_exact_charging-2014.json","0cc2b4ea7d0ce119a6c47ceb3f9742af0c6de2a0ccbe022246a4d0ba3a5d891b","Byte-identical scientific source retained"
"experiments/baselines/stage00/solutions/r105C15-alns_exact_charging-2015.json","ad3232b1672a7bafc3f5a01ac18a45bb95372ccf42c81dcfa4ecd8c4fb890569","448","migrated_unchanged","experiments/baselines/stage00/solutions/r105C15-alns_exact_charging-2015.json","ad3232b1672a7bafc3f5a01ac18a45bb95372ccf42c81dcfa4ecd8c4fb890569","Byte-identical scientific source retained"
"experiments/baselines/stage00/solutions/r105C15-alns_exact_charging-2016.json","1cbb5c1f99cc62f6c86e83fb037a6de9a7c62f0db57f99ef60906e2cb106b0e8","448","migrated_unchanged","experiments/baselines/stage00/solutions/r105C15-alns_exact_charging-2016.json","1cbb5c1f99cc62f6c86e83fb037a6de9a7c62f0db57f99ef60906e2cb106b0e8","Byte-identical scientific source retained"
"experiments/baselines/stage00/solutions/r105C5-alns_exact_charging-2014.json","9747a9678a759049c579796ab0e04a27be4876c46017a6fb3f62c2cd46f367a8","223","migrated_unchanged","experiments/baselines/stage00/solutions/r105C5-alns_exact_charging-2014.json","9747a9678a759049c579796ab0e04a27be4876c46017a6fb3f62c2cd46f367a8","Byte-identical scientific source retained"
"experiments/baselines/stage00/solutions/r105C5-alns_exact_charging-2015.json","40a4a6e2bb8fe9edacbe750691a528d39aad00e34dc52388f7c10e0c3deab6b1","223","migrated_unchanged","experiments/baselines/stage00/solutions/r105C5-alns_exact_charging-2015.json","40a4a6e2bb8fe9edacbe750691a528d39aad00e34dc52388f7c10e0c3deab6b1","Byte-identical scientific source retained"
"experiments/baselines/stage00/solutions/r105C5-alns_exact_charging-2016.json","64eedb1e08be54270ef7893c4c682b7424ba9298aec7c3befb751960a72ce781","223","migrated_unchanged","experiments/baselines/stage00/solutions/r105C5-alns_exact_charging-2016.json","64eedb1e08be54270ef7893c4c682b7424ba9298aec7c3befb751960a72ce781","Byte-identical scientific source retained"
"experiments/baselines/stage00/solutions/rc101_21-alns_exact_charging-2014.json","90a9dc54b2b21a2862a207f06f8d7fb43c635d04e40317423690117d8bf80785","2487","migrated_unchanged","experiments/baselines/stage00/solutions/rc101_21-alns_exact_charging-2014.json","90a9dc54b2b21a2862a207f06f8d7fb43c635d04e40317423690117d8bf80785","Byte-identical scientific source retained"
"experiments/baselines/stage00/solutions/rc101_21-alns_exact_charging-2015.json","060d9e21e5cf31e2c064faf894285a53fc56a91ad89adb4262714b7f4ec944bc","2510","migrated_unchanged","experiments/baselines/stage00/solutions/rc101_21-alns_exact_charging-2015.json","060d9e21e5cf31e2c064faf894285a53fc56a91ad89adb4262714b7f4ec944bc","Byte-identical scientific source retained"
"experiments/baselines/stage00/solutions/rc101_21-alns_exact_charging-2016.json","38504cd8784ae9f88cabbe52bca861f2beeca7a3124091d18ac750c992d214ed","2536","migrated_unchanged","experiments/baselines/stage00/solutions/rc101_21-alns_exact_charging-2016.json","38504cd8784ae9f88cabbe52bca861f2beeca7a3124091d18ac750c992d214ed","Byte-identical scientific source retained"
"experiments/baselines/stage00/solutions/rc102C10-alns_exact_charging-2014.json","9978bdcaf7d389e599d18b877660322fe9a7a507239b7a5b279d455ea8817e87","375","migrated_unchanged","experiments/baselines/stage00/solutions/rc102C10-alns_exact_charging-2014.json","9978bdcaf7d389e599d18b877660322fe9a7a507239b7a5b279d455ea8817e87","Byte-identical scientific source retained"
"experiments/baselines/stage00/solutions/rc102C10-alns_exact_charging-2015.json","68800c2f8ee55a05f26dfa005fe5a2e1980308b9842772d65ab2f036702e2691","375","migrated_unchanged","experiments/baselines/stage00/solutions/rc102C10-alns_exact_charging-2015.json","68800c2f8ee55a05f26dfa005fe5a2e1980308b9842772d65ab2f036702e2691","Byte-identical scientific source retained"
"experiments/baselines/stage00/solutions/rc102C10-alns_exact_charging-2016.json","3cab324111e9ee4fd208da74b78caf668b9bcde08b65ae345abe271e0cfc1ec4","375","migrated_unchanged","experiments/baselines/stage00/solutions/rc102C10-alns_exact_charging-2016.json","3cab324111e9ee4fd208da74b78caf668b9bcde08b65ae345abe271e0cfc1ec4","Byte-identical scientific source retained"
"experiments/baselines/stage00/solutions/rc103C15-alns_exact_charging-2014.json","fbaaf6d62aaf28be1e300549be79f0d728218bc488269351114c11f03d1cb435","451","migrated_unchanged","experiments/baselines/stage00/solutions/rc103C15-alns_exact_charging-2014.json","fbaaf6d62aaf28be1e300549be79f0d728218bc488269351114c11f03d1cb435","Byte-identical scientific source retained"
"experiments/baselines/stage00/solutions/rc103C15-alns_exact_charging-2015.json","890c19e0bb6acd0ad8e0b8b9d0ad3a3c7b5cc12664f58082313782cf62744453","451","migrated_unchanged","experiments/baselines/stage00/solutions/rc103C15-alns_exact_charging-2015.json","890c19e0bb6acd0ad8e0b8b9d0ad3a3c7b5cc12664f58082313782cf62744453","Byte-identical scientific source retained"
"experiments/baselines/stage00/solutions/rc103C15-alns_exact_charging-2016.json","605fbe018932447b2084f1cc8c51e088090265f1626913de77c43a9f1201eae6","451","migrated_unchanged","experiments/baselines/stage00/solutions/rc103C15-alns_exact_charging-2016.json","605fbe018932447b2084f1cc8c51e088090265f1626913de77c43a9f1201eae6","Byte-identical scientific source retained"
"experiments/baselines/stage00/solutions/rc105C5-alns_exact_charging-2014.json","09cd9f4343dd72fa2857457da4f61221fc91c76731cf671f303ab7502ad0a296","247","migrated_unchanged","experiments/baselines/stage00/solutions/rc105C5-alns_exact_charging-2014.json","09cd9f4343dd72fa2857457da4f61221fc91c76731cf671f303ab7502ad0a296","Byte-identical scientific source retained"
"experiments/baselines/stage00/solutions/rc105C5-alns_exact_charging-2015.json","e8f1b47adc5004bddab8c8e1189eed84e81762c935329dcd01849d54ad6597e3","236","migrated_unchanged","experiments/baselines/stage00/solutions/rc105C5-alns_exact_charging-2015.json","e8f1b47adc5004bddab8c8e1189eed84e81762c935329dcd01849d54ad6597e3","Byte-identical scientific source retained"
"experiments/baselines/stage00/solutions/rc105C5-alns_exact_charging-2016.json","f78f58a22e45fae108d56a8e60e63da742a611082e97d37fc2682b0ab669a74a","247","migrated_unchanged","experiments/baselines/stage00/solutions/rc105C5-alns_exact_charging-2016.json","f78f58a22e45fae108d56a8e60e63da742a611082e97d37fc2682b0ab669a74a","Byte-identical scientific source retained"
"experiments/baselines/stage00/summary_results.csv","77ff3d6898578b83f35422baf0c92c70458ed22197cee6527894e9b99fc0cac4","14004","migrated_unchanged","experiments/baselines/stage00/summary_results.csv","77ff3d6898578b83f35422baf0c92c70458ed22197cee6527894e9b99fc0cac4","Byte-identical scientific source retained"
"experiments/manifests/stage03.0_measurement_artifact_manifest.json","344c88aea5476f5fa1a76abaf80459c78c222a6cce1d7ce820ff8ce2357af548","9207","migrated_unchanged","experiments/manifests/stage03.0_measurement_artifact_manifest.json","344c88aea5476f5fa1a76abaf80459c78c222a6cce1d7ce820ff8ce2357af548","Byte-identical scientific source retained"
"experiments/manifests/stage03.1_screening_artifact_manifest.json","0c943d4b9b71d7b2e9f2f7e04bdc73f84de14b82aad83d96f329d7f54459d9dc","7890","migrated_unchanged","experiments/manifests/stage03.1_screening_artifact_manifest.json","0c943d4b9b71d7b2e9f2f7e04bdc73f84de14b82aad83d96f329d7f54459d9dc","Byte-identical scientific source retained"
"experiments/manifests/stage03.2_cache_incremental_artifact_manifest.json","fd631cc55149c27575ab8d19896e65ba5f35603f9c054d7943584fd252ff7aad","12833","migrated_unchanged","experiments/manifests/stage03.2_cache_incremental_artifact_manifest.json","fd631cc55149c27575ab8d19896e65ba5f35603f9c054d7943584fd252ff7aad","Byte-identical scientific source retained"
"experiments/manifests/stage03.3_exact_deadline_artifact_manifest.json","83f49556215330f4750081765f140181c012854d86bb7831142cc73d6fda7432","1545","migrated_unchanged","experiments/manifests/stage03.3_exact_deadline_artifact_manifest.json","83f49556215330f4750081765f140181c012854d86bb7831142cc73d6fda7432","Byte-identical scientific source retained"
"experiments/manifests/stage03.4_control_parallel_artifact_manifest.json","a50088f37de49ff47c960616dd3f1e4b1fa3d978e69d0a277eea4ce0a12bdcb1","2318","migrated_unchanged","experiments/manifests/stage03.4_control_parallel_artifact_manifest.json","a50088f37de49ff47c960616dd3f1e4b1fa3d978e69d0a277eea4ce0a12bdcb1","Byte-identical scientific source retained"
"experiments/manifests/stage03.4_control_parallel_artifact_manifest.json.sha256","0c8de92629118746065d582b395d255e3296a689adc7c634914aa9c450fe08c1","65","migrated_unchanged","experiments/manifests/stage03.4_control_parallel_artifact_manifest.json.sha256","0c8de92629118746065d582b395d255e3296a689adc7c634914aa9c450fe08c1","Byte-identical scientific source retained"
"experiments/manifests/stage04_adaptive_weights_artifact_manifest.json","d1472f32b7048e8ca37afb86639dda3050a2bcdbf8afa512338f4f5c4e11453e","4022","migrated_unchanged","experiments/manifests/stage04_adaptive_weights_artifact_manifest.json","d1472f32b7048e8ca37afb86639dda3050a2bcdbf8afa512338f4f5c4e11453e","Byte-identical scientific source retained"
"experiments/manifests/stage04_adaptive_weights_artifact_manifest.json.sha256","ccf39bbc208b9cb3e55cdaaf614932517ef15d6e8562aa6756c50f89f5889e0b","65","migrated_unchanged","experiments/manifests/stage04_adaptive_weights_artifact_manifest.json.sha256","ccf39bbc208b9cb3e55cdaaf614932517ef15d6e8562aa6756c50f89f5889e0b","Byte-identical scientific source retained"
"experiments/manifests/stage05.1_best_known_artifact_manifest.json","106ecd37adc1a3d2992f0de01a852c36d4f7d68f7390867dad5585b874f9a845","3750","migrated_unchanged","experiments/manifests/stage05.1_best_known_artifact_manifest.json","106ecd37adc1a3d2992f0de01a852c36d4f7d68f7390867dad5585b874f9a845","Byte-identical scientific source retained"
"experiments/manifests/stage05.1_best_known_artifact_manifest.json.sha256","8846dc17dbeec6b775fcbbc9fa804f225b99ec70abeaff220c0a3c0b2f54b231","65","migrated_unchanged","experiments/manifests/stage05.1_best_known_artifact_manifest.json.sha256","8846dc17dbeec6b775fcbbc9fa804f225b99ec70abeaff220c0a3c0b2f54b231","Byte-identical scientific source retained"
"experiments/migrations/stage052_d_archive_ssd_20260725.json","e768dcf285da1fcfed23ce5dcb465c0419e9e2e2fc00a7ab4390f0e6296f0e4f","1822","migrated_unchanged","experiments/migrations/stage052_d_archive_ssd_20260725.json","e768dcf285da1fcfed23ce5dcb465c0419e9e2e2fc00a7ab4390f0e6296f0e4f","Byte-identical scientific source retained"
"experiments/migrations/stage052_d_archive_ssd_20260725.json.sha256","7425da83334f3c230dd3758ea7230d07b1da300df82ad4c5293cc85500e94c4e","65","migrated_unchanged","experiments/migrations/stage052_d_archive_ssd_20260725.json.sha256","7425da83334f3c230dd3758ea7230d07b1da300df82ad4c5293cc85500e94c4e","Byte-identical scientific source retained"
"experiments/registries/stage03.0_artifact_registry.csv","f9c7e128bf5c738158f74a167f6cdd550d7dd1a976d7c5d22ddabddea92fae8c","1016871","migrated_unchanged","experiments/registries/stage03.0_artifact_registry.csv","f9c7e128bf5c738158f74a167f6cdd550d7dd1a976d7c5d22ddabddea92fae8c","Byte-identical scientific source retained"
"experiments/registries/stage03.1_artifact_registry.csv","3d2f1d442e9624a087713b713abef02ec45c0980a3965e7703264c39912d7414","813548","migrated_unchanged","experiments/registries/stage03.1_artifact_registry.csv","3d2f1d442e9624a087713b713abef02ec45c0980a3965e7703264c39912d7414","Byte-identical scientific source retained"
"experiments/registries/stage03.2_artifact_registry.csv","142a36d10b6e2fb5d36e78732dd28c8cf0ab90daa9ed8913e069b379ed1de52d","1782271","migrated_unchanged","experiments/registries/stage03.2_artifact_registry.csv","142a36d10b6e2fb5d36e78732dd28c8cf0ab90daa9ed8913e069b379ed1de52d","Byte-identical scientific source retained"
"experiments/registries/stage03.3_artifact_registry.csv","61715d699dd2bec380b24c21b2dbb29e7ef1fb0f49b1264337b6a2a546957dde","1500985","migrated_unchanged","experiments/registries/stage03.3_artifact_registry.csv","61715d699dd2bec380b24c21b2dbb29e7ef1fb0f49b1264337b6a2a546957dde","Byte-identical scientific source retained"
"experiments/registries/stage03.4_artifact_registry.csv","9035fc5a62fe0a7f581db63823f0fddfb537a8f8392d80e91bd16afdf68c22e9","2569345","migrated_unchanged","experiments/registries/stage03.4_artifact_registry.csv","9035fc5a62fe0a7f581db63823f0fddfb537a8f8392d80e91bd16afdf68c22e9","Byte-identical scientific source retained"
"experiments/registries/stage03_legacy_path_map.csv","08c1a52d8c2fc1d5cf2b83d6d6182c75a310e10f67651cfa63beb5032ae7f444","33264","migrated_unchanged","experiments/registries/stage03_legacy_path_map.csv","08c1a52d8c2fc1d5cf2b83d6d6182c75a310e10f67651cfa63beb5032ae7f444","Byte-identical scientific source retained"
"experiments/registries/stage04_artifact_registry.csv","a27826d681d5077236acb225632bb30dc09626d3159f9e5de8c5e94dfc632ab1","19471","migrated_unchanged","experiments/registries/stage04_artifact_registry.csv","a27826d681d5077236acb225632bb30dc09626d3159f9e5de8c5e94dfc632ab1","Byte-identical scientific source retained"
"experiments/registries/stage05.1_artifact_registry.csv","04625686eb170952aba1d86a052282a1c091d9812870d4ac5beb9575449e7694","13854","migrated_unchanged","experiments/registries/stage05.1_artifact_registry.csv","04625686eb170952aba1d86a052282a1c091d9812870d4ac5beb9575449e7694","Byte-identical scientific source retained"
"experiments/registries/stage05.2_retention_registry.csv","6d54f18553211f6dc109c6a89adab2e6d0f2001630fad0677729997de25cc82c","60025","migrated_unchanged","experiments/registries/stage05.2_retention_registry.csv","6d54f18553211f6dc109c6a89adab2e6d0f2001630fad0677729997de25cc82c","Byte-identical scientific source retained"
"experiments/summaries/cpu_batch_pilot_attempt01_per_run.csv","091a06d6dbc47ee0fb3109b24129d23e00c21dacf3bf558b59c281215c6bc6cb","1294","migrated_unchanged","experiments/summaries/cpu_batch_pilot_attempt01_per_run.csv","091a06d6dbc47ee0fb3109b24129d23e00c21dacf3bf558b59c281215c6bc6cb","Byte-identical scientific source retained"
"experiments/summaries/cpu_batch_pilot_attempt01_review.md","89ce8664aafc0da2f70fef75043adb12bbd14ff876a539c463627c4a84d58abc","357","migrated_unchanged","experiments/summaries/cpu_batch_pilot_attempt01_review.md","89ce8664aafc0da2f70fef75043adb12bbd14ff876a539c463627c4a84d58abc","Byte-identical scientific source retained"
"experiments/summaries/schneider_instance_catalog.csv","e946eb3184d2e34a5bef4f56c84c61cffcced9e9117cab29094f64d8db7da44b","23676","migrated_unchanged","experiments/summaries/schneider_instance_catalog.csv","e946eb3184d2e34a5bef4f56c84c61cffcced9e9117cab29094f64d8db7da44b","Byte-identical scientific source retained"
"experiments/summaries/stage01_failure_cases.csv","d657ccaf0385c48eed0bfb1814fb6aa4d96ee6a0a009a169e51d2689e09a4a55","461","migrated_unchanged","experiments/summaries/stage01_failure_cases.csv","d657ccaf0385c48eed0bfb1814fb6aa4d96ee6a0a009a169e51d2689e09a4a55","Byte-identical scientific source retained"
"experiments/summaries/stage01_objective_ranking_changes.csv","eab0f3d88a5e36574c7b5642cf543d411d0add262c25f7cd489e72d9df396d7b","4987","migrated_unchanged","experiments/summaries/stage01_objective_ranking_changes.csv","eab0f3d88a5e36574c7b5642cf543d411d0add262c25f7cd489e72d9df396d7b","Byte-identical scientific source retained"
"experiments/summaries/stage01_per_run_results.csv","743c3418b657942611802852bb857dfc2133b88b12dacbb811d6eed44e3ed6ab","16107","migrated_unchanged","experiments/summaries/stage01_per_run_results.csv","743c3418b657942611802852bb857dfc2133b88b12dacbb811d6eed44e3ed6ab","Byte-identical scientific source retained"
"experiments/summaries/stage01_stage00_comparison.csv","61e96a39b98095a6f49946351578b5bd66fe1e5b06ad6ec730191cc673562978","1936","migrated_unchanged","experiments/summaries/stage01_stage00_comparison.csv","61e96a39b98095a6f49946351578b5bd66fe1e5b06ad6ec730191cc673562978","Byte-identical scientific source retained"
"experiments/summaries/stage01_summary_results.csv","e32fe57969d09b51fd719434c66625feb87712df9ec2c7275347439ac8889b1f","3033","migrated_unchanged","experiments/summaries/stage01_summary_results.csv","e32fe57969d09b51fd719434c66625feb87712df9ec2c7275347439ac8889b1f","Byte-identical scientific source retained"
"experiments/summaries/stage02_100_customer_comparison.csv","5f4fda6b7335a260cd448ca68f544b7f8a7417a5dc385b7abcf1cec3e0ffe0f0","2445","migrated_unchanged","experiments/summaries/stage02_100_customer_comparison.csv","5f4fda6b7335a260cd448ca68f544b7f8a7417a5dc385b7abcf1cec3e0ffe0f0","Byte-identical scientific source retained"
"experiments/summaries/stage02_attempt02_100_customer_comparison.csv","539b7f2fb2470770eea07e403e2c159c9639b36ec0fe8a441ffddb8014fb1bfc","2488","migrated_unchanged","experiments/summaries/stage02_attempt02_100_customer_comparison.csv","539b7f2fb2470770eea07e403e2c159c9639b36ec0fe8a441ffddb8014fb1bfc","Byte-identical scientific source retained"
"experiments/summaries/stage02_attempt02_environment.json","4a6d0d9d971d18ec44f5aa334dd47755393c11e1d1fc13a7c959d7b13df86ab9","2819","migrated_unchanged","experiments/summaries/stage02_attempt02_environment.json","4a6d0d9d971d18ec44f5aa334dd47755393c11e1d1fc13a7c959d7b13df86ab9","Byte-identical scientific source retained"
"experiments/summaries/stage02_attempt02_failure_cases.csv","40ce202c010839a0060ee084577f292ef4906f317d847a73513f40aa01891ccf","893","migrated_unchanged","experiments/summaries/stage02_attempt02_failure_cases.csv","40ce202c010839a0060ee084577f292ef4906f317d847a73513f40aa01891ccf","Byte-identical scientific source retained"
"experiments/summaries/stage02_attempt02_gate_report.csv","58d866d8f5b32f0f35da93fc3c4a8cf50ec5f3096b609ca1e3328bda62a0869d","1585","migrated_unchanged","experiments/summaries/stage02_attempt02_gate_report.csv","58d866d8f5b32f0f35da93fc3c4a8cf50ec5f3096b609ca1e3328bda62a0869d","Byte-identical scientific source retained"
"experiments/summaries/stage02_attempt02_operator_summary.csv","beb9d9cc56b8fbed98e72bf3dcb8f5b83a249abd2269dfd30ccfb03a8020138a","4498","migrated_unchanged","experiments/summaries/stage02_attempt02_operator_summary.csv","beb9d9cc56b8fbed98e72bf3dcb8f5b83a249abd2269dfd30ccfb03a8020138a","Byte-identical scientific source retained"
"experiments/summaries/stage02_attempt02_parameters.toml","e2433bf39c5b117a364e644319e58975bafa445df5b02564025317321df71f1d","732","migrated_unchanged","experiments/summaries/stage02_attempt02_parameters.toml","e2433bf39c5b117a364e644319e58975bafa445df5b02564025317321df71f1d","Byte-identical scientific source retained"
"experiments/summaries/stage02_attempt02_per_run_results.csv","b050245ff14b0cab00e969ce3908a42e3e9db4ceafe2a71157abd277d1ae1034","80126","migrated_unchanged","experiments/summaries/stage02_attempt02_per_run_results.csv","b050245ff14b0cab00e969ce3908a42e3e9db4ceafe2a71157abd277d1ae1034","Byte-identical scientific source retained"
"experiments/summaries/stage02_attempt02_repeatability.csv","63a91d92ffba80ebfccc06e730ec61876e6bdfe76453d075b9b0f1bc2fba4a71","219","migrated_unchanged","experiments/summaries/stage02_attempt02_repeatability.csv","63a91d92ffba80ebfccc06e730ec61876e6bdfe76453d075b9b0f1bc2fba4a71","Byte-identical scientific source retained"
"experiments/summaries/stage02_attempt02_stage01_comparison.csv","4d0c0dcc6c51665e368022d487c4d21560709cccad415dfe4df5cc0719c25f69","8542","migrated_unchanged","experiments/summaries/stage02_attempt02_stage01_comparison.csv","4d0c0dcc6c51665e368022d487c4d21560709cccad415dfe4df5cc0719c25f69","Byte-identical scientific source retained"
"experiments/summaries/stage02_attempt02_summary_results.csv","000802f77a06d4ac00217da25cf1d3e485167aca2bf835334305eae6aefcf80f","5637","migrated_unchanged","experiments/summaries/stage02_attempt02_summary_results.csv","000802f77a06d4ac00217da25cf1d3e485167aca2bf835334305eae6aefcf80f","Byte-identical scientific source retained"
"experiments/summaries/stage02_constraint_guided_attempt01_100_customer_comparison.csv","7b9eb5289b9bd0d5e8ac150dcc4c1cbe999d8c7c5fecaa4e74dff322b0a74812","2693","migrated_unchanged","experiments/summaries/stage02_constraint_guided_attempt01_100_customer_comparison.csv","7b9eb5289b9bd0d5e8ac150dcc4c1cbe999d8c7c5fecaa4e74dff322b0a74812","Byte-identical scientific source retained"
"experiments/summaries/stage02_constraint_guided_attempt01_environment.json","3bd30c6038f59a1b3da24914ca8e263c3813337a6177fe4e06f344c6b5cb6a92","3093","migrated_unchanged","experiments/summaries/stage02_constraint_guided_attempt01_environment.json","3bd30c6038f59a1b3da24914ca8e263c3813337a6177fe4e06f344c6b5cb6a92","Byte-identical scientific source retained"
"experiments/summaries/stage02_constraint_guided_attempt01_failure_cases.csv","468f2e96661033b7d448b308f85a472bc5eacc7c5d02dd6406edcf0790f176f3","1038","migrated_unchanged","experiments/summaries/stage02_constraint_guided_attempt01_failure_cases.csv","468f2e96661033b7d448b308f85a472bc5eacc7c5d02dd6406edcf0790f176f3","Byte-identical scientific source retained"
"experiments/summaries/stage02_constraint_guided_attempt01_gate_report.csv","a4313ce14bd28f7de41cfd6a17ab2f0eb545ebe33e2716e71ebf03e987714de5","4304","migrated_unchanged","experiments/summaries/stage02_constraint_guided_attempt01_gate_report.csv","a4313ce14bd28f7de41cfd6a17ab2f0eb545ebe33e2716e71ebf03e987714de5","Byte-identical scientific source retained"
"experiments/summaries/stage02_constraint_guided_attempt01_operator_summary.csv","b229a264dbcecc6762046dfee2dc3245cbfc2639a0f15247abfb6fdc85a6b0f1","18397","migrated_unchanged","experiments/summaries/stage02_constraint_guided_attempt01_operator_summary.csv","b229a264dbcecc6762046dfee2dc3245cbfc2639a0f15247abfb6fdc85a6b0f1","Byte-identical scientific source retained"
"experiments/summaries/stage02_constraint_guided_attempt01_parameters.toml","39640273bd15eaef6bf45a6496c5d10a768b4a7aaa04687a1b6e77c2cc1c1e16","1946","migrated_unchanged","experiments/summaries/stage02_constraint_guided_attempt01_parameters.toml","39640273bd15eaef6bf45a6496c5d10a768b4a7aaa04687a1b6e77c2cc1c1e16","Byte-identical scientific source retained"
"experiments/summaries/stage02_constraint_guided_attempt01_per_run_results.csv","a2f722b28ac225d4d51fd10f20b1524b2f908fc751e16a1dd5bb6918f255f3a7","285937","migrated_unchanged","experiments/summaries/stage02_constraint_guided_attempt01_per_run_results.csv","a2f722b28ac225d4d51fd10f20b1524b2f908fc751e16a1dd5bb6918f255f3a7","Byte-identical scientific source retained"
"experiments/summaries/stage02_constraint_guided_attempt01_repeatability.csv","bae8874344182f811e5b2d363430d62264daf0beda79382c6e116303778fcb30","237","migrated_unchanged","experiments/summaries/stage02_constraint_guided_attempt01_repeatability.csv","bae8874344182f811e5b2d363430d62264daf0beda79382c6e116303778fcb30","Byte-identical scientific source retained"
"experiments/summaries/stage02_constraint_guided_attempt01_stage02_2_comparison.csv","6e84a052fd28089684b269afbd66ec1640a2b26fefaa2c896a07862e0e51197e","9408","migrated_unchanged","experiments/summaries/stage02_constraint_guided_attempt01_stage02_2_comparison.csv","6e84a052fd28089684b269afbd66ec1640a2b26fefaa2c896a07862e0e51197e","Byte-identical scientific source retained"
"experiments/summaries/stage02_constraint_guided_attempt01_summary_results.csv","6b094d6477b3a80f7398c0d2e7787d4e5a7cc171aa58af199f74f2b2df7ee8ec","5608","migrated_unchanged","experiments/summaries/stage02_constraint_guided_attempt01_summary_results.csv","6b094d6477b3a80f7398c0d2e7787d4e5a7cc171aa58af199f74f2b2df7ee8ec","Byte-identical scientific source retained"
"experiments/summaries/stage02_constraint_guided_attempt02_100_customer_comparison.csv","e65bf0aa27ba8db93da90de65eab44c13f07c3254759b86ee29602862e42b312","2426","migrated_unchanged","experiments/summaries/stage02_constraint_guided_attempt02_100_customer_comparison.csv","e65bf0aa27ba8db93da90de65eab44c13f07c3254759b86ee29602862e42b312","Byte-identical scientific source retained"
"experiments/summaries/stage02_constraint_guided_attempt02_environment.json","9c4d0fbe5d8f7241b6ed9f6f60995bf57385e1fd5a180c9ef3afc726509ac446","3093","migrated_unchanged","experiments/summaries/stage02_constraint_guided_attempt02_environment.json","9c4d0fbe5d8f7241b6ed9f6f60995bf57385e1fd5a180c9ef3afc726509ac446","Byte-identical scientific source retained"
"experiments/summaries/stage02_constraint_guided_attempt02_failure_cases.csv","468f2e96661033b7d448b308f85a472bc5eacc7c5d02dd6406edcf0790f176f3","1038","migrated_unchanged","experiments/summaries/stage02_constraint_guided_attempt02_failure_cases.csv","468f2e96661033b7d448b308f85a472bc5eacc7c5d02dd6406edcf0790f176f3","Byte-identical scientific source retained"
"experiments/summaries/stage02_constraint_guided_attempt02_gate_report.csv","a6148d349d2be45768eed46f5b3c26aab10c8e81331168c28f82d9098e702372","4276","migrated_unchanged","experiments/summaries/stage02_constraint_guided_attempt02_gate_report.csv","a6148d349d2be45768eed46f5b3c26aab10c8e81331168c28f82d9098e702372","Byte-identical scientific source retained"
"experiments/summaries/stage02_constraint_guided_attempt02_operator_summary.csv","bc8fd35c7c28ea90f5695023458dcadc7f431b7951d128cd2552c44eb4406a1a","14689","migrated_unchanged","experiments/summaries/stage02_constraint_guided_attempt02_operator_summary.csv","bc8fd35c7c28ea90f5695023458dcadc7f431b7951d128cd2552c44eb4406a1a","Byte-identical scientific source retained"
"experiments/summaries/stage02_constraint_guided_attempt02_parameters.toml","39640273bd15eaef6bf45a6496c5d10a768b4a7aaa04687a1b6e77c2cc1c1e16","1946","migrated_unchanged","experiments/summaries/stage02_constraint_guided_attempt02_parameters.toml","39640273bd15eaef6bf45a6496c5d10a768b4a7aaa04687a1b6e77c2cc1c1e16","Byte-identical scientific source retained"
"experiments/summaries/stage02_constraint_guided_attempt02_per_run_results.csv","8537f5a4560daf74232efec7a5dba3a10fb99f0954547338f9986266bcc20cbc","273409","migrated_unchanged","experiments/summaries/stage02_constraint_guided_attempt02_per_run_results.csv","8537f5a4560daf74232efec7a5dba3a10fb99f0954547338f9986266bcc20cbc","Byte-identical scientific source retained"
"experiments/summaries/stage02_constraint_guided_attempt02_repeatability.csv","5dcff1141426b47b303c893ca31dae875868e38d3282bea61f7ee05d23e2081c","237","migrated_unchanged","experiments/summaries/stage02_constraint_guided_attempt02_repeatability.csv","5dcff1141426b47b303c893ca31dae875868e38d3282bea61f7ee05d23e2081c","Byte-identical scientific source retained"
"experiments/summaries/stage02_constraint_guided_attempt02_stage02_2_comparison.csv","5a78b51ae48c5ce143d8027a67016114f2b779a2a9c226f34dfc52c8a08470be","8857","migrated_unchanged","experiments/summaries/stage02_constraint_guided_attempt02_stage02_2_comparison.csv","5a78b51ae48c5ce143d8027a67016114f2b779a2a9c226f34dfc52c8a08470be","Byte-identical scientific source retained"
"experiments/summaries/stage02_constraint_guided_attempt02_summary_results.csv","326d626a04608b7d95e59f053b14868d60c3cdb0572055e3c4a7c91416820e4d","5659","migrated_unchanged","experiments/summaries/stage02_constraint_guided_attempt02_summary_results.csv","326d626a04608b7d95e59f053b14868d60c3cdb0572055e3c4a7c91416820e4d","Byte-identical scientific source retained"
"experiments/summaries/stage02_constraint_guided_attempt03_100_customer_comparison.csv","e65bf0aa27ba8db93da90de65eab44c13f07c3254759b86ee29602862e42b312","2426","migrated_unchanged","experiments/summaries/stage02_constraint_guided_attempt03_100_customer_comparison.csv","e65bf0aa27ba8db93da90de65eab44c13f07c3254759b86ee29602862e42b312","Byte-identical scientific source retained"
"experiments/summaries/stage02_constraint_guided_attempt03_environment.json","ed5c2386bf4bc9ef203bb89a644d20422ae18de4bf082969a1faa568fb3151f1","3093","migrated_unchanged","experiments/summaries/stage02_constraint_guided_attempt03_environment.json","ed5c2386bf4bc9ef203bb89a644d20422ae18de4bf082969a1faa568fb3151f1","Byte-identical scientific source retained"
"experiments/summaries/stage02_constraint_guided_attempt03_failure_cases.csv","468f2e96661033b7d448b308f85a472bc5eacc7c5d02dd6406edcf0790f176f3","1038","migrated_unchanged","experiments/summaries/stage02_constraint_guided_attempt03_failure_cases.csv","468f2e96661033b7d448b308f85a472bc5eacc7c5d02dd6406edcf0790f176f3","Byte-identical scientific source retained"
"experiments/summaries/stage02_constraint_guided_attempt03_gate_report.csv","3cd34d242cf7cb0acd0b505e67961b36054edb686e3068bf3c603d1ccd49119a","4266","migrated_unchanged","experiments/summaries/stage02_constraint_guided_attempt03_gate_report.csv","3cd34d242cf7cb0acd0b505e67961b36054edb686e3068bf3c603d1ccd49119a","Byte-identical scientific source retained"
"experiments/summaries/stage02_constraint_guided_attempt03_operator_summary.csv","bc8fd35c7c28ea90f5695023458dcadc7f431b7951d128cd2552c44eb4406a1a","14689","migrated_unchanged","experiments/summaries/stage02_constraint_guided_attempt03_operator_summary.csv","bc8fd35c7c28ea90f5695023458dcadc7f431b7951d128cd2552c44eb4406a1a","Byte-identical scientific source retained"
"experiments/summaries/stage02_constraint_guided_attempt03_parameters.toml","39640273bd15eaef6bf45a6496c5d10a768b4a7aaa04687a1b6e77c2cc1c1e16","1946","migrated_unchanged","experiments/summaries/stage02_constraint_guided_attempt03_parameters.toml","39640273bd15eaef6bf45a6496c5d10a768b4a7aaa04687a1b6e77c2cc1c1e16","Byte-identical scientific source retained"
"experiments/summaries/stage02_constraint_guided_attempt03_per_run_results.csv","2a72b861055d8ad7ca9c7748fec6413376017f6fccda43e923e7884906b38bb0","273408","migrated_unchanged","experiments/summaries/stage02_constraint_guided_attempt03_per_run_results.csv","2a72b861055d8ad7ca9c7748fec6413376017f6fccda43e923e7884906b38bb0","Byte-identical scientific source retained"
"experiments/summaries/stage02_constraint_guided_attempt03_repeatability.csv","1e1ad13756522b0279ba84114bbde516b4871074e1e229ae280af771916ea98e","237","migrated_unchanged","experiments/summaries/stage02_constraint_guided_attempt03_repeatability.csv","1e1ad13756522b0279ba84114bbde516b4871074e1e229ae280af771916ea98e","Byte-identical scientific source retained"
"experiments/summaries/stage02_constraint_guided_attempt03_stage02_2_comparison.csv","5a78b51ae48c5ce143d8027a67016114f2b779a2a9c226f34dfc52c8a08470be","8857","migrated_unchanged","experiments/summaries/stage02_constraint_guided_attempt03_stage02_2_comparison.csv","5a78b51ae48c5ce143d8027a67016114f2b779a2a9c226f34dfc52c8a08470be","Byte-identical scientific source retained"
"experiments/summaries/stage02_constraint_guided_attempt03_summary_results.csv","0bae482bb638cbec67a458a0ce2aedb03fa8fe56c85028d6f7cfc3b49e4c137b","5663","migrated_unchanged","experiments/summaries/stage02_constraint_guided_attempt03_summary_results.csv","0bae482bb638cbec67a458a0ce2aedb03fa8fe56c85028d6f7cfc3b49e4c137b","Byte-identical scientific source retained"
"experiments/summaries/stage02_constraint_guided_attempt04_100_customer_comparison.csv","e65bf0aa27ba8db93da90de65eab44c13f07c3254759b86ee29602862e42b312","2426","migrated_unchanged","experiments/summaries/stage02_constraint_guided_attempt04_100_customer_comparison.csv","e65bf0aa27ba8db93da90de65eab44c13f07c3254759b86ee29602862e42b312","Byte-identical scientific source retained"
"experiments/summaries/stage02_constraint_guided_attempt04_environment.json","e003ea261dba0c8fe303df883bdd8beed9a32ce6a9a03e877bec288ae60d23b4","3093","migrated_unchanged","experiments/summaries/stage02_constraint_guided_attempt04_environment.json","e003ea261dba0c8fe303df883bdd8beed9a32ce6a9a03e877bec288ae60d23b4","Byte-identical scientific source retained"
"experiments/summaries/stage02_constraint_guided_attempt04_failure_analysis.csv","949f4aa2a2fd9959bb352c7063f465db7e2d5b454510a516637f77800129d6fb","4463","migrated_unchanged","experiments/summaries/stage02_constraint_guided_attempt04_failure_analysis.csv","949f4aa2a2fd9959bb352c7063f465db7e2d5b454510a516637f77800129d6fb","Byte-identical scientific source retained"
"experiments/summaries/stage02_constraint_guided_attempt04_failure_cases.csv","468f2e96661033b7d448b308f85a472bc5eacc7c5d02dd6406edcf0790f176f3","1038","migrated_unchanged","experiments/summaries/stage02_constraint_guided_attempt04_failure_cases.csv","468f2e96661033b7d448b308f85a472bc5eacc7c5d02dd6406edcf0790f176f3","Byte-identical scientific source retained"
"experiments/summaries/stage02_constraint_guided_attempt04_gate_report.csv","7cce3199c472cb850b46a2e3f7f810131caac42f2bc08f88a38f4c14abc23489","4276","migrated_unchanged","experiments/summaries/stage02_constraint_guided_attempt04_gate_report.csv","7cce3199c472cb850b46a2e3f7f810131caac42f2bc08f88a38f4c14abc23489","Byte-identical scientific source retained"
"experiments/summaries/stage02_constraint_guided_attempt04_operator_summary.csv","50a9aca4596bfa188746ad304c38b857a7d591a3e1bb182797c00af033df9b7e","14689","migrated_unchanged","experiments/summaries/stage02_constraint_guided_attempt04_operator_summary.csv","50a9aca4596bfa188746ad304c38b857a7d591a3e1bb182797c00af033df9b7e","Byte-identical scientific source retained"
"experiments/summaries/stage02_constraint_guided_attempt04_parameters.toml","39640273bd15eaef6bf45a6496c5d10a768b4a7aaa04687a1b6e77c2cc1c1e16","1946","migrated_unchanged","experiments/summaries/stage02_constraint_guided_attempt04_parameters.toml","39640273bd15eaef6bf45a6496c5d10a768b4a7aaa04687a1b6e77c2cc1c1e16","Byte-identical scientific source retained"
"experiments/summaries/stage02_constraint_guided_attempt04_per_run_results.csv","0bcc243527dc72fed8e1dccddec8355b4472b027d36fb785c5a335f3940e0c02","273416","migrated_unchanged","experiments/summaries/stage02_constraint_guided_attempt04_per_run_results.csv","0bcc243527dc72fed8e1dccddec8355b4472b027d36fb785c5a335f3940e0c02","Byte-identical scientific source retained"
"experiments/summaries/stage02_constraint_guided_attempt04_repeatability.csv","5e2861ff30a450d6bb8cd95765160202db5abf081e06becdd63d87e2f7a2b0a9","237","migrated_unchanged","experiments/summaries/stage02_constraint_guided_attempt04_repeatability.csv","5e2861ff30a450d6bb8cd95765160202db5abf081e06becdd63d87e2f7a2b0a9","Byte-identical scientific source retained"
"experiments/summaries/stage02_constraint_guided_attempt04_review_findings.csv","c00dfd1d3689fbf758c3ac7b121762ee9cddcd09f59db9561e1c617d9e6bd27a","1478","migrated_unchanged","experiments/summaries/stage02_constraint_guided_attempt04_review_findings.csv","c00dfd1d3689fbf758c3ac7b121762ee9cddcd09f59db9561e1c617d9e6bd27a","Byte-identical scientific source retained"
"experiments/summaries/stage02_constraint_guided_attempt04_review_manifest.json","49d63be15d966201303032afd0e3c3bdca478800690f2368a3badb068c0a720a","3908","migrated_unchanged","experiments/summaries/stage02_constraint_guided_attempt04_review_manifest.json","49d63be15d966201303032afd0e3c3bdca478800690f2368a3badb068c0a720a","Byte-identical scientific source retained"
"experiments/summaries/stage02_constraint_guided_attempt04_review_report.md","30d107b192a4185da7e1c0c457d35312929f3ed8e61b194b3b78d5b1f105d4ff","2067","migrated_unchanged","experiments/summaries/stage02_constraint_guided_attempt04_review_report.md","30d107b192a4185da7e1c0c457d35312929f3ed8e61b194b3b78d5b1f105d4ff","Byte-identical scientific source retained"
"experiments/summaries/stage02_constraint_guided_attempt04_stage02_2_comparison.csv","5a78b51ae48c5ce143d8027a67016114f2b779a2a9c226f34dfc52c8a08470be","8857","migrated_unchanged","experiments/summaries/stage02_constraint_guided_attempt04_stage02_2_comparison.csv","5a78b51ae48c5ce143d8027a67016114f2b779a2a9c226f34dfc52c8a08470be","Byte-identical scientific source retained"
"experiments/summaries/stage02_constraint_guided_attempt04_stage03_readiness.csv","ef7f6a5bbe60663852b4d085dffb74bfc16d8ccd849351183c0e874f90b5ade3","60784","migrated_unchanged","experiments/summaries/stage02_constraint_guided_attempt04_stage03_readiness.csv","ef7f6a5bbe60663852b4d085dffb74bfc16d8ccd849351183c0e874f90b5ade3","Byte-identical scientific source retained"
"experiments/summaries/stage02_constraint_guided_attempt04_summary_results.csv","e9ff26d9080b863250f3802278fef899582b8db9fc7e67a86471dc1ba6ccfd19","5658","migrated_unchanged","experiments/summaries/stage02_constraint_guided_attempt04_summary_results.csv","e9ff26d9080b863250f3802278fef899582b8db9fc7e67a86471dc1ba6ccfd19","Byte-identical scientific source retained"
"experiments/summaries/stage02_constraint_guided_attempt05_100_customer_comparison.csv","dbbda02177bb50f7b4135a8b31c215aeabf654ff3d1cbc6da3db5af8296c1e77","2607","migrated_unchanged","experiments/summaries/stage02_constraint_guided_attempt05_100_customer_comparison.csv","dbbda02177bb50f7b4135a8b31c215aeabf654ff3d1cbc6da3db5af8296c1e77","Byte-identical scientific source retained"
"experiments/summaries/stage02_constraint_guided_attempt05_environment.json","822e003ddf6c6c322e408b6add83e13ff54f174261b3651dc87dfc810c33a74d","3093","migrated_unchanged","experiments/summaries/stage02_constraint_guided_attempt05_environment.json","822e003ddf6c6c322e408b6add83e13ff54f174261b3651dc87dfc810c33a74d","Byte-identical scientific source retained"
"experiments/summaries/stage02_constraint_guided_attempt05_failure_cases.csv","468f2e96661033b7d448b308f85a472bc5eacc7c5d02dd6406edcf0790f176f3","1038","migrated_unchanged","experiments/summaries/stage02_constraint_guided_attempt05_failure_cases.csv","468f2e96661033b7d448b308f85a472bc5eacc7c5d02dd6406edcf0790f176f3","Byte-identical scientific source retained"
"experiments/summaries/stage02_constraint_guided_attempt05_gate_report.csv","4c9d3497d332bf008f5850985cb38515be2e1cd7131f744d86152092342bbd45","4278","migrated_unchanged","experiments/summaries/stage02_constraint_guided_attempt05_gate_report.csv","4c9d3497d332bf008f5850985cb38515be2e1cd7131f744d86152092342bbd45","Byte-identical scientific source retained"
"experiments/summaries/stage02_constraint_guided_attempt05_operator_summary.csv","dc1ba90771cb22a20ce49889e9b433de909b67ecba8009f236ff1e9591a64c58","16413","migrated_unchanged","experiments/summaries/stage02_constraint_guided_attempt05_operator_summary.csv","dc1ba90771cb22a20ce49889e9b433de909b67ecba8009f236ff1e9591a64c58","Byte-identical scientific source retained"
"experiments/summaries/stage02_constraint_guided_attempt05_parameters.toml","39640273bd15eaef6bf45a6496c5d10a768b4a7aaa04687a1b6e77c2cc1c1e16","1946","migrated_unchanged","experiments/summaries/stage02_constraint_guided_attempt05_parameters.toml","39640273bd15eaef6bf45a6496c5d10a768b4a7aaa04687a1b6e77c2cc1c1e16","Byte-identical scientific source retained"
"experiments/summaries/stage02_constraint_guided_attempt05_per_run_results.csv","0a261e2366a8092f383af26713643461cfe98a2d51e9b82637cbbd7415248422","280948","migrated_unchanged","experiments/summaries/stage02_constraint_guided_attempt05_per_run_results.csv","0a261e2366a8092f383af26713643461cfe98a2d51e9b82637cbbd7415248422","Byte-identical scientific source retained"
"experiments/summaries/stage02_constraint_guided_attempt05_repeatability.csv","7bf031b5ccd4b6f9819824482d87262a0dc328af2c151da99f7dd3e412bf9609","237","migrated_unchanged","experiments/summaries/stage02_constraint_guided_attempt05_repeatability.csv","7bf031b5ccd4b6f9819824482d87262a0dc328af2c151da99f7dd3e412bf9609","Byte-identical scientific source retained"
"experiments/summaries/stage02_constraint_guided_attempt05_stage02_2_comparison.csv","ada07a36ca91a739c7c1c06e7b9e51bd09c97ff3cfb06b7b6383c4ea7677a3bb","9265","migrated_unchanged","experiments/summaries/stage02_constraint_guided_attempt05_stage02_2_comparison.csv","ada07a36ca91a739c7c1c06e7b9e51bd09c97ff3cfb06b7b6383c4ea7677a3bb","Byte-identical scientific source retained"
"experiments/summaries/stage02_constraint_guided_attempt05_summary_results.csv","2a78b43b14ab9fb833b964118ca78abbd453b7eedeeca678be44c73c37f61371","5604","migrated_unchanged","experiments/summaries/stage02_constraint_guided_attempt05_summary_results.csv","2a78b43b14ab9fb833b964118ca78abbd453b7eedeeca678be44c73c37f61371","Byte-identical scientific source retained"
"experiments/summaries/stage02_constraint_guided_attempt06_100_customer_comparison.csv","736d7d11522ba0905c2f9f331fb8af59706c76e0121fe2f887f56613285046f2","2495","migrated_unchanged","experiments/summaries/stage02_constraint_guided_attempt06_100_customer_comparison.csv","736d7d11522ba0905c2f9f331fb8af59706c76e0121fe2f887f56613285046f2","Byte-identical scientific source retained"
"experiments/summaries/stage02_constraint_guided_attempt06_environment.json","2854f4dbe2133d88e6feb5d877d203e0a138a3e636b6bfec106f57e59d458053","3093","migrated_unchanged","experiments/summaries/stage02_constraint_guided_attempt06_environment.json","2854f4dbe2133d88e6feb5d877d203e0a138a3e636b6bfec106f57e59d458053","Byte-identical scientific source retained"
"experiments/summaries/stage02_constraint_guided_attempt06_failure_analysis.csv","949f4aa2a2fd9959bb352c7063f465db7e2d5b454510a516637f77800129d6fb","4463","migrated_unchanged","experiments/summaries/stage02_constraint_guided_attempt06_failure_analysis.csv","949f4aa2a2fd9959bb352c7063f465db7e2d5b454510a516637f77800129d6fb","Byte-identical scientific source retained"
"experiments/summaries/stage02_constraint_guided_attempt06_failure_cases.csv","468f2e96661033b7d448b308f85a472bc5eacc7c5d02dd6406edcf0790f176f3","1038","migrated_unchanged","experiments/summaries/stage02_constraint_guided_attempt06_failure_cases.csv","468f2e96661033b7d448b308f85a472bc5eacc7c5d02dd6406edcf0790f176f3","Byte-identical scientific source retained"
"experiments/summaries/stage02_constraint_guided_attempt06_gate_report.csv","45baac37eea1e9009f2e978a2a860dd06df43de2e3432a96b2e64af5d9cd5062","4276","migrated_unchanged","experiments/summaries/stage02_constraint_guided_attempt06_gate_report.csv","45baac37eea1e9009f2e978a2a860dd06df43de2e3432a96b2e64af5d9cd5062","Byte-identical scientific source retained"
"experiments/summaries/stage02_constraint_guided_attempt06_operator_summary.csv","3ebf9e13925352ce74a70b2909b18785598057633d2b67446a35b0a85d2fea2d","17395","migrated_unchanged","experiments/summaries/stage02_constraint_guided_attempt06_operator_summary.csv","3ebf9e13925352ce74a70b2909b18785598057633d2b67446a35b0a85d2fea2d","Byte-identical scientific source retained"
"experiments/summaries/stage02_constraint_guided_attempt06_parameters.toml","fdf7057dc0a731f59eac9ef3e327f53d64a86c6ab2ded90c5b8476033a1cca4b","1936","migrated_unchanged","experiments/summaries/stage02_constraint_guided_attempt06_parameters.toml","fdf7057dc0a731f59eac9ef3e327f53d64a86c6ab2ded90c5b8476033a1cca4b","Byte-identical scientific source retained"
"experiments/summaries/stage02_constraint_guided_attempt06_per_run_results.csv","21861faf9795e713f4128190d7410e9e60b15e52986674bbab530a1264a73158","287837","migrated_unchanged","experiments/summaries/stage02_constraint_guided_attempt06_per_run_results.csv","21861faf9795e713f4128190d7410e9e60b15e52986674bbab530a1264a73158","Byte-identical scientific source retained"
"experiments/summaries/stage02_constraint_guided_attempt06_repeatability.csv","e2471da5d8234aabbce241af7e478bb88bad90a5dc29d5d76b9dd0026a9bbc4d","237","migrated_unchanged","experiments/summaries/stage02_constraint_guided_attempt06_repeatability.csv","e2471da5d8234aabbce241af7e478bb88bad90a5dc29d5d76b9dd0026a9bbc4d","Byte-identical scientific source retained"
"experiments/summaries/stage02_constraint_guided_attempt06_review_findings.csv","c00dfd1d3689fbf758c3ac7b121762ee9cddcd09f59db9561e1c617d9e6bd27a","1478","migrated_unchanged","experiments/summaries/stage02_constraint_guided_attempt06_review_findings.csv","c00dfd1d3689fbf758c3ac7b121762ee9cddcd09f59db9561e1c617d9e6bd27a","Byte-identical scientific source retained"
"experiments/summaries/stage02_constraint_guided_attempt06_review_manifest.json","6ffd61a37ccd9bce35f108d8f62588175f0638520dcb6a2ba74ed17e8dddb76a","3908","migrated_unchanged","experiments/summaries/stage02_constraint_guided_attempt06_review_manifest.json","6ffd61a37ccd9bce35f108d8f62588175f0638520dcb6a2ba74ed17e8dddb76a","Byte-identical scientific source retained"
"experiments/summaries/stage02_constraint_guided_attempt06_review_report.md","1b3024212782ee1033a601ec20dbd3ffa9b75c3006b532a5262bfd229b4fab74","2067","migrated_unchanged","experiments/summaries/stage02_constraint_guided_attempt06_review_report.md","1b3024212782ee1033a601ec20dbd3ffa9b75c3006b532a5262bfd229b4fab74","Byte-identical scientific source retained"
"experiments/summaries/stage02_constraint_guided_attempt06_stage02_2_comparison.csv","eb2f118ac80d80b67664b53261ad06b4e069ea8cbc223ca4748e4a1ed6dfda6d","9142","migrated_unchanged","experiments/summaries/stage02_constraint_guided_attempt06_stage02_2_comparison.csv","eb2f118ac80d80b67664b53261ad06b4e069ea8cbc223ca4748e4a1ed6dfda6d","Byte-identical scientific source retained"
"experiments/summaries/stage02_constraint_guided_attempt06_stage03_readiness.csv","cef3a9885a5b5d8dab414490fcddd85ca1ba3b7a830ae3f4269f253ad9d576bd","68127","migrated_unchanged","experiments/summaries/stage02_constraint_guided_attempt06_stage03_readiness.csv","cef3a9885a5b5d8dab414490fcddd85ca1ba3b7a830ae3f4269f253ad9d576bd","Byte-identical scientific source retained"
"experiments/summaries/stage02_constraint_guided_attempt06_summary_results.csv","ef3b1faee63a3c7377e1f67c7586bfaf807a80d7bfbf67928486c23a0fa7a052","5635","migrated_unchanged","experiments/summaries/stage02_constraint_guided_attempt06_summary_results.csv","ef3b1faee63a3c7377e1f67c7586bfaf807a80d7bfbf67928486c23a0fa7a052","Byte-identical scientific source retained"
"experiments/summaries/stage02_constraint_guided_attempt07_100_customer_comparison.csv","e65bf0aa27ba8db93da90de65eab44c13f07c3254759b86ee29602862e42b312","2426","migrated_unchanged","experiments/summaries/stage02_constraint_guided_attempt07_100_customer_comparison.csv","e65bf0aa27ba8db93da90de65eab44c13f07c3254759b86ee29602862e42b312","Byte-identical scientific source retained"
"experiments/summaries/stage02_constraint_guided_attempt07_environment.json","13c2c86f78bb7c808415d0e75b2aed38eaf28d32703ffb89089bf24805c891f2","3093","migrated_unchanged","experiments/summaries/stage02_constraint_guided_attempt07_environment.json","13c2c86f78bb7c808415d0e75b2aed38eaf28d32703ffb89089bf24805c891f2","Byte-identical scientific source retained"
"experiments/summaries/stage02_constraint_guided_attempt07_failure_analysis.csv","561c940224c577235a27284efc016e29921b37917940435030decc9d8bdef502","4560","migrated_unchanged","experiments/summaries/stage02_constraint_guided_attempt07_failure_analysis.csv","561c940224c577235a27284efc016e29921b37917940435030decc9d8bdef502","Byte-identical scientific source retained"
"experiments/summaries/stage02_constraint_guided_attempt07_failure_cases.csv","468f2e96661033b7d448b308f85a472bc5eacc7c5d02dd6406edcf0790f176f3","1038","migrated_unchanged","experiments/summaries/stage02_constraint_guided_attempt07_failure_cases.csv","468f2e96661033b7d448b308f85a472bc5eacc7c5d02dd6406edcf0790f176f3","Byte-identical scientific source retained"
"experiments/summaries/stage02_constraint_guided_attempt07_gate_report.csv","b2986c97cfee1373b5973395b7b50307607a51c15c49fe463dd9c0f33de74d32","4262","migrated_unchanged","experiments/summaries/stage02_constraint_guided_attempt07_gate_report.csv","b2986c97cfee1373b5973395b7b50307607a51c15c49fe463dd9c0f33de74d32","Byte-identical scientific source retained"
"experiments/summaries/stage02_constraint_guided_attempt07_operator_summary.csv","a3df4672b5670be2f1be4b0782edaccfa44f97d62b5934748c47ef41de0ec2f7","19294","migrated_unchanged","experiments/summaries/stage02_constraint_guided_attempt07_operator_summary.csv","a3df4672b5670be2f1be4b0782edaccfa44f97d62b5934748c47ef41de0ec2f7","Byte-identical scientific source retained"
"experiments/summaries/stage02_constraint_guided_attempt07_parameters.toml","fdf7057dc0a731f59eac9ef3e327f53d64a86c6ab2ded90c5b8476033a1cca4b","1936","migrated_unchanged","experiments/summaries/stage02_constraint_guided_attempt07_parameters.toml","fdf7057dc0a731f59eac9ef3e327f53d64a86c6ab2ded90c5b8476033a1cca4b","Byte-identical scientific source retained"
"experiments/summaries/stage02_constraint_guided_attempt07_per_run_results.csv","c856220dc5ec7064ce28679e6909b03cad012ecf62cddc8b1f189ea11c6a94de","298797","migrated_unchanged","experiments/summaries/stage02_constraint_guided_attempt07_per_run_results.csv","c856220dc5ec7064ce28679e6909b03cad012ecf62cddc8b1f189ea11c6a94de","Byte-identical scientific source retained"
"experiments/summaries/stage02_constraint_guided_attempt07_repeatability.csv","8a92a86564dcc3b8858aa34301911ce84c284e22745e293b38e9f5c1668966ea","237","migrated_unchanged","experiments/summaries/stage02_constraint_guided_attempt07_repeatability.csv","8a92a86564dcc3b8858aa34301911ce84c284e22745e293b38e9f5c1668966ea","Byte-identical scientific source retained"
"experiments/summaries/stage02_constraint_guided_attempt07_review_findings.csv","77aebdc8edb263847740922e938255733da532af477c3da333723eab5aebf72e","3644","migrated_unchanged","experiments/summaries/stage02_constraint_guided_attempt07_review_findings.csv","77aebdc8edb263847740922e938255733da532af477c3da333723eab5aebf72e","Byte-identical scientific source retained"
"experiments/summaries/stage02_constraint_guided_attempt07_review_manifest.json","ffc27856d35fb7a202d531caaaf0d19e9dafabe883d01a1bc0dcfcdf34895591","3916","migrated_unchanged","experiments/summaries/stage02_constraint_guided_attempt07_review_manifest.json","ffc27856d35fb7a202d531caaaf0d19e9dafabe883d01a1bc0dcfcdf34895591","Byte-identical scientific source retained"
"experiments/summaries/stage02_constraint_guided_attempt07_review_report.md","ed0652cd0ec007643b6b9395e05c3f1ac70d6680678e3309de913f238574e542","4117","migrated_unchanged","experiments/summaries/stage02_constraint_guided_attempt07_review_report.md","ed0652cd0ec007643b6b9395e05c3f1ac70d6680678e3309de913f238574e542","Byte-identical scientific source retained"
"experiments/summaries/stage02_constraint_guided_attempt07_stage02_2_comparison.csv","b3292b827f21aabb862d6073f16006df4891037e0f12b8a3830da87704d6a9cb","9073","migrated_unchanged","experiments/summaries/stage02_constraint_guided_attempt07_stage02_2_comparison.csv","b3292b827f21aabb862d6073f16006df4891037e0f12b8a3830da87704d6a9cb","Byte-identical scientific source retained"
"experiments/summaries/stage02_constraint_guided_attempt07_stage03_readiness.csv","ca2ed6849fcc8e4d5c86bd91008a0fbb65c7da1b3f5f4702fa750383c6e47e68","77407","migrated_unchanged","experiments/summaries/stage02_constraint_guided_attempt07_stage03_readiness.csv","ca2ed6849fcc8e4d5c86bd91008a0fbb65c7da1b3f5f4702fa750383c6e47e68","Byte-identical scientific source retained"
"experiments/summaries/stage02_constraint_guided_attempt07_summary_results.csv","6ef6dca759adaa272c3d8af61841e7a9f4d171b28a7fe38cc0005ac5060d4b4c","5615","migrated_unchanged","experiments/summaries/stage02_constraint_guided_attempt07_summary_results.csv","6ef6dca759adaa272c3d8af61841e7a9f4d171b28a7fe38cc0005ac5060d4b4c","Byte-identical scientific source retained"
"experiments/summaries/stage02_constraint_guided_attempt08_100_customer_comparison.csv","24b3565cb21cb6991902ed92c6d292b42e22c3795950040285ddaf0371171cda","2533","migrated_unchanged","experiments/summaries/stage02_constraint_guided_attempt08_100_customer_comparison.csv","24b3565cb21cb6991902ed92c6d292b42e22c3795950040285ddaf0371171cda","Byte-identical scientific source retained"
"experiments/summaries/stage02_constraint_guided_attempt08_environment.json","b91eac39e2f59ec4a39320c42d8deee98627c6fbcd32aad473da4c31d5f97956","3093","migrated_unchanged","experiments/summaries/stage02_constraint_guided_attempt08_environment.json","b91eac39e2f59ec4a39320c42d8deee98627c6fbcd32aad473da4c31d5f97956","Byte-identical scientific source retained"
"experiments/summaries/stage02_constraint_guided_attempt08_failure_cases.csv","468f2e96661033b7d448b308f85a472bc5eacc7c5d02dd6406edcf0790f176f3","1038","migrated_unchanged","experiments/summaries/stage02_constraint_guided_attempt08_failure_cases.csv","468f2e96661033b7d448b308f85a472bc5eacc7c5d02dd6406edcf0790f176f3","Byte-identical scientific source retained"
"experiments/summaries/stage02_constraint_guided_attempt08_gate_report.csv","78bb17543af4d7ca67d93beb0a15e9fb5e12e4ae849982fecf28d81b87162bde","4263","migrated_unchanged","experiments/summaries/stage02_constraint_guided_attempt08_gate_report.csv","78bb17543af4d7ca67d93beb0a15e9fb5e12e4ae849982fecf28d81b87162bde","Byte-identical scientific source retained"
"experiments/summaries/stage02_constraint_guided_attempt08_operator_summary.csv","43d96abc6754a1f22131ace0d0bf50f754132033d9460fd9ed66b07a750b27ff","19789","migrated_unchanged","experiments/summaries/stage02_constraint_guided_attempt08_operator_summary.csv","43d96abc6754a1f22131ace0d0bf50f754132033d9460fd9ed66b07a750b27ff","Byte-identical scientific source retained"
"experiments/summaries/stage02_constraint_guided_attempt08_parameters.toml","fdf7057dc0a731f59eac9ef3e327f53d64a86c6ab2ded90c5b8476033a1cca4b","1936","migrated_unchanged","experiments/summaries/stage02_constraint_guided_attempt08_parameters.toml","fdf7057dc0a731f59eac9ef3e327f53d64a86c6ab2ded90c5b8476033a1cca4b","Byte-identical scientific source retained"
"experiments/summaries/stage02_constraint_guided_attempt08_per_run_results.csv","6efd855a8df313cbd24b8032b1219e7fcdc87589cd634327338d619a9b8cbdc4","300507","migrated_unchanged","experiments/summaries/stage02_constraint_guided_attempt08_per_run_results.csv","6efd855a8df313cbd24b8032b1219e7fcdc87589cd634327338d619a9b8cbdc4","Byte-identical scientific source retained"
"experiments/summaries/stage02_constraint_guided_attempt08_repeatability.csv","e6782a1723add7762ffe3e8cade79c479c004ad43124cfbaed9cfea8f499d10d","237","migrated_unchanged","experiments/summaries/stage02_constraint_guided_attempt08_repeatability.csv","e6782a1723add7762ffe3e8cade79c479c004ad43124cfbaed9cfea8f499d10d","Byte-identical scientific source retained"
"experiments/summaries/stage02_constraint_guided_attempt08_stage02_2_comparison.csv","b7a144d69fcea9c78d39e79226d85c2a392495a84c6ee8a64c83f86d65500c4a","9095","migrated_unchanged","experiments/summaries/stage02_constraint_guided_attempt08_stage02_2_comparison.csv","b7a144d69fcea9c78d39e79226d85c2a392495a84c6ee8a64c83f86d65500c4a","Byte-identical scientific source retained"
"experiments/summaries/stage02_constraint_guided_attempt08_summary_results.csv","346b287a684a0bfbd72591c2a84750e69356f9f31e11166d6cb1aa40fd098e2c","5707","migrated_unchanged","experiments/summaries/stage02_constraint_guided_attempt08_summary_results.csv","346b287a684a0bfbd72591c2a84750e69356f9f31e11166d6cb1aa40fd098e2c","Byte-identical scientific source retained"
"experiments/summaries/stage02_constraint_guided_attempt09_100_customer_comparison.csv","736d7d11522ba0905c2f9f331fb8af59706c76e0121fe2f887f56613285046f2","2495","migrated_unchanged","experiments/summaries/stage02_constraint_guided_attempt09_100_customer_comparison.csv","736d7d11522ba0905c2f9f331fb8af59706c76e0121fe2f887f56613285046f2","Byte-identical scientific source retained"
"experiments/summaries/stage02_constraint_guided_attempt09_environment.json","999cba80fa1e053ee1910322f094c3117f2eb4416de63c093f6cf72f2aacf323","3093","migrated_unchanged","experiments/summaries/stage02_constraint_guided_attempt09_environment.json","999cba80fa1e053ee1910322f094c3117f2eb4416de63c093f6cf72f2aacf323","Byte-identical scientific source retained"
"experiments/summaries/stage02_constraint_guided_attempt09_failure_cases.csv","468f2e96661033b7d448b308f85a472bc5eacc7c5d02dd6406edcf0790f176f3","1038","migrated_unchanged","experiments/summaries/stage02_constraint_guided_attempt09_failure_cases.csv","468f2e96661033b7d448b308f85a472bc5eacc7c5d02dd6406edcf0790f176f3","Byte-identical scientific source retained"
"experiments/summaries/stage02_constraint_guided_attempt09_gate_report.csv","6842c83c41af27ab2fbe65b9523fd7d9325aab65f92e129d5b1330b3b43e95dc","4259","migrated_unchanged","experiments/summaries/stage02_constraint_guided_attempt09_gate_report.csv","6842c83c41af27ab2fbe65b9523fd7d9325aab65f92e129d5b1330b3b43e95dc","Byte-identical scientific source retained"
"experiments/summaries/stage02_constraint_guided_attempt09_operator_summary.csv","7ad9f8dc303be9bd07948b354c4a6a17d445e1612b89354d64f6b2e2110a5f9e","18907","migrated_unchanged","experiments/summaries/stage02_constraint_guided_attempt09_operator_summary.csv","7ad9f8dc303be9bd07948b354c4a6a17d445e1612b89354d64f6b2e2110a5f9e","Byte-identical scientific source retained"
"experiments/summaries/stage02_constraint_guided_attempt09_parameters.toml","7480cec0ffbfb79886e4a05ea3cc5d71097200b6799a4028b6a995f92a9d9a5d","2163","migrated_unchanged","experiments/summaries/stage02_constraint_guided_attempt09_parameters.toml","7480cec0ffbfb79886e4a05ea3cc5d71097200b6799a4028b6a995f92a9d9a5d","Byte-identical scientific source retained"
"experiments/summaries/stage02_constraint_guided_attempt09_per_run_results.csv","ac60c4afb05f7b05d2a9df2fd6b6636e59d620885140ce64f3c300934deaff1d","297916","migrated_unchanged","experiments/summaries/stage02_constraint_guided_attempt09_per_run_results.csv","ac60c4afb05f7b05d2a9df2fd6b6636e59d620885140ce64f3c300934deaff1d","Byte-identical scientific source retained"
"experiments/summaries/stage02_constraint_guided_attempt09_repeatability.csv","7040d93cb4babc0e70346a351511e9c6049c0b3b68be38f69526d5a1baff47b6","237","migrated_unchanged","experiments/summaries/stage02_constraint_guided_attempt09_repeatability.csv","7040d93cb4babc0e70346a351511e9c6049c0b3b68be38f69526d5a1baff47b6","Byte-identical scientific source retained"
"experiments/summaries/stage02_constraint_guided_attempt09_stage02_2_comparison.csv","cd3c6949bd2a742b5e24d360bfeeecc8af348ffc6a03b2a4e7b04e7efdc7a32b","9057","migrated_unchanged","experiments/summaries/stage02_constraint_guided_attempt09_stage02_2_comparison.csv","cd3c6949bd2a742b5e24d360bfeeecc8af348ffc6a03b2a4e7b04e7efdc7a32b","Byte-identical scientific source retained"
"experiments/summaries/stage02_constraint_guided_attempt09_summary_results.csv","1037293420be47d35347b10e83631855a52b619da29b7bf6ee05a46c98ecc8a1","5680","migrated_unchanged","experiments/summaries/stage02_constraint_guided_attempt09_summary_results.csv","1037293420be47d35347b10e83631855a52b619da29b7bf6ee05a46c98ecc8a1","Byte-identical scientific source retained"
"experiments/summaries/stage02_constraint_guided_attempt10_100_customer_comparison.csv","736d7d11522ba0905c2f9f331fb8af59706c76e0121fe2f887f56613285046f2","2495","migrated_unchanged","experiments/summaries/stage02_constraint_guided_attempt10_100_customer_comparison.csv","736d7d11522ba0905c2f9f331fb8af59706c76e0121fe2f887f56613285046f2","Byte-identical scientific source retained"
"experiments/summaries/stage02_constraint_guided_attempt10_environment.json","9b580fcce8721a44b68165bcb0ac52c4c8194de545aa33f34c12b156774af394","3093","migrated_unchanged","experiments/summaries/stage02_constraint_guided_attempt10_environment.json","9b580fcce8721a44b68165bcb0ac52c4c8194de545aa33f34c12b156774af394","Byte-identical scientific source retained"
"experiments/summaries/stage02_constraint_guided_attempt10_failure_cases.csv","468f2e96661033b7d448b308f85a472bc5eacc7c5d02dd6406edcf0790f176f3","1038","migrated_unchanged","experiments/summaries/stage02_constraint_guided_attempt10_failure_cases.csv","468f2e96661033b7d448b308f85a472bc5eacc7c5d02dd6406edcf0790f176f3","Byte-identical scientific source retained"
"experiments/summaries/stage02_constraint_guided_attempt10_gate_report.csv","e1498786a6c55edb13a26f113c812c2fe5bc6db7f563ac74e109efd2403a3bed","4263","migrated_unchanged","experiments/summaries/stage02_constraint_guided_attempt10_gate_report.csv","e1498786a6c55edb13a26f113c812c2fe5bc6db7f563ac74e109efd2403a3bed","Byte-identical scientific source retained"
"experiments/summaries/stage02_constraint_guided_attempt10_operator_summary.csv","5f3205bd331f1ec35ec9f6a49b2f2157bd61169026c9709d5e7f6e1e11c121da","19775","migrated_unchanged","experiments/summaries/stage02_constraint_guided_attempt10_operator_summary.csv","5f3205bd331f1ec35ec9f6a49b2f2157bd61169026c9709d5e7f6e1e11c121da","Byte-identical scientific source retained"
"experiments/summaries/stage02_constraint_guided_attempt10_parameters.toml","fb3bffbaed5bc24a62fb71b507c0d7d20d93b18dd3c54c754f449d96061f36ba","2203","migrated_unchanged","experiments/summaries/stage02_constraint_guided_attempt10_parameters.toml","fb3bffbaed5bc24a62fb71b507c0d7d20d93b18dd3c54c754f449d96061f36ba","Byte-identical scientific source retained"
"experiments/summaries/stage02_constraint_guided_attempt10_per_run_results.csv","89b12e76546e30340b7d9d5c5e6c8837fd9b191c0b9651f45f67d09e60cc72f8","300571","migrated_unchanged","experiments/summaries/stage02_constraint_guided_attempt10_per_run_results.csv","89b12e76546e30340b7d9d5c5e6c8837fd9b191c0b9651f45f67d09e60cc72f8","Byte-identical scientific source retained"
"experiments/summaries/stage02_constraint_guided_attempt10_repeatability.csv","274ea80f7fcdfcfa10388656ee8f6c57ca459e35283e8b5d44639915fc360918","237","migrated_unchanged","experiments/summaries/stage02_constraint_guided_attempt10_repeatability.csv","274ea80f7fcdfcfa10388656ee8f6c57ca459e35283e8b5d44639915fc360918","Byte-identical scientific source retained"
"experiments/summaries/stage02_constraint_guided_attempt10_stage02_2_comparison.csv","cd3c6949bd2a742b5e24d360bfeeecc8af348ffc6a03b2a4e7b04e7efdc7a32b","9057","migrated_unchanged","experiments/summaries/stage02_constraint_guided_attempt10_stage02_2_comparison.csv","cd3c6949bd2a742b5e24d360bfeeecc8af348ffc6a03b2a4e7b04e7efdc7a32b","Byte-identical scientific source retained"
"experiments/summaries/stage02_constraint_guided_attempt10_summary_results.csv","d6922b8b64e2b5b7a3c3282c06d035184a16f41e08f22beadf13bbd06d2cbf31","5680","migrated_unchanged","experiments/summaries/stage02_constraint_guided_attempt10_summary_results.csv","d6922b8b64e2b5b7a3c3282c06d035184a16f41e08f22beadf13bbd06d2cbf31","Byte-identical scientific source retained"
"experiments/summaries/stage02_constraint_guided_attempt11_100_customer_comparison.csv","e65bf0aa27ba8db93da90de65eab44c13f07c3254759b86ee29602862e42b312","2426","migrated_unchanged","experiments/summaries/stage02_constraint_guided_attempt11_100_customer_comparison.csv","e65bf0aa27ba8db93da90de65eab44c13f07c3254759b86ee29602862e42b312","Byte-identical scientific source retained"
"experiments/summaries/stage02_constraint_guided_attempt11_environment.json","c2ae093641de7064a700ff84f49867eea71b34b9730e903261e73f5c3ccfcfa7","3093","migrated_unchanged","experiments/summaries/stage02_constraint_guided_attempt11_environment.json","c2ae093641de7064a700ff84f49867eea71b34b9730e903261e73f5c3ccfcfa7","Byte-identical scientific source retained"
"experiments/summaries/stage02_constraint_guided_attempt11_failure_analysis.csv","095355192a1ae7b30eb71ab30ca8ecd6b2204495a216f6fb7ee34f1d895b3578","4588","migrated_unchanged","experiments/summaries/stage02_constraint_guided_attempt11_failure_analysis.csv","095355192a1ae7b30eb71ab30ca8ecd6b2204495a216f6fb7ee34f1d895b3578","Byte-identical scientific source retained"
"experiments/summaries/stage02_constraint_guided_attempt11_failure_cases.csv","468f2e96661033b7d448b308f85a472bc5eacc7c5d02dd6406edcf0790f176f3","1038","migrated_unchanged","experiments/summaries/stage02_constraint_guided_attempt11_failure_cases.csv","468f2e96661033b7d448b308f85a472bc5eacc7c5d02dd6406edcf0790f176f3","Byte-identical scientific source retained"
"experiments/summaries/stage02_constraint_guided_attempt11_gate_report.csv","0aeddba3c75695d04ea0c47cea04c53a449dd7e7aea1d9aec1a5741274fa1e55","4263","migrated_unchanged","experiments/summaries/stage02_constraint_guided_attempt11_gate_report.csv","0aeddba3c75695d04ea0c47cea04c53a449dd7e7aea1d9aec1a5741274fa1e55","Byte-identical scientific source retained"
"experiments/summaries/stage02_constraint_guided_attempt11_operator_summary.csv","792d262ff864facb45e84f665f492ba0ccab67dbcb8aae62ab61d652bd7af698","19679","migrated_unchanged","experiments/summaries/stage02_constraint_guided_attempt11_operator_summary.csv","792d262ff864facb45e84f665f492ba0ccab67dbcb8aae62ab61d652bd7af698","Byte-identical scientific source retained"
"experiments/summaries/stage02_constraint_guided_attempt11_parameters.toml","acefe426b4fb5aa9182b1a62d100ea8c7738c31bb010b84c05de8f1199574865","2259","migrated_unchanged","experiments/summaries/stage02_constraint_guided_attempt11_parameters.toml","acefe426b4fb5aa9182b1a62d100ea8c7738c31bb010b84c05de8f1199574865","Byte-identical scientific source retained"
"experiments/summaries/stage02_constraint_guided_attempt11_per_run_results.csv","3da5c1a3c7e1ea509655f075edbca60ed6f4aae7d6b960cc7ad0d397a80f4e1e","300251","migrated_unchanged","experiments/summaries/stage02_constraint_guided_attempt11_per_run_results.csv","3da5c1a3c7e1ea509655f075edbca60ed6f4aae7d6b960cc7ad0d397a80f4e1e","Byte-identical scientific source retained"
"experiments/summaries/stage02_constraint_guided_attempt11_repeatability.csv","b78e5cc53fbc083aba7021875abb0b989aef8713c9fbf877f43dce490fc4a8bc","237","migrated_unchanged","experiments/summaries/stage02_constraint_guided_attempt11_repeatability.csv","b78e5cc53fbc083aba7021875abb0b989aef8713c9fbf877f43dce490fc4a8bc","Byte-identical scientific source retained"
"experiments/summaries/stage02_constraint_guided_attempt11_review_findings.csv","664e32c1234a88d4c9695000897595ad9133841726efd9e624c29649a42333c8","3644","migrated_unchanged","experiments/summaries/stage02_constraint_guided_attempt11_review_findings.csv","664e32c1234a88d4c9695000897595ad9133841726efd9e624c29649a42333c8","Byte-identical scientific source retained"
"experiments/summaries/stage02_constraint_guided_attempt11_review_manifest.json","d86a780fc1b45cae09cb4da41349bdef28ceb2eaff7fb6ee0e46f2fb81983526","3916","migrated_unchanged","experiments/summaries/stage02_constraint_guided_attempt11_review_manifest.json","d86a780fc1b45cae09cb4da41349bdef28ceb2eaff7fb6ee0e46f2fb81983526","Byte-identical scientific source retained"
"experiments/summaries/stage02_constraint_guided_attempt11_review_report.md","e1e368d51544942a189c87e44ca0df33300c8717137c6cc433ac6cb1422723ed","4117","migrated_unchanged","experiments/summaries/stage02_constraint_guided_attempt11_review_report.md","e1e368d51544942a189c87e44ca0df33300c8717137c6cc433ac6cb1422723ed","Byte-identical scientific source retained"
"experiments/summaries/stage02_constraint_guided_attempt11_stage02_2_comparison.csv","731eda52dc81bd6bf16e9e4fcaca9f878894e3c2544252fc11d16cffb9a23324","8988","migrated_unchanged","experiments/summaries/stage02_constraint_guided_attempt11_stage02_2_comparison.csv","731eda52dc81bd6bf16e9e4fcaca9f878894e3c2544252fc11d16cffb9a23324","Byte-identical scientific source retained"
"experiments/summaries/stage02_constraint_guided_attempt11_stage03_readiness.csv","614843ee9be23a34f8bb841b757edfa2a0dbc571e7948afbf7303b4bb2ec2db9","77899","migrated_unchanged","experiments/summaries/stage02_constraint_guided_attempt11_stage03_readiness.csv","614843ee9be23a34f8bb841b757edfa2a0dbc571e7948afbf7303b4bb2ec2db9","Byte-identical scientific source retained"
"experiments/summaries/stage02_constraint_guided_attempt11_summary_results.csv","595100efeb5b383dbe3d1b6a2074e639a28e7bcee240fe0ab18b5272b5767702","5680","migrated_unchanged","experiments/summaries/stage02_constraint_guided_attempt11_summary_results.csv","595100efeb5b383dbe3d1b6a2074e639a28e7bcee240fe0ab18b5272b5767702","Byte-identical scientific source retained"
"experiments/summaries/stage02_constraint_guided_attempt12_100_customer_comparison.csv","736d7d11522ba0905c2f9f331fb8af59706c76e0121fe2f887f56613285046f2","2495","migrated_unchanged","experiments/summaries/stage02_constraint_guided_attempt12_100_customer_comparison.csv","736d7d11522ba0905c2f9f331fb8af59706c76e0121fe2f887f56613285046f2","Byte-identical scientific source retained"
"experiments/summaries/stage02_constraint_guided_attempt12_environment.json","88e702662fabe7f9f8251dcbd83d04087ead2ca0948cef63fa70ef72cf620c9b","3093","migrated_unchanged","experiments/summaries/stage02_constraint_guided_attempt12_environment.json","88e702662fabe7f9f8251dcbd83d04087ead2ca0948cef63fa70ef72cf620c9b","Byte-identical scientific source retained"
"experiments/summaries/stage02_constraint_guided_attempt12_failure_cases.csv","468f2e96661033b7d448b308f85a472bc5eacc7c5d02dd6406edcf0790f176f3","1038","migrated_unchanged","experiments/summaries/stage02_constraint_guided_attempt12_failure_cases.csv","468f2e96661033b7d448b308f85a472bc5eacc7c5d02dd6406edcf0790f176f3","Byte-identical scientific source retained"
"experiments/summaries/stage02_constraint_guided_attempt12_gate_report.csv","3b7273d5a9b5e26de98fae6e254968c01e294e3a9e2169f710ceaccd721c6f77","4263","migrated_unchanged","experiments/summaries/stage02_constraint_guided_attempt12_gate_report.csv","3b7273d5a9b5e26de98fae6e254968c01e294e3a9e2169f710ceaccd721c6f77","Byte-identical scientific source retained"
"experiments/summaries/stage02_constraint_guided_attempt12_operator_summary.csv","526bd4a56c2e59d125f7763bb251533ed022c0de36223cd4b0eb0c9e0cb4ab47","20057","migrated_unchanged","experiments/summaries/stage02_constraint_guided_attempt12_operator_summary.csv","526bd4a56c2e59d125f7763bb251533ed022c0de36223cd4b0eb0c9e0cb4ab47","Byte-identical scientific source retained"
"experiments/summaries/stage02_constraint_guided_attempt12_parameters.toml","70ced5f9eb83e5ef9dc83981351b48327f0d2822ec0d7902c051351f3e06be38","2456","migrated_unchanged","experiments/summaries/stage02_constraint_guided_attempt12_parameters.toml","70ced5f9eb83e5ef9dc83981351b48327f0d2822ec0d7902c051351f3e06be38","Byte-identical scientific source retained"
"experiments/summaries/stage02_constraint_guided_attempt12_per_run_results.csv","6991062df6c5defbf4a4da364f051d54de64aa48853c98c25f8888c35523947e","301090","migrated_unchanged","experiments/summaries/stage02_constraint_guided_attempt12_per_run_results.csv","6991062df6c5defbf4a4da364f051d54de64aa48853c98c25f8888c35523947e","Byte-identical scientific source retained"
"experiments/summaries/stage02_constraint_guided_attempt12_repeatability.csv","2a0ddc24b01997ab59ad61d7e57770cde971008e5442b7bf0f8f1e6f134edb67","237","migrated_unchanged","experiments/summaries/stage02_constraint_guided_attempt12_repeatability.csv","2a0ddc24b01997ab59ad61d7e57770cde971008e5442b7bf0f8f1e6f134edb67","Byte-identical scientific source retained"
"experiments/summaries/stage02_constraint_guided_attempt12_stage02_2_comparison.csv","cd3c6949bd2a742b5e24d360bfeeecc8af348ffc6a03b2a4e7b04e7efdc7a32b","9057","migrated_unchanged","experiments/summaries/stage02_constraint_guided_attempt12_stage02_2_comparison.csv","cd3c6949bd2a742b5e24d360bfeeecc8af348ffc6a03b2a4e7b04e7efdc7a32b","Byte-identical scientific source retained"
"experiments/summaries/stage02_constraint_guided_attempt12_summary_results.csv","c6bc6a296d8f5af2e45d55f8c9aff06d6fb6bff0dbb40e119454b1e7a9ebcbb5","5693","migrated_unchanged","experiments/summaries/stage02_constraint_guided_attempt12_summary_results.csv","c6bc6a296d8f5af2e45d55f8c9aff06d6fb6bff0dbb40e119454b1e7a9ebcbb5","Byte-identical scientific source retained"
"experiments/summaries/stage02_constraint_guided_attempt13_100_customer_comparison.csv","08347f3c6dc51811225d2ab42664023ead187851b629b37a346b58f29a7e94d2","2580","migrated_unchanged","experiments/summaries/stage02_constraint_guided_attempt13_100_customer_comparison.csv","08347f3c6dc51811225d2ab42664023ead187851b629b37a346b58f29a7e94d2","Byte-identical scientific source retained"
"experiments/summaries/stage02_constraint_guided_attempt13_environment.json","6d570fccd5120850ea7b46b5342bac7607cb6865d409ead62ae15c889f8e5512","3093","migrated_unchanged","experiments/summaries/stage02_constraint_guided_attempt13_environment.json","6d570fccd5120850ea7b46b5342bac7607cb6865d409ead62ae15c889f8e5512","Byte-identical scientific source retained"
"experiments/summaries/stage02_constraint_guided_attempt13_failure_analysis.csv","095355192a1ae7b30eb71ab30ca8ecd6b2204495a216f6fb7ee34f1d895b3578","4588","migrated_unchanged","experiments/summaries/stage02_constraint_guided_attempt13_failure_analysis.csv","095355192a1ae7b30eb71ab30ca8ecd6b2204495a216f6fb7ee34f1d895b3578","Byte-identical scientific source retained"
"experiments/summaries/stage02_constraint_guided_attempt13_failure_cases.csv","468f2e96661033b7d448b308f85a472bc5eacc7c5d02dd6406edcf0790f176f3","1038","migrated_unchanged","experiments/summaries/stage02_constraint_guided_attempt13_failure_cases.csv","468f2e96661033b7d448b308f85a472bc5eacc7c5d02dd6406edcf0790f176f3","Byte-identical scientific source retained"
"experiments/summaries/stage02_constraint_guided_attempt13_gate_report.csv","a937575222d0ff01841c7cbee57b37e066bf0dad51c824e4e3e7b01299cd2c1c","4263","migrated_unchanged","experiments/summaries/stage02_constraint_guided_attempt13_gate_report.csv","a937575222d0ff01841c7cbee57b37e066bf0dad51c824e4e3e7b01299cd2c1c","Byte-identical scientific source retained"
"experiments/summaries/stage02_constraint_guided_attempt13_manifest.json","ac80a074e1c6f6fa2f6fc62e5f462eaf3f61441a057de6123e261cdcef56e523","11062","migrated_unchanged","experiments/summaries/stage02_constraint_guided_attempt13_manifest.json","ac80a074e1c6f6fa2f6fc62e5f462eaf3f61441a057de6123e261cdcef56e523","Byte-identical scientific source retained"
"experiments/summaries/stage02_constraint_guided_attempt13_operator_summary.csv","0a5f216619b86fdb1606e451c87a7b55bf31c5008290001a69a3c9be6b3873cc","20822","migrated_unchanged","experiments/summaries/stage02_constraint_guided_attempt13_operator_summary.csv","0a5f216619b86fdb1606e451c87a7b55bf31c5008290001a69a3c9be6b3873cc","Byte-identical scientific source retained"
"experiments/summaries/stage02_constraint_guided_attempt13_parameters.toml","a206249ce19ec810f6ef4b04cfa9dd6d841bd8da4db9f05764450615b685fff5","2515","migrated_unchanged","experiments/summaries/stage02_constraint_guided_attempt13_parameters.toml","a206249ce19ec810f6ef4b04cfa9dd6d841bd8da4db9f05764450615b685fff5","Byte-identical scientific source retained"
"experiments/summaries/stage02_constraint_guided_attempt13_per_run_results.csv","b6e7ec3d6fa78e3c1ddfc9854559c30a484a8e863cbe39f5b3c7fc0b6b2645e6","314370","migrated_unchanged","experiments/summaries/stage02_constraint_guided_attempt13_per_run_results.csv","b6e7ec3d6fa78e3c1ddfc9854559c30a484a8e863cbe39f5b3c7fc0b6b2645e6","Byte-identical scientific source retained"
"experiments/summaries/stage02_constraint_guided_attempt13_repeatability.csv","3671fe40ff733b8ba88eb1a1605071332cc1eda509bc90e090e66e3837336baa","237","migrated_unchanged","experiments/summaries/stage02_constraint_guided_attempt13_repeatability.csv","3671fe40ff733b8ba88eb1a1605071332cc1eda509bc90e090e66e3837336baa","Byte-identical scientific source retained"
"experiments/summaries/stage02_constraint_guided_attempt13_review_findings.csv","51a6cda6c13e517b78c2efe0bc8123ac864574261a31ef14162656da6b435566","4499","migrated_unchanged","experiments/summaries/stage02_constraint_guided_attempt13_review_findings.csv","51a6cda6c13e517b78c2efe0bc8123ac864574261a31ef14162656da6b435566","Byte-identical scientific source retained"
"experiments/summaries/stage02_constraint_guided_attempt13_review_manifest.json","b8b89aa44e3f4e95524b78a7021d6ea0e9478737443ec4db9d482d23e89de9b4","3916","migrated_unchanged","experiments/summaries/stage02_constraint_guided_attempt13_review_manifest.json","b8b89aa44e3f4e95524b78a7021d6ea0e9478737443ec4db9d482d23e89de9b4","Byte-identical scientific source retained"
"experiments/summaries/stage02_constraint_guided_attempt13_review_report.md","88a3e935e3e32c5538a5dfcf75b8617e3e3cf46e9fe3a6600cb932e083db9720","4955","migrated_unchanged","experiments/summaries/stage02_constraint_guided_attempt13_review_report.md","88a3e935e3e32c5538a5dfcf75b8617e3e3cf46e9fe3a6600cb932e083db9720","Byte-identical scientific source retained"
"experiments/summaries/stage02_constraint_guided_attempt13_stage02_2_comparison.csv","f75103fdeaa69f37911649a3cb6361349ab622f2e2ec14d00578ff328c2901ea","9142","migrated_unchanged","experiments/summaries/stage02_constraint_guided_attempt13_stage02_2_comparison.csv","f75103fdeaa69f37911649a3cb6361349ab622f2e2ec14d00578ff328c2901ea","Byte-identical scientific source retained"
"experiments/summaries/stage02_constraint_guided_attempt13_stage03_readiness.csv","6abb1801473f6bbddcc69a0836cdeb9bd48169b5c7586ee21dc3e9589dd60131","77928","migrated_unchanged","experiments/summaries/stage02_constraint_guided_attempt13_stage03_readiness.csv","6abb1801473f6bbddcc69a0836cdeb9bd48169b5c7586ee21dc3e9589dd60131","Byte-identical scientific source retained"
"experiments/summaries/stage02_constraint_guided_attempt13_summary_results.csv","0cada340df517bcec04d061f8b106221f07a74470299e0edde98ab829d0274ca","5652","migrated_unchanged","experiments/summaries/stage02_constraint_guided_attempt13_summary_results.csv","0cada340df517bcec04d061f8b106221f07a74470299e0edde98ab829d0274ca","Byte-identical scientific source retained"
"experiments/summaries/stage02_constraint_guided_attempt14_100_customer_comparison.csv","08347f3c6dc51811225d2ab42664023ead187851b629b37a346b58f29a7e94d2","2580","migrated_unchanged","experiments/summaries/stage02_constraint_guided_attempt14_100_customer_comparison.csv","08347f3c6dc51811225d2ab42664023ead187851b629b37a346b58f29a7e94d2","Byte-identical scientific source retained"
"experiments/summaries/stage02_constraint_guided_attempt14_environment.json","894707839175b4c932f936aebc5c3629a354bb5c4bdf7d1ff1e7964e77cb6851","3093","migrated_unchanged","experiments/summaries/stage02_constraint_guided_attempt14_environment.json","894707839175b4c932f936aebc5c3629a354bb5c4bdf7d1ff1e7964e77cb6851","Byte-identical scientific source retained"
"experiments/summaries/stage02_constraint_guided_attempt14_failure_analysis.csv","095355192a1ae7b30eb71ab30ca8ecd6b2204495a216f6fb7ee34f1d895b3578","4588","migrated_unchanged","experiments/summaries/stage02_constraint_guided_attempt14_failure_analysis.csv","095355192a1ae7b30eb71ab30ca8ecd6b2204495a216f6fb7ee34f1d895b3578","Byte-identical scientific source retained"
"experiments/summaries/stage02_constraint_guided_attempt14_failure_cases.csv","468f2e96661033b7d448b308f85a472bc5eacc7c5d02dd6406edcf0790f176f3","1038","migrated_unchanged","experiments/summaries/stage02_constraint_guided_attempt14_failure_cases.csv","468f2e96661033b7d448b308f85a472bc5eacc7c5d02dd6406edcf0790f176f3","Byte-identical scientific source retained"
"experiments/summaries/stage02_constraint_guided_attempt14_gate_report.csv","49430bab44a32ab14c66dd68cb3360b6d79acbf62eb4068fb902a5a9b999acc6","4263","migrated_unchanged","experiments/summaries/stage02_constraint_guided_attempt14_gate_report.csv","49430bab44a32ab14c66dd68cb3360b6d79acbf62eb4068fb902a5a9b999acc6","Byte-identical scientific source retained"
"experiments/summaries/stage02_constraint_guided_attempt14_operator_summary.csv","12601f995ee569424a827626a04064bdf51254375ea16b6cfdc9988c66e0e41d","21004","migrated_unchanged","experiments/summaries/stage02_constraint_guided_attempt14_operator_summary.csv","12601f995ee569424a827626a04064bdf51254375ea16b6cfdc9988c66e0e41d","Byte-identical scientific source retained"
"experiments/summaries/stage02_constraint_guided_attempt14_parameters.toml","a206249ce19ec810f6ef4b04cfa9dd6d841bd8da4db9f05764450615b685fff5","2515","migrated_unchanged","experiments/summaries/stage02_constraint_guided_attempt14_parameters.toml","a206249ce19ec810f6ef4b04cfa9dd6d841bd8da4db9f05764450615b685fff5","Byte-identical scientific source retained"
"experiments/summaries/stage02_constraint_guided_attempt14_per_run_results.csv","29c655cf220210fa552d6f6f668d543e4029937a8cc815cb47520988c93f32f5","314229","migrated_unchanged","experiments/summaries/stage02_constraint_guided_attempt14_per_run_results.csv","29c655cf220210fa552d6f6f668d543e4029937a8cc815cb47520988c93f32f5","Byte-identical scientific source retained"
"experiments/summaries/stage02_constraint_guided_attempt14_repeatability.csv","4943cd89ffa2e8f81954795687b349c51cfc81a6c659938996f10db78aa3da7e","237","migrated_unchanged","experiments/summaries/stage02_constraint_guided_attempt14_repeatability.csv","4943cd89ffa2e8f81954795687b349c51cfc81a6c659938996f10db78aa3da7e","Byte-identical scientific source retained"
"experiments/summaries/stage02_constraint_guided_attempt14_review_findings.csv","5ae9e373f0d8d86b5abb511c0bb1dbc940448149574b165431cadb8d74217548","5448","migrated_unchanged","experiments/summaries/stage02_constraint_guided_attempt14_review_findings.csv","5ae9e373f0d8d86b5abb511c0bb1dbc940448149574b165431cadb8d74217548","Byte-identical scientific source retained"
"experiments/summaries/stage02_constraint_guided_attempt14_review_manifest.json","d9625ff56ae186140c2dcb94c0e5f09b1dbeec92b6af9a13fadaca7b4243ae8a","4860","migrated_unchanged","experiments/summaries/stage02_constraint_guided_attempt14_review_manifest.json","d9625ff56ae186140c2dcb94c0e5f09b1dbeec92b6af9a13fadaca7b4243ae8a","Byte-identical scientific source retained"
"experiments/summaries/stage02_constraint_guided_attempt14_review_report.md","a409cf28b3ed866f72437bc594b2ac57ad6a81f4a45bcfa99430e72537745b29","5874","migrated_unchanged","experiments/summaries/stage02_constraint_guided_attempt14_review_report.md","a409cf28b3ed866f72437bc594b2ac57ad6a81f4a45bcfa99430e72537745b29","Byte-identical scientific source retained"
"experiments/summaries/stage02_constraint_guided_attempt14_stage02_2_comparison.csv","f75103fdeaa69f37911649a3cb6361349ab622f2e2ec14d00578ff328c2901ea","9142","migrated_unchanged","experiments/summaries/stage02_constraint_guided_attempt14_stage02_2_comparison.csv","f75103fdeaa69f37911649a3cb6361349ab622f2e2ec14d00578ff328c2901ea","Byte-identical scientific source retained"
"experiments/summaries/stage02_constraint_guided_attempt14_stage03_readiness.csv","15a765a80ef7acf4b62b08b690f3eb5850cb0d7c794ed5469dc18889cebcf590","77607","migrated_unchanged","experiments/summaries/stage02_constraint_guided_attempt14_stage03_readiness.csv","15a765a80ef7acf4b62b08b690f3eb5850cb0d7c794ed5469dc18889cebcf590","Byte-identical scientific source retained"
"experiments/summaries/stage02_constraint_guided_attempt14_summary_results.csv","9e3dc79c292b443daf11851f492802b7fbe8991ba5f8493406030c74e5164894","5602","migrated_unchanged","experiments/summaries/stage02_constraint_guided_attempt14_summary_results.csv","9e3dc79c292b443daf11851f492802b7fbe8991ba5f8493406030c74e5164894","Byte-identical scientific source retained"
"experiments/summaries/stage02_constraint_guided_attempt15_100_customer_comparison.csv","08347f3c6dc51811225d2ab42664023ead187851b629b37a346b58f29a7e94d2","2580","migrated_unchanged","experiments/summaries/stage02_constraint_guided_attempt15_100_customer_comparison.csv","08347f3c6dc51811225d2ab42664023ead187851b629b37a346b58f29a7e94d2","Byte-identical scientific source retained"
"experiments/summaries/stage02_constraint_guided_attempt15_environment.json","56359fdf5cfd73c534b98afd60cb68d86ffa68e96ff09e5d49c218b5ab9ca154","3093","migrated_unchanged","experiments/summaries/stage02_constraint_guided_attempt15_environment.json","56359fdf5cfd73c534b98afd60cb68d86ffa68e96ff09e5d49c218b5ab9ca154","Byte-identical scientific source retained"
"experiments/summaries/stage02_constraint_guided_attempt15_failure_analysis.csv","093a034ad604b5bfdf196df172948b5530d974e5ef78ba98f28a541e1c3fb5c6","4587","migrated_unchanged","experiments/summaries/stage02_constraint_guided_attempt15_failure_analysis.csv","093a034ad604b5bfdf196df172948b5530d974e5ef78ba98f28a541e1c3fb5c6","Byte-identical scientific source retained"
"experiments/summaries/stage02_constraint_guided_attempt15_failure_cases.csv","468f2e96661033b7d448b308f85a472bc5eacc7c5d02dd6406edcf0790f176f3","1038","migrated_unchanged","experiments/summaries/stage02_constraint_guided_attempt15_failure_cases.csv","468f2e96661033b7d448b308f85a472bc5eacc7c5d02dd6406edcf0790f176f3","Byte-identical scientific source retained"
"experiments/summaries/stage02_constraint_guided_attempt15_gate_report.csv","7e5920d3e754c58b1fd6f7fbc3608b7307a62b86c0f1d848a65deb5904148e5d","4263","migrated_unchanged","experiments/summaries/stage02_constraint_guided_attempt15_gate_report.csv","7e5920d3e754c58b1fd6f7fbc3608b7307a62b86c0f1d848a65deb5904148e5d","Byte-identical scientific source retained"
"experiments/summaries/stage02_constraint_guided_attempt15_operator_summary.csv","e3184994408a76bb190778296f935f25d2e2f1f913a14661f486d3cae835a957","21106","migrated_unchanged","experiments/summaries/stage02_constraint_guided_attempt15_operator_summary.csv","e3184994408a76bb190778296f935f25d2e2f1f913a14661f486d3cae835a957","Byte-identical scientific source retained"
"experiments/summaries/stage02_constraint_guided_attempt15_parameters.toml","a206249ce19ec810f6ef4b04cfa9dd6d841bd8da4db9f05764450615b685fff5","2515","migrated_unchanged","experiments/summaries/stage02_constraint_guided_attempt15_parameters.toml","a206249ce19ec810f6ef4b04cfa9dd6d841bd8da4db9f05764450615b685fff5","Byte-identical scientific source retained"
"experiments/summaries/stage02_constraint_guided_attempt15_per_run_results.csv","b82888eee5c647b33198dbf8208189cce5892f1b7212479cd27f7133b8efa946","314681","migrated_unchanged","experiments/summaries/stage02_constraint_guided_attempt15_per_run_results.csv","b82888eee5c647b33198dbf8208189cce5892f1b7212479cd27f7133b8efa946","Byte-identical scientific source retained"
"experiments/summaries/stage02_constraint_guided_attempt15_repeatability.csv","3a2cf5aa8e703b1a74158b08a9aad0787d18fa8ae2358c018e204296f10f9ae0","237","migrated_unchanged","experiments/summaries/stage02_constraint_guided_attempt15_repeatability.csv","3a2cf5aa8e703b1a74158b08a9aad0787d18fa8ae2358c018e204296f10f9ae0","Byte-identical scientific source retained"
"experiments/summaries/stage02_constraint_guided_attempt15_review_findings.csv","b84e3fd88c0f0f1ae012c6cba575354f7a67e3182912c1092c064fe133df4345","8356","migrated_unchanged","experiments/summaries/stage02_constraint_guided_attempt15_review_findings.csv","b84e3fd88c0f0f1ae012c6cba575354f7a67e3182912c1092c064fe133df4345","Byte-identical scientific source retained"
"experiments/summaries/stage02_constraint_guided_attempt15_review_manifest.json","aa642d630a9f86ab945cb4d281c74b50550c0fefd32ccd3116d7ddbb8dd6bdae","8469","migrated_unchanged","experiments/summaries/stage02_constraint_guided_attempt15_review_manifest.json","aa642d630a9f86ab945cb4d281c74b50550c0fefd32ccd3116d7ddbb8dd6bdae","Byte-identical scientific source retained"
"experiments/summaries/stage02_constraint_guided_attempt15_review_report.md","ad439c95f01634c4dd675f4ecc027294c54849bf397296f59fcec309d5f17938","8724","migrated_unchanged","experiments/summaries/stage02_constraint_guided_attempt15_review_report.md","ad439c95f01634c4dd675f4ecc027294c54849bf397296f59fcec309d5f17938","Byte-identical scientific source retained"
"experiments/summaries/stage02_constraint_guided_attempt15_stage02_2_comparison.csv","f75103fdeaa69f37911649a3cb6361349ab622f2e2ec14d00578ff328c2901ea","9142","migrated_unchanged","experiments/summaries/stage02_constraint_guided_attempt15_stage02_2_comparison.csv","f75103fdeaa69f37911649a3cb6361349ab622f2e2ec14d00578ff328c2901ea","Byte-identical scientific source retained"
"experiments/summaries/stage02_constraint_guided_attempt15_stage03_readiness.csv","41801d6ca6603ea522a605522376e216b8f8961626c5e3fcaf2fc6fd4ae2d34d","77635","migrated_unchanged","experiments/summaries/stage02_constraint_guided_attempt15_stage03_readiness.csv","41801d6ca6603ea522a605522376e216b8f8961626c5e3fcaf2fc6fd4ae2d34d","Byte-identical scientific source retained"
"experiments/summaries/stage02_constraint_guided_attempt15_summary_results.csv","8b0258015a3ea8adb90465b3b5117fe02e223d68f8866aa64abf5c29165fbb64","5606","migrated_unchanged","experiments/summaries/stage02_constraint_guided_attempt15_summary_results.csv","8b0258015a3ea8adb90465b3b5117fe02e223d68f8866aa64abf5c29165fbb64","Byte-identical scientific source retained"
"experiments/summaries/stage02_constraint_guided_attempt16_100_customer_comparison.csv","08347f3c6dc51811225d2ab42664023ead187851b629b37a346b58f29a7e94d2","2580","migrated_unchanged","experiments/summaries/stage02_constraint_guided_attempt16_100_customer_comparison.csv","08347f3c6dc51811225d2ab42664023ead187851b629b37a346b58f29a7e94d2","Byte-identical scientific source retained"
"experiments/summaries/stage02_constraint_guided_attempt16_environment.json","1fbbfef9c1e5519cc6cf164c016deaa615c2ea43311c2b59c7d4c43cbb191aca","3093","migrated_unchanged","experiments/summaries/stage02_constraint_guided_attempt16_environment.json","1fbbfef9c1e5519cc6cf164c016deaa615c2ea43311c2b59c7d4c43cbb191aca","Byte-identical scientific source retained"
"experiments/summaries/stage02_constraint_guided_attempt16_failure_analysis.csv","e4c979a25e3766d2ac42aad668126b1aad32e85d620054ea0f2503f6ae80ba71","4583","migrated_unchanged","experiments/summaries/stage02_constraint_guided_attempt16_failure_analysis.csv","e4c979a25e3766d2ac42aad668126b1aad32e85d620054ea0f2503f6ae80ba71","Byte-identical scientific source retained"
"experiments/summaries/stage02_constraint_guided_attempt16_failure_cases.csv","468f2e96661033b7d448b308f85a472bc5eacc7c5d02dd6406edcf0790f176f3","1038","migrated_unchanged","experiments/summaries/stage02_constraint_guided_attempt16_failure_cases.csv","468f2e96661033b7d448b308f85a472bc5eacc7c5d02dd6406edcf0790f176f3","Byte-identical scientific source retained"
"experiments/summaries/stage02_constraint_guided_attempt16_gate_report.csv","aab75d44cdba7cf6b3b2fbeac0750b44123472d3266f93999532c673f0515220","4262","migrated_unchanged","experiments/summaries/stage02_constraint_guided_attempt16_gate_report.csv","aab75d44cdba7cf6b3b2fbeac0750b44123472d3266f93999532c673f0515220","Byte-identical scientific source retained"
"experiments/summaries/stage02_constraint_guided_attempt16_operator_summary.csv","2e8cacae8b51679401136b5496d9cb41307985c286fb14ed86bdbfa368d3b82e","21152","migrated_unchanged","experiments/summaries/stage02_constraint_guided_attempt16_operator_summary.csv","2e8cacae8b51679401136b5496d9cb41307985c286fb14ed86bdbfa368d3b82e","Byte-identical scientific source retained"
"experiments/summaries/stage02_constraint_guided_attempt16_parameters.toml","a206249ce19ec810f6ef4b04cfa9dd6d841bd8da4db9f05764450615b685fff5","2515","migrated_unchanged","experiments/summaries/stage02_constraint_guided_attempt16_parameters.toml","a206249ce19ec810f6ef4b04cfa9dd6d841bd8da4db9f05764450615b685fff5","Byte-identical scientific source retained"
"experiments/summaries/stage02_constraint_guided_attempt16_per_run_results.csv","1653ea59841eb46064ccfa056c76ad695d48694600e437e75d060f02e042d8c7","314461","migrated_unchanged","experiments/summaries/stage02_constraint_guided_attempt16_per_run_results.csv","1653ea59841eb46064ccfa056c76ad695d48694600e437e75d060f02e042d8c7","Byte-identical scientific source retained"
"experiments/summaries/stage02_constraint_guided_attempt16_repeatability.csv","4aff3b6457273f4cae53eade8c4523875448548d364bfc1436a23ddd3748fdbf","237","migrated_unchanged","experiments/summaries/stage02_constraint_guided_attempt16_repeatability.csv","4aff3b6457273f4cae53eade8c4523875448548d364bfc1436a23ddd3748fdbf","Byte-identical scientific source retained"
"experiments/summaries/stage02_constraint_guided_attempt16_review_findings.csv","76725f4471f6439a88dcde12b8942dfe2f111029c4b5daac0437f4d3fdad7e50","8443","migrated_unchanged","experiments/summaries/stage02_constraint_guided_attempt16_review_findings.csv","76725f4471f6439a88dcde12b8942dfe2f111029c4b5daac0437f4d3fdad7e50","Byte-identical scientific source retained"
"experiments/summaries/stage02_constraint_guided_attempt16_review_manifest.json","4e8d3ddf82c58d04cba3ed795a96aa249389ae3dbdb5f0f86711f1b7663b97cd","8562","migrated_unchanged","experiments/summaries/stage02_constraint_guided_attempt16_review_manifest.json","4e8d3ddf82c58d04cba3ed795a96aa249389ae3dbdb5f0f86711f1b7663b97cd","Byte-identical scientific source retained"
"experiments/summaries/stage02_constraint_guided_attempt16_review_report.md","b833f3ab28fab603d4aeb99288d0172ebd39af295b2eeb480f2281cda19efac8","8811","migrated_unchanged","experiments/summaries/stage02_constraint_guided_attempt16_review_report.md","b833f3ab28fab603d4aeb99288d0172ebd39af295b2eeb480f2281cda19efac8","Byte-identical scientific source retained"
"experiments/summaries/stage02_constraint_guided_attempt16_stage02_2_comparison.csv","f75103fdeaa69f37911649a3cb6361349ab622f2e2ec14d00578ff328c2901ea","9142","migrated_unchanged","experiments/summaries/stage02_constraint_guided_attempt16_stage02_2_comparison.csv","f75103fdeaa69f37911649a3cb6361349ab622f2e2ec14d00578ff328c2901ea","Byte-identical scientific source retained"
"experiments/summaries/stage02_constraint_guided_attempt16_stage03_readiness.csv","5b1846ddfe9c9323d6a3cec06a0e0a4856f96aec129f77b2f77330a6c363a9d2","77640","migrated_unchanged","experiments/summaries/stage02_constraint_guided_attempt16_stage03_readiness.csv","5b1846ddfe9c9323d6a3cec06a0e0a4856f96aec129f77b2f77330a6c363a9d2","Byte-identical scientific source retained"
"experiments/summaries/stage02_constraint_guided_attempt16_summary_results.csv","c9c12febfa9fed0c52e021ae005f1732c046d849fa2850f23bdfbff41fb51baf","5607","migrated_unchanged","experiments/summaries/stage02_constraint_guided_attempt16_summary_results.csv","c9c12febfa9fed0c52e021ae005f1732c046d849fa2850f23bdfbff41fb51baf","Byte-identical scientific source retained"
"experiments/summaries/stage02_constraint_guided_rerun01_100_customer_comparison.csv","e65bf0aa27ba8db93da90de65eab44c13f07c3254759b86ee29602862e42b312","2426","migrated_unchanged","experiments/summaries/stage02_constraint_guided_rerun01_100_customer_comparison.csv","e65bf0aa27ba8db93da90de65eab44c13f07c3254759b86ee29602862e42b312","Byte-identical scientific source retained"
"experiments/summaries/stage02_constraint_guided_rerun01_environment.json","9f2df609abe7a587b61aa6d9d3338ee086f3317790ef678b4a36746715ad1584","3091","migrated_unchanged","experiments/summaries/stage02_constraint_guided_rerun01_environment.json","9f2df609abe7a587b61aa6d9d3338ee086f3317790ef678b4a36746715ad1584","Byte-identical scientific source retained"
"experiments/summaries/stage02_constraint_guided_rerun01_failure_analysis.csv","949f4aa2a2fd9959bb352c7063f465db7e2d5b454510a516637f77800129d6fb","4463","migrated_unchanged","experiments/summaries/stage02_constraint_guided_rerun01_failure_analysis.csv","949f4aa2a2fd9959bb352c7063f465db7e2d5b454510a516637f77800129d6fb","Byte-identical scientific source retained"
"experiments/summaries/stage02_constraint_guided_rerun01_failure_cases.csv","468f2e96661033b7d448b308f85a472bc5eacc7c5d02dd6406edcf0790f176f3","1038","migrated_unchanged","experiments/summaries/stage02_constraint_guided_rerun01_failure_cases.csv","468f2e96661033b7d448b308f85a472bc5eacc7c5d02dd6406edcf0790f176f3","Byte-identical scientific source retained"
"experiments/summaries/stage02_constraint_guided_rerun01_gate_report.csv","421bd2b5958300751b79e260be37a1b889b539445d36464beda65aad3d1f789e","4399","migrated_unchanged","experiments/summaries/stage02_constraint_guided_rerun01_gate_report.csv","421bd2b5958300751b79e260be37a1b889b539445d36464beda65aad3d1f789e","Byte-identical scientific source retained"
"experiments/summaries/stage02_constraint_guided_rerun01_operator_summary.csv","bc8fd35c7c28ea90f5695023458dcadc7f431b7951d128cd2552c44eb4406a1a","14689","migrated_unchanged","experiments/summaries/stage02_constraint_guided_rerun01_operator_summary.csv","bc8fd35c7c28ea90f5695023458dcadc7f431b7951d128cd2552c44eb4406a1a","Byte-identical scientific source retained"
"experiments/summaries/stage02_constraint_guided_rerun01_parameters.toml","39640273bd15eaef6bf45a6496c5d10a768b4a7aaa04687a1b6e77c2cc1c1e16","1946","migrated_unchanged","experiments/summaries/stage02_constraint_guided_rerun01_parameters.toml","39640273bd15eaef6bf45a6496c5d10a768b4a7aaa04687a1b6e77c2cc1c1e16","Byte-identical scientific source retained"
"experiments/summaries/stage02_constraint_guided_rerun01_per_run_results.csv","079198474bd0fc4054c61cc919fd6a2890340615a8a9165575fdf34adf636978","273347","migrated_unchanged","experiments/summaries/stage02_constraint_guided_rerun01_per_run_results.csv","079198474bd0fc4054c61cc919fd6a2890340615a8a9165575fdf34adf636978","Byte-identical scientific source retained"
"experiments/summaries/stage02_constraint_guided_rerun01_repeatability.csv","08a724aaa33ed09477ed9eabd186410197df972c323abf4df82507c285c293ac","331","migrated_unchanged","experiments/summaries/stage02_constraint_guided_rerun01_repeatability.csv","08a724aaa33ed09477ed9eabd186410197df972c323abf4df82507c285c293ac","Byte-identical scientific source retained"
"experiments/summaries/stage02_constraint_guided_rerun01_review_findings.csv","c00dfd1d3689fbf758c3ac7b121762ee9cddcd09f59db9561e1c617d9e6bd27a","1478","migrated_unchanged","experiments/summaries/stage02_constraint_guided_rerun01_review_findings.csv","c00dfd1d3689fbf758c3ac7b121762ee9cddcd09f59db9561e1c617d9e6bd27a","Byte-identical scientific source retained"
"experiments/summaries/stage02_constraint_guided_rerun01_review_manifest.json","55a157368bc3d2d9a1bbb5e1053858fe1ffd7bb042c61b563f3088d28882ff44","3902","migrated_unchanged","experiments/summaries/stage02_constraint_guided_rerun01_review_manifest.json","55a157368bc3d2d9a1bbb5e1053858fe1ffd7bb042c61b563f3088d28882ff44","Byte-identical scientific source retained"
"experiments/summaries/stage02_constraint_guided_rerun01_review_report.md","0339e13b65d7244952904a6610ea93b2827b4f70dab718c5ac9d8e116097b79c","2065","migrated_unchanged","experiments/summaries/stage02_constraint_guided_rerun01_review_report.md","0339e13b65d7244952904a6610ea93b2827b4f70dab718c5ac9d8e116097b79c","Byte-identical scientific source retained"
"experiments/summaries/stage02_constraint_guided_rerun01_stage02_2_comparison.csv","5a78b51ae48c5ce143d8027a67016114f2b779a2a9c226f34dfc52c8a08470be","8857","migrated_unchanged","experiments/summaries/stage02_constraint_guided_rerun01_stage02_2_comparison.csv","5a78b51ae48c5ce143d8027a67016114f2b779a2a9c226f34dfc52c8a08470be","Byte-identical scientific source retained"
"experiments/summaries/stage02_constraint_guided_rerun01_stage03_readiness.csv","2f849cb49c1cb5bd1ac5d74b842782ef9bbb1cd67f8097183327d9ffb05e8ba7","60780","migrated_unchanged","experiments/summaries/stage02_constraint_guided_rerun01_stage03_readiness.csv","2f849cb49c1cb5bd1ac5d74b842782ef9bbb1cd67f8097183327d9ffb05e8ba7","Byte-identical scientific source retained"
"experiments/summaries/stage02_constraint_guided_rerun01_summary_results.csv","ed0ab5b417aa74a1399d0f5c5328968ba9157be825eefda0b287a7063d306104","5658","migrated_unchanged","experiments/summaries/stage02_constraint_guided_rerun01_summary_results.csv","ed0ab5b417aa74a1399d0f5c5328968ba9157be825eefda0b287a7063d306104","Byte-identical scientific source retained"
"experiments/summaries/stage02_constraint_guided_rerun02_100_customer_comparison.csv","736d7d11522ba0905c2f9f331fb8af59706c76e0121fe2f887f56613285046f2","2495","migrated_unchanged","experiments/summaries/stage02_constraint_guided_rerun02_100_customer_comparison.csv","736d7d11522ba0905c2f9f331fb8af59706c76e0121fe2f887f56613285046f2","Byte-identical scientific source retained"
"experiments/summaries/stage02_constraint_guided_rerun02_environment.json","d273106c7bb6506e637d6aeebce8d1a79ecd0c8f8ffc6262e67caa2a3f268bd7","3091","migrated_unchanged","experiments/summaries/stage02_constraint_guided_rerun02_environment.json","d273106c7bb6506e637d6aeebce8d1a79ecd0c8f8ffc6262e67caa2a3f268bd7","Byte-identical scientific source retained"
"experiments/summaries/stage02_constraint_guided_rerun02_failure_analysis.csv","949f4aa2a2fd9959bb352c7063f465db7e2d5b454510a516637f77800129d6fb","4463","migrated_unchanged","experiments/summaries/stage02_constraint_guided_rerun02_failure_analysis.csv","949f4aa2a2fd9959bb352c7063f465db7e2d5b454510a516637f77800129d6fb","Byte-identical scientific source retained"
"experiments/summaries/stage02_constraint_guided_rerun02_failure_cases.csv","468f2e96661033b7d448b308f85a472bc5eacc7c5d02dd6406edcf0790f176f3","1038","migrated_unchanged","experiments/summaries/stage02_constraint_guided_rerun02_failure_cases.csv","468f2e96661033b7d448b308f85a472bc5eacc7c5d02dd6406edcf0790f176f3","Byte-identical scientific source retained"
"experiments/summaries/stage02_constraint_guided_rerun02_gate_report.csv","83314825f8fc23a4b2c9c9c6c4f661b738cfd24bf6a483e13504c5e52c999206","4399","migrated_unchanged","experiments/summaries/stage02_constraint_guided_rerun02_gate_report.csv","83314825f8fc23a4b2c9c9c6c4f661b738cfd24bf6a483e13504c5e52c999206","Byte-identical scientific source retained"
"experiments/summaries/stage02_constraint_guided_rerun02_operator_summary.csv","3ebf9e13925352ce74a70b2909b18785598057633d2b67446a35b0a85d2fea2d","17395","migrated_unchanged","experiments/summaries/stage02_constraint_guided_rerun02_operator_summary.csv","3ebf9e13925352ce74a70b2909b18785598057633d2b67446a35b0a85d2fea2d","Byte-identical scientific source retained"
"experiments/summaries/stage02_constraint_guided_rerun02_parameters.toml","fdf7057dc0a731f59eac9ef3e327f53d64a86c6ab2ded90c5b8476033a1cca4b","1936","migrated_unchanged","experiments/summaries/stage02_constraint_guided_rerun02_parameters.toml","fdf7057dc0a731f59eac9ef3e327f53d64a86c6ab2ded90c5b8476033a1cca4b","Byte-identical scientific source retained"
"experiments/summaries/stage02_constraint_guided_rerun02_per_run_results.csv","ac4045b4f89b548e87205e1fb27ad7e3e398b6b33f9a403be15d393e8c337692","287765","migrated_unchanged","experiments/summaries/stage02_constraint_guided_rerun02_per_run_results.csv","ac4045b4f89b548e87205e1fb27ad7e3e398b6b33f9a403be15d393e8c337692","Byte-identical scientific source retained"
"experiments/summaries/stage02_constraint_guided_rerun02_repeatability.csv","d518060c5c1f4659d4cd96f90afd8855558c98cf66f093aeee7b662c89b5f952","331","migrated_unchanged","experiments/summaries/stage02_constraint_guided_rerun02_repeatability.csv","d518060c5c1f4659d4cd96f90afd8855558c98cf66f093aeee7b662c89b5f952","Byte-identical scientific source retained"
"experiments/summaries/stage02_constraint_guided_rerun02_review_findings.csv","c00dfd1d3689fbf758c3ac7b121762ee9cddcd09f59db9561e1c617d9e6bd27a","1478","migrated_unchanged","experiments/summaries/stage02_constraint_guided_rerun02_review_findings.csv","c00dfd1d3689fbf758c3ac7b121762ee9cddcd09f59db9561e1c617d9e6bd27a","Byte-identical scientific source retained"
"experiments/summaries/stage02_constraint_guided_rerun02_review_manifest.json","3e168790bc28176b948e1efdab826a5de2995275de2743c1205becfd9d31a3d7","3902","migrated_unchanged","experiments/summaries/stage02_constraint_guided_rerun02_review_manifest.json","3e168790bc28176b948e1efdab826a5de2995275de2743c1205becfd9d31a3d7","Byte-identical scientific source retained"
"experiments/summaries/stage02_constraint_guided_rerun02_review_report.md","40fbc79c029b5d425841767c788e7732ca25b8039a99b54847306dabf08313f2","2065","migrated_unchanged","experiments/summaries/stage02_constraint_guided_rerun02_review_report.md","40fbc79c029b5d425841767c788e7732ca25b8039a99b54847306dabf08313f2","Byte-identical scientific source retained"
"experiments/summaries/stage02_constraint_guided_rerun02_stage02_2_comparison.csv","eb2f118ac80d80b67664b53261ad06b4e069ea8cbc223ca4748e4a1ed6dfda6d","9142","migrated_unchanged","experiments/summaries/stage02_constraint_guided_rerun02_stage02_2_comparison.csv","eb2f118ac80d80b67664b53261ad06b4e069ea8cbc223ca4748e4a1ed6dfda6d","Byte-identical scientific source retained"
"experiments/summaries/stage02_constraint_guided_rerun02_stage03_readiness.csv","6a704542f2c0c14a7cefcc2afddf30e2ab9c7b41d4d7bcc3f0fa9d29e9758922","68133","migrated_unchanged","experiments/summaries/stage02_constraint_guided_rerun02_stage03_readiness.csv","6a704542f2c0c14a7cefcc2afddf30e2ab9c7b41d4d7bcc3f0fa9d29e9758922","Byte-identical scientific source retained"
"experiments/summaries/stage02_constraint_guided_rerun02_summary_results.csv","72a7bdbdcdd0ed5a1c6bdbcaedbf57ecf2f52a69c7898fa8813ba0e89538d9a9","5635","migrated_unchanged","experiments/summaries/stage02_constraint_guided_rerun02_summary_results.csv","72a7bdbdcdd0ed5a1c6bdbcaedbf57ecf2f52a69c7898fa8813ba0e89538d9a9","Byte-identical scientific source retained"
"experiments/summaries/stage02_constraint_guided_rerun03_100_customer_comparison.csv","e65bf0aa27ba8db93da90de65eab44c13f07c3254759b86ee29602862e42b312","2426","migrated_unchanged","experiments/summaries/stage02_constraint_guided_rerun03_100_customer_comparison.csv","e65bf0aa27ba8db93da90de65eab44c13f07c3254759b86ee29602862e42b312","Byte-identical scientific source retained"
"experiments/summaries/stage02_constraint_guided_rerun03_environment.json","66faff0fd4a10ff2bbb2b107f436da28f0f4fe91cb0bfd558c55946463710a5a","3091","migrated_unchanged","experiments/summaries/stage02_constraint_guided_rerun03_environment.json","66faff0fd4a10ff2bbb2b107f436da28f0f4fe91cb0bfd558c55946463710a5a","Byte-identical scientific source retained"
"experiments/summaries/stage02_constraint_guided_rerun03_failure_analysis.csv","561c940224c577235a27284efc016e29921b37917940435030decc9d8bdef502","4560","migrated_unchanged","experiments/summaries/stage02_constraint_guided_rerun03_failure_analysis.csv","561c940224c577235a27284efc016e29921b37917940435030decc9d8bdef502","Byte-identical scientific source retained"
"experiments/summaries/stage02_constraint_guided_rerun03_failure_cases.csv","468f2e96661033b7d448b308f85a472bc5eacc7c5d02dd6406edcf0790f176f3","1038","migrated_unchanged","experiments/summaries/stage02_constraint_guided_rerun03_failure_cases.csv","468f2e96661033b7d448b308f85a472bc5eacc7c5d02dd6406edcf0790f176f3","Byte-identical scientific source retained"
"experiments/summaries/stage02_constraint_guided_rerun03_gate_report.csv","7c245a380907238770cefa002392761f5002d0997ac9a0f14c5d6122abf80cf2","4385","migrated_unchanged","experiments/summaries/stage02_constraint_guided_rerun03_gate_report.csv","7c245a380907238770cefa002392761f5002d0997ac9a0f14c5d6122abf80cf2","Byte-identical scientific source retained"
"experiments/summaries/stage02_constraint_guided_rerun03_operator_summary.csv","a3df4672b5670be2f1be4b0782edaccfa44f97d62b5934748c47ef41de0ec2f7","19294","migrated_unchanged","experiments/summaries/stage02_constraint_guided_rerun03_operator_summary.csv","a3df4672b5670be2f1be4b0782edaccfa44f97d62b5934748c47ef41de0ec2f7","Byte-identical scientific source retained"
"experiments/summaries/stage02_constraint_guided_rerun03_parameters.toml","fdf7057dc0a731f59eac9ef3e327f53d64a86c6ab2ded90c5b8476033a1cca4b","1936","migrated_unchanged","experiments/summaries/stage02_constraint_guided_rerun03_parameters.toml","fdf7057dc0a731f59eac9ef3e327f53d64a86c6ab2ded90c5b8476033a1cca4b","Byte-identical scientific source retained"
"experiments/summaries/stage02_constraint_guided_rerun03_per_run_results.csv","179c5c36b33fc8cbcded60466405a51cdf56e85fd21bf5331680c3cdd1715b28","298730","migrated_unchanged","experiments/summaries/stage02_constraint_guided_rerun03_per_run_results.csv","179c5c36b33fc8cbcded60466405a51cdf56e85fd21bf5331680c3cdd1715b28","Byte-identical scientific source retained"
"experiments/summaries/stage02_constraint_guided_rerun03_repeatability.csv","1b6ef228f1f1dcfc6f4bf34f255d09c50c49f715d69a6c19722ffad0d8f0d111","331","migrated_unchanged","experiments/summaries/stage02_constraint_guided_rerun03_repeatability.csv","1b6ef228f1f1dcfc6f4bf34f255d09c50c49f715d69a6c19722ffad0d8f0d111","Byte-identical scientific source retained"
"experiments/summaries/stage02_constraint_guided_rerun03_review_findings.csv","32654692f66aa05e2901ea3dd40bdb811e87ce8e33d5bac760bbfbfee0066f35","3685","migrated_unchanged","experiments/summaries/stage02_constraint_guided_rerun03_review_findings.csv","32654692f66aa05e2901ea3dd40bdb811e87ce8e33d5bac760bbfbfee0066f35","Byte-identical scientific source retained"
"experiments/summaries/stage02_constraint_guided_rerun03_review_manifest.json","f21e998fba13527ade28d90d8da43ef9313914a40635c9ed0573a7942e83a508","3902","migrated_unchanged","experiments/summaries/stage02_constraint_guided_rerun03_review_manifest.json","f21e998fba13527ade28d90d8da43ef9313914a40635c9ed0573a7942e83a508","Byte-identical scientific source retained"
"experiments/summaries/stage02_constraint_guided_rerun03_review_report.md","ca8a4764d44b18fc576041ca0eb6e1a793cb6ff7c6255c67a52482cc36eee463","4148","migrated_unchanged","experiments/summaries/stage02_constraint_guided_rerun03_review_report.md","ca8a4764d44b18fc576041ca0eb6e1a793cb6ff7c6255c67a52482cc36eee463","Byte-identical scientific source retained"
"experiments/summaries/stage02_constraint_guided_rerun03_stage02_2_comparison.csv","b3292b827f21aabb862d6073f16006df4891037e0f12b8a3830da87704d6a9cb","9073","migrated_unchanged","experiments/summaries/stage02_constraint_guided_rerun03_stage02_2_comparison.csv","b3292b827f21aabb862d6073f16006df4891037e0f12b8a3830da87704d6a9cb","Byte-identical scientific source retained"
"experiments/summaries/stage02_constraint_guided_rerun03_stage03_readiness.csv","bdd4e68471bc20b7104f98c4508f8ea2a8c51c0bb8149dabecfe9a5098da2803","77404","migrated_unchanged","experiments/summaries/stage02_constraint_guided_rerun03_stage03_readiness.csv","bdd4e68471bc20b7104f98c4508f8ea2a8c51c0bb8149dabecfe9a5098da2803","Byte-identical scientific source retained"
"experiments/summaries/stage02_constraint_guided_rerun03_summary_results.csv","5b002489ab49c9ba213eb5dd16e27b356ec5dd9d47008f9e26bc6057f2ed1859","5611","migrated_unchanged","experiments/summaries/stage02_constraint_guided_rerun03_summary_results.csv","5b002489ab49c9ba213eb5dd16e27b356ec5dd9d47008f9e26bc6057f2ed1859","Byte-identical scientific source retained"
"experiments/summaries/stage02_constraint_guided_rerun04_100_customer_comparison.csv","e65bf0aa27ba8db93da90de65eab44c13f07c3254759b86ee29602862e42b312","2426","migrated_unchanged","experiments/summaries/stage02_constraint_guided_rerun04_100_customer_comparison.csv","e65bf0aa27ba8db93da90de65eab44c13f07c3254759b86ee29602862e42b312","Byte-identical scientific source retained"
"experiments/summaries/stage02_constraint_guided_rerun04_environment.json","6b000709bbadca7a9250d23cf1b284a1f97720e511388f9f678420fbbb2f5290","3091","migrated_unchanged","experiments/summaries/stage02_constraint_guided_rerun04_environment.json","6b000709bbadca7a9250d23cf1b284a1f97720e511388f9f678420fbbb2f5290","Byte-identical scientific source retained"
"experiments/summaries/stage02_constraint_guided_rerun04_failure_analysis.csv","095355192a1ae7b30eb71ab30ca8ecd6b2204495a216f6fb7ee34f1d895b3578","4588","migrated_unchanged","experiments/summaries/stage02_constraint_guided_rerun04_failure_analysis.csv","095355192a1ae7b30eb71ab30ca8ecd6b2204495a216f6fb7ee34f1d895b3578","Byte-identical scientific source retained"
"experiments/summaries/stage02_constraint_guided_rerun04_failure_cases.csv","468f2e96661033b7d448b308f85a472bc5eacc7c5d02dd6406edcf0790f176f3","1038","migrated_unchanged","experiments/summaries/stage02_constraint_guided_rerun04_failure_cases.csv","468f2e96661033b7d448b308f85a472bc5eacc7c5d02dd6406edcf0790f176f3","Byte-identical scientific source retained"
"experiments/summaries/stage02_constraint_guided_rerun04_gate_report.csv","0de901e054a71645ea8e6ba6468adcf02b2badd8697704eb75f273c96f45110e","4386","migrated_unchanged","experiments/summaries/stage02_constraint_guided_rerun04_gate_report.csv","0de901e054a71645ea8e6ba6468adcf02b2badd8697704eb75f273c96f45110e","Byte-identical scientific source retained"
"experiments/summaries/stage02_constraint_guided_rerun04_operator_summary.csv","792d262ff864facb45e84f665f492ba0ccab67dbcb8aae62ab61d652bd7af698","19679","migrated_unchanged","experiments/summaries/stage02_constraint_guided_rerun04_operator_summary.csv","792d262ff864facb45e84f665f492ba0ccab67dbcb8aae62ab61d652bd7af698","Byte-identical scientific source retained"
"experiments/summaries/stage02_constraint_guided_rerun04_parameters.toml","acefe426b4fb5aa9182b1a62d100ea8c7738c31bb010b84c05de8f1199574865","2259","migrated_unchanged","experiments/summaries/stage02_constraint_guided_rerun04_parameters.toml","acefe426b4fb5aa9182b1a62d100ea8c7738c31bb010b84c05de8f1199574865","Byte-identical scientific source retained"
"experiments/summaries/stage02_constraint_guided_rerun04_per_run_results.csv","15c7f66eeaec60fc63aa80c4cc847def6add4a0aada2b6ec76d22cd249db6ff0","300174","migrated_unchanged","experiments/summaries/stage02_constraint_guided_rerun04_per_run_results.csv","15c7f66eeaec60fc63aa80c4cc847def6add4a0aada2b6ec76d22cd249db6ff0","Byte-identical scientific source retained"
"experiments/summaries/stage02_constraint_guided_rerun04_repeatability.csv","ea7d881526e40ac980db2939d8c8daf356ef2821f0f5a6be4106d8bf9c8d21ab","331","migrated_unchanged","experiments/summaries/stage02_constraint_guided_rerun04_repeatability.csv","ea7d881526e40ac980db2939d8c8daf356ef2821f0f5a6be4106d8bf9c8d21ab","Byte-identical scientific source retained"
"experiments/summaries/stage02_constraint_guided_rerun04_review_findings.csv","c81e40e5e0567cdd360b4025530b7bf3816a4c62f127b0698d064ff250631358","5507","migrated_unchanged","experiments/summaries/stage02_constraint_guided_rerun04_review_findings.csv","c81e40e5e0567cdd360b4025530b7bf3816a4c62f127b0698d064ff250631358","Byte-identical scientific source retained"
"experiments/summaries/stage02_constraint_guided_rerun04_review_manifest.json","eb6bd905e7b3412bc0540ff208245e729e3af950a03c9cab3ad5d3142cd3be8b","3902","migrated_unchanged","experiments/summaries/stage02_constraint_guided_rerun04_review_manifest.json","eb6bd905e7b3412bc0540ff208245e729e3af950a03c9cab3ad5d3142cd3be8b","Byte-identical scientific source retained"
"experiments/summaries/stage02_constraint_guided_rerun04_review_report.md","9b7d63af594591c3059fe643a2929c26fcc7dde366ad5583fe594241a85f85c3","5970","migrated_unchanged","experiments/summaries/stage02_constraint_guided_rerun04_review_report.md","9b7d63af594591c3059fe643a2929c26fcc7dde366ad5583fe594241a85f85c3","Byte-identical scientific source retained"
"experiments/summaries/stage02_constraint_guided_rerun04_stage02_2_comparison.csv","731eda52dc81bd6bf16e9e4fcaca9f878894e3c2544252fc11d16cffb9a23324","8988","migrated_unchanged","experiments/summaries/stage02_constraint_guided_rerun04_stage02_2_comparison.csv","731eda52dc81bd6bf16e9e4fcaca9f878894e3c2544252fc11d16cffb9a23324","Byte-identical scientific source retained"
"experiments/summaries/stage02_constraint_guided_rerun04_stage03_readiness.csv","a5842d606815567ba48033655562fb8b7596521cc5f424ffd2a9a997c43ba2da","77893","migrated_unchanged","experiments/summaries/stage02_constraint_guided_rerun04_stage03_readiness.csv","a5842d606815567ba48033655562fb8b7596521cc5f424ffd2a9a997c43ba2da","Byte-identical scientific source retained"
"experiments/summaries/stage02_constraint_guided_rerun04_summary_results.csv","7c766ce5e6e9972e2c9d1d4c4ec4180b47e13e9c9bbc9e9afbc0a32ad716c1c9","5676","migrated_unchanged","experiments/summaries/stage02_constraint_guided_rerun04_summary_results.csv","7c766ce5e6e9972e2c9d1d4c4ec4180b47e13e9c9bbc9e9afbc0a32ad716c1c9","Byte-identical scientific source retained"
"experiments/summaries/stage02_constraint_guided_rerun05_100_customer_comparison.csv","24b3565cb21cb6991902ed92c6d292b42e22c3795950040285ddaf0371171cda","2533","migrated_unchanged","experiments/summaries/stage02_constraint_guided_rerun05_100_customer_comparison.csv","24b3565cb21cb6991902ed92c6d292b42e22c3795950040285ddaf0371171cda","Byte-identical scientific source retained"
"experiments/summaries/stage02_constraint_guided_rerun05_environment.json","49e93f5284c7151f82fac42d46bd835db55964cc63adc467fb8a98c6d87bf83c","3091","migrated_unchanged","experiments/summaries/stage02_constraint_guided_rerun05_environment.json","49e93f5284c7151f82fac42d46bd835db55964cc63adc467fb8a98c6d87bf83c","Byte-identical scientific source retained"
"experiments/summaries/stage02_constraint_guided_rerun05_failure_cases.csv","468f2e96661033b7d448b308f85a472bc5eacc7c5d02dd6406edcf0790f176f3","1038","migrated_unchanged","experiments/summaries/stage02_constraint_guided_rerun05_failure_cases.csv","468f2e96661033b7d448b308f85a472bc5eacc7c5d02dd6406edcf0790f176f3","Byte-identical scientific source retained"
"experiments/summaries/stage02_constraint_guided_rerun05_gate_report.csv","008c09375d187d6f8b70c0bae9dbb2a0703f0d44f3896c83d275c6467052f970","4386","migrated_unchanged","experiments/summaries/stage02_constraint_guided_rerun05_gate_report.csv","008c09375d187d6f8b70c0bae9dbb2a0703f0d44f3896c83d275c6467052f970","Byte-identical scientific source retained"
"experiments/summaries/stage02_constraint_guided_rerun05_operator_summary.csv","c00fc0c17d6d19dfea66fddc83fb8ae52ac74392e8e851352434ff9e7874c7c9","19953","migrated_unchanged","experiments/summaries/stage02_constraint_guided_rerun05_operator_summary.csv","c00fc0c17d6d19dfea66fddc83fb8ae52ac74392e8e851352434ff9e7874c7c9","Byte-identical scientific source retained"
"experiments/summaries/stage02_constraint_guided_rerun05_parameters.toml","70ced5f9eb83e5ef9dc83981351b48327f0d2822ec0d7902c051351f3e06be38","2456","migrated_unchanged","experiments/summaries/stage02_constraint_guided_rerun05_parameters.toml","70ced5f9eb83e5ef9dc83981351b48327f0d2822ec0d7902c051351f3e06be38","Byte-identical scientific source retained"
"experiments/summaries/stage02_constraint_guided_rerun05_per_run_results.csv","a7191a059fb561fad262f9706ee119ab3dea916d4a74b1e8ea0466fdf3caff4a","300841","migrated_unchanged","experiments/summaries/stage02_constraint_guided_rerun05_per_run_results.csv","a7191a059fb561fad262f9706ee119ab3dea916d4a74b1e8ea0466fdf3caff4a","Byte-identical scientific source retained"
"experiments/summaries/stage02_constraint_guided_rerun05_repeatability.csv","cb6274abb99f684e2c3abde3d39982401970e763c061782c7671cb626d49f139","331","migrated_unchanged","experiments/summaries/stage02_constraint_guided_rerun05_repeatability.csv","cb6274abb99f684e2c3abde3d39982401970e763c061782c7671cb626d49f139","Byte-identical scientific source retained"
"experiments/summaries/stage02_constraint_guided_rerun05_stage02_2_comparison.csv","b7a144d69fcea9c78d39e79226d85c2a392495a84c6ee8a64c83f86d65500c4a","9095","migrated_unchanged","experiments/summaries/stage02_constraint_guided_rerun05_stage02_2_comparison.csv","b7a144d69fcea9c78d39e79226d85c2a392495a84c6ee8a64c83f86d65500c4a","Byte-identical scientific source retained"
"experiments/summaries/stage02_constraint_guided_rerun05_summary_results.csv","56722bd04ac42072d6fae4f3f72437921538d81e137d964df9de79e4228a2f00","5723","migrated_unchanged","experiments/summaries/stage02_constraint_guided_rerun05_summary_results.csv","56722bd04ac42072d6fae4f3f72437921538d81e137d964df9de79e4228a2f00","Byte-identical scientific source retained"
"experiments/summaries/stage02_constraint_guided_rerun06_100_customer_comparison.csv","08347f3c6dc51811225d2ab42664023ead187851b629b37a346b58f29a7e94d2","2580","migrated_unchanged","experiments/summaries/stage02_constraint_guided_rerun06_100_customer_comparison.csv","08347f3c6dc51811225d2ab42664023ead187851b629b37a346b58f29a7e94d2","Byte-identical scientific source retained"
"experiments/summaries/stage02_constraint_guided_rerun06_environment.json","49a5451227111e564ad68f7347e9ed0eb05b47068022e7acd9c406914c5befe0","3091","migrated_unchanged","experiments/summaries/stage02_constraint_guided_rerun06_environment.json","49a5451227111e564ad68f7347e9ed0eb05b47068022e7acd9c406914c5befe0","Byte-identical scientific source retained"
"experiments/summaries/stage02_constraint_guided_rerun06_failure_analysis.csv","095355192a1ae7b30eb71ab30ca8ecd6b2204495a216f6fb7ee34f1d895b3578","4588","migrated_unchanged","experiments/summaries/stage02_constraint_guided_rerun06_failure_analysis.csv","095355192a1ae7b30eb71ab30ca8ecd6b2204495a216f6fb7ee34f1d895b3578","Byte-identical scientific source retained"
"experiments/summaries/stage02_constraint_guided_rerun06_failure_cases.csv","468f2e96661033b7d448b308f85a472bc5eacc7c5d02dd6406edcf0790f176f3","1038","migrated_unchanged","experiments/summaries/stage02_constraint_guided_rerun06_failure_cases.csv","468f2e96661033b7d448b308f85a472bc5eacc7c5d02dd6406edcf0790f176f3","Byte-identical scientific source retained"
"experiments/summaries/stage02_constraint_guided_rerun06_gate_report.csv","87d512d6af6515bf7ba26fda7c5626f7398642d910fb60eed5527487ea228e49","4386","migrated_unchanged","experiments/summaries/stage02_constraint_guided_rerun06_gate_report.csv","87d512d6af6515bf7ba26fda7c5626f7398642d910fb60eed5527487ea228e49","Byte-identical scientific source retained"
"experiments/summaries/stage02_constraint_guided_rerun06_manifest.json","2260685506ceabd8a5c1b37d729a20c67eea0fc31d353d7cf8bf382400abf234","11038","migrated_unchanged","experiments/summaries/stage02_constraint_guided_rerun06_manifest.json","2260685506ceabd8a5c1b37d729a20c67eea0fc31d353d7cf8bf382400abf234","Byte-identical scientific source retained"
"experiments/summaries/stage02_constraint_guided_rerun06_operator_summary.csv","d3aaf147d26eb25098412f9a8f395388726efb268b673ca8cf61a6916cefe919","20822","migrated_unchanged","experiments/summaries/stage02_constraint_guided_rerun06_operator_summary.csv","d3aaf147d26eb25098412f9a8f395388726efb268b673ca8cf61a6916cefe919","Byte-identical scientific source retained"
"experiments/summaries/stage02_constraint_guided_rerun06_parameters.toml","a206249ce19ec810f6ef4b04cfa9dd6d841bd8da4db9f05764450615b685fff5","2515","migrated_unchanged","experiments/summaries/stage02_constraint_guided_rerun06_parameters.toml","a206249ce19ec810f6ef4b04cfa9dd6d841bd8da4db9f05764450615b685fff5","Byte-identical scientific source retained"
"experiments/summaries/stage02_constraint_guided_rerun06_per_run_results.csv","4bbfc3a0fcd78f89c2ca14a243a10d6d3420e73019d25040b1eae27a8c8af7f5","314287","migrated_unchanged","experiments/summaries/stage02_constraint_guided_rerun06_per_run_results.csv","4bbfc3a0fcd78f89c2ca14a243a10d6d3420e73019d25040b1eae27a8c8af7f5","Byte-identical scientific source retained"
"experiments/summaries/stage02_constraint_guided_rerun06_repeatability.csv","a6b59f5d07d19479451236780a1ae50d5fa6c4b01c53c1e126ec38fea23e7769","331","migrated_unchanged","experiments/summaries/stage02_constraint_guided_rerun06_repeatability.csv","a6b59f5d07d19479451236780a1ae50d5fa6c4b01c53c1e126ec38fea23e7769","Byte-identical scientific source retained"
"experiments/summaries/stage02_constraint_guided_rerun06_review_findings.csv","f017e883fbfb77994e665a33edfd0a3bb3de006ed4132e4cefcc3b2617773cc3","6362","migrated_unchanged","experiments/summaries/stage02_constraint_guided_rerun06_review_findings.csv","f017e883fbfb77994e665a33edfd0a3bb3de006ed4132e4cefcc3b2617773cc3","Byte-identical scientific source retained"
"experiments/summaries/stage02_constraint_guided_rerun06_review_manifest.json","342051d532ce8a942588433dea5ccf04426b7bc70059a2b2f85e7756d8fdea4a","3902","migrated_unchanged","experiments/summaries/stage02_constraint_guided_rerun06_review_manifest.json","342051d532ce8a942588433dea5ccf04426b7bc70059a2b2f85e7756d8fdea4a","Byte-identical scientific source retained"
"experiments/summaries/stage02_constraint_guided_rerun06_review_report.md","06d822ffa1a8d725e0592e3a51246150a89054f3bc1bbd41ff9fa71eef793ce8","6808","migrated_unchanged","experiments/summaries/stage02_constraint_guided_rerun06_review_report.md","06d822ffa1a8d725e0592e3a51246150a89054f3bc1bbd41ff9fa71eef793ce8","Byte-identical scientific source retained"
"experiments/summaries/stage02_constraint_guided_rerun06_stage02_2_comparison.csv","f75103fdeaa69f37911649a3cb6361349ab622f2e2ec14d00578ff328c2901ea","9142","migrated_unchanged","experiments/summaries/stage02_constraint_guided_rerun06_stage02_2_comparison.csv","f75103fdeaa69f37911649a3cb6361349ab622f2e2ec14d00578ff328c2901ea","Byte-identical scientific source retained"
"experiments/summaries/stage02_constraint_guided_rerun06_stage03_readiness.csv","da8c17fe6c6bc09337b1a44eb0b1ee8c238339c6bcd812e44676c239696b8c5f","77917","migrated_unchanged","experiments/summaries/stage02_constraint_guided_rerun06_stage03_readiness.csv","da8c17fe6c6bc09337b1a44eb0b1ee8c238339c6bcd812e44676c239696b8c5f","Byte-identical scientific source retained"
"experiments/summaries/stage02_constraint_guided_rerun06_summary_results.csv","0e3e1dedbfee17f730f9fc81ce950d877146bd8864c262605cfa9675903eb3a8","5629","migrated_unchanged","experiments/summaries/stage02_constraint_guided_rerun06_summary_results.csv","0e3e1dedbfee17f730f9fc81ce950d877146bd8864c262605cfa9675903eb3a8","Byte-identical scientific source retained"
"experiments/summaries/stage02_constraint_guided_rerun07_100_customer_comparison.csv","08347f3c6dc51811225d2ab42664023ead187851b629b37a346b58f29a7e94d2","2580","migrated_unchanged","experiments/summaries/stage02_constraint_guided_rerun07_100_customer_comparison.csv","08347f3c6dc51811225d2ab42664023ead187851b629b37a346b58f29a7e94d2","Byte-identical scientific source retained"
"experiments/summaries/stage02_constraint_guided_rerun07_environment.json","f23bbcfa1f2966a15dfc9d6dc0a482f3bd0e81694f18b9a5b77c8e273575f006","3091","migrated_unchanged","experiments/summaries/stage02_constraint_guided_rerun07_environment.json","f23bbcfa1f2966a15dfc9d6dc0a482f3bd0e81694f18b9a5b77c8e273575f006","Byte-identical scientific source retained"
"experiments/summaries/stage02_constraint_guided_rerun07_failure_analysis.csv","095355192a1ae7b30eb71ab30ca8ecd6b2204495a216f6fb7ee34f1d895b3578","4588","migrated_unchanged","experiments/summaries/stage02_constraint_guided_rerun07_failure_analysis.csv","095355192a1ae7b30eb71ab30ca8ecd6b2204495a216f6fb7ee34f1d895b3578","Byte-identical scientific source retained"
"experiments/summaries/stage02_constraint_guided_rerun07_failure_cases.csv","468f2e96661033b7d448b308f85a472bc5eacc7c5d02dd6406edcf0790f176f3","1038","migrated_unchanged","experiments/summaries/stage02_constraint_guided_rerun07_failure_cases.csv","468f2e96661033b7d448b308f85a472bc5eacc7c5d02dd6406edcf0790f176f3","Byte-identical scientific source retained"
"experiments/summaries/stage02_constraint_guided_rerun07_gate_report.csv","13b679fd7a97b9880d2f3af1d6f667118be63a9941e4b6f499f9314cc30f1acb","4386","migrated_unchanged","experiments/summaries/stage02_constraint_guided_rerun07_gate_report.csv","13b679fd7a97b9880d2f3af1d6f667118be63a9941e4b6f499f9314cc30f1acb","Byte-identical scientific source retained"
"experiments/summaries/stage02_constraint_guided_rerun07_operator_summary.csv","94d97813cb5564cfda79d2b9a88c40f9899c152ebc2ace648a46bcc225edec5d","20959","migrated_unchanged","experiments/summaries/stage02_constraint_guided_rerun07_operator_summary.csv","94d97813cb5564cfda79d2b9a88c40f9899c152ebc2ace648a46bcc225edec5d","Byte-identical scientific source retained"
"experiments/summaries/stage02_constraint_guided_rerun07_parameters.toml","a206249ce19ec810f6ef4b04cfa9dd6d841bd8da4db9f05764450615b685fff5","2515","migrated_unchanged","experiments/summaries/stage02_constraint_guided_rerun07_parameters.toml","a206249ce19ec810f6ef4b04cfa9dd6d841bd8da4db9f05764450615b685fff5","Byte-identical scientific source retained"
"experiments/summaries/stage02_constraint_guided_rerun07_per_run_results.csv","d0808a2651f1a956a2e4d4b26f87613a0f63a4f228e9e740a8ae34fe906cfe0c","314107","migrated_unchanged","experiments/summaries/stage02_constraint_guided_rerun07_per_run_results.csv","d0808a2651f1a956a2e4d4b26f87613a0f63a4f228e9e740a8ae34fe906cfe0c","Byte-identical scientific source retained"
"experiments/summaries/stage02_constraint_guided_rerun07_repeatability.csv","358d918eef3505c4c5b4e80435822ddfff7d2b8a34606e1a6c3712ebdefef6dc","331","migrated_unchanged","experiments/summaries/stage02_constraint_guided_rerun07_repeatability.csv","358d918eef3505c4c5b4e80435822ddfff7d2b8a34606e1a6c3712ebdefef6dc","Byte-identical scientific source retained"
"experiments/summaries/stage02_constraint_guided_rerun07_review_findings.csv","c43bcd7dbc7a20b0891e5f34fa358c73b8db87018afb776133aafeaff47518e8","7311","migrated_unchanged","experiments/summaries/stage02_constraint_guided_rerun07_review_findings.csv","c43bcd7dbc7a20b0891e5f34fa358c73b8db87018afb776133aafeaff47518e8","Byte-identical scientific source retained"
"experiments/summaries/stage02_constraint_guided_rerun07_review_manifest.json","1a39ab15aff468f4c589008cdbe409cd661dec72b3e8c3f30c9a943fe6e6d077","4846","migrated_unchanged","experiments/summaries/stage02_constraint_guided_rerun07_review_manifest.json","1a39ab15aff468f4c589008cdbe409cd661dec72b3e8c3f30c9a943fe6e6d077","Byte-identical scientific source retained"
"experiments/summaries/stage02_constraint_guided_rerun07_review_report.md","0ba3e2b7a4bac8ad7a6eee28d7d07fde85953275d5fbe8deb9320691326a7813","7727","migrated_unchanged","experiments/summaries/stage02_constraint_guided_rerun07_review_report.md","0ba3e2b7a4bac8ad7a6eee28d7d07fde85953275d5fbe8deb9320691326a7813","Byte-identical scientific source retained"
"experiments/summaries/stage02_constraint_guided_rerun07_stage02_2_comparison.csv","f75103fdeaa69f37911649a3cb6361349ab622f2e2ec14d00578ff328c2901ea","9142","migrated_unchanged","experiments/summaries/stage02_constraint_guided_rerun07_stage02_2_comparison.csv","f75103fdeaa69f37911649a3cb6361349ab622f2e2ec14d00578ff328c2901ea","Byte-identical scientific source retained"
"experiments/summaries/stage02_constraint_guided_rerun07_stage03_readiness.csv","9bc3f6da0ff26278e5efe8210aedc04b004a0c535ac15e89c184e13be7788f5b","77606","migrated_unchanged","experiments/summaries/stage02_constraint_guided_rerun07_stage03_readiness.csv","9bc3f6da0ff26278e5efe8210aedc04b004a0c535ac15e89c184e13be7788f5b","Byte-identical scientific source retained"
"experiments/summaries/stage02_constraint_guided_rerun07_summary_results.csv","1fcb594bf62345742c2bb5114423e8cba8391130f629393ac50fad225b2ec8d0","5607","migrated_unchanged","experiments/summaries/stage02_constraint_guided_rerun07_summary_results.csv","1fcb594bf62345742c2bb5114423e8cba8391130f629393ac50fad225b2ec8d0","Byte-identical scientific source retained"
"experiments/summaries/stage02_constraint_guided_rerun08_100_customer_comparison.csv","8513dda29e0b1dc12c934509cba6aa961bb3663b5c16ae8b3bde7e6394af7842","2511","migrated_unchanged","experiments/summaries/stage02_constraint_guided_rerun08_100_customer_comparison.csv","8513dda29e0b1dc12c934509cba6aa961bb3663b5c16ae8b3bde7e6394af7842","Byte-identical scientific source retained"
"experiments/summaries/stage02_constraint_guided_rerun08_environment.json","7e0b34d385a03ea4203ce6ebd308f399808f247ede816c13d8ce67f813ee9ea3","3091","migrated_unchanged","experiments/summaries/stage02_constraint_guided_rerun08_environment.json","7e0b34d385a03ea4203ce6ebd308f399808f247ede816c13d8ce67f813ee9ea3","Byte-identical scientific source retained"
"experiments/summaries/stage02_constraint_guided_rerun08_failure_analysis.csv","093a034ad604b5bfdf196df172948b5530d974e5ef78ba98f28a541e1c3fb5c6","4587","migrated_unchanged","experiments/summaries/stage02_constraint_guided_rerun08_failure_analysis.csv","093a034ad604b5bfdf196df172948b5530d974e5ef78ba98f28a541e1c3fb5c6","Byte-identical scientific source retained"
"experiments/summaries/stage02_constraint_guided_rerun08_failure_cases.csv","468f2e96661033b7d448b308f85a472bc5eacc7c5d02dd6406edcf0790f176f3","1038","migrated_unchanged","experiments/summaries/stage02_constraint_guided_rerun08_failure_cases.csv","468f2e96661033b7d448b308f85a472bc5eacc7c5d02dd6406edcf0790f176f3","Byte-identical scientific source retained"
"experiments/summaries/stage02_constraint_guided_rerun08_gate_report.csv","bc67eabce657c9af8b55edc9eadc44c660793b2279b27663b85f87c52ab8d20b","4386","migrated_unchanged","experiments/summaries/stage02_constraint_guided_rerun08_gate_report.csv","bc67eabce657c9af8b55edc9eadc44c660793b2279b27663b85f87c52ab8d20b","Byte-identical scientific source retained"
"experiments/summaries/stage02_constraint_guided_rerun08_operator_summary.csv","3ccf7028097a2657f8673957a7c301b6cb42be32fc1bc0fe29ef541f91a29c65","21063","migrated_unchanged","experiments/summaries/stage02_constraint_guided_rerun08_operator_summary.csv","3ccf7028097a2657f8673957a7c301b6cb42be32fc1bc0fe29ef541f91a29c65","Byte-identical scientific source retained"
"experiments/summaries/stage02_constraint_guided_rerun08_parameters.toml","a206249ce19ec810f6ef4b04cfa9dd6d841bd8da4db9f05764450615b685fff5","2515","migrated_unchanged","experiments/summaries/stage02_constraint_guided_rerun08_parameters.toml","a206249ce19ec810f6ef4b04cfa9dd6d841bd8da4db9f05764450615b685fff5","Byte-identical scientific source retained"
"experiments/summaries/stage02_constraint_guided_rerun08_per_run_results.csv","7efa781a7b1f33c09abc916e744dafbc9a5ed88dc6491be90a5451087f2c2a23","314524","migrated_unchanged","experiments/summaries/stage02_constraint_guided_rerun08_per_run_results.csv","7efa781a7b1f33c09abc916e744dafbc9a5ed88dc6491be90a5451087f2c2a23","Byte-identical scientific source retained"
"experiments/summaries/stage02_constraint_guided_rerun08_repeatability.csv","b010312f4aa2e6fa5c7a2718b9f199d4e2ce46daf38dd5fc0d9b80160b3198e5","331","migrated_unchanged","experiments/summaries/stage02_constraint_guided_rerun08_repeatability.csv","b010312f4aa2e6fa5c7a2718b9f199d4e2ce46daf38dd5fc0d9b80160b3198e5","Byte-identical scientific source retained"
"experiments/summaries/stage02_constraint_guided_rerun08_review_findings.csv","f7794ace764262aa0b57253aa1268b91d07b977abf9755e81befe8b8b0f65a99","10221","migrated_unchanged","experiments/summaries/stage02_constraint_guided_rerun08_review_findings.csv","f7794ace764262aa0b57253aa1268b91d07b977abf9755e81befe8b8b0f65a99","Byte-identical scientific source retained"
"experiments/summaries/stage02_constraint_guided_rerun08_review_manifest.json","e45da99318ee8e02b3b5365cdac7afb57f7c564ce7a672141d58183e3a74e3cc","8457","migrated_unchanged","experiments/summaries/stage02_constraint_guided_rerun08_review_manifest.json","e45da99318ee8e02b3b5365cdac7afb57f7c564ce7a672141d58183e3a74e3cc","Byte-identical scientific source retained"
"experiments/summaries/stage02_constraint_guided_rerun08_review_report.md","4c309ac69909d954a216c71315e4a59a092f5f36be32eed0b6c4b94ec750732a","10579","migrated_unchanged","experiments/summaries/stage02_constraint_guided_rerun08_review_report.md","4c309ac69909d954a216c71315e4a59a092f5f36be32eed0b6c4b94ec750732a","Byte-identical scientific source retained"
"experiments/summaries/stage02_constraint_guided_rerun08_stage02_2_comparison.csv","9343d871e2e8d27d9fbef79c2cd5d533a0026704ca1890ca19584cd305242697","9073","migrated_unchanged","experiments/summaries/stage02_constraint_guided_rerun08_stage02_2_comparison.csv","9343d871e2e8d27d9fbef79c2cd5d533a0026704ca1890ca19584cd305242697","Byte-identical scientific source retained"
"experiments/summaries/stage02_constraint_guided_rerun08_stage03_readiness.csv","ecb844bf6242639243a1e0c10f385ec5501912b6f23747c57f53f665e571930b","77579","migrated_unchanged","experiments/summaries/stage02_constraint_guided_rerun08_stage03_readiness.csv","ecb844bf6242639243a1e0c10f385ec5501912b6f23747c57f53f665e571930b","Byte-identical scientific source retained"
"experiments/summaries/stage02_constraint_guided_rerun08_summary_results.csv","bb0c44581989c6851eee34ef423ed34e16f20f78b04162eebf5bb977fd1cd511","5606","migrated_unchanged","experiments/summaries/stage02_constraint_guided_rerun08_summary_results.csv","bb0c44581989c6851eee34ef423ed34e16f20f78b04162eebf5bb977fd1cd511","Byte-identical scientific source retained"
"experiments/summaries/stage02_constraint_guided_rerun09_100_customer_comparison.csv","08347f3c6dc51811225d2ab42664023ead187851b629b37a346b58f29a7e94d2","2580","migrated_unchanged","experiments/summaries/stage02_constraint_guided_rerun09_100_customer_comparison.csv","08347f3c6dc51811225d2ab42664023ead187851b629b37a346b58f29a7e94d2","Byte-identical scientific source retained"
"experiments/summaries/stage02_constraint_guided_rerun09_environment.json","2ee83d7e410b73028f8036be14cc409654dfc0cf72e5cb16da332b44a51b2e2f","3091","migrated_unchanged","experiments/summaries/stage02_constraint_guided_rerun09_environment.json","2ee83d7e410b73028f8036be14cc409654dfc0cf72e5cb16da332b44a51b2e2f","Byte-identical scientific source retained"
"experiments/summaries/stage02_constraint_guided_rerun09_failure_analysis.csv","e4c979a25e3766d2ac42aad668126b1aad32e85d620054ea0f2503f6ae80ba71","4583","migrated_unchanged","experiments/summaries/stage02_constraint_guided_rerun09_failure_analysis.csv","e4c979a25e3766d2ac42aad668126b1aad32e85d620054ea0f2503f6ae80ba71","Byte-identical scientific source retained"
"experiments/summaries/stage02_constraint_guided_rerun09_failure_cases.csv","468f2e96661033b7d448b308f85a472bc5eacc7c5d02dd6406edcf0790f176f3","1038","migrated_unchanged","experiments/summaries/stage02_constraint_guided_rerun09_failure_cases.csv","468f2e96661033b7d448b308f85a472bc5eacc7c5d02dd6406edcf0790f176f3","Byte-identical scientific source retained"
"experiments/summaries/stage02_constraint_guided_rerun09_gate_report.csv","2e616c51f07040085cd95bfca5803bbfd3a35dde863d776e726b495c2f26865c","4385","migrated_unchanged","experiments/summaries/stage02_constraint_guided_rerun09_gate_report.csv","2e616c51f07040085cd95bfca5803bbfd3a35dde863d776e726b495c2f26865c","Byte-identical scientific source retained"
"experiments/summaries/stage02_constraint_guided_rerun09_operator_summary.csv","04f947647b9b372e4862a3db5b8f9de64aba96529f3f618ddc17b06e2c0ebea4","21057","migrated_unchanged","experiments/summaries/stage02_constraint_guided_rerun09_operator_summary.csv","04f947647b9b372e4862a3db5b8f9de64aba96529f3f618ddc17b06e2c0ebea4","Byte-identical scientific source retained"
"experiments/summaries/stage02_constraint_guided_rerun09_parameters.toml","a206249ce19ec810f6ef4b04cfa9dd6d841bd8da4db9f05764450615b685fff5","2515","migrated_unchanged","experiments/summaries/stage02_constraint_guided_rerun09_parameters.toml","a206249ce19ec810f6ef4b04cfa9dd6d841bd8da4db9f05764450615b685fff5","Byte-identical scientific source retained"
"experiments/summaries/stage02_constraint_guided_rerun09_per_run_results.csv","9280ae00a3b5f1c83fad3c8fd5977da962db501d0100f15146db0255f3757fa5","314437","migrated_unchanged","experiments/summaries/stage02_constraint_guided_rerun09_per_run_results.csv","9280ae00a3b5f1c83fad3c8fd5977da962db501d0100f15146db0255f3757fa5","Byte-identical scientific source retained"
"experiments/summaries/stage02_constraint_guided_rerun09_repeatability.csv","38a5ea4af1b68638c44a6f0d540f55c8aec36184986ab53b2bf38fa85c007dfe","331","migrated_unchanged","experiments/summaries/stage02_constraint_guided_rerun09_repeatability.csv","38a5ea4af1b68638c44a6f0d540f55c8aec36184986ab53b2bf38fa85c007dfe","Byte-identical scientific source retained"
"experiments/summaries/stage02_constraint_guided_rerun09_review_findings.csv","b0db1882ed418e6b9b149e60bcd2f8d14213387e199908425f9434c99466e6ca","13878","migrated_unchanged","experiments/summaries/stage02_constraint_guided_rerun09_review_findings.csv","b0db1882ed418e6b9b149e60bcd2f8d14213387e199908425f9434c99466e6ca","Byte-identical scientific source retained"
"experiments/summaries/stage02_constraint_guided_rerun09_review_manifest.json","f2fcc8af6286d48c21d4451c6ad4f60f68295f76a7b4622f021bcb354959293e","8545","migrated_unchanged","experiments/summaries/stage02_constraint_guided_rerun09_review_manifest.json","f2fcc8af6286d48c21d4451c6ad4f60f68295f76a7b4622f021bcb354959293e","Byte-identical scientific source retained"
"experiments/summaries/stage02_constraint_guided_rerun09_review_report.md","917af2db4eee3838a32192dcbbd30c4afda95267a2f257bc132bc502cee73d45","14236","migrated_unchanged","experiments/summaries/stage02_constraint_guided_rerun09_review_report.md","917af2db4eee3838a32192dcbbd30c4afda95267a2f257bc132bc502cee73d45","Byte-identical scientific source retained"
"experiments/summaries/stage02_constraint_guided_rerun09_stage02_2_comparison.csv","f75103fdeaa69f37911649a3cb6361349ab622f2e2ec14d00578ff328c2901ea","9142","migrated_unchanged","experiments/summaries/stage02_constraint_guided_rerun09_stage02_2_comparison.csv","f75103fdeaa69f37911649a3cb6361349ab622f2e2ec14d00578ff328c2901ea","Byte-identical scientific source retained"
"experiments/summaries/stage02_constraint_guided_rerun09_stage03_readiness.csv","0f48554dd20991d7a3742159e116950e583417699e0354b29da053b8ca3d0b27","77641","migrated_unchanged","experiments/summaries/stage02_constraint_guided_rerun09_stage03_readiness.csv","0f48554dd20991d7a3742159e116950e583417699e0354b29da053b8ca3d0b27","Byte-identical scientific source retained"
"experiments/summaries/stage02_constraint_guided_rerun09_summary_results.csv","decda42b39adb7839d3b951c9cc425595be44e1ea66ff97e5bc0df036666b14c","5606","migrated_unchanged","experiments/summaries/stage02_constraint_guided_rerun09_summary_results.csv","decda42b39adb7839d3b951c9cc425595be44e1ea66ff97e5bc0df036666b14c","Byte-identical scientific source retained"
"experiments/summaries/stage02_environment.json","a37321ce0e23661ef056c7c459dc7b3d2f74f69a5e40a71fc25e06d93721c3d9","2810","migrated_unchanged","experiments/summaries/stage02_environment.json","a37321ce0e23661ef056c7c459dc7b3d2f74f69a5e40a71fc25e06d93721c3d9","Byte-identical scientific source retained"
"experiments/summaries/stage02_failure_cases.csv","40ce202c010839a0060ee084577f292ef4906f317d847a73513f40aa01891ccf","893","migrated_unchanged","experiments/summaries/stage02_failure_cases.csv","40ce202c010839a0060ee084577f292ef4906f317d847a73513f40aa01891ccf","Byte-identical scientific source retained"
"experiments/summaries/stage02_gate_report.csv","fdca162e4392a6241a36d2da5880494f632485ca6e8a28a93ed501fd75d97298","1529","migrated_unchanged","experiments/summaries/stage02_gate_report.csv","fdca162e4392a6241a36d2da5880494f632485ca6e8a28a93ed501fd75d97298","Byte-identical scientific source retained"
"experiments/summaries/stage02_operator_summary.csv","6300e462547f8f509db2a6631370e63a3f4889056395aa486a33d8b110398bfd","4395","migrated_unchanged","experiments/summaries/stage02_operator_summary.csv","6300e462547f8f509db2a6631370e63a3f4889056395aa486a33d8b110398bfd","Byte-identical scientific source retained"
"experiments/summaries/stage02_parameters.toml","e2433bf39c5b117a364e644319e58975bafa445df5b02564025317321df71f1d","732","migrated_unchanged","experiments/summaries/stage02_parameters.toml","e2433bf39c5b117a364e644319e58975bafa445df5b02564025317321df71f1d","Byte-identical scientific source retained"
"experiments/summaries/stage02_per_run_results.csv","0bb5bfd823808926b6d291b603a34a433201a19a364f14791bf81d2e5c234dcd","79131","migrated_unchanged","experiments/summaries/stage02_per_run_results.csv","0bb5bfd823808926b6d291b603a34a433201a19a364f14791bf81d2e5c234dcd","Byte-identical scientific source retained"
"experiments/summaries/stage02_quality_attempt01_100_customer_comparison.csv","46c2ca7ba27d880e7f39d3dfdde7dfe91c3f12203d547d4b084a41900b1050fa","2673","migrated_unchanged","experiments/summaries/stage02_quality_attempt01_100_customer_comparison.csv","46c2ca7ba27d880e7f39d3dfdde7dfe91c3f12203d547d4b084a41900b1050fa","Byte-identical scientific source retained"
"experiments/summaries/stage02_quality_attempt01_environment.json","c16b5f9b357997f175d554451c4e923813b95b6e2855782d3ed2c104b7b3be07","2945","migrated_unchanged","experiments/summaries/stage02_quality_attempt01_environment.json","c16b5f9b357997f175d554451c4e923813b95b6e2855782d3ed2c104b7b3be07","Byte-identical scientific source retained"
"experiments/summaries/stage02_quality_attempt01_failure_cases.csv","40ce202c010839a0060ee084577f292ef4906f317d847a73513f40aa01891ccf","893","migrated_unchanged","experiments/summaries/stage02_quality_attempt01_failure_cases.csv","40ce202c010839a0060ee084577f292ef4906f317d847a73513f40aa01891ccf","Byte-identical scientific source retained"
"experiments/summaries/stage02_quality_attempt01_gate_report.csv","5286180b553f0452a11a4a09e65bf5f49be51cdd9e08718d1c365f65e35570f0","2539","migrated_unchanged","experiments/summaries/stage02_quality_attempt01_gate_report.csv","5286180b553f0452a11a4a09e65bf5f49be51cdd9e08718d1c365f65e35570f0","Byte-identical scientific source retained"
"experiments/summaries/stage02_quality_attempt01_operator_summary.csv","75bfaeb8a21334569d13cb86c546369e405e3f113d343a7dfb22de00ff76ae9b","13847","migrated_unchanged","experiments/summaries/stage02_quality_attempt01_operator_summary.csv","75bfaeb8a21334569d13cb86c546369e405e3f113d343a7dfb22de00ff76ae9b","Byte-identical scientific source retained"
"experiments/summaries/stage02_quality_attempt01_parameters.toml","05c22b1d100733d25c1a8fffff4fe3a77ada94b66d033496441191030b6ff9d4","1249","migrated_unchanged","experiments/summaries/stage02_quality_attempt01_parameters.toml","05c22b1d100733d25c1a8fffff4fe3a77ada94b66d033496441191030b6ff9d4","Byte-identical scientific source retained"
"experiments/summaries/stage02_quality_attempt01_per_run_results.csv","e1487be19410e840ca7276d0a8ec1bec055ed739c9d075f9bc64224db5942ce8","171502","migrated_unchanged","experiments/summaries/stage02_quality_attempt01_per_run_results.csv","e1487be19410e840ca7276d0a8ec1bec055ed739c9d075f9bc64224db5942ce8","Byte-identical scientific source retained"
"experiments/summaries/stage02_quality_attempt01_repeatability.csv","23db972cba61037794fd595c835fa2e9d626ef724a6fca2b859c077ec7b840e9","227","migrated_unchanged","experiments/summaries/stage02_quality_attempt01_repeatability.csv","23db972cba61037794fd595c835fa2e9d626ef724a6fca2b859c077ec7b840e9","Byte-identical scientific source retained"
"experiments/summaries/stage02_quality_attempt01_stage02_1_comparison.csv","78abba34932d6a3020f8ab7759733935877682004991e3c0ab4f0f3d64c36e99","9208","migrated_unchanged","experiments/summaries/stage02_quality_attempt01_stage02_1_comparison.csv","78abba34932d6a3020f8ab7759733935877682004991e3c0ab4f0f3d64c36e99","Byte-identical scientific source retained"
"experiments/summaries/stage02_quality_attempt01_summary_results.csv","55b7971a87db14ef57db7083fe87abfcc7b925d2280db74a16bce6667a2a02f5","5534","migrated_unchanged","experiments/summaries/stage02_quality_attempt01_summary_results.csv","55b7971a87db14ef57db7083fe87abfcc7b925d2280db74a16bce6667a2a02f5","Byte-identical scientific source retained"
"experiments/summaries/stage02_quality_attempt02_100_customer_comparison.csv","1a9d5d449aa7784cd31ab2bf09d174f8e62af2d96443da635434cd0a3d4b3f28","2366","migrated_unchanged","experiments/summaries/stage02_quality_attempt02_100_customer_comparison.csv","1a9d5d449aa7784cd31ab2bf09d174f8e62af2d96443da635434cd0a3d4b3f28","Byte-identical scientific source retained"
"experiments/summaries/stage02_quality_attempt02_environment.json","651f6d6425705af1dec7df93069734faf352460e1f3bfc81e271f7304f4e40c7","2944","migrated_unchanged","experiments/summaries/stage02_quality_attempt02_environment.json","651f6d6425705af1dec7df93069734faf352460e1f3bfc81e271f7304f4e40c7","Byte-identical scientific source retained"
"experiments/summaries/stage02_quality_attempt02_failure_cases.csv","40ce202c010839a0060ee084577f292ef4906f317d847a73513f40aa01891ccf","893","migrated_unchanged","experiments/summaries/stage02_quality_attempt02_failure_cases.csv","40ce202c010839a0060ee084577f292ef4906f317d847a73513f40aa01891ccf","Byte-identical scientific source retained"
"experiments/summaries/stage02_quality_attempt02_gate_report.csv","275ca4b09b77150b578347a4f209d06daaf90ff02732d028f2c9e26cb2e64464","2511","migrated_unchanged","experiments/summaries/stage02_quality_attempt02_gate_report.csv","275ca4b09b77150b578347a4f209d06daaf90ff02732d028f2c9e26cb2e64464","Byte-identical scientific source retained"
"experiments/summaries/stage02_quality_attempt02_operator_summary.csv","68e5f9e8a3fe260a39dceffa7a0c003c9a6b71416062ca899efc8a0eb27f68a3","11745","migrated_unchanged","experiments/summaries/stage02_quality_attempt02_operator_summary.csv","68e5f9e8a3fe260a39dceffa7a0c003c9a6b71416062ca899efc8a0eb27f68a3","Byte-identical scientific source retained"
"experiments/summaries/stage02_quality_attempt02_parameters.toml","ae1cc4f995ce8d6f21488ed4965efe791c66938f506ce544099126ac3ade6d0e","1291","migrated_unchanged","experiments/summaries/stage02_quality_attempt02_parameters.toml","ae1cc4f995ce8d6f21488ed4965efe791c66938f506ce544099126ac3ade6d0e","Byte-identical scientific source retained"
"experiments/summaries/stage02_quality_attempt02_per_run_results.csv","3247fd3acedf607b4811534882009a4f91b495ce90e36fccba7f638a8a71dfd4","164047","migrated_unchanged","experiments/summaries/stage02_quality_attempt02_per_run_results.csv","3247fd3acedf607b4811534882009a4f91b495ce90e36fccba7f638a8a71dfd4","Byte-identical scientific source retained"
"experiments/summaries/stage02_quality_attempt02_readiness_metrics.csv","abb4f2bc805aedbfff7aae3ed8597f0d1d22969ffcc2dbb6a03f1687b9aa643a","167048","migrated_unchanged","experiments/summaries/stage02_quality_attempt02_readiness_metrics.csv","abb4f2bc805aedbfff7aae3ed8597f0d1d22969ffcc2dbb6a03f1687b9aa643a","Byte-identical scientific source retained"
"experiments/summaries/stage02_quality_attempt02_repeatability.csv","bd6f5c6c4137dec33d3d034ca3ffac78dd21a9903fa22cfaab6924b1dda936ef","227","migrated_unchanged","experiments/summaries/stage02_quality_attempt02_repeatability.csv","bd6f5c6c4137dec33d3d034ca3ffac78dd21a9903fa22cfaab6924b1dda936ef","Byte-identical scientific source retained"
"experiments/summaries/stage02_quality_attempt02_stage02_1_comparison.csv","cc147df84936305375cfa5d3b04e77a731c33c9e70ea72903e21d788b3d1cbb3","8617","migrated_unchanged","experiments/summaries/stage02_quality_attempt02_stage02_1_comparison.csv","cc147df84936305375cfa5d3b04e77a731c33c9e70ea72903e21d788b3d1cbb3","Byte-identical scientific source retained"
"experiments/summaries/stage02_quality_attempt02_summary_results.csv","6f7f8e0c441bb7a19e39551dcb93070a2b35d3fdc607631c65e98efdd93a2edf","5630","migrated_unchanged","experiments/summaries/stage02_quality_attempt02_summary_results.csv","6f7f8e0c441bb7a19e39551dcb93070a2b35d3fdc607631c65e98efdd93a2edf","Byte-identical scientific source retained"
"experiments/summaries/stage02_quality_rerun01_100_customer_comparison.csv","1a9d5d449aa7784cd31ab2bf09d174f8e62af2d96443da635434cd0a3d4b3f28","2366","migrated_unchanged","experiments/summaries/stage02_quality_rerun01_100_customer_comparison.csv","1a9d5d449aa7784cd31ab2bf09d174f8e62af2d96443da635434cd0a3d4b3f28","Byte-identical scientific source retained"
"experiments/summaries/stage02_quality_rerun01_environment.json","b29e6c79db523b3fc80429b39a358d8412bd10f3ed21ea65284750ddca1e7369","2942","migrated_unchanged","experiments/summaries/stage02_quality_rerun01_environment.json","b29e6c79db523b3fc80429b39a358d8412bd10f3ed21ea65284750ddca1e7369","Byte-identical scientific source retained"
"experiments/summaries/stage02_quality_rerun01_failure_cases.csv","40ce202c010839a0060ee084577f292ef4906f317d847a73513f40aa01891ccf","893","migrated_unchanged","experiments/summaries/stage02_quality_rerun01_failure_cases.csv","40ce202c010839a0060ee084577f292ef4906f317d847a73513f40aa01891ccf","Byte-identical scientific source retained"
"experiments/summaries/stage02_quality_rerun01_gate_report.csv","6ec2972515dc48424834e5ac35099eec58eb48cd859a0076b8a14c50e51797b3","2634","migrated_unchanged","experiments/summaries/stage02_quality_rerun01_gate_report.csv","6ec2972515dc48424834e5ac35099eec58eb48cd859a0076b8a14c50e51797b3","Byte-identical scientific source retained"
"experiments/summaries/stage02_quality_rerun01_operator_summary.csv","9351c6a783c191ad3ff7d69d6a513bd7599085a26a86ce519bdc5cf58054c334","11745","migrated_unchanged","experiments/summaries/stage02_quality_rerun01_operator_summary.csv","9351c6a783c191ad3ff7d69d6a513bd7599085a26a86ce519bdc5cf58054c334","Byte-identical scientific source retained"
"experiments/summaries/stage02_quality_rerun01_parameters.toml","ae1cc4f995ce8d6f21488ed4965efe791c66938f506ce544099126ac3ade6d0e","1291","migrated_unchanged","experiments/summaries/stage02_quality_rerun01_parameters.toml","ae1cc4f995ce8d6f21488ed4965efe791c66938f506ce544099126ac3ade6d0e","Byte-identical scientific source retained"
"experiments/summaries/stage02_quality_rerun01_per_run_results.csv","c81f1c05699574cb7f5cb8dac15cb233bc0ecdd22af7d5fe172f60176aceb56b","163975","migrated_unchanged","experiments/summaries/stage02_quality_rerun01_per_run_results.csv","c81f1c05699574cb7f5cb8dac15cb233bc0ecdd22af7d5fe172f60176aceb56b","Byte-identical scientific source retained"
"experiments/summaries/stage02_quality_rerun01_repeatability.csv","a0e3b4d5affec6f4860d77d1a9bb1d4273bfd4ac90a8fec4da7c67443b838f74","311","migrated_unchanged","experiments/summaries/stage02_quality_rerun01_repeatability.csv","a0e3b4d5affec6f4860d77d1a9bb1d4273bfd4ac90a8fec4da7c67443b838f74","Byte-identical scientific source retained"
"experiments/summaries/stage02_quality_rerun01_stage02_1_comparison.csv","cc147df84936305375cfa5d3b04e77a731c33c9e70ea72903e21d788b3d1cbb3","8617","migrated_unchanged","experiments/summaries/stage02_quality_rerun01_stage02_1_comparison.csv","cc147df84936305375cfa5d3b04e77a731c33c9e70ea72903e21d788b3d1cbb3","Byte-identical scientific source retained"
"experiments/summaries/stage02_quality_rerun01_summary_results.csv","9546bb84d2a92747bc47a9a34b387499f96b6e98f9e80b2183b3b9fb3834d7ec","5615","migrated_unchanged","experiments/summaries/stage02_quality_rerun01_summary_results.csv","9546bb84d2a92747bc47a9a34b387499f96b6e98f9e80b2183b3b9fb3834d7ec","Byte-identical scientific source retained"
"experiments/summaries/stage02_repeatability.csv","70421c9df03a43cb987a57951b3400b7daa4f7b50693796156b7f4690a626393","209","migrated_unchanged","experiments/summaries/stage02_repeatability.csv","70421c9df03a43cb987a57951b3400b7daa4f7b50693796156b7f4690a626393","Byte-identical scientific source retained"
"experiments/summaries/stage02_rerun01_100_customer_comparison.csv","539b7f2fb2470770eea07e403e2c159c9639b36ec0fe8a441ffddb8014fb1bfc","2488","migrated_unchanged","experiments/summaries/stage02_rerun01_100_customer_comparison.csv","539b7f2fb2470770eea07e403e2c159c9639b36ec0fe8a441ffddb8014fb1bfc","Byte-identical scientific source retained"
"experiments/summaries/stage02_rerun01_environment.json","4d213cfae5816c9982d59cb6196f8f24ba958a2bd425b135ecf82a1291f2df98","2817","migrated_unchanged","experiments/summaries/stage02_rerun01_environment.json","4d213cfae5816c9982d59cb6196f8f24ba958a2bd425b135ecf82a1291f2df98","Byte-identical scientific source retained"
"experiments/summaries/stage02_rerun01_failure_cases.csv","40ce202c010839a0060ee084577f292ef4906f317d847a73513f40aa01891ccf","893","migrated_unchanged","experiments/summaries/stage02_rerun01_failure_cases.csv","40ce202c010839a0060ee084577f292ef4906f317d847a73513f40aa01891ccf","Byte-identical scientific source retained"
"experiments/summaries/stage02_rerun01_gate_report.csv","ac244319a87da7e6e2986431f0fb941332a23f73becbe21fa510ea93ae72de57","1708","migrated_unchanged","experiments/summaries/stage02_rerun01_gate_report.csv","ac244319a87da7e6e2986431f0fb941332a23f73becbe21fa510ea93ae72de57","Byte-identical scientific source retained"
"experiments/summaries/stage02_rerun01_operator_summary.csv","9573f051f39f68665864b0fb42d62162a7caf199cae1a40cba46fd1949660b31","4498","migrated_unchanged","experiments/summaries/stage02_rerun01_operator_summary.csv","9573f051f39f68665864b0fb42d62162a7caf199cae1a40cba46fd1949660b31","Byte-identical scientific source retained"
"experiments/summaries/stage02_rerun01_parameters.toml","e2433bf39c5b117a364e644319e58975bafa445df5b02564025317321df71f1d","732","migrated_unchanged","experiments/summaries/stage02_rerun01_parameters.toml","e2433bf39c5b117a364e644319e58975bafa445df5b02564025317321df71f1d","Byte-identical scientific source retained"
"experiments/summaries/stage02_rerun01_per_run_results.csv","3573e4f3e320ad5ad3bb64dfd5a4320bb4bae9616ed91695579d74f837a6ead1","80048","migrated_unchanged","experiments/summaries/stage02_rerun01_per_run_results.csv","3573e4f3e320ad5ad3bb64dfd5a4320bb4bae9616ed91695579d74f837a6ead1","Byte-identical scientific source retained"
"experiments/summaries/stage02_rerun01_repeatability.csv","759d93c6f8da1169fd9c03f700af6d00f285e2e4dfc9df515c92cd1b717a21c5","295","migrated_unchanged","experiments/summaries/stage02_rerun01_repeatability.csv","759d93c6f8da1169fd9c03f700af6d00f285e2e4dfc9df515c92cd1b717a21c5","Byte-identical scientific source retained"
"experiments/summaries/stage02_rerun01_stage01_comparison.csv","4d0c0dcc6c51665e368022d487c4d21560709cccad415dfe4df5cc0719c25f69","8542","migrated_unchanged","experiments/summaries/stage02_rerun01_stage01_comparison.csv","4d0c0dcc6c51665e368022d487c4d21560709cccad415dfe4df5cc0719c25f69","Byte-identical scientific source retained"
"experiments/summaries/stage02_rerun01_summary_results.csv","19bf0c01aca5164c7468c790364b44c14e26374c245ca8d5e3577f866fc7fbc0","5638","migrated_unchanged","experiments/summaries/stage02_rerun01_summary_results.csv","19bf0c01aca5164c7468c790364b44c14e26374c245ca8d5e3577f866fc7fbc0","Byte-identical scientific source retained"
"experiments/summaries/stage02_stage01_comparison.csv","553aa05b6281562bb04bbb4876d827189a503c0dbb2eceb4cc91e6e1901f3f46","8499","migrated_unchanged","experiments/summaries/stage02_stage01_comparison.csv","553aa05b6281562bb04bbb4876d827189a503c0dbb2eceb4cc91e6e1901f3f46","Byte-identical scientific source retained"
"experiments/summaries/stage02_summary_results.csv","1bd8df65967b0d1c05421bc1032894f1749d794df6ddb072cd5367a0edca66a5","5514","migrated_unchanged","experiments/summaries/stage02_summary_results.csv","1bd8df65967b0d1c05421bc1032894f1749d794df6ddb072cd5367a0edca66a5","Byte-identical scientific source retained"
"experiments/summaries/stage03.2_cache_incremental_attempt02_baseline_comparison.csv","5222aa4cac3b14572faf97ee6829c706a14447bb5b48a3b5e888f827a0a0ce6e","8317","migrated_unchanged","experiments/summaries/stage03.2_cache_incremental_attempt02_baseline_comparison.csv","5222aa4cac3b14572faf97ee6829c706a14447bb5b48a3b5e888f827a0a0ce6e","Byte-identical scientific source retained"
"experiments/summaries/stage03.2_cache_incremental_attempt02_cache_incremental_statistics.csv","2bd4a9821903946b799ce2ccf4cafc885cb5490a29cd1fa91e2c03b6a3396d9a","20825","migrated_unchanged","experiments/summaries/stage03.2_cache_incremental_attempt02_cache_incremental_statistics.csv","2bd4a9821903946b799ce2ccf4cafc885cb5490a29cd1fa91e2c03b6a3396d9a","Byte-identical scientific source retained"
"experiments/summaries/stage03.2_cache_incremental_attempt02_deadline_report.csv","c02ac5992636ac2e3430f0613d551b3b35ab668f4d3568a918515b3fa5a3f182","3568","migrated_unchanged","experiments/summaries/stage03.2_cache_incremental_attempt02_deadline_report.csv","c02ac5992636ac2e3430f0613d551b3b35ab668f4d3568a918515b3fa5a3f182","Byte-identical scientific source retained"
"experiments/summaries/stage03.2_cache_incremental_attempt02_per_run_results.csv","9f4756f3600d42bd7e909254398fb98e85804f775184f6e5d6c8fb669e6cc723","58623","migrated_unchanged","experiments/summaries/stage03.2_cache_incremental_attempt02_per_run_results.csv","9f4756f3600d42bd7e909254398fb98e85804f775184f6e5d6c8fb669e6cc723","Byte-identical scientific source retained"
"experiments/summaries/stage03.2_cache_incremental_attempt02_review_findings.csv","f1102c4a489bc583f195b9d743a16b8a6bcc07612aff081d3e87ba320f3e6f78","73269","migrated_unchanged","experiments/summaries/stage03.2_cache_incremental_attempt02_review_findings.csv","f1102c4a489bc583f195b9d743a16b8a6bcc07612aff081d3e87ba320f3e6f78","Byte-identical scientific source retained"
"experiments/summaries/stage03.2_cache_incremental_attempt02_review_manifest.json","5209bcebd50fe784ad64101ff70721aa20de128ab40f547414d1bd0390ba3b29","1526","migrated_unchanged","experiments/summaries/stage03.2_cache_incremental_attempt02_review_manifest.json","5209bcebd50fe784ad64101ff70721aa20de128ab40f547414d1bd0390ba3b29","Byte-identical scientific source retained"
"experiments/summaries/stage03.2_cache_incremental_attempt02_review_report.md","f6240d779fca97d1b9b974c1e75cce1ce286c3a71084b9d4692bf8126c265e43","68038","migrated_unchanged","experiments/summaries/stage03.2_cache_incremental_attempt02_review_report.md","f6240d779fca97d1b9b974c1e75cce1ce286c3a71084b9d4692bf8126c265e43","Byte-identical scientific source retained"
"experiments/summaries/stage03.2_cache_incremental_attempt02_screening_reason_statistics.csv","85f557dc4d1423af3286821c71efc336b5e73a2b6213440ee3288b619ffce18a","8012","migrated_unchanged","experiments/summaries/stage03.2_cache_incremental_attempt02_screening_reason_statistics.csv","85f557dc4d1423af3286821c71efc336b5e73a2b6213440ee3288b619ffce18a","Byte-identical scientific source retained"
"experiments/summaries/stage03.2_cache_incremental_attempt02_stage03_formal_comparison.csv","b311b944ee6b7d9fe5a8312356d42d4829ef5b8cf2b92653c5676f16d6651116","7981","migrated_unchanged","experiments/summaries/stage03.2_cache_incremental_attempt02_stage03_formal_comparison.csv","b311b944ee6b7d9fe5a8312356d42d4829ef5b8cf2b92653c5676f16d6651116","Byte-identical scientific source retained"
"experiments/summaries/stage03.2_cache_incremental_attempt02_stage03_readiness.csv","0934ee44cb4d1b7f0b3a41988983a03a3be5e7a38d52c52c80895ecb5613183a","72961","migrated_unchanged","experiments/summaries/stage03.2_cache_incremental_attempt02_stage03_readiness.csv","0934ee44cb4d1b7f0b3a41988983a03a3be5e7a38d52c52c80895ecb5613183a","Byte-identical scientific source retained"
"experiments/summaries/stage03.2_cache_incremental_attempt02_summary_results.csv","eb82e0f8f64d36848b09532dc83af78bfd0d8b9c579ad857d447100df454fdc3","3558","migrated_unchanged","experiments/summaries/stage03.2_cache_incremental_attempt02_summary_results.csv","eb82e0f8f64d36848b09532dc83af78bfd0d8b9c579ad857d447100df454fdc3","Byte-identical scientific source retained"
"experiments/summaries/stage03.2_cache_incremental_attempt02_trace_reconciliation.csv","0ddfba573c521cac661061acf49268812c9bfa906921518bb92b8fcc2d5f3d1c","50379","migrated_unchanged","experiments/summaries/stage03.2_cache_incremental_attempt02_trace_reconciliation.csv","0ddfba573c521cac661061acf49268812c9bfa906921518bb92b8fcc2d5f3d1c","Byte-identical scientific source retained"
"experiments/summaries/stage03.2_cache_incremental_attempt03_baseline_comparison.csv","5222aa4cac3b14572faf97ee6829c706a14447bb5b48a3b5e888f827a0a0ce6e","8317","migrated_unchanged","experiments/summaries/stage03.2_cache_incremental_attempt03_baseline_comparison.csv","5222aa4cac3b14572faf97ee6829c706a14447bb5b48a3b5e888f827a0a0ce6e","Byte-identical scientific source retained"
"experiments/summaries/stage03.2_cache_incremental_attempt03_cache_incremental_statistics.csv","3ec469979542ac4a78dfdf6fe1f725f728fc3f31aac8afd06eb9f0a474f8c6df","20829","migrated_unchanged","experiments/summaries/stage03.2_cache_incremental_attempt03_cache_incremental_statistics.csv","3ec469979542ac4a78dfdf6fe1f725f728fc3f31aac8afd06eb9f0a474f8c6df","Byte-identical scientific source retained"
"experiments/summaries/stage03.2_cache_incremental_attempt03_deadline_report.csv","aba6df5404a16004afe279e1fb33157355882c942aaa7ffd57e80460432d2fd9","3570","migrated_unchanged","experiments/summaries/stage03.2_cache_incremental_attempt03_deadline_report.csv","aba6df5404a16004afe279e1fb33157355882c942aaa7ffd57e80460432d2fd9","Byte-identical scientific source retained"
"experiments/summaries/stage03.2_cache_incremental_attempt03_per_run_results.csv","6d81c869a30fed628850de9a1410ae4ad1958d14c66e47b30bfb2691d005023d","58469","migrated_unchanged","experiments/summaries/stage03.2_cache_incremental_attempt03_per_run_results.csv","6d81c869a30fed628850de9a1410ae4ad1958d14c66e47b30bfb2691d005023d","Byte-identical scientific source retained"
"experiments/summaries/stage03.2_cache_incremental_attempt03_review_findings.csv","e32a0230e89a844724830bfdd131d4b4372534634ca7b075e34e9068ea7011ad","72521","migrated_unchanged","experiments/summaries/stage03.2_cache_incremental_attempt03_review_findings.csv","e32a0230e89a844724830bfdd131d4b4372534634ca7b075e34e9068ea7011ad","Byte-identical scientific source retained"
"experiments/summaries/stage03.2_cache_incremental_attempt03_review_manifest.json","d5fa30be75d88facd7abcf1af7f2adb427ed4adffba6c3e78b89309e2b4da71d","1526","migrated_unchanged","experiments/summaries/stage03.2_cache_incremental_attempt03_review_manifest.json","d5fa30be75d88facd7abcf1af7f2adb427ed4adffba6c3e78b89309e2b4da71d","Byte-identical scientific source retained"
"experiments/summaries/stage03.2_cache_incremental_attempt03_review_report.md","f976bd6aef3b3c7f0c5105253f3a2e1dc12363e14c18c66ee106b4ce1a46ebb2","67326","migrated_unchanged","experiments/summaries/stage03.2_cache_incremental_attempt03_review_report.md","f976bd6aef3b3c7f0c5105253f3a2e1dc12363e14c18c66ee106b4ce1a46ebb2","Byte-identical scientific source retained"
"experiments/summaries/stage03.2_cache_incremental_attempt03_screening_reason_statistics.csv","38326aba5b45b4326eff7e52a607ef3e43ed715c2c30ccf174ccd7c9d34dcacc","6447","migrated_unchanged","experiments/summaries/stage03.2_cache_incremental_attempt03_screening_reason_statistics.csv","38326aba5b45b4326eff7e52a607ef3e43ed715c2c30ccf174ccd7c9d34dcacc","Byte-identical scientific source retained"
"experiments/summaries/stage03.2_cache_incremental_attempt03_stage03_formal_comparison.csv","04093d5b58e04f2470d48e2c863b061aaa14d22037c0a28b696a843cf28777a9","7978","migrated_unchanged","experiments/summaries/stage03.2_cache_incremental_attempt03_stage03_formal_comparison.csv","04093d5b58e04f2470d48e2c863b061aaa14d22037c0a28b696a843cf28777a9","Byte-identical scientific source retained"
"experiments/summaries/stage03.2_cache_incremental_attempt03_stage03_readiness.csv","1edb297f8658264a607d5b415f11c9c825b504f5af92414f2dee4efb8a89ab1c","72213","migrated_unchanged","experiments/summaries/stage03.2_cache_incremental_attempt03_stage03_readiness.csv","1edb297f8658264a607d5b415f11c9c825b504f5af92414f2dee4efb8a89ab1c","Byte-identical scientific source retained"
"experiments/summaries/stage03.2_cache_incremental_attempt03_summary_results.csv","9cb0835762da50edc5f99ba7440e21702ab2169b108e7306b07cf10e7f6108d1","3643","migrated_unchanged","experiments/summaries/stage03.2_cache_incremental_attempt03_summary_results.csv","9cb0835762da50edc5f99ba7440e21702ab2169b108e7306b07cf10e7f6108d1","Byte-identical scientific source retained"
"experiments/summaries/stage03.2_cache_incremental_attempt03_trace_reconciliation.csv","195c7c73f5b61e07e5d11dc0be6fef1c355201ba24f21d6642b7b105ce31f304","49711","migrated_unchanged","experiments/summaries/stage03.2_cache_incremental_attempt03_trace_reconciliation.csv","195c7c73f5b61e07e5d11dc0be6fef1c355201ba24f21d6642b7b105ce31f304","Byte-identical scientific source retained"
"experiments/summaries/stage03.3_exact_deadline_attempt06_review/backend_metrics.csv","537a24c60ca127b74737e81857925b48c97498485014d7c137712dd971180593","9198","migrated_unchanged","experiments/summaries/stage03.3_exact_deadline_attempt06_review/backend_metrics.csv","537a24c60ca127b74737e81857925b48c97498485014d7c137712dd971180593","Byte-identical scientific source retained"
"experiments/summaries/stage03.3_exact_deadline_attempt06_review/deadline_report.csv","739783ca29fcd5e722fe688262f5a86609f522f9a674facb496cb018cc03f6df","5175","migrated_unchanged","experiments/summaries/stage03.3_exact_deadline_attempt06_review/deadline_report.csv","739783ca29fcd5e722fe688262f5a86609f522f9a674facb496cb018cc03f6df","Byte-identical scientific source retained"
"experiments/summaries/stage03.3_exact_deadline_attempt06_review/fixed_work_wall_clock.csv","38265cf0248f11d4e364cd72a0841eb8b3d0dae2e1f2d8c368e5a420826e3b7c","2595","migrated_unchanged","experiments/summaries/stage03.3_exact_deadline_attempt06_review/fixed_work_wall_clock.csv","38265cf0248f11d4e364cd72a0841eb8b3d0dae2e1f2d8c368e5a420826e3b7c","Byte-identical scientific source retained"
"experiments/summaries/stage03.3_exact_deadline_attempt06_review/per_run_results.csv","b310c83d5973a988e468dab4bdc1276ca6382462bfedae26b9988825735a45d5","13135","migrated_unchanged","experiments/summaries/stage03.3_exact_deadline_attempt06_review/per_run_results.csv","b310c83d5973a988e468dab4bdc1276ca6382462bfedae26b9988825735a45d5","Byte-identical scientific source retained"
"experiments/summaries/stage03.3_exact_deadline_attempt06_review/review_findings.csv","bc975f368bc4c5fe79b5f8075546eb003f3e4d6c04fd93333676b7ea63ab4ee9","7564","migrated_unchanged","experiments/summaries/stage03.3_exact_deadline_attempt06_review/review_findings.csv","bc975f368bc4c5fe79b5f8075546eb003f3e4d6c04fd93333676b7ea63ab4ee9","Byte-identical scientific source retained"
"experiments/summaries/stage03.3_exact_deadline_attempt06_review/review_manifest.json","3985e9fade2dbc2f5d3c7ce7a0807a43a13192de112279816dfab380dbb1e2a0","1094","migrated_unchanged","experiments/summaries/stage03.3_exact_deadline_attempt06_review/review_manifest.json","3985e9fade2dbc2f5d3c7ce7a0807a43a13192de112279816dfab380dbb1e2a0","Byte-identical scientific source retained"
"experiments/summaries/stage03.3_exact_deadline_attempt06_review/review_report.md","c1fb30840f711aad24cce79a41badcf603a0415f75299e7c174910fa470058bd","257","migrated_unchanged","experiments/summaries/stage03.3_exact_deadline_attempt06_review/review_report.md","c1fb30840f711aad24cce79a41badcf603a0415f75299e7c174910fa470058bd","Byte-identical scientific source retained"
"experiments/summaries/stage03.4_control_parallel_attempt08_review/backend_metrics.csv","95235a8a827e27f2097f190164ebffc73ead2baecbee08556b0a712d8c7e4186","7554","migrated_unchanged","experiments/summaries/stage03.4_control_parallel_attempt08_review/backend_metrics.csv","95235a8a827e27f2097f190164ebffc73ead2baecbee08556b0a712d8c7e4186","Byte-identical scientific source retained"
"experiments/summaries/stage03.4_control_parallel_attempt08_review/cache_statistics.csv","95b746abb19ba3e514eeb56aaf2995f7fee1539c4a3f1969e957e7740c0fd231","11698","migrated_unchanged","experiments/summaries/stage03.4_control_parallel_attempt08_review/cache_statistics.csv","95b746abb19ba3e514eeb56aaf2995f7fee1539c4a3f1969e957e7740c0fd231","Byte-identical scientific source retained"
"experiments/summaries/stage03.4_control_parallel_attempt08_review/candidate_control_reconciliation.csv","2a9bda82e0c8b1adb4dc8aa515993e87b8ef2ad32fcf8de6ed4294d30c38ffd6","5558","migrated_unchanged","experiments/summaries/stage03.4_control_parallel_attempt08_review/candidate_control_reconciliation.csv","2a9bda82e0c8b1adb4dc8aa515993e87b8ef2ad32fcf8de6ed4294d30c38ffd6","Byte-identical scientific source retained"
"experiments/summaries/stage03.4_control_parallel_attempt08_review/deadline_report.csv","bd8670063a75d37d8c7de956a5eca54139ec590e01af602e67ff609554b66b43","1339","migrated_unchanged","experiments/summaries/stage03.4_control_parallel_attempt08_review/deadline_report.csv","bd8670063a75d37d8c7de956a5eca54139ec590e01af602e67ff609554b66b43","Byte-identical scientific source retained"
"experiments/summaries/stage03.4_control_parallel_attempt08_review/fixed_work_wall_clock.csv","e3fc7624063faf124c286e08faf1cea356fe4da39a790274c59a991a163b5fb0","3840","migrated_unchanged","experiments/summaries/stage03.4_control_parallel_attempt08_review/fixed_work_wall_clock.csv","e3fc7624063faf124c286e08faf1cea356fe4da39a790274c59a991a163b5fb0","Byte-identical scientific source retained"
"experiments/summaries/stage03.4_control_parallel_attempt08_review/objective_comparison.csv","ad06de5d1761ae272b6934f663bd3ec323737933d08be8b49b112b28462d2cfc","8378","migrated_unchanged","experiments/summaries/stage03.4_control_parallel_attempt08_review/objective_comparison.csv","ad06de5d1761ae272b6934f663bd3ec323737933d08be8b49b112b28462d2cfc","Byte-identical scientific source retained"
"experiments/summaries/stage03.4_control_parallel_attempt08_review/parallel_ordering.csv","617132e25c4688a485511047d6bd912de5753b9942ce9a88a91cba18b5f579e3","3348","migrated_unchanged","experiments/summaries/stage03.4_control_parallel_attempt08_review/parallel_ordering.csv","617132e25c4688a485511047d6bd912de5753b9942ce9a88a91cba18b5f579e3","Byte-identical scientific source retained"
"experiments/summaries/stage03.4_control_parallel_attempt08_review/per_run_results.csv","99159816823fb293f51b03d37c4b9411659a278383af3d06ac4176d2af4681dc","25349","migrated_unchanged","experiments/summaries/stage03.4_control_parallel_attempt08_review/per_run_results.csv","99159816823fb293f51b03d37c4b9411659a278383af3d06ac4176d2af4681dc","Byte-identical scientific source retained"
"experiments/summaries/stage03.4_control_parallel_attempt08_review/performance_profile.csv","4a79d93a0939b7b4c6e8d955d194c17e02c3e9d7f72c5f956b94847a5773d5e0","6643","migrated_unchanged","experiments/summaries/stage03.4_control_parallel_attempt08_review/performance_profile.csv","4a79d93a0939b7b4c6e8d955d194c17e02c3e9d7f72c5f956b94847a5773d5e0","Byte-identical scientific source retained"
"experiments/summaries/stage03.4_control_parallel_attempt08_review/review_findings.csv","be7d59221ce3a4381782dc043bc9693023b706ba4e9e8e6f60eda7ff8db6da89","7114","migrated_unchanged","experiments/summaries/stage03.4_control_parallel_attempt08_review/review_findings.csv","be7d59221ce3a4381782dc043bc9693023b706ba4e9e8e6f60eda7ff8db6da89","Byte-identical scientific source retained"
"experiments/summaries/stage03.4_control_parallel_attempt08_review/review_manifest.json","90d4a8dab89eb91a6f5408d58a35fc1240eb30b9b9f7562a631f448645b33fd0","1885","migrated_unchanged","experiments/summaries/stage03.4_control_parallel_attempt08_review/review_manifest.json","90d4a8dab89eb91a6f5408d58a35fc1240eb30b9b9f7562a631f448645b33fd0","Byte-identical scientific source retained"
"experiments/summaries/stage03.4_control_parallel_attempt08_review/review_report.md","4598bdaac9a44acb18918f6e341df28c93f967eb46a7994baf19c845d3fbc062","215","migrated_unchanged","experiments/summaries/stage03.4_control_parallel_attempt08_review/review_report.md","4598bdaac9a44acb18918f6e341df28c93f967eb46a7994baf19c845d3fbc062","Byte-identical scientific source retained"
"experiments/summaries/stage03.4_control_parallel_attempt08_review/screening_reason_statistics.csv","42dc1ce02615e573d56a3a4fe5278131e86c1dc919cc8d2e0548b319a33d9366","27128","migrated_unchanged","experiments/summaries/stage03.4_control_parallel_attempt08_review/screening_reason_statistics.csv","42dc1ce02615e573d56a3a4fe5278131e86c1dc919cc8d2e0548b319a33d9366","Byte-identical scientific source retained"
"experiments/summaries/stage03.4_control_parallel_attempt08_review/stage04_readiness.csv","50ef6ee5eaddb2de48f746703a64e452afd35d70b16d8d378f19e296c63d0c05","261","migrated_unchanged","experiments/summaries/stage03.4_control_parallel_attempt08_review/stage04_readiness.csv","50ef6ee5eaddb2de48f746703a64e452afd35d70b16d8d378f19e296c63d0c05","Byte-identical scientific source retained"
"experiments/summaries/stage03.4_control_parallel_attempt09_review/backend_metrics.csv","b9491c2e721e4ea3eaaa881d6b9f8bb9620ea4e9a26929b1899f8d3658910c49","15086","migrated_unchanged","experiments/summaries/stage03.4_control_parallel_attempt09_review/backend_metrics.csv","b9491c2e721e4ea3eaaa881d6b9f8bb9620ea4e9a26929b1899f8d3658910c49","Byte-identical scientific source retained"
"experiments/summaries/stage03.4_control_parallel_attempt09_review/cache_statistics.csv","13ebc0c0527d9bee5b93bfe379d2d94a2f5e148a293e9ba52dad30b8cb7318da","26112","migrated_unchanged","experiments/summaries/stage03.4_control_parallel_attempt09_review/cache_statistics.csv","13ebc0c0527d9bee5b93bfe379d2d94a2f5e148a293e9ba52dad30b8cb7318da","Byte-identical scientific source retained"
"experiments/summaries/stage03.4_control_parallel_attempt09_review/candidate_control_reconciliation.csv","fe4015648d46ba311fcd64e19c78c6839c063b2a79bd98f710bca8b41a9d575b","11201","migrated_unchanged","experiments/summaries/stage03.4_control_parallel_attempt09_review/candidate_control_reconciliation.csv","fe4015648d46ba311fcd64e19c78c6839c063b2a79bd98f710bca8b41a9d575b","Byte-identical scientific source retained"
"experiments/summaries/stage03.4_control_parallel_attempt09_review/deadline_report.csv","0fa67701e3b6d48ff07fdf7567ee7616ffa1836543aeadcea2e89ce104e36eb1","1576","migrated_unchanged","experiments/summaries/stage03.4_control_parallel_attempt09_review/deadline_report.csv","0fa67701e3b6d48ff07fdf7567ee7616ffa1836543aeadcea2e89ce104e36eb1","Byte-identical scientific source retained"
"experiments/summaries/stage03.4_control_parallel_attempt09_review/fixed_work_wall_clock.csv","234d086fc50933059dfd47b70d599e084af0a4323ac777edcf315ecaefae3aef","7140","migrated_unchanged","experiments/summaries/stage03.4_control_parallel_attempt09_review/fixed_work_wall_clock.csv","234d086fc50933059dfd47b70d599e084af0a4323ac777edcf315ecaefae3aef","Byte-identical scientific source retained"
"experiments/summaries/stage03.4_control_parallel_attempt09_review/objective_comparison.csv","c0da119373baac938349af436663ce1bc4000cccc591fc6077bcb8fa18baff20","16442","migrated_unchanged","experiments/summaries/stage03.4_control_parallel_attempt09_review/objective_comparison.csv","c0da119373baac938349af436663ce1bc4000cccc591fc6077bcb8fa18baff20","Byte-identical scientific source retained"
"experiments/summaries/stage03.4_control_parallel_attempt09_review/parallel_ordering.csv","db4a49584a481f69238793490fa60a8f26aa9adc146195c50345118f59e29d27","6728","migrated_unchanged","experiments/summaries/stage03.4_control_parallel_attempt09_review/parallel_ordering.csv","db4a49584a481f69238793490fa60a8f26aa9adc146195c50345118f59e29d27","Byte-identical scientific source retained"
"experiments/summaries/stage03.4_control_parallel_attempt09_review/per_run_results.csv","2da56292e8452e86931d0ad650a65698bc4f0920308c29c0498c335c1d932c89","50277","migrated_unchanged","experiments/summaries/stage03.4_control_parallel_attempt09_review/per_run_results.csv","2da56292e8452e86931d0ad650a65698bc4f0920308c29c0498c335c1d932c89","Byte-identical scientific source retained"
"experiments/summaries/stage03.4_control_parallel_attempt09_review/performance_profile.csv","d86722b30adf70675e0b8586e78a100060553b14102ba55a3e3b915f241aacbc","13345","migrated_unchanged","experiments/summaries/stage03.4_control_parallel_attempt09_review/performance_profile.csv","d86722b30adf70675e0b8586e78a100060553b14102ba55a3e3b915f241aacbc","Byte-identical scientific source retained"
"experiments/summaries/stage03.4_control_parallel_attempt09_review/review_findings.csv","5e1cb4e7f40e6c9867a7ac153a550575d0a7eb3650692c5fdee7eb90747caf6d","14230","migrated_unchanged","experiments/summaries/stage03.4_control_parallel_attempt09_review/review_findings.csv","5e1cb4e7f40e6c9867a7ac153a550575d0a7eb3650692c5fdee7eb90747caf6d","Byte-identical scientific source retained"
"experiments/summaries/stage03.4_control_parallel_attempt09_review/review_manifest.json","439139ff103a5522d4eb33825ccafb05fcf2a3af5d523d11aaacb942955ceb79","1880","migrated_unchanged","experiments/summaries/stage03.4_control_parallel_attempt09_review/review_manifest.json","439139ff103a5522d4eb33825ccafb05fcf2a3af5d523d11aaacb942955ceb79","Byte-identical scientific source retained"
"experiments/summaries/stage03.4_control_parallel_attempt09_review/review_report.md","2a31fb45f5c60c45f9266cbea342a914d6cc9a72af442f349290260782c7699f","209","migrated_unchanged","experiments/summaries/stage03.4_control_parallel_attempt09_review/review_report.md","2a31fb45f5c60c45f9266cbea342a914d6cc9a72af442f349290260782c7699f","Byte-identical scientific source retained"
"experiments/summaries/stage03.4_control_parallel_attempt09_review/screening_reason_statistics.csv","8ada85245e2675bbb8b35fe002cf2880fe7ba86fe79fc9fbf9259490b096db27","49284","migrated_unchanged","experiments/summaries/stage03.4_control_parallel_attempt09_review/screening_reason_statistics.csv","8ada85245e2675bbb8b35fe002cf2880fe7ba86fe79fc9fbf9259490b096db27","Byte-identical scientific source retained"
"experiments/summaries/stage03.4_control_parallel_attempt09_review/stage04_readiness.csv","e0b8340fa957faf67a31629faaa1464399b77799cdbfb11ae256534574ab239b","256","migrated_unchanged","experiments/summaries/stage03.4_control_parallel_attempt09_review/stage04_readiness.csv","e0b8340fa957faf67a31629faaa1464399b77799cdbfb11ae256534574ab239b","Byte-identical scientific source retained"
"experiments/summaries/stage03.4_control_parallel_attempt10_review/backend_metrics.csv","ee03c2598ccbb1693bec5bdc6dd3410592ed0d5edb8eaa8a764e62bb4c11aabd","7554","migrated_unchanged","experiments/summaries/stage03.4_control_parallel_attempt10_review/backend_metrics.csv","ee03c2598ccbb1693bec5bdc6dd3410592ed0d5edb8eaa8a764e62bb4c11aabd","Byte-identical scientific source retained"
"experiments/summaries/stage03.4_control_parallel_attempt10_review/cache_statistics.csv","9cc3c30f341c947dbde3340770262d05158c1789587e3dec8a3cc065c3053e36","11698","migrated_unchanged","experiments/summaries/stage03.4_control_parallel_attempt10_review/cache_statistics.csv","9cc3c30f341c947dbde3340770262d05158c1789587e3dec8a3cc065c3053e36","Byte-identical scientific source retained"
"experiments/summaries/stage03.4_control_parallel_attempt10_review/candidate_control_reconciliation.csv","b7ef9ae3ae02767d6210a50bb885adb30805b9bde4d16bff472481f4520a9ecf","5557","migrated_unchanged","experiments/summaries/stage03.4_control_parallel_attempt10_review/candidate_control_reconciliation.csv","b7ef9ae3ae02767d6210a50bb885adb30805b9bde4d16bff472481f4520a9ecf","Byte-identical scientific source retained"
"experiments/summaries/stage03.4_control_parallel_attempt10_review/deadline_report.csv","140790eaf7c0e1f79cafb3cca1d6d49f29924f04c7bd508eac235513d336896e","1337","migrated_unchanged","experiments/summaries/stage03.4_control_parallel_attempt10_review/deadline_report.csv","140790eaf7c0e1f79cafb3cca1d6d49f29924f04c7bd508eac235513d336896e","Byte-identical scientific source retained"
"experiments/summaries/stage03.4_control_parallel_attempt10_review/fixed_work_wall_clock.csv","b7d0649a664d2d287cc6bf402e5df394647758e7b9b8143925c560229cb32d2f","3840","migrated_unchanged","experiments/summaries/stage03.4_control_parallel_attempt10_review/fixed_work_wall_clock.csv","b7d0649a664d2d287cc6bf402e5df394647758e7b9b8143925c560229cb32d2f","Byte-identical scientific source retained"
"experiments/summaries/stage03.4_control_parallel_attempt10_review/objective_comparison.csv","ad06de5d1761ae272b6934f663bd3ec323737933d08be8b49b112b28462d2cfc","8378","migrated_unchanged","experiments/summaries/stage03.4_control_parallel_attempt10_review/objective_comparison.csv","ad06de5d1761ae272b6934f663bd3ec323737933d08be8b49b112b28462d2cfc","Byte-identical scientific source retained"
"experiments/summaries/stage03.4_control_parallel_attempt10_review/parallel_ordering.csv","8f452eb12327236e3c3f14f8e210db5c9c6b9cebed3ae5b4280091bd423cdc3e","3348","migrated_unchanged","experiments/summaries/stage03.4_control_parallel_attempt10_review/parallel_ordering.csv","8f452eb12327236e3c3f14f8e210db5c9c6b9cebed3ae5b4280091bd423cdc3e","Byte-identical scientific source retained"
"experiments/summaries/stage03.4_control_parallel_attempt10_review/per_run_results.csv","c32f51a76646c33021706c8982763e3bb0aa3040c26642e4481a5f40c5311109","36309","migrated_unchanged","experiments/summaries/stage03.4_control_parallel_attempt10_review/per_run_results.csv","c32f51a76646c33021706c8982763e3bb0aa3040c26642e4481a5f40c5311109","Byte-identical scientific source retained"
"experiments/summaries/stage03.4_control_parallel_attempt10_review/performance_profile.csv","1923ca23d4fe902983f8c25ee6ada5669ca7ee666fd9d8634428e444cefdfcfd","6641","migrated_unchanged","experiments/summaries/stage03.4_control_parallel_attempt10_review/performance_profile.csv","1923ca23d4fe902983f8c25ee6ada5669ca7ee666fd9d8634428e444cefdfcfd","Byte-identical scientific source retained"
"experiments/summaries/stage03.4_control_parallel_attempt10_review/review_findings.csv","be7d59221ce3a4381782dc043bc9693023b706ba4e9e8e6f60eda7ff8db6da89","7114","migrated_unchanged","experiments/summaries/stage03.4_control_parallel_attempt10_review/review_findings.csv","be7d59221ce3a4381782dc043bc9693023b706ba4e9e8e6f60eda7ff8db6da89","Byte-identical scientific source retained"
"experiments/summaries/stage03.4_control_parallel_attempt10_review/review_manifest.json","b42919d426205f135d4c9a5c7ec0ef52235c3786c00f84b1867faf7fe6c5c860","1885","migrated_unchanged","experiments/summaries/stage03.4_control_parallel_attempt10_review/review_manifest.json","b42919d426205f135d4c9a5c7ec0ef52235c3786c00f84b1867faf7fe6c5c860","Byte-identical scientific source retained"
"experiments/summaries/stage03.4_control_parallel_attempt10_review/review_report.md","4598bdaac9a44acb18918f6e341df28c93f967eb46a7994baf19c845d3fbc062","215","migrated_unchanged","experiments/summaries/stage03.4_control_parallel_attempt10_review/review_report.md","4598bdaac9a44acb18918f6e341df28c93f967eb46a7994baf19c845d3fbc062","Byte-identical scientific source retained"
"experiments/summaries/stage03.4_control_parallel_attempt10_review/screening_reason_statistics.csv","77a720bb0bf02861ceee1eb04c6ba8c09c36705ac231eb011c517f114203bd8f","27128","migrated_unchanged","experiments/summaries/stage03.4_control_parallel_attempt10_review/screening_reason_statistics.csv","77a720bb0bf02861ceee1eb04c6ba8c09c36705ac231eb011c517f114203bd8f","Byte-identical scientific source retained"
"experiments/summaries/stage03.4_control_parallel_attempt10_review/stage04_readiness.csv","50ef6ee5eaddb2de48f746703a64e452afd35d70b16d8d378f19e296c63d0c05","261","migrated_unchanged","experiments/summaries/stage03.4_control_parallel_attempt10_review/stage04_readiness.csv","50ef6ee5eaddb2de48f746703a64e452afd35d70b16d8d378f19e296c63d0c05","Byte-identical scientific source retained"
"experiments/summaries/stage03.4_control_parallel_attempt11_review/backend_metrics.csv","6596d0e23a783490ee8d35f31c67b25f3440012f9c0d39f54deb68380836301a","34569","migrated_unchanged","experiments/summaries/stage03.4_control_parallel_attempt11_review/backend_metrics.csv","6596d0e23a783490ee8d35f31c67b25f3440012f9c0d39f54deb68380836301a","Byte-identical scientific source retained"
"experiments/summaries/stage03.4_control_parallel_attempt11_review/cache_statistics.csv","b23f53b8937966724fdc39fb589176bd1d7436a40fb8b4aab31d7e50fb98ef49","26112","migrated_unchanged","experiments/summaries/stage03.4_control_parallel_attempt11_review/cache_statistics.csv","b23f53b8937966724fdc39fb589176bd1d7436a40fb8b4aab31d7e50fb98ef49","Byte-identical scientific source retained"
"experiments/summaries/stage03.4_control_parallel_attempt11_review/candidate_control_reconciliation.csv","50c3219b3342ee7d80e7c3193d486652120747edfc6b6eea85b13053890b0f98","11199","migrated_unchanged","experiments/summaries/stage03.4_control_parallel_attempt11_review/candidate_control_reconciliation.csv","50c3219b3342ee7d80e7c3193d486652120747edfc6b6eea85b13053890b0f98","Byte-identical scientific source retained"
"experiments/summaries/stage03.4_control_parallel_attempt11_review/deadline_report.csv","daa4cf3614eee5aad06baa8252f3ce667a2ee397879561b64d26f142f0ef6b63","1458","migrated_unchanged","experiments/summaries/stage03.4_control_parallel_attempt11_review/deadline_report.csv","daa4cf3614eee5aad06baa8252f3ce667a2ee397879561b64d26f142f0ef6b63","Byte-identical scientific source retained"
"experiments/summaries/stage03.4_control_parallel_attempt11_review/fixed_work_wall_clock.csv","30c9a18389b32b48d87c79ef5c6992bc33b9289c96837cb67b1f71911c7c9da9","7138","migrated_unchanged","experiments/summaries/stage03.4_control_parallel_attempt11_review/fixed_work_wall_clock.csv","30c9a18389b32b48d87c79ef5c6992bc33b9289c96837cb67b1f71911c7c9da9","Byte-identical scientific source retained"
"experiments/summaries/stage03.4_control_parallel_attempt11_review/objective_comparison.csv","4d9b438edd271155ad1695fb71eeb0e0c51fe47c0b7e8257950ca8f5084d2f88","16442","migrated_unchanged","experiments/summaries/stage03.4_control_parallel_attempt11_review/objective_comparison.csv","4d9b438edd271155ad1695fb71eeb0e0c51fe47c0b7e8257950ca8f5084d2f88","Byte-identical scientific source retained"
"experiments/summaries/stage03.4_control_parallel_attempt11_review/parallel_ordering.csv","2febfee18fdeb4f64756553426be7c4e1d884632bb2bd94f3cd043a78e6f4091","6728","migrated_unchanged","experiments/summaries/stage03.4_control_parallel_attempt11_review/parallel_ordering.csv","2febfee18fdeb4f64756553426be7c4e1d884632bb2bd94f3cd043a78e6f4091","Byte-identical scientific source retained"
"experiments/summaries/stage03.4_control_parallel_attempt11_review/per_run_results.csv","c8cd16d355685f0a03fe2b6464bff742b6c0adfc492aa0f2e0b2fb1fa2c48f2b","72035","migrated_unchanged","experiments/summaries/stage03.4_control_parallel_attempt11_review/per_run_results.csv","c8cd16d355685f0a03fe2b6464bff742b6c0adfc492aa0f2e0b2fb1fa2c48f2b","Byte-identical scientific source retained"
"experiments/summaries/stage03.4_control_parallel_attempt11_review/performance_profile.csv","0e9eb5774ee87ccb484d25e20c5a7eef02bc66b37317aeca4e6343658aad5b32","13336","migrated_unchanged","experiments/summaries/stage03.4_control_parallel_attempt11_review/performance_profile.csv","0e9eb5774ee87ccb484d25e20c5a7eef02bc66b37317aeca4e6343658aad5b32","Byte-identical scientific source retained"
"experiments/summaries/stage03.4_control_parallel_attempt11_review/review_findings.csv","5e1cb4e7f40e6c9867a7ac153a550575d0a7eb3650692c5fdee7eb90747caf6d","14230","migrated_unchanged","experiments/summaries/stage03.4_control_parallel_attempt11_review/review_findings.csv","5e1cb4e7f40e6c9867a7ac153a550575d0a7eb3650692c5fdee7eb90747caf6d","Byte-identical scientific source retained"
"experiments/summaries/stage03.4_control_parallel_attempt11_review/review_manifest.json","87cbc10592ce9c247da1f6bfb49cd13c486a7e019eaaa956871198a0b1fb4bc1","1981","migrated_unchanged","experiments/summaries/stage03.4_control_parallel_attempt11_review/review_manifest.json","87cbc10592ce9c247da1f6bfb49cd13c486a7e019eaaa956871198a0b1fb4bc1","Byte-identical scientific source retained"
"experiments/summaries/stage03.4_control_parallel_attempt11_review/review_report.md","2a31fb45f5c60c45f9266cbea342a914d6cc9a72af442f349290260782c7699f","209","migrated_unchanged","experiments/summaries/stage03.4_control_parallel_attempt11_review/review_report.md","2a31fb45f5c60c45f9266cbea342a914d6cc9a72af442f349290260782c7699f","Byte-identical scientific source retained"
"experiments/summaries/stage03.4_control_parallel_attempt11_review/route_operator_timing.csv","78b1db98284f903fb1ae6d52bc712ea6a347695758aa3845b1fc447d3b4f844c","604630","migrated_unchanged","experiments/summaries/stage03.4_control_parallel_attempt11_review/route_operator_timing.csv","78b1db98284f903fb1ae6d52bc712ea6a347695758aa3845b1fc447d3b4f844c","Byte-identical scientific source retained"
"experiments/summaries/stage03.4_control_parallel_attempt11_review/screening_reason_statistics.csv","8b14a8f150fd59c619d5d7d0484e1e9cb8ce5e8560426fe99ed6c368cc94a257","49282","migrated_unchanged","experiments/summaries/stage03.4_control_parallel_attempt11_review/screening_reason_statistics.csv","8b14a8f150fd59c619d5d7d0484e1e9cb8ce5e8560426fe99ed6c368cc94a257","Byte-identical scientific source retained"
"experiments/summaries/stage03.4_control_parallel_attempt11_review/stage04_readiness.csv","e0b8340fa957faf67a31629faaa1464399b77799cdbfb11ae256534574ab239b","256","migrated_unchanged","experiments/summaries/stage03.4_control_parallel_attempt11_review/stage04_readiness.csv","e0b8340fa957faf67a31629faaa1464399b77799cdbfb11ae256534574ab239b","Byte-identical scientific source retained"
"experiments/summaries/stage031_cheap_screening_formal01_baseline_comparison.csv","debca28449d7dff24a0b480f8d0676c4705e0ffeb9f1a9f7acc6c26b3947d64d","8317","migrated_unchanged","experiments/summaries/stage031_cheap_screening_formal01_baseline_comparison.csv","debca28449d7dff24a0b480f8d0676c4705e0ffeb9f1a9f7acc6c26b3947d64d","Byte-identical scientific source retained"
"experiments/summaries/stage031_cheap_screening_formal01_deadline_report.csv","a27a1656f531670386491ce1165ece408b604c61dc62d83bbe4436e484679aad","3431","migrated_unchanged","experiments/summaries/stage031_cheap_screening_formal01_deadline_report.csv","a27a1656f531670386491ce1165ece408b604c61dc62d83bbe4436e484679aad","Byte-identical scientific source retained"
"experiments/summaries/stage031_cheap_screening_formal01_per_run_results.csv","c8a1327923d043b2c3fee82987f4867d8808e51c2926307aa35dece7699363e9","49517","migrated_unchanged","experiments/summaries/stage031_cheap_screening_formal01_per_run_results.csv","c8a1327923d043b2c3fee82987f4867d8808e51c2926307aa35dece7699363e9","Byte-identical scientific source retained"
"experiments/summaries/stage031_cheap_screening_formal01_review_findings.csv","5d41623ee047801a15b0a9e4f86d92da6bd0c17748f6503e428c0ae64c716fc8","61934","migrated_unchanged","experiments/summaries/stage031_cheap_screening_formal01_review_findings.csv","5d41623ee047801a15b0a9e4f86d92da6bd0c17748f6503e428c0ae64c716fc8","Byte-identical scientific source retained"
"experiments/summaries/stage031_cheap_screening_formal01_review_manifest.json","c0f8ad0817393dd5ac9c5b5b7d95f3d19c3fc87a5d0b76bef24f41b94f779fdb","1410","migrated_unchanged","experiments/summaries/stage031_cheap_screening_formal01_review_manifest.json","c0f8ad0817393dd5ac9c5b5b7d95f3d19c3fc87a5d0b76bef24f41b94f779fdb","Byte-identical scientific source retained"
"experiments/summaries/stage031_cheap_screening_formal01_review_report.md","814fc574fb19fc78c77d34400ad97b37c07f4416844d8c831671630f661b3d0b","57726","migrated_unchanged","experiments/summaries/stage031_cheap_screening_formal01_review_report.md","814fc574fb19fc78c77d34400ad97b37c07f4416844d8c831671630f661b3d0b","Byte-identical scientific source retained"
"experiments/summaries/stage031_cheap_screening_formal01_screening_reason_statistics.csv","156beebe094b1c4a689e4569090cfd5d885c6dbf1c28f93db15ad342c33a6399","6125","migrated_unchanged","experiments/summaries/stage031_cheap_screening_formal01_screening_reason_statistics.csv","156beebe094b1c4a689e4569090cfd5d885c6dbf1c28f93db15ad342c33a6399","Byte-identical scientific source retained"
"experiments/summaries/stage031_cheap_screening_formal01_stage03_formal_comparison.csv","4b23887dc8802812aca883c68114264df5b19fea2bb482f4f6e4c5cccab0f938","8012","migrated_unchanged","experiments/summaries/stage031_cheap_screening_formal01_stage03_formal_comparison.csv","4b23887dc8802812aca883c68114264df5b19fea2bb482f4f6e4c5cccab0f938","Byte-identical scientific source retained"
"experiments/summaries/stage031_cheap_screening_formal01_stage03_readiness.csv","be6e1d03ef65aceba854dca6f3bda313d64d3a70781a7d82dc495ee59f5abce3","61658","migrated_unchanged","experiments/summaries/stage031_cheap_screening_formal01_stage03_readiness.csv","be6e1d03ef65aceba854dca6f3bda313d64d3a70781a7d82dc495ee59f5abce3","Byte-identical scientific source retained"
"experiments/summaries/stage031_cheap_screening_formal01_summary_results.csv","377ce571c3a851f972adbb7e104e56ed467343ddd05cba32ca41036b6fd414d6","3490","migrated_unchanged","experiments/summaries/stage031_cheap_screening_formal01_summary_results.csv","377ce571c3a851f972adbb7e104e56ed467343ddd05cba32ca41036b6fd414d6","Byte-identical scientific source retained"
"experiments/summaries/stage031_cheap_screening_formal01_trace_reconciliation.csv","926ef13e535981e2730f3d2ec5057fa376c76ff7baba26305633eba53d4b6a29","30864","migrated_unchanged","experiments/summaries/stage031_cheap_screening_formal01_trace_reconciliation.csv","926ef13e535981e2730f3d2ec5057fa376c76ff7baba26305633eba53d4b6a29","Byte-identical scientific source retained"
"experiments/summaries/stage031_cheap_screening_smoke03_baseline_comparison.csv","ea4a50a8b173a2294f7ea634ec304865aa8e11c506742f0c891f463ce547f1c6","4454","migrated_unchanged","experiments/summaries/stage031_cheap_screening_smoke03_baseline_comparison.csv","ea4a50a8b173a2294f7ea634ec304865aa8e11c506742f0c891f463ce547f1c6","Byte-identical scientific source retained"
"experiments/summaries/stage031_cheap_screening_smoke03_deadline_report.csv","517669b1187c3f1c8dbdb4def660a6914ee5daebd3c2f16c5beafadfb723cd2a","1751","migrated_unchanged","experiments/summaries/stage031_cheap_screening_smoke03_deadline_report.csv","517669b1187c3f1c8dbdb4def660a6914ee5daebd3c2f16c5beafadfb723cd2a","Byte-identical scientific source retained"
"experiments/summaries/stage031_cheap_screening_smoke03_per_run_results.csv","01bd5f5b4783f95cd16cf8868658f9e51dd3202cbb710cfbbb93b8ba7228ce20","25359","migrated_unchanged","experiments/summaries/stage031_cheap_screening_smoke03_per_run_results.csv","01bd5f5b4783f95cd16cf8868658f9e51dd3202cbb710cfbbb93b8ba7228ce20","Byte-identical scientific source retained"
"experiments/summaries/stage031_cheap_screening_smoke03_review_findings.csv","6f1b14f12371216e465042a17b1194fba89ea57e1a483621360b98090e5d0dcb","36604","migrated_unchanged","experiments/summaries/stage031_cheap_screening_smoke03_review_findings.csv","6f1b14f12371216e465042a17b1194fba89ea57e1a483621360b98090e5d0dcb","Byte-identical scientific source retained"
"experiments/summaries/stage031_cheap_screening_smoke03_review_manifest.json","50eb850b7489046a0ac9ddd8568a1dd1612882c4d43f0b805d59eb37309acf3b","1425","migrated_unchanged","experiments/summaries/stage031_cheap_screening_smoke03_review_manifest.json","50eb850b7489046a0ac9ddd8568a1dd1612882c4d43f0b805d59eb37309acf3b","Byte-identical scientific source retained"
"experiments/summaries/stage031_cheap_screening_smoke03_review_report.md","bbd1a3adba6a31e04f5379abd151a828087fb3f04a0fee1c967e912bbf96cef2","34356","migrated_unchanged","experiments/summaries/stage031_cheap_screening_smoke03_review_report.md","bbd1a3adba6a31e04f5379abd151a828087fb3f04a0fee1c967e912bbf96cef2","Byte-identical scientific source retained"
"experiments/summaries/stage031_cheap_screening_smoke03_screening_reason_statistics.csv","b1b02bb187e3396568ea0dbe521b0bc177ac32ad58c6a014fc977723ac5172f7","3344","migrated_unchanged","experiments/summaries/stage031_cheap_screening_smoke03_screening_reason_statistics.csv","b1b02bb187e3396568ea0dbe521b0bc177ac32ad58c6a014fc977723ac5172f7","Byte-identical scientific source retained"
"experiments/summaries/stage031_cheap_screening_smoke03_stage03_formal_comparison.csv","745c90617fe2879fd871969ade52cce1e0eb033ff7e4a78e44698e46911de089","4080","migrated_unchanged","experiments/summaries/stage031_cheap_screening_smoke03_stage03_formal_comparison.csv","745c90617fe2879fd871969ade52cce1e0eb033ff7e4a78e44698e46911de089","Byte-identical scientific source retained"
"experiments/summaries/stage031_cheap_screening_smoke03_stage03_readiness.csv","4d8a8c886b90d1d2fda7f370fd2f505e28d938728194637f9663934cd862b0d4","36364","migrated_unchanged","experiments/summaries/stage031_cheap_screening_smoke03_stage03_readiness.csv","4d8a8c886b90d1d2fda7f370fd2f505e28d938728194637f9663934cd862b0d4","Byte-identical scientific source retained"
"experiments/summaries/stage031_cheap_screening_smoke03_summary_results.csv","61e72227f3c24ecd57cd1999431c778f7e928b227ec5a72d3f721624e2788857","1990","migrated_unchanged","experiments/summaries/stage031_cheap_screening_smoke03_summary_results.csv","61e72227f3c24ecd57cd1999431c778f7e928b227ec5a72d3f721624e2788857","Byte-identical scientific source retained"
"experiments/summaries/stage031_cheap_screening_smoke03_trace_reconciliation.csv","3cd92077d23d7763c711b8356f8cd3aa14b0793298e52fc04a4625c8984aa3b0","15655","migrated_unchanged","experiments/summaries/stage031_cheap_screening_smoke03_trace_reconciliation.csv","3cd92077d23d7763c711b8356f8cd3aa14b0793298e52fc04a4625c8984aa3b0","Byte-identical scientific source retained"
"experiments/summaries/stage03_measurement_formal01_baseline_comparison.csv","206f33de45ca5295d8db1ca26048f931dfee248dbb62aff50bdf66fc5ac4c2e4","8314","migrated_unchanged","experiments/summaries/stage03_measurement_formal01_baseline_comparison.csv","206f33de45ca5295d8db1ca26048f931dfee248dbb62aff50bdf66fc5ac4c2e4","Byte-identical scientific source retained"
"experiments/summaries/stage03_measurement_formal01_deadline_report.csv","f5e411a3e7a49ae74395b830db76b847a024a8b7d0f898ca463284e9ca11b8df","3262","migrated_unchanged","experiments/summaries/stage03_measurement_formal01_deadline_report.csv","f5e411a3e7a49ae74395b830db76b847a024a8b7d0f898ca463284e9ca11b8df","Byte-identical scientific source retained"
"experiments/summaries/stage03_measurement_formal01_per_run_results.csv","7c0912cad8fe67717b811d3e57fb817c386bb01617e8466d2ca9fb6d108b0393","46178","migrated_unchanged","experiments/summaries/stage03_measurement_formal01_per_run_results.csv","7c0912cad8fe67717b811d3e57fb817c386bb01617e8466d2ca9fb6d108b0393","Byte-identical scientific source retained"
"experiments/summaries/stage03_measurement_formal01_review_findings.csv","f7419584d738dabdf474f5cde68b5cbd4099f507169d0b99fd21b32f71e4582e","30476","migrated_unchanged","experiments/summaries/stage03_measurement_formal01_review_findings.csv","f7419584d738dabdf474f5cde68b5cbd4099f507169d0b99fd21b32f71e4582e","Byte-identical scientific source retained"
"experiments/summaries/stage03_measurement_formal01_review_manifest.json","871aa5e34085bc61bc461e4d9beb7e958e91761b166d899e8c4eb40f0a46d71d","1199","migrated_unchanged","experiments/summaries/stage03_measurement_formal01_review_manifest.json","871aa5e34085bc61bc461e4d9beb7e958e91761b166d899e8c4eb40f0a46d71d","Byte-identical scientific source retained"
"experiments/summaries/stage03_measurement_formal01_review_report.md","93e2fb840d32f3d664f2dcfa4c223b9a19b0447e10f138dd491e8f5c821ea65c","28559","migrated_unchanged","experiments/summaries/stage03_measurement_formal01_review_report.md","93e2fb840d32f3d664f2dcfa4c223b9a19b0447e10f138dd491e8f5c821ea65c","Byte-identical scientific source retained"
"experiments/summaries/stage03_measurement_formal01_stage03_readiness.csv","a3d0a46f800becf029162bf2494d319423e88f61458cd87aa080537605a3a078","30286","migrated_unchanged","experiments/summaries/stage03_measurement_formal01_stage03_readiness.csv","a3d0a46f800becf029162bf2494d319423e88f61458cd87aa080537605a3a078","Byte-identical scientific source retained"
"experiments/summaries/stage03_measurement_formal01_summary_results.csv","bb769d3ece1ae95865d56e07bb3d6259e7433c511243112df0edbd8b27802645","2659","migrated_unchanged","experiments/summaries/stage03_measurement_formal01_summary_results.csv","bb769d3ece1ae95865d56e07bb3d6259e7433c511243112df0edbd8b27802645","Byte-identical scientific source retained"
"experiments/summaries/stage03_measurement_formal01_trace_reconciliation.csv","8373694e81bf945839d118b586da8884fea74c3a1ad988c2cc298c8e18dbb92e","17823","migrated_unchanged","experiments/summaries/stage03_measurement_formal01_trace_reconciliation.csv","8373694e81bf945839d118b586da8884fea74c3a1ad988c2cc298c8e18dbb92e","Byte-identical scientific source retained"
"experiments/summaries/stage03_measurement_smoke04_baseline_comparison.csv","2a6a0297f0dc33b291319571129e71982dfa8221abf5138a83e74ed97f9c3b01","4450","migrated_unchanged","experiments/summaries/stage03_measurement_smoke04_baseline_comparison.csv","2a6a0297f0dc33b291319571129e71982dfa8221abf5138a83e74ed97f9c3b01","Byte-identical scientific source retained"
"experiments/summaries/stage03_measurement_smoke04_deadline_report.csv","d06483cc1e191db1e2d15c27d2887fe6adbaa6c1933538e78add56e86f4c6065","1661","migrated_unchanged","experiments/summaries/stage03_measurement_smoke04_deadline_report.csv","d06483cc1e191db1e2d15c27d2887fe6adbaa6c1933538e78add56e86f4c6065","Byte-identical scientific source retained"
"experiments/summaries/stage03_measurement_smoke04_per_run_results.csv","5badc82528a33d0dd538404ac328658fef5e2ed1b5ec664ce948414ed93f8b74","23449","migrated_unchanged","experiments/summaries/stage03_measurement_smoke04_per_run_results.csv","5badc82528a33d0dd538404ac328658fef5e2ed1b5ec664ce948414ed93f8b74","Byte-identical scientific source retained"
"experiments/summaries/stage03_measurement_smoke04_review_findings.csv","fad3d77c14514b5cf1d24aa9549120b499535a76aad2483eae60918181243607","20559","migrated_unchanged","experiments/summaries/stage03_measurement_smoke04_review_findings.csv","fad3d77c14514b5cf1d24aa9549120b499535a76aad2483eae60918181243607","Byte-identical scientific source retained"
"experiments/summaries/stage03_measurement_smoke04_review_manifest.json","1b3288796499035d4b6bcdbc27b0e2f40b2f177be339222912f4ad5dbf0c42ff","1202","migrated_unchanged","experiments/summaries/stage03_measurement_smoke04_review_manifest.json","1b3288796499035d4b6bcdbc27b0e2f40b2f177be339222912f4ad5dbf0c42ff","Byte-identical scientific source retained"
"experiments/summaries/stage03_measurement_smoke04_review_report.md","4e225b894574ebe42c023e2628f95ae774d68941406b11df3e5af5f301f795cc","19474","migrated_unchanged","experiments/summaries/stage03_measurement_smoke04_review_report.md","4e225b894574ebe42c023e2628f95ae774d68941406b11df3e5af5f301f795cc","Byte-identical scientific source retained"
"experiments/summaries/stage03_measurement_smoke04_stage03_readiness.csv","2a2b296ce1b2c4badd2c697ca0af784c25f0f54c06ade717744e29165c71b5a1","20381","migrated_unchanged","experiments/summaries/stage03_measurement_smoke04_stage03_readiness.csv","2a2b296ce1b2c4badd2c697ca0af784c25f0f54c06ade717744e29165c71b5a1","Byte-identical scientific source retained"
"experiments/summaries/stage03_measurement_smoke04_summary_results.csv","2b5e62ba8048eeaa4c876284123f430e330465943c20dfbc27fcd4b12c0d5b86","1473","migrated_unchanged","experiments/summaries/stage03_measurement_smoke04_summary_results.csv","2b5e62ba8048eeaa4c876284123f430e330465943c20dfbc27fcd4b12c0d5b86","Byte-identical scientific source retained"
"experiments/summaries/stage03_measurement_smoke04_trace_reconciliation.csv","5099c4e19b8319529c289fbd3239ad1f897979a2cfcf285c5c6ce3f3d037bc0c","8933","migrated_unchanged","experiments/summaries/stage03_measurement_smoke04_trace_reconciliation.csv","5099c4e19b8319529c289fbd3239ad1f897979a2cfcf285c5c6ce3f3d037bc0c","Byte-identical scientific source retained"
"experiments/summaries/stage04_adaptive_weights_attempt02_gate_evaluation.csv","190d47cd62408b7e6cf62e38df730ddbefe66838846ae8c4276045e4f120535f","606","migrated_unchanged","experiments/summaries/stage04_adaptive_weights_attempt02_gate_evaluation.csv","190d47cd62408b7e6cf62e38df730ddbefe66838846ae8c4276045e4f120535f","Byte-identical scientific source retained"
"experiments/summaries/stage04_adaptive_weights_attempt02_per_run_results.csv","2aeccb24821aedf7d08977fda7fb1a09d0f394b7cdeaa3199689b21643d0601b","27590","migrated_unchanged","experiments/summaries/stage04_adaptive_weights_attempt02_per_run_results.csv","2aeccb24821aedf7d08977fda7fb1a09d0f394b7cdeaa3199689b21643d0601b","Byte-identical scientific source retained"
"experiments/summaries/stage04_adaptive_weights_attempt02_review_findings.csv","00b7aae0844029f1ff3946fa99ef777562a9ca6d53820c3edd043d220a98e79f","13228","migrated_unchanged","experiments/summaries/stage04_adaptive_weights_attempt02_review_findings.csv","00b7aae0844029f1ff3946fa99ef777562a9ca6d53820c3edd043d220a98e79f","Byte-identical scientific source retained"
"experiments/summaries/stage04_adaptive_weights_attempt02_review_manifest.json","6b43c8890bd9d2669b4e8af2c25c30ffd1af59d1e476e93c058664fe605caf44","1619","migrated_unchanged","experiments/summaries/stage04_adaptive_weights_attempt02_review_manifest.json","6b43c8890bd9d2669b4e8af2c25c30ffd1af59d1e476e93c058664fe605caf44","Byte-identical scientific source retained"
"experiments/summaries/stage04_adaptive_weights_attempt02_review_report.md","dfa0210df88ea661ea6728efca8320e753545deae1042f27a9371f3f51b8dc76","929","migrated_unchanged","experiments/summaries/stage04_adaptive_weights_attempt02_review_report.md","dfa0210df88ea661ea6728efca8320e753545deae1042f27a9371f3f51b8dc76","Byte-identical scientific source retained"
"experiments/summaries/stage04_adaptive_weights_attempt02_summary_results.csv","fa2489bbb87b6bbf84f740020bf5e69a59d7dd9e55b48882fc75668a309ca3e6","7902","migrated_unchanged","experiments/summaries/stage04_adaptive_weights_attempt02_summary_results.csv","fa2489bbb87b6bbf84f740020bf5e69a59d7dd9e55b48882fc75668a309ca3e6","Byte-identical scientific source retained"
"experiments/summaries/stage04_adaptive_weights_attempt05_gate_evaluation.csv","0c55b5c3d188f953ad6f5e73bae626df8f898b25422b985126d115a124c8e6c3","646","migrated_unchanged","experiments/summaries/stage04_adaptive_weights_attempt05_gate_evaluation.csv","0c55b5c3d188f953ad6f5e73bae626df8f898b25422b985126d115a124c8e6c3","Byte-identical scientific source retained"
"experiments/summaries/stage04_adaptive_weights_attempt05_per_run_results.csv","df44f6beff7011d7de5b04f9fb3d10b7f97cf52ae347bde116ee94697b660dc9","27597","migrated_unchanged","experiments/summaries/stage04_adaptive_weights_attempt05_per_run_results.csv","df44f6beff7011d7de5b04f9fb3d10b7f97cf52ae347bde116ee94697b660dc9","Byte-identical scientific source retained"
"experiments/summaries/stage04_adaptive_weights_attempt05_review_findings.csv","00b7aae0844029f1ff3946fa99ef777562a9ca6d53820c3edd043d220a98e79f","13228","migrated_unchanged","experiments/summaries/stage04_adaptive_weights_attempt05_review_findings.csv","00b7aae0844029f1ff3946fa99ef777562a9ca6d53820c3edd043d220a98e79f","Byte-identical scientific source retained"
"experiments/summaries/stage04_adaptive_weights_attempt05_review_manifest.json","7216fbb9d8396e249af46a686e5ec23cf41342bed885614214d5ea2687f94812","1659","migrated_unchanged","experiments/summaries/stage04_adaptive_weights_attempt05_review_manifest.json","7216fbb9d8396e249af46a686e5ec23cf41342bed885614214d5ea2687f94812","Byte-identical scientific source retained"
"experiments/summaries/stage04_adaptive_weights_attempt05_review_report.md","e2c80aae9017c5d2bea44fb9036ca438a9cdef1792f38d1a36463b72b058f5fa","969","migrated_unchanged","experiments/summaries/stage04_adaptive_weights_attempt05_review_report.md","e2c80aae9017c5d2bea44fb9036ca438a9cdef1792f38d1a36463b72b058f5fa","Byte-identical scientific source retained"
"experiments/summaries/stage04_adaptive_weights_attempt05_summary_results.csv","e46a05c7ae77c12e2ca5739a0c940ca466ec4eb3e917ce086a15cb8016bd5800","7931","migrated_unchanged","experiments/summaries/stage04_adaptive_weights_attempt05_summary_results.csv","e46a05c7ae77c12e2ca5739a0c940ca466ec4eb3e917ce086a15cb8016bd5800","Byte-identical scientific source retained"
"experiments/summaries/stage04_adaptive_weights_attempt07_gate_evaluation.csv","9fa6b506bf8f948c680f49953218af9ad7e1904396383d30d01b193937e5522e","697","migrated_unchanged","experiments/summaries/stage04_adaptive_weights_attempt07_gate_evaluation.csv","9fa6b506bf8f948c680f49953218af9ad7e1904396383d30d01b193937e5522e","Byte-identical scientific source retained"
"experiments/summaries/stage04_adaptive_weights_attempt07_per_run_results.csv","271592d741820d4f49e0fbfda33056025ae5d7c9f06e1f58b5238304da23ac4b","27454","migrated_unchanged","experiments/summaries/stage04_adaptive_weights_attempt07_per_run_results.csv","271592d741820d4f49e0fbfda33056025ae5d7c9f06e1f58b5238304da23ac4b","Byte-identical scientific source retained"
"experiments/summaries/stage04_adaptive_weights_attempt07_review_findings.csv","91b0fcebc0641801f50080bdb684ece438126aa5d37128926dbd078890f7ed3e","13083","migrated_unchanged","experiments/summaries/stage04_adaptive_weights_attempt07_review_findings.csv","91b0fcebc0641801f50080bdb684ece438126aa5d37128926dbd078890f7ed3e","Byte-identical scientific source retained"
"experiments/summaries/stage04_adaptive_weights_attempt07_review_manifest.json","36e9ef21f7d8f83639ab8223647f3bf6b12482a751cde52b1c715daf7d2acfe5","1717","migrated_unchanged","experiments/summaries/stage04_adaptive_weights_attempt07_review_manifest.json","36e9ef21f7d8f83639ab8223647f3bf6b12482a751cde52b1c715daf7d2acfe5","Byte-identical scientific source retained"
"experiments/summaries/stage04_adaptive_weights_attempt07_review_report.md","7896cbe975e2795b0aa7841ee4f1c6145b3f306435e7b50150527fb617042019","1027","migrated_unchanged","experiments/summaries/stage04_adaptive_weights_attempt07_review_report.md","7896cbe975e2795b0aa7841ee4f1c6145b3f306435e7b50150527fb617042019","Byte-identical scientific source retained"
"experiments/summaries/stage04_adaptive_weights_attempt07_summary_results.csv","72a846c366cee02d711d30c6b999c240c0803bd4eb0879f63815730ee58897bc","7728","migrated_unchanged","experiments/summaries/stage04_adaptive_weights_attempt07_summary_results.csv","72a846c366cee02d711d30c6b999c240c0803bd4eb0879f63815730ee58897bc","Byte-identical scientific source retained"
"experiments/summaries/stage04_adaptive_weights_attempt11_gate_evaluation.csv","9fa6b506bf8f948c680f49953218af9ad7e1904396383d30d01b193937e5522e","697","migrated_unchanged","experiments/summaries/stage04_adaptive_weights_attempt11_gate_evaluation.csv","9fa6b506bf8f948c680f49953218af9ad7e1904396383d30d01b193937e5522e","Byte-identical scientific source retained"
"experiments/summaries/stage04_adaptive_weights_attempt11_per_run_results.csv","4ef25ff9c4e5ecc46dc7d007a7c6de6ff43c093053e1359cba72afa59e6c0db4","27428","migrated_unchanged","experiments/summaries/stage04_adaptive_weights_attempt11_per_run_results.csv","4ef25ff9c4e5ecc46dc7d007a7c6de6ff43c093053e1359cba72afa59e6c0db4","Byte-identical scientific source retained"
"experiments/summaries/stage04_adaptive_weights_attempt11_review_findings.csv","91b0fcebc0641801f50080bdb684ece438126aa5d37128926dbd078890f7ed3e","13083","migrated_unchanged","experiments/summaries/stage04_adaptive_weights_attempt11_review_findings.csv","91b0fcebc0641801f50080bdb684ece438126aa5d37128926dbd078890f7ed3e","Byte-identical scientific source retained"
"experiments/summaries/stage04_adaptive_weights_attempt11_review_manifest.json","7de72b969ba3fa36e73446d6615c8c883d8154a9d076db9ef99a2d0de0bc351e","1717","migrated_unchanged","experiments/summaries/stage04_adaptive_weights_attempt11_review_manifest.json","7de72b969ba3fa36e73446d6615c8c883d8154a9d076db9ef99a2d0de0bc351e","Byte-identical scientific source retained"
"experiments/summaries/stage04_adaptive_weights_attempt11_review_report.md","e172cf87a1f31881cd59db1c2fb695a7118f6bf2d5b11c101ca899592ebeddc9","1027","migrated_unchanged","experiments/summaries/stage04_adaptive_weights_attempt11_review_report.md","e172cf87a1f31881cd59db1c2fb695a7118f6bf2d5b11c101ca899592ebeddc9","Byte-identical scientific source retained"
"experiments/summaries/stage04_adaptive_weights_attempt11_summary_results.csv","abdc84823fc829fa56896c79c52eac8f033a4cdc8fb8fc09d3fbc5862da937e0","7752","migrated_unchanged","experiments/summaries/stage04_adaptive_weights_attempt11_summary_results.csv","abdc84823fc829fa56896c79c52eac8f033a4cdc8fb8fc09d3fbc5862da937e0","Byte-identical scientific source retained"
"experiments/summaries/stage04_adaptive_weights_attempt13_gate_evaluation.csv","9fa6b506bf8f948c680f49953218af9ad7e1904396383d30d01b193937e5522e","697","migrated_unchanged","experiments/summaries/stage04_adaptive_weights_attempt13_gate_evaluation.csv","9fa6b506bf8f948c680f49953218af9ad7e1904396383d30d01b193937e5522e","Byte-identical scientific source retained"
"experiments/summaries/stage04_adaptive_weights_attempt13_per_run_results.csv","b32335e35b744a333ff6ef5b8cba07d4096777c7ea166422fd4ce6dbff406eb7","27455","migrated_unchanged","experiments/summaries/stage04_adaptive_weights_attempt13_per_run_results.csv","b32335e35b744a333ff6ef5b8cba07d4096777c7ea166422fd4ce6dbff406eb7","Byte-identical scientific source retained"
"experiments/summaries/stage04_adaptive_weights_attempt13_review_findings.csv","91b0fcebc0641801f50080bdb684ece438126aa5d37128926dbd078890f7ed3e","13083","migrated_unchanged","experiments/summaries/stage04_adaptive_weights_attempt13_review_findings.csv","91b0fcebc0641801f50080bdb684ece438126aa5d37128926dbd078890f7ed3e","Byte-identical scientific source retained"
"experiments/summaries/stage04_adaptive_weights_attempt13_review_manifest.json","e6f01c436628bfac0f22fb99914834e448983f6b90658c5bad6617eb84a6b744","1717","migrated_unchanged","experiments/summaries/stage04_adaptive_weights_attempt13_review_manifest.json","e6f01c436628bfac0f22fb99914834e448983f6b90658c5bad6617eb84a6b744","Byte-identical scientific source retained"
"experiments/summaries/stage04_adaptive_weights_attempt13_review_report.md","49ce5d6ce4d4ea5aa6c3da2adf8a1bd9a43a8ff34cfd23181549f0d888927f06","1027","migrated_unchanged","experiments/summaries/stage04_adaptive_weights_attempt13_review_report.md","49ce5d6ce4d4ea5aa6c3da2adf8a1bd9a43a8ff34cfd23181549f0d888927f06","Byte-identical scientific source retained"
"experiments/summaries/stage04_adaptive_weights_attempt13_summary_results.csv","f6483c30e7644c4b4042d73c694a436029c337c6671822271f598d6f4fdda5b0","7758","migrated_unchanged","experiments/summaries/stage04_adaptive_weights_attempt13_summary_results.csv","f6483c30e7644c4b4042d73c694a436029c337c6671822271f598d6f4fdda5b0","Byte-identical scientific source retained"
"experiments/summaries/stage04_adaptive_weights_attempt15_gate_evaluation.csv","9fa6b506bf8f948c680f49953218af9ad7e1904396383d30d01b193937e5522e","697","migrated_unchanged","experiments/summaries/stage04_adaptive_weights_attempt15_gate_evaluation.csv","9fa6b506bf8f948c680f49953218af9ad7e1904396383d30d01b193937e5522e","Byte-identical scientific source retained"
"experiments/summaries/stage04_adaptive_weights_attempt15_per_run_results.csv","a32e95baf8c22e58a69e7e649933203f9da337cb69530f1412ed2b3532218fa0","27455","migrated_unchanged","experiments/summaries/stage04_adaptive_weights_attempt15_per_run_results.csv","a32e95baf8c22e58a69e7e649933203f9da337cb69530f1412ed2b3532218fa0","Byte-identical scientific source retained"
"experiments/summaries/stage04_adaptive_weights_attempt15_review_findings.csv","91b0fcebc0641801f50080bdb684ece438126aa5d37128926dbd078890f7ed3e","13083","migrated_unchanged","experiments/summaries/stage04_adaptive_weights_attempt15_review_findings.csv","91b0fcebc0641801f50080bdb684ece438126aa5d37128926dbd078890f7ed3e","Byte-identical scientific source retained"
"experiments/summaries/stage04_adaptive_weights_attempt15_review_manifest.json","3fbc41c04d64d7bd4a63f55576fbb62a30d9021c726f15af0872bd38be563a94","1717","migrated_unchanged","experiments/summaries/stage04_adaptive_weights_attempt15_review_manifest.json","3fbc41c04d64d7bd4a63f55576fbb62a30d9021c726f15af0872bd38be563a94","Byte-identical scientific source retained"
"experiments/summaries/stage04_adaptive_weights_attempt15_review_report.md","aa99b1bdb4fd516c69b449e5083af5d62a24ba55046bae08125e97e737e3612e","1027","migrated_unchanged","experiments/summaries/stage04_adaptive_weights_attempt15_review_report.md","aa99b1bdb4fd516c69b449e5083af5d62a24ba55046bae08125e97e737e3612e","Byte-identical scientific source retained"
"experiments/summaries/stage04_adaptive_weights_attempt15_summary_results.csv","1c39af2b90440e1f05ee8ea376b61896bca3d92b4c02928dd646604f7862e382","7721","migrated_unchanged","experiments/summaries/stage04_adaptive_weights_attempt15_summary_results.csv","1c39af2b90440e1f05ee8ea376b61896bca3d92b4c02928dd646604f7862e382","Byte-identical scientific source retained"
"experiments/summaries/stage05.1_best_known_attempt01_bks_data.csv","cac7e1dc0da5e203db0402e9b6152ef7219a3054ee863bd0925cf7bff3fd2d2c","52355","migrated_unchanged","experiments/summaries/stage05.1_best_known_attempt01_bks_data.csv","cac7e1dc0da5e203db0402e9b6152ef7219a3054ee863bd0925cf7bff3fd2d2c","Byte-identical scientific source retained"
"experiments/summaries/stage05.1_best_known_attempt01_compatibility_assessment.csv","a7d2a5c81ba292abfa469fde0785ac221aee13ab563b309c506af92d47b7252b","1630","migrated_unchanged","experiments/summaries/stage05.1_best_known_attempt01_compatibility_assessment.csv","a7d2a5c81ba292abfa469fde0785ac221aee13ab563b309c506af92d47b7252b","Byte-identical scientific source retained"
"experiments/summaries/stage05.1_best_known_attempt02_bks_data.csv","cac7e1dc0da5e203db0402e9b6152ef7219a3054ee863bd0925cf7bff3fd2d2c","52355","migrated_unchanged","experiments/summaries/stage05.1_best_known_attempt02_bks_data.csv","cac7e1dc0da5e203db0402e9b6152ef7219a3054ee863bd0925cf7bff3fd2d2c","Byte-identical scientific source retained"
"experiments/summaries/stage05.1_best_known_attempt02_compatibility_assessment.csv","a7d2a5c81ba292abfa469fde0785ac221aee13ab563b309c506af92d47b7252b","1630","migrated_unchanged","experiments/summaries/stage05.1_best_known_attempt02_compatibility_assessment.csv","a7d2a5c81ba292abfa469fde0785ac221aee13ab563b309c506af92d47b7252b","Byte-identical scientific source retained"
"experiments/summaries/stage05.1_best_known_attempt02_gate_evaluation.csv","39247388a80acb064cd7841d57498120d700e0b3ed978a1a2803d9d33092b8f2","335","migrated_unchanged","experiments/summaries/stage05.1_best_known_attempt02_gate_evaluation.csv","39247388a80acb064cd7841d57498120d700e0b3ed978a1a2803d9d33092b8f2","Byte-identical scientific source retained"
"experiments/summaries/stage05.1_best_known_attempt02_review_findings.csv","f9fc7abe2e2ab0023d1485724aec1781ec5bc9beec1a5b28397dc44507a2bfd4","335","migrated_unchanged","experiments/summaries/stage05.1_best_known_attempt02_review_findings.csv","f9fc7abe2e2ab0023d1485724aec1781ec5bc9beec1a5b28397dc44507a2bfd4","Byte-identical scientific source retained"
"experiments/summaries/stage05.1_best_known_attempt02_review_manifest.json","0870cd68f905ff2fb11a22312a76fb19cd4c8c1d039ed208e4e0d4a2fefdaed5","841","migrated_unchanged","experiments/summaries/stage05.1_best_known_attempt02_review_manifest.json","0870cd68f905ff2fb11a22312a76fb19cd4c8c1d039ed208e4e0d4a2fefdaed5","Byte-identical scientific source retained"
"experiments/summaries/stage05.1_best_known_attempt02_review_report.md","35707af25fe306b2a952db3ece5ec5aa13ff7c3a9c20f93fb6fed9dbc309cb06","609","migrated_unchanged","experiments/summaries/stage05.1_best_known_attempt02_review_report.md","35707af25fe306b2a952db3ece5ec5aa13ff7c3a9c20f93fb6fed9dbc309cb06","Byte-identical scientific source retained"
"experiments/summaries/stage05.1_best_known_attempt02_summary_report.md","ac1cdab09fb798b689103ee56c41362f91912fc72732ba92e68a8f05e21eeb28","2671","migrated_unchanged","experiments/summaries/stage05.1_best_known_attempt02_summary_report.md","ac1cdab09fb798b689103ee56c41362f91912fc72732ba92e68a8f05e21eeb28","Byte-identical scientific source retained"
"experiments/summaries/stage05.1_best_known_attempt03_bks_data.csv","e0574b0d4d59ba41388efcc591a4351694806a6ad22e20b5a64b265fdd87e29c","52262","migrated_unchanged","experiments/summaries/stage05.1_best_known_attempt03_bks_data.csv","e0574b0d4d59ba41388efcc591a4351694806a6ad22e20b5a64b265fdd87e29c","Byte-identical scientific source retained"
"experiments/summaries/stage05.1_best_known_attempt03_compatibility_assessment.csv","00a8b38fc33e14c1587b29b648c8ea18842bc591c69f0da746207c349bf5062f","1624","migrated_unchanged","experiments/summaries/stage05.1_best_known_attempt03_compatibility_assessment.csv","00a8b38fc33e14c1587b29b648c8ea18842bc591c69f0da746207c349bf5062f","Byte-identical scientific source retained"
"experiments/summaries/stage05.1_best_known_attempt03_gate_evaluation.csv","fe39705f9f94dce47aa142de64ada0a4f7327971801e63e43e274b5fa74f0b9b","329","migrated_unchanged","experiments/summaries/stage05.1_best_known_attempt03_gate_evaluation.csv","fe39705f9f94dce47aa142de64ada0a4f7327971801e63e43e274b5fa74f0b9b","Byte-identical scientific source retained"
"experiments/summaries/stage05.1_best_known_attempt03_review_findings.csv","b8937fc965524f7cd377c783cb1043d1d7d2e4cc4eeed61f146baa2388a5e391","329","migrated_unchanged","experiments/summaries/stage05.1_best_known_attempt03_review_findings.csv","b8937fc965524f7cd377c783cb1043d1d7d2e4cc4eeed61f146baa2388a5e391","Byte-identical scientific source retained"
"experiments/summaries/stage05.1_best_known_attempt03_review_manifest.json","f22a35ef7bbeff8d43cb3b2592503cd389abbb9b6703b8a613a5d430236574f7","841","migrated_unchanged","experiments/summaries/stage05.1_best_known_attempt03_review_manifest.json","f22a35ef7bbeff8d43cb3b2592503cd389abbb9b6703b8a613a5d430236574f7","Byte-identical scientific source retained"
"experiments/summaries/stage05.1_best_known_attempt03_review_report.md","383fa4949ad98251030e16ce73767f8126b61e8c6329f2db3f4f9c4bc3141d64","609","migrated_unchanged","experiments/summaries/stage05.1_best_known_attempt03_review_report.md","383fa4949ad98251030e16ce73767f8126b61e8c6329f2db3f4f9c4bc3141d64","Byte-identical scientific source retained"
"experiments/summaries/stage05.1_best_known_attempt03_summary_report.md","8b26eacf0ebb01df39de744eae888d3d13d07f7a5f9ef551bba5888fd323dc1b","2671","migrated_unchanged","experiments/summaries/stage05.1_best_known_attempt03_summary_report.md","8b26eacf0ebb01df39de744eae888d3d13d07f7a5f9ef551bba5888fd323dc1b","Byte-identical scientific source retained"
"experiments/summaries/stage05.1_best_known_attempt04_bks_data.csv","e0574b0d4d59ba41388efcc591a4351694806a6ad22e20b5a64b265fdd87e29c","52262","migrated_unchanged","experiments/summaries/stage05.1_best_known_attempt04_bks_data.csv","e0574b0d4d59ba41388efcc591a4351694806a6ad22e20b5a64b265fdd87e29c","Byte-identical scientific source retained"
"experiments/summaries/stage05.1_best_known_attempt04_compatibility_assessment.csv","00a8b38fc33e14c1587b29b648c8ea18842bc591c69f0da746207c349bf5062f","1624","migrated_unchanged","experiments/summaries/stage05.1_best_known_attempt04_compatibility_assessment.csv","00a8b38fc33e14c1587b29b648c8ea18842bc591c69f0da746207c349bf5062f","Byte-identical scientific source retained"
"experiments/summaries/stage05.1_best_known_attempt04_gate_evaluation.csv","fe39705f9f94dce47aa142de64ada0a4f7327971801e63e43e274b5fa74f0b9b","329","migrated_unchanged","experiments/summaries/stage05.1_best_known_attempt04_gate_evaluation.csv","fe39705f9f94dce47aa142de64ada0a4f7327971801e63e43e274b5fa74f0b9b","Byte-identical scientific source retained"
"experiments/summaries/stage05.1_best_known_attempt04_review_findings.csv","b8937fc965524f7cd377c783cb1043d1d7d2e4cc4eeed61f146baa2388a5e391","329","migrated_unchanged","experiments/summaries/stage05.1_best_known_attempt04_review_findings.csv","b8937fc965524f7cd377c783cb1043d1d7d2e4cc4eeed61f146baa2388a5e391","Byte-identical scientific source retained"
"experiments/summaries/stage05.1_best_known_attempt04_review_manifest.json","8a1b26215904d0eb9b8f91b12a16d758371da47d471e15eb085a686053fc32a4","841","migrated_unchanged","experiments/summaries/stage05.1_best_known_attempt04_review_manifest.json","8a1b26215904d0eb9b8f91b12a16d758371da47d471e15eb085a686053fc32a4","Byte-identical scientific source retained"
"experiments/summaries/stage05.1_best_known_attempt04_review_report.md","84a1d56acac476a2208f918992b7c9966a16098353dfce64eb54fd4bda9a9956","609","migrated_unchanged","experiments/summaries/stage05.1_best_known_attempt04_review_report.md","84a1d56acac476a2208f918992b7c9966a16098353dfce64eb54fd4bda9a9956","Byte-identical scientific source retained"
"experiments/summaries/stage05.1_best_known_attempt04_summary_report.md","4901cc7677fb34b9e1f631be516153f8d5f87e3f3d00fd9f7abb3d094958c5c5","2671","migrated_unchanged","experiments/summaries/stage05.1_best_known_attempt04_summary_report.md","4901cc7677fb34b9e1f631be516153f8d5f87e3f3d00fd9f7abb3d094958c5c5","Byte-identical scientific source retained"
"experiments/summaries/stage05.1_best_known_attempt05_bks_data.csv","e0574b0d4d59ba41388efcc591a4351694806a6ad22e20b5a64b265fdd87e29c","52262","migrated_unchanged","experiments/summaries/stage05.1_best_known_attempt05_bks_data.csv","e0574b0d4d59ba41388efcc591a4351694806a6ad22e20b5a64b265fdd87e29c","Byte-identical scientific source retained"
"experiments/summaries/stage05.1_best_known_attempt05_compatibility_assessment.csv","00a8b38fc33e14c1587b29b648c8ea18842bc591c69f0da746207c349bf5062f","1624","migrated_unchanged","experiments/summaries/stage05.1_best_known_attempt05_compatibility_assessment.csv","00a8b38fc33e14c1587b29b648c8ea18842bc591c69f0da746207c349bf5062f","Byte-identical scientific source retained"
"experiments/summaries/stage05.1_best_known_attempt05_gate_evaluation.csv","fe39705f9f94dce47aa142de64ada0a4f7327971801e63e43e274b5fa74f0b9b","329","migrated_unchanged","experiments/summaries/stage05.1_best_known_attempt05_gate_evaluation.csv","fe39705f9f94dce47aa142de64ada0a4f7327971801e63e43e274b5fa74f0b9b","Byte-identical scientific source retained"
"experiments/summaries/stage05.1_best_known_attempt05_review_findings.csv","b8937fc965524f7cd377c783cb1043d1d7d2e4cc4eeed61f146baa2388a5e391","329","migrated_unchanged","experiments/summaries/stage05.1_best_known_attempt05_review_findings.csv","b8937fc965524f7cd377c783cb1043d1d7d2e4cc4eeed61f146baa2388a5e391","Byte-identical scientific source retained"
"experiments/summaries/stage05.1_best_known_attempt05_review_manifest.json","604f076c7d257ec39ece76488cafd763fd312a6774bb7c00eaeae37130b389bb","841","migrated_unchanged","experiments/summaries/stage05.1_best_known_attempt05_review_manifest.json","604f076c7d257ec39ece76488cafd763fd312a6774bb7c00eaeae37130b389bb","Byte-identical scientific source retained"
"experiments/summaries/stage05.1_best_known_attempt05_review_report.md","ec5c5b41cae63dca1a5dc9d11366985890421cdd6ec24e3a0be0f277b47969ed","609","migrated_unchanged","experiments/summaries/stage05.1_best_known_attempt05_review_report.md","ec5c5b41cae63dca1a5dc9d11366985890421cdd6ec24e3a0be0f277b47969ed","Byte-identical scientific source retained"
"experiments/summaries/stage05.1_best_known_attempt05_summary_report.md","7a54bd34126a0beab16dcc211c10e48e651570a6962b5ec3e30fd7ecd94304f8","2671","migrated_unchanged","experiments/summaries/stage05.1_best_known_attempt05_summary_report.md","7a54bd34126a0beab16dcc211c10e48e651570a6962b5ec3e30fd7ecd94304f8","Byte-identical scientific source retained"
"experiments/summaries/stage05.1_best_known_attempt06_bks_data.csv","e0574b0d4d59ba41388efcc591a4351694806a6ad22e20b5a64b265fdd87e29c","52262","migrated_unchanged","experiments/summaries/stage05.1_best_known_attempt06_bks_data.csv","e0574b0d4d59ba41388efcc591a4351694806a6ad22e20b5a64b265fdd87e29c","Byte-identical scientific source retained"
"experiments/summaries/stage05.1_best_known_attempt06_compatibility_assessment.csv","00a8b38fc33e14c1587b29b648c8ea18842bc591c69f0da746207c349bf5062f","1624","migrated_unchanged","experiments/summaries/stage05.1_best_known_attempt06_compatibility_assessment.csv","00a8b38fc33e14c1587b29b648c8ea18842bc591c69f0da746207c349bf5062f","Byte-identical scientific source retained"
"experiments/summaries/stage05.1_best_known_attempt06_gate_evaluation.csv","fe39705f9f94dce47aa142de64ada0a4f7327971801e63e43e274b5fa74f0b9b","329","migrated_unchanged","experiments/summaries/stage05.1_best_known_attempt06_gate_evaluation.csv","fe39705f9f94dce47aa142de64ada0a4f7327971801e63e43e274b5fa74f0b9b","Byte-identical scientific source retained"
"experiments/summaries/stage05.1_best_known_attempt06_review_findings.csv","b8937fc965524f7cd377c783cb1043d1d7d2e4cc4eeed61f146baa2388a5e391","329","migrated_unchanged","experiments/summaries/stage05.1_best_known_attempt06_review_findings.csv","b8937fc965524f7cd377c783cb1043d1d7d2e4cc4eeed61f146baa2388a5e391","Byte-identical scientific source retained"
"experiments/summaries/stage05.1_best_known_attempt06_review_manifest.json","7898538e89095213f39049d980898444b1b310b8f54ce52e63c18d19dab1d049","841","migrated_unchanged","experiments/summaries/stage05.1_best_known_attempt06_review_manifest.json","7898538e89095213f39049d980898444b1b310b8f54ce52e63c18d19dab1d049","Byte-identical scientific source retained"
"experiments/summaries/stage05.1_best_known_attempt06_review_report.md","11f8b7d3088877cc18b7217b8f4217a4293145bd461f240e2fbe2868f7903a56","609","migrated_unchanged","experiments/summaries/stage05.1_best_known_attempt06_review_report.md","11f8b7d3088877cc18b7217b8f4217a4293145bd461f240e2fbe2868f7903a56","Byte-identical scientific source retained"
"experiments/summaries/stage05.1_best_known_attempt06_summary_report.md","abe0d1f36c2b1e36626ab32b570865ec78b3a2a78b13260af4b5a6d894a51705","2671","migrated_unchanged","experiments/summaries/stage05.1_best_known_attempt06_summary_report.md","abe0d1f36c2b1e36626ab32b570865ec78b3a2a78b13260af4b5a6d894a51705","Byte-identical scientific source retained"
"experiments/summaries/week03_per_run_results.csv","764be995bf75d2a93fb596e4a1d1ab167f27176143fb9fc630d78413c6cdfad9","9053","school_specific_exclusion","","","Week 1-5 administration, runner, report, template, or school showcase content"
"experiments/summaries/week03_summary_results.csv","89c4825d718336212114970a515ea63bd5cc7bee00c651fdaed5e201ffef1bcf","1544","school_specific_exclusion","","","Week 1-5 administration, runner, report, template, or school showcase content"
"experiments/summaries/week04_per_run_results.csv","975187e891f888bfa76c678214be698e2d9174be33c05c818688b603fea46b45","58732","school_specific_exclusion","","","Week 1-5 administration, runner, report, template, or school showcase content"
"experiments/summaries/week04_summary_results.csv","d10d74b4ef868fe68797f9db44bfcaf3fbea5ade0fdd7099702545c06b88a079","9914","school_specific_exclusion","","","Week 1-5 administration, runner, report, template, or school showcase content"
"experiments/summaries/week05_advanced_failure_cases.csv","80b820b53f8f50cd8a89fe51c299690cf319f3a23f44ff0fbd6fa687d74debca","68806","school_specific_exclusion","","","Week 1-5 administration, runner, report, template, or school showcase content"
"experiments/summaries/week05_advanced_instance_audits.csv","3bfa8df2ed1698c6b749754f3cfc1420e8d89afafad626df02c56e65f2574e36","4192","school_specific_exclusion","","","Week 1-5 administration, runner, report, template, or school showcase content"
"experiments/summaries/week05_advanced_per_run_results.csv","281bdff3de788476f9849b41691e60744c61a5622f1531b7f908f4c7cd7099f7","150864","school_specific_exclusion","","","Week 1-5 administration, runner, report, template, or school showcase content"
"experiments/summaries/week05_advanced_summary_results.csv","d12ebefd81efe28f548798537a8ead4e4c4c9379b8c73e5515f346152ab4aa1a","6031","school_specific_exclusion","","","Week 1-5 administration, runner, report, template, or school showcase content"
"experiments/summaries/week05_infrastructure_per_run_results.csv","6c6972141bfcf9de4dfe6abe3f0e2f78fcf3a656585ca1958824c9fceda638b0","12705","school_specific_exclusion","","","Week 1-5 administration, runner, report, template, or school showcase content"
"experiments/summaries/week05_infrastructure_summary_results.csv","a95aa23e82210484ef997247cf93d8ee0023278d9f7ca2380dc587e516d93892","2593","school_specific_exclusion","","","Week 1-5 administration, runner, report, template, or school showcase content"
"experiments/summaries/week05_per_run_results.csv","b5c6248605e1498f4f8f2c19360d47b276d576d872f7d95c8c44004d9249dc21","21074","school_specific_exclusion","","","Week 1-5 administration, runner, report, template, or school showcase content"
"experiments/summaries/week05_summary_results.csv","5c8bbf4dced886e4177e7975a331f270ea5d2265ae468e89a079b22c4161ed24","3388","school_specific_exclusion","","","Week 1-5 administration, runner, report, template, or school showcase content"
"pyproject.toml","056b21b0793df987780bea1d614a392fecfa033f965f6a1b66629555f9c36dc9","1417","migrated_modified_publication","pyproject.toml","10f98b2790f5ce658b365d8882f9754cc8df3df7a8751871588915b18bb5afc8","Retained and updated for repository separation or publication packaging"
"src/README.md","8485af4578d8ae451c7ba64e7d2dce058b58c00eaa796103eb01e2ab2dfcd4da","2559","migrated_unchanged","src/README.md","8485af4578d8ae451c7ba64e7d2dce058b58c00eaa796103eb01e2ab2dfcd4da","Byte-identical scientific source retained"
"src/evrptw/__init__.py","2abb92cd0723ec09c37f5134740563303db1b81fb57962106f75719f5a5b6c06","539","migrated_unchanged","src/evrptw/__init__.py","2abb92cd0723ec09c37f5134740563303db1b81fb57962106f75719f5a5b6c06","Byte-identical scientific source retained"
"src/evrptw/_core.pyi","72ee4f210af626068539d0246fa50172bb068ffa88ac03b4b4d03fd51ce5b0f7","4285","migrated_modified_publication","src/evrptw/_core.pyi","2c7ad7ef1019091049d223899d6a2fd85e6dd9c705841718d9749f157872ef38","Retained and updated for repository separation or publication packaging"
"src/evrptw/alns.py","1b50e6b726976ab7284176da29cb4dcde1bb4e6a04df72072f512afc4f4f13e1","223838","migrated_modified_publication","src/evrptw/alns.py","ca96a7ed1598f36aa2e649e457e1a1a3a7006ac060d1ec4bd240e5391e45244c","Retained and updated for repository separation or publication packaging"
"src/evrptw/artifacts.py","2d4e2c40376f8fc81408be45cbe7f0487e090f1d87ac114ac36f271a1c7095ab","294950","migrated_modified_publication","src/evrptw/artifacts.py","468a39c131288fe2edfe9a1c1cce9441efd04b2f33f4d1cea42fda39810cbe00","Retained and updated for repository separation or publication packaging"
"src/evrptw/baselines/__init__.py","09621c1c405eb2db1eaba7d9a56052e8dc45f5a9e7696fcb2507c9e412ac8411","62","migrated_unchanged","src/evrptw/baselines/__init__.py","09621c1c405eb2db1eaba7d9a56052e8dc45f5a9e7696fcb2507c9e412ac8411","Byte-identical scientific source retained"
"src/evrptw/baselines/ga_vrptw.py","6360fb1964927aaec5303a92aa3233ebc64bb2497d25632ef23c61817a400e6b","10438","migrated_unchanged","src/evrptw/baselines/ga_vrptw.py","6360fb1964927aaec5303a92aa3233ebc64bb2497d25632ef23c61817a400e6b","Byte-identical scientific source retained"
"src/evrptw/baselines/ortools_vrptw.py","7b39370e5272379564195795d17daa8e9763c10311cd4fbba8333a3283a0cadd","11677","migrated_modified_publication","src/evrptw/baselines/ortools_vrptw.py","d3ccdf70e4db59c53a37ae2bdd4cda2640d1d8401c3924cd5c7af598d65bb577","Retained and updated for repository separation or publication packaging"
"src/evrptw/benchmark.py","98ebc260ab4d1a1c7aeb287f8e7220c5331e670d796d0be2e500ffe20af6f715","6586","migrated_modified_publication","src/evrptw/benchmark.py","0060ece1c31d2fe9d6bb84a7506250f626d23e9aeb1b17ae2dd693a15d50072d","Retained and updated for repository separation or publication packaging"
"src/evrptw/best_known.py","3f2fd794abbbff27dd71e6011c47cfd01c273090cca80eeb44ec18d1c17b0f83","16093","migrated_unchanged","src/evrptw/best_known.py","3f2fd794abbbff27dd71e6011c47cfd01c273090cca80eeb44ec18d1c17b0f83","Byte-identical scientific source retained"
"src/evrptw/bpc.py","d6db625269c093a531cd72a8f4b47c5c21c96fbde99646ba594804f022acdf6b","20889","migrated_unchanged","src/evrptw/bpc.py","d6db625269c093a531cd72a8f4b47c5c21c96fbde99646ba594804f022acdf6b","Byte-identical scientific source retained"
"src/evrptw/cache_incremental.py","a8046a390d8a70d3dceefec012157208df9c9487e8a1f52851e7924aabb45b4e","27774","migrated_modified_publication","src/evrptw/cache_incremental.py","b98a278c9568601fc982043a99200f4306417cacfacd24a142ca0beefb61af74","Retained and updated for repository separation or publication packaging"
"src/evrptw/candidate_control.py","5771ace30c7516fba4a842e183082e33fac4c00b5d8c44bd223b9f7e8f25a63a","24480","migrated_unchanged","src/evrptw/candidate_control.py","5771ace30c7516fba4a842e183082e33fac4c00b5d8c44bd223b9f7e8f25a63a","Byte-identical scientific source retained"
"src/evrptw/charging.py","254305fef50c7b7fd55ce86b59ead36125078b76c4c80ec8cb6262a7c3e1975f","9627","migrated_unchanged","src/evrptw/charging.py","254305fef50c7b7fd55ce86b59ead36125078b76c4c80ec8cb6262a7c3e1975f","Byte-identical scientific source retained"
"src/evrptw/cpu_batch.py","e98c1bfcf94041551eee4ca838c18557aef33f376ebf4fe09ba2ad531129373e","30423","migrated_unchanged","src/evrptw/cpu_batch.py","e98c1bfcf94041551eee4ca838c18557aef33f376ebf4fe09ba2ad531129373e","Byte-identical scientific source retained"
"src/evrptw/environment.py","608af14e87438dcdfd42467a16f76367e7e99921198522143985c3a9ebc9567c","2894","migrated_unchanged","src/evrptw/environment.py","608af14e87438dcdfd42467a16f76367e7e99921198522143985c3a9ebc9567c","Byte-identical scientific source retained"
"src/evrptw/exact_deadline.py","73d222c71ac95d09b9da6719add041419314ac4dbdc2b1f7e7004f3e80035d9b","4311","migrated_unchanged","src/evrptw/exact_deadline.py","73d222c71ac95d09b9da6719add041419314ac4dbdc2b1f7e7004f3e80035d9b","Byte-identical scientific source retained"
"src/evrptw/experiments/__init__.py","b10682128b3ef9b178a85d5121d9dd1b46d31c8a9162d4ba62160d4aa054441f","63","migrated_unchanged","src/evrptw/experiments/__init__.py","b10682128b3ef9b178a85d5121d9dd1b46d31c8a9162d4ba62160d4aa054441f","Byte-identical scientific source retained"
"src/evrptw/experiments/cpu_batch_pilot.py","f0aa7ed4c99695de8e994384bd43890b44bcfe18603ac0c4404a11b87502208f","23976","migrated_unchanged","src/evrptw/experiments/cpu_batch_pilot.py","f0aa7ed4c99695de8e994384bd43890b44bcfe18603ac0c4404a11b87502208f","Byte-identical scientific source retained"
"src/evrptw/experiments/cpu_batch_pilot_review.py","d1316edeb23c85b72c65a8300fbff9028e336f12340f824c0c547255c4c0a201","16977","migrated_unchanged","src/evrptw/experiments/cpu_batch_pilot_review.py","d1316edeb23c85b72c65a8300fbff9028e336f12340f824c0c547255c4c0a201","Byte-identical scientific source retained"
"src/evrptw/experiments/stage00_baseline.py","3fdd9170d42e4294da91b8f04e8cd41a993aa76c7fe19b01f911a0c9e67a1ea0","46754","migrated_modified_publication","src/evrptw/experiments/stage00_baseline.py","4d93f9e3072363b5dff6908670d681e89bacf9c1c8a030a8aba0593b5f89f900","Retained and updated for repository separation or publication packaging"
"src/evrptw/experiments/stage01_objective.py","fb39989245b6a9da763a09e3212d43208c91728401fbad149ff5fcbbadb9b274","29733","migrated_unchanged","src/evrptw/experiments/stage01_objective.py","fb39989245b6a9da763a09e3212d43208c91728401fbad149ff5fcbbadb9b274","Byte-identical scientific source retained"
"src/evrptw/experiments/stage02_constraint_guided.py","bf73abea0fd2dc93d3e89303b743fdb71d5f7ac96f9a449f68079cf6cc4da833","1349","migrated_unchanged","src/evrptw/experiments/stage02_constraint_guided.py","bf73abea0fd2dc93d3e89303b743fdb71d5f7ac96f9a449f68079cf6cc4da833","Byte-identical scientific source retained"
"src/evrptw/experiments/stage02_constraint_guided_review.py","dd99343d40f27d0a469adf7f721250b6ecab070d998a365bd661c54056e5ac4a","73604","migrated_unchanged","src/evrptw/experiments/stage02_constraint_guided_review.py","dd99343d40f27d0a469adf7f721250b6ecab070d998a365bd661c54056e5ac4a","Byte-identical scientific source retained"
"src/evrptw/experiments/stage02_route_quality.py","0ae81e9a18b68eca2c8bd4cb2a4a1e9e2cac9cf656957cd9d75b74f9ba4cb445","1271","migrated_unchanged","src/evrptw/experiments/stage02_route_quality.py","0ae81e9a18b68eca2c8bd4cb2a4a1e9e2cac9cf656957cd9d75b74f9ba4cb445","Byte-identical scientific source retained"
"src/evrptw/experiments/stage02_route_reduction.py","27eeee3c973511e4c14f35cb2e73c4f64bc710beaa02873bd6eb0b2a1c7e4748","95333","migrated_unchanged","src/evrptw/experiments/stage02_route_reduction.py","27eeee3c973511e4c14f35cb2e73c4f64bc710beaa02873bd6eb0b2a1c7e4748","Byte-identical scientific source retained"
"src/evrptw/experiments/stage031_cheap_screening.py","f405a928d669959cca432f7dca85f1f80732d55792a56f177583e251caccc664","1957","migrated_unchanged","src/evrptw/experiments/stage031_cheap_screening.py","f405a928d669959cca432f7dca85f1f80732d55792a56f177583e251caccc664","Byte-identical scientific source retained"
"src/evrptw/experiments/stage031_cheap_screening_review.py","360e82e2fbb30e1c34d8135e3e42bbc0b9eb0e8053aabf61d6c90c55da16cfe2","1013","migrated_unchanged","src/evrptw/experiments/stage031_cheap_screening_review.py","360e82e2fbb30e1c34d8135e3e42bbc0b9eb0e8053aabf61d6c90c55da16cfe2","Byte-identical scientific source retained"
"src/evrptw/experiments/stage032_cache_incremental.py","e875613e9167c3266c0c3683bf0e673e3ef1da13fbd1361c26cf2d637bfce475","2196","migrated_unchanged","src/evrptw/experiments/stage032_cache_incremental.py","e875613e9167c3266c0c3683bf0e673e3ef1da13fbd1361c26cf2d637bfce475","Byte-identical scientific source retained"
"src/evrptw/experiments/stage032_cache_incremental_review.py","00e9d06f921ce05baf97fbb890cdeced7bff7d0787fdf2ce9bf8949aa5656077","1351","migrated_unchanged","src/evrptw/experiments/stage032_cache_incremental_review.py","00e9d06f921ce05baf97fbb890cdeced7bff7d0787fdf2ce9bf8949aa5656077","Byte-identical scientific source retained"
"src/evrptw/experiments/stage033_exact_deadline.py","c4de65a5bb2fb08c1f226a92f69cd631b4377155483b370bf1bb3b05d3920ec6","21245","migrated_unchanged","src/evrptw/experiments/stage033_exact_deadline.py","c4de65a5bb2fb08c1f226a92f69cd631b4377155483b370bf1bb3b05d3920ec6","Byte-identical scientific source retained"
"src/evrptw/experiments/stage033_exact_deadline_review.py","f109ba0e6ebb507ceb969a9983cb6da26925e6f5d88f57d3ffc6c526f2bddb67","31580","migrated_unchanged","src/evrptw/experiments/stage033_exact_deadline_review.py","f109ba0e6ebb507ceb969a9983cb6da26925e6f5d88f57d3ffc6c526f2bddb67","Byte-identical scientific source retained"
"src/evrptw/experiments/stage034_control_parallel.py","43fa93e8794a1398cbb435e9d8d9f6ae57d301d86c3cf267e4e4f7e139597c5e","19638","migrated_unchanged","src/evrptw/experiments/stage034_control_parallel.py","43fa93e8794a1398cbb435e9d8d9f6ae57d301d86c3cf267e4e4f7e139597c5e","Byte-identical scientific source retained"
"src/evrptw/experiments/stage034_control_parallel_review.py","690542e4984c622acb7c3aa11c69458dd7510be6d74bffda0c393f190995504d","49642","migrated_unchanged","src/evrptw/experiments/stage034_control_parallel_review.py","690542e4984c622acb7c3aa11c69458dd7510be6d74bffda0c393f190995504d","Byte-identical scientific source retained"
"src/evrptw/experiments/stage03_measurement.py","0b832b62f15dfaac21a204a786fd37a7da980a98acc6af1acf8c720f24a6ab33","63629","migrated_unchanged","src/evrptw/experiments/stage03_measurement.py","0b832b62f15dfaac21a204a786fd37a7da980a98acc6af1acf8c720f24a6ab33","Byte-identical scientific source retained"
"src/evrptw/experiments/stage03_measurement_review.py","4c8c2b017b8712945a9591c064b2ba19603d81c4982f64023b9c571d3ba49d58","95307","migrated_unchanged","src/evrptw/experiments/stage03_measurement_review.py","4c8c2b017b8712945a9591c064b2ba19603d81c4982f64023b9c571d3ba49d58","Byte-identical scientific source retained"
"src/evrptw/experiments/stage04_weights.py","6c57c8677f13de29b46b22b9d19ecd7dee698d0464e3d8abd3a6d1825191de61","32515","migrated_unchanged","src/evrptw/experiments/stage04_weights.py","6c57c8677f13de29b46b22b9d19ecd7dee698d0464e3d8abd3a6d1825191de61","Byte-identical scientific source retained"
"src/evrptw/experiments/stage04_weights_review.py","ca038f01b1fa3d3adf8130522fffe9cdfb58909b1caa3872a0062df26fd70e36","63293","migrated_unchanged","src/evrptw/experiments/stage04_weights_review.py","ca038f01b1fa3d3adf8130522fffe9cdfb58909b1caa3872a0062df26fd70e36","Byte-identical scientific source retained"
"src/evrptw/experiments/stage051_best_known.py","53c1571a917391d24130b654ece785e0198915f146fd037e404c6c03ef2267f5","19095","migrated_unchanged","src/evrptw/experiments/stage051_best_known.py","53c1571a917391d24130b654ece785e0198915f146fd037e404c6c03ef2267f5","Byte-identical scientific source retained"
"src/evrptw/experiments/stage051_best_known_review.py","26eae93413878d940c33958dffbf7a24f1f5ae91951fa184e88f9bcf1db00774","18831","migrated_unchanged","src/evrptw/experiments/stage051_best_known_review.py","26eae93413878d940c33958dffbf7a24f1f5ae91951fa184e88f9bcf1db00774","Byte-identical scientific source retained"
"src/evrptw/experiments/stage052_campaign_review.py","ba032eaec9c2c69f394390353b6a444e98bd59085d370e93e488270b7ad88e5b","238003","migrated_modified_publication","src/evrptw/experiments/stage052_campaign_review.py","03c310f677f17f7f7d07a563dd33de527118e85aa6c56a82e315a47dce38a205","Retained and updated for repository separation or publication packaging"
"src/evrptw/experiments/stage052_performance.py","ec0a7365b3da42271c8937d4fb093f77a49661187feae6f9e0721373e0a4ac91","238313","migrated_modified_publication","src/evrptw/experiments/stage052_performance.py","e09a3346898519fa2367835e55173c20c60c1abfeab44fe42ce46d17725397e2","Retained and updated for repository separation or publication packaging"
"src/evrptw/experiments/stage052_performance_review.py","dc90b07a9447d0e296a82c573dc865a2a6d4d56475d643175ed08344ac3a75ea","249809","migrated_modified_publication","src/evrptw/experiments/stage052_performance_review.py","2e3067245e713a2195aa65bbaa28b7dc2a8473a69d89bd0463063f74edce422b","Retained and updated for repository separation or publication packaging"
"src/evrptw/experiments/week02_baseline_comparison.py","38262f87828b9b657a22a63da7efcbafd813a0c116b6770b3f861f3771281dbe","9255","school_specific_exclusion","","","Week 1-5 administration, runner, report, template, or school showcase content"
"src/evrptw/experiments/week03_evaluation.py","06ca7ecaf6ee48d5edffc9c758f33db2ca1ea3ff519594a5d51e283d297e0dca","16339","school_specific_exclusion","","","Week 1-5 administration, runner, report, template, or school showcase content"
"src/evrptw/experiments/week04_extension.py","6a0288e90c54345050c49d875779013c8c56e1f3da5cc13bd9fcc67e036a9d8d","19962","school_specific_exclusion","","","Week 1-5 administration, runner, report, template, or school showcase content"
"src/evrptw/experiments/week05_advanced_benchmark.py","99a7cc71f8228e263bc0217a4790bc4e9b01ba456c20887b64a4712bbf68bdfb","26150","school_specific_exclusion","","","Week 1-5 administration, runner, report, template, or school showcase content"
"src/evrptw/experiments/week05_consolidation.py","f3f76766619768fd20dd44c870f40907b933385b6700707709216d87980376d2","12901","school_specific_exclusion","","","Week 1-5 administration, runner, report, template, or school showcase content"
"src/evrptw/experiments/week05_infrastructure_augmentation.py","6e1594d6bee856bc4c7498a01241bc74f798448c53ac8b33e3501ba9d37a309a","19191","school_specific_exclusion","","","Week 1-5 administration, runner, report, template, or school showcase content"
"src/evrptw/heuristics.py","14286cd471a6fa40f17fe8084c3a374f3b951fe71a300bcf890cd81af52d20cb","1150","migrated_unchanged","src/evrptw/heuristics.py","14286cd471a6fa40f17fe8084c3a374f3b951fe71a300bcf890cd81af52d20cb","Byte-identical scientific source retained"
"src/evrptw/instances/week01_vrptw_toy.txt","3ccd76c9ae4e4718629a9b0f6e42de8f0d336bf2a14a94fb7ad6464c79c7bf4f","283","declarative_rename","src/evrptw/instances/toy_vrptw.txt","3ccd76c9ae4e4718629a9b0f6e42de8f0d336bf2a14a94fb7ad6464c79c7bf4f","Scientific content retained under publication-facing path"
"src/evrptw/measurement.py","d278b01e08ad5aaa2e4692ec18379d5fd985106cd7a31a5665b61cfcb2584072","64565","migrated_modified_publication","src/evrptw/measurement.py","c6be1109595b3f6d687074fe708c5c1fb46b70d79068579cf89893edb0880dcd","Retained and updated for repository separation or publication packaging"
"src/evrptw/metrics.py","f072f80c644bcf806cf54e53b3d7e6293e4571aae1ba950f5c84c396f504c80f","5892","migrated_unchanged","src/evrptw/metrics.py","f072f80c644bcf806cf54e53b3d7e6293e4571aae1ba950f5c84c396f504c80f","Byte-identical scientific source retained"
"src/evrptw/models.py","34b5a59192c6db692568e998e1ef8aafe30c55a243991c62ea1479cf4571e0f3","5111","migrated_unchanged","src/evrptw/models.py","34b5a59192c6db692568e998e1ef8aafe30c55a243991c62ea1479cf4571e0f3","Byte-identical scientific source retained"
"src/evrptw/native_kernels.py","1851df80eb3498ebdab034f69c1c4c5f68d41fceb5de51cd69992924c920a523","9354","migrated_unchanged","src/evrptw/native_kernels.py","1851df80eb3498ebdab034f69c1c4c5f68d41fceb5de51cd69992924c920a523","Byte-identical scientific source retained"
"src/evrptw/neighborhoods.py","36e6c918d6e7c37638106607dc6ce7a9a3004a7be23610b14e6c6d9cd9112388","121695","migrated_modified_publication","src/evrptw/neighborhoods.py","25a9b3910bf71acc410645fcbd6e721aa3f99be5f4ad097b63c48e633301a2cf","Retained and updated for repository separation or publication packaging"
"src/evrptw/objective.py","47dabb058f98adb20d7babb89b215716d6411110e837abc291552f9e9a487f25","4280","migrated_unchanged","src/evrptw/objective.py","47dabb058f98adb20d7babb89b215716d6411110e837abc291552f9e9a487f25","Byte-identical scientific source retained"
"src/evrptw/parser.py","33615cfe45399ea2661a492f9b6c09cc3801ea37275cf89286ef117bc55c5004","2104","migrated_unchanged","src/evrptw/parser.py","33615cfe45399ea2661a492f9b6c09cc3801ea37275cf89286ef117bc55c5004","Byte-identical scientific source retained"
"src/evrptw/py.typed","01ba4719c80b6fe911b091a7c05124b64eeece964e09c058ef8f9805daca546b","1","migrated_unchanged","src/evrptw/py.typed","01ba4719c80b6fe911b091a7c05124b64eeece964e09c058ef8f9805daca546b","Byte-identical scientific source retained"
"src/evrptw/repairs.py","eb496f1cb7b8652e5ff2a2635fbfbe90f622f4bd0df74e85cee4dc9bdfc1b48f","18973","migrated_unchanged","src/evrptw/repairs.py","eb496f1cb7b8652e5ff2a2635fbfbe90f622f4bd0df74e85cee4dc9bdfc1b48f","Byte-identical scientific source retained"
"src/evrptw/repository.py","ca180512641fa7066055632208df9aeda203e1a10f8bada1e9bcf18f2f77feec","2048","migrated_unchanged","src/evrptw/repository.py","ca180512641fa7066055632208df9aeda203e1a10f8bada1e9bcf18f2f77feec","Byte-identical scientific source retained"
"src/evrptw/stage04.py","158cf91c117637e9be56bfa0975a3528dce695957f6486c91f1bfad7dd699b96","11351","migrated_unchanged","src/evrptw/stage04.py","158cf91c117637e9be56bfa0975a3528dce695957f6486c91f1bfad7dd699b96","Byte-identical scientific source retained"
"src/evrptw/stage052.py","b7650250ec7541b6d10e39b6bff7c1c2b6d96a01c61581b6acff916f76e98c15","22946","migrated_modified_publication","src/evrptw/stage052.py","c28d38a4e3372928ab01e0879dea16c20930330a2f09fc6f6fb9e8cbc6814509","Retained and updated for repository separation or publication packaging"
"src/evrptw/stage052_accelerator.py","9afd6b404e2cb08412b71a7f142686a9e17a066954c8918760dfdaf0347b4e13","32953","migrated_unchanged","src/evrptw/stage052_accelerator.py","9afd6b404e2cb08412b71a7f142686a9e17a066954c8918760dfdaf0347b4e13","Byte-identical scientific source retained"
"src/evrptw/stage052_campaign.py","9c0d04b39831c1c36b1bb48feea3c074053f92cd089b5f68e71c5023cdf39a41","108450","migrated_modified_publication","src/evrptw/stage052_campaign.py","04702f6c2e2b9e860e4148562f25c1717bf0a12c2b46b9d3ac184806a683827c","Retained and updated for repository separation or publication packaging"
"src/evrptw/stage052_campaign_runner.py","c4d8e4f6c632dfbce05c418c8c13bd81a816a57d9b9f6cd7d97428258c46afbe","68664","migrated_modified_publication","src/evrptw/stage052_campaign_runner.py","6a32e38779ac21eca1807bdb46eb68dbeabf2b9302fb66ab051188c8b56d65f8","Retained and updated for repository separation or publication packaging"
"src/evrptw/stage052_evidence.py","34308f0bd9a00ab08106905987317e5b9c12ef11c9433b14077ef2949e295c4e","97635","migrated_modified_publication","src/evrptw/stage052_evidence.py","d55ce82d732e86a8898dd3afbfe07461f9218374c748d4264887ec536bf18eb1","Retained and updated for repository separation or publication packaging"
"src/evrptw/stage052_platform.py","8b6729c3c8e91e02d346c3cef51a06772bd17a15525d45e2cfc7f60c38639648","8408","migrated_unchanged","src/evrptw/stage052_platform.py","8b6729c3c8e91e02d346c3cef51a06772bd17a15525d45e2cfc7f60c38639648","Byte-identical scientific source retained"
"src/evrptw/stage052_remediation.py","b695665fd0c729851ac9d206e7581a8d7a621bba2193f36067d61684cb64119b","41137","migrated_unchanged","src/evrptw/stage052_remediation.py","b695665fd0c729851ac9d206e7581a8d7a621bba2193f36067d61684cb64119b","Byte-identical scientific source retained"
"src/evrptw/stage052_retention.py","ba505ed0cd1b23ce2819634d645edbff5471c36a8904e3d3a3f98fab147b43c0","44040","migrated_modified_publication","src/evrptw/stage052_retention.py","0d8324565439c0ee80ab828300cbef96f23385c6dbac4378f4d596be32a06757","Retained and updated for repository separation or publication packaging"
"src/evrptw/stage052_review_service.py","f6b1a2857f934be86e55c6ea26d9597908abba3ea8e8e43c7ef9c5eac6fea551","51583","migrated_modified_publication","src/evrptw/stage052_review_service.py","1de5d36e5b36b315564a404783b3f37bef312c352c396b30fb536502d4651341","Retained and updated for repository separation or publication packaging"
"src/evrptw/stage052_storage_migration.py","48cd0c888caf934cbbfc891f21e069aff0f3c9d056bfa0a4e716d44287709b0d","13075","migrated_unchanged","src/evrptw/stage052_storage_migration.py","48cd0c888caf934cbbfc891f21e069aff0f3c9d056bfa0a4e716d44287709b0d","Byte-identical scientific source retained"
"src/evrptw/validation.py","531c50f99059f18a8ed500940320a1c5c30af1ce290597f4a282acd34c128c26","5479","migrated_unchanged","src/evrptw/validation.py","531c50f99059f18a8ed500940320a1c5c30af1ce290597f4a282acd34c128c26","Byte-identical scientific source retained"
"tests/test_alns.py","9a952ab579058a172fb0e48999d05496bd58545e776c3a348db4ca15653f2564","5846","migrated_unchanged","tests/test_alns.py","9a952ab579058a172fb0e48999d05496bd58545e776c3a348db4ca15653f2564","Byte-identical scientific source retained"
"tests/test_alns_wall_clock_only.py","0bf741d1e4929564882dd8ff48775f0c589e957328aa00c7309176656fd16481","7391","migrated_unchanged","tests/test_alns_wall_clock_only.py","0bf741d1e4929564882dd8ff48775f0c589e957328aa00c7309176656fd16481","Byte-identical scientific source retained"
"tests/test_artifacts.py","a2c2cf7d784ebeacdef1cca5ab9893588678b9723d9241b512507b938d9e114e","26939","migrated_modified_publication","tests/test_artifacts.py","598291d93118705eb9eec7868680374828d200548997792632e36d496406017e","Retained and updated for repository separation or publication packaging"
"tests/test_artifacts_v3.py","4da79f2adaf7c0f14394c3a3698009f4d290d99df40797f5197b157ccadbbd66","91161","migrated_modified_publication","tests/test_artifacts_v3.py","efb81c96a602b0820ee5539d4c2a524d578f99573152d459bd7c49b8221eaecf","Retained and updated for repository separation or publication packaging"
"tests/test_benchmark_audit.py","a24e1c021e83d5212eed3b0cd8de9572b69f433870c198f9ede25e629c9d928b","1469","migrated_modified_publication","tests/test_benchmark_audit.py","7877b8bc037241eef6a473290968cfaf29daa6183beed48cc8b015ee4d2713e2","Retained and updated for repository separation or publication packaging"
"tests/test_bpc.py","5b7d4bc89b3745ad89cad8c224231f659a5be228d0874b6a59e19ef9a1fef7bf","3893","migrated_unchanged","tests/test_bpc.py","5b7d4bc89b3745ad89cad8c224231f659a5be228d0874b6a59e19ef9a1fef7bf","Byte-identical scientific source retained"
"tests/test_charging_repair.py","d87802181a03850dadb66c134f1a95a30a420040831bca0311211c622acf4bbe","8797","migrated_unchanged","tests/test_charging_repair.py","d87802181a03850dadb66c134f1a95a30a420040831bca0311211c622acf4bbe","Byte-identical scientific source retained"
"tests/test_cpu_batch.py","04dc975be10ca4fc552f1ead595204ad7462c665cff9f1da420f7e0449766f6e","17918","migrated_unchanged","tests/test_cpu_batch.py","04dc975be10ca4fc552f1ead595204ad7462c665cff9f1da420f7e0449766f6e","Byte-identical scientific source retained"
"tests/test_cpu_batch_pilot.py","08ec0aef28a4218f97c469455eae41f39cf0cd798cff90b7cf68f2214f025671","1352","migrated_unchanged","tests/test_cpu_batch_pilot.py","08ec0aef28a4218f97c469455eae41f39cf0cd798cff90b7cf68f2214f025671","Byte-identical scientific source retained"
"tests/test_exact_charging.py","be075e57d6e0c4858b622b12d4cdc393a27e62f26f46453db265a20f56836e49","1653","migrated_unchanged","tests/test_exact_charging.py","be075e57d6e0c4858b622b12d4cdc393a27e62f26f46453db265a20f56836e49","Byte-identical scientific source retained"
"tests/test_ga_vrptw_baseline.py","9941d80d454af97af3874d5da1b9ad25f042746fb43c9acd7bc324cda90a36c2","2168","migrated_modified_publication","tests/test_ga_vrptw_baseline.py","39ccd5da2510e3f026533b9c898193261012c9288fa6945de46517c6eb0f71c5","Retained and updated for repository separation or publication packaging"
"tests/test_native_numeric_kernels.py","3cab2072a54bae1514856254b2c40ff26c22c64905056f19b8f6e3b27d7a4197","28695","migrated_modified_publication","tests/test_native_numeric_kernels.py","42cce2084176fc0dfb107e22b1668179fb16b2e62780ab74664d646f09b138f2","Retained and updated for repository separation or publication packaging"
"tests/test_neighborhoods.py","c5a7fdc61dd440ae47348597d24a3d563a5ac5151cd621559c3ed13afd001dbf","16374","migrated_modified_publication","tests/test_neighborhoods.py","8eb674af907340868d9b2de46903b1a34d8319d218b764f0c3388a620284b7cf","Retained and updated for repository separation or publication packaging"
"tests/test_objective.py","a221e269d3580632fcd6c07ce298b8451ac955cc67d15a5a53d28101f0039792","3420","migrated_unchanged","tests/test_objective.py","a221e269d3580632fcd6c07ce298b8451ac955cc67d15a5a53d28101f0039792","Byte-identical scientific source retained"
"tests/test_ortools_vrptw_baseline.py","9af2a76600337b05d082a99d628c46050bc87d2687e42c76f34e20da2e88085f","2225","migrated_modified_publication","tests/test_ortools_vrptw_baseline.py","a761c00b958696eaee8bf93a3286d4e5962e5a39ab442149575b9f782886eb8f","Retained and updated for repository separation or publication packaging"
"tests/test_repository.py","4b46b0a8858e5075c9a2fa2e171161ec21052f1a777908e72024a8956bdd3afb","1424","migrated_modified_publication","tests/test_repository.py","fd4c9f2378d74dd2d5b95713c3072bc9da155d519ef0ee845066505cc81d3690","Retained and updated for repository separation or publication packaging"
"tests/test_stage00_baseline.py","7e95d3e4aad48c3dd4506d1ee084506ca47f38ae9c961619d874500bc8348b5b","11844","migrated_modified_publication","tests/test_stage00_baseline.py","72473037fe42a1e006ae464cbade1baf079d589d96028a4a6d39d91dc38abd8f","Retained and updated for repository separation or publication packaging"
"tests/test_stage01_objective_runner.py","9ea343fcc14d84c9a2afbee1b04afca6b4fdcfadfea54e3dad522d6292461f0a","6911","migrated_modified_publication","tests/test_stage01_objective_runner.py","1a193cdfbb3cc5eed244016f51ffbd33aa7a1e77f258239333b58e107cea2bfc","Retained and updated for repository separation or publication packaging"
"tests/test_stage02_constraint_guided.py","9b401032125dc96af53d7cac212f9cb94d505ada07d557fc5dacff3f39f9c5b5","6096","migrated_modified_publication","tests/test_stage02_constraint_guided.py","0c94110a39aa06b4bb05feee823d92b7a4d94fb9ddb98c850f165811e6b3b135","Retained and updated for repository separation or publication packaging"
"tests/test_stage02_route_quality.py","aada132c896eb9e6fbe41c9e6a1d13ce76a4a2cfa2c6bb39da8920f080645efc","1276","migrated_unchanged","tests/test_stage02_route_quality.py","aada132c896eb9e6fbe41c9e6a1d13ce76a4a2cfa2c6bb39da8920f080645efc","Byte-identical scientific source retained"
"tests/test_stage02_route_reduction.py","928075e1c9cd1cf4d66b3e2254eac8cd11592008715a8a88a028fcd95c525abf","1205","migrated_unchanged","tests/test_stage02_route_reduction.py","928075e1c9cd1cf4d66b3e2254eac8cd11592008715a8a88a028fcd95c525abf","Byte-identical scientific source retained"
"tests/test_stage031_cheap_screening.py","f33213f672b316ecbf6b179e5b8b56400e319e92daf94496d51cab653545957f","11148","migrated_modified_publication","tests/test_stage031_cheap_screening.py","57194266d04dc56919c0092959bff0e29529d6c73be7b952b635fdb2831a8177","Retained and updated for repository separation or publication packaging"
"tests/test_stage032_cache_incremental.py","60975de5313982bf04787b5b28521ea398a0c06e4db43e772d23104d5c1cc542","10653","migrated_modified_publication","tests/test_stage032_cache_incremental.py","981b2267f53d14fabdede3b00749b793b3d216992940266f5a7bd9481575d263","Retained and updated for repository separation or publication packaging"
"tests/test_stage033_exact_deadline.py","2f6fa04303f48b3800ecb586d3cc670afbaf780930224ec4238dea3f63a680ba","20239","migrated_unchanged","tests/test_stage033_exact_deadline.py","2f6fa04303f48b3800ecb586d3cc670afbaf780930224ec4238dea3f63a680ba","Byte-identical scientific source retained"
"tests/test_stage034_control_parallel.py","6ea55302611e85ae4ddb5c191c2fa113e8331dd14c0bfdeafa765c671c64046b","18411","migrated_unchanged","tests/test_stage034_control_parallel.py","6ea55302611e85ae4ddb5c191c2fa113e8331dd14c0bfdeafa765c671c64046b","Byte-identical scientific source retained"
"tests/test_stage03_artifact_migration.py","215ee8f11c607a27e8dcbdfd458d5d1e4493842861ef576c3d119447c20e4efd","4432","migrated_unchanged","tests/test_stage03_artifact_migration.py","215ee8f11c607a27e8dcbdfd458d5d1e4493842861ef576c3d119447c20e4efd","Byte-identical scientific source retained"
"tests/test_stage03_measurement.py","90846845b389c6d03331f36423bdaba56f69298480396969cd17bc3f318f92da","8228","migrated_unchanged","tests/test_stage03_measurement.py","90846845b389c6d03331f36423bdaba56f69298480396969cd17bc3f318f92da","Byte-identical scientific source retained"
"tests/test_stage03_runner.py","2ed0231ee89e1762a862de7035f7e88001350a44f582f60bb8ecbf4eac8d39db","4329","migrated_unchanged","tests/test_stage03_runner.py","2ed0231ee89e1762a862de7035f7e88001350a44f582f60bb8ecbf4eac8d39db","Byte-identical scientific source retained"
"tests/test_stage04.py","46bd355bb80876dc6a1cb11ee9c02610456d30f1e8effaf8094b133b899617c6","29437","migrated_modified_publication","tests/test_stage04.py","89bf58f69ceab11b400ef58fc8a85a4259ae6212fd84df9f242ee41221740b30","Retained and updated for repository separation or publication packaging"
"tests/test_stage051.py","1d54b858cf2482a83ee63b68fe2538537d4d917629e4847b6d1101fbd907a07b","13011","migrated_unchanged","tests/test_stage051.py","1d54b858cf2482a83ee63b68fe2538537d4d917629e4847b6d1101fbd907a07b","Byte-identical scientific source retained"
"tests/test_stage052.py","fd150d2fb6ecc445774da5d8559c0a09f56c56aea5774c1ad6206d13b3cf34e9","172668","migrated_modified_publication","tests/test_stage052.py","15a4a761d67013806819108ed9db06de8e4b675914575b4ad3124a0583470add","Retained and updated for repository separation or publication packaging"
"tests/test_stage052_accelerator.py","8788bee0987c77c6ae3d756e2803bb8ee8ff36ef19b5d572e9b9dcf6f51da6ce","16086","migrated_modified_publication","tests/test_stage052_accelerator.py","9be01e3875c2372ab31e31714bb42847273cd4df1c16952385c1203627d8c34f","Retained and updated for repository separation or publication packaging"
"tests/test_stage052_campaign.py","b5e03d5fe60ccf67df9a24dbb9defb5a610a561bf0727e090482a11be48c3821","32791","migrated_modified_publication","tests/test_stage052_campaign.py","d55b9b9225085238bf26d0bcf4f4a474a8648d8a159fa9d1b56bae24ef3d4e62","Retained and updated for repository separation or publication packaging"
"tests/test_stage052_campaign_review.py","be826a07244543926dc1459d2ff5ce34fb03d655b4080ad491b8b683d245b5d8","120017","migrated_modified_publication","tests/test_stage052_campaign_review.py","ac13cf8f0c2745a5d20a46aff5f812af17e6d1a321b744ae13a90b0dc45c98fc","Retained and updated for repository separation or publication packaging"
"tests/test_stage052_campaign_runner.py","65d3e9a3468f2edd1e2d2d719a0696b16454e2613cd36c7944ab8ada82c2544e","87560","migrated_modified_publication","tests/test_stage052_campaign_runner.py","359762f8a660cb3795f64eb89c7f902dc4ac73ceb2b2fa5859051fa47b96ff3b","Retained and updated for repository separation or publication packaging"
"tests/test_stage052_platform.py","8f109074e3db51a92b1fa960b5a6c14e3fac1f8716a2271592e6d76bd7da7e0b","4773","migrated_unchanged","tests/test_stage052_platform.py","8f109074e3db51a92b1fa960b5a6c14e3fac1f8716a2271592e6d76bd7da7e0b","Byte-identical scientific source retained"
"tests/test_stage052_remediation.py","acf4cdbb34b31286d1e1b7f0bf17b8830c35a66f886b38ead708ab4fc34f304b","18716","migrated_unchanged","tests/test_stage052_remediation.py","acf4cdbb34b31286d1e1b7f0bf17b8830c35a66f886b38ead708ab4fc34f304b","Byte-identical scientific source retained"
"tests/test_stage052_retention.py","dc7d422644a47deff1381b08338a21e124247fd8a4ed3e97e1ff06a9e216af76","24116","migrated_unchanged","tests/test_stage052_retention.py","dc7d422644a47deff1381b08338a21e124247fd8a4ed3e97e1ff06a9e216af76","Byte-identical scientific source retained"
"tests/test_stage052_review_service.py","47a741ac7a8602802e1fb1f453a19f115477b39dbb7a93f1fbbef412370a0e74","24687","migrated_modified_publication","tests/test_stage052_review_service.py","a28b552e7697ccb3dee37aad11c59a51254add3aff2dd186cc3ffda2be098298","Retained and updated for repository separation or publication packaging"
"tests/test_stage052_storage_migration.py","80ee03fbebc4ed509377972a2778700e9fe765af5ed19603c8bf095002956149","5910","migrated_unchanged","tests/test_stage052_storage_migration.py","80ee03fbebc4ed509377972a2778700e9fe765af5ed19603c8bf095002956149","Byte-identical scientific source retained"
"tests/test_stage052_streaming_trace.py","6d8b4df9c20d906a57018fc8b3827ab359b8fa7499e298cb233a17f29fbe6158","83272","migrated_modified_publication","tests/test_stage052_streaming_trace.py","2dda63e49234382d1abe7d636cc75b1b882d2f1259310c2c649b35c8e8e673e8","Retained and updated for repository separation or publication packaging"
"tests/test_week02_runner.py","c87f4973a3611d6c9f4439c8fd2c9e3ddf04e1c97b199038729d55ce97230f58","1568","school_specific_exclusion","","","Week 1-5 administration, runner, report, template, or school showcase content"
"tests/test_week03_metrics.py","e16c374c1ae9f8313d722b8520ff39f429828f0f0c6c52249423a2fadd3156f7","2034","declarative_rename","tests/test_metrics.py","1ff01407d6283dadd7221913cb5efd63fa094741aa1ea4d3cdcee53642bb9e70","Scientific content retained under publication-facing path"
"tests/test_week03_runner.py","304cab1672a73d4023c3a02e8badf452692e873cfbe910828e0e15005a6ed895","1627","school_specific_exclusion","","","Week 1-5 administration, runner, report, template, or school showcase content"
"tests/test_week04_runner.py","f006dcd926eee1724327ff2116f6ec37871834a6b3fae70af510c35df4701dcf","1920","school_specific_exclusion","","","Week 1-5 administration, runner, report, template, or school showcase content"
"tests/test_week05_advanced_runner.py","5f5d3101020f7dd6c996f06a6cd310167f2f405c5f779193b0045b16f74c2807","2284","school_specific_exclusion","","","Week 1-5 administration, runner, report, template, or school showcase content"
"tests/test_week05_infrastructure_runner.py","6f06977c8b849480667c1bb8829c047a4b435330fd6aaf9fdd845762e55db278","1834","school_specific_exclusion","","","Week 1-5 administration, runner, report, template, or school showcase content"
"tests/test_week05_runner.py","ff954c4ee9ccb8737165b702194653b21a6885967582ddb07e0e9d69c28a07e8","1727","school_specific_exclusion","","","Week 1-5 administration, runner, report, template, or school showcase content"
"tools/__init__.py","f9b6230027d36788c2743425f67dff1cefd9663ff791f6f5d470ad37594e18a0","36","migrated_unchanged","tools/__init__.py","f9b6230027d36788c2743425f67dff1cefd9663ff791f6f5d470ad37594e18a0","Byte-identical scientific source retained"
"tools/artifact_preflight.py","7088abdac18706e23369c208b9643f58859367b6e0d4f4b97ccf2f226dba4274","2642","migrated_unchanged","tools/artifact_preflight.py","7088abdac18706e23369c208b9643f58859367b6e0d4f4b97ccf2f226dba4274","Byte-identical scientific source retained"
"tools/freeze_stage052_runtime.py","01dd2c33b184700b93772c117f59e40ea7563d71823d0d1c7c9f11123ad0a214","1415","migrated_unchanged","tools/freeze_stage052_runtime.py","01dd2c33b184700b93772c117f59e40ea7563d71823d0d1c7c9f11123ad0a214","Byte-identical scientific source retained"
"tools/publish_stage033_artifacts.py","54acce03cbd58e2006146241bbcc2ab19ab5711842733d80d59c74eab744aec9","12218","migrated_unchanged","tools/publish_stage033_artifacts.py","54acce03cbd58e2006146241bbcc2ab19ab5711842733d80d59c74eab744aec9","Byte-identical scientific source retained"
"tools/publish_stage034_artifacts.py","3118e542e3c4d016502be411170f06780d9bae2c6963341609bbfa7cf8f8f7ed","11804","migrated_unchanged","tools/publish_stage034_artifacts.py","3118e542e3c4d016502be411170f06780d9bae2c6963341609bbfa7cf8f8f7ed","Byte-identical scientific source retained"
"tools/publish_stage052_artifacts.py","e697363c6a352138262dfd847ffff1ecf1eb7356f23d40bda57fda26a3faa129","35120","migrated_modified_publication","tools/publish_stage052_artifacts.py","6da1813813d10aac7c0641b4fab2cfdc62dc644da0f3f117a07210f4c69000c7","Retained and updated for repository separation or publication packaging"
"tools/stage03_artifact_migration.py","d5146158f8ac5b1c370e69fa58d6a9eaf2711d2a4bab117fbe591dddc4e06feb","55389","migrated_unchanged","tools/stage03_artifact_migration.py","d5146158f8ac5b1c370e69fa58d6a9eaf2711d2a4bab117fbe591dddc4e06feb","Byte-identical scientific source retained"
"uv.lock","2c56b71e70a0bda83ad203781851ed9868baa51a3e7e688a5c0269318d0c5a54","233705","migrated_modified_publication","uv.lock","817a64fcd505d291626a4c145e5194eb9a18548b560739a309081030127accb9","Retained and updated for repository separation or publication packaging"
