aggregation,axis,evaluation_count,instance,label,mean_duration_seconds,seed,total_duration_seconds
operator,serial_fixed_exact_calls,4,c101C5,initial_solution,0.00048148975474759936,2014,0.0019259590189903975
operator,serial_fixed_exact_calls,18,c101C5,route_elimination,2.244988637458947e-07,2014,4.0409795474261045e-06
operator,serial_fixed_exact_calls,16,c101C5,route_merge,1.8487480701878667e-07,2014,2.9579969123005867e-06
operator,serial_fixed_exact_calls,42,c101C5,vehicle_count_aware_repair,2.1528623100104077e-07,2014,9.042021702043712e-06
route,serial_fixed_exact_calls,40,c101C5,14,2.4313551330124027e-05,2014,0.0009725420532049611
route,serial_fixed_exact_calls,40,c101C5,33,2.423644909868017e-05,2014,0.0009694579639472067
operator,parallel_fixed_exact_calls,4,c101C5,initial_solution,0.08403776024715626,2014,0.336151040988625
operator,parallel_fixed_exact_calls,18,c101C5,route_elimination,1.9683243913782968e-07,2014,3.542983904480934e-06
operator,parallel_fixed_exact_calls,16,c101C5,route_merge,1.9268736650701612e-07,2014,3.082997864112258e-06
operator,parallel_fixed_exact_calls,42,c101C5,vehicle_count_aware_repair,2.201898799588283e-07,2014,9.247974958270788e-06
route,parallel_fixed_exact_calls,40,c101C5,14,0.004202121849812101,2014,0.16808487399248406
route,parallel_fixed_exact_calls,40,c101C5,33,0.0042020510238216955,2014,0.16808204095286783
operator,serial_wall_clock,4,c101C5,initial_solution,0.0004658442485379055,2014,0.001863376994151622
operator,serial_wall_clock,120,c101C5,route_elimination,1.7356699875866372e-07,2014,2.0828039851039648e-05
operator,serial_wall_clock,112,c101C5,route_merge,1.8079585320914964e-07,2014,2.0249135559424758e-05
operator,serial_wall_clock,1466,c101C5,vehicle_count_aware_repair,2.066445615368744e-07,2014,0.0003029409272130579
route,serial_wall_clock,851,c101C5,14,1.347146784125025e-06,2014,0.0011464219132903963
route,serial_wall_clock,851,c101C5,33,1.2467369958692692e-06,2014,0.001060973183484748
operator,parallel_wall_clock,4,c101C5,initial_solution,0.06211198975506704,2014,0.24844795902026817
operator,parallel_wall_clock,120,c101C5,route_elimination,1.7699106441189846e-07,2014,2.1238927729427814e-05
operator,parallel_wall_clock,112,c101C5,route_merge,1.7777698043833619e-07,2014,1.9911021809093654e-05
operator,parallel_wall_clock,1466,c101C5,vehicle_count_aware_repair,2.1160559332961316e-07,2014,0.0003102137998212129
route,parallel_wall_clock,851,c101C5,14,0.0001462349753404697,2014,0.12444596401473973
route,parallel_wall_clock,851,c101C5,33,0.0001461261559986935,2014,0.12435335875488818
operator,serial_fixed_exact_calls,4,c101C5,initial_solution,0.00028215649945195764,2015,0.0011286259978078306
operator,serial_fixed_exact_calls,22,c101C5,route_elimination,1.874987819147381e-07,2015,4.124973202124238e-06
operator,serial_fixed_exact_calls,14,c101C5,route_merge,1.7849691045869675e-07,2015,2.4989567464217544e-06
operator,serial_fixed_exact_calls,48,c101C5,vehicle_count_aware_repair,1.988564690691419e-07,2015,9.545110515318811e-06
route,serial_fixed_exact_calls,44,c101C5,14,1.304838654257103e-05,2015,0.0005741290078731254
route,serial_fixed_exact_calls,44,c101C5,33,1.2969682509058409e-05,2015,0.00057066603039857
operator,parallel_fixed_exact_calls,4,c101C5,initial_solution,0.06331134374340763,2015,0.25324537497363053
operator,parallel_fixed_exact_calls,22,c101C5,route_elimination,2.1586311049759388e-07,2015,4.748988430947065e-06
operator,parallel_fixed_exact_calls,14,c101C5,route_merge,2.112158524271633e-07,2015,2.957021933980286e-06
operator,parallel_fixed_exact_calls,48,c101C5,vehicle_count_aware_repair,4.565417839330621e-07,2015,2.191400562878698e-05
route,parallel_fixed_exact_calls,44,c101C5,14,0.0028782499542682094,2015,0.1266429979878012
route,parallel_fixed_exact_calls,44,c101C5,33,0.0028779999318596147,2015,0.12663199700182304
operator,serial_wall_clock,4,c101C5,initial_solution,0.0002716667513595894,2015,0.0010866670054383576
operator,serial_wall_clock,110,c101C5,route_elimination,1.7840952337296172e-07,2015,1.962504757102579e-05
operator,serial_wall_clock,112,c101C5,route_merge,1.7194582012182635e-07,2015,1.925793185364455e-05
operator,serial_wall_clock,1470,c101C5,vehicle_count_aware_repair,2.0540320373070583e-07,2015,0.0003019427094841376
route,serial_wall_clock,848,c101C5,14,8.840198924584877e-07,2015,0.0007496488688047975
route,serial_wall_clock,848,c101C5,33,7.993441338943019e-07,2015,0.000677843825542368
operator,parallel_wall_clock,4,c101C5,initial_solution,0.06164468750648666,2015,0.24657875002594665
operator,parallel_wall_clock,110,c101C5,route_elimination,1.8557303436947139e-07,2015,2.0413033780641854e-05
operator,parallel_wall_clock,112,c101C5,route_merge,1.942051832364606e-07,2015,2.1750980522483587e-05
operator,parallel_wall_clock,1470,c101C5,vehicle_count_aware_repair,2.1042258496123817e-07,2015,0.0003093211998930201
route,parallel_wall_clock,848,c101C5,14,0.0001456404896020584,2015,0.12350313518254552
route,parallel_wall_clock,848,c101C5,33,0.00014555082553961943,2015,0.12342710005759727
operator,serial_fixed_exact_calls,4,c101C5,initial_solution,0.0005218437581788749,2016,0.0020873750327154994
operator,serial_fixed_exact_calls,18,c101C5,route_elimination,2.2916760321499572e-07,2016,4.125016857869923e-06
operator,serial_fixed_exact_calls,16,c101C5,route_merge,2.0562401914503425e-07,2016,3.289984306320548e-06
operator,serial_fixed_exact_calls,32,c101C5,vehicle_count_aware_repair,2.0306151782278903e-07,2016,6.497968570329249e-06
route,serial_fixed_exact_calls,35,c101C5,14,3.0071342812984116e-05,2016,0.0010524969984544441
route,serial_fixed_exact_calls,35,c101C5,33,2.996545725701643e-05,2016,0.001048791003995575
operator,parallel_fixed_exact_calls,4,c101C5,initial_solution,0.06299733350169845,2016,0.2519893340067938
operator,parallel_fixed_exact_calls,18,c101C5,route_elimination,2.1305459085851908e-07,2016,3.834982635453343e-06
operator,parallel_fixed_exact_calls,16,c101C5,route_merge,2.2393669496523216e-07,2016,3.5829871194437146e-06
operator,parallel_fixed_exact_calls,32,c101C5,vehicle_count_aware_repair,2.643450898176525e-07,2016,8.45904287416488e-06
route,parallel_fixed_exact_calls,35,c101C5,14,0.003600129742907094,2016,0.1260045410017483
route,parallel_fixed_exact_calls,35,c101C5,33,0.0036000191433621306,2016,0.12600067001767457
operator,serial_wall_clock,4,c101C5,initial_solution,0.0002676457443158142,2016,0.001070582977263257
operator,serial_wall_clock,106,c101C5,route_elimination,1.8157481703520664e-07,2016,1.9246930605731905e-05
operator,serial_wall_clock,104,c101C5,route_merge,2.07558724259098e-07,2016,2.158610732294619e-05
operator,serial_wall_clock,1470,c101C5,vehicle_count_aware_repair,2.039776604977392e-07,2016,0.0002998471609316766
route,serial_wall_clock,842,c101C5,14,8.806059527710841e-07,2016,0.0007414702122332528
route,serial_wall_clock,842,c101C5,33,7.954785794422314e-07,2016,0.0006697929638903588
operator,parallel_wall_clock,4,c101C5,initial_solution,0.061881906247435836,2016,0.24752762498974334
operator,parallel_wall_clock,106,c101C5,route_elimination,1.902366386515633e-07,2016,2.016508369706571e-05
operator,parallel_wall_clock,104,c101C5,route_merge,1.7549022091910817e-07,2016,1.825098297558725e-05
operator,parallel_wall_clock,1470,c101C5,vehicle_count_aware_repair,2.159277328803223e-07,2016,0.0003174137673340738
route,parallel_wall_clock,842,c101C5,14,0.00014724289419999425,2016,0.12397851691639517
route,parallel_wall_clock,842,c101C5,33,0.00014715550820350938,2016,0.1239049379073549
operator,serial_fixed_exact_calls,138,c101_21,energy,0.00027713918836156336,2014,0.03824520799389575
operator,serial_fixed_exact_calls,118,c101_21,greedy,0.00038304940725368905,2014,0.04519983005593531
operator,serial_fixed_exact_calls,24,c101_21,initial_solution,0.08838657129611723,2014,2.1212777111068135
operator,serial_fixed_exact_calls,171,c101_21,regret2,0.0002194595610319871,2014,0.03752758493646979
operator,serial_fixed_exact_calls,10,c101_21,relocate,1.376014552079141e-07,2014,1.3760145520791411e-06
operator,serial_fixed_exact_calls,108,c101_21,route_elimination,1.5084205423826696e-07,2014,1.6290941857732832e-05
operator,serial_fixed_exact_calls,96,c101_21,route_merge,1.2724937429690422e-07,2014,1.2215939932502806e-05
operator,serial_fixed_exact_calls,34,c101_21,shaw_related,1.471463988042053e-07,2014,5.00297755934298e-06
operator,serial_fixed_exact_calls,10,c101_21,swap,1.2929958757013082e-07,2014,1.2929958757013083e-06
operator,serial_fixed_exact_calls,20,c101_21,time_window_conflict,1.5230034478008747e-07,2014,3.0460068956017494e-06
operator,serial_fixed_exact_calls,10,c101_21,two_opt_star,1.4169927453622222e-07,2014,1.4169927453622222e-06
operator,serial_fixed_exact_calls,274,c101_21,vehicle_count_aware_repair,1.981240071791367e-07,2014,5.4285977967083454e-05
route,serial_fixed_exact_calls,1,c101_21,10517,0.011998166999546811,2014,0.011998166999546811
route,serial_fixed_exact_calls,84,c101_21,10869,0.002104656762510006,2014,0.1767911680508405
route,serial_fixed_exact_calls,1,c101_21,12039,0.014875207998557016,2014,0.014875207998557016
route,serial_fixed_exact_calls,83,c101_21,13717,0.0021299251803359666,2014,0.17678378996788524
route,serial_fixed_exact_calls,89,c101_21,16071,0.001986352550886111,2014,0.17678537702886388
route,serial_fixed_exact_calls,81,c101_21,17645,0.002182510296633053,2014,0.1767833340272773
route,serial_fixed_exact_calls,88,c101_21,19350,0.0020088906704503725,2014,0.17678237899963278
route,serial_fixed_exact_calls,79,c101_21,21870,0.002237751619275836,2014,0.17678237792279106
route,serial_fixed_exact_calls,1,c101_21,21980,0.011426916986238211,2014,0.011426916986238211
route,serial_fixed_exact_calls,80,c101_21,24736,0.0022098266252214673,2014,0.17678613001771737
route,serial_fixed_exact_calls,2,c101_21,24912,0.007130166493880097,2014,0.014260332987760194
route,serial_fixed_exact_calls,8,c101_21,25017,0.0015623907493136358,2014,0.012499125994509086
route,serial_fixed_exact_calls,76,c101_21,25288,0.002326524670742832,2014,0.17681587497645523
route,serial_fixed_exact_calls,2,c101_21,26167,0.0030253959994297475,2014,0.006050791998859495
route,serial_fixed_exact_calls,1,c101_21,26924,0.009320665994891897,2014,0.009320665994891897
route,serial_fixed_exact_calls,12,c101_21,30,0.00035473608174167265,2014,0.0042568329809000716
route,serial_fixed_exact_calls,77,c101_21,3225,0.002295871142958678,2014,0.1767820780078182
route,serial_fixed_exact_calls,8,c101_21,511,0.002521640624763677,2014,0.020173124998109415
route,serial_fixed_exact_calls,82,c101_21,5170,0.0021558764998278602,2014,0.17678187298588455
route,serial_fixed_exact_calls,75,c101_21,547,0.002357099413056858,2014,0.17678245597926434
route,serial_fixed_exact_calls,1,c101_21,7029,0.016045499985921197,2014,0.016045499985921197
route,serial_fixed_exact_calls,82,c101_21,8217,0.002155875085985072,2014,0.17678175705077592
operator,parallel_fixed_exact_calls,138,c101_21,energy,0.00028799337704423004,2014,0.03974308603210375
operator,parallel_fixed_exact_calls,118,c101_21,greedy,0.00040873879617597055,2014,0.048231177948764525
operator,parallel_fixed_exact_calls,24,c101_21,initial_solution,0.11772878778962574,2014,2.8254909069510177
operator,parallel_fixed_exact_calls,171,c101_21,regret2,0.00022825559052129478,2014,0.03903170597914141
operator,parallel_fixed_exact_calls,10,c101_21,relocate,1.418011379428208e-07,2014,1.4180113794282079e-06
operator,parallel_fixed_exact_calls,108,c101_21,route_elimination,1.531299386880602e-07,2014,1.65380333783105e-05
operator,parallel_fixed_exact_calls,96,c101_21,route_merge,1.6762487575761043e-07,2014,1.60919880727306e-05
operator,parallel_fixed_exact_calls,34,c101_21,shaw_related,1.8997097333126207e-07,2014,6.459013093262911e-06
operator,parallel_fixed_exact_calls,10,c101_21,swap,1.5009864000603558e-07,2014,1.5009864000603557e-06
operator,parallel_fixed_exact_calls,20,c101_21,time_window_conflict,1.3754979590885342e-07,2014,2.7509959181770682e-06
operator,parallel_fixed_exact_calls,10,c101_21,two_opt_star,1.3320095604285598e-07,2014,1.3320095604285598e-06
operator,parallel_fixed_exact_calls,274,c101_21,vehicle_count_aware_repair,1.8109858501702547e-07,2014,4.962101229466498e-05
route,parallel_fixed_exact_calls,1,c101_21,10517,0.012612000005901791,2014,0.012612000005901791
route,parallel_fixed_exact_calls,84,c101_21,10869,0.0028032941066028017,2014,0.23547670495463535
route,parallel_fixed_exact_calls,1,c101_21,12039,0.016086250005173497,2014,0.016086250005173497
route,parallel_fixed_exact_calls,83,c101_21,13717,0.0028369718672026016,2014,0.23546866497781593
route,parallel_fixed_exact_calls,89,c101_21,16071,0.002645740585219837,2014,0.2354709120845655
route,parallel_fixed_exact_calls,81,c101_21,17645,0.002907003616493046,2014,0.2354672929359367
route,parallel_fixed_exact_calls,88,c101_21,19350,0.0026757912387851816,2014,0.23546962901309598
route,parallel_fixed_exact_calls,79,c101_21,21870,0.0029805928862526943,2014,0.23546683801396284
route,parallel_fixed_exact_calls,1,c101_21,21980,0.011907208987395279,2014,0.011907208987395279
route,parallel_fixed_exact_calls,80,c101_21,24736,0.0029433884876198134,2014,0.23547107900958508
route,parallel_fixed_exact_calls,2,c101_21,24912,0.00762662549095694,2014,0.01525325098191388
route,parallel_fixed_exact_calls,8,c101_21,25017,0.0015793281236256007,2014,0.012634624989004806
route,parallel_fixed_exact_calls,76,c101_21,25288,0.003098655210602661,2014,0.23549779600580223
route,parallel_fixed_exact_calls,2,c101_21,26167,0.003116271494945977,2014,0.006232542989891954
route,parallel_fixed_exact_calls,1,c101_21,26924,0.010068666000734083,2014,0.010068666000734083
route,parallel_fixed_exact_calls,12,c101_21,30,0.000366617830877658,2014,0.004399413970531896
route,parallel_fixed_exact_calls,77,c101_21,3225,0.003058002753313268,2014,0.23546621200512163
route,parallel_fixed_exact_calls,8,c101_21,511,0.002608922000945313,2014,0.020871376007562503
route,parallel_fixed_exact_calls,82,c101_21,5170,0.002871539084547449,2014,0.23546620493289083
route,parallel_fixed_exact_calls,75,c101_21,547,0.0031395483201292033,2014,0.23546612400969025
route,parallel_fixed_exact_calls,1,c101_21,7029,0.01687470800243318,2014,0.01687470800243318
route,parallel_fixed_exact_calls,82,c101_21,8217,0.0028715254765546245,2014,0.2354650890774792
operator,serial_wall_clock,161,c101_21,energy,0.0002827437581698358,2014,0.045521745065343566
operator,serial_wall_clock,118,c101_21,greedy,0.00039466035575013987,2014,0.046569921978516504
operator,serial_wall_clock,24,c101_21,initial_solution,0.08984239241908654,2014,2.156217418058077
operator,serial_wall_clock,203,c101_21,regret2,0.00025589227123848927,2014,0.051946131061413325
operator,serial_wall_clock,10,c101_21,relocate,1.4999823179095982e-07,2014,1.4999823179095984e-06
operator,serial_wall_clock,168,c101_21,route_elimination,1.5166647028222327e-07,2014,2.5479967007413507e-05
operator,serial_wall_clock,132,c101_21,route_merge,1.385217756526827e-07,2014,1.8284874386154115e-05
operator,serial_wall_clock,42,c101_21,shaw_related,1.5166837589016984e-07,2014,6.370071787387133e-06
operator,serial_wall_clock,10,c101_21,swap,1.4999823179095982e-07,2014,1.4999823179095984e-06
operator,serial_wall_clock,70,c101_21,time_window_conflict,1.393015346755939e-07,2014,9.751107427291572e-06
operator,serial_wall_clock,10,c101_21,two_opt_star,1.3329845387488605e-07,2014,1.3329845387488604e-06
operator,serial_wall_clock,713,c101_21,vehicle_count_aware_repair,1.9762698912974786e-07,2014,0.00014090804324951023
route,serial_wall_clock,1,c101_21,10517,0.011782250003307126,2014,0.011782250003307126
route,serial_wall_clock,140,c101_21,10869,0.0012836937431919587,2014,0.17971712404687423
route,serial_wall_clock,1,c101_21,12039,0.014968666990171187,2014,0.014968666990171187
route,serial_wall_clock,139,c101_21,13717,0.0012928177626667838,2014,0.17970166901068296
route,serial_wall_clock,144,c101_21,16071,0.0012479603476296891,2014,0.17970629005867522
route,serial_wall_clock,1,c101_21,16577,0.0075215410033706576,2014,0.0075215410033706576
route,serial_wall_clock,135,c101_21,17645,0.001331113889507294,2014,0.1797003750834847
route,serial_wall_clock,144,c101_21,19350,0.0012479088611346218,2014,0.17969887600338552
route,serial_wall_clock,128,c101_21,21870,0.001403909476039189,2014,0.1797004129330162
route,serial_wall_clock,1,c101_21,21980,0.011489333002828062,2014,0.011489333002828062
route,serial_wall_clock,134,c101_21,24736,0.001341077403309616,2014,0.17970437204348855
route,serial_wall_clock,2,c101_21,24912,0.0073336255009053275,2014,0.014667251001810655
route,serial_wall_clock,10,c101_21,25017,0.0011518872022861614,2014,0.011518872022861615
route,serial_wall_clock,123,c101_21,25288,0.0014615243823008187,2014,0.1797674990230007
route,serial_wall_clock,2,c101_21,26167,0.0029929165029898286,2014,0.005985833005979657
route,serial_wall_clock,1,c101_21,26924,0.009280124999349937,2014,0.009280124999349937
route,serial_wall_clock,14,c101_21,30,0.0003142083587590605,2014,0.004398917022626847
route,serial_wall_clock,130,c101_21,3225,0.0013823067237703631,2014,0.1796998740901472
route,serial_wall_clock,2,c101_21,4952,0.007616374990902841,2014,0.015232749981805682
route,serial_wall_clock,10,c101_21,511,0.0020202080966555515,2014,0.020202080966555513
route,serial_wall_clock,135,c101_21,5170,0.0013311207249191487,2014,0.17970129786408506
route,serial_wall_clock,128,c101_21,547,0.0014039037116617692,2014,0.17969967509270646
route,serial_wall_clock,1,c101_21,7029,0.016915667001740076,2014,0.016915667001740076
route,serial_wall_clock,135,c101_21,8217,0.0013311080809216946,2014,0.17969959092442878
operator,parallel_wall_clock,161,c101_21,energy,0.0003283913409979493,2014,0.05287100590066984
operator,parallel_wall_clock,118,c101_21,greedy,0.00040989909362998964,2014,0.04836809304833878
operator,parallel_wall_clock,24,c101_21,initial_solution,0.12642121212290172,2014,3.0341090909496415
operator,parallel_wall_clock,203,c101_21,regret2,0.0002754943201168133,2014,0.0559253469837131
operator,parallel_wall_clock,10,c101_21,relocate,1.4590186765417456e-07,2014,1.4590186765417457e-06
operator,parallel_wall_clock,168,c101_21,route_elimination,1.2407751152447114e-07,2014,2.0845021936111152e-05
operator,parallel_wall_clock,132,c101_21,route_merge,1.2659085879215237e-07,2014,1.6709993360564113e-05
operator,parallel_wall_clock,42,c101_21,shaw_related,1.4976034262439326e-07,2014,6.289934390224516e-06
operator,parallel_wall_clock,10,c101_21,swap,1.4580145943909883e-07,2014,1.4580145943909883e-06
operator,parallel_wall_clock,70,c101_21,time_window_conflict,1.3400006407339657e-07,2014,9.38000448513776e-06
operator,parallel_wall_clock,10,c101_21,two_opt_star,1.291991793550551e-07,2014,1.291991793550551e-06
operator,parallel_wall_clock,713,c101_21,vehicle_count_aware_repair,2.0289759894213828e-07,2014,0.0001446659880457446
route,parallel_wall_clock,1,c101_21,10517,0.012865084005170502,2014,0.012865084005170502
route,parallel_wall_clock,140,c101_21,10869,0.0018062366639372029,2014,0.2528731329512084
route,parallel_wall_clock,1,c101_21,12039,0.01628895799512975,2014,0.01628895799512975
route,parallel_wall_clock,139,c101_21,13717,0.0018191268637637347,2014,0.2528586340631591
route,parallel_wall_clock,144,c101_21,16071,0.00175599190950177,2014,0.2528628349682549
route,parallel_wall_clock,1,c101_21,16577,0.008332540994160809,2014,0.008332540994160809
route,parallel_wall_clock,135,c101_21,17645,0.0018730265479664214,2014,0.2528585839754669
route,parallel_wall_clock,144,c101_21,19350,0.0017559983256837262,2014,0.2528637588984566
route,parallel_wall_clock,128,c101_21,21870,0.00197545148523659,2014,0.25285779011028353
route,parallel_wall_clock,1,c101_21,21980,0.012326666008448228,2014,0.012326666008448228
route,parallel_wall_clock,134,c101_21,24736,0.0018870124772343952,2014,0.25285967194940895
route,parallel_wall_clock,2,c101_21,24912,0.007778000501275528,2014,0.015556001002551056
route,parallel_wall_clock,10,c101_21,25017,0.0012168252011178992,2014,0.012168252011178993
route,parallel_wall_clock,123,c101_21,25288,0.0020562727234990723,2014,0.2529215449903859
route,parallel_wall_clock,2,c101_21,26167,0.0033994585028267466,2014,0.006798917005653493
route,parallel_wall_clock,1,c101_21,26924,0.01016337500186637,2014,0.01016337500186637
route,parallel_wall_clock,14,c101_21,30,0.00036608342946107896,2014,0.005125168012455106
route,parallel_wall_clock,130,c101_21,3225,0.0019450571535764118,2014,0.25285742996493354
route,parallel_wall_clock,2,c101_21,4952,0.00805958349519642,2014,0.01611916699039284
route,parallel_wall_clock,10,c101_21,511,0.002484124900365714,2014,0.02484124900365714
route,parallel_wall_clock,135,c101_21,5170,0.001873019992490299,2014,0.25285769898619037
route,parallel_wall_clock,128,c101_21,547,0.0019754420468416356,2014,0.25285658199572936
route,parallel_wall_clock,1,c101_21,7029,0.01650579200941138,2014,0.01650579200941138
route,parallel_wall_clock,135,c101_21,8217,0.001873013362637721,2014,0.25285680395609234
operator,serial_fixed_exact_calls,185,c101_21,energy,0.00014393330902503048,2015,0.02662766216963064
operator,serial_fixed_exact_calls,118,c101_21,greedy,0.00031827895725007816,2015,0.03755691695550922
operator,serial_fixed_exact_calls,24,c101_21,initial_solution,0.0889151407488195,2015,2.133963377971668
operator,serial_fixed_exact_calls,148,c101_21,regret2,0.00030264893929769814,2015,0.044792043016059324
operator,serial_fixed_exact_calls,10,c101_21,relocate,1.4590041246265174e-07,2015,1.4590041246265173e-06
operator,serial_fixed_exact_calls,120,c101_21,route_elimination,1.268165457683305e-07,2015,1.521798549219966e-05
operator,serial_fixed_exact_calls,96,c101_21,route_merge,1.5056184565764852e-07,2015,1.4453937183134258e-05
operator,serial_fixed_exact_calls,36,c101_21,shaw_related,2.2097244962222047e-07,2015,7.955008186399937e-06
operator,serial_fixed_exact_calls,10,c101_21,swap,1.4569959603250026e-07,2015,1.4569959603250027e-06
operator,serial_fixed_exact_calls,20,c101_21,time_window_conflict,1.5195109881460667e-07,2015,3.0390219762921333e-06
operator,serial_fixed_exact_calls,10,c101_21,two_opt_star,1.374020939692855e-07,2015,1.3740209396928549e-06
operator,serial_fixed_exact_calls,264,c101_21,vehicle_count_aware_repair,1.8576539525494093e-07,2015,4.9042064347304404e-05
route,serial_fixed_exact_calls,6,c101_21,10758,0.00198063166802361,2015,0.01188379000814166
route,serial_fixed_exact_calls,87,c101_21,10869,0.0020442504821152523,2015,0.17784979194402695
route,serial_fixed_exact_calls,1,c101_21,13113,0.013626500003738329,2015,0.013626500003738329
route,serial_fixed_exact_calls,1,c101_21,13586,0.015863291002460755,2015,0.015863291002460755
route,serial_fixed_exact_calls,86,c101_21,13732,0.002067923872240245,2015,0.17784145301266108
route,serial_fixed_exact_calls,88,c101_21,16123,0.00202097434091477,2015,0.17784574200049974
route,serial_fixed_exact_calls,1,c101_21,16527,0.011469832999864593,2015,0.011469832999864593
route,serial_fixed_exact_calls,78,c101_21,17720,0.0022799978331208993,2015,0.17783983098343015
route,serial_fixed_exact_calls,1,c101_21,18005,0.0028417089924914762,2015,0.0028417089924914762
route,serial_fixed_exact_calls,1,c101_21,18107,0.005551624999498017,2015,0.005551624999498017
route,serial_fixed_exact_calls,88,c101_21,19474,0.002020916193611232,2015,0.1778406250377884
route,serial_fixed_exact_calls,90,c101_21,22023,0.0019760203887320433,2015,0.1778418349858839
route,serial_fixed_exact_calls,85,c101_21,24888,0.002092278446755646,2015,0.1778436679742299
route,serial_fixed_exact_calls,2,c101_21,25173,0.005269082997983787,2015,0.010538165995967574
route,serial_fixed_exact_calls,88,c101_21,25455,0.002021268967093254,2015,0.17787166910420638
route,serial_fixed_exact_calls,2,c101_21,25803,0.003330332998302765,2015,0.00666066599660553
route,serial_fixed_exact_calls,76,c101_21,3197,0.002339991276178472,2015,0.1778393369895639
route,serial_fixed_exact_calls,1,c101_21,4508,0.017250917007913813,2015,0.017250917007913813
route,serial_fixed_exact_calls,82,c101_21,5121,0.0021687987810298914,2015,0.1778415000444511
route,serial_fixed_exact_calls,91,c101_21,547,0.0019542806817648504,2015,0.17783954204060137
route,serial_fixed_exact_calls,3,c101_21,7461,0.004404444664639111,2015,0.013213333993917331
route,serial_fixed_exact_calls,83,c101_21,8203,0.002142640638953434,2015,0.177839173033135
operator,parallel_fixed_exact_calls,185,c101_21,energy,0.0001585673132590396,2015,0.029334952952922322
operator,parallel_fixed_exact_calls,118,c101_21,greedy,0.00032689338942133364,2015,0.03857341995171737
operator,parallel_fixed_exact_calls,24,c101_21,initial_solution,0.12240190641932713,2015,2.937645754063851
operator,parallel_fixed_exact_calls,148,c101_21,regret2,0.00032256591903451654,2015,0.04773975601710845
operator,parallel_fixed_exact_calls,10,c101_21,relocate,1.3759854482486845e-07,2015,1.3759854482486844e-06
operator,parallel_fixed_exact_calls,120,c101_21,route_elimination,1.2110006840278704e-07,2015,1.4532008208334446e-05
operator,parallel_fixed_exact_calls,96,c101_21,route_merge,1.3371951960531683e-07,2015,1.2837073882110417e-05
operator,parallel_fixed_exact_calls,36,c101_21,shaw_related,1.620283001102507e-07,2015,5.833018803969026e-06
operator,parallel_fixed_exact_calls,10,c101_21,swap,1.5010300558060408e-07,2015,1.5010300558060408e-06
operator,parallel_fixed_exact_calls,20,c101_21,time_window_conflict,1.5409968909807503e-07,2015,3.0819937819615006e-06
operator,parallel_fixed_exact_calls,10,c101_21,two_opt_star,1.6240228433161975e-07,2015,1.6240228433161974e-06
operator,parallel_fixed_exact_calls,264,c101_21,vehicle_count_aware_repair,1.9806799228359578e-07,2015,5.2289949962869287e-05
route,parallel_fixed_exact_calls,6,c101_21,10758,0.0022126386659995965,2015,0.013275831995997578
route,parallel_fixed_exact_calls,87,c101_21,10869,0.002814110597641068,2015,0.24482762199477293
route,parallel_fixed_exact_calls,1,c101_21,13113,0.014559999995981343,2015,0.014559999995981343
route,parallel_fixed_exact_calls,1,c101_21,13586,0.015494749997742474,2015,0.015494749997742474
route,parallel_fixed_exact_calls,86,c101_21,13732,0.0028466749066611494,2015,0.24481404197285883
route,parallel_fixed_exact_calls,88,c101_21,16123,0.0027820246596093057,2015,0.2448181700456189
route,parallel_fixed_exact_calls,1,c101_21,16527,0.012754541996400803,2015,0.012754541996400803
route,parallel_fixed_exact_calls,78,c101_21,17720,0.0031386244355906877,2015,0.24481270597607363
route,parallel_fixed_exact_calls,1,c101_21,18005,0.003420165987336077,2015,0.003420165987336077
route,parallel_fixed_exact_calls,1,c101_21,18107,0.006190291998791508,2015,0.006190291998791508
route,parallel_fixed_exact_calls,88,c101_21,19474,0.002781967716807478,2015,0.2448131590790581
route,parallel_fixed_exact_calls,90,c101_21,22023,0.0027201582669577973,2015,0.24481424402620178
route,parallel_fixed_exact_calls,85,c101_21,24888,0.0028801563053789054,2015,0.24481328595720697
route,parallel_fixed_exact_calls,2,c101_21,25173,0.005613270994217601,2015,0.011226541988435201
route,parallel_fixed_exact_calls,88,c101_21,25455,0.002782348941764212,2015,0.24484670687525067
route,parallel_fixed_exact_calls,2,c101_21,25803,0.0036626044966396876,2015,0.007325208993279375
route,parallel_fixed_exact_calls,76,c101_21,3197,0.0032212181594284055,2015,0.24481258011655882
route,parallel_fixed_exact_calls,1,c101_21,4508,0.016669167001964524,2015,0.016669167001964524
route,parallel_fixed_exact_calls,82,c101_21,5121,0.002985565524573847,2015,0.24481637301505543
route,parallel_fixed_exact_calls,91,c101_21,547,0.002690239659776645,2015,0.2448118090396747
route,parallel_fixed_exact_calls,3,c101_21,7461,0.0048857363338659825,2015,0.014657209001597948
route,parallel_fixed_exact_calls,83,c101_21,8203,0.0029495488073822693,2015,0.24481255101272836
operator,serial_wall_clock,315,c101_21,energy,0.0001651517649103577,2015,0.052022805946762674
operator,serial_wall_clock,149,c101_21,greedy,0.0003254139061857815,2015,0.04848667202168144
operator,serial_wall_clock,24,c101_21,initial_solution,0.09019053291619154,2015,2.164572789988597
operator,serial_wall_clock,179,c101_21,regret2,0.00027139575933444435,2015,0.048579840920865536
operator,serial_wall_clock,10,c101_21,relocate,1.5849946066737175e-07,2015,1.5849946066737175e-06
operator,serial_wall_clock,168,c101_21,route_elimination,1.25969780215417e-07,2015,2.1162923076190054e-05
operator,serial_wall_clock,156,c101_21,route_merge,1.448206603527069e-07,2015,2.2592023015022278e-05
operator,serial_wall_clock,36,c101_21,shaw_related,1.3888994645741252e-07,2015,5.00003807246685e-06
operator,serial_wall_clock,10,c101_21,swap,1.581007381901145e-07,2015,1.581007381901145e-06
operator,serial_wall_clock,40,c101_21,time_window_conflict,1.3552526070270688e-07,2015,5.421010428108275e-06
operator,serial_wall_clock,10,c101_21,two_opt_star,1.2929813237860798e-07,2015,1.2929813237860799e-06
operator,serial_wall_clock,708,c101_21,vehicle_count_aware_repair,1.99730257111691e-07,2015,0.00014140902203507721
route,serial_wall_clock,6,c101_21,10758,0.002053104001485432,2015,0.012318624008912593
route,serial_wall_clock,147,c101_21,10869,0.0012273075508284794,2015,0.18041420997178648
route,serial_wall_clock,2,c101_21,11568,0.006580291497812141,2015,0.013160582995624281
route,serial_wall_clock,1,c101_21,13113,0.014071625002543442,2015,0.014071625002543442
route,serial_wall_clock,1,c101_21,13586,0.014925416995538399,2015,0.014925416995538399
route,serial_wall_clock,151,c101_21,13732,0.0011947233239898076,2015,0.18040322192246094
route,serial_wall_clock,151,c101_21,16123,0.0011947497223204755,2015,0.1804072080703918
route,serial_wall_clock,1,c101_21,16304,0.01147795800352469,2015,0.01147795800352469
route,serial_wall_clock,1,c101_21,16527,0.011679417002596892,2015,0.011679417002596892
route,serial_wall_clock,141,c101_21,17720,0.0012794279008121264,2015,0.1803993340145098
route,serial_wall_clock,1,c101_21,18005,0.002861957997083664,2015,0.002861957997083664
route,serial_wall_clock,1,c101_21,18107,0.005332374988938682,2015,0.005332374988938682
route,serial_wall_clock,152,c101_21,19474,0.0011868316969890944,2015,0.18039841794234235
route,serial_wall_clock,151,c101_21,22023,0.001194705013440157,2015,0.18040045702946372
route,serial_wall_clock,146,c101_21,24888,0.0012356164249829145,2015,0.1803999980475055
route,serial_wall_clock,3,c101_21,25159,0.00382611099727607,2015,0.01147833299182821
route,serial_wall_clock,2,c101_21,25173,0.005431666999356821,2015,0.010863333998713642
route,serial_wall_clock,146,c101_21,25455,0.0012361018487678087,2015,0.18047086992010009
route,serial_wall_clock,2,c101_21,25803,0.003251062997151166,2015,0.006502125994302332
route,serial_wall_clock,6,c101_21,26,0.0007164516694804964,2015,0.004298710016882978
route,serial_wall_clock,141,c101_21,3197,0.0012794034539041579,2015,0.18039588700048625
route,serial_wall_clock,1,c101_21,4508,0.016406082999310456,2015,0.016406082999310456
route,serial_wall_clock,147,c101_21,5121,0.001227204380719289,2015,0.18039904396573547
route,serial_wall_clock,153,c101_21,547,0.0011790719086241914,2015,0.1803980020195013
route,serial_wall_clock,3,c101_21,7461,0.00453400033681343,2015,0.01360200101044029
route,serial_wall_clock,148,c101_21,8203,0.0012188983714008213,2015,0.18039695896732155
operator,parallel_wall_clock,315,c101_21,energy,0.0001786900951715541,2015,0.05628737997903954
operator,parallel_wall_clock,149,c101_21,greedy,0.0003438753831034664,2015,0.05123743208241649
operator,parallel_wall_clock,24,c101_21,initial_solution,0.11347149995708605,2015,2.7233159989700653
operator,parallel_wall_clock,179,c101_21,regret2,0.0002829616761073085,2015,0.05065014002320822
operator,parallel_wall_clock,10,c101_21,relocate,1.500011421740055e-07,2015,1.500011421740055e-06
operator,parallel_wall_clock,168,c101_21,route_elimination,1.1711935734465009e-07,2015,1.9676052033901215e-05
operator,parallel_wall_clock,156,c101_21,route_merge,1.32230735079457e-07,2015,2.062799467239529e-05
operator,parallel_wall_clock,36,c101_21,shaw_related,1.514991810027924e-07,2015,5.453970516100526e-06
operator,parallel_wall_clock,10,c101_21,swap,1.417021849192679e-07,2015,1.417021849192679e-06
operator,parallel_wall_clock,40,c101_21,time_window_conflict,1.4060133253224193e-07,2015,5.624053301289678e-06
operator,parallel_wall_clock,10,c101_21,two_opt_star,1.4169927453622222e-07,2015,1.4169927453622222e-06
operator,parallel_wall_clock,708,c101_21,vehicle_count_aware_repair,1.9917537285262287e-07,2015,0.000141016163979657
route,parallel_wall_clock,6,c101_21,10758,0.0021009791671531275,2015,0.012605875002918765
route,parallel_wall_clock,147,c101_21,10869,0.0015440543675573455,2015,0.22697599203092977
route,parallel_wall_clock,2,c101_21,11568,0.006831333506852388,2015,0.013662667013704777
route,parallel_wall_clock,1,c101_21,13113,0.014426791996811517,2015,0.014426791996811517
route,parallel_wall_clock,1,c101_21,13586,0.015174332991591655,2015,0.015174332991591655
route,parallel_wall_clock,151,c101_21,13732,0.0015030566425431235,2015,0.22696155302401166
route,parallel_wall_clock,151,c101_21,16123,0.0015030970990839753,2015,0.22696766196168028
route,parallel_wall_clock,1,c101_21,16304,0.012621542002307251,2015,0.012621542002307251
route,parallel_wall_clock,1,c101_21,16527,0.012418792000971735,2015,0.012418792000971735
route,parallel_wall_clock,141,c101_21,17720,0.001609641581803481,2015,0.22695946303429082
route,parallel_wall_clock,1,c101_21,18005,0.003470499999821186,2015,0.003470499999821186
route,parallel_wall_clock,1,c101_21,18107,0.005974166007945314,2015,0.005974166007945314
route,parallel_wall_clock,152,c101_21,19474,0.0014931497173261289,2015,0.2269587570335716
route,parallel_wall_clock,151,c101_21,22023,0.0015030620398581189,2015,0.22696236801857594
route,parallel_wall_clock,146,c101_21,24888,0.0015545257745742836,2015,0.2269607630878454
route,parallel_wall_clock,3,c101_21,25159,0.004128291669379299,2015,0.012384875008137897
route,parallel_wall_clock,2,c101_21,25173,0.005794374999823049,2015,0.011588749999646097
route,parallel_wall_clock,146,c101_21,25455,0.0015550496990390582,2015,0.22703725605970249
route,parallel_wall_clock,2,c101_21,25803,0.0036025839945068583,2015,0.007205167989013717
route,parallel_wall_clock,6,c101_21,26,0.0007419024987029843,2015,0.004451414992217906
route,parallel_wall_clock,141,c101_21,3197,0.0016096324404141805,2015,0.22695817409839947
route,parallel_wall_clock,1,c101_21,4508,0.016959082990069874,2015,0.016959082990069874
route,parallel_wall_clock,147,c101_21,5121,0.001543950407883013,2015,0.2269607099588029
route,parallel_wall_clock,153,c101_21,547,0.0014833949543946586,2015,0.22695942802238278
route,parallel_wall_clock,3,c101_21,7461,0.005041096999775618,2015,0.015123290999326855
route,parallel_wall_clock,148,c101_21,8203,0.0015335020810173748,2015,0.22695830799057148
operator,serial_fixed_exact_calls,75,c101_21,energy,0.00027466994749071697,2016,0.020600246061803773
operator,serial_fixed_exact_calls,299,c101_21,greedy,0.00023314115719053657,2016,0.06970920599997044
operator,serial_fixed_exact_calls,24,c101_21,initial_solution,0.08708825150279154,2016,2.090118036066997
operator,serial_fixed_exact_calls,62,c101_21,regret2,0.0002609206776175978,2016,0.016177082012291066
operator,serial_fixed_exact_calls,10,c101_21,relocate,1.3350072549656034e-07,2016,1.3350072549656034e-06
operator,serial_fixed_exact_calls,132,c101_21,route_elimination,1.1808261853840316e-07,2016,1.5586905647069216e-05
operator,serial_fixed_exact_calls,72,c101_21,route_merge,1.2966585119203148e-07,2016,9.335941285826266e-06
operator,serial_fixed_exact_calls,16,c101_21,shaw_related,1.5087425708770752e-07,2016,2.4139881134033203e-06
operator,serial_fixed_exact_calls,10,c101_21,swap,1.4999968698248267e-07,2016,1.4999968698248267e-06
operator,serial_fixed_exact_calls,40,c101_21,time_window_conflict,1.4167490007821472e-07,2016,5.666996003128588e-06
operator,serial_fixed_exact_calls,10,c101_21,two_opt_star,1.3739772839471697e-07,2016,1.3739772839471698e-06
operator,serial_fixed_exact_calls,293,c101_21,vehicle_count_aware_repair,2.2936862879098988e-07,2016,6.720500823576003e-05
route,serial_fixed_exact_calls,84,c101_21,10813,0.002073859070584322,2016,0.17420416192908306
route,serial_fixed_exact_calls,2,c101_21,11506,0.00638929149863543,2016,0.01277858299727086
route,serial_fixed_exact_calls,90,c101_21,13613,0.0019354115219256426,2016,0.17418703697330784
route,serial_fixed_exact_calls,90,c101_21,16000,0.001935439778834633,2016,0.17418958009511698
route,serial_fixed_exact_calls,86,c101_21,17570,0.002025410441748072,2016,0.17418529799033422
route,serial_fixed_exact_calls,90,c101_21,19268,0.0019353958656817365,2016,0.17418562791135628
route,serial_fixed_exact_calls,1,c101_21,19993,0.010627458003000356,2016,0.010627458003000356
route,serial_fixed_exact_calls,78,c101_21,21805,0.0022331586544915363,2016,0.17418637505033985
route,serial_fixed_exact_calls,86,c101_21,24637,0.002025437535045311,2016,0.17418762801389676
route,serial_fixed_exact_calls,6,c101_21,24907,0.0019320273349876516,2016,0.01159216400992591
route,serial_fixed_exact_calls,79,c101_21,25175,0.00220538077222425,2016,0.17422508100571577
route,serial_fixed_exact_calls,11,c101_21,26,0.0003370113660242747,2016,0.003707125026267022
route,serial_fixed_exact_calls,85,c101_21,3187,0.0020492317886023287,2016,0.17418470203119796
route,serial_fixed_exact_calls,6,c101_21,509,0.0034308960021007806,2016,0.020585376012604684
route,serial_fixed_exact_calls,85,c101_21,5098,0.002049234858714044,2016,0.17418496299069375
route,serial_fixed_exact_calls,81,c101_21,545,0.00215044235674101,2016,0.1741858308960218
route,serial_fixed_exact_calls,2,c101_21,5884,0.0069398955020005815,2016,0.013879791004001163
route,serial_fixed_exact_calls,78,c101_21,8132,0.002233139397643614,2016,0.1741848730162019
route,serial_fixed_exact_calls,2,c101_21,9252,0.01039368750207359,2016,0.02078737500414718
route,serial_fixed_exact_calls,1,c101_21,9873,0.012459958001272753,2016,0.012459958001272753
operator,parallel_fixed_exact_calls,75,c101_21,energy,0.0002814922390583282,2016,0.021111917929374613
operator,parallel_fixed_exact_calls,299,c101_21,greedy,0.00024667438141064076,2016,0.07375564004178159
operator,parallel_fixed_exact_calls,24,c101_21,initial_solution,0.12200233712610498,2016,2.9280560910265194
operator,parallel_fixed_exact_calls,62,c101_21,regret2,0.0002870953532927219,2016,0.017799911904148757
operator,parallel_fixed_exact_calls,10,c101_21,relocate,1.4189863577485086e-07,2016,1.4189863577485085e-06
operator,parallel_fixed_exact_calls,132,c101_21,route_elimination,1.196742893873968e-07,2016,1.5797006199136376e-05
operator,parallel_fixed_exact_calls,72,c101_21,route_merge,2.314874210343179e-07,2016,1.6667094314470887e-05
operator,parallel_fixed_exact_calls,16,c101_21,shaw_related,1.5100158634595573e-07,2016,2.4160253815352917e-06
operator,parallel_fixed_exact_calls,10,c101_21,swap,1.461012288928032e-07,2016,1.461012288928032e-06
operator,parallel_fixed_exact_calls,40,c101_21,time_window_conflict,1.4797478797845542e-07,2016,5.918991519138217e-06
operator,parallel_fixed_exact_calls,10,c101_21,two_opt_star,1.4169927453622222e-07,2016,1.4169927453622222e-06
operator,parallel_fixed_exact_calls,293,c101_21,vehicle_count_aware_repair,1.8801730056213846e-07,2016,5.5089069064706564e-05
route,parallel_fixed_exact_calls,84,c101_21,10813,0.0029050431774175238,2016,0.244023626903072
route,parallel_fixed_exact_calls,2,c101_21,11506,0.006863542002975009,2016,0.013727084005950019
route,parallel_fixed_exact_calls,90,c101_21,13613,0.002711336610567135,2016,0.24402029495104216
route,parallel_fixed_exact_calls,90,c101_21,16000,0.0027113051223245244,2016,0.24401746100920718
route,parallel_fixed_exact_calls,86,c101_21,17570,0.0028373687088132163,2016,0.24401370895793661
route,parallel_fixed_exact_calls,90,c101_21,19268,0.0027112625996879715,2016,0.24401363397191744
route,parallel_fixed_exact_calls,1,c101_21,19993,0.011122749987407587,2016,0.011122749987407587
route,parallel_fixed_exact_calls,78,c101_21,21805,0.00312838406441584,2016,0.2440139570244355
route,parallel_fixed_exact_calls,86,c101_21,24637,0.002837393895132727,2016,0.24401587498141453
route,parallel_fixed_exact_calls,6,c101_21,24907,0.0021433123329188675,2016,0.012859873997513205
route,parallel_fixed_exact_calls,79,c101_21,25175,0.0030892194431832156,2016,0.24404833601147402
route,parallel_fixed_exact_calls,11,c101_21,26,0.0003943220958304168,2016,0.004337543054134585
route,parallel_fixed_exact_calls,85,c101_21,3187,0.002870739729705212,2016,0.244012877024943
route,parallel_fixed_exact_calls,6,c101_21,509,0.0035161875008877055,2016,0.021097125005326234
route,parallel_fixed_exact_calls,85,c101_21,5098,0.002870747071232044,2016,0.24401350105472375
route,parallel_fixed_exact_calls,81,c101_21,545,0.003012516014105468,2016,0.2440137971425429
route,parallel_fixed_exact_calls,2,c101_21,5884,0.007464812500984408,2016,0.014929625001968816
route,parallel_fixed_exact_calls,78,c101_21,8132,0.003128375640909116,2016,0.24401329999091104
route,parallel_fixed_exact_calls,2,c101_21,9252,0.010536542002228089,2016,0.021073084004456177
route,parallel_fixed_exact_calls,1,c101_21,9873,0.013456291999318637,2016,0.013456291999318637
operator,serial_wall_clock,107,c101_21,energy,0.0002835276263285098,2016,0.030337456017150544
operator,serial_wall_clock,299,c101_21,greedy,0.00023718706346163683,2016,0.07091893197502941
operator,serial_wall_clock,24,c101_21,initial_solution,0.08999823929116246,2016,2.159957742987899
operator,serial_wall_clock,119,c101_21,regret2,0.0002542112096987602,2016,0.030251133954152465
operator,serial_wall_clock,10,c101_21,relocate,1.5409896150231362e-07,2016,1.5409896150231361e-06
operator,serial_wall_clock,132,c101_21,route_elimination,1.3065933175808328e-07,2016,1.724703179206699e-05
operator,serial_wall_clock,156,c101_21,route_merge,1.2879499058143642e-07,2016,2.009201853070408e-05
operator,serial_wall_clock,24,c101_21,shaw_related,1.8929313227999955e-07,2016,4.543035174719989e-06
operator,serial_wall_clock,10,c101_21,swap,1.7900019884109496e-07,2016,1.7900019884109497e-06
operator,serial_wall_clock,50,c101_21,time_window_conflict,1.4671968529000878e-07,2016,7.335984264500439e-06
operator,serial_wall_clock,10,c101_21,two_opt_star,1.2919772416353225e-07,2016,1.2919772416353226e-06
operator,serial_wall_clock,785,c101_21,vehicle_count_aware_repair,2.107045028928169e-07,2016,0.00016540303477086127
route,serial_wall_clock,142,c101_21,10813,0.001267842118977569,2016,0.1800335808948148
route,serial_wall_clock,2,c101_21,11506,0.007065812998916954,2016,0.014131625997833908
route,serial_wall_clock,146,c101_21,13613,0.0012329648833320004,2016,0.18001287296647206
route,serial_wall_clock,2,c101_21,15432,0.004999749995477032,2016,0.009999499990954064
route,serial_wall_clock,146,c101_21,16000,0.0012329962400182098,2016,0.18001745104265865
route,serial_wall_clock,141,c101_21,17570,0.001276678786735242,2016,0.1800117089296691
route,serial_wall_clock,148,c101_21,19268,0.0012163359256314957,2016,0.18001771699346136
route,serial_wall_clock,1,c101_21,19993,0.010265749995596707,2016,0.010265749995596707
route,serial_wall_clock,134,c101_21,21805,0.001343381484933962,2016,0.1800131189811509
route,serial_wall_clock,144,c101_21,24637,0.0012501102082751459,2016,0.180015869991621
route,serial_wall_clock,6,c101_21,24907,0.0020069441646531536,2016,0.01204166498791892
route,serial_wall_clock,135,c101_21,25175,0.001333995386677863,2016,0.18008937720151152
route,serial_wall_clock,11,c101_21,26,0.0003877422740598294,2016,0.004265165014658123
route,serial_wall_clock,143,c101_21,3187,0.001258811482571886,2016,0.1800100420077797
route,serial_wall_clock,6,c101_21,509,0.003386409839246577,2016,0.020318459035479464
route,serial_wall_clock,137,c101_21,5098,0.0013139477006226003,2016,0.18001083498529624
route,serial_wall_clock,139,c101_21,545,0.0012950606401482088,2016,0.18001342898060102
route,serial_wall_clock,2,c101_21,5884,0.007119791996956337,2016,0.014239583993912674
route,serial_wall_clock,2,c101_21,6740,0.006606791997910477,2016,0.013213583995820954
route,serial_wall_clock,136,c101_21,8132,0.001323617081010632,2016,0.18001192301744595
route,serial_wall_clock,2,c101_21,9252,0.010099125000124332,2016,0.020198250000248663
route,serial_wall_clock,1,c101_21,9873,0.01275300000270363,2016,0.01275300000270363
operator,parallel_wall_clock,107,c101_21,energy,0.00029796891599332163,2016,0.03188267401128542
operator,parallel_wall_clock,299,c101_21,greedy,0.00024522383910304804,2016,0.07332192789181136
operator,parallel_wall_clock,24,c101_21,initial_solution,0.11909006391518535,2016,2.8581615339644486
operator,parallel_wall_clock,119,c101_21,regret2,0.00027529342846451877,2016,0.03275991798727773
operator,parallel_wall_clock,10,c101_21,relocate,1.5409896150231362e-07,2016,1.5409896150231361e-06
operator,parallel_wall_clock,132,c101_21,route_elimination,1.272886892724218e-07,2016,1.6802106983959675e-05
operator,parallel_wall_clock,144,c101_21,route_merge,1.2843651752013506e-07,2016,1.849485852289945e-05
operator,parallel_wall_clock,24,c101_21,shaw_related,1.5116650805187723e-07,2016,3.6279961932450533e-06
operator,parallel_wall_clock,10,c101_21,swap,1.70900602824986e-07,2016,1.7090060282498598e-06
operator,parallel_wall_clock,50,c101_21,time_window_conflict,1.416602754034102e-07,2016,7.08301377017051e-06
operator,parallel_wall_clock,10,c101_21,two_opt_star,1.376014552079141e-07,2016,1.3760145520791411e-06
operator,parallel_wall_clock,761,c101_21,vehicle_count_aware_repair,2.0730354393001417e-07,2016,0.00015775799693074077
route,parallel_wall_clock,139,c101_21,10813,0.0017137530358406052,2016,0.23821167198184412
route,parallel_wall_clock,2,c101_21,11506,0.0068352919988683425,2016,0.013670583997736685
route,parallel_wall_clock,143,c101_21,13613,0.0016657124547014286,2016,0.2381968810223043
route,parallel_wall_clock,2,c101_21,15432,0.005254708499705885,2016,0.01050941699941177
route,parallel_wall_clock,143,c101_21,16000,0.0016657491199309137,2016,0.23820212415012065
route,parallel_wall_clock,138,c101_21,17570,0.001726056731717688,2016,0.23819582897704095
route,parallel_wall_clock,145,c101_21,19268,0.0016427184818392812,2016,0.23819417986669578
route,parallel_wall_clock,1,c101_21,19993,0.011182415997609496,2016,0.011182415997609496
route,parallel_wall_clock,131,c101_21,21805,0.0018182859386367198,2016,0.23819545796141028
route,parallel_wall_clock,141,c101_21,24637,0.001689359978756187,2016,0.23819975700462237
route,parallel_wall_clock,6,c101_21,24907,0.0021214443380207135,2016,0.01272866602812428
route,parallel_wall_clock,132,c101_21,25175,0.001805065302698605,2016,0.23826861995621584
route,parallel_wall_clock,11,c101_21,26,0.0004446669058366255,2016,0.004891335964202881
route,parallel_wall_clock,140,c101_21,3187,0.0017013836220680137,2016,0.23819370708952192
route,parallel_wall_clock,6,c101_21,509,0.0035588055009914874,2016,0.021352833005948924
route,parallel_wall_clock,134,c101_21,5098,0.0017775662168217545,2016,0.2381938730541151
route,parallel_wall_clock,136,c101_21,545,0.001751471830121933,2016,0.2382001688965829
route,parallel_wall_clock,2,c101_21,5884,0.007490875497751404,2016,0.014981750995502807
route,parallel_wall_clock,2,c101_21,6740,0.007195416503236629,2016,0.014390833006473258
route,parallel_wall_clock,133,c101_21,8132,0.0017909411569843698,2016,0.2381951738789212
route,parallel_wall_clock,2,c101_21,9252,0.010357687002397142,2016,0.020715374004794285
route,parallel_wall_clock,1,c101_21,9873,0.013463791998219676,2016,0.013463791998219676
operator,serial_fixed_exact_calls,1,c104C10,ejection_chain,0.0009499589941697195,2014,0.0009499589941697195
operator,serial_fixed_exact_calls,26,c104C10,energy,0.00013775803773359468,2014,0.0035817089810734615
operator,serial_fixed_exact_calls,8,c104C10,greedy,0.0002714064994506771,2014,0.0021712519956054166
operator,serial_fixed_exact_calls,4,c104C10,initial_solution,0.0006365207518683746,2014,0.0025460830074734986
operator,serial_fixed_exact_calls,26,c104C10,regret2,0.00013123550105284757,2014,0.0034121230273740366
operator,serial_fixed_exact_calls,19,c104C10,route_elimination,4.237278909912627e-05,2014,0.0008050829928833991
operator,serial_fixed_exact_calls,24,c104C10,route_merge,2.969091595635594e-05,2014,0.0007125819829525426
operator,serial_fixed_exact_calls,2,c104C10,route_segment_destroy,0.00020179100829409435,2014,0.0004035820165881887
operator,serial_fixed_exact_calls,2,c104C10,standard,1.4599936548620462e-07,2014,2.9199873097240925e-07
operator,serial_fixed_exact_calls,46,c104C10,vehicle_count_aware_repair,4.95162619146235e-05,2014,0.002277748048072681
route,serial_fixed_exact_calls,1,c104C10,100,0.0012119580060243607,2014,0.0012119580060243607
route,serial_fixed_exact_calls,2,c104C10,134,0.000482146002468653,2014,0.000964292004937306
route,serial_fixed_exact_calls,2,c104C10,135,0.0005264170031296089,2014,0.0010528340062592179
route,serial_fixed_exact_calls,55,c104C10,140,2.335447299463505e-05,2014,0.0012844960147049278
route,serial_fixed_exact_calls,3,c104C10,15,0.00014247200063740215,2014,0.0004274160019122064
route,serial_fixed_exact_calls,2,c104C10,157,0.0004996664938516915,2014,0.000999332987703383
route,serial_fixed_exact_calls,2,c104C10,24,0.00012535449786810204,2014,0.0002507089957362041
route,serial_fixed_exact_calls,2,c104C10,266,0.0004255210005794652,2014,0.0008510420011589304
route,serial_fixed_exact_calls,2,c104C10,288,0.000577832994167693,2014,0.001155665988335386
route,serial_fixed_exact_calls,2,c104C10,292,0.00043733300117310137,2014,0.0008746660023462027
route,serial_fixed_exact_calls,6,c104C10,30,6.777100255324815e-05,2014,0.00040662601531948894
route,serial_fixed_exact_calls,1,c104C10,300,0.0009232500015059486,2014,0.0009232500015059486
route,serial_fixed_exact_calls,2,c104C10,362,0.0006030209988239221,2014,0.0012060419976478443
route,serial_fixed_exact_calls,4,c104C10,415,0.00020734374993480742,2014,0.0008293749997392297
route,serial_fixed_exact_calls,1,c104C10,513,0.0009499589941697195,2014,0.0009499589941697195
route,serial_fixed_exact_calls,1,c104C10,569,0.0002752500004135072,2014,0.0002752500004135072
route,serial_fixed_exact_calls,60,c104C10,570,2.1490250704421974e-05,2014,0.0012894150422653183
route,serial_fixed_exact_calls,1,c104C10,572,0.0008016250067157671,2014,0.0008016250067157671
route,serial_fixed_exact_calls,8,c104C10,585,8.86458728928119e-05,2014,0.0007091669831424952
route,serial_fixed_exact_calls,1,c104C10,608,0.0003972919948864728,2014,0.0003972919948864728
operator,parallel_fixed_exact_calls,1,c104C10,ejection_chain,0.0012399999977787957,2014,0.0012399999977787957
operator,parallel_fixed_exact_calls,26,c104C10,energy,0.0002144374252216389,2014,0.005575373055762611
operator,parallel_fixed_exact_calls,8,c104C10,greedy,0.000331573124640272,2014,0.002652584997122176
operator,parallel_fixed_exact_calls,4,c104C10,initial_solution,0.06574665650259703,2014,0.26298662601038814
operator,parallel_fixed_exact_calls,26,c104C10,regret2,0.00019730600056041463,2014,0.00512995601457078
operator,parallel_fixed_exact_calls,19,c104C10,route_elimination,7.552194629648798e-05,2014,0.0014349169796332717
operator,parallel_fixed_exact_calls,24,c104C10,route_merge,4.1453166583475344e-05,2014,0.0009948759980034083
operator,parallel_fixed_exact_calls,2,c104C10,route_segment_destroy,0.00040062500193016604,2014,0.0008012500038603321
operator,parallel_fixed_exact_calls,2,c104C10,standard,1.4599936548620462e-07,2014,2.9199873097240925e-07
operator,parallel_fixed_exact_calls,46,c104C10,vehicle_count_aware_repair,5.641041396934863e-05,2014,0.002594879042590037
route,parallel_fixed_exact_calls,1,c104C10,100,0.0011931670014746487,2014,0.0011931670014746487
route,parallel_fixed_exact_calls,2,c104C10,134,0.0006545204887515865,2014,0.001309040977503173
route,parallel_fixed_exact_calls,2,c104C10,135,0.0006952914918656461,2014,0.0013905829837312922
route,parallel_fixed_exact_calls,55,c104C10,140,0.002390995455260219,2014,0.13150475003931206
route,parallel_fixed_exact_calls,3,c104C10,15,0.0003493610032213231,2014,0.0010480830096639693
route,parallel_fixed_exact_calls,2,c104C10,157,0.0006499160081148148,2014,0.0012998320162296295
route,parallel_fixed_exact_calls,2,c104C10,24,0.00029841700597899035,2014,0.0005968340119579807
route,parallel_fixed_exact_calls,2,c104C10,266,0.0006150205008452758,2014,0.0012300410016905516
route,parallel_fixed_exact_calls,2,c104C10,288,0.0007503330052713864,2014,0.0015006660105427727
route,parallel_fixed_exact_calls,2,c104C10,292,0.0005847290012752637,2014,0.0011694580025505275
route,parallel_fixed_exact_calls,6,c104C10,30,0.0001338333289216583,2014,0.0008029999735299498
route,parallel_fixed_exact_calls,1,c104C10,300,0.001278541996725835,2014,0.001278541996725835
route,parallel_fixed_exact_calls,2,c104C10,362,0.0006712920076097362,2014,0.0013425840152194723
route,parallel_fixed_exact_calls,4,c104C10,415,0.0003087602563027758,2014,0.0012350410252111033
route,parallel_fixed_exact_calls,1,c104C10,513,0.0012399999977787957,2014,0.0012399999977787957
route,parallel_fixed_exact_calls,1,c104C10,569,0.0006282079993980005,2014,0.0006282079993980005
route,parallel_fixed_exact_calls,60,c104C10,570,0.002191823000127139,2014,0.13150938000762835
route,parallel_fixed_exact_calls,1,c104C10,572,0.0014311249979073182,2014,0.0014311249979073182
route,parallel_fixed_exact_calls,8,c104C10,585,0.00012395337762427516,2014,0.0009916270209942013
route,parallel_fixed_exact_calls,1,c104C10,608,0.0007087920093908906,2014,0.0007087920093908906
operator,serial_wall_clock,1,c104C10,ejection_chain,0.0009881250007310882,2014,0.0009881250007310882
operator,serial_wall_clock,119,c104C10,energy,0.00013310917613523066,2014,0.015839991960092448
operator,serial_wall_clock,112,c104C10,greedy,0.00014122134871286107,2014,0.01581679105584044
operator,serial_wall_clock,4,c104C10,initial_solution,0.0006342085034702905,2014,0.002536834013881162
operator,serial_wall_clock,117,c104C10,regret2,0.00013834223102451835,2014,0.016186041029868647
operator,serial_wall_clock,112,c104C10,route_elimination,1.3622028226174215e-05,2014,0.001525667161331512
operator,serial_wall_clock,171,c104C10,route_merge,1.0550678408111049e-05,2014,0.0018041660077869892
operator,serial_wall_clock,2,c104C10,route_segment_destroy,0.00018208350229542702,2014,0.00036416700459085405
operator,serial_wall_clock,2,c104C10,shaw_related,3.1249510357156396e-07,2014,6.249902071431279e-07
operator,serial_wall_clock,16,c104C10,standard,3.073137122555636e-07,2014,4.917019396089017e-06
operator,serial_wall_clock,1630,c104C10,vehicle_count_aware_repair,1.5410333600443748e-06,2014,0.002511884376872331
route,serial_wall_clock,19,c104C10,100,5.6473683032795396e-05,2014,0.0010729999776231125
route,serial_wall_clock,2,c104C10,102,0.00042727100662887096,2014,0.0008545420132577419
route,serial_wall_clock,6,c104C10,109,0.00012617349905970818,2014,0.000757040994358249
route,serial_wall_clock,14,c104C10,134,7.611014215009553e-05,2014,0.0010655419901013374
route,serial_wall_clock,40,c104C10,135,2.6415625325171276e-05,2014,0.001056625013006851
route,serial_wall_clock,2,c104C10,137,0.0005259585013845935,2014,0.001051917002769187
route,serial_wall_clock,906,c104C10,140,1.5793359836113226e-06,2014,0.0014308784011518583
route,serial_wall_clock,1,c104C10,144,0.001317333008046262,2014,0.001317333008046262
route,serial_wall_clock,5,c104C10,15,6.26998022198677e-05,2014,0.00031349901109933853
route,serial_wall_clock,2,c104C10,155,0.0005322085053194314,2014,0.0010644170106388628
route,serial_wall_clock,2,c104C10,157,0.0005277710006339476,2014,0.001055542001267895
route,serial_wall_clock,2,c104C10,160,0.0004436250019352883,2014,0.0008872500038705766
route,serial_wall_clock,3,c104C10,162,0.0004591250035446137,2014,0.0013773750106338412
route,serial_wall_clock,2,c104C10,163,0.0005502920030266978,2014,0.0011005840060533956
route,serial_wall_clock,2,c104C10,181,0.00048541700380155817,2014,0.0009708340076031163
route,serial_wall_clock,5,c104C10,186,0.0001592668006196618,2014,0.000796334003098309
route,serial_wall_clock,2,c104C10,192,0.0005390625010477379,2014,0.0010781250020954758
route,serial_wall_clock,11,c104C10,20,3.679154377261346e-05,2014,0.00040470698149874806
route,serial_wall_clock,1,c104C10,222,0.0012702079984592274,2014,0.0012702079984592274
route,serial_wall_clock,4,c104C10,228,0.00017976075105252676,2014,0.000719043004210107
route,serial_wall_clock,2,c104C10,229,0.00036379150697030127,2014,0.0007275830139406025
route,serial_wall_clock,2,c104C10,231,0.0003660834991023876,2014,0.0007321669982047752
route,serial_wall_clock,2,c104C10,24,0.00012793749920092523,2014,0.00025587499840185046
route,serial_wall_clock,4,c104C10,266,0.00021055199977126904,2014,0.0008422079990850762
route,serial_wall_clock,1,c104C10,268,0.0008490829932270572,2014,0.0008490829932270572
route,serial_wall_clock,2,c104C10,273,0.0003677709973999299,2014,0.0007355419947998598
route,serial_wall_clock,2,c104C10,276,0.00042908349860226735,2014,0.0008581669972045347
route,serial_wall_clock,2,c104C10,281,0.0004684375016950071,2014,0.0009368750033900142
route,serial_wall_clock,20,c104C10,285,4.448749969014898e-05,2014,0.0008897499938029796
route,serial_wall_clock,2,c104C10,286,0.00048362449888372794,2014,0.0009672489977674559
route,serial_wall_clock,4,c104C10,288,0.0002637292564031668,2014,0.0010549170256126672
route,serial_wall_clock,11,c104C10,292,8.049245463387871e-05,2014,0.0008854170009726658
route,serial_wall_clock,106,c104C10,30,3.8132450943109844e-06,2014,0.00040420397999696434
route,serial_wall_clock,1,c104C10,300,0.0011247499933233485,2014,0.0011247499933233485
route,serial_wall_clock,1,c104C10,310,0.0008003749971976504,2014,0.0008003749971976504
route,serial_wall_clock,1,c104C10,337,0.0007855419971747324,2014,0.0007855419971747324
route,serial_wall_clock,4,c104C10,35,0.0001409267497365363,2014,0.0005637069989461452
route,serial_wall_clock,2,c104C10,360,0.0005769374984083697,2014,0.0011538749968167394
route,serial_wall_clock,4,c104C10,362,0.00027119800142827444,2014,0.0010847920057130978
route,serial_wall_clock,6,c104C10,365,0.00023488883501462018,2014,0.001409333010087721
route,serial_wall_clock,2,c104C10,367,0.00045779200445394963,2014,0.0009155840089078993
route,serial_wall_clock,2,c104C10,380,0.00043064600322395563,2014,0.0008612920064479113
route,serial_wall_clock,2,c104C10,391,0.0005318545008776709,2014,0.0010637090017553419
route,serial_wall_clock,1,c104C10,4,0.0011869169975398108,2014,0.0011869169975398108
route,serial_wall_clock,3,c104C10,409,0.0003278753380679215,2014,0.0009836260142037645
route,serial_wall_clock,10,c104C10,415,8.412090101046487e-05,2014,0.0008412090101046488
route,serial_wall_clock,2,c104C10,458,0.00040349950722884387,2014,0.0008069990144576877
route,serial_wall_clock,1,c104C10,467,0.0008049579919315875,2014,0.0008049579919315875
route,serial_wall_clock,2,c104C10,474,0.0003969375029555522,2014,0.0007938750059111044
route,serial_wall_clock,2,c104C10,513,0.0004943124949932098,2014,0.0009886249899864197
route,serial_wall_clock,2,c104C10,520,0.000561729000764899,2014,0.001123458001529798
route,serial_wall_clock,8,c104C10,533,3.52967490471201e-05,2014,0.0002823739923769608
route,serial_wall_clock,7,c104C10,569,4.023171329338636e-05,2014,0.0002816219930537045
route,serial_wall_clock,928,c104C10,570,1.6602513259668144e-06,2014,0.0015407132304972038
route,serial_wall_clock,1,c104C10,572,0.0007798330043442547,2014,0.0007798330043442547
route,serial_wall_clock,4,c104C10,573,0.00014982299762777984,2014,0.0005992919905111194
route,serial_wall_clock,2,c104C10,577,0.0002913959979196079,2014,0.0005827919958392158
route,serial_wall_clock,5,c104C10,581,0.00011629999789875001,2014,0.00058149998949375
route,serial_wall_clock,52,c104C10,585,2.180530729954346e-05,2014,0.0011338759795762599
route,serial_wall_clock,4,c104C10,587,0.00012737500219373032,2014,0.0005095000087749213
route,serial_wall_clock,4,c104C10,604,0.00021842675414518453,2014,0.0008737070165807381
route,serial_wall_clock,9,c104C10,608,4.137044177494115e-05,2014,0.0003723339759744704
route,serial_wall_clock,2,c104C10,609,0.0003368124962435104,2014,0.0006736249924870208
route,serial_wall_clock,3,c104C10,631,0.00013291633028226593,2014,0.0003987489908467978
route,serial_wall_clock,12,c104C10,632,4.3611165892798454e-05,2014,0.0005233339907135814
route,serial_wall_clock,5,c104C10,92,0.00012917479616589845,2014,0.0006458739808294922
route,serial_wall_clock,1,c104C10,93,0.0007236250094138086,2014,0.0007236250094138086
operator,parallel_wall_clock,1,c104C10,ejection_chain,0.0012439590063877404,2014,0.0012439590063877404
operator,parallel_wall_clock,119,c104C10,energy,0.00019425106713716567,2014,0.023115876989322715
operator,parallel_wall_clock,112,c104C10,greedy,0.00018600930317396496,2014,0.020833041955484077
operator,parallel_wall_clock,4,c104C10,initial_solution,0.06205926075563184,2014,0.24823704302252736
operator,parallel_wall_clock,117,c104C10,regret2,0.00021393591442053867,2014,0.025030501987203024
operator,parallel_wall_clock,112,c104C10,route_elimination,2.723211673583137e-05,2014,0.0030499970744131133
operator,parallel_wall_clock,171,c104C10,route_merge,1.4118882313463292e-05,2014,0.002414328875602223
operator,parallel_wall_clock,2,c104C10,route_segment_destroy,0.00041074999899137765,2014,0.0008214999979827553
operator,parallel_wall_clock,2,c104C10,shaw_related,2.710003172978759e-07,2014,5.420006345957518e-07
operator,parallel_wall_clock,16,c104C10,standard,2.603128450573422e-07,2014,4.165005520917475e-06
operator,parallel_wall_clock,1630,c104C10,vehicle_count_aware_repair,1.8851183147021095e-06,2014,0.0030727428529644385
route,parallel_wall_clock,19,c104C10,100,6.396284228877018e-05,2014,0.0012152940034866333
route,parallel_wall_clock,2,c104C10,102,0.000771791506849695,2014,0.00154358301369939
route,parallel_wall_clock,6,c104C10,109,0.0002525831660022959,2014,0.0015154989960137755
route,parallel_wall_clock,14,c104C10,134,9.082149855592954e-05,2014,0.0012715009797830135
route,parallel_wall_clock,40,c104C10,135,3.634374952525832e-05,2014,0.0014537499810103327
route,parallel_wall_clock,2,c104C10,137,0.0006729795059072785,2014,0.001345959011814557
route,parallel_wall_clock,906,c104C10,140,0.0001371781963384227,2014,0.12428344588261098
route,parallel_wall_clock,1,c104C10,144,0.0017559580010129139,2014,0.0017559580010129139
route,parallel_wall_clock,5,c104C10,15,0.00013335820112843068,2014,0.0006667910056421533
route,parallel_wall_clock,2,c104C10,155,0.000677166499372106,2014,0.001354332998744212
route,parallel_wall_clock,2,c104C10,157,0.0006736254945280962,2014,0.0013472509890561923
route,parallel_wall_clock,2,c104C10,160,0.00060897899675183,2014,0.00121795799350366
route,parallel_wall_clock,3,c104C10,162,0.00041922199792073417,2014,0.0012576659937622026
route,parallel_wall_clock,2,c104C10,163,0.0007437915046466514,2014,0.001487583009293303
route,parallel_wall_clock,2,c104C10,181,0.0006037084967829287,2014,0.0012074169935658574
route,parallel_wall_clock,5,c104C10,186,0.0002280413988046348,2014,0.001140206994023174
route,parallel_wall_clock,2,c104C10,192,0.0006899165018694475,2014,0.001379833003738895
route,parallel_wall_clock,11,c104C10,20,6.807954659135166e-05,2014,0.0007488750125048682
route,parallel_wall_clock,1,c104C10,222,0.0010453750001033768,2014,0.0010453750001033768
route,parallel_wall_clock,4,c104C10,228,0.0002473124986863695,2014,0.000989249994745478
route,parallel_wall_clock,2,c104C10,229,0.000559291998797562,2014,0.001118583997595124
route,parallel_wall_clock,2,c104C10,231,0.0005092915016575716,2014,0.0010185830033151433
route,parallel_wall_clock,2,c104C10,24,0.00027989600494038314,2014,0.0005597920098807663
route,parallel_wall_clock,4,c104C10,266,0.0002950732487079222,2014,0.0011802929948316887
route,parallel_wall_clock,1,c104C10,268,0.0011632499954430386,2014,0.0011632499954430386
route,parallel_wall_clock,2,c104C10,273,0.0005278125026961789,2014,0.0010556250053923577
route,parallel_wall_clock,2,c104C10,276,0.0005597295021289028,2014,0.0011194590042578056
route,parallel_wall_clock,2,c104C10,281,0.0006288540025707334,2014,0.0012577080051414669
route,parallel_wall_clock,20,c104C10,285,5.867280196980573e-05,2014,0.0011734560393961146
route,parallel_wall_clock,2,c104C10,286,0.0006977090015425347,2014,0.0013954180030850694
route,parallel_wall_clock,4,c104C10,288,0.00036994799302192405,2014,0.0014797919720876962
route,parallel_wall_clock,11,c104C10,292,0.0001229618183887479,2014,0.0013525800022762269
route,parallel_wall_clock,106,c104C10,30,8.042132699387676e-06,2014,0.0008524660661350936
route,parallel_wall_clock,1,c104C10,300,0.001249791996087879,2014,0.001249791996087879
route,parallel_wall_clock,1,c104C10,310,0.0016095000028144568,2014,0.0016095000028144568
route,parallel_wall_clock,1,c104C10,337,0.0011325419909553602,2014,0.0011325419909553602
route,parallel_wall_clock,4,c104C10,35,0.00024873975053196773,2014,0.000994959002127871
route,parallel_wall_clock,2,c104C10,360,0.0006063959954190068,2014,0.0012127919908380136
route,parallel_wall_clock,4,c104C10,362,0.0004606669972417876,2014,0.0018426679889671504
route,parallel_wall_clock,6,c104C10,365,0.0002386318325685958,2014,0.0014317909954115748
route,parallel_wall_clock,2,c104C10,367,0.0006355420046020299,2014,0.0012710840092040598
route,parallel_wall_clock,2,c104C10,380,0.0007990414960659109,2014,0.0015980829921318218
route,parallel_wall_clock,2,c104C10,391,0.0005803745007142425,2014,0.001160749001428485
route,parallel_wall_clock,1,c104C10,4,0.0012342500122031197,2014,0.0012342500122031197
route,parallel_wall_clock,3,c104C10,409,0.0004910416610073298,2014,0.0014731249830219895
route,parallel_wall_clock,10,c104C10,415,0.00016202509868890047,2014,0.0016202509868890047
route,parallel_wall_clock,2,c104C10,458,0.0005595830007223412,2014,0.0011191660014446825
route,parallel_wall_clock,1,c104C10,467,0.0011773330043070018,2014,0.0011773330043070018
route,parallel_wall_clock,2,c104C10,474,0.0006477084971265867,2014,0.0012954169942531735
route,parallel_wall_clock,2,c104C10,513,0.0006222709998837672,2014,0.0012445419997675344
route,parallel_wall_clock,2,c104C10,520,0.000736021000193432,2014,0.001472042000386864
route,parallel_wall_clock,8,c104C10,533,0.00011582300430745818,2014,0.0009265840344596654
route,parallel_wall_clock,7,c104C10,569,9.220842704442995e-05,2014,0.0006454589893110096
route,parallel_wall_clock,928,c104C10,570,0.0001340577347068104,2014,0.12440557780792005
route,parallel_wall_clock,1,c104C10,572,0.0020081249967915937,2014,0.0020081249967915937
route,parallel_wall_clock,4,c104C10,573,0.000332625255396124,2014,0.001330501021584496
route,parallel_wall_clock,2,c104C10,577,0.00046939549793023616,2014,0.0009387909958604723
route,parallel_wall_clock,5,c104C10,581,0.000178916598088108,2014,0.00089458299044054
route,parallel_wall_clock,52,c104C10,585,2.0798864380384868e-05,2014,0.001081540947780013
route,parallel_wall_clock,4,c104C10,587,0.00028035400100634433,2014,0.0011214160040253773
route,parallel_wall_clock,4,c104C10,604,0.00021638525140588172,2014,0.0008655410056235269
route,parallel_wall_clock,9,c104C10,608,0.00012404189166975103,2014,0.0011163770250277594
route,parallel_wall_clock,2,c104C10,609,0.0005542915023397654,2014,0.0011085830046795309
route,parallel_wall_clock,3,c104C10,631,0.00023955533591409525,2014,0.0007186660077422857
route,parallel_wall_clock,12,c104C10,632,0.00010297208549066757,2014,0.0012356650258880109
route,parallel_wall_clock,5,c104C10,92,0.00026210859941784294,2014,0.0013105429970892146
route,parallel_wall_clock,1,c104C10,93,0.0010211250046268106,2014,0.0010211250046268106
operator,serial_fixed_exact_calls,5,c104C10,energy,0.00013877480232622476,2015,0.0006938740116311237
operator,serial_fixed_exact_calls,15,c104C10,greedy,0.00013486686802934855,2015,0.0020230030204402283
operator,serial_fixed_exact_calls,4,c104C10,initial_solution,0.0005878437514184043,2015,0.002351375005673617
operator,serial_fixed_exact_calls,27,c104C10,regret2,0.00011074221994796837,2015,0.002990039938595146
operator,serial_fixed_exact_calls,23,c104C10,route_elimination,2.8259045591213457e-05,2015,0.0006499580485979095
operator,serial_fixed_exact_calls,27,c104C10,route_merge,2.4285332916338962e-05,2015,0.000655703988741152
operator,serial_fixed_exact_calls,38,c104C10,vehicle_count_aware_repair,1.6525157996894497e-05,2015,0.0006279560038819909
operator,serial_fixed_exact_calls,12,c104C10,worst_energy_detour,5.244170703614751e-07,2015,6.293004844337702e-06
route,serial_fixed_exact_calls,2,c104C10,112,0.00022612450266024098,2015,0.00045224900532048196
route,serial_fixed_exact_calls,2,c104C10,145,0.0003211665025446564,2015,0.0006423330050893128
route,serial_fixed_exact_calls,2,c104C10,147,0.0003440415021032095,2015,0.000688083004206419
route,serial_fixed_exact_calls,2,c104C10,161,0.0003185419991496019,2015,0.0006370839982992038
route,serial_fixed_exact_calls,42,c104C10,164,2.8190383177605415e-05,2015,0.0011839960934594274
route,serial_fixed_exact_calls,9,c104C10,168,7.24211066780198e-05,2015,0.0006517899601021782
route,serial_fixed_exact_calls,15,c104C10,170,4.140826543637862e-05,2015,0.0006211239815456793
route,serial_fixed_exact_calls,1,c104C10,171,0.0006457500130636618,2015,0.0006457500130636618
route,serial_fixed_exact_calls,3,c104C10,230,0.00022058332494149605,2015,0.0006617499748244882
route,serial_fixed_exact_calls,23,c104C10,297,2.459978176098641e-05,2015,0.0005657949805026874
route,serial_fixed_exact_calls,1,c104C10,365,0.0006938330043340102,2015,0.0006938330043340102
route,serial_fixed_exact_calls,43,c104C10,368,2.7620116503216152e-05,2015,0.0011876650096382946
route,serial_fixed_exact_calls,2,c104C10,627,0.00034631249582162127,2015,0.0006926249916432425
route,serial_fixed_exact_calls,4,c104C10,68,0.00016853150009410456,2015,0.0006741260003764182
operator,parallel_fixed_exact_calls,5,c104C10,energy,0.00022746700269635767,2015,0.0011373350134817883
operator,parallel_fixed_exact_calls,15,c104C10,greedy,0.00021620840028238792,2015,0.003243126004235819
operator,parallel_fixed_exact_calls,4,c104C10,initial_solution,0.06561153124494012,2015,0.2624461249797605
operator,parallel_fixed_exact_calls,27,c104C10,regret2,0.00018232407617486187,2015,0.00492275005672127
operator,parallel_fixed_exact_calls,23,c104C10,route_elimination,4.616660842894698e-05,2015,0.0010618319938657805
operator,parallel_fixed_exact_calls,27,c104C10,route_merge,4.225929647132202e-05,2015,0.0011410010047256947
operator,parallel_fixed_exact_calls,38,c104C10,vehicle_count_aware_repair,2.5884895876515657e-05,2015,0.000983626043307595
operator,parallel_fixed_exact_calls,12,c104C10,worst_energy_detour,4.965841071680188e-07,2015,5.959009286016226e-06
route,parallel_fixed_exact_calls,2,c104C10,112,0.0003617705006035976,2015,0.0007235410012071952
route,parallel_fixed_exact_calls,2,c104C10,145,0.0005126460091560148,2015,0.0010252920183120295
route,parallel_fixed_exact_calls,2,c104C10,147,0.0006596875027753413,2015,0.0013193750055506825
route,parallel_fixed_exact_calls,2,c104C10,161,0.0005232705007074401,2015,0.0010465410014148802
route,parallel_fixed_exact_calls,42,c104C10,164,0.0031245734277209045,2015,0.131232083964278
route,parallel_fixed_exact_calls,9,c104C10,168,0.00012622233447877484,2015,0.0011360010103089735
route,parallel_fixed_exact_calls,15,c104C10,170,6.513893410253028e-05,2015,0.0009770840115379542
route,parallel_fixed_exact_calls,1,c104C10,171,0.0010548329883022234,2015,0.0010548329883022234
route,parallel_fixed_exact_calls,3,c104C10,230,0.00043141667750508833,2015,0.001294250032515265
route,parallel_fixed_exact_calls,23,c104C10,297,4.232073969551889e-05,2015,0.0009733770129969344
route,parallel_fixed_exact_calls,1,c104C10,365,0.0008731249981792644,2015,0.0008731249981792644
route,parallel_fixed_exact_calls,43,c104C10,368,0.0030520620480380127,2015,0.13123866806563456
route,parallel_fixed_exact_calls,2,c104C10,627,0.0005680000031134114,2015,0.0011360000062268227
route,parallel_fixed_exact_calls,4,c104C10,68,0.00022789574722992256,2015,0.0009115829889196903
operator,serial_wall_clock,97,c104C10,energy,0.00010233250528828423,2015,0.00992625301296357
operator,serial_wall_clock,141,c104C10,greedy,0.00012373374420026622,2015,0.017446457932237536
operator,serial_wall_clock,4,c104C10,initial_solution,0.0005933855027251411,2015,0.0023735420109005645
operator,serial_wall_clock,117,c104C10,regret2,0.00010659648754741423,2015,0.012471789043047465
operator,serial_wall_clock,121,c104C10,route_elimination,5.935596096260119e-06,2015,0.0007182071276474744
operator,serial_wall_clock,147,c104C10,route_merge,4.920932277403519e-06,2015,0.0007233770447783172
operator,serial_wall_clock,18,c104C10,shaw_related,7.130018073237604e-07,2015,1.2834032531827688e-05
operator,serial_wall_clock,30,c104C10,standard,2.9989945081373057e-07,2015,8.996983524411917e-06
operator,serial_wall_clock,1574,c104C10,vehicle_count_aware_repair,7.30876857740272e-07,2015,0.0011504001740831882
operator,serial_wall_clock,156,c104C10,worst_energy_detour,6.378388020377129e-07,2015,9.95028531178832e-05
route,serial_wall_clock,11,c104C10,112,4.267009022772651e-05,2015,0.0004693709925049916
route,serial_wall_clock,1,c104C10,115,0.0010368750081397593,2015,0.0010368750081397593
route,serial_wall_clock,1,c104C10,116,0.0005686670046998188,2015,0.0005686670046998188
route,serial_wall_clock,3,c104C10,117,0.00020066633199652037,2015,0.0006019989959895611
route,serial_wall_clock,2,c104C10,118,0.0002879585008486174,2015,0.0005759170016972348
route,serial_wall_clock,13,c104C10,141,4.0163307298476306e-05,2015,0.000522122994880192
route,serial_wall_clock,2,c104C10,143,0.00031237500661518425,2015,0.0006247500132303685
route,serial_wall_clock,2,c104C10,145,0.0003652500017778948,2015,0.0007305000035557896
route,serial_wall_clock,12,c104C10,147,6.464233350319167e-05,2015,0.0007757080020383
route,serial_wall_clock,14,c104C10,150,7.152957031004397e-05,2015,0.0010014139843406156
route,serial_wall_clock,2,c104C10,161,0.0003378959954716265,2015,0.000675791990943253
route,serial_wall_clock,780,c104C10,164,1.712105101129661e-06,2015,0.0013354419788811356
route,serial_wall_clock,49,c104C10,168,1.4333449106910552e-05,2015,0.000702339006238617
route,serial_wall_clock,269,c104C10,170,2.8951293386373545e-06,2015,0.0007787897920934483
route,serial_wall_clock,1,c104C10,171,0.0006932499964023009,2015,0.0006932499964023009
route,serial_wall_clock,3,c104C10,230,0.0002081393322441727,2015,0.0006244179967325181
route,serial_wall_clock,2,c104C10,234,0.0003118125023320317,2015,0.0006236250046640635
route,serial_wall_clock,2,c104C10,236,0.0004948749992763624,2015,0.0009897499985527247
route,serial_wall_clock,4,c104C10,238,0.00019334374883328564,2015,0.0007733749953331426
route,serial_wall_clock,2,c104C10,246,0.0004801879986189306,2015,0.0009603759972378612
route,serial_wall_clock,2,c104C10,254,0.00031420849700225517,2015,0.0006284169940045103
route,serial_wall_clock,6,c104C10,255,0.000115347167593427,2015,0.000692083005560562
route,serial_wall_clock,2,c104C10,289,0.000334458498400636,2015,0.000668916996801272
route,serial_wall_clock,286,c104C10,297,2.479181965646966e-06,2015,0.0007090460421750322
route,serial_wall_clock,3,c104C10,298,0.0004299583282166471,2015,0.0012898749846499413
route,serial_wall_clock,2,c104C10,315,0.0006178330077091232,2015,0.0012356660154182464
route,serial_wall_clock,8,c104C10,316,0.00010304687566531356,2015,0.0008243750053225085
route,serial_wall_clock,9,c104C10,342,6.127788381288863e-05,2015,0.0005515009543159977
route,serial_wall_clock,2,c104C10,343,0.0003461250016698614,2015,0.0006922500033397228
route,serial_wall_clock,2,c104C10,349,0.0002870625030482188,2015,0.0005741250060964376
route,serial_wall_clock,6,c104C10,359,9.774983724734436e-05,2015,0.0005864990234840661
route,serial_wall_clock,4,c104C10,361,0.000199791495106183,2015,0.000799165980424732
route,serial_wall_clock,12,c104C10,365,4.898616922825264e-05,2015,0.0005878340307390317
route,serial_wall_clock,2,c104C10,366,0.00040295850340044126,2015,0.0008059170068008825
route,serial_wall_clock,757,c104C10,368,1.9068062712058249e-06,2015,0.0014434523473028094
route,serial_wall_clock,2,c104C10,42,0.000301583502732683,2015,0.000603167005465366
route,serial_wall_clock,2,c104C10,420,0.0004237915054545738,2015,0.0008475830109091476
route,serial_wall_clock,1,c104C10,442,0.0004557089996524155,2015,0.0004557089996524155
route,serial_wall_clock,2,c104C10,447,0.00048535451060160995,2015,0.0009707090212032199
route,serial_wall_clock,8,c104C10,451,0.00010659375038812868,2015,0.0008527500031050295
route,serial_wall_clock,2,c104C10,461,0.0002878540035453625,2015,0.000575708007090725
route,serial_wall_clock,2,c104C10,48,0.0002745419988059439,2015,0.0005490839976118878
route,serial_wall_clock,2,c104C10,480,0.0002517709945095703,2015,0.0005035419890191406
route,serial_wall_clock,21,c104C10,484,4.683928411742229e-05,2015,0.000983624966465868
route,serial_wall_clock,11,c104C10,502,4.474609423513439e-05,2015,0.0004922070365864784
route,serial_wall_clock,4,c104C10,517,0.00022066675228415988,2015,0.0008826670091366395
route,serial_wall_clock,2,c104C10,562,0.00038779199530836195,2015,0.0007755839906167239
route,serial_wall_clock,2,c104C10,574,0.00030677100585307926,2015,0.0006135420117061585
route,serial_wall_clock,2,c104C10,587,0.00027141700411448255,2015,0.0005428340082289651
route,serial_wall_clock,2,c104C10,590,0.0004713755042757839,2015,0.0009427510085515678
route,serial_wall_clock,9,c104C10,598,0.00013293067038628377,2015,0.0011963760334765539
route,serial_wall_clock,2,c104C10,61,0.0003076459906878881,2015,0.0006152919813757762
route,serial_wall_clock,17,c104C10,627,4.123776521095458e-05,2015,0.0007010420085862279
route,serial_wall_clock,2,c104C10,629,0.0004690415007644333,2015,0.0009380830015288666
route,serial_wall_clock,2,c104C10,631,0.0006609999982174486,2015,0.0013219999964348972
route,serial_wall_clock,7,c104C10,68,8.414285756381494e-05,2015,0.0005890000029467046
route,serial_wall_clock,2,c104C10,75,0.0003308125014882535,2015,0.000661625002976507
route,serial_wall_clock,3,c104C10,77,0.000183514329061533,2015,0.000550542987184599
route,serial_wall_clock,18,c104C10,79,3.4018498910073606e-05,2015,0.0006123329803813249
operator,parallel_wall_clock,97,c104C10,energy,0.00023272160810332016,2015,0.022573995986022055
operator,parallel_wall_clock,141,c104C10,greedy,0.00017395151753460736,2015,0.02452716397237964
operator,parallel_wall_clock,4,c104C10,initial_solution,0.06330414575495524,2015,0.253216583019821
operator,parallel_wall_clock,117,c104C10,regret2,0.00016738102524083617,2015,0.019583579953177832
operator,parallel_wall_clock,121,c104C10,route_elimination,9.324074860408224e-06,2015,0.0011282130581093952
operator,parallel_wall_clock,147,c104C10,route_merge,7.8600202132726e-06,2015,0.0011554229713510722
operator,parallel_wall_clock,18,c104C10,shaw_related,4.2355370371499e-07,2015,7.623966666869819e-06
operator,parallel_wall_clock,30,c104C10,standard,2.388987923040986e-07,2015,7.166963769122958e-06
operator,parallel_wall_clock,1574,c104C10,vehicle_count_aware_repair,9.438727139625485e-07,2015,0.0014856556517770514
operator,parallel_wall_clock,156,c104C10,worst_energy_detour,4.804491114695198e-07,2015,7.495006138924509e-05
route,parallel_wall_clock,11,c104C10,112,7.955672944345596e-05,2015,0.0008751240238780156
route,parallel_wall_clock,1,c104C10,115,0.0009403750009369105,2015,0.0009403750009369105
route,parallel_wall_clock,1,c104C10,116,0.0009962080075638369,2015,0.0009962080075638369
route,parallel_wall_clock,3,c104C10,117,0.002483499997955126,2015,0.007450499993865378
route,parallel_wall_clock,2,c104C10,118,0.0004770834930241108,2015,0.0009541669860482216
route,parallel_wall_clock,13,c104C10,141,6.359607729022033e-05,2015,0.0008267490047728643
route,parallel_wall_clock,2,c104C10,143,0.0005281455014483072,2015,0.0010562910028966144
route,parallel_wall_clock,2,c104C10,145,0.00047774999984540045,2015,0.0009554999996908009
route,parallel_wall_clock,12,c104C10,147,7.985074868580948e-05,2015,0.0009582089842297137
route,parallel_wall_clock,14,c104C10,150,0.0001050832839350083,2015,0.0014711659750901163
route,parallel_wall_clock,2,c104C10,161,0.00046156250027706847,2015,0.0009231250005541369
route,parallel_wall_clock,780,c104C10,164,0.00016249475248071414,2015,0.12674590693495702
route,parallel_wall_clock,49,c104C10,168,2.3175245067769928e-05,2015,0.0011355870083207265
route,parallel_wall_clock,269,c104C10,170,4.082401384786464e-06,2015,0.0010981659725075588
route,parallel_wall_clock,1,c104C10,171,0.0011035830102628097,2015,0.0011035830102628097
route,parallel_wall_clock,3,c104C10,230,0.00036266666332570213,2015,0.0010879999899771065
route,parallel_wall_clock,2,c104C10,234,0.0005076665038359351,2015,0.0010153330076718703
route,parallel_wall_clock,2,c104C10,236,0.0005107709948788397,2015,0.0010215419897576794
route,parallel_wall_clock,4,c104C10,238,0.000301051746646408,2015,0.001204206986585632
route,parallel_wall_clock,2,c104C10,246,0.0006457295021391474,2015,0.0012914590042782947
route,parallel_wall_clock,2,c104C10,254,0.0004937080011586659,2015,0.0009874160023173317
route,parallel_wall_clock,6,c104C10,255,0.00017774983037573597,2015,0.0010664989822544158
route,parallel_wall_clock,2,c104C10,289,0.00045922900608275086,2015,0.0009184580121655017
route,parallel_wall_clock,286,c104C10,297,5.375269230152317e-06,2015,0.0015373269998235628
route,parallel_wall_clock,3,c104C10,298,0.00041720832814462483,2015,0.0012516249844338745
route,parallel_wall_clock,2,c104C10,315,0.0007580414894619025,2015,0.001516082978923805
route,parallel_wall_clock,8,c104C10,316,0.00014740624465048313,2015,0.001179249957203865
route,parallel_wall_clock,9,c104C10,342,9.673622520899193e-05,2015,0.0008706260268809274
route,parallel_wall_clock,2,c104C10,343,0.0007696250031585805,2015,0.001539250006317161
route,parallel_wall_clock,2,c104C10,349,0.00042839650996029377,2015,0.0008567930199205875
route,parallel_wall_clock,6,c104C10,359,0.00014072883156283447,2015,0.0008443729893770069
route,parallel_wall_clock,4,c104C10,361,0.0002724685036810115,2015,0.001089874014724046
route,parallel_wall_clock,12,c104C10,365,8.155224956378031e-05,2015,0.0009786269947653636
route,parallel_wall_clock,2,c104C10,366,0.0005363119998946786,2015,0.0010726239997893572
route,parallel_wall_clock,757,c104C10,368,0.00016760969990258482,2015,0.12688054282625671
route,parallel_wall_clock,2,c104C10,42,0.0006529170059366152,2015,0.0013058340118732303
route,parallel_wall_clock,2,c104C10,420,0.0005824169929837808,2015,0.0011648339859675616
route,parallel_wall_clock,1,c104C10,442,0.001120625005569309,2015,0.001120625005569309
route,parallel_wall_clock,2,c104C10,447,0.0005156249972060323,2015,0.0010312499944120646
route,parallel_wall_clock,8,c104C10,451,0.00020164600027783308,2015,0.0016131680022226647
route,parallel_wall_clock,2,c104C10,461,0.0004592080003931187,2015,0.0009184160007862374
route,parallel_wall_clock,2,c104C10,48,0.0004384995045256801,2015,0.0008769990090513602
route,parallel_wall_clock,2,c104C10,480,0.0004315000041970052,2015,0.0008630000083940104
route,parallel_wall_clock,21,c104C10,484,5.5551522694128964e-05,2015,0.0011665819765767083
route,parallel_wall_clock,11,c104C10,502,7.878763691141185e-05,2015,0.0008666640060255304
route,parallel_wall_clock,4,c104C10,517,0.0002574792524683289,2015,0.0010299170098733157
route,parallel_wall_clock,2,c104C10,562,0.0008119159974739887,2015,0.0016238319949479774
route,parallel_wall_clock,2,c104C10,574,0.0005002709949621931,2015,0.0010005419899243861
route,parallel_wall_clock,2,c104C10,587,0.0005364794997149147,2015,0.0010729589994298294
route,parallel_wall_clock,2,c104C10,590,0.0006575624938705005,2015,0.001315124987741001
route,parallel_wall_clock,9,c104C10,598,0.00021511111279121705,2015,0.0019360000151209533
route,parallel_wall_clock,2,c104C10,61,0.0005200204977882095,2015,0.001040040995576419
route,parallel_wall_clock,17,c104C10,627,6.716182414332733e-05,2015,0.0011417510104365647
route,parallel_wall_clock,2,c104C10,629,0.0006165629965835251,2015,0.0012331259931670502
route,parallel_wall_clock,2,c104C10,631,0.0007965629993123002,2015,0.0015931259986246005
route,parallel_wall_clock,7,c104C10,68,0.00019220842555764,2015,0.0013454589789034799
route,parallel_wall_clock,2,c104C10,75,0.00042637449951143935,2015,0.0008527489990228787
route,parallel_wall_clock,3,c104C10,77,0.0003369856713106856,2015,0.0010109570139320567
route,parallel_wall_clock,18,c104C10,79,5.204632988251332e-05,2015,0.0009368339378852397
operator,serial_fixed_exact_calls,1,c104C10,ejection_chain,0.0008731670095585287,2016,0.0008731670095585287
operator,serial_fixed_exact_calls,24,c104C10,greedy,0.0001263975846086396,2016,0.00303354203060735
operator,serial_fixed_exact_calls,4,c104C10,initial_solution,0.000789271252870094,2016,0.003157085011480376
operator,serial_fixed_exact_calls,15,c104C10,regret2,0.00011667226887463281,2016,0.0017500840331194922
operator,serial_fixed_exact_calls,15,c104C10,route_elimination,4.2425065961045526e-05,2016,0.0006363759894156829
operator,serial_fixed_exact_calls,24,c104C10,route_merge,2.6755209546536207e-05,2016,0.000642125029116869
operator,serial_fixed_exact_calls,50,c104C10,vehicle_count_aware_repair,1.296246104175225e-05,2016,0.0006481230520876125
operator,serial_fixed_exact_calls,10,c104C10,worst_energy_detour,4.250992788001895e-07,2016,4.250992788001895e-06
route,serial_fixed_exact_calls,3,c104C10,123,0.00018768033866460124,2016,0.0005630410159938037
route,serial_fixed_exact_calls,1,c104C10,124,0.0008731670095585287,2016,0.0008731670095585287
route,serial_fixed_exact_calls,2,c104C10,155,0.0003029375002370216,2016,0.0006058750004740432
route,serial_fixed_exact_calls,2,c104C10,157,0.0002667500011739321,2016,0.0005335000023478642
route,serial_fixed_exact_calls,43,c104C10,171,3.688955892061511e-05,2016,0.00158625103358645
route,serial_fixed_exact_calls,8,c104C10,176,7.987500066519715e-05,2016,0.0006390000053215772
route,serial_fixed_exact_calls,12,c104C10,178,5.314583298362171e-05,2016,0.0006377499958034605
route,serial_fixed_exact_calls,1,c104C10,179,0.0006335000070976093,2016,0.0006335000070976093
route,serial_fixed_exact_calls,18,c104C10,595,3.114122389686397e-05,2016,0.0005605420301435515
route,serial_fixed_exact_calls,2,c104C10,643,0.00028022950573358685,2016,0.0005604590114671737
route,serial_fixed_exact_calls,45,c104C10,651,3.536022300573273e-05,2016,0.0015912100352579728
route,serial_fixed_exact_calls,2,c104C10,71,0.0002878334926208481,2016,0.0005756669852416962
route,serial_fixed_exact_calls,2,c104C10,793,0.0003885415062541142,2016,0.0007770830125082284
route,serial_fixed_exact_calls,2,c104C10,855,0.000303854001685977,2016,0.000607708003371954
operator,parallel_fixed_exact_calls,1,c104C10,ejection_chain,0.0010485000093467534,2016,0.0010485000093467534
operator,parallel_fixed_exact_calls,24,c104C10,greedy,0.00018161983462050557,2016,0.004358876030892134
operator,parallel_fixed_exact_calls,4,c104C10,initial_solution,0.06710774974999367,2016,0.2684309989999747
operator,parallel_fixed_exact_calls,15,c104C10,regret2,0.00019527213298715652,2016,0.0029290819948073477
operator,parallel_fixed_exact_calls,15,c104C10,route_elimination,6.884719963030269e-05,2016,0.0010327079944545403
operator,parallel_fixed_exact_calls,24,c104C10,route_merge,4.6558998898641825e-05,2016,0.0011174159735674039
operator,parallel_fixed_exact_calls,50,c104C10,vehicle_count_aware_repair,2.3141619167290627e-05,2016,0.0011570809583645314
operator,parallel_fixed_exact_calls,10,c104C10,worst_energy_detour,5.000023520551622e-07,2016,5.000023520551622e-06
route,parallel_fixed_exact_calls,3,c104C10,123,0.0002879163318236048,2016,0.0008637489954708144
route,parallel_fixed_exact_calls,1,c104C10,124,0.0010485000093467534,2016,0.0010485000093467534
route,parallel_fixed_exact_calls,2,c104C10,155,0.0004659584956243634,2016,0.0009319169912487268
route,parallel_fixed_exact_calls,2,c104C10,157,0.0005031039981986396,2016,0.0010062079963972792
route,parallel_fixed_exact_calls,43,c104C10,171,0.00312151939562132,2016,0.13422533401171677
route,parallel_fixed_exact_calls,8,c104C10,176,0.00013913012480770703,2016,0.0011130409984616563
route,parallel_fixed_exact_calls,12,c104C10,178,9.554141676441456e-05,2016,0.0011464970011729747
route,parallel_fixed_exact_calls,1,c104C10,179,0.0010295419924659654,2016,0.0010295419924659654
route,parallel_fixed_exact_calls,18,c104C10,595,5.1451386954997564e-05,2016,0.0009261249651899561
route,parallel_fixed_exact_calls,2,c104C10,643,0.00042383350228192285,2016,0.0008476670045638457
route,parallel_fixed_exact_calls,45,c104C10,651,0.0029828490446864937,2016,0.13422820701089222
route,parallel_fixed_exact_calls,2,c104C10,71,0.00048525000602239743,2016,0.0009705000120447949
route,parallel_fixed_exact_calls,2,c104C10,793,0.00037735450314357877,2016,0.0007547090062871575
route,parallel_fixed_exact_calls,2,c104C10,855,0.0004938329948345199,2016,0.0009876659896690398
operator,serial_wall_clock,1,c104C10,ejection_chain,0.0008535410015610978,2016,0.0008535410015610978
operator,serial_wall_clock,158,c104C10,energy,8.60282097268213e-05,2016,0.013592457136837766
operator,serial_wall_clock,183,c104C10,greedy,0.00012455351437286785,2016,0.022793293130234815
operator,serial_wall_clock,4,c104C10,initial_solution,0.0007073542474245187,2016,0.0028294169896980748
operator,serial_wall_clock,110,c104C10,regret2,0.0001355469360450198,2016,0.014910162964952178
operator,serial_wall_clock,120,c104C10,route_elimination,2.727811673442678e-05,2016,0.0032733740081312135
operator,serial_wall_clock,186,c104C10,route_merge,2.111490911013016e-05,2016,0.00392737309448421
operator,serial_wall_clock,28,c104C10,shaw_related,3.0131001819557112e-05,2016,0.0008436680509475991
operator,serial_wall_clock,30,c104C10,standard,2.888671588152647e-07,2016,8.666014764457941e-06
operator,serial_wall_clock,1562,c104C10,vehicle_count_aware_repair,5.1681512345025665e-06,2016,0.008072652228293009
operator,serial_wall_clock,164,c104C10,worst_energy_detour,4.6469527083767076e-07,2016,7.621002441737801e-05
route,serial_wall_clock,4,c104C10,119,0.0001228854998771567,2016,0.0004915419995086268
route,serial_wall_clock,1,c104C10,121,0.0005726660019718111,2016,0.0005726660019718111
route,serial_wall_clock,3,c104C10,123,0.00020095833072749278,2016,0.0006028749921824783
route,serial_wall_clock,3,c104C10,124,0.0002848606673069298,2016,0.0008545820019207895
route,serial_wall_clock,65,c104C10,126,5.50061589680039e-06,2016,0.00035754003329202533
route,serial_wall_clock,11,c104C10,150,4.3947004914199084e-05,2016,0.00048341705405618995
route,serial_wall_clock,4,c104C10,153,0.00016521825455129147,2016,0.0006608730182051659
route,serial_wall_clock,15,c104C10,155,4.1641531667361656e-05,2016,0.0006246229750104249
route,serial_wall_clock,16,c104C10,157,3.330218532937579e-05,2016,0.0005328349652700126
route,serial_wall_clock,2,c104C10,168,0.00032704200566513464,2016,0.0006540840113302693
route,serial_wall_clock,2,c104C10,17,0.00040247899596579373,2016,0.0008049579919315875
route,serial_wall_clock,1,c104C10,170,0.0006985840009292588,2016,0.0006985840009292588
route,serial_wall_clock,544,c104C10,171,2.7882500784043634e-06,2016,0.0015168080426519737
route,serial_wall_clock,1,c104C10,175,0.0006108330126153305,2016,0.0006108330126153305
route,serial_wall_clock,30,c104C10,176,2.2034833091311156e-05,2016,0.0006610449927393347
route,serial_wall_clock,203,c104C10,178,4.892226731808388e-06,2016,0.0009931220265571028
route,serial_wall_clock,1,c104C10,179,0.000959541997872293,2016,0.000959541997872293
route,serial_wall_clock,2,c104C10,256,0.000494791500386782,2016,0.000989583000773564
route,serial_wall_clock,12,c104C10,259,7.644449700213347e-05,2016,0.0009173339640256017
route,serial_wall_clock,1,c104C10,260,0.0006841669965069741,2016,0.0006841669965069741
route,serial_wall_clock,1,c104C10,265,0.0008427499997196719,2016,0.0008427499997196719
route,serial_wall_clock,2,c104C10,267,0.0005392919993028045,2016,0.001078583998605609
route,serial_wall_clock,2,c104C10,269,0.00028602100064745173,2016,0.0005720420012949035
route,serial_wall_clock,2,c104C10,277,0.0005765835085185245,2016,0.001153167017037049
route,serial_wall_clock,1,c104C10,284,0.0007767920033074915,2016,0.0007767920033074915
route,serial_wall_clock,3,c104C10,285,0.00014818066847510636,2016,0.0004445420054253191
route,serial_wall_clock,36,c104C10,289,1.933786350289463e-05,2016,0.0006961630861042067
route,serial_wall_clock,8,c104C10,291,9.668199709267356e-05,2016,0.0007734559767413884
route,serial_wall_clock,1,c104C10,293,0.0010505419922992587,2016,0.0010505419922992587
route,serial_wall_clock,17,c104C10,294,6.053676599335364e-05,2016,0.0010291250218870118
route,serial_wall_clock,2,c104C10,296,0.0005272499984130263,2016,0.0010544999968260527
route,serial_wall_clock,312,c104C10,297,3.817071186718889e-06,2016,0.0011909262102562934
route,serial_wall_clock,2,c104C10,307,0.0004945210021105595,2016,0.000989042004221119
route,serial_wall_clock,4,c104C10,308,0.00025580199508112855,2016,0.0010232079803245142
route,serial_wall_clock,3,c104C10,310,0.0002955276674280564,2016,0.0008865830022841692
route,serial_wall_clock,2,c104C10,311,0.000459687493275851,2016,0.000919374986551702
route,serial_wall_clock,4,c104C10,313,0.0002272812489536591,2016,0.0009091249958146363
route,serial_wall_clock,2,c104C10,320,0.0003077294968534261,2016,0.0006154589937068522
route,serial_wall_clock,135,c104C10,323,6.209896269461347e-06,2016,0.0008383359963772818
route,serial_wall_clock,6,c104C10,333,0.00014762499874147275,2016,0.0008857499924488366
route,serial_wall_clock,9,c104C10,334,9.771299988238348e-05,2016,0.0008794169989414513
route,serial_wall_clock,1,c104C10,345,0.0007485420064767823,2016,0.0007485420064767823
route,serial_wall_clock,1,c104C10,348,0.0007558330107713118,2016,0.0007558330107713118
route,serial_wall_clock,2,c104C10,356,0.0002986040053656325,2016,0.000597208010731265
route,serial_wall_clock,2,c104C10,359,0.0002961249992949888,2016,0.0005922499985899776
route,serial_wall_clock,2,c104C10,367,0.00032910449954215437,2016,0.0006582089990843087
route,serial_wall_clock,2,c104C10,410,0.00041727149800863117,2016,0.0008345429960172623
route,serial_wall_clock,2,c104C10,413,0.0006608545008930378,2016,0.0013217090017860755
route,serial_wall_clock,4,c104C10,416,0.0002314272460353095,2016,0.000925708984141238
route,serial_wall_clock,1,c104C10,418,0.0008132500079227611,2016,0.0008132500079227611
route,serial_wall_clock,1,c104C10,420,0.0006590410048374906,2016,0.0006590410048374906
route,serial_wall_clock,2,c104C10,471,0.0006207080004969612,2016,0.0012414160009939224
route,serial_wall_clock,4,c104C10,480,0.0002096247517329175,2016,0.00083849900693167
route,serial_wall_clock,2,c104C10,488,0.0003135209990432486,2016,0.0006270419980864972
route,serial_wall_clock,4,c104C10,489,0.00017526049850857817,2016,0.0007010419940343127
route,serial_wall_clock,4,c104C10,516,0.00017554174701217562,2016,0.0007021669880487025
route,serial_wall_clock,2,c104C10,52,0.00029508349689422175,2016,0.0005901669937884435
route,serial_wall_clock,3,c104C10,524,0.00035045833404486376,2016,0.0010513750021345913
route,serial_wall_clock,7,c104C10,530,0.00013366685431849743,2016,0.0009356679802294821
route,serial_wall_clock,10,c104C10,543,5.88165974477306e-05,2016,0.000588165974477306
route,serial_wall_clock,8,c104C10,546,9.003150262287818e-05,2016,0.0007202520209830254
route,serial_wall_clock,2,c104C10,58,0.00028756249957950786,2016,0.0005751249991590157
route,serial_wall_clock,186,c104C10,595,3.3503439294935393e-06,2016,0.0006231639708857983
route,serial_wall_clock,7,c104C10,611,9.633913993768926e-05,2016,0.0006743739795638248
route,serial_wall_clock,3,c104C10,631,0.00018640233611222357,2016,0.0005592070083366707
route,serial_wall_clock,3,c104C10,643,0.00018320800154469907,2016,0.0005496240046340972
route,serial_wall_clock,5,c104C10,648,0.00013334200193639844,2016,0.0006667100096819922
route,serial_wall_clock,2,c104C10,649,0.00038175000372575596,2016,0.0007635000074515119
route,serial_wall_clock,380,c104C10,651,4.010011003916397e-06,2016,0.0015238041814882308
route,serial_wall_clock,2,c104C10,66,0.0001552915055071935,2016,0.000310583011014387
route,serial_wall_clock,2,c104C10,697,0.0003457910061115399,2016,0.0006915820122230798
route,serial_wall_clock,4,c104C10,702,0.00020730225151055492,2016,0.0008292090060422197
route,serial_wall_clock,8,c104C10,71,7.222387466754299e-05,2016,0.0005777909973403439
route,serial_wall_clock,2,c104C10,72,0.00037162500666454434,2016,0.0007432500133290887
route,serial_wall_clock,2,c104C10,737,0.00046074949932517484,2016,0.0009214989986503497
route,serial_wall_clock,2,c104C10,755,0.00026658350543584675,2016,0.0005331670108716935
route,serial_wall_clock,4,c104C10,76,9.618725016480312e-05,2016,0.00038474900065921247
route,serial_wall_clock,2,c104C10,762,0.0003128954995190725,2016,0.000625790999038145
route,serial_wall_clock,2,c104C10,793,0.00025274950166931376,2016,0.0005054990033386275
route,serial_wall_clock,2,c104C10,798,0.0003116040024906397,2016,0.0006232080049812794
route,serial_wall_clock,7,c104C10,82,8.539299804916871e-05,2016,0.000597750986344181
route,serial_wall_clock,2,c104C10,84,0.00012906250776723027,2016,0.00025812501553446054
route,serial_wall_clock,5,c104C10,851,4.939999780617654e-05,2016,0.0002469999890308827
route,serial_wall_clock,2,c104C10,855,0.0004652290008380078,2016,0.0009304580016760156
route,serial_wall_clock,1,c104C10,876,0.0004575000057229772,2016,0.0004575000057229772
route,serial_wall_clock,312,c104C10,882,1.3116699474033876e-06,2016,0.0004092410235898569
route,serial_wall_clock,1,c104C10,884,0.0007828750094631687,2016,0.0007828750094631687
route,serial_wall_clock,1,c104C10,885,0.0008189169893739745,2016,0.0008189169893739745
route,serial_wall_clock,17,c104C10,895,4.269370572942802e-05,2016,0.0007257929974002764
route,serial_wall_clock,2,c104C10,905,0.0004364795022411272,2016,0.0008729590044822544
route,serial_wall_clock,6,c104C10,914,0.00020009033566263193,2016,0.0012005420139757916
route,serial_wall_clock,4,c104C10,936,0.00014975000522099435,2016,0.0005990000208839774
route,serial_wall_clock,3,c104C10,949,0.00023033333127386868,2016,0.000690999993821606
route,serial_wall_clock,24,c104C10,957,3.0243002280864555e-05,2016,0.0007258320547407493
operator,parallel_wall_clock,1,c104C10,ejection_chain,0.0009682920062914491,2016,0.0009682920062914491
operator,parallel_wall_clock,158,c104C10,energy,0.00013916381679716979,2016,0.021987883053952828
operator,parallel_wall_clock,183,c104C10,greedy,0.00018588929466363755,2016,0.03401774092344567
operator,parallel_wall_clock,4,c104C10,initial_solution,0.062319135751749855,2016,0.24927654300699942
operator,parallel_wall_clock,110,c104C10,regret2,0.00020500267326662485,2016,0.022550294059328735
operator,parallel_wall_clock,120,c104C10,route_elimination,4.119619115954265e-05,2016,0.004943542939145118
operator,parallel_wall_clock,186,c104C10,route_merge,3.128515636881373e-05,2016,0.005819039084599353
operator,parallel_wall_clock,28,c104C10,shaw_related,3.9846787071188115e-05,2016,0.0011157100379932672
operator,parallel_wall_clock,30,c104C10,standard,2.2500074313332636e-07,2016,6.750022293999791e-06
operator,parallel_wall_clock,1562,c104C10,vehicle_count_aware_repair,7.152385321337248e-06,2016,0.011172025871928781
operator,parallel_wall_clock,164,c104C10,worst_energy_detour,4.786339648090666e-07,2016,7.849597022868693e-05
route,parallel_wall_clock,4,c104C10,119,0.00026628124760463834,2016,0.0010651249904185534
route,parallel_wall_clock,1,c104C10,121,0.0009368750033900142,2016,0.0009368750033900142
route,parallel_wall_clock,3,c104C10,123,0.0002910416660597548,2016,0.0008731249981792644
route,parallel_wall_clock,3,c104C10,124,0.0003230693400837481,2016,0.0009692080202512443
route,parallel_wall_clock,65,c104C10,126,1.2084631285128686e-05,2016,0.0007855010335333645
route,parallel_wall_clock,11,c104C10,150,6.796945341524075e-05,2016,0.0007476639875676483
route,parallel_wall_clock,4,c104C10,153,0.0002677292468433734,2016,0.0010709169873734936
route,parallel_wall_clock,15,c104C10,155,6.41416700091213e-05,2016,0.0009621250501368195
route,parallel_wall_clock,16,c104C10,157,5.2492124268610496e-05,2016,0.0008398739882977679
route,parallel_wall_clock,2,c104C10,168,0.0004986874992027879,2016,0.0009973749984055758
route,parallel_wall_clock,2,c104C10,17,0.0005322500001057051,2016,0.0010645000002114102
route,parallel_wall_clock,1,c104C10,170,0.0009990830003516749,2016,0.0009990830003516749
route,parallel_wall_clock,544,c104C10,171,0.00022929871513898594,2016,0.12473850103560835
route,parallel_wall_clock,1,c104C10,175,0.0012601250055013224,2016,0.0012601250055013224
route,parallel_wall_clock,30,c104C10,176,5.089723320755487e-05,2016,0.001526916996226646
route,parallel_wall_clock,203,c104C10,178,7.136882092973465e-06,2016,0.0014487870648736134
route,parallel_wall_clock,1,c104C10,179,0.0011273749987594783,2016,0.0011273749987594783
route,parallel_wall_clock,2,c104C10,256,0.000471187500806991,2016,0.000942375001613982
route,parallel_wall_clock,12,c104C10,259,8.275699777489838e-05,2016,0.0009930839732987806
route,parallel_wall_clock,1,c104C10,260,0.0010273340012645349,2016,0.0010273340012645349
route,parallel_wall_clock,1,c104C10,265,0.0011946669983444735,2016,0.0011946669983444735
route,parallel_wall_clock,2,c104C10,267,0.0007089999999152496,2016,0.0014179999998304993
route,parallel_wall_clock,2,c104C10,269,0.0007446250019711442,2016,0.0014892500039422885
route,parallel_wall_clock,2,c104C10,277,0.000568604504223913,2016,0.001137209008447826
route,parallel_wall_clock,1,c104C10,284,0.0010392500116722658,2016,0.0010392500116722658
route,parallel_wall_clock,3,c104C10,285,0.00024009699700400233,2016,0.000720290991012007
route,parallel_wall_clock,36,c104C10,289,3.36574177910936e-05,2016,0.0012116670404793695
route,parallel_wall_clock,8,c104C10,291,0.0001322396237810608,2016,0.0010579169902484864
route,parallel_wall_clock,1,c104C10,293,0.0013367089995881543,2016,0.0013367089995881543
route,parallel_wall_clock,17,c104C10,294,8.050723323215018e-05,2016,0.0013686229649465531
route,parallel_wall_clock,2,c104C10,296,0.0008819790018606,2016,0.0017639580037212
route,parallel_wall_clock,312,c104C10,297,4.523785043066033e-06,2016,0.0014114209334366024
route,parallel_wall_clock,2,c104C10,307,0.0007145630006561987,2016,0.0014291260013123974
route,parallel_wall_clock,4,c104C10,308,0.0003706874995259568,2016,0.0014827499981038272
route,parallel_wall_clock,3,c104C10,310,0.0003889726698010539,2016,0.0011669180094031617
route,parallel_wall_clock,2,c104C10,311,0.0006373334981617518,2016,0.0012746669963235036
route,parallel_wall_clock,4,c104C10,313,0.0003157190039928537,2016,0.0012628760159714147
route,parallel_wall_clock,2,c104C10,320,0.0007107284982339479,2016,0.0014214569964678958
route,parallel_wall_clock,135,c104C10,323,7.946859006080087e-06,2016,0.0010728259658208117
route,parallel_wall_clock,6,c104C10,333,0.00018968083168147132,2016,0.001138084990088828
route,parallel_wall_clock,9,c104C10,334,0.0001320327767947068,2016,0.001188294991152361
route,parallel_wall_clock,1,c104C10,345,0.001022209005896002,2016,0.001022209005896002
route,parallel_wall_clock,1,c104C10,348,0.0010242499993182719,2016,0.0010242499993182719
route,parallel_wall_clock,2,c104C10,356,0.0004603540073730983,2016,0.0009207080147461966
route,parallel_wall_clock,2,c104C10,359,0.0004877085011685267,2016,0.0009754170023370534
route,parallel_wall_clock,2,c104C10,367,0.0004852085039601661,2016,0.0009704170079203323
route,parallel_wall_clock,2,c104C10,410,0.0006904370020492934,2016,0.0013808740040985867
route,parallel_wall_clock,2,c104C10,413,0.0007146460047806613,2016,0.0014292920095613226
route,parallel_wall_clock,4,c104C10,416,0.00030768724900553934,2016,0.0012307489960221574
route,parallel_wall_clock,1,c104C10,418,0.0016666250012349337,2016,0.0016666250012349337
route,parallel_wall_clock,1,c104C10,420,0.0010628339950926602,2016,0.0010628339950926602
route,parallel_wall_clock,2,c104C10,471,0.0007741669978713617,2016,0.0015483339957427233
route,parallel_wall_clock,4,c104C10,480,0.00033335425177938305,2016,0.0013334170071175322
route,parallel_wall_clock,2,c104C10,488,0.0005088959951535799,2016,0.0010177919903071597
route,parallel_wall_clock,4,c104C10,489,0.000283572753687622,2016,0.001134291014750488
route,parallel_wall_clock,4,c104C10,516,0.00021355250282795168,2016,0.0008542100113118067
route,parallel_wall_clock,2,c104C10,52,0.0004644584987545386,2016,0.0009289169975090772
route,parallel_wall_clock,3,c104C10,524,0.00041311066403674584,2016,0.0012393319921102375
route,parallel_wall_clock,7,c104C10,530,0.00017582171338809921,2016,0.0012307519937166944
route,parallel_wall_clock,10,c104C10,543,9.179599874187261e-05,2016,0.0009179599874187261
route,parallel_wall_clock,8,c104C10,546,0.0001334529988525901,2016,0.0010676239908207208
route,parallel_wall_clock,2,c104C10,58,0.000496812499477528,2016,0.000993624998955056
route,parallel_wall_clock,186,c104C10,595,5.456988708496655e-06,2016,0.0010149998997803777
route,parallel_wall_clock,7,c104C10,611,0.00014686885905185982,2016,0.0010280820133630186
route,parallel_wall_clock,3,c104C10,631,0.000350611003038163,2016,0.001051833009114489
route,parallel_wall_clock,3,c104C10,643,0.000296402329695411,2016,0.0008892069890862331
route,parallel_wall_clock,5,c104C10,648,0.00027542440220713617,2016,0.0013771220110356808
route,parallel_wall_clock,2,c104C10,649,0.0004936670011375099,2016,0.0009873340022750199
route,parallel_wall_clock,380,c104C10,651,0.00032829037085512505,2016,0.12475034092494752
route,parallel_wall_clock,2,c104C10,66,0.0003287499930593185,2016,0.000657499986118637
route,parallel_wall_clock,2,c104C10,697,0.0005004380000173114,2016,0.0010008760000346228
route,parallel_wall_clock,4,c104C10,702,0.00027618775129667483,2016,0.0011047510051866993
route,parallel_wall_clock,8,c104C10,71,0.00011841662308142986,2016,0.0009473329846514389
route,parallel_wall_clock,2,c104C10,72,0.000617354002315551,2016,0.001234708004631102
route,parallel_wall_clock,2,c104C10,737,0.0008098965045064688,2016,0.0016197930090129375
route,parallel_wall_clock,2,c104C10,755,0.000417709001339972,2016,0.000835418002679944
route,parallel_wall_clock,4,c104C10,76,0.00018445825480739586,2016,0.0007378330192295834
route,parallel_wall_clock,2,c104C10,762,0.0004567084979498759,2016,0.0009134169958997518
route,parallel_wall_clock,2,c104C10,793,0.00041172899364028126,2016,0.0008234579872805625
route,parallel_wall_clock,2,c104C10,798,0.0004780414965352975,2016,0.000956082993070595
route,parallel_wall_clock,7,c104C10,82,0.00013608343059396638,2016,0.0009525840141577646
route,parallel_wall_clock,2,c104C10,84,0.0002893335040425882,2016,0.0005786670080851763
route,parallel_wall_clock,5,c104C10,851,0.00010650000185705722,2016,0.0005325000092852861
route,parallel_wall_clock,2,c104C10,855,0.0006170210035634227,2016,0.0012340420071268454
route,parallel_wall_clock,1,c104C10,876,0.0007214999932330102,2016,0.0007214999932330102
route,parallel_wall_clock,312,c104C10,882,2.403621972637036e-06,2016,0.0007499300554627553
route,parallel_wall_clock,1,c104C10,884,0.0011438329966040328,2016,0.0011438329966040328
route,parallel_wall_clock,1,c104C10,885,0.0016143749962793663,2016,0.0016143749962793663
route,parallel_wall_clock,17,c104C10,895,6.31347656428047e-05,2016,0.0010732910159276798
route,parallel_wall_clock,2,c104C10,905,0.0007147290016291663,2016,0.0014294580032583326
route,parallel_wall_clock,6,c104C10,914,0.000262965001941969,2016,0.001577790011651814
route,parallel_wall_clock,4,c104C10,936,0.0002236774962511845,2016,0.000894709985004738
route,parallel_wall_clock,3,c104C10,949,0.0003496113301177199,2016,0.0010488339903531596
route,parallel_wall_clock,24,c104C10,957,6.430220795058024e-05,2016,0.0015432529908139259
operator,serial_fixed_exact_calls,9,c106C15,energy,9.743533317103154e-05,2014,0.0008769179985392839
operator,serial_fixed_exact_calls,65,c106C15,greedy,5.326721562036815e-05,2014,0.0034623690153239295
operator,serial_fixed_exact_calls,6,c106C15,initial_solution,0.0008619101669561738,2014,0.005171461001737043
operator,serial_fixed_exact_calls,32,c106C15,regret2,8.002215781743871e-05,2014,0.0025607090501580387
operator,serial_fixed_exact_calls,1,c106C15,relocate,2.500019036233425e-07,2014,2.500019036233425e-07
operator,serial_fixed_exact_calls,30,c106C15,route_elimination,5.518046770400057e-05,2014,0.0016554140311200172
operator,serial_fixed_exact_calls,36,c106C15,route_merge,8.312499024517214e-06,2014,0.0002992499648826197
operator,serial_fixed_exact_calls,3,c106C15,shaw_related,0.0002408473325582842,2014,0.0007225419976748526
operator,serial_fixed_exact_calls,3,c106C15,standard,2.0800022563586632e-07,2014,6.24000676907599e-07
operator,serial_fixed_exact_calls,1,c106C15,swap,2.9199873097240925e-07,2014,2.9199873097240925e-07
operator,serial_fixed_exact_calls,1,c106C15,two_opt_star,2.9099464882165194e-07,2014,2.9099464882165194e-07
operator,serial_fixed_exact_calls,66,c106C15,vehicle_count_aware_repair,2.941369805767229e-07,2014,1.9413040718063712e-05
route,serial_fixed_exact_calls,3,c106C15,1084,0.0002186110020071889,2014,0.0006558330060215667
route,serial_fixed_exact_calls,39,c106C15,1100,1.8748922276501664e-05,2014,0.0007312079687835649
route,serial_fixed_exact_calls,1,c106C15,1131,0.0010974999895552173,2014,0.0010974999895552173
route,serial_fixed_exact_calls,4,c106C15,1137,0.00020002074597869068,2014,0.0008000829839147627
route,serial_fixed_exact_calls,1,c106C15,156,0.00025437500153202564,2014,0.00025437500153202564
route,serial_fixed_exact_calls,4,c106C15,194,0.00012615625382750295,2014,0.0005046250153100118
route,serial_fixed_exact_calls,57,c106C15,209,3.0451755217080445e-05,2014,0.0017357500473735854
route,serial_fixed_exact_calls,1,c106C15,23,0.0002985829924000427,2014,0.0002985829924000427
route,serial_fixed_exact_calls,9,c106C15,25,3.271299970543219e-05,2014,0.0002944169973488897
route,serial_fixed_exact_calls,83,c106C15,3,2.1068192562593304e-05,2014,0.0017486599826952443
route,serial_fixed_exact_calls,1,c106C15,500,0.0015703749959357083,2014,0.0015703749959357083
route,serial_fixed_exact_calls,1,c106C15,55,0.0005582910089287907,2014,0.0005582910089287907
route,serial_fixed_exact_calls,7,c106C15,592,8.526171482766845e-05,2014,0.0005968320037936792
route,serial_fixed_exact_calls,2,c106C15,609,0.00024025050515774637,2014,0.00048050101031549275
route,serial_fixed_exact_calls,1,c106C15,70,0.0008382079977309331,2014,0.0008382079977309331
route,serial_fixed_exact_calls,32,c106C15,882,5.402997157943901e-05,2014,0.0017289590905420482
route,serial_fixed_exact_calls,1,c106C15,902,0.0007323750032810494,2014,0.0007323750032810494
route,serial_fixed_exact_calls,6,c106C15,92,2.382633344192679e-05,2014,0.00014295800065156072
operator,parallel_fixed_exact_calls,9,c106C15,energy,0.00018976844472086264,2014,0.0017079160024877638
operator,parallel_fixed_exact_calls,65,c106C15,greedy,7.984360048654848e-05,2014,0.005189834031625651
operator,parallel_fixed_exact_calls,6,c106C15,initial_solution,0.06894995149680956,2014,0.4136997089808574
operator,parallel_fixed_exact_calls,32,c106C15,regret2,0.00010903387556027155,2014,0.0034890840179286897
operator,parallel_fixed_exact_calls,1,c106C15,relocate,7.920025382190943e-07,2014,7.920025382190943e-07
operator,parallel_fixed_exact_calls,30,c106C15,route_elimination,0.00010193743316146234,2014,0.0030581229948438704
operator,parallel_fixed_exact_calls,36,c106C15,route_merge,1.870713943693166e-05,2014,0.0006734570197295398
operator,parallel_fixed_exact_calls,3,c106C15,shaw_related,0.000449999997120661,2014,0.0013499999913619831
operator,parallel_fixed_exact_calls,3,c106C15,standard,1.943311265980204e-07,2014,5.829933797940612e-07
operator,parallel_fixed_exact_calls,1,c106C15,swap,2.4998735170811415e-07,2014,2.4998735170811415e-07
operator,parallel_fixed_exact_calls,1,c106C15,two_opt_star,5.830079317092896e-07,2014,5.830079317092896e-07
operator,parallel_fixed_exact_calls,66,c106C15,vehicle_count_aware_repair,2.5193973366792005e-07,2014,1.6628022422082722e-05
route,parallel_fixed_exact_calls,3,c106C15,1084,0.00032716665979630005,2014,0.0009814999793889
route,parallel_fixed_exact_calls,39,c106C15,1100,3.484497443796733e-05,2014,0.0013589540030807257
route,parallel_fixed_exact_calls,1,c106C15,1131,0.001044208009261638,2014,0.001044208009261638
route,parallel_fixed_exact_calls,4,c106C15,1137,0.00032098975134431385,2014,0.0012839590053772554
route,parallel_fixed_exact_calls,1,c106C15,156,0.0007867079984862357,2014,0.0007867079984862357
route,parallel_fixed_exact_calls,4,c106C15,194,0.00023462525496142916,2014,0.0009385010198457167
route,parallel_fixed_exact_calls,57,c106C15,209,0.0024195029466666214,2014,0.13791166795999743
route,parallel_fixed_exact_calls,1,c106C15,23,0.0008912500052247196,2014,0.0008912500052247196
route,parallel_fixed_exact_calls,9,c106C15,25,7.43103317088551e-05,2014,0.0006687929853796959
route,parallel_fixed_exact_calls,83,c106C15,3,0.0016617299164841737,2014,0.13792358306818642
route,parallel_fixed_exact_calls,1,c106C15,500,0.0016285000019706786,2014,0.0016285000019706786
route,parallel_fixed_exact_calls,1,c106C15,55,0.00115666700003203,2014,0.00115666700003203
route,parallel_fixed_exact_calls,7,c106C15,592,0.0001392084252854277,2014,0.0009744589769979939
route,parallel_fixed_exact_calls,2,c106C15,609,0.000458416499895975,2014,0.00091683299979195
route,parallel_fixed_exact_calls,1,c106C15,70,0.0011094999936176464,2014,0.0011094999936176464
route,parallel_fixed_exact_calls,32,c106C15,882,0.0043095286573588965,2014,0.1379049170354847
route,parallel_fixed_exact_calls,1,c106C15,902,0.001037000009091571,2014,0.001037000009091571
route,parallel_fixed_exact_calls,6,c106C15,92,0.00011165983354051907,2014,0.0006699590012431145
operator,serial_wall_clock,171,c106C15,energy,6.90967317708708e-05,2014,0.011815541132818907
operator,serial_wall_clock,213,c106C15,greedy,6.120562004942028e-05,2014,0.013036797070526518
operator,serial_wall_clock,6,c106C15,initial_solution,0.0008348405026481487,2014,0.005009043015888892
operator,serial_wall_clock,251,c106C15,regret2,3.688129037757779e-05,2014,0.009257203884772025
operator,serial_wall_clock,1,c106C15,relocate,2.0899460650980473e-07,2014,2.0899460650980473e-07
operator,serial_wall_clock,171,c106C15,route_elimination,8.287759683617766e-06,2014,0.001417206905898638
operator,serial_wall_clock,180,c106C15,route_merge,1.8965056773999498e-06,2014,0.000341371021931991
operator,serial_wall_clock,18,c106C15,shaw_related,3.9914388455347056e-05,2014,0.000718458992196247
operator,serial_wall_clock,9,c106C15,standard,2.2200078496502505e-07,2014,1.9980070646852255e-06
operator,serial_wall_clock,1,c106C15,swap,2.500019036233425e-07,2014,2.500019036233425e-07
operator,serial_wall_clock,1,c106C15,two_opt_star,2.500019036233425e-07,2014,2.500019036233425e-07
operator,serial_wall_clock,2454,c106C15,vehicle_count_aware_repair,3.5900421061658567e-07,2014,0.0008809963328531012
route,serial_wall_clock,3,c106C15,1066,0.00030277766442547244,2014,0.0009083329932764173
route,serial_wall_clock,12,c106C15,1084,5.528449886090433e-05,2014,0.0006634139863308519
route,serial_wall_clock,1,c106C15,1087,0.0011594590032473207,2014,0.0011594590032473207
route,serial_wall_clock,955,c106C15,1100,9.109277682895748e-07,2014,0.0008699360187165439
route,serial_wall_clock,56,c106C15,1102,1.3250054377879548e-05,2014,0.0007420030451612547
route,serial_wall_clock,3,c106C15,1113,0.0003302636663041388,2014,0.0009907909989124164
route,serial_wall_clock,2,c106C15,1114,0.0003932504987460561,2014,0.0007865009974921122
route,serial_wall_clock,4,c106C15,1119,0.00031105225207284093,2014,0.0012442090082913637
route,serial_wall_clock,2,c106C15,1123,0.0003861250006593764,2014,0.0007722500013187528
route,serial_wall_clock,1,c106C15,1127,0.0006348750030156225,2014,0.0006348750030156225
route,serial_wall_clock,4,c106C15,1131,0.0002846142524504103,2014,0.001138457009801641
route,serial_wall_clock,1,c106C15,1134,0.000891542003955692,2014,0.000891542003955692
route,serial_wall_clock,32,c106C15,1137,2.3936188426887384e-05,2014,0.0007659580296603963
route,serial_wall_clock,2,c106C15,1139,0.0005703749993699603,2014,0.0011407499987399206
route,serial_wall_clock,5,c106C15,1146,0.00010226679441984742,2014,0.0005113339720992371
route,serial_wall_clock,2,c106C15,1168,0.00022927099780645221,2014,0.00045854199561290443
route,serial_wall_clock,5,c106C15,1174,8.642500033602118e-05,2014,0.0004321250016801059
route,serial_wall_clock,5,c106C15,12,6.169160187710076e-05,2014,0.00030845800938550383
route,serial_wall_clock,6,c106C15,1230,4.8444499649728336e-05,2014,0.00029066699789837003
route,serial_wall_clock,1,c106C15,156,0.00025983399245887995,2014,0.00025983399245887995
route,serial_wall_clock,26,c106C15,194,1.902573253923597e-05,2014,0.0004946690460201353
route,serial_wall_clock,10,c106C15,2,1.1612502567004412e-05,2014,0.00011612502567004412
route,serial_wall_clock,24,c106C15,202,5.037150185671635e-05,2014,0.0012089160445611924
route,serial_wall_clock,966,c106C15,209,1.913053134222964e-06,2014,0.0018480093276593834
route,serial_wall_clock,1,c106C15,23,0.00031275000947061926,2014,0.00031275000947061926
route,serial_wall_clock,29,c106C15,236,2.725431063324855e-05,2014,0.000790375008364208
route,serial_wall_clock,53,c106C15,24,5.8608486554321815e-06,2014,0.0003106249787379056
route,serial_wall_clock,45,c106C15,25,7.081445397084786e-06,2014,0.00031866504286881536
route,serial_wall_clock,3,c106C15,269,0.00025856900416935485,2014,0.0007757070125080645
route,serial_wall_clock,1,c106C15,278,0.0005217920115683228,2014,0.0005217920115683228
route,serial_wall_clock,1053,c106C15,3,1.911005558130302e-06,2014,0.002012288852711208
route,serial_wall_clock,5,c106C15,300,0.00021602520428132266,2014,0.0010801260214066133
route,serial_wall_clock,2,c106C15,318,0.00031466700602322817,2014,0.0006293340120464563
route,serial_wall_clock,2,c106C15,32,0.00012922899622935802,2014,0.00025845799245871603
route,serial_wall_clock,11,c106C15,361,8.778809172905643e-05,2014,0.0009656690090196207
route,serial_wall_clock,3,c106C15,376,0.0002130136708728969,2014,0.0006390410126186907
route,serial_wall_clock,5,c106C15,390,0.00022689120087306946,2014,0.0011344560043653473
route,serial_wall_clock,6,c106C15,42,6.644433112038921e-05,2014,0.0003986659867223352
route,serial_wall_clock,5,c106C15,470,0.00027348359872121365,2014,0.0013674179936060682
route,serial_wall_clock,2,c106C15,482,0.0004775000052177347,2014,0.0009550000104354694
route,serial_wall_clock,2,c106C15,49,0.00023643749591428787,2014,0.00047287499182857573
route,serial_wall_clock,1,c106C15,500,0.0014332920109154657,2014,0.0014332920109154657
route,serial_wall_clock,1,c106C15,55,0.0005609999934677035,2014,0.0005609999934677035
route,serial_wall_clock,5,c106C15,59,6.334139907266944e-05,2014,0.00031670699536334723
route,serial_wall_clock,12,c106C15,592,4.809050005860627e-05,2014,0.0005770860007032752
route,serial_wall_clock,1,c106C15,594,0.0005644999910145998,2014,0.0005644999910145998
route,serial_wall_clock,4,c106C15,609,0.00011414575055823661,2014,0.00045658300223294646
route,serial_wall_clock,2,c106C15,66,0.0002253955026390031,2014,0.0004507910052780062
route,serial_wall_clock,3,c106C15,672,0.00040083333927517134,2014,0.001202500017825514
route,serial_wall_clock,1,c106C15,70,0.0005685419891960919,2014,0.0005685419891960919
route,serial_wall_clock,8,c106C15,75,3.6765626646229066e-05,2014,0.00029412501316983253
route,serial_wall_clock,1,c106C15,761,0.0006853340019006282,2014,0.0006853340019006282
route,serial_wall_clock,41,c106C15,882,4.089943725309085e-05,2014,0.0016768769273767248
route,serial_wall_clock,4,c106C15,9,7.622924749739468e-05,2014,0.0003049169899895787
route,serial_wall_clock,1,c106C15,902,0.0007458750042133033,2014,0.0007458750042133033
route,serial_wall_clock,19,c106C15,92,7.465000013134589e-06,2014,0.0001418350002495572
route,serial_wall_clock,15,c106C15,955,3.141386453838398e-05,2014,0.0004712079680757597
route,serial_wall_clock,1,c106C15,965,0.0004477499896893278,2014,0.0004477499896893278
operator,parallel_wall_clock,171,c106C15,energy,0.0001018664851370785,2014,0.017419168958440423
operator,parallel_wall_clock,213,c106C15,greedy,8.543368080246126e-05,2014,0.01819737401092425
operator,parallel_wall_clock,6,c106C15,initial_solution,0.06584867383207893,2014,0.3950920429924736
operator,parallel_wall_clock,251,c106C15,regret2,5.973010246022289e-05,2014,0.014992255717515945
operator,parallel_wall_clock,1,c106C15,relocate,3.7500285543501377e-07,2014,3.7500285543501377e-07
operator,parallel_wall_clock,171,c106C15,route_elimination,1.9643508164724064e-05,2014,0.0033590398961678147
operator,parallel_wall_clock,180,c106C15,route_merge,3.803033743881517e-06,2014,0.0006845460738986731
operator,parallel_wall_clock,18,c106C15,shaw_related,6.626861027648879e-05,2014,0.0011928349849767983
operator,parallel_wall_clock,9,c106C15,standard,2.0833653656558857e-07,2014,1.8750288290902972e-06
operator,parallel_wall_clock,1,c106C15,swap,3.3299147617071867e-07,2014,3.3299147617071867e-07
operator,parallel_wall_clock,1,c106C15,two_opt_star,2.9199873097240925e-07,2014,2.9199873097240925e-07
operator,parallel_wall_clock,2454,c106C15,vehicle_count_aware_repair,5.133561145293373e-07,2014,0.001259775905054994
route,parallel_wall_clock,3,c106C15,1066,0.0003339863324072212,2014,0.0010019589972216636
route,parallel_wall_clock,12,c106C15,1084,8.139924830175005e-05,2014,0.0009767909796210006
route,parallel_wall_clock,1,c106C15,1087,0.00106733400025405,2014,0.00106733400025405
route,parallel_wall_clock,955,c106C15,1100,1.3832147787837068e-06,2014,0.00132097011373844
route,parallel_wall_clock,56,c106C15,1102,2.1874212637028124e-05,2014,0.001224955907673575
route,parallel_wall_clock,3,c106C15,1113,0.0003580416669137776,2014,0.0010741250007413328
route,parallel_wall_clock,2,c106C15,1114,0.0005190209994907491,2014,0.0010380419989814982
route,parallel_wall_clock,4,c106C15,1119,0.000281281001662137,2014,0.001125124006648548
route,parallel_wall_clock,2,c106C15,1123,0.0006342710039461963,2014,0.0012685420078923926
route,parallel_wall_clock,1,c106C15,1127,0.0009741669928189367,2014,0.0009741669928189367
route,parallel_wall_clock,4,c106C15,1131,0.00027489575222716667,2014,0.0010995830089086667
route,parallel_wall_clock,1,c106C15,1134,0.0014037079963600263,2014,0.0014037079963600263
route,parallel_wall_clock,32,c106C15,1137,3.660674974526046e-05,2014,0.0011714159918483347
route,parallel_wall_clock,2,c106C15,1139,0.0007037085015326738,2014,0.0014074170030653477
route,parallel_wall_clock,5,c106C15,1146,0.0001747831964166835,2014,0.0008739159820834175
route,parallel_wall_clock,2,c106C15,1168,0.00038908349961275235,2014,0.0007781669992255047
route,parallel_wall_clock,5,c106C15,1174,0.00015070000372361392,2014,0.0007535000186180696
route,parallel_wall_clock,5,c106C15,12,0.00013732499501202257,2014,0.0006866249750601128
route,parallel_wall_clock,6,c106C15,1230,0.00011709716394155596,2014,0.0007025829836493358
route,parallel_wall_clock,1,c106C15,156,0.0006309169984888285,2014,0.0006309169984888285
route,parallel_wall_clock,26,c106C15,194,3.4171460496369175e-05,2014,0.0008884579729055986
route,parallel_wall_clock,10,c106C15,2,4.752499662572518e-05,2014,0.0004752499662572518
route,parallel_wall_clock,24,c106C15,202,5.4147541353207394e-05,2014,0.0012995409924769774
route,parallel_wall_clock,966,c106C15,209,0.00013651295122063832,2014,0.13187151087913662
route,parallel_wall_clock,1,c106C15,23,0.001113999998779036,2014,0.001113999998779036
route,parallel_wall_clock,29,c106C15,236,3.884337864543215e-05,2014,0.0011264579807175323
route,parallel_wall_clock,53,c106C15,24,1.2946508677658747e-05,2014,0.0006861649599159136
route,parallel_wall_clock,45,c106C15,25,1.467784523912188e-05,2014,0.0006605030357604846
route,parallel_wall_clock,3,c106C15,269,0.0003102776681771502,2014,0.0009308330045314506
route,parallel_wall_clock,1,c106C15,278,0.0008691660041222349,2014,0.0008691660041222349
route,parallel_wall_clock,1053,c106C15,3,0.00012542360378723372,2014,0.1320710547879571
route,parallel_wall_clock,5,c106C15,300,0.0002302751992829144,2014,0.001151375996414572
route,parallel_wall_clock,2,c106C15,318,0.0004906039976049215,2014,0.000981207995209843
route,parallel_wall_clock,2,c106C15,32,0.0002997914998559281,2014,0.0005995829997118562
route,parallel_wall_clock,11,c106C15,361,0.00016750763593749568,2014,0.0018425839953124523
route,parallel_wall_clock,3,c106C15,376,0.00030966700190523017,2014,0.0009290010057156906
route,parallel_wall_clock,5,c106C15,390,0.0002324252011021599,2014,0.0011621260055107996
route,parallel_wall_clock,6,c106C15,42,0.00012847916756678993,2014,0.0007708750054007396
route,parallel_wall_clock,5,c106C15,470,0.0003851667977869511,2014,0.0019258339889347553
route,parallel_wall_clock,2,c106C15,482,0.000680729492160026,2014,0.001361458984320052
route,parallel_wall_clock,2,c106C15,49,0.00036027099122293293,2014,0.0007205419824458659
route,parallel_wall_clock,1,c106C15,500,0.00156341701222118,2014,0.00156341701222118
route,parallel_wall_clock,1,c106C15,55,0.0011478750093374401,2014,0.0011478750093374401
route,parallel_wall_clock,5,c106C15,59,0.0002253837970783934,2014,0.001126918985391967
route,parallel_wall_clock,12,c106C15,592,9.786783145197357e-05,2014,0.0011744139774236828
route,parallel_wall_clock,1,c106C15,594,0.0009098750015255064,2014,0.0009098750015255064
route,parallel_wall_clock,4,c106C15,609,0.0002028855014941655,2014,0.000811542005976662
route,parallel_wall_clock,2,c106C15,66,0.0005720209956052713,2014,0.0011440419912105426
route,parallel_wall_clock,3,c106C15,672,0.0005107780016260222,2014,0.0015323340048780665
route,parallel_wall_clock,1,c106C15,70,0.0015472090017283335,2014,0.0015472090017283335
route,parallel_wall_clock,8,c106C15,75,7.655212357349228e-05,2014,0.0006124169885879382
route,parallel_wall_clock,1,c106C15,761,0.0010308339988114312,2014,0.0010308339988114312
route,parallel_wall_clock,41,c106C15,882,0.003212310951245699,2014,0.13170474900107365
route,parallel_wall_clock,4,c106C15,9,0.0001641667513467837,2014,0.0006566670053871349
route,parallel_wall_clock,1,c106C15,902,0.0011022920079994947,2014,0.0011022920079994947
route,parallel_wall_clock,19,c106C15,92,2.3375053914557947e-05,2014,0.000444126024376601
route,parallel_wall_clock,15,c106C15,955,5.3505469501639406e-05,2014,0.0008025820425245911
route,parallel_wall_clock,1,c106C15,965,0.0008712499984540045,2014,0.0008712499984540045
operator,serial_fixed_exact_calls,1,c106C15,ejection_chain,6.659975042566657e-07,2015,6.659975042566657e-07
operator,serial_fixed_exact_calls,33,c106C15,energy,4.203793915538964e-05,2015,0.001387251992127858
operator,serial_fixed_exact_calls,52,c106C15,greedy,5.473151927267631e-05,2015,0.002846039002179168
operator,serial_fixed_exact_calls,6,c106C15,initial_solution,0.0008107289928981724,2015,0.004864373957389034
operator,serial_fixed_exact_calls,35,c106C15,regret2,6.803688385324287e-05,2015,0.0023812909348635003
operator,serial_fixed_exact_calls,1,c106C15,relocate,2.920132828876376e-07,2015,2.920132828876376e-07
operator,serial_fixed_exact_calls,41,c106C15,route_elimination,6.4065853820931985e-06,2015,0.00026267000066582114
operator,serial_fixed_exact_calls,30,c106C15,route_merge,1.737348308476309e-07,2015,5.212044925428927e-06
operator,serial_fixed_exact_calls,1,c106C15,route_segment_destroy,3.33995558321476e-07,2015,3.33995558321476e-07
operator,serial_fixed_exact_calls,2,c106C15,shaw_related,3.1249510357156396e-07,2015,6.249902071431279e-07
operator,serial_fixed_exact_calls,23,c106C15,station_pressure,2.8795709469072195e-07,2015,6.623013177886605e-06
operator,serial_fixed_exact_calls,1,c106C15,swap,2.9099464882165194e-07,2015,2.9099464882165194e-07
operator,serial_fixed_exact_calls,6,c106C15,time_window_conflict,4.3733355899651844e-07,2015,2.6240013539791107e-06
operator,serial_fixed_exact_calls,1,c106C15,two_opt_star,2.500019036233425e-07,2015,2.500019036233425e-07
operator,serial_fixed_exact_calls,67,c106C15,vehicle_count_aware_repair,5.870089047838614e-06,2015,0.00039329596620518714
operator,serial_fixed_exact_calls,10,c106C15,worst_energy_detour,4.624579887604341e-05,2015,0.0004624579887604341
route,serial_fixed_exact_calls,2,c106C15,1049,0.00043993749568471685,2015,0.0008798749913694337
route,serial_fixed_exact_calls,2,c106C15,114,0.0002875414938898757,2015,0.0005750829877797514
route,serial_fixed_exact_calls,2,c106C15,1149,0.00037010449887020513,2015,0.0007402089977404103
route,serial_fixed_exact_calls,2,c106C15,1163,0.0005298334945109673,2015,0.0010596669890219346
route,serial_fixed_exact_calls,61,c106C15,175,2.6732999029889946e-05,2015,0.0016307129408232868
route,serial_fixed_exact_calls,3,c106C15,188,0.00012566700267295042,2015,0.0003770010080188513
route,serial_fixed_exact_calls,2,c106C15,189,0.00016612500621704385,2015,0.0003322500124340877
route,serial_fixed_exact_calls,2,c106C15,204,0.00015579150203848258,2015,0.00031158300407696515
route,serial_fixed_exact_calls,2,c106C15,219,0.00022158349747769535,2015,0.0004431669949553907
route,serial_fixed_exact_calls,15,c106C15,221,3.125253618539621e-05,2015,0.0004687880427809432
route,serial_fixed_exact_calls,1,c106C15,357,0.000255750012001954,2015,0.000255750012001954
route,serial_fixed_exact_calls,93,c106C15,400,1.770293531608918e-05,2015,0.0016463729843962938
route,serial_fixed_exact_calls,5,c106C15,517,4.016659804619849e-05,2015,0.00020083299023099244
route,serial_fixed_exact_calls,1,c106C15,566,0.0011120839917566627,2015,0.0011120839917566627
route,serial_fixed_exact_calls,116,c106C15,883,1.4229921989367696e-05,2015,0.0016506709507666528
route,serial_fixed_exact_calls,1,c106C15,969,0.0009302499965997413,2015,0.0009302499965997413
operator,parallel_fixed_exact_calls,1,c106C15,ejection_chain,7.089984137564898e-07,2015,7.089984137564898e-07
operator,parallel_fixed_exact_calls,33,c106C15,energy,8.22714223018424e-05,2015,0.0027149569359607995
operator,parallel_fixed_exact_calls,52,c106C15,greedy,0.00011006326978811278,2015,0.0057232900289818645
operator,parallel_fixed_exact_calls,6,c106C15,initial_solution,0.06925356283318251,2015,0.4155213769990951
operator,parallel_fixed_exact_calls,35,c106C15,regret2,8.478694196258272e-05,2015,0.0029675429686903954
operator,parallel_fixed_exact_calls,1,c106C15,relocate,3.7500285543501377e-07,2015,3.7500285543501377e-07
operator,parallel_fixed_exact_calls,41,c106C15,route_elimination,1.911580578208242e-05,2015,0.0007837480370653793
operator,parallel_fixed_exact_calls,30,c106C15,route_merge,1.6793298224608103e-07,2015,5.037989467382431e-06
operator,parallel_fixed_exact_calls,1,c106C15,route_segment_destroy,2.9199873097240925e-07,2015,2.9199873097240925e-07
operator,parallel_fixed_exact_calls,2,c106C15,shaw_related,2.2900348994880915e-07,2015,4.580069798976183e-07
operator,parallel_fixed_exact_calls,23,c106C15,station_pressure,2.699595390130644e-07,2015,6.209069397300482e-06
operator,parallel_fixed_exact_calls,1,c106C15,swap,2.9199873097240925e-07,2015,2.9199873097240925e-07
operator,parallel_fixed_exact_calls,6,c106C15,time_window_conflict,2.9149911521623534e-07,2015,1.748994691297412e-06
operator,parallel_fixed_exact_calls,1,c106C15,two_opt_star,2.9199873097240925e-07,2015,2.9199873097240925e-07
operator,parallel_fixed_exact_calls,67,c106C15,vehicle_count_aware_repair,1.2365716280165447e-05,2015,0.000828502990771085
operator,parallel_fixed_exact_calls,10,c106C15,worst_energy_detour,8.72791963047348e-05,2015,0.000872791963047348
route,parallel_fixed_exact_calls,2,c106C15,1049,0.0005558749980991706,2015,0.0011117499961983413
route,parallel_fixed_exact_calls,2,c106C15,114,0.0003380624984856695,2015,0.000676124996971339
route,parallel_fixed_exact_calls,2,c106C15,1149,0.0005347295009414665,2015,0.001069459001882933
route,parallel_fixed_exact_calls,2,c106C15,1163,0.0006081454921513796,2015,0.0012162909843027592
route,parallel_fixed_exact_calls,61,c106C15,175,0.002270753393770333,2015,0.1385159570199903
route,parallel_fixed_exact_calls,3,c106C15,188,0.0002710276651972284,2015,0.0008130829955916852
route,parallel_fixed_exact_calls,2,c106C15,189,0.0003763750064535998,2015,0.0007527500129071996
route,parallel_fixed_exact_calls,2,c106C15,204,0.0003422290028538555,2015,0.000684458005707711
route,parallel_fixed_exact_calls,2,c106C15,219,0.0005318539988365956,2015,0.0010637079976731911
route,parallel_fixed_exact_calls,15,c106C15,221,5.8555666085643074e-05,2015,0.0008783349912846461
route,parallel_fixed_exact_calls,1,c106C15,357,0.0007770000083837658,2015,0.0007770000083837658
route,parallel_fixed_exact_calls,93,c106C15,400,0.0014895739355212157,2015,0.13853037600347307
route,parallel_fixed_exact_calls,5,c106C15,517,0.00020033320179209114,2015,0.0010016660089604557
route,parallel_fixed_exact_calls,1,c106C15,566,0.0021630410046782345,2015,0.0021630410046782345
route,parallel_fixed_exact_calls,116,c106C15,883,0.0011942230600558606,2015,0.13852987496647984
route,parallel_fixed_exact_calls,1,c106C15,969,0.0016437499871244654,2015,0.0016437499871244654
operator,serial_wall_clock,1,c106C15,ejection_chain,7.499911589547992e-07,2015,7.499911589547992e-07
operator,serial_wall_clock,315,c106C15,energy,3.436165727815399e-05,2015,0.010823922042618506
operator,serial_wall_clock,260,c106C15,greedy,5.576377712154331e-05,2015,0.014498582051601261
operator,serial_wall_clock,6,c106C15,initial_solution,0.0008034795027924702,2015,0.004820877016754821
operator,serial_wall_clock,293,c106C15,regret2,4.3951788706205936e-05,2015,0.01287787409091834
operator,serial_wall_clock,1,c106C15,relocate,2.9199873097240925e-07,2015,2.9199873097240925e-07
operator,serial_wall_clock,251,c106C15,route_elimination,1.231059909749969e-06,2015,0.00030899603734724224
operator,serial_wall_clock,195,c106C15,route_merge,1.8844603357884363e-07,2015,3.674697654787451e-05
operator,serial_wall_clock,1,c106C15,route_segment_destroy,3.7500285543501377e-07,2015,3.7500285543501377e-07
operator,serial_wall_clock,95,c106C15,shaw_related,3.245786310320622e-07,2015,3.083496994804591e-05
operator,serial_wall_clock,3,c106C15,standard,3.050032925481598e-07,2015,9.150098776444793e-07
operator,serial_wall_clock,260,c106C15,station_pressure,3.3331508837783566e-07,2015,8.666192297823727e-05
operator,serial_wall_clock,1,c106C15,swap,2.500019036233425e-07,2015,2.500019036233425e-07
operator,serial_wall_clock,249,c106C15,time_window_conflict,3.2477163107519646e-07,2015,8.086813613772392e-05
operator,serial_wall_clock,1,c106C15,two_opt_star,2.090091584250331e-07,2015,2.090091584250331e-07
operator,serial_wall_clock,2221,c106C15,vehicle_count_aware_repair,1.0423510997815712e-06,2015,0.0023150617926148698
operator,serial_wall_clock,211,c106C15,worst_energy_detour,2.606066015010514e-06,2015,0.0005498799291672185
route,serial_wall_clock,14,c106C15,1024,0.00010110700012384248,2015,0.0014154980017337948
route,serial_wall_clock,2,c106C15,1031,0.0004830204925383441,2015,0.0009660409850766882
route,serial_wall_clock,4,c106C15,1037,0.0002628124966577161,2015,0.0010512499866308644
route,serial_wall_clock,2,c106C15,1049,0.0003999995024059899,2015,0.0007999990048119798
route,serial_wall_clock,2,c106C15,114,0.0001538125070510432,2015,0.0003076250141020864
route,serial_wall_clock,2,c106C15,1149,0.00038106249849079177,2015,0.0007621249969815835
route,serial_wall_clock,3,c106C15,1163,0.0002411526656942442,2015,0.0007234579970827326
route,serial_wall_clock,3,c106C15,1191,0.00042734733142424375,2015,0.0012820419942727312
route,serial_wall_clock,9,c106C15,12,2.6444446929316553e-05,2015,0.00023800002236384898
route,serial_wall_clock,7,c106C15,1270,4.139300186320075e-05,2015,0.00028975101304240525
route,serial_wall_clock,19,c106C15,1281,1.584868464545396e-05,2015,0.0003011250082636252
route,serial_wall_clock,2,c106C15,1283,0.0001603960045031272,2015,0.0003207920090062544
route,serial_wall_clock,2,c106C15,1295,0.00017104149446822703,2015,0.00034208298893645406
route,serial_wall_clock,1,c106C15,1309,0.0003311670006951317,2015,0.0003311670006951317
route,serial_wall_clock,4,c106C15,1321,7.454174919985235e-05,2015,0.0002981669967994094
route,serial_wall_clock,1,c106C15,1323,0.00047250000352505594,2015,0.00047250000352505594
route,serial_wall_clock,9,c106C15,1326,2.57778916016428e-05,2015,0.0002320010244147852
route,serial_wall_clock,2,c106C15,1328,0.00025127049593720585,2015,0.0005025409918744117
route,serial_wall_clock,5,c106C15,148,6.517500441987068e-05,2015,0.0003258750220993534
route,serial_wall_clock,674,c106C15,175,2.5503898646754353e-06,2015,0.0017189627687912434
route,serial_wall_clock,77,c106C15,176,9.266842933758707e-06,2015,0.0007135469058994204
route,serial_wall_clock,5,c106C15,186,6.587500392924994e-05,2015,0.0003293750196462497
route,serial_wall_clock,38,c106C15,188,1.2683183549119062e-05,2015,0.00048196097486652434
route,serial_wall_clock,2,c106C15,189,0.00017243750335182995,2015,0.0003448750067036599
route,serial_wall_clock,8,c106C15,197,4.546899799606763e-05,2015,0.000363751983968541
route,serial_wall_clock,4,c106C15,204,8.781224823906086e-05,2015,0.00035124899295624346
route,serial_wall_clock,3,c106C15,210,0.00012462499823110798,2015,0.00037387499469332397
route,serial_wall_clock,2,c106C15,219,0.00045218750165076926,2015,0.0009043750033015385
route,serial_wall_clock,371,c106C15,221,1.8037901045955375e-06,2015,0.0006692061288049445
route,serial_wall_clock,123,c106C15,222,4.721219117594202e-06,2015,0.0005807099514640868
route,serial_wall_clock,13,c106C15,233,3.4442383016889486e-05,2015,0.0004477509792195633
route,serial_wall_clock,2,c106C15,241,0.00020933300402248278,2015,0.00041866600804496557
route,serial_wall_clock,2,c106C15,25,0.0001819794997572899,2015,0.0003639589995145798
route,serial_wall_clock,2,c106C15,264,0.0002752084983512759,2015,0.0005504169967025518
route,serial_wall_clock,15,c106C15,267,8.133333176374436e-06,2015,0.00012199999764561653
route,serial_wall_clock,1,c106C15,28,0.0005314999871188775,2015,0.0005314999871188775
route,serial_wall_clock,2,c106C15,350,6.931250391062349e-05,2015,0.00013862500782124698
route,serial_wall_clock,1,c106C15,357,0.00026945800345856696,2015,0.00026945800345856696
route,serial_wall_clock,9,c106C15,373,4.617099895969861e-05,2015,0.0004155389906372875
route,serial_wall_clock,3,c106C15,38,0.00015781933810406676,2015,0.00047345801431220025
route,serial_wall_clock,37,c106C15,380,6.867080653161817e-06,2015,0.00025408198416698724
route,serial_wall_clock,241,c106C15,395,1.2942821200921576e-06,2015,0.00031192199094220996
route,serial_wall_clock,1088,c106C15,400,1.7679053598840255e-06,2015,0.0019234810315538198
route,serial_wall_clock,3,c106C15,423,0.0002530416677473113,2015,0.0007591250032419339
route,serial_wall_clock,4,c106C15,434,0.00012617724860319868,2015,0.0005047089944127947
route,serial_wall_clock,2,c106C15,480,0.00058870849898085,2015,0.0011774169979617
route,serial_wall_clock,12,c106C15,508,1.0316084323373312e-05,2015,0.00012379301188047975
route,serial_wall_clock,33,c106C15,517,9.571998926923808e-06,2015,0.00031587596458848566
route,serial_wall_clock,1,c106C15,566,0.0014275419962359592,2015,0.0014275419962359592
route,serial_wall_clock,3,c106C15,598,0.0003758749953703955,2015,0.0011276249861111864
route,serial_wall_clock,3,c106C15,603,0.00027404167243124294,2015,0.0008221250172937289
route,serial_wall_clock,2,c106C15,607,0.0004250830097589642,2015,0.0008501660195179284
route,serial_wall_clock,3,c106C15,704,0.0003017223352799192,2015,0.0009051670058397576
route,serial_wall_clock,7,c106C15,708,0.00020058357040397823,2015,0.0014040849928278476
route,serial_wall_clock,3,c106C15,749,0.0002802503392255555,2015,0.0008407510176766664
route,serial_wall_clock,3,c106C15,754,0.00023373600076107928,2015,0.0007012080022832379
route,serial_wall_clock,3,c106C15,857,0.0002644860069267452,2015,0.0007934580207802355
route,serial_wall_clock,17,c106C15,873,5.5345645866028085e-05,2015,0.0009408759797224775
route,serial_wall_clock,1404,c106C15,883,1.326809199281472e-06,2015,0.0018628401157911867
route,serial_wall_clock,1,c106C15,885,0.0011670840031001717,2015,0.0011670840031001717
route,serial_wall_clock,2,c106C15,9,0.0001781250030035153,2015,0.0003562500060070306
route,serial_wall_clock,11,c106C15,903,0.00010134863656606863,2015,0.001114835002226755
route,serial_wall_clock,13,c106C15,927,7.592323191392307e-05,2015,0.000987002014881
route,serial_wall_clock,4,c106C15,957,0.00021409375403891318,2015,0.0008563750161556527
route,serial_wall_clock,7,c106C15,963,0.00022395257214416882,2015,0.0015676680050091818
route,serial_wall_clock,4,c106C15,969,0.00023267700453288853,2015,0.0009307080181315541
route,serial_wall_clock,3,c106C15,980,0.00029387500156493235,2015,0.0008816250046947971
operator,parallel_wall_clock,1,c106C15,ejection_chain,6.249902071431279e-07,2015,6.249902071431279e-07
operator,parallel_wall_clock,315,c106C15,energy,5.930436198555288e-05,2015,0.018680874025449157
operator,parallel_wall_clock,260,c106C15,greedy,8.800224979775242e-05,2015,0.022880584947415628
operator,parallel_wall_clock,6,c106C15,initial_solution,0.06505525649845367,2015,0.39033153899072204
operator,parallel_wall_clock,293,c106C15,regret2,7.777063840755449e-05,2015,0.022786797053413466
operator,parallel_wall_clock,1,c106C15,relocate,3.7500285543501377e-07,2015,3.7500285543501377e-07
operator,parallel_wall_clock,251,c106C15,route_elimination,5.396582110621688e-06,2015,0.0013545421097660437
operator,parallel_wall_clock,195,c106C15,route_merge,1.5533885930497676e-07,2015,3.029107756447047e-05
operator,parallel_wall_clock,1,c106C15,route_segment_destroy,3.7500285543501377e-07,2015,3.7500285543501377e-07
operator,parallel_wall_clock,95,c106C15,shaw_related,2.9956879045226073e-07,2015,2.845903509296477e-05
operator,parallel_wall_clock,3,c106C15,standard,2.0833491968611875e-07,2015,6.250047590583563e-07
operator,parallel_wall_clock,260,c106C15,station_pressure,2.941884584008501e-07,2015,7.648899918422103e-05
operator,parallel_wall_clock,1,c106C15,swap,2.920132828876376e-07,2015,2.920132828876376e-07
operator,parallel_wall_clock,249,c106C15,time_window_conflict,2.7191141913888086e-07,2015,6.770594336558133e-05
operator,parallel_wall_clock,1,c106C15,two_opt_star,3.3300602808594704e-07,2015,3.3300602808594704e-07
operator,parallel_wall_clock,2221,c106C15,vehicle_count_aware_repair,1.3168933768331072e-06,2015,0.002924820189946331
operator,parallel_wall_clock,211,c106C15,worst_energy_detour,4.490967525469395e-06,2015,0.0009475941478740424
route,parallel_wall_clock,14,c106C15,1024,0.00011501778499223292,2015,0.0016102489898912609
route,parallel_wall_clock,2,c106C15,1031,0.0006871875011711381,2015,0.0013743750023422763
route,parallel_wall_clock,4,c106C15,1037,0.0003823647493845783,2015,0.0015294589975383133
route,parallel_wall_clock,2,c106C15,1049,0.0006636874968535267,2015,0.0013273749937070534
route,parallel_wall_clock,2,c106C15,114,0.0003595829984988086,2015,0.0007191659969976172
route,parallel_wall_clock,2,c106C15,1149,0.0005563545055338182,2015,0.0011127090110676363
route,parallel_wall_clock,3,c106C15,1163,0.0004159173307319482,2015,0.0012477519921958447
route,parallel_wall_clock,3,c106C15,1191,0.0005354720002893979,2015,0.0016064160008681938
route,parallel_wall_clock,9,c106C15,12,7.120366434618417e-05,2015,0.0006408329791156575
route,parallel_wall_clock,7,c106C15,1270,0.0001141607146044927,2015,0.0007991250022314489
route,parallel_wall_clock,19,c106C15,1281,5.4162212396285646e-05,2015,0.0010290820355294272
route,parallel_wall_clock,2,c106C15,1283,0.00035497899807523936,2015,0.0007099579961504787
route,parallel_wall_clock,2,c106C15,1295,0.00036595799610950053,2015,0.0007319159922190011
route,parallel_wall_clock,1,c106C15,1309,0.0006578330066986382,2015,0.0006578330066986382
route,parallel_wall_clock,4,c106C15,1321,0.00017118725008913316,2015,0.0006847490003565326
route,parallel_wall_clock,1,c106C15,1323,0.0008796250040177256,2015,0.0008796250040177256
route,parallel_wall_clock,9,c106C15,1326,6.526855738937027e-05,2015,0.0005874170165043324
route,parallel_wall_clock,2,c106C15,1328,0.0006386460008798167,2015,0.0012772920017596334
route,parallel_wall_clock,5,c106C15,148,0.00017557539977133274,2015,0.0008778769988566637
route,parallel_wall_clock,674,c106C15,175,0.00019319725404417511,2015,0.13021494922577403
route,parallel_wall_clock,77,c106C15,176,1.05199996342689e-05,2015,0.0008100399718387052
route,parallel_wall_clock,5,c106C15,186,0.00014560840209014713,2015,0.0007280420104507357
route,parallel_wall_clock,38,c106C15,188,1.967871120493663e-05,2015,0.0007477910257875919
route,parallel_wall_clock,2,c106C15,189,0.0003478959988569841,2015,0.0006957919977139682
route,parallel_wall_clock,8,c106C15,197,8.975537821243051e-05,2015,0.0007180430256994441
route,parallel_wall_clock,4,c106C15,204,0.00020260399833205156,2015,0.0008104159933282062
route,parallel_wall_clock,3,c106C15,210,0.00026359733601566404,2015,0.0007907920080469921
route,parallel_wall_clock,2,c106C15,219,0.0006170420019770972,2015,0.0012340840039541945
route,parallel_wall_clock,371,c106C15,221,2.832134220387656e-06,2015,0.0010507217957638204
route,parallel_wall_clock,123,c106C15,222,7.047790208664851e-06,2015,0.0008668781956657767
route,parallel_wall_clock,13,c106C15,233,5.8916536195633504e-05,2015,0.0007659149705432355
route,parallel_wall_clock,2,c106C15,241,0.0005763750014011748,2015,0.0011527500028023496
route,parallel_wall_clock,2,c106C15,25,0.0003514374984661117,2015,0.0007028749969322234
route,parallel_wall_clock,2,c106C15,264,0.0003244580002501607,2015,0.0006489160005003214
route,parallel_wall_clock,15,c106C15,267,3.208886676778396e-05,2015,0.0004813330015167594
route,parallel_wall_clock,1,c106C15,28,0.000860708998516202,2015,0.000860708998516202
route,parallel_wall_clock,2,c106C15,350,0.00031056199804879725,2015,0.0006211239960975945
route,parallel_wall_clock,1,c106C15,357,0.0013145829871064052,2015,0.0013145829871064052
route,parallel_wall_clock,9,c106C15,373,8.81063331487692e-05,2015,0.0007929569983389229
route,parallel_wall_clock,3,c106C15,38,0.0003997780052789797,2015,0.0011993340158369392
route,parallel_wall_clock,37,c106C15,380,1.7498863304059046e-05,2015,0.0006474579422501847
route,parallel_wall_clock,241,c106C15,395,4.426402600648276e-06,2015,0.0010667630267562345
route,parallel_wall_clock,1088,c106C15,400,0.000119867361316959,2015,0.1304156891128514
route,parallel_wall_clock,3,c106C15,423,0.0003496113349683583,2015,0.0010488340049050748
route,parallel_wall_clock,4,c106C15,434,0.00021119774828548543,2015,0.0008447909931419417
route,parallel_wall_clock,2,c106C15,480,0.0011162705050082877,2015,0.0022325410100165755
route,parallel_wall_clock,12,c106C15,508,4.299658515568202e-05,2015,0.0005159590218681842
route,parallel_wall_clock,33,c106C15,517,1.9229727155162077e-05,2015,0.0006345809961203486
route,parallel_wall_clock,1,c106C15,566,0.0014741670020157471,2015,0.0014741670020157471
route,parallel_wall_clock,3,c106C15,598,0.0005787223344668746,2015,0.0017361670034006238
route,parallel_wall_clock,3,c106C15,603,0.00035933366355796653,2015,0.0010780009906738997
route,parallel_wall_clock,2,c106C15,607,0.0005548335029743612,2015,0.0011096670059487224
route,parallel_wall_clock,3,c106C15,704,0.0005975139938527718,2015,0.0017925419815583155
route,parallel_wall_clock,7,c106C15,708,0.00023360114261907126,2015,0.0016352079983334988
route,parallel_wall_clock,3,c106C15,749,0.0004089029971510172,2015,0.0012267089914530516
route,parallel_wall_clock,3,c106C15,754,0.00036388899995169294,2015,0.0010916669998550788
route,parallel_wall_clock,3,c106C15,857,0.0005238333348340044,2015,0.0015715000045020133
route,parallel_wall_clock,17,c106C15,873,8.492899873732206e-05,2015,0.001443792978534475
route,parallel_wall_clock,1404,c106C15,883,9.284733346961253e-05,2015,0.130357656191336
route,parallel_wall_clock,1,c106C15,885,0.0015319590020226315,2015,0.0015319590020226315
route,parallel_wall_clock,2,c106C15,9,0.0004029164992971346,2015,0.0008058329985942692
route,parallel_wall_clock,11,c106C15,903,0.00012211736281063747,2015,0.001343290990917012
route,parallel_wall_clock,13,c106C15,927,0.00014217631094372616,2015,0.0018482920422684401
route,parallel_wall_clock,4,c106C15,957,0.00035697925341082737,2015,0.0014279170136433095
route,parallel_wall_clock,7,c106C15,963,0.00022589286007652326,2015,0.0015812500205356628
route,parallel_wall_clock,4,c106C15,969,0.0004181352487648837,2015,0.001672540995059535
route,parallel_wall_clock,3,c106C15,980,0.00045543066031920415,2015,0.0013662919809576124
operator,serial_fixed_exact_calls,1,c106C15,ejection_chain,0.001153375007561408,2016,0.001153375007561408
operator,serial_fixed_exact_calls,25,c106C15,greedy,8.148828172124922e-05,2016,0.0020372070430312306
operator,serial_fixed_exact_calls,6,c106C15,initial_solution,0.0008340621667836482,2016,0.005004373000701889
operator,serial_fixed_exact_calls,25,c106C15,regret2,5.432159872725606e-05,2016,0.0013580399681814015
operator,serial_fixed_exact_calls,1,c106C15,relocate,5.420006345957518e-07,2016,5.420006345957518e-07
operator,serial_fixed_exact_calls,25,c106C15,route_elimination,3.4143321099691095e-05,2016,0.0008535830274922773
operator,serial_fixed_exact_calls,24,c106C15,route_merge,1.3538170605897903e-05,2016,0.0003249160945415497
operator,serial_fixed_exact_calls,3,c106C15,shaw_related,2.9132934287190437e-07,2016,8.739880286157131e-07
operator,serial_fixed_exact_calls,1,c106C15,swap,2.500019036233425e-07,2016,2.500019036233425e-07
operator,serial_fixed_exact_calls,1,c106C15,two_opt_star,2.9199873097240925e-07,2016,2.9199873097240925e-07
operator,serial_fixed_exact_calls,84,c106C15,vehicle_count_aware_repair,8.368023589441908e-06,2016,0.0007029139815131202
route,serial_fixed_exact_calls,22,c106C15,1032,3.1216000603638925e-05,2016,0.0006867520132800564
route,serial_fixed_exact_calls,2,c106C15,1080,0.00040737449307926,2016,0.00081474898615852
route,serial_fixed_exact_calls,1,c106C15,177,0.0002847499999916181,2016,0.0002847499999916181
route,serial_fixed_exact_calls,5,c106C15,212,0.00010784160112962127,2016,0.0005392080056481063
route,serial_fixed_exact_calls,47,c106C15,226,3.5843916269554264e-05,2016,0.0016846640646690503
route,serial_fixed_exact_calls,6,c106C15,27,5.3631835423099496e-05,2016,0.000321791012538597
route,serial_fixed_exact_calls,69,c106C15,3,2.4365289668228638e-05,2016,0.001681204987107776
route,serial_fixed_exact_calls,2,c106C15,334,0.00030775050254305825,2016,0.0006155010050861165
route,serial_fixed_exact_calls,2,c106C15,466,0.0007074785025906749,2016,0.0014149570051813498
route,serial_fixed_exact_calls,1,c106C15,75,0.00056504100211896,2016,0.00056504100211896
route,serial_fixed_exact_calls,37,c106C15,832,4.5233054520763655e-05,2016,0.0016736230172682554
route,serial_fixed_exact_calls,2,c106C15,852,0.000577062506636139,2016,0.001154125013272278
operator,parallel_fixed_exact_calls,1,c106C15,ejection_chain,0.0012346250005066395,2016,0.0012346250005066395
operator,parallel_fixed_exact_calls,25,c106C15,greedy,0.0001360464800382033,2016,0.0034011620009550825
operator,parallel_fixed_exact_calls,6,c106C15,initial_solution,0.06790316649615609,2016,0.40741899897693656
operator,parallel_fixed_exact_calls,25,c106C15,regret2,7.850847905501723e-05,2016,0.001962711976375431
operator,parallel_fixed_exact_calls,1,c106C15,relocate,5.409965524449944e-07,2016,5.409965524449944e-07
operator,parallel_fixed_exact_calls,25,c106C15,route_elimination,6.812339939642698e-05,2016,0.0017030849849106744
operator,parallel_fixed_exact_calls,24,c106C15,route_merge,2.7918459333401795e-05,2016,0.0006700430240016431
operator,parallel_fixed_exact_calls,3,c106C15,shaw_related,2.63666152022779e-07,2016,7.90998456068337e-07
operator,parallel_fixed_exact_calls,1,c106C15,swap,4.169996827840805e-07,2016,4.169996827840805e-07
operator,parallel_fixed_exact_calls,1,c106C15,two_opt_star,2.9199873097240925e-07,2016,2.9199873097240925e-07
operator,parallel_fixed_exact_calls,84,c106C15,vehicle_count_aware_repair,1.2595714430236035e-05,2016,0.001058040012139827
route,parallel_fixed_exact_calls,22,c106C15,1032,4.74507264284925e-05,2016,0.001043915981426835
route,parallel_fixed_exact_calls,2,c106C15,1080,0.0005454374986584298,2016,0.0010908749973168597
route,parallel_fixed_exact_calls,1,c106C15,177,0.0006844159943284467,2016,0.0006844159943284467
route,parallel_fixed_exact_calls,5,c106C15,212,0.00017367519903928043,2016,0.0008683759951964021
route,parallel_fixed_exact_calls,47,c106C15,226,0.0028898298732336967,2016,0.13582200404198375
route,parallel_fixed_exact_calls,6,c106C15,27,0.00011111116812874873,2016,0.0006666670087724924
route,parallel_fixed_exact_calls,69,c106C15,3,0.0019684057538077045,2016,0.13581999701273162
route,parallel_fixed_exact_calls,2,c106C15,334,0.0007137709981179796,2016,0.0014275419962359592
route,parallel_fixed_exact_calls,2,c106C15,466,0.0009826040040934458,2016,0.0019652080081868917
route,parallel_fixed_exact_calls,1,c106C15,75,0.0010142499959329143,2016,0.0010142499959329143
route,parallel_fixed_exact_calls,37,c106C15,832,0.003670597917359398,2016,0.13581212294229772
route,parallel_fixed_exact_calls,2,c106C15,852,0.0006176664974191226,2016,0.0012353329948382452
operator,serial_wall_clock,1,c106C15,ejection_chain,0.0007877500029280782,2016,0.0007877500029280782
operator,serial_wall_clock,186,c106C15,energy,6.706068906882997e-05,2016,0.012473288166802377
operator,serial_wall_clock,141,c106C15,greedy,6.268648168564186e-05,2016,0.008838793917675503
operator,serial_wall_clock,6,c106C15,initial_solution,0.0008259308330404261,2016,0.004955584998242557
operator,serial_wall_clock,196,c106C15,regret2,4.288158127063961e-05,2016,0.008404789929045364
operator,serial_wall_clock,1,c106C15,relocate,2.9199873097240925e-07,2016,2.9199873097240925e-07
operator,serial_wall_clock,186,c106C15,route_elimination,8.848806691696487e-06,2016,0.0016458780446555465
operator,serial_wall_clock,204,c106C15,route_merge,1.6989903872622652e-06,2016,0.0003465940390015021
operator,serial_wall_clock,7,c106C15,shaw_related,3.3942550154668946e-07,2016,2.375978510826826e-06
operator,serial_wall_clock,6,c106C15,standard,2.0133787378047904e-07,2016,1.2080272426828742e-06
operator,serial_wall_clock,1,c106C15,swap,2.9099464882165194e-07,2016,2.9099464882165194e-07
operator,serial_wall_clock,1,c106C15,two_opt_star,3.3300602808594704e-07,2016,3.3300602808594704e-07
operator,serial_wall_clock,2383,c106C15,vehicle_count_aware_repair,6.739795381403393e-07,2016,0.0016060932393884286
route,serial_wall_clock,4,c106C15,1003,0.00016122924353112467,2016,0.0006449169741244987
route,serial_wall_clock,3,c106C15,1021,0.0002412083267699927,2016,0.0007236249803099781
route,serial_wall_clock,940,c106C15,1032,9.543618169969858e-07,2016,0.0008971001079771668
route,serial_wall_clock,14,c106C15,1034,4.945549777143502e-05,2016,0.0006923769688000903
route,serial_wall_clock,13,c106C15,1042,5.2516155007581874e-05,2016,0.0006827100150985643
route,serial_wall_clock,2,c106C15,1049,0.00038402050267904997,2016,0.0007680410053580999
route,serial_wall_clock,4,c106C15,1060,0.00018155200450564735,2016,0.0007262080180225894
route,serial_wall_clock,1,c106C15,1068,0.0006104579952079803,2016,0.0006104579952079803
route,serial_wall_clock,2,c106C15,1072,0.0003804795051109977,2016,0.0007609590102219954
route,serial_wall_clock,1,c106C15,1077,0.0008985419990494847,2016,0.0008985419990494847
route,serial_wall_clock,37,c106C15,1080,2.5880513980204392e-05,2016,0.0009575790172675624
route,serial_wall_clock,2,c106C15,1084,0.0004843119968427345,2016,0.000968623993685469
route,serial_wall_clock,2,c106C15,1086,0.0004039584964630194,2016,0.0008079169929260388
route,serial_wall_clock,4,c106C15,1096,0.00011421850285842083,2016,0.00045687401143368334
route,serial_wall_clock,2,c106C15,11,0.00015531250392086804,2016,0.0003106250078417361
route,serial_wall_clock,5,c106C15,1119,9.296660136897117e-05,2016,0.00046483300684485584
route,serial_wall_clock,8,c106C15,1172,3.7651001548510976e-05,2016,0.0003012080123880878
route,serial_wall_clock,6,c106C15,118,2.0659669341209035e-05,2016,0.0001239580160472542
route,serial_wall_clock,5,c106C15,14,0.0003360000002430752,2016,0.001680000001215376
route,serial_wall_clock,1,c106C15,177,0.00025362501037307084,2016,0.00025362501037307084
route,serial_wall_clock,11,c106C15,2,1.0208180438811807e-05,2016,0.00011228998482692987
route,serial_wall_clock,20,c106C15,212,3.00062500173226e-05,2016,0.000600125000346452
route,serial_wall_clock,24,c106C15,219,9.131254106857038e-05,2016,0.002191500985645689
route,serial_wall_clock,967,c106C15,226,2.0422805218659767e-06,2016,0.0019748852646443993
route,serial_wall_clock,16,c106C15,252,4.984368570148945e-05,2016,0.0007974989712238312
route,serial_wall_clock,16,c106C15,26,1.8807313608704135e-05,2016,0.00030091701773926616
route,serial_wall_clock,51,c106C15,27,6.287667430097274e-06,2016,0.00032067103893496096
route,serial_wall_clock,2,c106C15,283,0.0002636250064824708,2016,0.0005272500129649416
route,serial_wall_clock,1,c106C15,293,0.0007512500014854595,2016,0.0007512500014854595
route,serial_wall_clock,1026,c106C15,3,1.8065233195661684e-06,2016,0.001853492925874889
route,serial_wall_clock,1,c106C15,321,0.0007450419943779707,2016,0.0007450419943779707
route,serial_wall_clock,4,c106C15,334,0.0001586147554917261,2016,0.0006344590219669044
route,serial_wall_clock,3,c106C15,37,0.00022211066486003497,2016,0.000666331994580105
route,serial_wall_clock,8,c106C15,377,0.00010801575081131887,2016,0.0008641260064905509
route,serial_wall_clock,2,c106C15,387,0.00029410400020424277,2016,0.0005882080004084855
route,serial_wall_clock,1,c106C15,397,0.0007817919977242127,2016,0.0007817919977242127
route,serial_wall_clock,24,c106C15,466,5.720145782106556e-05,2016,0.0013728349877055734
route,serial_wall_clock,2,c106C15,490,0.0005815210024593398,2016,0.0011630420049186796
route,serial_wall_clock,4,c106C15,511,0.00028143724193796515,2016,0.0011257489677518606
route,serial_wall_clock,3,c106C15,52,0.0004057639986664678,2016,0.0012172919959994033
route,serial_wall_clock,2,c106C15,598,0.00022647900186711922,2016,0.00045295800373423845
route,serial_wall_clock,6,c106C15,65,6.672233333423112e-05,2016,0.00040033400000538677
route,serial_wall_clock,1,c106C15,75,0.0005824169929837808,2016,0.0005824169929837808
route,serial_wall_clock,5,c106C15,79,6.314980273600668e-05,2016,0.0003157490136800334
route,serial_wall_clock,41,c106C15,832,4.04644404004169e-05,2016,0.0016590420564170927
route,serial_wall_clock,2,c106C15,852,0.00039414600178133696,2016,0.0007882920035626739
route,serial_wall_clock,2,c106C15,86,0.0001801664911909029,2016,0.0003603329823818058
route,serial_wall_clock,9,c106C15,889,7.142588664363656e-05,2016,0.000642832979792729
route,serial_wall_clock,2,c106C15,895,0.00022604200057685375,2016,0.0004520840011537075
route,serial_wall_clock,1,c106C15,91,0.0007801669999025762,2016,0.0007801669999025762
route,serial_wall_clock,6,c106C15,98,5.1687498247095696e-05,2016,0.00031012498948257416
operator,parallel_wall_clock,1,c106C15,ejection_chain,0.0013954169990029186,2016,0.0013954169990029186
operator,parallel_wall_clock,186,c106C15,energy,9.492964016571541e-05,2016,0.017656913070823066
operator,parallel_wall_clock,141,c106C15,greedy,8.773936928045137e-05,2016,0.012371251068543643
operator,parallel_wall_clock,6,c106C15,initial_solution,0.06613853466842556,2016,0.3968312080105534
operator,parallel_wall_clock,196,c106C15,regret2,7.451723917145092e-05,2016,0.01460537887760438
operator,parallel_wall_clock,1,c106C15,relocate,2.9099464882165194e-07,2016,2.9099464882165194e-07
operator,parallel_wall_clock,186,c106C15,route_elimination,1.4522359975593626e-05,2016,0.0027011589554604143
operator,parallel_wall_clock,204,c106C15,route_merge,3.4856719710161068e-06,2016,0.0007110770820872858
operator,parallel_wall_clock,7,c106C15,shaw_related,4.2285578924098187e-07,2016,2.959990524686873e-06
operator,parallel_wall_clock,6,c106C15,standard,1.9466824596747756e-07,2016,1.1680094758048654e-06
operator,parallel_wall_clock,1,c106C15,swap,3.3401011023670435e-07,2016,3.3401011023670435e-07
operator,parallel_wall_clock,1,c106C15,two_opt_star,3.3299147617071867e-07,2016,3.3299147617071867e-07
operator,parallel_wall_clock,2383,c106C15,vehicle_count_aware_repair,9.813502088851173e-07,2016,0.0023385575477732345
route,parallel_wall_clock,4,c106C15,1003,0.0002712605019041803,2016,0.001085042007616721
route,parallel_wall_clock,3,c106C15,1021,0.0004903890027586991,2016,0.0014711670082760975
route,parallel_wall_clock,940,c106C15,1032,1.3094077579072737e-06,2016,0.0012308432924328372
route,parallel_wall_clock,14,c106C15,1034,7.635442930872418e-05,2016,0.0010689620103221387
route,parallel_wall_clock,13,c106C15,1042,8.032023078367974e-05,2016,0.0010441630001878366
route,parallel_wall_clock,2,c106C15,1049,0.0005935834997217171,2016,0.0011871669994434342
route,parallel_wall_clock,4,c106C15,1060,0.00026631250148057006,2016,0.0010652500059222803
route,parallel_wall_clock,1,c106C15,1068,0.0010020000045187771,2016,0.0010020000045187771
route,parallel_wall_clock,2,c106C15,1072,0.0005742295033996925,2016,0.001148459006799385
route,parallel_wall_clock,1,c106C15,1077,0.001233000002685003,2016,0.001233000002685003
route,parallel_wall_clock,37,c106C15,1080,3.350789169466274e-05,2016,0.0012397919927025214
route,parallel_wall_clock,2,c106C15,1084,0.000662124999507796,2016,0.001324249999015592
route,parallel_wall_clock,2,c106C15,1086,0.0005711039993911982,2016,0.0011422079987823963
route,parallel_wall_clock,4,c106C15,1096,0.00022030225227354094,2016,0.0008812090090941638
route,parallel_wall_clock,2,c106C15,11,0.00032479199580848217,2016,0.0006495839916169643
route,parallel_wall_clock,5,c106C15,1119,0.0001678083965089172,2016,0.0008390419825445861
route,parallel_wall_clock,8,c106C15,1172,0.00012542212789412588,2016,0.001003377023153007
route,parallel_wall_clock,6,c106C15,118,8.18196664719532e-05,2016,0.0004909179988317192
route,parallel_wall_clock,5,c106C15,14,0.00011349980486556888,2016,0.0005674990243278444
route,parallel_wall_clock,1,c106C15,177,0.000625790999038145,2016,0.000625790999038145
route,parallel_wall_clock,11,c106C15,2,4.924236484591595e-05,2016,0.0005416660133050755
route,parallel_wall_clock,20,c106C15,212,4.486234756768681e-05,2016,0.0008972469513537362
route,parallel_wall_clock,24,c106C15,219,5.4293542537683e-05,2016,0.001303045020904392
route,parallel_wall_clock,967,c106C15,226,0.00013718791349358556,2016,0.13266071234829724
route,parallel_wall_clock,16,c106C15,252,8.16406864032615e-05,2016,0.001306250982452184
route,parallel_wall_clock,16,c106C15,26,4.090368929610122e-05,2016,0.0006544590287376195
route,parallel_wall_clock,51,c106C15,27,1.3392902545484843e-05,2016,0.0006830380298197269
route,parallel_wall_clock,2,c106C15,283,0.0004376459983177483,2016,0.0008752919966354966
route,parallel_wall_clock,1,c106C15,293,0.0009293330076616257,2016,0.0009293330076616257
route,parallel_wall_clock,1026,c106C15,3,0.00012911276696213534,2016,0.13246969890315086
route,parallel_wall_clock,1,c106C15,321,0.001726667003822513,2016,0.001726667003822513
route,parallel_wall_clock,4,c106C15,334,0.00028491674675024115,2016,0.0011396669870009646
route,parallel_wall_clock,3,c106C15,37,0.000449027667248932,2016,0.001347083001746796
route,parallel_wall_clock,8,c106C15,377,0.0001571354987390805,2016,0.001257083989912644
route,parallel_wall_clock,2,c106C15,387,0.0004890624986728653,2016,0.0009781249973457307
route,parallel_wall_clock,1,c106C15,397,0.001382125003146939,2016,0.001382125003146939
route,parallel_wall_clock,24,c106C15,466,7.385237465011112e-05,2016,0.0017724569916026667
route,parallel_wall_clock,2,c106C15,490,0.0007607500010635704,2016,0.0015215000021271408
route,parallel_wall_clock,4,c106C15,511,0.0005056977497588377,2016,0.002022790999035351
route,parallel_wall_clock,3,c106C15,52,0.0004529723325201,2016,0.0013589169975603
route,parallel_wall_clock,2,c106C15,598,0.0004077505072928034,2016,0.0008155010145856068
route,parallel_wall_clock,6,c106C15,65,0.00013850699906470254,2016,0.0008310419943882152
route,parallel_wall_clock,1,c106C15,75,0.001061999995727092,2016,0.001061999995727092
route,parallel_wall_clock,5,c106C15,79,0.0001374083978589624,2016,0.0006870419892948121
route,parallel_wall_clock,41,c106C15,832,0.003226441048687642,2016,0.13228408299619332
route,parallel_wall_clock,2,c106C15,852,0.0006983544953982346,2016,0.0013967089907964692
route,parallel_wall_clock,2,c106C15,86,0.0003617705078795552,2016,0.0007235410157591105
route,parallel_wall_clock,9,c106C15,889,8.864366746921506e-05,2016,0.0007977930072229356
route,parallel_wall_clock,2,c106C15,895,0.00041597900417400524,2016,0.0008319580083480105
route,parallel_wall_clock,1,c106C15,91,0.0009814579971134663,2016,0.0009814579971134663
route,parallel_wall_clock,6,c106C15,98,0.00017967316428742683,2016,0.001078038985724561
operator,serial_fixed_exact_calls,159,r101_21,energy,0.0001054798730073567,2014,0.016771299808169715
operator,serial_fixed_exact_calls,376,r101_21,greedy,0.00012516481663314675,2014,0.04706197105406318
operator,serial_fixed_exact_calls,40,r101_21,initial_solution,0.12662655917738447,2014,5.065062367095379
operator,serial_fixed_exact_calls,305,r101_21,regret2,8.605212134454155e-05,2014,0.026245897010085173
operator,serial_fixed_exact_calls,18,r101_21,relocate,1.3183469289085932e-07,2014,2.3730244720354676e-06
operator,serial_fixed_exact_calls,220,r101_21,route_elimination,1.1861834950237112e-07,2014,2.6096036890521646e-05
operator,serial_fixed_exact_calls,260,r101_21,route_merge,1.3769229274028195e-07,2014,3.579999611247331e-05
operator,serial_fixed_exact_calls,18,r101_21,route_segment_destroy,1.4816760085523129e-07,2014,2.667016815394163e-06
operator,serial_fixed_exact_calls,14,r101_21,shaw_related,1.2214461873684611e-07,2014,1.7100246623158455e-06
operator,serial_fixed_exact_calls,18,r101_21,swap,1.2272276863869695e-07,2014,2.209009835496545e-06
operator,serial_fixed_exact_calls,18,r101_21,two_opt_star,1.898054809619983e-06,2014,3.4164986573159695e-05
operator,serial_fixed_exact_calls,454,r101_21,vehicle_count_aware_repair,2.375781710597067e-05,2014,0.010786048966110684
operator,serial_fixed_exact_calls,18,r101_21,worst_energy_detour,1.2950072737617626e-07,2014,2.3310130927711725e-06
route,serial_fixed_exact_calls,2,r101_21,10040,0.006690999995043967,2014,0.013381999990087934
route,serial_fixed_exact_calls,98,r101_21,10761,0.002584321909181403,2014,0.2532635470997775
route,serial_fixed_exact_calls,97,r101_21,12210,0.002610955392004509,2014,0.2532626730244374
route,serial_fixed_exact_calls,99,r101_21,1326,0.0025586225048314327,2014,0.25330362797831185
route,serial_fixed_exact_calls,93,r101_21,14402,0.0027232536134154848,2014,0.25326258604764007
route,serial_fixed_exact_calls,99,r101_21,16455,0.002558239019532321,2014,0.2532656629336998
route,serial_fixed_exact_calls,87,r101_21,17577,0.0029110814247015416,2014,0.2532640839490341
route,serial_fixed_exact_calls,96,r101_21,18483,0.002638230906389557,2014,0.25327016701339744
route,serial_fixed_exact_calls,6,r101_21,18976,0.0001277846677112393,2014,0.0007667080062674358
route,serial_fixed_exact_calls,96,r101_21,1943,0.002638169749692073,2014,0.253264295970439
route,serial_fixed_exact_calls,84,r101_21,19878,0.003015389916635329,2014,0.25329275299736764
route,serial_fixed_exact_calls,2,r101_21,20346,0.003656937500636559,2014,0.007313875001273118
route,serial_fixed_exact_calls,98,r101_21,21375,0.002584321826770046,2014,0.25326353902346455
route,serial_fixed_exact_calls,2,r101_21,22208,0.0036466879973886535,2014,0.007293375994777307
route,serial_fixed_exact_calls,95,r101_21,22552,0.0026659250533588134,2014,0.25326288006908726
route,serial_fixed_exact_calls,99,r101_21,24315,0.0025582184548833117,2014,0.25326362703344785
route,serial_fixed_exact_calls,2,r101_21,25654,0.0056149374941014685,2014,0.011229874988202937
route,serial_fixed_exact_calls,91,r101_21,26273,0.0027831213294200927,2014,0.25326404097722843
route,serial_fixed_exact_calls,13,r101_21,3074,0.00025987191922747745,2014,0.003378334949957207
route,serial_fixed_exact_calls,76,r101_21,3175,0.0033324155663553698,2014,0.2532635830430081
route,serial_fixed_exact_calls,100,r101_21,4020,0.002532627170003252,2014,0.2532627170003252
route,serial_fixed_exact_calls,1,r101_21,5038,0.03012070899421815,2014,0.03012070899421815
route,serial_fixed_exact_calls,98,r101_21,5411,0.0025843130311767135,2014,0.2532626770553179
route,serial_fixed_exact_calls,96,r101_21,549,0.002638184884593405,2014,0.25326574892096687
route,serial_fixed_exact_calls,84,r101_21,6512,0.0030150105239521337,2014,0.2532608840119792
route,serial_fixed_exact_calls,7,r101_21,6550,0.001531553573191299,2014,0.010720875012339093
route,serial_fixed_exact_calls,9,r101_21,7938,0.001062384218029264,2014,0.009561457962263376
route,serial_fixed_exact_calls,94,r101_21,8051,0.0026943315747206377,2014,0.25326716802373994
route,serial_fixed_exact_calls,1,r101_21,9208,0.0069161249994067475,2014,0.0069161249994067475
route,serial_fixed_exact_calls,93,r101_21,9701,0.002723283193234394,2014,0.25326533697079867
operator,parallel_fixed_exact_calls,159,r101_21,energy,0.00011918973507148758,2014,0.018951167876366526
operator,parallel_fixed_exact_calls,376,r101_21,greedy,0.00012773527940109798,2014,0.04802846505481284
operator,parallel_fixed_exact_calls,40,r101_21,initial_solution,0.1351958385992475,2014,5.4078335439699
operator,parallel_fixed_exact_calls,305,r101_21,regret2,9.543108877909111e-05,2014,0.029106482077622786
operator,parallel_fixed_exact_calls,18,r101_21,relocate,1.7355826760952672e-07,2014,3.124048816971481e-06
operator,parallel_fixed_exact_calls,220,r101_21,route_elimination,1.1898638066751036e-07,2014,2.617700374685228e-05
operator,parallel_fixed_exact_calls,260,r101_21,route_merge,1.1396489124028729e-07,2014,2.9630871722474694e-05
operator,parallel_fixed_exact_calls,18,r101_21,route_segment_destroy,1.1794650668485298e-07,2014,2.1230371203273535e-06
operator,parallel_fixed_exact_calls,14,r101_21,shaw_related,1.2507267196529677e-07,2014,1.751017407514155e-06
operator,parallel_fixed_exact_calls,18,r101_21,swap,3.7022335972223016e-07,2014,6.664020475000143e-06
operator,parallel_fixed_exact_calls,18,r101_21,two_opt_star,1.2055534170940518e-07,2014,2.1699961507692933e-06
operator,parallel_fixed_exact_calls,454,r101_21,vehicle_count_aware_repair,3.008167854933856e-05,2014,0.013657082061399706
operator,parallel_fixed_exact_calls,18,r101_21,worst_energy_detour,1.3427698933002023e-07,2014,2.416985807940364e-06
route,parallel_fixed_exact_calls,2,r101_21,10040,0.007482562999939546,2014,0.014965125999879092
route,parallel_fixed_exact_calls,98,r101_21,10761,0.002759195591871893,2014,0.2704011680034455
route,parallel_fixed_exact_calls,97,r101_21,12210,0.0027876817007709926,2014,0.2704051249747863
route,parallel_fixed_exact_calls,99,r101_21,1326,0.0027316586560430945,2014,0.27043420694826636
route,parallel_fixed_exact_calls,93,r101_21,14402,0.002907529591597737,2014,0.2704002520185895
route,parallel_fixed_exact_calls,99,r101_21,16455,0.002731353090958425,2014,0.2704039560048841
route,parallel_fixed_exact_calls,87,r101_21,17577,0.0031082418848607882,2014,0.27041704398288857
route,parallel_fixed_exact_calls,96,r101_21,18483,0.0028167677927134114,2014,0.2704097081004875
route,parallel_fixed_exact_calls,6,r101_21,18976,0.00022650716467372453,2014,0.0013590429880423471
route,parallel_fixed_exact_calls,96,r101_21,1943,0.0028166750109145746,2014,0.2704008010477992
route,parallel_fixed_exact_calls,84,r101_21,19878,0.00321905857102441,2014,0.2704009199660504
route,parallel_fixed_exact_calls,2,r101_21,20346,0.004039625004224945,2014,0.00807925000844989
route,parallel_fixed_exact_calls,98,r101_21,21375,0.0027591994690663677,2014,0.270401547968504
route,parallel_fixed_exact_calls,2,r101_21,22208,0.003951667000364978,2014,0.007903334000729956
route,parallel_fixed_exact_calls,95,r101_21,22552,0.0028463289469456005,2014,0.27040124995983206
route,parallel_fixed_exact_calls,99,r101_21,24315,0.002731335050258268,2014,0.27040216997556854
route,parallel_fixed_exact_calls,2,r101_21,25654,0.006046771006367635,2014,0.01209354201273527
route,parallel_fixed_exact_calls,91,r101_21,26273,0.002971478461564242,2014,0.27040454000234604
route,parallel_fixed_exact_calls,13,r101_21,3074,0.00030566984339832113,2014,0.003973707964178175
route,parallel_fixed_exact_calls,76,r101_21,3175,0.0035580043948261605,2014,0.2704083340067882
route,parallel_fixed_exact_calls,100,r101_21,4020,0.0027040113710972945,2014,0.27040113710972946
route,parallel_fixed_exact_calls,1,r101_21,5038,0.02964475000044331,2014,0.02964475000044331
route,parallel_fixed_exact_calls,98,r101_21,5411,0.002759192275965577,2014,0.2704008430446265
route,parallel_fixed_exact_calls,96,r101_21,549,0.0028167061348843467,2014,0.2704037889488973
route,parallel_fixed_exact_calls,84,r101_21,6512,0.0032190417380964695,2014,0.27039950600010343
route,parallel_fixed_exact_calls,7,r101_21,6550,0.001942118997768765,2014,0.013594832984381355
route,parallel_fixed_exact_calls,9,r101_21,7938,0.0011359397790834515,2014,0.010223458011751063
route,parallel_fixed_exact_calls,94,r101_21,8051,0.0028766471588553147,2014,0.2704048329323996
route,parallel_fixed_exact_calls,1,r101_21,9208,0.007711458005360328,2014,0.007711458005360328
route,parallel_fixed_exact_calls,93,r101_21,9701,0.0029075394091334053,2014,0.2704011650494067
operator,serial_wall_clock,423,r101_21,energy,5.8411647803447346e-05,2014,0.024708127020858228
operator,serial_wall_clock,376,r101_21,greedy,0.00012023982189736883,2014,0.04521017303341068
operator,serial_wall_clock,40,r101_21,initial_solution,0.13230046877506538,2014,5.292018751002615
operator,serial_wall_clock,305,r101_21,regret2,8.501079650099588e-05,2014,0.025928292932803743
operator,serial_wall_clock,18,r101_21,relocate,1.2288769034461842e-07,2014,2.2119784262031317e-06
operator,serial_wall_clock,300,r101_21,route_elimination,1.1866325318502883e-07,2014,3.559897595550865e-05
operator,serial_wall_clock,320,r101_21,route_merge,1.0927519724646118e-07,2014,3.4968063118867576e-05
operator,serial_wall_clock,18,r101_21,route_segment_destroy,1.1572410585358739e-07,2014,2.083033905364573e-06
operator,serial_wall_clock,24,r101_21,shaw_related,1.3887559665211788e-07,2014,3.333014319650829e-06
operator,serial_wall_clock,18,r101_21,swap,1.1344268892167344e-07,2014,2.0419684005901217e-06
operator,serial_wall_clock,18,r101_21,two_opt_star,1.3189047523256806e-07,2014,2.374028554186225e-06
operator,serial_wall_clock,1298,r101_21,vehicle_count_aware_repair,8.30484826913468e-06,2014,0.010779693053336814
operator,serial_wall_clock,18,r101_21,worst_energy_detour,1.3199961459678082e-07,2014,2.3759930627420545e-06
route,serial_wall_clock,2,r101_21,10040,0.0071678960011922754,2014,0.014335792002384551
route,serial_wall_clock,157,r101_21,10761,0.0016854540509791678,2014,0.26461628600372933
route,serial_wall_clock,161,r101_21,12210,0.001643584645913642,2014,0.26461712799209636
route,serial_wall_clock,161,r101_21,1326,0.0016440129687037804,2014,0.26468608796130866
route,serial_wall_clock,156,r101_21,14402,0.0016962561800401323,2014,0.26461596408626065
route,serial_wall_clock,163,r101_21,16455,0.0016234453065475118,2014,0.2646215849672444
route,serial_wall_clock,1,r101_21,17304,0.0030020410049473867,2014,0.0030020410049473867
route,serial_wall_clock,144,r101_21,17577,0.0018376174862674412,2014,0.2646169180225115
route,serial_wall_clock,155,r101_21,18483,0.0017072832964796334,2014,0.26462891095434316
route,serial_wall_clock,5,r101_21,18895,0.00081806659582071,2014,0.00409033297910355
route,serial_wall_clock,6,r101_21,18976,0.0001312983343571735,2014,0.000787790006143041
route,serial_wall_clock,160,r101_21,1943,0.0016538540488909349,2014,0.26461664782254957
route,serial_wall_clock,145,r101_21,19878,0.0018249499929691505,2014,0.2646177489805268
route,serial_wall_clock,2,r101_21,20346,0.0036086249965592287,2014,0.0072172499931184575
route,serial_wall_clock,161,r101_21,21375,0.0016435867146356031,2014,0.2646174610563321
route,serial_wall_clock,2,r101_21,22208,0.003580437994969543,2014,0.007160875989939086
route,serial_wall_clock,158,r101_21,22552,0.0016747788292918754,2014,0.26461505502811633
route,serial_wall_clock,163,r101_21,24315,0.0016234230801485982,2014,0.2646179620642215
route,serial_wall_clock,2,r101_21,25654,0.005440561995783355,2014,0.01088112399156671
route,serial_wall_clock,155,r101_21,26273,0.001707320148500824,2014,0.26463462301762775
route,serial_wall_clock,15,r101_21,3074,0.00021538053503415236,2014,0.0032307080255122855
route,serial_wall_clock,138,r101_21,3175,0.001917533196556969,2014,0.2646195811248617
route,serial_wall_clock,165,r101_21,4020,0.0016037349092640038,2014,0.26461626002856065
route,serial_wall_clock,1,r101_21,5038,0.028871041009551845,2014,0.028871041009551845
route,serial_wall_clock,163,r101_21,5411,0.001623417441504636,2014,0.2646170429652557
route,serial_wall_clock,159,r101_21,549,0.0016642761956343908,2014,0.26461991510586813
route,serial_wall_clock,146,r101_21,6512,0.0018124301511792734,2014,0.2646148020721739
route,serial_wall_clock,9,r101_21,6550,0.0011748425555803503,2014,0.010573583000223152
route,serial_wall_clock,13,r101_21,7938,0.0006980223093146029,2014,0.009074290021089837
route,serial_wall_clock,152,r101_21,8051,0.001740930683330302,2014,0.2646214638662059
route,serial_wall_clock,1,r101_21,9208,0.007055584006593563,2014,0.007055584006593563
route,serial_wall_clock,155,r101_21,9701,0.0017072139932180666,2014,0.2646181689488003
operator,parallel_wall_clock,423,r101_21,energy,6.437305179116344e-05,2014,0.02722980090766214
operator,parallel_wall_clock,376,r101_21,greedy,0.00012691659542318296,2014,0.04772063987911679
operator,parallel_wall_clock,40,r101_21,initial_solution,0.12158590554354305,2014,4.863436221741722
operator,parallel_wall_clock,305,r101_21,regret2,9.693912799149508e-05,2014,0.029566434037405998
operator,parallel_wall_clock,18,r101_21,relocate,1.1816801917221811e-07,2014,2.127024345099926e-06
operator,parallel_wall_clock,300,r101_21,route_elimination,1.1782001820392906e-07,2014,3.534600546117872e-05
operator,parallel_wall_clock,320,r101_21,route_merge,1.246598912985064e-07,2014,3.989116521552205e-05
operator,parallel_wall_clock,18,r101_21,route_segment_destroy,1.2027804688033132e-07,2014,2.1650048438459635e-06
operator,parallel_wall_clock,24,r101_21,shaw_related,1.3033240975346416e-07,2014,3.12797783408314e-06
operator,parallel_wall_clock,18,r101_21,swap,1.227801678598755e-07,2014,2.210043021477759e-06
operator,parallel_wall_clock,18,r101_21,two_opt_star,1.181672107324832e-07,2014,2.1270097931846976e-06
operator,parallel_wall_clock,1240,r101_21,vehicle_count_aware_repair,9.285737330848802e-06,2014,0.011514314290252514
operator,parallel_wall_clock,18,r101_21,worst_energy_detour,1.158906444389787e-07,2014,2.0860315999016166e-06
route,parallel_wall_clock,2,r101_21,10040,0.007136749998608138,2014,0.014273499997216277
route,parallel_wall_clock,154,r101_21,10761,0.0015791356234732628,2014,0.24318688601488248
route,parallel_wall_clock,158,r101_21,12210,0.00153915772783346,2014,0.24318692099768668
route,parallel_wall_clock,158,r101_21,1326,0.0015395498100323366,2014,0.2432488699851092
route,parallel_wall_clock,153,r101_21,14402,0.0015894681634914033,2014,0.2431886290141847
route,parallel_wall_clock,160,r101_21,16455,0.001519945049949456,2014,0.24319120799191296
route,parallel_wall_clock,1,r101_21,17304,0.004132415997446515,2014,0.004132415997446515
route,parallel_wall_clock,141,r101_21,17577,0.0017247461562758272,2014,0.24318920803489164
route,parallel_wall_clock,152,r101_21,18483,0.0016000057563168842,2014,0.2432008749601664
route,parallel_wall_clock,5,r101_21,18895,0.0009534000011626631,2014,0.0047670000058133155
route,parallel_wall_clock,6,r101_21,18976,0.00024740250228205696,2014,0.0014844150136923417
route,parallel_wall_clock,157,r101_21,1943,0.0015489568093726353,2014,0.24318621907150373
route,parallel_wall_clock,142,r101_21,19878,0.0017125889433270752,2014,0.2431876299524447
route,parallel_wall_clock,2,r101_21,20346,0.004025708498375025,2014,0.00805141699675005
route,parallel_wall_clock,158,r101_21,21375,0.0015391661975086267,2014,0.243188259206363
route,parallel_wall_clock,2,r101_21,22208,0.003975583502324298,2014,0.007951167004648596
route,parallel_wall_clock,155,r101_21,22552,0.0015689516525467738,2014,0.24318750614474993
route,parallel_wall_clock,160,r101_21,24315,0.0015199247935925087,2014,0.24318796697480138
route,parallel_wall_clock,2,r101_21,25654,0.00607135400059633,2014,0.01214270800119266
route,parallel_wall_clock,152,r101_21,26273,0.0015999331968295767,2014,0.24318984591809567
route,parallel_wall_clock,15,r101_21,3074,0.0002673166677899038,2014,0.004009750016848557
route,parallel_wall_clock,135,r101_21,3175,0.0018014342365657082,2014,0.24319362193637062
route,parallel_wall_clock,162,r101_21,4020,0.001501153888921742,2014,0.2431869300053222
route,parallel_wall_clock,1,r101_21,5038,0.029776208000839688,2014,0.029776208000839688
route,parallel_wall_clock,160,r101_21,5411,0.0015199198370282828,2014,0.24318717392452527
route,parallel_wall_clock,156,r101_21,549,0.0015589220505110764,2014,0.24319183987972792
route,parallel_wall_clock,143,r101_21,6512,0.0017006034617657428,2014,0.24318629503250122
route,parallel_wall_clock,9,r101_21,6550,0.0012588798870436018,2014,0.011329918983392417
route,parallel_wall_clock,13,r101_21,7938,0.0007571314602570895,2014,0.009842708983342163
route,parallel_wall_clock,150,r101_21,8051,0.0016212800670958435,2014,0.24319201006437652
route,parallel_wall_clock,1,r101_21,9208,0.007949332997668535,2014,0.007949332997668535
route,parallel_wall_clock,153,r101_21,9701,0.001589464405292852,2014,0.24318805400980636
operator,serial_fixed_exact_calls,203,r101_21,energy,7.230809845576256e-05,2015,0.014678543986519799
operator,serial_fixed_exact_calls,148,r101_21,greedy,9.178463536758304e-05,2015,0.013584126034402288
operator,serial_fixed_exact_calls,40,r101_21,initial_solution,0.12072301239895751,2015,4.8289204959583
operator,serial_fixed_exact_calls,109,r101_21,regret2,0.0035023750644390807,2015,0.38175888202385977
operator,serial_fixed_exact_calls,18,r101_21,relocate,1.27498222152806e-07,2015,2.294967998750508e-06
operator,serial_fixed_exact_calls,240,r101_21,route_elimination,1.0919144794267291e-07,2015,2.62059475062415e-05
operator,serial_fixed_exact_calls,180,r101_21,route_merge,1.0492812078963552e-07,2015,1.8887061742134392e-05
operator,serial_fixed_exact_calls,18,r101_21,route_segment_destroy,1.1355667892429564e-07,2015,2.0440202206373215e-06
operator,serial_fixed_exact_calls,30,r101_21,shaw_related,1.209996601877113e-07,2015,3.6299898056313396e-06
operator,serial_fixed_exact_calls,18,r101_21,swap,1.1788991590340932e-07,2015,2.122018486261368e-06
operator,serial_fixed_exact_calls,18,r101_21,two_opt_star,1.2038799468427896e-07,2015,2.1669839043170214e-06
operator,serial_fixed_exact_calls,508,r101_21,vehicle_count_aware_repair,1.408501359080441e-07,2015,7.155186904128641e-05
operator,serial_fixed_exact_calls,16,r101_21,worst_energy_detour,1.278112904401496e-07,2015,2.0449806470423937e-06
route,serial_fixed_exact_calls,80,r101_21,10102,0.003018165112007409,2015,0.24145320896059275
route,serial_fixed_exact_calls,79,r101_21,10831,0.0030566946195535764,2015,0.24147887494473252
route,serial_fixed_exact_calls,80,r101_21,11994,0.003018183923450124,2015,0.24145471387600992
route,serial_fixed_exact_calls,79,r101_21,13394,0.0030563781273704542,2015,0.24145387206226587
route,serial_fixed_exact_calls,77,r101_21,15004,0.0031357538191278092,2015,0.2414530440728413
route,serial_fixed_exact_calls,1,r101_21,15786,0.007335541013162583,2015,0.007335541013162583
route,serial_fixed_exact_calls,71,r101_21,16385,0.003400738282796507,2015,0.241452418078552
route,serial_fixed_exact_calls,76,r101_21,1675,0.00317702367120594,2015,0.24145379901165143
route,serial_fixed_exact_calls,72,r101_21,17415,0.003353506431570471,2015,0.2414524630730739
route,serial_fixed_exact_calls,5,r101_21,18146,0.001246608601650223,2015,0.006233043008251116
route,serial_fixed_exact_calls,80,r101_21,18586,0.003018165137291362,2015,0.24145321098330896
route,serial_fixed_exact_calls,1,r101_21,19592,0.007981791000929661,2015,0.007981791000929661
route,serial_fixed_exact_calls,73,r101_21,19978,0.003307573123131751,2015,0.24145283798861783
route,serial_fixed_exact_calls,68,r101_21,21253,0.0035508473813345466,2015,0.24145762193074916
route,serial_fixed_exact_calls,78,r101_21,22916,0.003095561423367307,2015,0.24145379102264997
route,serial_fixed_exact_calls,78,r101_21,23818,0.003095588653918523,2015,0.24145591500564478
route,serial_fixed_exact_calls,1,r101_21,24886,0.38174437498673797,2015,0.38174437498673797
route,serial_fixed_exact_calls,79,r101_21,26008,0.0030564019370667894,2015,0.24145575302827638
route,serial_fixed_exact_calls,81,r101_21,3126,0.002980919765383235,2015,0.24145450099604204
route,serial_fixed_exact_calls,82,r101_21,4499,0.0029445604388190364,2015,0.241453955983161
route,serial_fixed_exact_calls,1,r101_21,450,0.006670707996818237,2015,0.006670707996818237
route,serial_fixed_exact_calls,68,r101_21,5513,0.003550798513863222,2015,0.2414542989426991
route,serial_fixed_exact_calls,79,r101_21,632,0.0030564029615953022,2015,0.24145583396602888
route,serial_fixed_exact_calls,76,r101_21,6895,0.0031770198277770666,2015,0.24145350691105705
route,serial_fixed_exact_calls,81,r101_21,8516,0.002980912555538026,2015,0.2414539169985801
operator,parallel_fixed_exact_calls,203,r101_21,energy,8.081450186419792e-05,2015,0.016405343878432177
operator,parallel_fixed_exact_calls,148,r101_21,greedy,0.00010040941826347891,2015,0.014860593902994879
operator,parallel_fixed_exact_calls,40,r101_21,initial_solution,0.13290734981892455,2015,5.316293992756982
operator,parallel_fixed_exact_calls,109,r101_21,regret2,0.0002267102377410175,2015,0.024711415913770907
operator,parallel_fixed_exact_calls,18,r101_21,relocate,1.1572248897411757e-07,2015,2.0830048015341163e-06
operator,parallel_fixed_exact_calls,240,r101_21,route_elimination,1.4064989954931663e-07,2015,3.375597589183599e-05
operator,parallel_fixed_exact_calls,180,r101_21,route_merge,1.1529433929050962e-07,2015,2.0752981072291732e-05
operator,parallel_fixed_exact_calls,18,r101_21,route_segment_destroy,1.0871735867112875e-07,2015,1.9569124560803175e-06
operator,parallel_fixed_exact_calls,30,r101_21,shaw_related,1.3346725609153508e-07,2015,4.004017682746053e-06
operator,parallel_fixed_exact_calls,18,r101_21,swap,1.2955489283841518e-07,2015,2.331988071091473e-06
operator,parallel_fixed_exact_calls,18,r101_21,two_opt_star,1.2722416108267174e-07,2015,2.2900348994880915e-06
operator,parallel_fixed_exact_calls,508,r101_21,vehicle_count_aware_repair,1.5364917555244595e-07,2015,7.805378118064255e-05
operator,parallel_fixed_exact_calls,16,r101_21,worst_energy_detour,1.2768668966600671e-07,2015,2.0429870346561074e-06
route,parallel_fixed_exact_calls,80,r101_21,10102,0.003322839061365812,2015,0.26582712490926497
route,parallel_fixed_exact_calls,79,r101_21,10831,0.0033651940374269705,2015,0.26585032895673066
route,parallel_fixed_exact_calls,80,r101_21,11994,0.0033227817863007657,2015,0.26582254290406127
route,parallel_fixed_exact_calls,79,r101_21,13394,0.003364842342134695,2015,0.2658225450286409
route,parallel_fixed_exact_calls,77,r101_21,15004,0.0034522348818332924,2015,0.2658220859011635
route,parallel_fixed_exact_calls,1,r101_21,15786,0.008010874997125939,2015,0.008010874997125939
route,parallel_fixed_exact_calls,71,r101_21,16385,0.0037439636614347454,2015,0.2658214199618669
route,parallel_fixed_exact_calls,76,r101_21,1675,0.0034976760390763,2015,0.2658233789697988
route,parallel_fixed_exact_calls,72,r101_21,17415,0.0036919653319071382,2015,0.26582150389731396
route,parallel_fixed_exact_calls,5,r101_21,18146,0.0013671168038854376,2015,0.006835584019427188
route,parallel_fixed_exact_calls,80,r101_21,18586,0.0033227813368284843,2015,0.26582250694627874
route,parallel_fixed_exact_calls,1,r101_21,19592,0.009085291996598244,2015,0.009085291996598244
route,parallel_fixed_exact_calls,73,r101_21,19978,0.0036413938908244495,2015,0.2658217540301848
route,parallel_fixed_exact_calls,68,r101_21,21253,0.003909223704848795,2015,0.26582721192971803
route,parallel_fixed_exact_calls,78,r101_21,22916,0.0034079866016280646,2015,0.26582295492698904
route,parallel_fixed_exact_calls,78,r101_21,23818,0.0034080180899204258,2015,0.2658254110137932
route,parallel_fixed_exact_calls,1,r101_21,24886,0.024697458997252397,2015,0.024697458997252397
route,parallel_fixed_exact_calls,79,r101_21,26008,0.00336487815163505,2015,0.26582537397916894
route,parallel_fixed_exact_calls,81,r101_21,3126,0.0032817644071061005,2015,0.2658229169755941
route,parallel_fixed_exact_calls,82,r101_21,4499,0.0032417398175400704,2015,0.2658226650382858
route,parallel_fixed_exact_calls,1,r101_21,450,0.007294875002116896,2015,0.007294875002116896
route,parallel_fixed_exact_calls,68,r101_21,5513,0.003909155131516266,2015,0.2658225489431061
route,parallel_fixed_exact_calls,79,r101_21,632,0.003364876101657017,2015,0.26582521203090437
route,parallel_fixed_exact_calls,76,r101_21,6895,0.003497663959837825,2015,0.2658224609476747
route,parallel_fixed_exact_calls,81,r101_21,8516,0.0032817603189161876,2015,0.2658225858322112
operator,serial_wall_clock,298,r101_21,energy,0.0001274395133243661,2015,0.037976974970661104
operator,serial_wall_clock,448,r101_21,greedy,8.03532589738357e-05,2015,0.035998260020278394
operator,serial_wall_clock,40,r101_21,initial_solution,0.12378920934861526,2015,4.95156837394461
operator,serial_wall_clock,212,r101_21,regret2,0.00016003309923140683,2015,0.03392701703705825
operator,serial_wall_clock,18,r101_21,relocate,1.4122067821315593e-07,2015,2.5419722078368068e-06
operator,serial_wall_clock,340,r101_21,route_elimination,1.3471418402760343e-07,2015,4.580282256938517e-05
operator,serial_wall_clock,320,r101_21,route_merge,1.1772185644076672e-07,2015,3.767099406104535e-05
operator,serial_wall_clock,18,r101_21,route_segment_destroy,1.1338933189916942e-07,2015,2.0410079741850495e-06
operator,serial_wall_clock,30,r101_21,shaw_related,1.276993619588514e-07,2015,3.8309808587655425e-06
operator,serial_wall_clock,18,r101_21,swap,1.226677947367231e-07,2015,2.208020305261016e-06
operator,serial_wall_clock,18,r101_21,two_opt_star,1.2716514498202338e-07,2015,2.2889726096764207e-06
operator,serial_wall_clock,1195,r101_21,vehicle_count_aware_repair,1.4299334481818344e-05,2015,0.01708770470577292
operator,serial_wall_clock,16,r101_21,worst_energy_detour,1.3799945008940995e-07,2015,2.207991201430559e-06
route,serial_wall_clock,147,r101_21,10102,0.0016843098172004062,2015,0.24759354312845971
route,serial_wall_clock,2,r101_21,10691,0.0022448959934990853,2015,0.004489791986998171
route,serial_wall_clock,149,r101_21,10831,0.0016620763281208694,2015,0.24764937289000954
route,serial_wall_clock,154,r101_21,11994,0.00160776300664973,2015,0.24759550302405842
route,serial_wall_clock,1,r101_21,12949,0.007411375001538545,2015,0.007411375001538545
route,serial_wall_clock,147,r101_21,13394,0.001684326550814,2015,0.247596002969658
route,serial_wall_clock,148,r101_21,15004,0.00167293216932071,2015,0.24759396105946507
route,serial_wall_clock,1,r101_21,15786,0.00803604201064445,2015,0.00803604201064445
route,serial_wall_clock,9,r101_21,16285,0.0011239351087068724,2015,0.010115415978361852
route,serial_wall_clock,134,r101_21,16385,0.0018477021335796175,2015,0.24759208589966875
route,serial_wall_clock,148,r101_21,1675,0.0016729389730293456,2015,0.24759496800834313
route,serial_wall_clock,139,r101_21,17415,0.0017812416616369963,2015,0.2475925909675425
route,serial_wall_clock,14,r101_21,18146,0.0004214493580678079,2015,0.00590029101294931
route,serial_wall_clock,154,r101_21,18586,0.0016077476355750657,2015,0.24759313587856013
route,serial_wall_clock,1,r101_21,19592,0.007995499996468425,2015,0.007995499996468425
route,serial_wall_clock,144,r101_21,19978,0.00171940861077423,2015,0.24759483995148912
route,serial_wall_clock,2,r101_21,21135,0.002072687500913162,2015,0.004145375001826324
route,serial_wall_clock,133,r101_21,21253,0.001861681119421553,2015,0.24760358888306655
route,serial_wall_clock,4,r101_21,22249,0.002499281494237948,2015,0.009997125976951793
route,serial_wall_clock,146,r101_21,22916,0.0016958567048526649,2015,0.24759507890848909
route,serial_wall_clock,152,r101_21,23818,0.0016289371969354473,2015,0.247598453934188
route,serial_wall_clock,5,r101_21,24886,0.004780125405522995,2015,0.023900627027614973
route,serial_wall_clock,145,r101_21,26008,0.0017075818616110062,2015,0.24759936993359588
route,serial_wall_clock,1,r101_21,26342,0.023166374987340532,2015,0.023166374987340532
route,serial_wall_clock,149,r101_21,3126,0.001661729859715584,2015,0.247597749097622
route,serial_wall_clock,156,r101_21,4499,0.001587140262134385,2015,0.24759388089296408
route,serial_wall_clock,1,r101_21,450,0.006776249996619299,2015,0.006776249996619299
route,serial_wall_clock,132,r101_21,5513,0.001875710204551455,2015,0.24759374700079206
route,serial_wall_clock,3,r101_21,5552,0.00425194433288804,2015,0.012755832998664118
route,serial_wall_clock,152,r101_21,632,0.0016289388358449,2015,0.2475987030484248
route,serial_wall_clock,146,r101_21,6895,0.001695858773915735,2015,0.2475953809916973
route,serial_wall_clock,152,r101_21,8516,0.0016289142433953728,2015,0.24759496499609668
operator,parallel_wall_clock,298,r101_21,energy,0.0001334249263769172,2015,0.039760628060321324
operator,parallel_wall_clock,448,r101_21,greedy,8.867072119755903e-05,2015,0.03972448309650645
operator,parallel_wall_clock,40,r101_21,initial_solution,0.12769190552135115,2015,5.107676220854046
operator,parallel_wall_clock,212,r101_21,regret2,0.00016911858036556228,2015,0.035853139037499204
operator,parallel_wall_clock,18,r101_21,relocate,1.3205701381795936e-07,2015,2.3770262487232685e-06
operator,parallel_wall_clock,340,r101_21,route_elimination,1.195149653700783e-07,2015,4.063508822582662e-05
operator,parallel_wall_clock,320,r101_21,route_merge,1.1639726835710462e-07,2015,3.724712587427348e-05
operator,parallel_wall_clock,18,r101_21,route_segment_destroy,1.2033544610150986e-07,2015,2.1660380298271775e-06
operator,parallel_wall_clock,30,r101_21,shaw_related,1.2776872608810664e-07,2015,3.833061782643199e-06
operator,parallel_wall_clock,18,r101_21,swap,1.2272115175922713e-07,2015,2.208980731666088e-06
operator,parallel_wall_clock,18,r101_21,two_opt_star,1.1577827131582632e-07,2015,2.0840088836848736e-06
operator,parallel_wall_clock,1195,r101_21,vehicle_count_aware_repair,1.3667662790197115e-05,2015,0.016332857034285553
operator,parallel_wall_clock,16,r101_21,worst_energy_detour,1.301232259720564e-07,2015,2.0819716155529022e-06
route,parallel_wall_clock,147,r101_21,10102,0.0017374038983763633,2015,0.2553983730613254
route,parallel_wall_clock,2,r101_21,10691,0.002713271001994144,2015,0.005426542003988288
route,parallel_wall_clock,149,r101_21,10831,0.00171446421511015,2015,0.25545516805141233
route,parallel_wall_clock,154,r101_21,11994,0.0016584408060532645,2015,0.2553998841322027
route,parallel_wall_clock,1,r101_21,12949,0.007983625007909723,2015,0.007983625007909723
route,parallel_wall_clock,147,r101_21,13394,0.0017374110272309433,2015,0.25539942100294866
route,parallel_wall_clock,148,r101_21,15004,0.001725669202691328,2015,0.25539904199831653
route,parallel_wall_clock,1,r101_21,15786,0.008111709001241252,2015,0.008111709001241252
route,parallel_wall_clock,9,r101_21,16285,0.001257611223587042,2015,0.011318501012283377
route,parallel_wall_clock,134,r101_21,16385,0.001905945895948628,2015,0.25539675005711615
route,parallel_wall_clock,148,r101_21,1675,0.001725669256867715,2015,0.2553990500164218
route,parallel_wall_clock,139,r101_21,17415,0.0018373882442397876,2015,0.2553969659493305
route,parallel_wall_clock,14,r101_21,18146,0.0004885625011021537,2015,0.006839875015430152
route,parallel_wall_clock,154,r101_21,18586,0.0016584321631605483,2015,0.25539855312672444
route,parallel_wall_clock,1,r101_21,19592,0.008574958992539905,2015,0.008574958992539905
route,parallel_wall_clock,144,r101_21,19978,0.0017735998620385847,2015,0.2553983801335562
route,parallel_wall_clock,2,r101_21,21135,0.0022860004974063486,2015,0.004572000994812697
route,parallel_wall_clock,133,r101_21,21253,0.001920385029857551,2015,0.2554112089710543
route,parallel_wall_clock,4,r101_21,22249,0.0024511142437404487,2015,0.009804456974961795
route,parallel_wall_clock,146,r101_21,22916,0.0017493185343034246,2015,0.2554005060083
route,parallel_wall_clock,152,r101_21,23818,0.0016802927833563636,2015,0.25540450307016727
route,parallel_wall_clock,5,r101_21,24886,0.0052044168027350676,2015,0.02602208401367534
route,parallel_wall_clock,145,r101_21,26008,0.0017614080343829018,2015,0.25540416498552077
route,parallel_wall_clock,1,r101_21,26342,0.023806750003132038,2015,0.023806750003132038
route,parallel_wall_clock,149,r101_21,3126,0.0017140989938763363,2015,0.2554007500875741
route,parallel_wall_clock,156,r101_21,4499,0.00163716748619873,2015,0.2553981278470019
route,parallel_wall_clock,1,r101_21,450,0.007339750009123236,2015,0.007339750009123236
route,parallel_wall_clock,132,r101_21,5513,0.0019348311739811447,2015,0.2553977149655111
route,parallel_wall_clock,3,r101_21,5552,0.003859569667838514,2015,0.011578709003515542
route,parallel_wall_clock,152,r101_21,632,0.0016802878879771971,2015,0.255403758972534
route,parallel_wall_clock,146,r101_21,6895,0.0017493113629003247,2015,0.2553994589834474
route,parallel_wall_clock,152,r101_21,8516,0.0016802580127037608,2015,0.25539921793097164
operator,serial_fixed_exact_calls,323,r101_21,energy,0.0001374062381565121,2016,0.04438221492455341
operator,serial_fixed_exact_calls,584,r101_21,greedy,9.774006124245392e-05,2016,0.05708019576559309
operator,serial_fixed_exact_calls,40,r101_21,initial_solution,0.13131444049540733,2016,5.252577619816293
operator,serial_fixed_exact_calls,228,r101_21,regret2,8.285947370224453e-05,2016,0.018891960004111752
operator,serial_fixed_exact_calls,18,r101_21,relocate,1.1572168053438266e-07,2016,2.082990249618888e-06
operator,serial_fixed_exact_calls,300,r101_21,route_elimination,1.3282323682991167e-07,2016,3.98469710489735e-05
operator,serial_fixed_exact_calls,400,r101_21,route_merge,1.1452739272499457e-07,2016,4.581095708999783e-05
operator,serial_fixed_exact_calls,18,r101_21,route_segment_destroy,1.1100120092224743e-07,2016,1.998021616600454e-06
operator,serial_fixed_exact_calls,42,r101_21,shaw_related,1.308570582685726e-07,2016,5.495996447280049e-06
operator,serial_fixed_exact_calls,18,r101_21,swap,1.2277531722146603e-07,2016,2.2099557099863887e-06
operator,serial_fixed_exact_calls,90,r101_21,time_window_conflict,1.2963363486859534e-07,2016,1.166702713817358e-05
operator,serial_fixed_exact_calls,18,r101_21,two_opt_star,1.0894210491743353e-07,2016,1.9609578885138035e-06
operator,serial_fixed_exact_calls,902,r101_21,vehicle_count_aware_repair,2.8592765903277964e-05,2016,0.025790674844756722
operator,serial_fixed_exact_calls,18,r101_21,worst_energy_detour,1.2972143142380648e-07,2016,2.3349857656285167e-06
route,serial_fixed_exact_calls,153,r101_21,10811,0.001716923202312661,2016,0.26268924995383713
route,serial_fixed_exact_calls,147,r101_21,12098,0.0017866970671081067,2016,0.2626444688648917
route,serial_fixed_exact_calls,1,r101_21,12567,0.008361582993529737,2016,0.008361582993529737
route,serial_fixed_exact_calls,7,r101_21,13239,0.00038554185552389493,2016,0.0026987929886672646
route,serial_fixed_exact_calls,26,r101_21,13490,0.0004477981156714332,2016,0.011642751007457264
route,serial_fixed_exact_calls,123,r101_21,13587,0.0021353066508228535,2016,0.262642718051211
route,serial_fixed_exact_calls,148,r101_21,15276,0.0017746981689383942,2016,0.26265532900288235
route,serial_fixed_exact_calls,156,r101_21,1558,0.0016836338534351224,2016,0.2626468811358791
route,serial_fixed_exact_calls,149,r101_21,16731,0.0017627357242936768,2016,0.26264762291975785
route,serial_fixed_exact_calls,2,r101_21,17101,0.0050393959900247864,2016,0.010078791980049573
route,serial_fixed_exact_calls,1,r101_21,17146,0.013591208989964798,2016,0.013591208989964798
route,serial_fixed_exact_calls,1,r101_21,17456,0.004066250010509975,2016,0.004066250010509975
route,serial_fixed_exact_calls,142,r101_21,17706,0.0018496194354899582,2016,0.26264595983957406
route,serial_fixed_exact_calls,151,r101_21,18407,0.0017393945956476254,2016,0.26264858394279145
route,serial_fixed_exact_calls,153,r101_21,19764,0.0017166354305801755,2016,0.26264522087876685
route,serial_fixed_exact_calls,150,r101_21,21275,0.0017509674927957046,2016,0.2626451239193557
route,serial_fixed_exact_calls,2,r101_21,21624,0.005079874499642756,2016,0.010159748999285512
route,serial_fixed_exact_calls,1,r101_21,22036,0.007239999991725199,2016,0.007239999991725199
route,serial_fixed_exact_calls,150,r101_21,22697,0.0017509586528952543,2016,0.26264379793428816
route,serial_fixed_exact_calls,1,r101_21,23831,0.014139874998363666,2016,0.014139874998363666
route,serial_fixed_exact_calls,1,r101_21,2407,0.011546000008820556,2016,0.011546000008820556
route,serial_fixed_exact_calls,149,r101_21,25409,0.0017627345976433811,2016,0.2626474550488638
route,serial_fixed_exact_calls,151,r101_21,26310,0.001739373132343626,2016,0.26264534298388753
route,serial_fixed_exact_calls,27,r101_21,2661,0.00035299225796565963,2016,0.00953079096507281
route,serial_fixed_exact_calls,120,r101_21,2785,0.002188684083618379,2016,0.26264209003420547
route,serial_fixed_exact_calls,145,r101_21,4469,0.001811337365532005,2016,0.2626439180021407
route,serial_fixed_exact_calls,152,r101_21,5408,0.0017279191509403876,2016,0.2626437109429389
route,serial_fixed_exact_calls,147,r101_21,554,0.001786708340288748,2016,0.26264612602244597
route,serial_fixed_exact_calls,7,r101_21,6357,0.0011494048521853983,2016,0.008045833965297788
route,serial_fixed_exact_calls,3,r101_21,6452,0.0030376109934877604,2016,0.009112832980463281
route,serial_fixed_exact_calls,134,r101_21,6517,0.0019600407982552632,2016,0.2626454669662053
route,serial_fixed_exact_calls,12,r101_21,6555,0.0009181702492545204,2016,0.011018042991054244
route,serial_fixed_exact_calls,20,r101_21,8105,0.0007321644508920145,2016,0.014643289017840289
route,serial_fixed_exact_calls,117,r101_21,8186,0.002244813452797154,2016,0.262643173977267
route,serial_fixed_exact_calls,150,r101_21,9721,0.0017509869393931392,2016,0.26264804090897087
operator,parallel_fixed_exact_calls,323,r101_21,energy,0.00015296803431617148,2016,0.04940867508412339
operator,parallel_fixed_exact_calls,584,r101_21,greedy,0.00010784613368741702,2016,0.06298214207345154
operator,parallel_fixed_exact_calls,40,r101_21,initial_solution,0.1344235904449306,2016,5.376943617797224
operator,parallel_fixed_exact_calls,228,r101_21,regret2,9.200257919841086e-05,2016,0.020976588057237677
operator,parallel_fixed_exact_calls,18,r101_21,relocate,1.2272196019896202e-07,2016,2.2089952835813165e-06
operator,parallel_fixed_exact_calls,300,r101_21,route_elimination,1.3265327046004434e-07,2016,3.97959811380133e-05
operator,parallel_fixed_exact_calls,400,r101_21,route_merge,1.283454184886068e-07,2016,5.1338167395442724e-05
operator,parallel_fixed_exact_calls,18,r101_21,route_segment_destroy,1.1349847126338217e-07,2016,2.042972482740879e-06
operator,parallel_fixed_exact_calls,42,r101_21,shaw_related,1.3880933346670298e-07,2016,5.829992005601525e-06
operator,parallel_fixed_exact_calls,18,r101_21,swap,1.1583324521780014e-07,2016,2.0849984139204025e-06
operator,parallel_fixed_exact_calls,90,r101_21,time_window_conflict,2.1897754373235834e-07,2016,1.970797893591225e-05
operator,parallel_fixed_exact_calls,18,r101_21,two_opt_star,1.2033382922204004e-07,2016,2.166008925996721e-06
operator,parallel_fixed_exact_calls,902,r101_21,vehicle_count_aware_repair,2.918389888556195e-05,2016,0.02632387679477688
operator,parallel_fixed_exact_calls,18,r101_21,worst_energy_detour,1.2277855098040567e-07,2016,2.210013917647302e-06
route,parallel_fixed_exact_calls,153,r101_21,10811,0.001757653307221416,2016,0.26892095600487664
route,parallel_fixed_exact_calls,147,r101_21,12098,0.001829078285574761,2016,0.26887450797948986
route,parallel_fixed_exact_calls,1,r101_21,12567,0.008814834000077099,2016,0.008814834000077099
route,parallel_fixed_exact_calls,7,r101_21,13239,0.0004718570001257051,2016,0.003302999000879936
route,parallel_fixed_exact_calls,26,r101_21,13490,0.0005158715771708208,2016,0.01341266100644134
route,parallel_fixed_exact_calls,123,r101_21,13587,0.00218586661858575,2016,0.26886159408604726
route,parallel_fixed_exact_calls,148,r101_21,15276,0.0018167229855198704,2016,0.2688750018569408
route,parallel_fixed_exact_calls,156,r101_21,1558,0.0017234821284662944,2016,0.26886321204074193
route,parallel_fixed_exact_calls,149,r101_21,16731,0.001804507878959029,2016,0.2688716739648953
route,parallel_fixed_exact_calls,2,r101_21,17101,0.005499999999301508,2016,0.010999999998603016
route,parallel_fixed_exact_calls,1,r101_21,17146,0.016505874998983927,2016,0.016505874998983927
route,parallel_fixed_exact_calls,1,r101_21,17456,0.004189625004073605,2016,0.004189625004073605
route,parallel_fixed_exact_calls,142,r101_21,17706,0.0018934195419129077,2016,0.2688655749516329
route,parallel_fixed_exact_calls,151,r101_21,18407,0.0017805791783589093,2016,0.2688674559321953
route,parallel_fixed_exact_calls,153,r101_21,19764,0.0017572791629289794,2016,0.26886371192813385
route,parallel_fixed_exact_calls,150,r101_21,21275,0.001792424447000182,2016,0.2688636670500273
route,parallel_fixed_exact_calls,2,r101_21,21624,0.005460396001581103,2016,0.010920792003162205
route,parallel_fixed_exact_calls,1,r101_21,22036,0.007550207999884151,2016,0.007550207999884151
route,parallel_fixed_exact_calls,150,r101_21,22697,0.0017924128263257443,2016,0.26886192394886166
route,parallel_fixed_exact_calls,1,r101_21,23831,0.014583833995857276,2016,0.014583833995857276
route,parallel_fixed_exact_calls,1,r101_21,2407,0.013759124994976446,2016,0.013759124994976446
route,parallel_fixed_exact_calls,149,r101_21,25409,0.0018044709059606688,2016,0.26886616498813964
route,parallel_fixed_exact_calls,151,r101_21,26310,0.0017805563242387472,2016,0.2688640049600508
route,parallel_fixed_exact_calls,27,r101_21,2661,0.00038138577871938686,2016,0.010297416025423445
route,parallel_fixed_exact_calls,120,r101_21,2785,0.00224052815901814,2016,0.26886337908217683
route,parallel_fixed_exact_calls,145,r101_21,4469,0.0018542232963352882,2016,0.2688623779686168
route,parallel_fixed_exact_calls,152,r101_21,5408,0.0017688418161254191,2016,0.2688639560510637
route,parallel_fixed_exact_calls,147,r101_21,554,0.001828996278503973,2016,0.26886245294008404
route,parallel_fixed_exact_calls,7,r101_21,6357,0.001252660430119639,2016,0.008768623010837473
route,parallel_fixed_exact_calls,3,r101_21,6452,0.0033726806674773493,2016,0.010118042002432048
route,parallel_fixed_exact_calls,134,r101_21,6517,0.0020064872468225727,2016,0.26886929107422475
route,parallel_fixed_exact_calls,12,r101_21,6555,0.0009704653348308057,2016,0.011645584017969668
route,parallel_fixed_exact_calls,20,r101_21,8105,0.0007264312007464468,2016,0.014528624014928937
route,parallel_fixed_exact_calls,117,r101_21,8186,0.0022979448634024677,2016,0.26885954901808873
route,parallel_fixed_exact_calls,150,r101_21,9721,0.001792423913429957,2016,0.26886358701449353
operator,serial_wall_clock,323,r101_21,energy,0.00014335939595072123,2016,0.04630508489208296
operator,serial_wall_clock,584,r101_21,greedy,9.855354639437617e-05,2016,0.057555271094315685
operator,serial_wall_clock,40,r101_21,initial_solution,0.14000332369541865,2016,5.600132947816746
operator,serial_wall_clock,358,r101_21,regret2,5.659346366151595e-05,2016,0.02026045999082271
operator,serial_wall_clock,18,r101_21,relocate,1.3644279937984214e-07,2016,2.4559703888371587e-06
operator,serial_wall_clock,320,r101_21,route_elimination,1.2681193766184152e-07,2016,4.0579820051789284e-05
operator,serial_wall_clock,420,r101_21,route_merge,1.255139414708884e-07,2016,5.271585541777313e-05
operator,serial_wall_clock,18,r101_21,route_segment_destroy,1.249451694699625e-07,2016,2.2490130504593253e-06
operator,serial_wall_clock,42,r101_21,shaw_related,2.539510162369836e-07,2016,1.0665942681953311e-05
operator,serial_wall_clock,18,r101_21,swap,1.2055534170940518e-07,2016,2.1699961507692933e-06
operator,serial_wall_clock,126,r101_21,time_window_conflict,1.2867392451014546e-07,2016,1.621291448827833e-05
operator,serial_wall_clock,18,r101_21,two_opt_star,1.227203433194922e-07,2016,2.2089661797508597e-06
operator,serial_wall_clock,1150,r101_21,vehicle_count_aware_repair,3.151329059619456e-05,2016,0.03624028418562375
operator,serial_wall_clock,18,r101_21,worst_energy_detour,1.112768788718515e-07,2016,2.002983819693327e-06
route,serial_wall_clock,175,r101_21,10811,0.0016004571716101573,2016,0.28008000503177755
route,serial_wall_clock,170,r101_21,12098,0.0016472044060184784,2016,0.28002474902314134
route,serial_wall_clock,1,r101_21,12567,0.008020042005227879,2016,0.008020042005227879
route,serial_wall_clock,10,r101_21,13239,0.0002904082997702062,2016,0.002904082997702062
route,serial_wall_clock,32,r101_21,13490,0.00041411584379602573,2016,0.013251707001472823
route,serial_wall_clock,138,r101_21,13587,0.0020291470442527393,2016,0.280022292106878
route,serial_wall_clock,169,r101_21,15276,0.0016570278102760727,2016,0.2800376999366563
route,serial_wall_clock,177,r101_21,1558,0.0015820887794462954,2016,0.2800297139619943
route,serial_wall_clock,172,r101_21,16731,0.001628074342544667,2016,0.28002878691768274
route,serial_wall_clock,2,r101_21,17101,0.005081166498712264,2016,0.010162332997424528
route,serial_wall_clock,19,r101_21,17146,0.0007359801575627276,2016,0.013983622993691824
route,serial_wall_clock,1,r101_21,17456,0.004099290992598981,2016,0.004099290992598981
route,serial_wall_clock,163,r101_21,17706,0.0017179550735695584,2016,0.28002667699183803
route,serial_wall_clock,174,r101_21,18407,0.0016093666266500093,2016,0.2800297930371016
route,serial_wall_clock,175,r101_21,19764,0.0016001448278880812,2016,0.2800253448804142
route,serial_wall_clock,173,r101_21,21275,0.0016186746063432253,2016,0.28003070689737797
route,serial_wall_clock,2,r101_21,21624,0.005336458511010278,2016,0.010672917022020556
route,serial_wall_clock,1,r101_21,22036,0.0069785829982720315,2016,0.0069785829982720315
route,serial_wall_clock,172,r101_21,22697,0.0016280429066851908,2016,0.2800233799498528
route,serial_wall_clock,1,r101_21,23831,0.014111167009104975,2016,0.014111167009104975
route,serial_wall_clock,1,r101_21,2407,0.012765124993165955,2016,0.012765124993165955
route,serial_wall_clock,172,r101_21,25409,0.0016280695462503286,2016,0.2800279619550565
route,serial_wall_clock,174,r101_21,26310,0.0016094153211217899,2016,0.28003826587519143
route,serial_wall_clock,48,r101_21,2661,0.00021362687554452955,2016,0.010254090026137419
route,serial_wall_clock,120,r101_21,2785,0.0023334934497446134,2016,0.2800192139693536
route,serial_wall_clock,166,r101_21,4469,0.001686898607154747,2016,0.280025168787688
route,serial_wall_clock,175,r101_21,5408,0.00160014953821831,2016,0.2800261691882042
route,serial_wall_clock,170,r101_21,554,0.0016472068581873933,2016,0.2800251658918569
route,serial_wall_clock,12,r101_21,6357,0.000648847167515972,2016,0.007786166010191664
route,serial_wall_clock,7,r101_21,6452,0.0012836664287273639,2016,0.008985665001091547
route,serial_wall_clock,155,r101_21,6517,0.0018066249875118956,2016,0.2800268730643438
route,serial_wall_clock,13,r101_21,6555,0.0008440546169787502,2016,0.010972710020723753
route,serial_wall_clock,18,r101_21,7694,0.0005563403343937049,2016,0.010014126019086689
route,serial_wall_clock,23,r101_21,8105,0.0006553132609595829,2016,0.015072205002070405
route,serial_wall_clock,117,r101_21,8186,0.002393318059840279,2016,0.2800182130013127
route,serial_wall_clock,155,r101_21,9721,0.0018066148121555848,2016,0.2800252958841156
operator,parallel_wall_clock,323,r101_21,energy,0.0001482440407594072,2016,0.04788282516528852
operator,parallel_wall_clock,584,r101_21,greedy,0.0001046652983386095,2016,0.06112453422974795
operator,parallel_wall_clock,40,r101_21,initial_solution,0.13239692815041054,2016,5.295877126016421
operator,parallel_wall_clock,358,r101_21,regret2,5.691089088880254e-05,2016,0.02037409893819131
operator,parallel_wall_clock,18,r101_21,relocate,1.342236323075162e-07,2016,2.4160253815352917e-06
operator,parallel_wall_clock,320,r101_21,route_elimination,1.2540303941932507e-07,2016,4.012897261418402e-05
operator,parallel_wall_clock,420,r101_21,route_merge,1.1866411244097565e-07,2016,4.983892722520977e-05
operator,parallel_wall_clock,18,r101_21,route_segment_destroy,1.5260997719855772e-07,2016,2.746979589574039e-06
operator,parallel_wall_clock,42,r101_21,shaw_related,1.289299689233303e-07,2016,5.415058694779873e-06
operator,parallel_wall_clock,18,r101_21,swap,1.2499933493220144e-07,2016,2.249988028779626e-06
operator,parallel_wall_clock,126,r101_21,time_window_conflict,1.3003198777340235e-07,2016,1.6384030459448695e-05
operator,parallel_wall_clock,18,r101_21,two_opt_star,1.1799905526762207e-07,2016,2.1239829948171973e-06
operator,parallel_wall_clock,1210,r101_21,vehicle_count_aware_repair,2.9945662733425256e-05,2016,0.03623425190744456
operator,parallel_wall_clock,18,r101_21,worst_energy_detour,1.1800067214709189e-07,2016,2.124012098647654e-06
route,parallel_wall_clock,178,r101_21,10811,0.001488030662994277,2016,0.26486945801298134
route,parallel_wall_clock,173,r101_21,12098,0.0015307047693368392,2016,0.2648119250952732
route,parallel_wall_clock,1,r101_21,12567,0.008360625011846423,2016,0.008360625011846423
route,parallel_wall_clock,10,r101_21,13239,0.00034437499853083863,2016,0.0034437499853083864
route,parallel_wall_clock,32,r101_21,13490,0.00040743234421825036,2016,0.013037835014984012
route,parallel_wall_clock,141,r101_21,13587,0.0018780849146836681,2016,0.2648099729703972
route,parallel_wall_clock,172,r101_21,15276,0.001539682157335635,2016,0.26482533106172923
route,parallel_wall_clock,180,r101_21,1558,0.0014711756946376733,2016,0.2648116250347812
route,parallel_wall_clock,175,r101_21,16731,0.0015132304741668381,2016,0.2648153329791967
route,parallel_wall_clock,2,r101_21,17101,0.0054273119967547245,2016,0.010854623993509449
route,parallel_wall_clock,22,r101_21,17146,0.0006615341361876662,2016,0.014553750996128656
route,parallel_wall_clock,1,r101_21,17456,0.004503584001213312,2016,0.004503584001213312
route,parallel_wall_clock,166,r101_21,17706,0.0015952593015074864,2016,0.26481304405024275
route,parallel_wall_clock,177,r101_21,18407,0.001496152735350122,2016,0.2648190341569716
route,parallel_wall_clock,178,r101_21,19764,0.0014877144942678814,2016,0.2648131799796829
route,parallel_wall_clock,176,r101_21,21275,0.0015046127099677424,2016,0.26481183695432264
route,parallel_wall_clock,2,r101_21,21624,0.005298916497849859,2016,0.010597832995699719
route,parallel_wall_clock,1,r101_21,22036,0.007308833999559283,2016,0.007308833999559283
route,parallel_wall_clock,175,r101_21,22697,0.001513224069494754,2016,0.26481421216158196
route,parallel_wall_clock,1,r101_21,23831,0.015447207988472655,2016,0.015447207988472655
route,parallel_wall_clock,1,r101_21,2407,0.012491999994381331,2016,0.012491999994381331
route,parallel_wall_clock,175,r101_21,25409,0.0015132352230804308,2016,0.2648161640390754
route,parallel_wall_clock,177,r101_21,26310,0.001496112066693341,2016,0.26481183580472134
route,parallel_wall_clock,51,r101_21,2661,0.00019951715697899607,2016,0.0101753750059288
route,parallel_wall_clock,120,r101_21,2785,0.0022067183914865987,2016,0.26480620697839186
route,parallel_wall_clock,169,r101_21,4469,0.001566928580435015,2016,0.2648109300935175
route,parallel_wall_clock,178,r101_21,5408,0.0014877043703042515,2016,0.26481137791415676
route,parallel_wall_clock,173,r101_21,554,0.0015307078499688816,2016,0.2648124580446165
route,parallel_wall_clock,12,r101_21,6357,0.0007209166651591659,2016,0.00865099998190999
route,parallel_wall_clock,7,r101_21,6452,0.0014021665722663914,2016,0.00981516600586474
route,parallel_wall_clock,158,r101_21,6517,0.0016760342852787198,2016,0.2648134170740377
route,parallel_wall_clock,13,r101_21,6555,0.0008838943075925971,2016,0.011490625998703763
route,parallel_wall_clock,21,r101_21,7694,0.0004896805226703041,2016,0.010283290976076387
route,parallel_wall_clock,23,r101_21,8105,0.000621197345975341,2016,0.014287538957432844
route,parallel_wall_clock,117,r101_21,8186,0.0022632956409550263,2016,0.2648055899917381
route,parallel_wall_clock,155,r101_21,9721,0.0017084534898693224,2016,0.26481029092974495
operator,serial_fixed_exact_calls,40,r103C10,energy,5.735112317779567e-05,2014,0.002294044927111827
operator,serial_fixed_exact_calls,19,r103C10,greedy,0.0001701205772788901,2014,0.003232290968298912
operator,serial_fixed_exact_calls,4,r103C10,initial_solution,0.0005544895029743202,2014,0.002217958011897281
operator,serial_fixed_exact_calls,19,r103C10,regret2,0.0001449693165915577,2014,0.0027544170152395964
operator,serial_fixed_exact_calls,34,r103C10,route_elimination,2.034999745185761e-07,2014,6.918999133631587e-06
operator,serial_fixed_exact_calls,36,r103C10,route_merge,2.0135929743345412e-07,2014,7.248934707604349e-06
operator,serial_fixed_exact_calls,2,r103C10,route_segment_destroy,0.0006132085036369972,2014,0.0012264170072739944
operator,serial_fixed_exact_calls,9,r103C10,shaw_related,8.510633294160168e-05,2014,0.0007659569964744151
operator,serial_fixed_exact_calls,2,r103C10,standard,1.4599936548620462e-07,2014,2.9199873097240925e-07
operator,serial_fixed_exact_calls,134,r103C10,vehicle_count_aware_repair,3.0612163293460355e-05,2014,0.004102029881323688
route,serial_fixed_exact_calls,1,r103C10,1022,0.00022254200302995741,2014,0.00022254200302995741
route,serial_fixed_exact_calls,1,r103C10,1044,0.00013420800678431988,2014,0.00013420800678431988
route,serial_fixed_exact_calls,19,r103C10,1045,7.1095250620457685e-06,2014,0.0001350809761788696
route,serial_fixed_exact_calls,5,r103C10,1129,0.0002079499972751364,2014,0.001039749986375682
route,serial_fixed_exact_calls,52,r103C10,1293,2.3806922679516272e-05,2014,0.0012379599793348461
route,serial_fixed_exact_calls,1,r103C10,1295,0.0011988340120296925,2014,0.0011988340120296925
route,serial_fixed_exact_calls,5,r103C10,1344,0.0001314997993176803,2014,0.0006574989965884015
route,serial_fixed_exact_calls,2,r103C10,154,0.0003537714947015047,2014,0.0007075429894030094
route,serial_fixed_exact_calls,9,r103C10,176,8.533333311788738e-05,2014,0.0007679999980609864
route,serial_fixed_exact_calls,2,r103C10,180,0.00036927100154571235,2014,0.0007385420030914247
route,serial_fixed_exact_calls,3,r103C10,282,0.00017013899923767895,2014,0.0005104169977130368
route,serial_fixed_exact_calls,6,r103C10,302,0.00018501400093858442,2014,0.0011100840056315064
route,serial_fixed_exact_calls,1,r103C10,374,0.0004384159983601421,2014,0.0004384159983601421
route,serial_fixed_exact_calls,50,r103C10,411,1.4430920127779246e-05,2014,0.0007215460063889623
route,serial_fixed_exact_calls,5,r103C10,508,0.0001285665959585458,2014,0.000642832979792729
route,serial_fixed_exact_calls,2,r103C10,556,0.0003147709940094501,2014,0.0006295419880189002
route,serial_fixed_exact_calls,1,r103C10,562,0.0004165419959463179,2014,0.0004165419959463179
route,serial_fixed_exact_calls,1,r103C10,601,0.0003440839936956763,2014,0.0003440839936956763
route,serial_fixed_exact_calls,24,r103C10,613,1.461791543988511e-05,2014,0.00035082997055724263
route,serial_fixed_exact_calls,79,r103C10,621,1.4222454894157245e-05,2014,0.0011235739366384223
route,serial_fixed_exact_calls,1,r103C10,662,0.0003679999936139211,2014,0.0003679999936139211
route,serial_fixed_exact_calls,6,r103C10,833,0.00010125699918717146,2014,0.0006075419951230288
route,serial_fixed_exact_calls,4,r103C10,835,0.00012415599485393614,2014,0.0004966239794157445
route,serial_fixed_exact_calls,8,r103C10,836,7.39373735996196e-05,2014,0.0005914989887969568
route,serial_fixed_exact_calls,5,r103C10,839,9.74749942542985e-05,2014,0.00048737497127149254
route,serial_fixed_exact_calls,5,r103C10,876,7.662499556317925e-05,2014,0.00038312497781589627
route,serial_fixed_exact_calls,1,r103C10,999,0.0005455830105347559,2014,0.0005455830105347559
operator,parallel_fixed_exact_calls,40,r103C10,energy,0.00011199367581866681,2014,0.004479747032746673
operator,parallel_fixed_exact_calls,19,r103C10,greedy,0.0002816382628608201,2014,0.005351126994355582
operator,parallel_fixed_exact_calls,4,r103C10,initial_solution,0.06476635449871537,2014,0.2590654179948615
operator,parallel_fixed_exact_calls,19,r103C10,regret2,0.00021203505533967952,2014,0.004028666051453911
operator,parallel_fixed_exact_calls,34,r103C10,route_elimination,2.0832521840929985e-07,2014,7.083057425916195e-06
operator,parallel_fixed_exact_calls,36,r103C10,route_merge,2.210828016460356e-07,2014,7.95898085925728e-06
operator,parallel_fixed_exact_calls,2,r103C10,route_segment_destroy,0.0009661039948696271,2014,0.0019322079897392541
operator,parallel_fixed_exact_calls,9,r103C10,shaw_related,0.00012038866568925894,2014,0.0010834979912033305
operator,parallel_fixed_exact_calls,2,r103C10,standard,1.2500095181167126e-07,2014,2.500019036233425e-07
operator,parallel_fixed_exact_calls,134,r103C10,vehicle_count_aware_repair,5.43700525260864e-05,2014,0.007285587038495578
route,parallel_fixed_exact_calls,1,r103C10,1022,0.0005019999953219667,2014,0.0005019999953219667
route,parallel_fixed_exact_calls,1,r103C10,1044,0.0004775419947691262,2014,0.0004775419947691262
route,parallel_fixed_exact_calls,19,r103C10,1045,2.1868579910675945e-05,2014,0.000415503018302843
route,parallel_fixed_exact_calls,5,r103C10,1129,0.0002770749997580424,2014,0.001385374998790212
route,parallel_fixed_exact_calls,52,r103C10,1293,3.739100066013634e-05,2014,0.0019443320343270898
route,parallel_fixed_exact_calls,1,r103C10,1295,0.0014718750026077032,2014,0.0014718750026077032
route,parallel_fixed_exact_calls,5,r103C10,1344,0.00018100000161211938,2014,0.0009050000080605969
route,parallel_fixed_exact_calls,2,r103C10,154,0.0006504584962385707,2014,0.0013009169924771413
route,parallel_fixed_exact_calls,9,r103C10,176,0.00012051844451990392,2014,0.0010846660006791353
route,parallel_fixed_exact_calls,2,r103C10,180,0.0004830210018553771,2014,0.0009660420037107542
route,parallel_fixed_exact_calls,3,r103C10,282,0.00028481933016640443,2014,0.0008544579904992133
route,parallel_fixed_exact_calls,6,r103C10,302,0.021589132164081093,2014,0.12953479298448656
route,parallel_fixed_exact_calls,1,r103C10,374,0.000741625000955537,2014,0.000741625000955537
route,parallel_fixed_exact_calls,50,r103C10,411,2.323743945453316e-05,2014,0.001161871972726658
route,parallel_fixed_exact_calls,5,r103C10,508,0.0001966916024684906,2014,0.000983458012342453
route,parallel_fixed_exact_calls,2,r103C10,556,0.0005597495037363842,2014,0.0011194990074727684
route,parallel_fixed_exact_calls,1,r103C10,562,0.0007732500089332461,2014,0.0007732500089332461
route,parallel_fixed_exact_calls,1,r103C10,601,0.0006079590093577281,2014,0.0006079590093577281
route,parallel_fixed_exact_calls,24,r103C10,613,5.042179266941579e-05,2014,0.0012101230240659788
route,parallel_fixed_exact_calls,79,r103C10,621,0.0016398312790316377,2014,0.12954667104349937
route,parallel_fixed_exact_calls,1,r103C10,662,0.0006796669913455844,2014,0.0006796669913455844
route,parallel_fixed_exact_calls,6,r103C10,833,0.00011245833593420684,2014,0.0006747500156052411
route,parallel_fixed_exact_calls,4,r103C10,835,0.00024192725322791375,2014,0.000967709012911655
route,parallel_fixed_exact_calls,8,r103C10,836,0.00013102099910611287,2014,0.001048167992848903
route,parallel_fixed_exact_calls,5,r103C10,839,0.00022219140373636037,2014,0.0011109570186818019
route,parallel_fixed_exact_calls,5,r103C10,876,0.00016080799978226423,2014,0.0008040399989113212
route,parallel_fixed_exact_calls,1,r103C10,999,0.0009692919993540272,2014,0.0009692919993540272
operator,serial_wall_clock,312,r103C10,energy,0.0001744105804204875,2014,0.054416101091192104
operator,serial_wall_clock,114,r103C10,greedy,0.00013744264058339852,2014,0.01566846102650743
operator,serial_wall_clock,4,r103C10,initial_solution,0.0005406460040831007,2014,0.002162584016332403
operator,serial_wall_clock,267,r103C10,regret2,0.00011770774952392355,2014,0.03142796912288759
operator,serial_wall_clock,142,r103C10,route_elimination,1.9363434263832972e-07,2014,2.749607665464282e-05
operator,serial_wall_clock,126,r103C10,route_merge,1.851905604809641e-07,2014,2.3334010620601475e-05
operator,serial_wall_clock,2,r103C10,route_segment_destroy,0.0006088334994274192,2014,0.0012176669988548383
operator,serial_wall_clock,77,r103C10,shaw_related,1.0208349203231272e-05,2014,0.000786042888648808
operator,serial_wall_clock,38,r103C10,standard,2.3013088043387e-07,2014,8.74497345648706e-06
operator,serial_wall_clock,1460,r103C10,vehicle_count_aware_repair,1.1848516970368944e-05,2014,0.01729883477673866
route,serial_wall_clock,6,r103C10,1001,6.178483454277739e-05,2014,0.00037070900725666434
route,serial_wall_clock,1,r103C10,1022,0.00021537499560508877,2014,0.00021537499560508877
route,serial_wall_clock,1,r103C10,1044,0.00023787500686012208,2014,0.00023787500686012208
route,serial_wall_clock,19,r103C10,1045,8.092262616724169e-06,2014,0.0001537529897177592
route,serial_wall_clock,1,r103C10,1047,0.00015387500752694905,2014,0.00015387500752694905
route,serial_wall_clock,1,r103C10,1048,0.00013170900638215244,2014,0.00013170900638215244
route,serial_wall_clock,2,r103C10,1056,0.0005732915014959872,2014,0.0011465830029919744
route,serial_wall_clock,4,r103C10,1070,0.0002448125014780089,2014,0.0009792500059120357
route,serial_wall_clock,4,r103C10,1091,8.171874651452526e-05,2014,0.00032687498605810106
route,serial_wall_clock,1,r103C10,1092,0.0003509170055622235,2014,0.0003509170055622235
route,serial_wall_clock,3,r103C10,1096,0.00029930566961411387,2014,0.0008979170088423416
route,serial_wall_clock,2,r103C10,1127,0.0006041669985279441,2014,0.0012083339970558882
route,serial_wall_clock,35,r103C10,1129,0.0006653380571931068,2014,0.02328683200175874
route,serial_wall_clock,77,r103C10,1131,1.698750575441964e-05,2014,0.0013080379430903122
route,serial_wall_clock,6,r103C10,1141,0.00025532650518774364,2014,0.001531959031126462
route,serial_wall_clock,2,r103C10,1147,0.0005396249980549328,2014,0.0010792499961098656
route,serial_wall_clock,11,r103C10,1153,7.853799880566922e-05,2014,0.0008639179868623614
route,serial_wall_clock,4,r103C10,1185,0.00016822924953885376,2014,0.0006729169981554151
route,serial_wall_clock,4,r103C10,1186,0.00031709350150777027,2014,0.001268374006031081
route,serial_wall_clock,2,r103C10,1207,0.000541457993676886,2014,0.001082915987353772
route,serial_wall_clock,5,r103C10,1210,0.00021311700402293354,2014,0.0010655850201146677
route,serial_wall_clock,17,r103C10,1211,6.71103540191646e-05,2014,0.0011408760183257982
route,serial_wall_clock,2,r103C10,1223,0.00041570849862182513,2014,0.0008314169972436503
route,serial_wall_clock,2,r103C10,1252,0.00044793700362788513,2014,0.0008958740072557703
route,serial_wall_clock,1,r103C10,1260,0.0008159590070135891,2014,0.0008159590070135891
route,serial_wall_clock,2,r103C10,1263,0.0005217915022512898,2014,0.0010435830045025796
route,serial_wall_clock,1,r103C10,127,0.0007717919943388551,2014,0.0007717919943388551
route,serial_wall_clock,3,r103C10,1274,0.00031344433955382556,2014,0.0009403330186614767
route,serial_wall_clock,4,r103C10,1275,0.0002650522474141326,2014,0.0010602089896565303
route,serial_wall_clock,7,r103C10,128,8.136900058681411e-05,2014,0.0005695830041076988
route,serial_wall_clock,58,r103C10,1293,2.1232844276177086e-05,2014,0.001231504968018271
route,serial_wall_clock,6,r103C10,1295,0.00020815966612038514,2014,0.0012489579967223108
route,serial_wall_clock,2,r103C10,1317,0.0007375005006906576,2014,0.0014750010013813153
route,serial_wall_clock,3,r103C10,1323,0.00040456933493260294,2014,0.0012137080047978088
route,serial_wall_clock,1,r103C10,1327,0.0008933329954743385,2014,0.0008933329954743385
route,serial_wall_clock,25,r103C10,1344,2.5903320056386293e-05,2014,0.0006475830014096573
route,serial_wall_clock,51,r103C10,1356,1.0421686787523476e-05,2014,0.0005315060261636972
route,serial_wall_clock,4,r103C10,1365,8.101025377982296e-05,2014,0.00032404101511929184
route,serial_wall_clock,1,r103C10,1369,0.000712665991159156,2014,0.000712665991159156
route,serial_wall_clock,5,r103C10,138,5.7949998881667854e-05,2014,0.00028974999440833926
route,serial_wall_clock,2,r103C10,154,0.0003476880010566674,2014,0.0006953760021133348
route,serial_wall_clock,6,r103C10,158,7.614549879993622e-05,2014,0.00045687299279961735
route,serial_wall_clock,2,r103C10,162,0.0003027915008715354,2014,0.0006055830017430708
route,serial_wall_clock,18,r103C10,164,3.137266725793274e-05,2014,0.0005647080106427893
route,serial_wall_clock,3,r103C10,166,0.00017513900335567692,2014,0.0005254170100670308
route,serial_wall_clock,20,r103C10,172,2.2822999744676055e-05,2014,0.00045645999489352107
route,serial_wall_clock,2,r103C10,175,0.0005346874968381599,2014,0.0010693749936763197
route,serial_wall_clock,193,r103C10,176,4.383647896426639e-06,2014,0.0008460440440103412
route,serial_wall_clock,3,r103C10,177,0.0001957916683750227,2014,0.0005873750051250681
route,serial_wall_clock,561,r103C10,180,1.3550034541148634e-06,2014,0.0007601569377584383
route,serial_wall_clock,1,r103C10,182,0.000578042003326118,2014,0.000578042003326118
route,serial_wall_clock,107,r103C10,189,4.400747907609096e-06,2014,0.00047088002611417323
route,serial_wall_clock,1,r103C10,191,0.0004488749982556328,2014,0.0004488749982556328
route,serial_wall_clock,7,r103C10,196,6.494642626161553e-05,2014,0.0004546249838313088
route,serial_wall_clock,2,r103C10,216,0.00027814599889097735,2014,0.0005562919977819547
route,serial_wall_clock,2,r103C10,267,0.0003322500051581301,2014,0.0006645000103162602
route,serial_wall_clock,3,r103C10,273,0.0002145696683631589,2014,0.0006437090050894767
route,serial_wall_clock,4,r103C10,275,0.00018069799625664018,2014,0.0007227919850265607
route,serial_wall_clock,8,r103C10,282,6.327087430690881e-05,2014,0.0005061669944552705
route,serial_wall_clock,5,r103C10,283,0.000115750398254022,2014,0.00057875199127011
route,serial_wall_clock,14,r103C10,302,7.747621462580614e-05,2014,0.001084667004761286
route,serial_wall_clock,1,r103C10,361,0.0006319170061033219,2014,0.0006319170061033219
route,serial_wall_clock,2,r103C10,371,0.0003079169982811436,2014,0.0006158339965622872
route,serial_wall_clock,21,r103C10,374,2.1849236440002207e-05,2014,0.0004588339652400464
route,serial_wall_clock,35,r103C10,375,1.2638083509435612e-05,2014,0.0004423329228302464
route,serial_wall_clock,1,r103C10,381,0.00046045899216551334,2014,0.00046045899216551334
route,serial_wall_clock,4,r103C10,383,0.00013937499534222297,2014,0.0005574999813688919
route,serial_wall_clock,5,r103C10,402,0.00012333360209595411,2014,0.0006166680104797706
route,serial_wall_clock,7,r103C10,405,0.00014423200212019895,2014,0.0010096240148413926
route,serial_wall_clock,4,r103C10,406,0.00021104174811625853,2014,0.0008441669924650341
route,serial_wall_clock,2,r103C10,408,0.00048016700020525604,2014,0.0009603340004105121
route,serial_wall_clock,1,r103C10,410,0.0008601250010542572,2014,0.0008601250010542572
route,serial_wall_clock,240,r103C10,411,3.2921871631212224e-06,2014,0.0007901249191490933
route,serial_wall_clock,389,r103C10,414,2.2935966397264546e-06,2014,0.0008922090928535908
route,serial_wall_clock,3,r103C10,419,0.0002660833318562557,2014,0.0007982499955687672
route,serial_wall_clock,2,r103C10,426,0.000568729497899767,2014,0.001137458995799534
route,serial_wall_clock,22,r103C10,427,5.6554999900981784e-05,2014,0.0012442099978215992
route,serial_wall_clock,3,r103C10,428,0.00035151400273510564,2014,0.001054542008205317
route,serial_wall_clock,4,r103C10,430,0.00015843749497435056,2014,0.0006337499798974022
route,serial_wall_clock,2,r103C10,435,0.00038829199911560863,2014,0.0007765839982312173
route,serial_wall_clock,3,r103C10,456,0.00019915299587106952,2014,0.0005974589876132086
route,serial_wall_clock,1,r103C10,463,0.0009391659987159073,2014,0.0009391659987159073
route,serial_wall_clock,8,r103C10,466,0.0001093488772312412,2014,0.0008747910178499296
route,serial_wall_clock,12,r103C10,468,7.702424894281042e-05,2014,0.0009242909873137251
route,serial_wall_clock,6,r103C10,496,8.495133321654673e-05,2014,0.0005097079992992803
route,serial_wall_clock,3,r103C10,503,0.00018479133238239834,2014,0.000554373997147195
route,serial_wall_clock,2,r103C10,504,0.0003371460043126717,2014,0.0006742920086253434
route,serial_wall_clock,11,r103C10,508,6.204172677826136e-05,2014,0.000682458994560875
route,serial_wall_clock,33,r103C10,509,2.0364879288315546e-05,2014,0.0006720410165144131
route,serial_wall_clock,2,r103C10,512,0.00041737450374057516,2014,0.0008347490074811503
route,serial_wall_clock,2,r103C10,524,0.00028481250046752393,2014,0.0005696250009350479
route,serial_wall_clock,2,r103C10,552,0.00025216700305463746,2014,0.0005043340061092749
route,serial_wall_clock,18,r103C10,556,3.681250058838891e-05,2014,0.0006626250105910003
route,serial_wall_clock,6,r103C10,562,6.89094983196507e-05,2014,0.00041345698991790414
route,serial_wall_clock,1,r103C10,576,0.000527750002220273,2014,0.000527750002220273
route,serial_wall_clock,1,r103C10,601,0.0003290839958935976,2014,0.0003290839958935976
route,serial_wall_clock,24,r103C10,613,1.4072917717082115e-05,2014,0.00033775002520997077
route,serial_wall_clock,118,r103C10,621,9.350271346008058e-06,2014,0.0011033320188289508
route,serial_wall_clock,1,r103C10,644,0.00036108300264459103,2014,0.00036108300264459103
route,serial_wall_clock,3,r103C10,656,0.0001663196696123729,2014,0.0004989590088371187
route,serial_wall_clock,1,r103C10,662,0.00033958400308620185,2014,0.00033958400308620185
route,serial_wall_clock,4,r103C10,717,0.0001494272510171868,2014,0.0005977090040687472
route,serial_wall_clock,2,r103C10,719,0.00022543749219039455,2014,0.0004508749843807891
route,serial_wall_clock,2,r103C10,729,0.0003005834951181896,2014,0.0006011669902363792
route,serial_wall_clock,2,r103C10,748,0.0003358749963808805,2014,0.000671749992761761
route,serial_wall_clock,2,r103C10,749,0.000322520500048995,2014,0.00064504100009799
route,serial_wall_clock,3,r103C10,761,0.00032243033153160167,2014,0.0009672909945948049
route,serial_wall_clock,2,r103C10,766,0.0003557920063030906,2014,0.0007115840126061812
route,serial_wall_clock,1,r103C10,769,0.0007373330008704215,2014,0.0007373330008704215
route,serial_wall_clock,3,r103C10,771,0.00024008333760624131,2014,0.0007202500128187239
route,serial_wall_clock,4,r103C10,772,0.000208937497518491,2014,0.000835749990073964
route,serial_wall_clock,1,r103C10,782,0.00045233400305733085,2014,0.00045233400305733085
route,serial_wall_clock,1,r103C10,796,0.0008909169991966337,2014,0.0008909169991966337
route,serial_wall_clock,9,r103C10,797,0.00012712044634908024,2014,0.0011440840171417221
route,serial_wall_clock,2,r103C10,806,0.00041581249388400465,2014,0.0008316249877680093
route,serial_wall_clock,1,r103C10,815,0.00046291699982248247,2014,0.00046291699982248247
route,serial_wall_clock,3,r103C10,821,0.00011309699524038781,2014,0.00033929098572116345
route,serial_wall_clock,17,r103C10,833,2.7970589786384473e-05,2014,0.00047550002636853606
route,serial_wall_clock,4,r103C10,835,0.00012890650032204576,2014,0.000515626001288183
route,serial_wall_clock,14,r103C10,836,4.135135947892975e-05,2014,0.0005789190327050164
route,serial_wall_clock,31,r103C10,839,1.5254160614624138e-05,2014,0.0004728789790533483
route,serial_wall_clock,5,r103C10,862,0.0001489332033088431,2014,0.0007446660165442154
route,serial_wall_clock,7,r103C10,863,0.00013326785535485084,2014,0.0009328749874839559
route,serial_wall_clock,2,r103C10,868,0.0004249374978826381,2014,0.0008498749957652763
route,serial_wall_clock,5,r103C10,876,7.284159655682743e-05,2014,0.00036420798278413713
route,serial_wall_clock,2,r103C10,877,0.00020302050688769668,2014,0.00040604101377539337
route,serial_wall_clock,2,r103C10,893,0.00047366700164275244,2014,0.0009473340032855049
route,serial_wall_clock,2,r103C10,910,0.00011964600707869977,2014,0.00023929201415739954
route,serial_wall_clock,1,r103C10,919,0.0004592500044964254,2014,0.0004592500044964254
route,serial_wall_clock,1,r103C10,937,0.0007622919947607443,2014,0.0007622919947607443
route,serial_wall_clock,9,r103C10,941,0.00010384733549370948,2014,0.0009346260194433853
route,serial_wall_clock,28,r103C10,943,4.4196428331945625e-05,2014,0.0012374999932944775
route,serial_wall_clock,1,r103C10,951,0.0006540829926962033,2014,0.0006540829926962033
route,serial_wall_clock,2,r103C10,954,0.000387020998459775,2014,0.00077404199691955
route,serial_wall_clock,2,r103C10,962,0.0005966039971099235,2014,0.001193207994219847
route,serial_wall_clock,2,r103C10,990,0.0007214580036816187,2014,0.0014429160073632374
route,serial_wall_clock,6,r103C10,995,0.00025309716147603467,2014,0.001518582968856208
route,serial_wall_clock,1,r103C10,999,0.0005304580117808655,2014,0.0005304580117808655
operator,parallel_wall_clock,312,r103C10,energy,0.000159955926415606,2014,0.04990624904166907
operator,parallel_wall_clock,114,r103C10,greedy,0.0002205965166355957,2014,0.02514800289645791
operator,parallel_wall_clock,4,r103C10,initial_solution,0.06163156225011335,2014,0.2465262490004534
operator,parallel_wall_clock,267,r103C10,regret2,0.00017620130281412297,2014,0.047045747851370834
operator,parallel_wall_clock,142,r103C10,route_elimination,1.874514183186939e-07,2014,2.6618101401254535e-05
operator,parallel_wall_clock,126,r103C10,route_merge,1.9276933652156639e-07,2014,2.4288936401717365e-05
operator,parallel_wall_clock,2,r103C10,route_segment_destroy,0.0010546665071160533,2014,0.0021093330142321065
operator,parallel_wall_clock,77,r103C10,shaw_related,1.4648884466800886e-05,2014,0.0011279641039436683
operator,parallel_wall_clock,38,r103C10,standard,2.3565792760468626e-07,2014,8.955001248978078e-06
operator,parallel_wall_clock,1460,r103C10,vehicle_count_aware_repair,1.6622001248210897e-05,2014,0.02426812182238791
route,parallel_wall_clock,6,r103C10,1001,0.00012553483490288878,2014,0.0007532090094173327
route,parallel_wall_clock,1,r103C10,1022,0.000549832999240607,2014,0.000549832999240607
route,parallel_wall_clock,1,r103C10,1044,0.00048454198986291885,2014,0.00048454198986291885
route,parallel_wall_clock,19,r103C10,1045,2.161626348664102e-05,2014,0.00041070900624617934
route,parallel_wall_clock,1,r103C10,1047,0.0007905829988885671,2014,0.0007905829988885671
route,parallel_wall_clock,1,r103C10,1048,0.00042308300908189267,2014,0.00042308300908189267
route,parallel_wall_clock,2,r103C10,1056,0.0007640419935341924,2014,0.0015280839870683849
route,parallel_wall_clock,4,r103C10,1070,0.0002856877508747857,2014,0.0011427510034991428
route,parallel_wall_clock,4,r103C10,1091,0.00015307300054701045,2014,0.0006122920021880418
route,parallel_wall_clock,1,r103C10,1092,0.0007042500074021518,2014,0.0007042500074021518
route,parallel_wall_clock,3,r103C10,1096,0.0003045973329183956,2014,0.0009137919987551868
route,parallel_wall_clock,2,r103C10,1127,0.0009328125015599653,2014,0.0018656250031199306
route,parallel_wall_clock,35,r103C10,1129,5.770714155265263e-05,2014,0.002019749954342842
route,parallel_wall_clock,77,r103C10,1131,2.0497831381409877e-05,2014,0.0015783330163685605
route,parallel_wall_clock,6,r103C10,1141,0.0002898125021602027,2014,0.0017388750129612163
route,parallel_wall_clock,2,r103C10,1147,0.0006700004960293882,2014,0.0013400009920587763
route,parallel_wall_clock,11,r103C10,1153,9.314381697384471e-05,2014,0.0010245819867122918
route,parallel_wall_clock,4,r103C10,1185,0.00024698974448256195,2014,0.0009879589779302478
route,parallel_wall_clock,4,r103C10,1186,0.00041948975194827653,2014,0.0016779590077931061
route,parallel_wall_clock,2,r103C10,1207,0.0006226250043255277,2014,0.0012452500086510554
route,parallel_wall_clock,5,r103C10,1210,0.0002485581993823871,2014,0.0012427909969119355
route,parallel_wall_clock,17,r103C10,1211,0.00010651952984249768,2014,0.0018108320073224604
route,parallel_wall_clock,2,r103C10,1223,0.0005777705082437024,2014,0.0011555410164874047
route,parallel_wall_clock,2,r103C10,1252,0.0005868544976692647,2014,0.0011737089953385293
route,parallel_wall_clock,1,r103C10,1260,0.0015550419921055436,2014,0.0015550419921055436
route,parallel_wall_clock,2,r103C10,1263,0.0008954790100688115,2014,0.001790958020137623
route,parallel_wall_clock,1,r103C10,127,0.0011305419902782887,2014,0.0011305419902782887
route,parallel_wall_clock,3,r103C10,1274,0.0004313056609438111,2014,0.0012939169828314334
route,parallel_wall_clock,4,r103C10,1275,0.00042992725138901733,2014,0.0017197090055560693
route,parallel_wall_clock,7,r103C10,128,0.00012430957368841128,2014,0.000870167015818879
route,parallel_wall_clock,58,r103C10,1293,3.6610618578912366e-05,2014,0.0021234158775769174
route,parallel_wall_clock,6,r103C10,1295,0.0003407013355172239,2014,0.0020442080131033435
route,parallel_wall_clock,2,r103C10,1317,0.0007574580013169907,2014,0.0015149160026339814
route,parallel_wall_clock,3,r103C10,1323,0.0005317219959882399,2014,0.0015951659879647195
route,parallel_wall_clock,1,r103C10,1327,0.0012155829899711534,2014,0.0012155829899711534
route,parallel_wall_clock,25,r103C10,1344,3.877015842590481e-05,2014,0.0009692539606476203
route,parallel_wall_clock,51,r103C10,1356,1.728762735557907e-05,2014,0.0008816689951345325
route,parallel_wall_clock,4,r103C10,1365,0.00015287500355043449,2014,0.0006115000142017379
route,parallel_wall_clock,1,r103C10,1369,0.001174374992842786,2014,0.001174374992842786
route,parallel_wall_clock,5,r103C10,138,0.00013053339789621533,2014,0.0006526669894810766
route,parallel_wall_clock,2,r103C10,154,0.0006693955001537688,2014,0.0013387910003075376
route,parallel_wall_clock,6,r103C10,158,0.00011935416114283726,2014,0.0007161249668570235
route,parallel_wall_clock,2,r103C10,162,0.0004643334978027269,2014,0.0009286669956054538
route,parallel_wall_clock,18,r103C10,164,4.741888713195092e-05,2014,0.0008535399683751166
route,parallel_wall_clock,3,r103C10,166,0.0003966946678701788,2014,0.0011900840036105365
route,parallel_wall_clock,20,r103C10,172,3.613114895415492e-05,2014,0.0007226229790830985
route,parallel_wall_clock,2,r103C10,175,0.0005371249935706146,2014,0.0010742499871412292
route,parallel_wall_clock,193,r103C10,176,6.1425030559610205e-06,2014,0.001185503089800477
route,parallel_wall_clock,3,r103C10,177,0.00045068099764951813,2014,0.0013520429929485545
route,parallel_wall_clock,561,r103C10,180,1.8888606190591811e-06,2014,0.0010596508072922006
route,parallel_wall_clock,1,r103C10,182,0.0009831670031417161,2014,0.0009831670031417161
route,parallel_wall_clock,107,r103C10,189,1.0140953100260312e-05,2014,0.0010850819817278534
route,parallel_wall_clock,1,r103C10,191,0.0007633330096723512,2014,0.0007633330096723512
route,parallel_wall_clock,7,r103C10,196,0.0001064465697189527,2014,0.0007451259880326688
route,parallel_wall_clock,2,r103C10,216,0.0004422710044309497,2014,0.0008845420088618994
route,parallel_wall_clock,2,r103C10,267,0.0006444789978559129,2014,0.0012889579957118258
route,parallel_wall_clock,3,r103C10,273,0.00040111133421305567,2014,0.001203334002639167
route,parallel_wall_clock,4,r103C10,275,0.0002603230022941716,2014,0.0010412920091766864
route,parallel_wall_clock,8,r103C10,282,0.00011014587653335184,2014,0.0008811670122668147
route,parallel_wall_clock,5,r103C10,283,0.0001701497967587784,2014,0.000850748983793892
route,parallel_wall_clock,14,r103C10,302,0.00880475293005085,2014,0.12326654102071188
route,parallel_wall_clock,1,r103C10,361,0.0009690830047475174,2014,0.0009690830047475174
route,parallel_wall_clock,2,r103C10,371,0.0004825209980481304,2014,0.0009650419960962608
route,parallel_wall_clock,21,r103C10,374,5.40178104226167e-05,2014,0.0011343740188749507
route,parallel_wall_clock,35,r103C10,375,2.3457171378790268e-05,2014,0.0008210009982576594
route,parallel_wall_clock,1,r103C10,381,0.001112666999688372,2014,0.001112666999688372
route,parallel_wall_clock,4,r103C10,383,0.00023553124628961086,2014,0.0009421249851584435
route,parallel_wall_clock,5,r103C10,402,0.00018184179498348385,2014,0.0009092089749174193
route,parallel_wall_clock,7,r103C10,405,0.000159553433020067,2014,0.001116874031140469
route,parallel_wall_clock,4,r103C10,406,0.00026832275034394115,2014,0.0010732910013757646
route,parallel_wall_clock,2,r103C10,408,0.0006199170093168505,2014,0.001239834018633701
route,parallel_wall_clock,1,r103C10,410,0.0015470420039491728,2014,0.0015470420039491728
route,parallel_wall_clock,240,r103C10,411,4.977954813512042e-06,2014,0.0011947091552428901
route,parallel_wall_clock,389,r103C10,414,3.457601533204336e-06,2014,0.0013450069964164868
route,parallel_wall_clock,3,r103C10,419,0.000374430669277596,2014,0.001123292007832788
route,parallel_wall_clock,2,r103C10,426,0.0007282084989128634,2014,0.0014564169978257269
route,parallel_wall_clock,22,r103C10,427,6.870077182115479e-05,2014,0.0015114169800654054
route,parallel_wall_clock,3,r103C10,428,0.00042031932874427486,2014,0.0012609579862328246
route,parallel_wall_clock,4,r103C10,430,0.00020539599790936336,2014,0.0008215839916374534
route,parallel_wall_clock,2,r103C10,435,0.0006712079994031228,2014,0.0013424159988062456
route,parallel_wall_clock,3,r103C10,456,0.0002853056648746133,2014,0.0008559169946238399
route,parallel_wall_clock,1,r103C10,463,0.0012276250054128468,2014,0.0012276250054128468
route,parallel_wall_clock,8,r103C10,466,0.00013396350186667405,2014,0.0010717080149333924
route,parallel_wall_clock,12,r103C10,468,0.00010194099862322521,2014,0.0012232919834787026
route,parallel_wall_clock,6,r103C10,496,0.00017581949941813946,2014,0.0010549169965088367
route,parallel_wall_clock,3,r103C10,503,0.00029775033181067556,2014,0.0008932509954320267
route,parallel_wall_clock,2,r103C10,504,0.00047027049731696025,2014,0.0009405409946339205
route,parallel_wall_clock,11,r103C10,508,8.903409153307703e-05,2014,0.0009793750068638474
route,parallel_wall_clock,33,r103C10,509,2.604802879928188e-05,2014,0.000859584950376302
route,parallel_wall_clock,2,r103C10,512,0.0007400414979201742,2014,0.0014800829958403483
route,parallel_wall_clock,2,r103C10,524,0.0006667290072073229,2014,0.0013334580144146457
route,parallel_wall_clock,2,r103C10,552,0.0004035004967590794,2014,0.0008070009935181588
route,parallel_wall_clock,18,r103C10,556,5.8543834408434727e-05,2014,0.0010537890193518251
route,parallel_wall_clock,6,r103C10,562,0.00014969450421631336,2014,0.0008981670252978802
route,parallel_wall_clock,1,r103C10,576,0.0008255000138888136,2014,0.0008255000138888136
route,parallel_wall_clock,1,r103C10,601,0.0005867500003660098,2014,0.0005867500003660098
route,parallel_wall_clock,24,r103C10,613,3.003987634050039e-05,2014,0.0007209570321720093
route,parallel_wall_clock,118,r103C10,621,0.001044797652373406,2014,0.12328612298006192
route,parallel_wall_clock,1,r103C10,644,0.0005402920069172978,2014,0.0005402920069172978
route,parallel_wall_clock,3,r103C10,656,0.0002485693306274091,2014,0.0007457079918822274
route,parallel_wall_clock,1,r103C10,662,0.0007169579912442714,2014,0.0007169579912442714
route,parallel_wall_clock,4,r103C10,717,0.00021591650147456676,2014,0.000863666005898267
route,parallel_wall_clock,2,r103C10,719,0.00040214549517259,2014,0.00080429099034518
route,parallel_wall_clock,2,r103C10,729,0.0004622289998224005,2014,0.000924457999644801
route,parallel_wall_clock,2,r103C10,748,0.0004468749975785613,2014,0.0008937499951571226
route,parallel_wall_clock,2,r103C10,749,0.0007724579991190694,2014,0.0015449159982381389
route,parallel_wall_clock,3,r103C10,761,0.0005631943349726498,2014,0.0016895830049179494
route,parallel_wall_clock,2,r103C10,766,0.0005333955050446093,2014,0.0010667910100892186
route,parallel_wall_clock,1,r103C10,769,0.001223083003424108,2014,0.001223083003424108
route,parallel_wall_clock,3,r103C10,771,0.00035072200019688654,2014,0.0010521660005906597
route,parallel_wall_clock,4,r103C10,772,0.0003106042495346628,2014,0.0012424169981386513
route,parallel_wall_clock,1,r103C10,782,0.0007498750055674464,2014,0.0007498750055674464
route,parallel_wall_clock,1,r103C10,796,0.0011137499968754128,2014,0.0011137499968754128
route,parallel_wall_clock,9,r103C10,797,0.00016249988887769481,2014,0.0014624989998992532
route,parallel_wall_clock,2,r103C10,806,0.000591104500927031,2014,0.001182209001854062
route,parallel_wall_clock,1,r103C10,815,0.0008643750043120235,2014,0.0008643750043120235
route,parallel_wall_clock,3,r103C10,821,0.00020309733129882565,2014,0.0006092919938964769
route,parallel_wall_clock,17,r103C10,833,4.6764705021975236e-05,2014,0.000794999985373579
route,parallel_wall_clock,4,r103C10,835,0.0002954579977085814,2014,0.0011818319908343256
route,parallel_wall_clock,14,r103C10,836,6.131842798952545e-05,2014,0.0008584579918533564
route,parallel_wall_clock,31,r103C10,839,2.295958045344319e-05,2014,0.0007117469940567389
route,parallel_wall_clock,5,r103C10,862,0.00020528339664451777,2014,0.001026416983222589
route,parallel_wall_clock,7,r103C10,863,0.00016895228431427052,2014,0.0011826659901998937
route,parallel_wall_clock,2,r103C10,868,0.000591479503782466,2014,0.001182959007564932
route,parallel_wall_clock,5,r103C10,876,0.00014088339812587947,2014,0.0007044169906293973
route,parallel_wall_clock,2,r103C10,877,0.00035045800177613273,2014,0.0007009160035522655
route,parallel_wall_clock,2,r103C10,893,0.0005900835021748208,2014,0.0011801670043496415
route,parallel_wall_clock,2,r103C10,910,0.00031952100107446313,2014,0.0006390420021489263
route,parallel_wall_clock,1,r103C10,919,0.0006957919977139682,2014,0.0006957919977139682
route,parallel_wall_clock,1,r103C10,937,0.0010429579997435212,2014,0.0010429579997435212
route,parallel_wall_clock,9,r103C10,941,0.0001330603344184864,2014,0.0011975430097663775
route,parallel_wall_clock,28,r103C10,943,4.88852866900353e-05,2014,0.0013687880273209885
route,parallel_wall_clock,1,r103C10,951,0.0009304580016760156,2014,0.0009304580016760156
route,parallel_wall_clock,2,r103C10,954,0.0005839794976054691,2014,0.0011679589952109382
route,parallel_wall_clock,2,r103C10,962,0.0010184584971284494,2014,0.0020369169942568988
route,parallel_wall_clock,2,r103C10,990,0.000910979499167297,2014,0.001821958998334594
route,parallel_wall_clock,6,r103C10,995,0.0003184235004785781,2014,0.0019105410028714687
route,parallel_wall_clock,1,r103C10,999,0.0008485420112265274,2014,0.0008485420112265274
operator,serial_fixed_exact_calls,3,r103C10,ejection_chain,3.7533269884685677e-07,2015,1.1259980965405703e-06
operator,serial_fixed_exact_calls,29,r103C10,energy,0.00013732330939844893,2015,0.003982375972555019
operator,serial_fixed_exact_calls,78,r103C10,greedy,8.795670388887326e-05,2015,0.006860622903332114
operator,serial_fixed_exact_calls,4,r103C10,initial_solution,0.0005368227466533426,2015,0.0021472909866133705
operator,serial_fixed_exact_calls,35,r103C10,regret2,7.315354346896389e-05,2015,0.002560374021413736
operator,serial_fixed_exact_calls,28,r103C10,route_elimination,2.0385726072293308e-07,2015,5.708003300242126e-06
operator,serial_fixed_exact_calls,32,r103C10,route_merge,2.0050038074259646e-07,2015,6.416012183763087e-06
operator,serial_fixed_exact_calls,2,r103C10,route_segment_destroy,0.0007103125026333146,2015,0.0014206250052666292
operator,serial_fixed_exact_calls,4,r103C10,shaw_related,0.00019837500076391734,2015,0.0007935000030556694
operator,serial_fixed_exact_calls,6,r103C10,standard,1.8033703478674093e-07,2015,1.0820222087204456e-06
operator,serial_fixed_exact_calls,80,r103C10,vehicle_count_aware_repair,2.5450499015278184e-05,2015,0.0020360399212222546
route,serial_fixed_exact_calls,2,r103C10,147,0.00025047951203305274,2015,0.0005009590240661055
route,serial_fixed_exact_calls,4,r103C10,166,0.0002685314975678921,2015,0.0010741259902715683
route,serial_fixed_exact_calls,1,r103C10,234,0.0005392079910961911,2015,0.0005392079910961911
route,serial_fixed_exact_calls,57,r103C10,237,1.226380654292083e-05,2015,0.0006990369729464874
route,serial_fixed_exact_calls,3,r103C10,247,0.00024822200551473844,2015,0.0007446660165442154
route,serial_fixed_exact_calls,2,r103C10,264,0.00026458350475877523,2015,0.0005291670095175505
route,serial_fixed_exact_calls,2,r103C10,287,0.0004185204961686395,2015,0.000837040992337279
route,serial_fixed_exact_calls,18,r103C10,294,3.711811101917798e-05,2015,0.0006681259983452037
route,serial_fixed_exact_calls,2,r103C10,350,0.00021360399841796607,2015,0.00042720799683593214
route,serial_fixed_exact_calls,1,r103C10,396,0.0003154579899273813,2015,0.0003154579899273813
route,serial_fixed_exact_calls,17,r103C10,410,1.9357942031039036e-05,2015,0.0003290850145276636
route,serial_fixed_exact_calls,88,r103C10,418,1.2385863308075137e-05,2015,0.0010899559711106122
route,serial_fixed_exact_calls,5,r103C10,567,7.222499698400497e-05,2015,0.00036112498492002487
route,serial_fixed_exact_calls,2,r103C10,568,0.0002636459976201877,2015,0.0005272919952403754
route,serial_fixed_exact_calls,8,r103C10,569,8.358837658306584e-05,2015,0.0006687070126645267
route,serial_fixed_exact_calls,6,r103C10,571,7.800716654552768e-05,2015,0.00046804299927316606
route,serial_fixed_exact_calls,8,r103C10,598,4.87343695567688e-05,2015,0.0003898749564541504
route,serial_fixed_exact_calls,1,r103C10,638,0.0002065410080831498,2015,0.0002065410080831498
route,serial_fixed_exact_calls,2,r103C10,639,0.00011008299770765007,2015,0.00022016599541530013
route,serial_fixed_exact_calls,8,r103C10,656,1.8343625924899243e-05,2015,0.00014674900739919394
route,serial_fixed_exact_calls,1,r103C10,657,0.00012154100113548338,2015,0.00012154100113548338
route,serial_fixed_exact_calls,2,r103C10,718,0.0003535625000949949,2015,0.0007071250001899898
route,serial_fixed_exact_calls,1,r103C10,726,0.0005695419968105853,2015,0.0005695419968105853
route,serial_fixed_exact_calls,4,r103C10,745,0.0002391562557022553,2015,0.0009566250228090212
route,serial_fixed_exact_calls,33,r103C10,769,4.331311863621302e-05,2015,0.0014293329149950296
route,serial_fixed_exact_calls,2,r103C10,78,0.0003129165052087046,2015,0.0006258330104174092
route,serial_fixed_exact_calls,3,r103C10,780,0.0004415143290922667,2015,0.0013245429872768
route,serial_fixed_exact_calls,2,r103C10,809,0.0004693334994954057,2015,0.0009386669989908114
route,serial_fixed_exact_calls,6,r103C10,81,0.0001325623355417823,2015,0.0007953740132506937
route,serial_fixed_exact_calls,6,r103C10,82,0.00010247933096252382,2015,0.0006148759857751429
route,serial_fixed_exact_calls,2,r103C10,84,0.00023456249618902802,2015,0.00046912499237805605
route,serial_fixed_exact_calls,2,r103C10,86,0.0002600209991214797,2015,0.0005200419982429594
operator,parallel_fixed_exact_calls,3,r103C10,ejection_chain,4.4466772427161533e-07,2015,1.334003172814846e-06
operator,parallel_fixed_exact_calls,29,r103C10,energy,0.00022070396416579727,2015,0.006400414960808121
operator,parallel_fixed_exact_calls,78,r103C10,greedy,0.00014457052561621636,2015,0.011276500998064876
operator,parallel_fixed_exact_calls,4,r103C10,initial_solution,0.06430376074786182,2015,0.25721504299144726
operator,parallel_fixed_exact_calls,35,r103C10,regret2,0.00015661774294650448,2015,0.005481621003127657
operator,parallel_fixed_exact_calls,28,r103C10,route_elimination,2.1867890609428287e-07,2015,6.12300937063992e-06
operator,parallel_fixed_exact_calls,32,r103C10,route_merge,1.8759374142973684e-07,2015,6.002999725751579e-06
operator,parallel_fixed_exact_calls,2,r103C10,route_segment_destroy,0.0008335000020451844,2015,0.0016670000040903687
operator,parallel_fixed_exact_calls,4,r103C10,shaw_related,0.0004128437503823079,2015,0.0016513750015292317
operator,parallel_fixed_exact_calls,6,r103C10,standard,1.736698322929442e-07,2015,1.0420189937576652e-06
operator,parallel_fixed_exact_calls,80,r103C10,vehicle_count_aware_repair,4.2494213994359596e-05,2015,0.003399537119548768
route,parallel_fixed_exact_calls,2,r103C10,147,0.00040108300163410604,2015,0.0008021660032682121
route,parallel_fixed_exact_calls,4,r103C10,166,0.03215203150102752,2015,0.1286081260041101
route,parallel_fixed_exact_calls,1,r103C10,234,0.0008655830024508759,2015,0.0008655830024508759
route,parallel_fixed_exact_calls,57,r103C10,237,1.9196632548986952e-05,2015,0.0010942080552922562
route,parallel_fixed_exact_calls,3,r103C10,247,0.0005636249989038333,2015,0.0016908749967115
route,parallel_fixed_exact_calls,2,r103C10,264,0.0004225209995638579,2015,0.0008450419991277158
route,parallel_fixed_exact_calls,2,r103C10,287,0.0004008335017715581,2015,0.0008016670035431162
route,parallel_fixed_exact_calls,18,r103C10,294,6.964350258284766e-05,2015,0.0012535830464912578
route,parallel_fixed_exact_calls,2,r103C10,350,0.0003377704997546971,2015,0.0006755409995093942
route,parallel_fixed_exact_calls,1,r103C10,396,0.0006017499981680885,2015,0.0006017499981680885
route,parallel_fixed_exact_calls,17,r103C10,410,4.0029353626510675e-05,2015,0.0006804990116506815
route,parallel_fixed_exact_calls,88,r103C10,418,0.0014616439095169137,2015,0.1286246640374884
route,parallel_fixed_exact_calls,5,r103C10,567,0.000187192001612857,2015,0.0009359600080642849
route,parallel_fixed_exact_calls,2,r103C10,568,0.000661374993796926,2015,0.001322749987593852
route,parallel_fixed_exact_calls,8,r103C10,569,0.00013169799967727158,2015,0.0010535839974181727
route,parallel_fixed_exact_calls,6,r103C10,571,0.00015001383386940384,2015,0.0009000830032164231
route,parallel_fixed_exact_calls,8,r103C10,598,7.973949868755881e-05,2015,0.0006379159895004705
route,parallel_fixed_exact_calls,1,r103C10,638,0.0004938750062137842,2015,0.0004938750062137842
route,parallel_fixed_exact_calls,2,r103C10,639,0.00022754150268156081,2015,0.00045508300536312163
route,parallel_fixed_exact_calls,8,r103C10,656,5.657799920300022e-05,2015,0.00045262399362400174
route,parallel_fixed_exact_calls,1,r103C10,657,0.00038545799907296896,2015,0.00038545799907296896
route,parallel_fixed_exact_calls,2,r103C10,718,0.0005090209961053915,2015,0.001018041992210783
route,parallel_fixed_exact_calls,1,r103C10,726,0.0010374160046922043,2015,0.0010374160046922043
route,parallel_fixed_exact_calls,4,r103C10,745,0.0004226975033816416,2015,0.0016907900135265663
route,parallel_fixed_exact_calls,33,r103C10,769,5.0750059678896584e-05,2015,0.0016747519694035873
route,parallel_fixed_exact_calls,2,r103C10,78,0.00040168749546865,2015,0.0008033749909373
route,parallel_fixed_exact_calls,3,r103C10,780,0.000542527666160216,2015,0.0016275829984806478
route,parallel_fixed_exact_calls,2,r103C10,809,0.0007893750007497147,2015,0.0015787500014994293
route,parallel_fixed_exact_calls,6,r103C10,81,0.0002755693324919169,2015,0.0016534159949515015
route,parallel_fixed_exact_calls,6,r103C10,82,0.00023788199905538931,2015,0.0014272919943323359
route,parallel_fixed_exact_calls,2,r103C10,84,0.000366916494385805,2015,0.00073383298877161
route,parallel_fixed_exact_calls,2,r103C10,86,0.0003398540065973066,2015,0.0006797080131946132
operator,serial_wall_clock,3,r103C10,ejection_chain,4.7200107170889777e-07,2015,1.4160032151266932e-06
operator,serial_wall_clock,104,r103C10,energy,8.798836545163515e-05,2015,0.009150790006970055
operator,serial_wall_clock,156,r103C10,greedy,9.230501941951494e-05,2015,0.01439958302944433
operator,serial_wall_clock,4,r103C10,initial_solution,0.0007586249994346872,2015,0.003034499997738749
operator,serial_wall_clock,214,r103C10,regret2,0.00010336877108512394,2015,0.022120917012216523
operator,serial_wall_clock,122,r103C10,route_elimination,1.8610635230348247e-07,2015,2.270497498102486e-05
operator,serial_wall_clock,134,r103C10,route_merge,1.9773109833390187e-07,2015,2.6495967176742852e-05
operator,serial_wall_clock,2,r103C10,route_segment_destroy,0.0005973334991722368,2015,0.0011946669983444735
operator,serial_wall_clock,67,r103C10,shaw_related,1.7962016038415925e-05,2015,0.001203455074573867
operator,serial_wall_clock,28,r103C10,standard,2.2017931249657912e-07,2015,6.165020749904215e-06
operator,serial_wall_clock,1516,r103C10,vehicle_count_aware_repair,4.805905559673994e-06,2015,0.007285752828465775
route,serial_wall_clock,4,r103C10,138,0.00015729174629086629,2015,0.0006291669851634651
route,serial_wall_clock,2,r103C10,141,0.00022724999871570617,2015,0.00045449999743141234
route,serial_wall_clock,8,r103C10,147,5.969775338598993e-05,2015,0.0004775820270879194
route,serial_wall_clock,7,r103C10,166,0.00021695228393322656,2015,0.0015186659875325859
route,serial_wall_clock,47,r103C10,221,1.2784616704633895e-05,2015,0.0006008769851177931
route,serial_wall_clock,1,r103C10,223,0.00048254200373776257,2015,0.00048254200373776257
route,serial_wall_clock,10,r103C10,234,5.528740148292854e-05,2015,0.0005528740148292854
route,serial_wall_clock,1,r103C10,236,0.0008388749993173406,2015,0.0008388749993173406
route,serial_wall_clock,585,r103C10,237,1.4400115369970345e-06,2015,0.0008424067491432652
route,serial_wall_clock,4,r103C10,239,0.00028752074649673887,2015,0.0011500829859869555
route,serial_wall_clock,2,r103C10,245,0.00045066700113238767,2015,0.0009013340022647753
route,serial_wall_clock,6,r103C10,247,0.00011253483292724316,2015,0.000675208997563459
route,serial_wall_clock,1,r103C10,261,0.00045979200513102114,2015,0.00045979200513102114
route,serial_wall_clock,6,r103C10,264,0.00011918050101182114,2015,0.0007150830060709268
route,serial_wall_clock,6,r103C10,268,0.00011513883024842168,2015,0.0006908329814905301
route,serial_wall_clock,20,r103C10,270,4.107100030523725e-05,2015,0.000821420006104745
route,serial_wall_clock,2,r103C10,287,0.0002849375014193356,2015,0.0005698750028386712
route,serial_wall_clock,2,r103C10,292,0.0003593119909055531,2015,0.0007186239818111062
route,serial_wall_clock,51,r103C10,294,1.8161744924773482e-05,2015,0.0009262489911634475
route,serial_wall_clock,1,r103C10,299,0.0006287500000325963,2015,0.0006287500000325963
route,serial_wall_clock,2,r103C10,307,0.00029202099540270865,2015,0.0005840419908054173
route,serial_wall_clock,2,r103C10,309,0.00033381249522790313,2015,0.0006676249904558063
route,serial_wall_clock,2,r103C10,326,0.00017091650079237297,2015,0.00034183300158474594
route,serial_wall_clock,37,r103C10,342,1.9079919847835964e-05,2015,0.0007059570343699306
route,serial_wall_clock,17,r103C10,350,2.4330940933021554e-05,2015,0.0004136259958613664
route,serial_wall_clock,1,r103C10,353,0.0005085409939056262,2015,0.0005085409939056262
route,serial_wall_clock,1,r103C10,366,0.0004929160058964044,2015,0.0004929160058964044
route,serial_wall_clock,5,r103C10,396,6.925019843038172e-05,2015,0.0003462509921519086
route,serial_wall_clock,79,r103C10,410,4.968926077708602e-06,2015,0.00039254516013897955
route,serial_wall_clock,2,r103C10,412,0.0002181250019930303,2015,0.0004362500039860606
route,serial_wall_clock,6,r103C10,413,6.746516737621278e-05,2015,0.00040479100425727665
route,serial_wall_clock,1,r103C10,416,0.0004261249996488914,2015,0.0004261249996488914
route,serial_wall_clock,726,r103C10,418,2.2727741231916077e-06,2015,0.0016500340134371072
route,serial_wall_clock,6,r103C10,445,5.684000158604855e-05,2015,0.0003410400095162913
route,serial_wall_clock,2,r103C10,466,0.00019791700469795614,2015,0.0003958340093959123
route,serial_wall_clock,9,r103C10,499,6.083822356433504e-05,2015,0.0005475440120790154
route,serial_wall_clock,2,r103C10,540,0.00032045799889601767,2015,0.0006409159977920353
route,serial_wall_clock,2,r103C10,542,0.00037552050343947485,2015,0.0007510410068789497
route,serial_wall_clock,2,r103C10,546,0.00021256250329315662,2015,0.00042512500658631325
route,serial_wall_clock,3,r103C10,552,0.00042281932837795466,2015,0.001268457985133864
route,serial_wall_clock,2,r103C10,555,0.0003296040013083257,2015,0.0006592080026166514
route,serial_wall_clock,2,r103C10,558,0.0002873539997381158,2015,0.0005747079994762316
route,serial_wall_clock,13,r103C10,567,2.9650617552061493e-05,2015,0.0003854580281767994
route,serial_wall_clock,6,r103C10,568,0.00010784033171754952,2015,0.0006470419903052971
route,serial_wall_clock,61,r103C10,569,9.958310716892364e-06,2015,0.0006074569537304342
route,serial_wall_clock,16,r103C10,571,2.854424928955268e-05,2015,0.0004567079886328429
route,serial_wall_clock,1,r103C10,572,0.0005554170056711882,2015,0.0005554170056711882
route,serial_wall_clock,3,r103C10,587,0.0002141109919951608,2015,0.0006423329759854823
route,serial_wall_clock,6,r103C10,589,0.0001214306660889027,2015,0.0007285839965334162
route,serial_wall_clock,3,r103C10,593,0.0003660419994654755,2015,0.0010981259983964264
route,serial_wall_clock,8,r103C10,598,4.519262620306108e-05,2015,0.00036154100962448865
route,serial_wall_clock,1,r103C10,599,0.0003717499930644408,2015,0.0003717499930644408
route,serial_wall_clock,3,r103C10,620,0.0005412363292028507,2015,0.001623708987608552
route,serial_wall_clock,1,r103C10,626,0.0003740419924724847,2015,0.0003740419924724847
route,serial_wall_clock,1,r103C10,638,0.0002156249975087121,2015,0.0002156249975087121
route,serial_wall_clock,11,r103C10,639,2.426909288095141e-05,2015,0.0002669600216904655
route,serial_wall_clock,2,r103C10,65,0.0003183124936185777,2015,0.0006366249872371554
route,serial_wall_clock,1,r103C10,654,0.0001212920033140108,2015,0.0001212920033140108
route,serial_wall_clock,1,r103C10,655,0.00013233399658929557,2015,0.00013233399658929557
route,serial_wall_clock,49,r103C10,656,3.0994893417560628e-06,2015,0.00015187497774604708
route,serial_wall_clock,1,r103C10,657,0.00012233300367370248,2015,0.00012233300367370248
route,serial_wall_clock,10,r103C10,674,3.3175096905324605e-05,2015,0.0003317509690532461
route,serial_wall_clock,2,r103C10,683,0.00025687500601634383,2015,0.0005137500120326877
route,serial_wall_clock,6,r103C10,685,0.00020436833195465928,2015,0.0012262099917279556
route,serial_wall_clock,107,r103C10,688,9.69399129601944e-06,2015,0.00103725706867408
route,serial_wall_clock,3,r103C10,698,0.00023143033225399753,2015,0.0006942909967619926
route,serial_wall_clock,5,r103C10,717,0.0001992168021388352,2015,0.000996084010694176
route,serial_wall_clock,5,r103C10,718,0.00020159179985057563,2015,0.0010079589992528781
route,serial_wall_clock,3,r103C10,726,0.00021604166734808436,2015,0.000648125002044253
route,serial_wall_clock,9,r103C10,74,9.011566483726104e-05,2015,0.0008110409835353494
route,serial_wall_clock,4,r103C10,745,0.00025576049665687606,2015,0.0010230419866275042
route,serial_wall_clock,2,r103C10,755,0.0003889165018335916,2015,0.0007778330036671832
route,serial_wall_clock,2,r103C10,766,0.0005090414997539483,2015,0.0010180829995078966
route,serial_wall_clock,139,r103C10,769,8.870525077896581e-06,2015,0.0012330029858276248
route,serial_wall_clock,1,r103C10,772,0.001504999992903322,2015,0.001504999992903322
route,serial_wall_clock,7,r103C10,78,8.066071729574884e-05,2015,0.0005646250210702419
route,serial_wall_clock,5,r103C10,780,0.0001954581995960325,2015,0.0009772909979801625
route,serial_wall_clock,1,r103C10,79,0.0004547910066321492,2015,0.0004547910066321492
route,serial_wall_clock,3,r103C10,801,0.0002903889981098473,2015,0.0008711669943295419
route,serial_wall_clock,2,r103C10,809,0.000443499993707519,2015,0.000886999987415038
route,serial_wall_clock,86,r103C10,81,1.4203907698555307e-05,2015,0.0012215360620757565
route,serial_wall_clock,8,r103C10,82,7.504712630179711e-05,2015,0.0006003770104143769
route,serial_wall_clock,64,r103C10,821,1.2710858982245554e-05,2015,0.0008134949748637155
route,serial_wall_clock,6,r103C10,84,7.028466886064659e-05,2015,0.0004217080131638795
route,serial_wall_clock,3,r103C10,86,0.0001391663342171038,2015,0.00041749900265131146
route,serial_wall_clock,2,r103C10,90,0.0006325830036075786,2015,0.0012651660072151572
operator,parallel_wall_clock,3,r103C10,ejection_chain,4.0299588969598216e-07,2015,1.2089876690879464e-06
operator,parallel_wall_clock,104,r103C10,energy,0.00013399206797587866,2015,0.013935175069491379
operator,parallel_wall_clock,156,r103C10,greedy,0.0001614919483239273,2015,0.025192743938532658
operator,parallel_wall_clock,4,r103C10,initial_solution,0.06307454175475868,2015,0.25229816701903474
operator,parallel_wall_clock,214,r103C10,regret2,0.0001597252528745655,2015,0.034181204115157016
operator,parallel_wall_clock,122,r103C10,route_elimination,1.9663955336894657e-07,2015,2.399002551101148e-05
operator,parallel_wall_clock,134,r103C10,route_merge,1.958503175888266e-07,2015,2.6243942556902766e-05
operator,parallel_wall_clock,2,r103C10,route_segment_destroy,0.0008139995043165982,2015,0.0016279990086331964
operator,parallel_wall_clock,67,r103C10,shaw_related,1.8029193108929183e-05,2015,0.0012079559382982552
operator,parallel_wall_clock,28,r103C10,standard,2.5142799131572247e-07,2015,7.039983756840229e-06
operator,parallel_wall_clock,1516,r103C10,vehicle_count_aware_repair,6.661907318054322e-06,2015,0.010099451494170353
route,parallel_wall_clock,4,r103C10,138,0.0002484167562215589,2015,0.0009936670248862356
route,parallel_wall_clock,2,r103C10,141,0.00039566650229971856,2015,0.0007913330045994371
route,parallel_wall_clock,8,r103C10,147,0.00010340112385165412,2015,0.000827208990813233
route,parallel_wall_clock,7,r103C10,166,0.01802152371341695,2015,0.12615066599391866
route,parallel_wall_clock,47,r103C10,221,1.6310298072293083e-05,2015,0.0007665840093977749
route,parallel_wall_clock,1,r103C10,223,0.0008372919983230531,2015,0.0008372919983230531
route,parallel_wall_clock,10,r103C10,234,8.11083024018444e-05,2015,0.0008110830240184441
route,parallel_wall_clock,1,r103C10,236,0.001110958997742273,2015,0.001110958997742273
route,parallel_wall_clock,585,r103C10,237,3.322719697816632e-06,2015,0.0019437910232227296
route,parallel_wall_clock,4,r103C10,239,0.000282333254290279,2015,0.001129333017161116
route,parallel_wall_clock,2,r103C10,245,0.000610499999311287,2015,0.001220999998622574
route,parallel_wall_clock,6,r103C10,247,0.00016794433273995915,2015,0.001007665996439755
route,parallel_wall_clock,1,r103C10,261,0.0008125000022118911,2015,0.0008125000022118911
route,parallel_wall_clock,6,r103C10,264,0.0001328055028958867,2015,0.0007968330173753202
route,parallel_wall_clock,6,r103C10,268,0.00018065266825336343,2015,0.0010839160095201805
route,parallel_wall_clock,20,r103C10,270,5.978324916213751e-05,2015,0.0011956649832427502
route,parallel_wall_clock,2,r103C10,287,0.0004387709923321381,2015,0.0008775419846642762
route,parallel_wall_clock,2,r103C10,292,0.0004507710036705248,2015,0.0009015420073410496
route,parallel_wall_clock,51,r103C10,294,1.8480371948623772e-05,2015,0.0009424989693798125
route,parallel_wall_clock,1,r103C10,299,0.0010712499934015796,2015,0.0010712499934015796
route,parallel_wall_clock,2,r103C10,307,0.0005540834972634912,2015,0.0011081669945269823
route,parallel_wall_clock,2,r103C10,309,0.0005326874961610883,2015,0.0010653749923221767
route,parallel_wall_clock,2,r103C10,326,0.00034908299858216196,2015,0.0006981659971643239
route,parallel_wall_clock,37,r103C10,342,2.89144876217973e-05,2015,0.0010698360420065
route,parallel_wall_clock,17,r103C10,350,4.952447232105495e-05,2015,0.0008419160294579342
route,parallel_wall_clock,1,r103C10,353,0.000646792002953589,2015,0.000646792002953589
route,parallel_wall_clock,1,r103C10,366,0.000912333998712711,2015,0.000912333998712711
route,parallel_wall_clock,5,r103C10,396,0.0001921580027556047,2015,0.0009607900137780234
route,parallel_wall_clock,79,r103C10,410,8.833328817523072e-06,2015,0.0006978329765843228
route,parallel_wall_clock,2,r103C10,412,0.0004159374948358163,2015,0.0008318749896716326
route,parallel_wall_clock,6,r103C10,413,0.000459923666009369,2015,0.002759541996056214
route,parallel_wall_clock,1,r103C10,416,0.000761208008043468,2015,0.000761208008043468
route,parallel_wall_clock,726,r103C10,418,0.00017394422362741345,2015,0.12628350635350216
route,parallel_wall_clock,6,r103C10,445,9.754849694824468e-05,2015,0.000585290981689468
route,parallel_wall_clock,2,r103C10,466,0.000375541509129107,2015,0.000751083018258214
route,parallel_wall_clock,9,r103C10,499,9.493533030359281e-05,2015,0.0008544179727323353
route,parallel_wall_clock,2,r103C10,540,0.0005455835052998737,2015,0.0010911670105997473
route,parallel_wall_clock,2,r103C10,542,0.0005288335014483891,2015,0.0010576670028967783
route,parallel_wall_clock,2,r103C10,546,0.00040908349183155224,2015,0.0008181669836631045
route,parallel_wall_clock,3,r103C10,552,0.00044531932993171114,2015,0.0013359579897951335
route,parallel_wall_clock,2,r103C10,555,0.0005052915003034286,2015,0.0010105830006068572
route,parallel_wall_clock,2,r103C10,558,0.00042012499761767685,2015,0.0008402499952353537
route,parallel_wall_clock,13,r103C10,567,5.325638295079653e-05,2015,0.0006923329783603549
route,parallel_wall_clock,6,r103C10,568,0.00014716650427241498,2015,0.00088299902563449
route,parallel_wall_clock,61,r103C10,569,1.4550525401184549e-05,2015,0.0008875820494722575
route,parallel_wall_clock,16,r103C10,571,6.510925231850706e-05,2015,0.001041748037096113
route,parallel_wall_clock,1,r103C10,572,0.0007994999905349687,2015,0.0007994999905349687
route,parallel_wall_clock,3,r103C10,587,0.0003439443341145913,2015,0.0010318330023437738
route,parallel_wall_clock,6,r103C10,589,0.0002010971657000482,2015,0.0012065829942002892
route,parallel_wall_clock,3,r103C10,593,0.0005182780005270615,2015,0.0015548340015811846
route,parallel_wall_clock,8,r103C10,598,0.00013990625302540138,2015,0.001119250024203211
route,parallel_wall_clock,1,r103C10,599,0.0006598750042030588,2015,0.0006598750042030588
route,parallel_wall_clock,3,r103C10,620,0.0006958473337969432,2015,0.0020875420013908297
route,parallel_wall_clock,1,r103C10,626,0.0007326250051846728,2015,0.0007326250051846728
route,parallel_wall_clock,1,r103C10,638,0.0005621250020340085,2015,0.0005621250020340085
route,parallel_wall_clock,11,r103C10,639,3.932572673709894e-05,2015,0.0004325829941080883
route,parallel_wall_clock,2,r103C10,65,0.00048806300037540495,2015,0.0009761260007508099
route,parallel_wall_clock,1,r103C10,654,0.0005156249972060323,2015,0.0005156249972060323
route,parallel_wall_clock,1,r103C10,655,0.00044591700134333223,2015,0.00044591700134333223
route,parallel_wall_clock,49,r103C10,656,1.1413387255743146e-05,2015,0.0005592559755314142
route,parallel_wall_clock,1,r103C10,657,0.00035612500505521894,2015,0.00035612500505521894
route,parallel_wall_clock,10,r103C10,674,9.153319842880592e-05,2015,0.0009153319842880592
route,parallel_wall_clock,2,r103C10,683,0.0004765209960169159,2015,0.0009530419920338318
route,parallel_wall_clock,6,r103C10,685,0.00039271516773927334,2015,0.00235629100643564
route,parallel_wall_clock,107,r103C10,688,1.1692767300225237e-05,2015,0.0012511261011241004
route,parallel_wall_clock,3,r103C10,698,0.00033897233273213107,2015,0.0010169169981963933
route,parallel_wall_clock,5,r103C10,717,0.0002505998039850965,2015,0.0012529990199254826
route,parallel_wall_clock,5,r103C10,718,0.00018617519817780702,2015,0.0009308759908890352
route,parallel_wall_clock,3,r103C10,726,0.0002877636628303056,2015,0.0008632909884909168
route,parallel_wall_clock,9,r103C10,74,0.00011299088914206045,2015,0.001016918002278544
route,parallel_wall_clock,4,r103C10,745,0.00030988525395514444,2015,0.0012395410158205777
route,parallel_wall_clock,2,r103C10,755,0.0005618130016955547,2015,0.0011236260033911094
route,parallel_wall_clock,2,r103C10,766,0.0006639789935434237,2015,0.0013279579870868474
route,parallel_wall_clock,139,r103C10,769,1.1999704648921494e-05,2015,0.0016679589462000877
route,parallel_wall_clock,1,r103C10,772,0.0015753750049043447,2015,0.0015753750049043447
route,parallel_wall_clock,7,r103C10,78,0.00017855371282036816,2015,0.001249875989742577
route,parallel_wall_clock,5,r103C10,780,0.00023821679933462293,2015,0.0011910839966731146
route,parallel_wall_clock,1,r103C10,79,0.0007517909980379045,2015,0.0007517909980379045
route,parallel_wall_clock,3,r103C10,801,0.0005632363317999989,2015,0.0016897089953999966
route,parallel_wall_clock,2,r103C10,809,0.0005668545054504648,2015,0.0011337090109009296
route,parallel_wall_clock,86,r103C10,81,1.4290255379354105e-05,2015,0.001228961962624453
route,parallel_wall_clock,8,r103C10,82,0.00012490624976635445,2015,0.0009992499981308356
route,parallel_wall_clock,64,r103C10,821,1.674737563917006e-05,2015,0.0010718320409068838
route,parallel_wall_clock,6,r103C10,84,0.00013386783393798396,2015,0.0008032070036279038
route,parallel_wall_clock,3,r103C10,86,0.000347806000111935,2015,0.0010434180003358051
route,parallel_wall_clock,2,r103C10,90,0.0005741874992963858,2015,0.0011483749985927716
operator,serial_fixed_exact_calls,19,r103C10,greedy,0.00013691910364861158,2016,0.00260146296932362
operator,serial_fixed_exact_calls,4,r103C10,initial_solution,0.0005666247525368817,2016,0.002266499010147527
operator,serial_fixed_exact_calls,12,r103C10,regret2,8.32431663487417e-05,2016,0.0009989179961849004
operator,serial_fixed_exact_calls,20,r103C10,route_elimination,2.2915119188837707e-07,2016,4.583023837767541e-06
operator,serial_fixed_exact_calls,14,r103C10,route_merge,1.9942984051470246e-07,2016,2.7920177672058344e-06
operator,serial_fixed_exact_calls,2,r103C10,route_segment_destroy,0.0005793954987893812,2016,0.0011587909975787625
operator,serial_fixed_exact_calls,4,r103C10,shaw_related,3.022505552507937e-07,2016,1.2090022210031748e-06
operator,serial_fixed_exact_calls,2,r103C10,standard,1.2500095181167126e-07,2016,2.500019036233425e-07
operator,serial_fixed_exact_calls,46,r103C10,vehicle_count_aware_repair,5.9249978221487254e-05,2016,0.0027254989981884137
route,serial_fixed_exact_calls,5,r103C10,190,0.00022682500130031258,2016,0.001134125006501563
route,serial_fixed_exact_calls,1,r103C10,246,0.0004227089957566932,2016,0.0004227089957566932
route,serial_fixed_exact_calls,50,r103C10,266,1.625336066354066e-05,2016,0.0008126680331770331
route,serial_fixed_exact_calls,1,r103C10,293,0.0005142089939909056,2016,0.0005142089939909056
route,serial_fixed_exact_calls,3,r103C10,455,0.0001059033287068208,2016,0.0003177099861204624
route,serial_fixed_exact_calls,48,r103C10,463,2.3806396408569224e-05,2016,0.0011427070276113227
route,serial_fixed_exact_calls,2,r103C10,705,0.0002611459931358695,2016,0.000522291986271739
route,serial_fixed_exact_calls,1,r103C10,706,0.0006120420002844185,2016,0.0006120420002844185
route,serial_fixed_exact_calls,1,r103C10,708,0.0004608329909387976,2016,0.0004608329909387976
route,serial_fixed_exact_calls,2,r103C10,733,0.00017166700126836076,2016,0.00034333400253672153
route,serial_fixed_exact_calls,1,r103C10,840,0.0006789580074837431,2016,0.0006789580074837431
route,serial_fixed_exact_calls,1,r103C10,909,0.0011585830070544034,2016,0.0011585830070544034
route,serial_fixed_exact_calls,4,r103C10,95,0.00022037500093574636,2016,0.0008815000037429854
route,serial_fixed_exact_calls,3,r103C10,971,0.0002527779918940117,2016,0.0007583339756820351
operator,parallel_fixed_exact_calls,19,r103C10,greedy,0.00024235294442501312,2016,0.004604705944075249
operator,parallel_fixed_exact_calls,4,r103C10,initial_solution,0.06522113575192634,2016,0.26088454300770536
operator,parallel_fixed_exact_calls,12,r103C10,regret2,0.00016263899912397997,2016,0.0019516679894877598
operator,parallel_fixed_exact_calls,20,r103C10,route_elimination,4.000503395218402e-07,2016,8.001006790436804e-06
operator,parallel_fixed_exact_calls,14,r103C10,route_merge,1.9942880109218614e-07,2016,2.792003215290606e-06
operator,parallel_fixed_exact_calls,2,r103C10,route_segment_destroy,0.0008765414968365803,2016,0.0017530829936731607
operator,parallel_fixed_exact_calls,4,r103C10,shaw_related,3.4375261748209596e-07,2016,1.3750104699283838e-06
operator,parallel_fixed_exact_calls,2,r103C10,standard,1.2499367585405707e-07,2016,2.4998735170811415e-07
operator,parallel_fixed_exact_calls,46,r103C10,vehicle_count_aware_repair,9.866934756839486e-05,2016,0.0045387899881461635
route,parallel_fixed_exact_calls,5,r103C10,190,0.026088650000747293,2016,0.13044325000373647
route,parallel_fixed_exact_calls,1,r103C10,246,0.0008227920043282211,2016,0.0008227920043282211
route,parallel_fixed_exact_calls,50,r103C10,266,3.23150007170625e-05,2016,0.0016157500358531252
route,parallel_fixed_exact_calls,1,r103C10,293,0.0008211249951273203,2016,0.0008211249951273203
route,parallel_fixed_exact_calls,3,r103C10,455,0.00020255566535828015,2016,0.0006076669960748404
route,parallel_fixed_exact_calls,48,r103C10,463,0.002717733519299751,2016,0.13045120892638806
route,parallel_fixed_exact_calls,2,r103C10,705,0.0004755829941132106,2016,0.0009511659882264212
route,parallel_fixed_exact_calls,1,r103C10,706,0.0009368330065626651,2016,0.0009368330065626651
route,parallel_fixed_exact_calls,1,r103C10,708,0.0012052090023644269,2016,0.0012052090023644269
route,parallel_fixed_exact_calls,2,r103C10,733,0.00029443749372148886,2016,0.0005888749874429777
route,parallel_fixed_exact_calls,1,r103C10,840,0.0013414160057436675,2016,0.0013414160057436675
route,parallel_fixed_exact_calls,1,r103C10,909,0.0017528750031488016,2016,0.0017528750031488016
route,parallel_fixed_exact_calls,4,r103C10,95,0.0002929582478827797,2016,0.0011718329915311188
route,parallel_fixed_exact_calls,3,r103C10,971,0.0003450693281289811,2016,0.0010352079843869433
operator,serial_wall_clock,160,r103C10,energy,0.00010333697546229814,2016,0.016533916073967703
operator,serial_wall_clock,119,r103C10,greedy,8.928605872343349e-05,2016,0.010625040988088585
operator,serial_wall_clock,4,r103C10,initial_solution,0.0005529692498384975,2016,0.00221187699935399
operator,serial_wall_clock,368,r103C10,regret2,8.240792344029457e-05,2016,0.0303261158260284
operator,serial_wall_clock,136,r103C10,route_elimination,1.8018374034641859e-07,2016,2.4504988687112927e-05
operator,serial_wall_clock,124,r103C10,route_merge,1.8821787483419382e-07,2016,2.3339016479440033e-05
operator,serial_wall_clock,2,r103C10,route_segment_destroy,0.0005970000056549907,2016,0.0011940000113099813
operator,serial_wall_clock,78,r103C10,shaw_related,3.728461869729635e-07,2016,2.9082002583891153e-05
operator,serial_wall_clock,32,r103C10,standard,2.864703674276825e-07,2016,9.16705175768584e-06
operator,serial_wall_clock,1499,r103C10,vehicle_count_aware_repair,4.7667371563450636e-06,2016,0.00714533899736125
route,serial_wall_clock,11,r103C10,100,6.88711800400845e-05,2016,0.0007575829804409295
route,serial_wall_clock,2,r103C10,101,0.00021606299560517073,2016,0.00043212599121034145
route,serial_wall_clock,2,r103C10,102,0.00022070849081501365,2016,0.0004414169816300273
route,serial_wall_clock,5,r103C10,109,0.00016385820345021784,2016,0.0008192910172510892
route,serial_wall_clock,2,r103C10,138,0.00024412500351900235,2016,0.0004882500070380047
route,serial_wall_clock,2,r103C10,162,0.0002480624971212819,2016,0.0004961249942425638
route,serial_wall_clock,2,r103C10,164,0.0003299160016467795,2016,0.000659832003293559
route,serial_wall_clock,14,r103C10,171,3.745242949142786e-05,2016,0.00052433401287999
route,serial_wall_clock,20,r103C10,190,5.557500116992742e-05,2016,0.0011115000233985484
route,serial_wall_clock,49,r103C10,246,9.351203869077928e-06,2016,0.0004582089895848185
route,serial_wall_clock,4,r103C10,250,0.0001225105042976793,2016,0.0004900420171907172
route,serial_wall_clock,6,r103C10,262,9.218733612215146e-05,2016,0.0005531240167329088
route,serial_wall_clock,1,r103C10,264,0.0008852079918142408,2016,0.0008852079918142408
route,serial_wall_clock,472,r103C10,266,1.685374704489516e-06,2016,0.0007954968605190516
route,serial_wall_clock,6,r103C10,268,0.00013056966660466665,2016,0.000783417999628
route,serial_wall_clock,3,r103C10,271,0.00027163867101383704,2016,0.0008149160130415112
route,serial_wall_clock,6,r103C10,278,0.00011176366630631189,2016,0.0006705819978378713
route,serial_wall_clock,3,r103C10,293,0.00020805533858947456,2016,0.0006241660157684237
route,serial_wall_clock,2,r103C10,297,0.00040512499981559813,2016,0.0008102499996311963
route,serial_wall_clock,9,r103C10,298,9.431011049956497e-05,2016,0.0008487909944960847
route,serial_wall_clock,8,r103C10,309,0.0001157552524091443,2016,0.0009260420192731544
route,serial_wall_clock,2,r103C10,316,0.00031245800346368924,2016,0.0006249160069273785
route,serial_wall_clock,79,r103C10,318,8.659240019012572e-06,2016,0.0006840799615019932
route,serial_wall_clock,2,r103C10,335,0.0003453959943726659,2016,0.0006907919887453318
route,serial_wall_clock,4,r103C10,353,0.00011906225336133502,2016,0.0004762490134453401
route,serial_wall_clock,2,r103C10,359,0.00015666699619032443,2016,0.00031333399238064885
route,serial_wall_clock,1,r103C10,369,0.0005314160080160946,2016,0.0005314160080160946
route,serial_wall_clock,6,r103C10,375,8.799317098843555e-05,2016,0.0005279590259306133
route,serial_wall_clock,68,r103C10,380,9.245118074913454e-06,2016,0.0006286680290941149
route,serial_wall_clock,28,r103C10,388,1.518153606282015e-05,2016,0.0004250830097589642
route,serial_wall_clock,2,r103C10,392,0.00024968750221887603,2016,0.0004993750044377521
route,serial_wall_clock,1,r103C10,408,0.0004715830000350252,2016,0.0004715830000350252
route,serial_wall_clock,7,r103C10,439,4.5000143083078524e-05,2016,0.00031500100158154964
route,serial_wall_clock,4,r103C10,441,7.42602496757172e-05,2016,0.0002970409987028688
route,serial_wall_clock,114,r103C10,455,4.158973624406938e-06,2016,0.00047412299318239093
route,serial_wall_clock,2,r103C10,456,0.00023112499911803752,2016,0.00046224999823607504
route,serial_wall_clock,3,r103C10,457,0.00013945833294807622,2016,0.0004183749988442287
route,serial_wall_clock,7,r103C10,458,5.815471480933151e-05,2016,0.0004070830036653206
route,serial_wall_clock,639,r103C10,463,1.9128717108977978e-06,2016,0.0012223250232636929
route,serial_wall_clock,5,r103C10,489,5.272500275168568e-05,2016,0.0002636250137584284
route,serial_wall_clock,3,r103C10,509,0.00011227765935473144,2016,0.0003368329780641943
route,serial_wall_clock,17,r103C10,514,2.6139588204815108e-05,2016,0.0004443729994818568
route,serial_wall_clock,1,r103C10,554,0.00038212499930523336,2016,0.00038212499930523336
route,serial_wall_clock,6,r103C10,557,8.324299657639737e-05,2016,0.0004994579794583842
route,serial_wall_clock,2,r103C10,559,0.00015814600192243233,2016,0.00031629200384486467
route,serial_wall_clock,2,r103C10,588,0.00026345800142735243,2016,0.0005269160028547049
route,serial_wall_clock,2,r103C10,596,0.0002447085062158294,2016,0.0004894170124316588
route,serial_wall_clock,6,r103C10,618,8.304883279682447e-05,2016,0.0004982929967809469
route,serial_wall_clock,2,r103C10,629,0.00030968750070314854,2016,0.0006193750014062971
route,serial_wall_clock,3,r103C10,635,0.00031630532854857546,2016,0.0009489159856457263
route,serial_wall_clock,2,r103C10,638,0.0003394585000933148,2016,0.0006789170001866296
route,serial_wall_clock,7,r103C10,644,0.00010382757006612207,2016,0.0007267929904628545
route,serial_wall_clock,6,r103C10,651,7.197916662941377e-05,2016,0.0004318749997764826
route,serial_wall_clock,16,r103C10,664,8.025762508623302e-05,2016,0.0012841220013797283
route,serial_wall_clock,7,r103C10,674,0.00013617842341773212,2016,0.0009532489639241248
route,serial_wall_clock,4,r103C10,676,0.00021728126012021676,2016,0.000869125040480867
route,serial_wall_clock,1,r103C10,693,0.0004579999949783087,2016,0.0004579999949783087
route,serial_wall_clock,1,r103C10,698,0.00034983298974111676,2016,0.00034983298974111676
route,serial_wall_clock,16,r103C10,703,2.4375062821491156e-05,2016,0.0003900010051438585
route,serial_wall_clock,6,r103C10,705,8.585433291348939e-05,2016,0.0005151259974809363
route,serial_wall_clock,62,r103C10,706,1.0210998645502954e-05,2016,0.0006330819160211831
route,serial_wall_clock,14,r103C10,708,3.365192450084058e-05,2016,0.00047112694301176816
route,serial_wall_clock,1,r103C10,710,0.0004998749936930835,2016,0.0004998749936930835
route,serial_wall_clock,3,r103C10,725,0.0002620416683688139,2016,0.0007861250051064417
route,serial_wall_clock,9,r103C10,733,4.9342443364568884e-05,2016,0.00044408199028111994
route,serial_wall_clock,5,r103C10,734,0.00010678340040612966,2016,0.0005339170020306483
route,serial_wall_clock,2,r103C10,758,0.0007374790002359077,2016,0.0014749580004718155
route,serial_wall_clock,3,r103C10,760,0.0005709163330417747,2016,0.0017127489991253242
route,serial_wall_clock,33,r103C10,775,6.818181701060949e-06,2016,0.00022499999613501132
route,serial_wall_clock,1,r103C10,78,0.0006494170083897188,2016,0.0006494170083897188
route,serial_wall_clock,2,r103C10,794,6.25629982096143e-05,2016,0.0001251259964192286
route,serial_wall_clock,67,r103C10,795,2.425359023401319e-06,2016,0.00016249905456788838
route,serial_wall_clock,2,r103C10,818,0.00016916700406000018,2016,0.00033833400812000036
route,serial_wall_clock,4,r103C10,819,0.00012465599866118282,2016,0.0004986239946447313
route,serial_wall_clock,2,r103C10,824,0.00017916649812832475,2016,0.0003583329962566495
route,serial_wall_clock,5,r103C10,832,0.00017884160042740404,2016,0.0008942080021370202
route,serial_wall_clock,59,r103C10,834,2.323171188975921e-05,2016,0.0013706710014957935
route,serial_wall_clock,4,r103C10,840,0.00016245850201812573,2016,0.0006498340080725029
route,serial_wall_clock,3,r103C10,841,0.00025924999499693513,2016,0.0007777499849908054
route,serial_wall_clock,4,r103C10,856,0.00017877100253826939,2016,0.0007150840101530775
route,serial_wall_clock,1,r103C10,861,0.000592875003349036,2016,0.000592875003349036
route,serial_wall_clock,1,r103C10,864,0.0009398330003023148,2016,0.0009398330003023148
route,serial_wall_clock,26,r103C10,88,2.6988961438361843e-05,2016,0.0007017129973974079
route,serial_wall_clock,4,r103C10,883,0.00025236475266865455,2016,0.0010094590106746182
route,serial_wall_clock,2,r103C10,89,0.000343478997820057,2016,0.000686957995640114
route,serial_wall_clock,5,r103C10,891,0.00013089159911032765,2016,0.0006544579955516383
route,serial_wall_clock,2,r103C10,892,0.00038714599941158667,2016,0.0007742919988231733
route,serial_wall_clock,12,r103C10,905,8.545141705932717e-05,2016,0.001025417004711926
route,serial_wall_clock,236,r103C10,909,5.318733648460169e-06,2016,0.0012552211410365999
route,serial_wall_clock,2,r103C10,911,0.0005956665045232512,2016,0.0011913330090465024
route,serial_wall_clock,1,r103C10,912,0.0012033330131089315,2016,0.0012033330131089315
route,serial_wall_clock,2,r103C10,915,0.0006013335005263798,2016,0.0012026670010527596
route,serial_wall_clock,10,r103C10,923,8.745419618207961e-05,2016,0.0008745419618207961
route,serial_wall_clock,4,r103C10,924,0.0002931042508862447,2016,0.0011724170035449788
route,serial_wall_clock,1,r103C10,928,0.0011337080068187788,2016,0.0011337080068187788
route,serial_wall_clock,6,r103C10,94,9.377082945623745e-05,2016,0.0005626249767374247
route,serial_wall_clock,2,r103C10,948,0.0004338749931775965,2016,0.000867749986355193
route,serial_wall_clock,118,r103C10,95,7.1409574001475035e-06,2016,0.0008426329732174054
route,serial_wall_clock,7,r103C10,96,8.907713968905487e-05,2016,0.0006235399778233841
route,serial_wall_clock,3,r103C10,960,6.945833350376536e-05,2016,0.0002083750005112961
route,serial_wall_clock,76,r103C10,971,9.475895287897928e-06,2016,0.0007201680418802425
route,serial_wall_clock,1,r103C10,976,0.0007152500038500875,2016,0.0007152500038500875
operator,parallel_wall_clock,160,r103C10,energy,0.00016103856287372765,2016,0.025766170059796423
operator,parallel_wall_clock,119,r103C10,greedy,0.0001490787060504795,2016,0.01774036602000706
operator,parallel_wall_clock,4,r103C10,initial_solution,0.06294008325130562,2016,0.2517603330052225
operator,parallel_wall_clock,368,r103C10,regret2,0.00012088183144521241,2016,0.04448451397183817
operator,parallel_wall_clock,136,r103C10,route_elimination,1.9184538841192775e-07,2016,2.6090972824022174e-05
operator,parallel_wall_clock,124,r103C10,route_merge,1.8078231556911862e-07,2016,2.241700713057071e-05
operator,parallel_wall_clock,2,r103C10,route_segment_destroy,0.001143500005127862,2016,0.002287000010255724
operator,parallel_wall_clock,78,r103C10,shaw_related,3.8832102944023717e-07,2016,3.02890402963385e-05
operator,parallel_wall_clock,32,r103C10,standard,2.251581463497132e-07,2016,7.205060683190823e-06
operator,parallel_wall_clock,1499,r103C10,vehicle_count_aware_repair,8.52147428914681e-06,2016,0.012773689959431067
route,parallel_wall_clock,11,r103C10,100,6.603790891610764e-05,2016,0.000726416998077184
route,parallel_wall_clock,2,r103C10,101,0.00041956199129344895,2016,0.0008391239825868979
route,parallel_wall_clock,2,r103C10,102,0.00039575000118929893,2016,0.0007915000023785979
route,parallel_wall_clock,5,r103C10,109,0.00023025019618216902,2016,0.001151250980910845
route,parallel_wall_clock,2,r103C10,138,0.0003702915055328049,2016,0.0007405830110656098
route,parallel_wall_clock,2,r103C10,162,0.00046504149941029027,2016,0.0009300829988205805
route,parallel_wall_clock,2,r103C10,164,0.0005191040036152117,2016,0.0010382080072304234
route,parallel_wall_clock,14,r103C10,171,6.0877998683801184e-05,2016,0.0008522919815732166
route,parallel_wall_clock,20,r103C10,190,0.006294299951696303,2016,0.12588599903392605
route,parallel_wall_clock,49,r103C10,246,1.647363283804485e-05,2016,0.0008072080090641975
route,parallel_wall_clock,4,r103C10,250,0.00020157324979663827,2016,0.0008062929991865531
route,parallel_wall_clock,6,r103C10,262,0.00014091666525928304,2016,0.0008454999915556982
route,parallel_wall_clock,1,r103C10,264,0.0016392500110669062,2016,0.0016392500110669062
route,parallel_wall_clock,472,r103C10,266,2.762705307913613e-06,2016,0.0013039969053352252
route,parallel_wall_clock,6,r103C10,268,0.00020177783396017426,2016,0.0012106670037610456
route,parallel_wall_clock,3,r103C10,271,0.0005488470002698401,2016,0.0016465410008095205
route,parallel_wall_clock,6,r103C10,278,0.00018769483479748791,2016,0.0011261690087849274
route,parallel_wall_clock,3,r103C10,293,0.00027551400125958025,2016,0.0008265420037787408
route,parallel_wall_clock,2,r103C10,297,0.000491457998577971,2016,0.000982915997155942
route,parallel_wall_clock,9,r103C10,298,0.00012242133379913867,2016,0.001101792004192248
route,parallel_wall_clock,8,r103C10,309,0.0001472501226089662,2016,0.0011780009808717296
route,parallel_wall_clock,2,r103C10,316,0.0005103750008856878,2016,0.0010207500017713755
route,parallel_wall_clock,79,r103C10,318,1.4071709025486172e-05,2016,0.0011116650130134076
route,parallel_wall_clock,2,r103C10,335,0.0007661459967494011,2016,0.0015322919934988022
route,parallel_wall_clock,4,r103C10,353,0.00021945824482827447,2016,0.0008778329793130979
route,parallel_wall_clock,2,r103C10,359,0.00036318750790087506,2016,0.0007263750158017501
route,parallel_wall_clock,1,r103C10,369,0.0012079170119250193,2016,0.0012079170119250193
route,parallel_wall_clock,6,r103C10,375,0.00019658316644684723,2016,0.0011794989986810833
route,parallel_wall_clock,68,r103C10,380,2.149076638435123e-05,2016,0.0014613721141358837
route,parallel_wall_clock,28,r103C10,388,2.8117607663651662e-05,2016,0.0007872930145822465
route,parallel_wall_clock,2,r103C10,392,0.0003436459955992177,2016,0.0006872919911984354
route,parallel_wall_clock,1,r103C10,408,0.0008994579984573647,2016,0.0008994579984573647
route,parallel_wall_clock,7,r103C10,439,8.680357547876026e-05,2016,0.0006076250283513218
route,parallel_wall_clock,4,r103C10,441,0.0002073122486763168,2016,0.0008292489947052673
route,parallel_wall_clock,114,r103C10,455,5.681701479357128e-06,2016,0.0006477139686467126
route,parallel_wall_clock,2,r103C10,456,0.0004092289964319207,2016,0.0008184579928638414
route,parallel_wall_clock,3,r103C10,457,0.0002626663335831836,2016,0.0007879990007495508
route,parallel_wall_clock,7,r103C10,458,0.00011954757168756,2016,0.00083683300181292
route,parallel_wall_clock,639,r103C10,463,0.00019717615817659657,2016,0.12599556507484522
route,parallel_wall_clock,5,r103C10,489,0.00011770859418902546,2016,0.0005885429709451273
route,parallel_wall_clock,3,r103C10,509,0.0002442640009879445,2016,0.0007327920029638335
route,parallel_wall_clock,17,r103C10,514,4.066658713033094e-05,2016,0.000691331981215626
route,parallel_wall_clock,1,r103C10,554,0.0006076669960748404,2016,0.0006076669960748404
route,parallel_wall_clock,6,r103C10,557,0.00013831950248762345,2016,0.0008299170149257407
route,parallel_wall_clock,2,r103C10,559,0.00028952099819434807,2016,0.0005790419963886961
route,parallel_wall_clock,2,r103C10,588,0.000394979004340712,2016,0.000789958008681424
route,parallel_wall_clock,2,r103C10,596,0.0004198749957140535,2016,0.000839749991428107
route,parallel_wall_clock,6,r103C10,618,0.00013664600070721158,2016,0.0008198760042432696
route,parallel_wall_clock,2,r103C10,629,0.00044602099660551175,2016,0.0008920419932110235
route,parallel_wall_clock,3,r103C10,635,0.0004019443294964731,2016,0.0012058329884894192
route,parallel_wall_clock,2,r103C10,638,0.00044983349653193727,2016,0.0008996669930638745
route,parallel_wall_clock,7,r103C10,644,0.00012539885938167572,2016,0.00087779201567173
route,parallel_wall_clock,6,r103C10,651,0.00012123616761527956,2016,0.0007274170056916773
route,parallel_wall_clock,16,r103C10,664,8.318744039570447e-05,2016,0.0013309990463312715
route,parallel_wall_clock,7,r103C10,674,0.00018720857250238105,2016,0.0013104600075166672
route,parallel_wall_clock,4,r103C10,676,0.0002975312490889337,2016,0.0011901249963557348
route,parallel_wall_clock,1,r103C10,693,0.0007711660000495613,2016,0.0007711660000495613
route,parallel_wall_clock,1,r103C10,698,0.0006229169957805425,2016,0.0006229169957805425
route,parallel_wall_clock,16,r103C10,703,6.157556344987825e-05,2016,0.000985209015198052
route,parallel_wall_clock,6,r103C10,705,0.00015423583196631321,2016,0.0009254149917978793
route,parallel_wall_clock,62,r103C10,706,2.409674245075533e-05,2016,0.0014939980319468305
route,parallel_wall_clock,14,r103C10,708,8.056842800994803e-05,2016,0.0011279579921392724
route,parallel_wall_clock,1,r103C10,710,0.0007795410056132823,2016,0.0007795410056132823
route,parallel_wall_clock,3,r103C10,725,0.0003547226660884917,2016,0.001064167998265475
route,parallel_wall_clock,9,r103C10,733,7.263432942434317e-05,2016,0.0006537089648190886
route,parallel_wall_clock,5,r103C10,734,0.0001599082024767995,2016,0.0007995410123839974
route,parallel_wall_clock,2,r103C10,758,0.0008526459932909347,2016,0.0017052919865818694
route,parallel_wall_clock,3,r103C10,760,0.0006059586691359679,2016,0.0018178760074079037
route,parallel_wall_clock,33,r103C10,775,1.7229879934651155e-05,2016,0.0005685860378434882
route,parallel_wall_clock,1,r103C10,78,0.0009201659995596856,2016,0.0009201659995596856
route,parallel_wall_clock,2,r103C10,794,0.00024193750141421333,2016,0.00048387500282842666
route,parallel_wall_clock,67,r103C10,795,6.6281200313607035e-06,2016,0.00044408404210116714
route,parallel_wall_clock,2,r103C10,818,0.00041960400267271325,2016,0.0008392080053454265
route,parallel_wall_clock,4,r103C10,819,0.0001910207465698477,2016,0.0007640829862793908
route,parallel_wall_clock,2,r103C10,824,0.0003418749911361374,2016,0.0006837499822722748
route,parallel_wall_clock,5,r103C10,832,0.00023101680271793158,2016,0.0011550840135896578
route,parallel_wall_clock,59,r103C10,834,2.2306525783802747e-05,2016,0.001316085021244362
route,parallel_wall_clock,4,r103C10,840,0.0003147292482026387,2016,0.0012589169928105548
route,parallel_wall_clock,3,r103C10,841,0.00035855566966347396,2016,0.0010756670089904219
route,parallel_wall_clock,4,r103C10,856,0.00035339575333637185,2016,0.0014135830133454874
route,parallel_wall_clock,1,r103C10,861,0.0010446669912198558,2016,0.0010446669912198558
route,parallel_wall_clock,1,r103C10,864,0.0011860000086016953,2016,0.0011860000086016953
route,parallel_wall_clock,26,r103C10,88,3.972592374059157e-05,2016,0.0010328740172553807
route,parallel_wall_clock,4,r103C10,883,0.0003120622495771386,2016,0.0012482489983085543
route,parallel_wall_clock,2,r103C10,89,0.0007310835062526166,2016,0.0014621670125052333
route,parallel_wall_clock,5,r103C10,891,0.0001974333979887888,2016,0.000987166989943944
route,parallel_wall_clock,2,r103C10,892,0.000541583496669773,2016,0.001083166993339546
route,parallel_wall_clock,12,r103C10,905,0.00011770841471540432,2016,0.0014125009765848517
route,parallel_wall_clock,236,r103C10,909,9.94558896478739e-06,2016,0.0023471589956898242
route,parallel_wall_clock,2,r103C10,911,0.0009550835093250498,2016,0.0019101670186500996
route,parallel_wall_clock,1,r103C10,912,0.0015352079935837537,2016,0.0015352079935837537
route,parallel_wall_clock,2,r103C10,915,0.0007948954953462817,2016,0.0015897909906925634
route,parallel_wall_clock,10,r103C10,923,0.00011590430076466874,2016,0.0011590430076466873
route,parallel_wall_clock,4,r103C10,924,0.0003125420007563662,2016,0.0012501680030254647
route,parallel_wall_clock,1,r103C10,928,0.0016747920017223805,2016,0.0016747920017223805
route,parallel_wall_clock,6,r103C10,94,0.00017879149769820893,2016,0.0010727489861892536
route,parallel_wall_clock,2,r103C10,948,0.0005758540064562112,2016,0.0011517080129124224
route,parallel_wall_clock,118,r103C10,95,9.65190554132401e-06,2016,0.001138924853876233
route,parallel_wall_clock,7,r103C10,96,0.00013188714053415294,2016,0.0009232099837390706
route,parallel_wall_clock,3,r103C10,960,0.00018747233358832696,2016,0.0005624170007649809
route,parallel_wall_clock,76,r103C10,971,1.4204500506533996e-05,2016,0.0010795420384965837
route,parallel_wall_clock,1,r103C10,976,0.001017792004859075,2016,0.001017792004859075
operator,serial_fixed_exact_calls,58,r105C15,energy,6.092665616647693e-05,2014,0.0035337460576556623
operator,serial_fixed_exact_calls,27,r105C15,greedy,8.007566632133805e-05,2014,0.0021620429906761274
operator,serial_fixed_exact_calls,8,r105C15,initial_solution,0.0019086567554040812,2014,0.01526925404323265
operator,serial_fixed_exact_calls,47,r105C15,regret2,4.862238401596613e-05,2014,0.002285252048750408
operator,serial_fixed_exact_calls,2,r105C15,relocate,2.914966898970306e-07,2014,5.829933797940612e-07
operator,serial_fixed_exact_calls,40,r105C15,route_elimination,1.6560079529881477e-07,2014,6.624031811952591e-06
operator,serial_fixed_exact_calls,36,r105C15,route_merge,1.4697191848730048e-07,2014,5.290989065542817e-06
operator,serial_fixed_exact_calls,2,r105C15,route_segment_destroy,2.2899621399119496e-07,2014,4.5799242798238993e-07
operator,serial_fixed_exact_calls,1,r105C15,shaw_related,2.500019036233425e-07,2014,2.500019036233425e-07
operator,serial_fixed_exact_calls,2,r105C15,swap,1.669905032031238e-07,2014,3.339810064062476e-07
operator,serial_fixed_exact_calls,2,r105C15,two_opt_star,2.7100759325549006e-07,2014,5.420151865109801e-07
operator,serial_fixed_exact_calls,60,r105C15,vehicle_count_aware_repair,2.1388235230309268e-07,2014,1.283294113818556e-05
route,serial_fixed_exact_calls,57,r105C15,1030,6.714905254755235e-05,2014,0.0038274959952104837
route,serial_fixed_exact_calls,3,r105C15,1275,0.0002599310052270691,2014,0.0007797930156812072
route,serial_fixed_exact_calls,2,r105C15,134,0.0005517289973795414,2014,0.0011034579947590828
route,serial_fixed_exact_calls,63,r105C15,135,6.0884333502072545e-05,2014,0.0038357130106305704
route,serial_fixed_exact_calls,2,r105C15,170,0.00032964599813567474,2014,0.0006592919962713495
route,serial_fixed_exact_calls,2,r105C15,256,0.00039679199835518375,2014,0.0007935839967103675
route,serial_fixed_exact_calls,5,r105C15,494,0.0002143500023521483,2014,0.0010717500117607415
route,serial_fixed_exact_calls,1,r105C15,517,0.002155791997211054,2014,0.002155791997211054
route,serial_fixed_exact_calls,63,r105C15,683,6.074201692605302e-05,2014,0.0038267470663413405
route,serial_fixed_exact_calls,80,r105C15,780,4.789533759321785e-05,2014,0.0038316270074574277
route,serial_fixed_exact_calls,1,r105C15,874,0.0005524160078493878,2014,0.0005524160078493878
route,serial_fixed_exact_calls,6,r105C15,92,0.00013992366439197212,2014,0.0008395419863518327
operator,parallel_fixed_exact_calls,58,r105C15,energy,9.502589568126432e-05,2014,0.005511501949513331
operator,parallel_fixed_exact_calls,27,r105C15,greedy,4.6263852574931526e-05,2014,0.0012491240195231512
operator,parallel_fixed_exact_calls,8,r105C15,initial_solution,0.07203195825422881,2014,0.5762556660338305
operator,parallel_fixed_exact_calls,47,r105C15,regret2,8.89707673118113e-05,2014,0.0041816260636551306
operator,parallel_fixed_exact_calls,2,r105C15,relocate,2.705055521801114e-07,2014,5.410111043602228e-07
operator,parallel_fixed_exact_calls,40,r105C15,route_elimination,1.6350168152712286e-07,2014,6.540067261084914e-06
operator,parallel_fixed_exact_calls,36,r105C15,route_merge,1.5280642805414067e-07,2014,5.501031409949064e-06
operator,parallel_fixed_exact_calls,2,r105C15,route_segment_destroy,2.7100759325549006e-07,2014,5.420151865109801e-07
operator,parallel_fixed_exact_calls,1,r105C15,shaw_related,2.500019036233425e-07,2014,2.500019036233425e-07
operator,parallel_fixed_exact_calls,2,r105C15,swap,2.915039658546448e-07,2014,5.830079317092896e-07
operator,parallel_fixed_exact_calls,2,r105C15,two_opt_star,1.874941517598927e-07,2014,3.749883035197854e-07
operator,parallel_fixed_exact_calls,60,r105C15,vehicle_count_aware_repair,2.0894973810451725e-07,2014,1.2536984286271036e-05
route,parallel_fixed_exact_calls,57,r105C15,1030,0.002527617632662632,2014,0.14407420506177004
route,parallel_fixed_exact_calls,3,r105C15,1275,0.000475500002115344,2014,0.001426500006346032
route,parallel_fixed_exact_calls,2,r105C15,134,0.0005749164993176237,2014,0.0011498329986352473
route,parallel_fixed_exact_calls,63,r105C15,135,0.0022870111905152926,2014,0.14408170500246342
route,parallel_fixed_exact_calls,2,r105C15,170,0.000478520494652912,2014,0.000957040989305824
route,parallel_fixed_exact_calls,2,r105C15,256,0.0007358750008279458,2014,0.0014717500016558915
route,parallel_fixed_exact_calls,5,r105C15,494,0.00043738340318668636,2014,0.0021869170159334317
route,parallel_fixed_exact_calls,1,r105C15,517,0.0012435840035323054,2014,0.0012435840035323054
route,parallel_fixed_exact_calls,63,r105C15,683,0.002286863032615714,2014,0.14407237105478998
route,parallel_fixed_exact_calls,80,r105C15,780,0.0018009776753387997,2014,0.14407821402710397
route,parallel_fixed_exact_calls,1,r105C15,874,0.0006922500033397228,2014,0.0006922500033397228
route,parallel_fixed_exact_calls,6,r105C15,92,0.00029840283483887714,2014,0.0017904170090332627
operator,serial_wall_clock,407,r105C15,energy,5.5514631101561836e-05,2014,0.022594454858335666
operator,serial_wall_clock,381,r105C15,greedy,4.019609410615193e-05,2014,0.015314711854443885
operator,serial_wall_clock,8,r105C15,initial_solution,0.0017790419951779768,2014,0.014232335961423814
operator,serial_wall_clock,423,r105C15,regret2,3.052579920026683e-05,2014,0.012912413061712869
operator,serial_wall_clock,2,r105C15,relocate,2.710003172978759e-07,2014,5.420006345957518e-07
operator,serial_wall_clock,352,r105C15,route_elimination,1.5243771982072343e-07,2014,5.365807737689465e-05
operator,serial_wall_clock,232,r105C15,route_merge,1.4801311220347497e-07,2014,3.433904203120619e-05
operator,serial_wall_clock,2,r105C15,route_segment_destroy,2.710003172978759e-07,2014,5.420006345957518e-07
operator,serial_wall_clock,119,r105C15,shaw_related,3.654960525308211e-07,2014,4.3494030251167715e-05
operator,serial_wall_clock,28,r105C15,standard,2.0239323410870774e-07,2014,5.6670105550438166e-06
operator,serial_wall_clock,2,r105C15,swap,2.4949986254796386e-07,2014,4.989997250959277e-07
operator,serial_wall_clock,2,r105C15,two_opt_star,2.284941729158163e-07,2014,4.569883458316326e-07
operator,serial_wall_clock,3001,r105C15,vehicle_count_aware_repair,2.8470082474473375e-06,2014,0.00854387175058946
route,serial_wall_clock,13,r105C15,1003,7.502238328855198e-05,2014,0.0009752909827511758
route,serial_wall_clock,120,r105C15,1019,2.3831624882101703e-05,2014,0.0028597949858522043
route,serial_wall_clock,717,r105C15,1030,5.11842516865945e-06,2014,0.0036699108459288254
route,serial_wall_clock,25,r105C15,1055,4.216491885017604e-05,2014,0.001054122971254401
route,serial_wall_clock,9,r105C15,1065,0.00012838877672846947,2014,0.0011554989905562252
route,serial_wall_clock,37,r105C15,1067,2.7667784534797476e-05,2014,0.0010237080277875066
route,serial_wall_clock,1,r105C15,1068,0.0009697079949546605,2014,0.0009697079949546605
route,serial_wall_clock,16,r105C15,1091,6.684125128231244e-05,2014,0.001069460020516999
route,serial_wall_clock,210,r105C15,1092,6.03826213461746e-06,2014,0.0012680350482696667
route,serial_wall_clock,2,r105C15,1137,0.0003669165016617626,2014,0.0007338330033235252
route,serial_wall_clock,2,r105C15,1160,0.0007580414967378601,2014,0.0015160829934757203
route,serial_wall_clock,22,r105C15,1168,7.853031671733002e-05,2014,0.0017276669677812606
route,serial_wall_clock,6,r105C15,1206,9.746516540568943e-05,2014,0.0005847909924341366
route,serial_wall_clock,6,r105C15,1275,0.00012889583255552375,2014,0.0007733749953331426
route,serial_wall_clock,42,r105C15,134,1.7630880133115818e-05,2014,0.0007404969655908644
route,serial_wall_clock,1130,r105C15,135,3.4508582660969576e-06,2014,0.0038994698406895623
route,serial_wall_clock,2,r105C15,152,0.0008531459970981814,2014,0.0017062919941963628
route,serial_wall_clock,6,r105C15,170,9.720133433196072e-05,2014,0.0005832080059917644
route,serial_wall_clock,19,r105C15,171,6.405715784670687e-05,2014,0.0012170859990874305
route,serial_wall_clock,1,r105C15,183,0.001081083988538012,2014,0.001081083988538012
route,serial_wall_clock,1,r105C15,188,0.0011282089981250465,2014,0.0011282089981250465
route,serial_wall_clock,2,r105C15,256,0.00043229199945926666,2014,0.0008645839989185333
route,serial_wall_clock,1,r105C15,261,0.0007874589937273413,2014,0.0007874589937273413
route,serial_wall_clock,9,r105C15,264,8.467133253968011e-05,2014,0.0007620419928571209
route,serial_wall_clock,5,r105C15,272,0.00012007499462924897,2014,0.0006003749731462449
route,serial_wall_clock,10,r105C15,273,8.487920422339812e-05,2014,0.0008487920422339812
route,serial_wall_clock,4,r105C15,291,0.0001730937510728836,2014,0.0006923750042915344
route,serial_wall_clock,7,r105C15,328,0.0001857737120839634,2014,0.0013004159845877439
route,serial_wall_clock,24,r105C15,333,6.036617014615331e-05,2014,0.0014487880835076794
route,serial_wall_clock,5,r105C15,352,0.00019435840076766908,2014,0.0009717920038383454
route,serial_wall_clock,1,r105C15,374,0.0012296659988351166,2014,0.0012296659988351166
route,serial_wall_clock,4,r105C15,375,0.00022008324958733283,2014,0.0008803329983493313
route,serial_wall_clock,5,r105C15,42,0.00011389119899831712,2014,0.0005694559949915856
route,serial_wall_clock,10,r105C15,43,6.83376012602821e-05,2014,0.000683376012602821
route,serial_wall_clock,5,r105C15,475,0.0001667085976805538,2014,0.000833542988402769
route,serial_wall_clock,4,r105C15,493,0.00031740625126985833,2014,0.0012696250050794333
route,serial_wall_clock,37,r105C15,494,2.9948271411420728e-05,2014,0.001108086042222567
route,serial_wall_clock,1,r105C15,517,0.0008846249984344468,2014,0.0008846249984344468
route,serial_wall_clock,3,r105C15,533,0.000231278002805387,2014,0.0006938340084161609
route,serial_wall_clock,26,r105C15,546,2.410261479851145e-05,2014,0.0006266679847612977
route,serial_wall_clock,1,r105C15,559,0.0007250829949043691,2014,0.0007250829949043691
route,serial_wall_clock,35,r105C15,568,1.1639230901242367e-05,2014,0.00040737308154348284
route,serial_wall_clock,3,r105C15,594,3.5361003635140755e-05,2014,0.00010608301090542227
route,serial_wall_clock,6,r105C15,626,0.00013364599726628512,2014,0.0008018759835977107
route,serial_wall_clock,19,r105C15,637,2.8008737564577085e-05,2014,0.0005321660137269646
route,serial_wall_clock,6,r105C15,667,5.644449750737598e-05,2014,0.00033866698504425585
route,serial_wall_clock,740,r105C15,683,4.956031566630495e-06,2014,0.0036674633593065664
route,serial_wall_clock,2,r105C15,684,0.0005600625008810312,2014,0.0011201250017620623
route,serial_wall_clock,101,r105C15,695,5.12866403603244e-06,2014,0.0005179950676392764
route,serial_wall_clock,2,r105C15,732,0.00021983349870424718,2014,0.00043966699740849435
route,serial_wall_clock,33,r105C15,754,2.586103051505757e-05,2014,0.0008534140069968998
route,serial_wall_clock,3,r105C15,755,0.00041716700070537627,2014,0.0012515010021161288
route,serial_wall_clock,1067,r105C15,780,3.5104483450896472e-06,2014,0.0037456483842106536
route,serial_wall_clock,3,r105C15,786,0.0004004166742864375,2014,0.0012012500228593126
route,serial_wall_clock,5,r105C15,797,0.0002240581961814314,2014,0.001120290980907157
route,serial_wall_clock,114,r105C15,798,1.0936394877110919e-05,2014,0.0012467490159906447
route,serial_wall_clock,12,r105C15,810,0.00011584041809934813,2014,0.0013900850171921775
route,serial_wall_clock,6,r105C15,834,0.00020503449923126027,2014,0.0012302069953875616
route,serial_wall_clock,4,r105C15,838,0.00033905225063790567,2014,0.0013562090025516227
route,serial_wall_clock,11,r105C15,840,6.088254766919735e-05,2014,0.0006697080243611708
route,serial_wall_clock,12,r105C15,874,3.461116769661506e-05,2014,0.0004153340123593807
route,serial_wall_clock,150,r105C15,903,1.3319869564535718e-06,2014,0.00019979804346803576
route,serial_wall_clock,7,r105C15,91,8.876770776363887e-05,2014,0.0006213739543454722
route,serial_wall_clock,18,r105C15,92,5.324077776296892e-05,2014,0.0009583339997334406
route,serial_wall_clock,27,r105C15,920,1.09351832954282e-05,2014,0.00029524994897656143
route,serial_wall_clock,13,r105C15,983,8.19231533499148e-05,2014,0.0010650009935488924
route,serial_wall_clock,9,r105C15,998,7.415266817487363e-05,2014,0.0006673740135738626
operator,parallel_wall_clock,407,r105C15,energy,8.188245697313101e-05,2014,0.03332615998806432
operator,parallel_wall_clock,381,r105C15,greedy,6.165964584834286e-05,2014,0.023492325068218634
operator,parallel_wall_clock,8,r105C15,initial_solution,0.07263252612392535,2014,0.5810602089914028
operator,parallel_wall_clock,423,r105C15,regret2,4.5675340430022834e-05,2014,0.01932066900189966
operator,parallel_wall_clock,2,r105C15,relocate,2.914966898970306e-07,2014,5.829933797940612e-07
operator,parallel_wall_clock,352,r105C15,route_elimination,1.5301433946164747e-07,2014,5.3861047490499914e-05
operator,parallel_wall_clock,232,r105C15,route_merge,1.8260721719406288e-07,2014,4.236487438902259e-05
operator,parallel_wall_clock,2,r105C15,route_segment_destroy,2.4999462766572833e-07,2014,4.999892553314567e-07
operator,parallel_wall_clock,119,r105C15,shaw_related,4.1034493297964586e-07,2014,4.8831047024577856e-05
operator,parallel_wall_clock,28,r105C15,standard,2.2914121343222048e-07,2014,6.415953976102173e-06
operator,parallel_wall_clock,2,r105C15,swap,2.915039658546448e-07,2014,5.830079317092896e-07
operator,parallel_wall_clock,2,r105C15,two_opt_star,2.914966898970306e-07,2014,5.829933797940612e-07
operator,parallel_wall_clock,3001,r105C15,vehicle_count_aware_repair,4.288074016209191e-06,2014,0.012868510122643784
route,parallel_wall_clock,13,r105C15,1003,9.578523167874664e-05,2014,0.0012452080118237063
route,parallel_wall_clock,120,r105C15,1019,1.361455821703809e-05,2014,0.0016337469860445708
route,parallel_wall_clock,717,r105C15,1030,0.0002027553684349955,2014,0.14537559916789178
route,parallel_wall_clock,25,r105C15,1055,5.436163977719843e-05,2014,0.0013590409944299608
route,parallel_wall_clock,9,r105C15,1065,0.00020468533330131322,2014,0.001842167999711819
route,parallel_wall_clock,37,r105C15,1067,3.611048678804592e-05,2014,0.001336088011157699
route,parallel_wall_clock,1,r105C15,1068,0.001526916996226646,2014,0.001526916996226646
route,parallel_wall_clock,16,r105C15,1091,0.00012444018830137793,2014,0.001991043012822047
route,parallel_wall_clock,210,r105C15,1092,7.568053011449852e-06,2014,0.001589291132404469
route,parallel_wall_clock,2,r105C15,1137,0.000556250502995681,2014,0.001112501005991362
route,parallel_wall_clock,2,r105C15,1160,0.0009907084968290292,2014,0.0019814169936580583
route,parallel_wall_clock,22,r105C15,1168,0.00010109845474785702,2014,0.0022241660044528544
route,parallel_wall_clock,6,r105C15,1206,0.0001738821689893181,2014,0.0010432930139359087
route,parallel_wall_clock,6,r105C15,1275,0.0001962918346786561,2014,0.0011777510080719367
route,parallel_wall_clock,42,r105C15,134,3.5042618470643427e-05,2014,0.0014717899757670239
route,parallel_wall_clock,1130,r105C15,135,0.0001288610584961778,2014,0.1456129961006809
route,parallel_wall_clock,2,r105C15,152,0.0008472084955428727,2014,0.0016944169910857454
route,parallel_wall_clock,6,r105C15,170,0.0002061736668110825,2014,0.001237042000866495
route,parallel_wall_clock,19,r105C15,171,8.51796840403327e-05,2014,0.0016184139967663214
route,parallel_wall_clock,1,r105C15,183,0.0019147499988321215,2014,0.0019147499988321215
route,parallel_wall_clock,1,r105C15,188,0.0019579159998102114,2014,0.0019579159998102114
route,parallel_wall_clock,2,r105C15,256,0.0006214375025592744,2014,0.0012428750051185489
route,parallel_wall_clock,1,r105C15,261,0.0011009579902747646,2014,0.0011009579902747646
route,parallel_wall_clock,9,r105C15,264,0.00012772699927962903,2014,0.0011495429935166612
route,parallel_wall_clock,5,r105C15,272,0.00019954160088673235,2014,0.0009977080044336617
route,parallel_wall_clock,10,r105C15,273,0.0001221041049575433,2014,0.0012210410495754331
route,parallel_wall_clock,4,r105C15,291,0.00026813550357474014,2014,0.0010725420142989606
route,parallel_wall_clock,7,r105C15,328,0.00023988100292626768,2014,0.0016791670204838738
route,parallel_wall_clock,24,r105C15,333,7.091316850467895e-05,2014,0.001701916044112295
route,parallel_wall_clock,5,r105C15,352,0.0002608834038255736,2014,0.0013044170191278681
route,parallel_wall_clock,1,r105C15,374,0.0016146249981829897,2014,0.0016146249981829897
route,parallel_wall_clock,4,r105C15,375,0.00031539574774797074,2014,0.001261582990991883
route,parallel_wall_clock,5,r105C15,42,0.0002371998009039089,2014,0.0011859990045195445
route,parallel_wall_clock,10,r105C15,43,0.0001048791003995575,2014,0.001048791003995575
route,parallel_wall_clock,5,r105C15,475,0.0003128999989712611,2014,0.0015644999948563054
route,parallel_wall_clock,4,r105C15,493,0.0003109585013589822,2014,0.0012438340054359287
route,parallel_wall_clock,37,r105C15,494,4.618691879865789e-05,2014,0.001708915995550342
route,parallel_wall_clock,1,r105C15,517,0.0017414579924661666,2014,0.0017414579924661666
route,parallel_wall_clock,3,r105C15,533,0.0005225276593895009,2014,0.0015675829781685024
route,parallel_wall_clock,26,r105C15,546,4.2527233465359764e-05,2014,0.0011057080700993538
route,parallel_wall_clock,1,r105C15,559,0.0011208750074729323,2014,0.0011208750074729323
route,parallel_wall_clock,35,r105C15,568,2.4175001557783357e-05,2014,0.0008461250545224175
route,parallel_wall_clock,3,r105C15,594,0.00015905532927718014,2014,0.0004771659878315404
route,parallel_wall_clock,6,r105C15,626,0.00020372883106271425,2014,0.0012223729863762856
route,parallel_wall_clock,19,r105C15,637,3.7280842661857605e-05,2014,0.0007083360105752945
route,parallel_wall_clock,6,r105C15,667,0.00011038167091707389,2014,0.0006622900255024433
route,parallel_wall_clock,740,r105C15,683,0.00019643675273196218,2014,0.145363197021652
route,parallel_wall_clock,2,r105C15,684,0.0006868124983157031,2014,0.0013736249966314062
route,parallel_wall_clock,101,r105C15,695,8.976425990545292e-06,2014,0.0009066190250450745
route,parallel_wall_clock,2,r105C15,732,0.00040606199763715267,2014,0.0008121239952743053
route,parallel_wall_clock,33,r105C15,754,3.7852270796782136e-05,2014,0.0012491249362938106
route,parallel_wall_clock,3,r105C15,755,0.0007598336621110017,2014,0.002279500986333005
route,parallel_wall_clock,1067,r105C15,780,0.00013632494804325873,2014,0.14545871956215706
route,parallel_wall_clock,3,r105C15,786,0.000725263996476618,2014,0.002175791989429854
route,parallel_wall_clock,5,r105C15,797,0.00034297500096727165,2014,0.0017148750048363581
route,parallel_wall_clock,114,r105C15,798,2.0567290592129883e-05,2014,0.0023446711275028065
route,parallel_wall_clock,12,r105C15,810,0.00013964583558845334,2014,0.00167575002706144
route,parallel_wall_clock,6,r105C15,834,0.0003611180024260345,2014,0.0021667080145562068
route,parallel_wall_clock,4,r105C15,838,0.0005856144998688251,2014,0.0023424579994753003
route,parallel_wall_clock,11,r105C15,840,9.24887267915024e-05,2014,0.0010173759947065264
route,parallel_wall_clock,12,r105C15,874,7.398249605709377e-05,2014,0.0008877899526851252
route,parallel_wall_clock,150,r105C15,903,4.180832668983688e-06,2014,0.0006271249003475532
route,parallel_wall_clock,7,r105C15,91,0.00014427985089631484,2014,0.001009958956274204
route,parallel_wall_clock,18,r105C15,92,7.405333195088638e-05,2014,0.0013329599751159549
route,parallel_wall_clock,27,r105C15,920,2.4563294977674053e-05,2014,0.0006632089643971995
route,parallel_wall_clock,13,r105C15,983,0.00014249692321754992,2014,0.001852460001828149
route,parallel_wall_clock,9,r105C15,998,0.0001635185552812699,2014,0.001471666997531429
operator,serial_fixed_exact_calls,92,r105C15,energy,3.6115988262716435e-05,2015,0.0033226709201699123
operator,serial_fixed_exact_calls,49,r105C15,greedy,3.512665345476066e-05,2015,0.0017212060192832723
operator,serial_fixed_exact_calls,8,r105C15,initial_solution,0.0021009374959248817,2015,0.016807499967399053
operator,serial_fixed_exact_calls,21,r105C15,regret2,8.903566880949907e-05,2015,0.0018697490449994802
operator,serial_fixed_exact_calls,2,r105C15,relocate,2.7049100026488304e-07,2015,5.409820005297661e-07
operator,serial_fixed_exact_calls,48,r105C15,route_elimination,1.6054339842715612e-07,2015,7.706083124503493e-06
operator,serial_fixed_exact_calls,44,r105C15,route_merge,1.4681757999245415e-07,2015,6.459973519667983e-06
operator,serial_fixed_exact_calls,2,r105C15,route_segment_destroy,2.0849984139204025e-07,2015,4.169996827840805e-07
operator,serial_fixed_exact_calls,6,r105C15,shaw_related,3.1933207840969163e-07,2015,1.91599247045815e-06
operator,serial_fixed_exact_calls,8,r105C15,station_pressure,1.9250182958785444e-07,2015,1.5400146367028356e-06
operator,serial_fixed_exact_calls,2,r105C15,swap,2.2949825506657362e-07,2015,4.5899651013314724e-07
operator,serial_fixed_exact_calls,2,r105C15,two_opt_star,2.4950713850557804e-07,2015,4.990142770111561e-07
operator,serial_fixed_exact_calls,88,r105C15,vehicle_count_aware_repair,3.965909143682273e-05,2015,0.0034900000464404
operator,serial_fixed_exact_calls,20,r105C15,worst_energy_detour,2.852495526894927e-07,2015,5.704991053789854e-06
route,serial_fixed_exact_calls,10,r105C15,1021,0.00013258750113891437,2015,0.0013258750113891438
route,serial_fixed_exact_calls,7,r105C15,1048,0.00030720243272038976,2015,0.0021504170290427282
route,serial_fixed_exact_calls,4,r105C15,137,0.0001808537490433082,2015,0.0007234149961732328
route,serial_fixed_exact_calls,102,r105C15,138,4.1434999301974824e-05,2015,0.004226369928801432
route,serial_fixed_exact_calls,8,r105C15,258,0.00011041150173696224,2015,0.0008832920138956979
route,serial_fixed_exact_calls,3,r105C15,277,0.00024050033243838698,2015,0.0007215009973151609
route,serial_fixed_exact_calls,3,r105C15,297,0.0004260833375155926,2015,0.0012782500125467777
route,serial_fixed_exact_calls,3,r105C15,518,3.7750335953508816e-05,2015,0.00011325100786052644
route,serial_fixed_exact_calls,1,r105C15,572,0.00028979200578760356,2015,0.00028979200578760356
route,serial_fixed_exact_calls,2,r105C15,612,0.0004920625069644302,2015,0.0009841250139288604
route,serial_fixed_exact_calls,47,r105C15,646,8.952123313607212e-05,2015,0.00420749795739539
route,serial_fixed_exact_calls,106,r105C15,741,3.9799104308498636e-05,2015,0.0042187050567008555
route,serial_fixed_exact_calls,1,r105C15,760,0.001198749989271164,2015,0.001198749989271164
route,serial_fixed_exact_calls,1,r105C15,831,0.0003995420120190829,2015,0.0003995420120190829
route,serial_fixed_exact_calls,30,r105C15,879,1.0126431880053132e-05,2015,0.000303792956401594
route,serial_fixed_exact_calls,64,r105C15,980,6.580926651622576e-05,2015,0.004211793057038449
operator,parallel_fixed_exact_calls,92,r105C15,energy,6.671147829088706e-05,2015,0.00613745600276161
operator,parallel_fixed_exact_calls,49,r105C15,greedy,6.882910265074092e-05,2015,0.0033726260298863053
operator,parallel_fixed_exact_calls,8,r105C15,initial_solution,0.07324715612230648,2015,0.5859772489784518
operator,parallel_fixed_exact_calls,21,r105C15,regret2,0.00012858942916084613,2015,0.0027003780123777688
operator,parallel_fixed_exact_calls,2,r105C15,relocate,2.915039658546448e-07,2015,5.830079317092896e-07
operator,parallel_fixed_exact_calls,48,r105C15,route_elimination,1.81416908162646e-07,2015,8.708011591807008e-06
operator,parallel_fixed_exact_calls,44,r105C15,route_merge,1.4672795342366127e-07,2015,6.456029950641096e-06
operator,parallel_fixed_exact_calls,2,r105C15,route_segment_destroy,3.3299875212833285e-07,2015,6.659975042566657e-07
operator,parallel_fixed_exact_calls,6,r105C15,shaw_related,4.5133250144620735e-07,2015,2.707995008677244e-06
operator,parallel_fixed_exact_calls,8,r105C15,station_pressure,2.133765519829467e-07,2015,1.7070124158635736e-06
operator,parallel_fixed_exact_calls,2,r105C15,swap,6.454938556998968e-07,2015,1.2909877113997936e-06
operator,parallel_fixed_exact_calls,2,r105C15,two_opt_star,2.2899621399119496e-07,2015,4.5799242798238993e-07
operator,parallel_fixed_exact_calls,88,r105C15,vehicle_count_aware_repair,3.274238571810367e-05,2015,0.0028813299431931227
operator,parallel_fixed_exact_calls,20,r105C15,worst_energy_detour,2.854008926078677e-07,2015,5.708017852157354e-06
route,parallel_fixed_exact_calls,10,r105C15,1021,0.00013629579916596413,2015,0.0013629579916596413
route,parallel_fixed_exact_calls,7,r105C15,1048,0.00021493457357532212,2015,0.0015045420150272548
route,parallel_fixed_exact_calls,4,r105C15,137,0.00032004175227484666,2015,0.0012801670090993866
route,parallel_fixed_exact_calls,102,r105C15,138,0.0014364988139063558,2015,0.1465228790184483
route,parallel_fixed_exact_calls,8,r105C15,258,0.0001688072516117245,2015,0.001350458012893796
route,parallel_fixed_exact_calls,3,r105C15,277,0.00041029133717529476,2015,0.0012308740115258843
route,parallel_fixed_exact_calls,3,r105C15,297,0.0005507083260454237,2015,0.0016521249781362712
route,parallel_fixed_exact_calls,3,r105C15,518,0.0001693886733846739,2015,0.0005081660201540217
route,parallel_fixed_exact_calls,1,r105C15,572,0.0012252909946255386,2015,0.0012252909946255386
route,parallel_fixed_exact_calls,2,r105C15,612,0.0006737294970662333,2015,0.0013474589941324666
route,parallel_fixed_exact_calls,47,r105C15,646,0.0031170558730546543,2015,0.14650162603356875
route,parallel_fixed_exact_calls,106,r105C15,741,0.0013821838576816691,2015,0.14651148891425692
route,parallel_fixed_exact_calls,1,r105C15,760,0.0021898339909967035,2015,0.0021898339909967035
route,parallel_fixed_exact_calls,1,r105C15,831,0.0006647089903708547,2015,0.0006647089903708547
route,parallel_fixed_exact_calls,30,r105C15,879,2.4647266642811397e-05,2015,0.0007394179992843419
route,parallel_fixed_exact_calls,64,r105C15,980,0.002289145766326328,2015,0.146505329044885
operator,serial_wall_clock,339,r105C15,energy,4.3336996928154103e-05,2015,0.014691241958644241
operator,serial_wall_clock,303,r105C15,greedy,4.4995296787602746e-05,2015,0.013633574926643632
operator,serial_wall_clock,8,r105C15,initial_solution,0.0020848798740189523,2015,0.016679038992151618
operator,serial_wall_clock,537,r105C15,regret2,3.689344146625387e-05,2015,0.019811778067378327
operator,serial_wall_clock,2,r105C15,relocate,2.0849984139204025e-07,2015,4.169996827840805e-07
operator,serial_wall_clock,276,r105C15,route_elimination,1.4615574585057903e-07,2015,4.033898585475981e-05
operator,serial_wall_clock,224,r105C15,route_merge,1.461965959086748e-07,2015,3.274803748354316e-05
operator,serial_wall_clock,2,r105C15,route_segment_destroy,3.3299875212833285e-07,2015,6.659975042566657e-07
operator,serial_wall_clock,103,r105C15,shaw_related,3.44640920074313e-07,2015,3.549801476765424e-05
operator,serial_wall_clock,20,r105C15,standard,1.8955106497742236e-07,2015,3.791021299548447e-06
operator,serial_wall_clock,94,r105C15,station_pressure,1.95434543631099e-07,2015,1.8370847101323307e-05
operator,serial_wall_clock,2,r105C15,swap,2.0849984139204025e-07,2015,4.169996827840805e-07
operator,serial_wall_clock,2,r105C15,two_opt_star,1.8750142771750689e-07,2015,3.7500285543501377e-07
operator,serial_wall_clock,3096,r105C15,vehicle_count_aware_repair,3.873741788570336e-06,2015,0.01199310457741376
operator,serial_wall_clock,144,r105C15,worst_energy_detour,2.9138886424738706e-07,2015,4.195999645162374e-05
route,serial_wall_clock,25,r105C15,1012,3.904664015863091e-05,2015,0.0009761660039657727
route,serial_wall_clock,55,r105C15,1021,1.7208400161259555e-05,2015,0.0009464620088692755
route,serial_wall_clock,39,r105C15,1048,3.5788461667461655e-05,2015,0.0013957500050310045
route,serial_wall_clock,196,r105C15,1049,5.852703758805268e-06,2015,0.0011471299367258325
route,serial_wall_clock,4,r105C15,1051,0.0005785729990748223,2015,0.002314291996299289
route,serial_wall_clock,19,r105C15,1113,8.53201575074835e-05,2015,0.0016210829926421866
route,serial_wall_clock,26,r105C15,1118,6.235088277697706e-05,2015,0.0016211229522014037
route,serial_wall_clock,6,r105C15,1131,0.00021204183576628566,2015,0.001272251014597714
route,serial_wall_clock,2,r105C15,1151,0.0005430619930848479,2015,0.0010861239861696959
route,serial_wall_clock,37,r105C15,137,2.0502298375012707e-05,2015,0.0007585850398754701
route,serial_wall_clock,1202,r105C15,138,3.753800333296251e-06,2015,0.004512068000622094
route,serial_wall_clock,8,r105C15,146,0.00020023424985993188,2015,0.001601873998879455
route,serial_wall_clock,3,r105C15,155,0.00044854167208541185,2015,0.0013456250162562355
route,serial_wall_clock,4,r105C15,166,0.0003102290029346477,2015,0.001240916011738591
route,serial_wall_clock,7,r105C15,173,9.113114252353885e-05,2015,0.000637917997664772
route,serial_wall_clock,14,r105C15,174,8.386021363548934e-05,2015,0.0011740429908968508
route,serial_wall_clock,3,r105C15,241,0.0002469166647642851,2015,0.0007407499942928553
route,serial_wall_clock,1,r105C15,246,0.0007777080027153715,2015,0.0007777080027153715
route,serial_wall_clock,8,r105C15,249,0.00010365625166741665,2015,0.0008292500133393332
route,serial_wall_clock,3,r105C15,257,0.0002034303373269116,2015,0.0006102910119807348
route,serial_wall_clock,35,r105C15,258,2.5482173077762128e-05,2015,0.0008918760577216744
route,serial_wall_clock,4,r105C15,276,0.00011557300240383483,2015,0.00046229200961533934
route,serial_wall_clock,8,r105C15,277,8.237512338382658e-05,2015,0.0006590009870706126
route,serial_wall_clock,3,r105C15,297,0.0004046110067671786,2015,0.0012138330203015357
route,serial_wall_clock,10,r105C15,299,0.00013452919956762343,2015,0.0013452919956762344
route,serial_wall_clock,2,r105C15,324,0.0006048954965081066,2015,0.0012097909930162132
route,serial_wall_clock,11,r105C15,327,7.851882070429961e-05,2015,0.0008637070277472958
route,serial_wall_clock,9,r105C15,40,5.379155724464605e-05,2015,0.00048412401520181447
route,serial_wall_clock,2,r105C15,409,0.0002875415011658333,2015,0.0005750830023316666
route,serial_wall_clock,11,r105C15,41,5.798481949816712e-05,2015,0.0006378330144798383
route,serial_wall_clock,2,r105C15,423,0.0005314375011948869,2015,0.0010628750023897737
route,serial_wall_clock,2,r105C15,43,0.0006362710046232678,2015,0.0012725420092465356
route,serial_wall_clock,10,r105C15,438,0.00011275419819867238,2015,0.0011275419819867238
route,serial_wall_clock,1,r105C15,450,0.00043120799819007516,2015,0.00043120799819007516
route,serial_wall_clock,41,r105C15,469,1.6782488872683268e-05,2015,0.0006880820437800139
route,serial_wall_clock,3,r105C15,518,4.006967355962843e-05,2015,0.00012020902067888528
route,serial_wall_clock,6,r105C15,550,0.00022699299976617718,2015,0.0013619579985970631
route,serial_wall_clock,11,r105C15,562,8.393563488921659e-05,2015,0.0009232919837813824
route,serial_wall_clock,14,r105C15,572,2.444064323624064e-05,2015,0.00034216900530736893
route,serial_wall_clock,5,r105C15,604,7.16665992513299e-05,2015,0.0003583329962566495
route,serial_wall_clock,2,r105C15,612,0.0004895204983768053,2015,0.0009790409967536107
route,serial_wall_clock,625,r105C15,630,8.213149849325419e-07,2015,0.0005133218655828387
route,serial_wall_clock,8,r105C15,631,0.00011916149378521368,2015,0.0009532919502817094
route,serial_wall_clock,168,r105C15,646,2.4978874491699527e-05,2015,0.004196450914605521
route,serial_wall_clock,3,r105C15,694,0.0001451806650341799,2015,0.00043554199510253966
route,serial_wall_clock,20,r105C15,716,4.0512450505048035e-05,2015,0.0008102490101009607
route,serial_wall_clock,2,r105C15,718,0.0006244585019885562,2015,0.0012489170039771125
route,serial_wall_clock,10,r105C15,729,0.00012299170048208908,2015,0.0012299170048208907
route,serial_wall_clock,1155,r105C15,741,3.777653406257237e-06,2015,0.004363189684227109
route,serial_wall_clock,3,r105C15,747,0.0004021110022828604,2015,0.0012063330068485811
route,serial_wall_clock,104,r105C15,760,1.4179856197398085e-05,2015,0.0014747050445294008
route,serial_wall_clock,1,r105C15,770,0.0017218749999301508,2015,0.0017218749999301508
route,serial_wall_clock,10,r105C15,771,0.00013184159906813874,2015,0.0013184159906813875
route,serial_wall_clock,1,r105C15,786,0.0012712080060737208,2015,0.0012712080060737208
route,serial_wall_clock,10,r105C15,794,0.0001226207008585334,2015,0.0012262070085853338
route,serial_wall_clock,16,r105C15,798,4.115631054446567e-05,2015,0.0006585009687114507
route,serial_wall_clock,8,r105C15,831,4.9645623221294954e-05,2015,0.00039716498577035964
route,serial_wall_clock,164,r105C15,857,1.4606101591730627e-06,2015,0.00023954006610438228
route,serial_wall_clock,5,r105C15,858,8.281659975182266e-05,2015,0.00041408299875911325
route,serial_wall_clock,112,r105C15,879,3.053553362925803e-06,2015,0.00034199797664768994
route,serial_wall_clock,7,r105C15,92,9.121414249031139e-05,2015,0.0006384989974321797
route,serial_wall_clock,24,r105C15,93,3.9666622493920535e-05,2015,0.0009519989398540929
route,serial_wall_clock,14,r105C15,943,9.265464697299259e-05,2015,0.0012971650576218963
route,serial_wall_clock,3,r105C15,963,0.0003108193389683341,2015,0.0009324580169050023
route,serial_wall_clock,197,r105C15,980,2.1320477327175892e-05,2015,0.004200134033453651
route,serial_wall_clock,628,r105C15,989,2.106150897156008e-06,2015,0.0013226627634139732
operator,parallel_wall_clock,339,r105C15,energy,6.237203537920562e-05,2015,0.021144119993550703
operator,parallel_wall_clock,303,r105C15,greedy,6.714411274485426e-05,2015,0.02034466616169084
operator,parallel_wall_clock,8,r105C15,initial_solution,0.06912895300229138,2015,0.5530316240183311
operator,parallel_wall_clock,537,r105C15,regret2,5.123912071934043e-05,2015,0.02751540782628581
operator,parallel_wall_clock,2,r105C15,relocate,3.335007932037115e-07,2015,6.67001586407423e-07
operator,parallel_wall_clock,276,r105C15,route_elimination,1.5563774217878454e-07,2015,4.2956016841344535e-05
operator,parallel_wall_clock,224,r105C15,route_merge,1.711513764998277e-07,2015,3.83379083359614e-05
operator,parallel_wall_clock,2,r105C15,route_segment_destroy,3.3299875212833285e-07,2015,6.659975042566657e-07
operator,parallel_wall_clock,103,r105C15,shaw_related,3.248538473819934e-07,2015,3.345994628034532e-05
operator,parallel_wall_clock,20,r105C15,standard,1.9999861251562833e-07,2015,3.999972250312567e-06
operator,parallel_wall_clock,94,r105C15,station_pressure,2.0115917419737324e-07,2015,1.8908962374553084e-05
operator,parallel_wall_clock,2,r105C15,swap,2.0849984139204025e-07,2015,4.169996827840805e-07
operator,parallel_wall_clock,2,r105C15,two_opt_star,2.2949825506657362e-07,2015,4.5899651013314724e-07
operator,parallel_wall_clock,3096,r105C15,vehicle_count_aware_repair,5.2231659164269595e-06,2015,0.016170921677257866
operator,parallel_wall_clock,144,r105C15,worst_energy_detour,2.936103555839509e-07,2015,4.2279891204088926e-05
route,parallel_wall_clock,25,r105C15,1012,7.34333589207381e-05,2015,0.0018358339730184525
route,parallel_wall_clock,55,r105C15,1021,2.4384090581654826e-05,2015,0.0013411249819910154
route,parallel_wall_clock,39,r105C15,1048,4.932689644658986e-05,2015,0.0019237489614170045
route,parallel_wall_clock,196,r105C15,1049,1.0873515655438663e-05,2015,0.002131209068465978
route,parallel_wall_clock,4,r105C15,1051,0.0003544372520991601,2015,0.0014177490083966404
route,parallel_wall_clock,19,r105C15,1113,9.875447262617711e-05,2015,0.001876334979897365
route,parallel_wall_clock,26,r105C15,1118,7.661857727306106e-05,2015,0.001992083009099588
route,parallel_wall_clock,6,r105C15,1131,0.00021479133768783262,2015,0.0012887480261269957
route,parallel_wall_clock,2,r105C15,1151,0.000721416508895345,2015,0.00144283301779069
route,parallel_wall_clock,37,r105C15,137,3.672743175254279e-05,2015,0.0013589149748440832
route,parallel_wall_clock,1202,r105C15,138,0.00011529848085597821,2015,0.1385887739888858
route,parallel_wall_clock,8,r105C15,146,0.00023800012604624499,2015,0.0019040010083699599
route,parallel_wall_clock,3,r105C15,155,0.0005782086712618669,2015,0.0017346260137856007
route,parallel_wall_clock,4,r105C15,166,0.000422385499405209,2015,0.001689541997620836
route,parallel_wall_clock,7,r105C15,173,0.00016518456894638284,2015,0.0011562919826246798
route,parallel_wall_clock,14,r105C15,174,0.0001029702159160349,2015,0.0014415830228244886
route,parallel_wall_clock,3,r105C15,241,0.0003805833354514713,2015,0.001141750006354414
route,parallel_wall_clock,1,r105C15,246,0.0015901250008028,2015,0.0015901250008028
route,parallel_wall_clock,8,r105C15,249,0.0002124688726325985,2015,0.001699750981060788
route,parallel_wall_clock,3,r105C15,257,0.0003275829997922604,2015,0.0009827489993767813
route,parallel_wall_clock,35,r105C15,258,3.798214228092028e-05,2015,0.0013293749798322096
route,parallel_wall_clock,4,r105C15,276,0.0002087914981530048,2015,0.0008351659926120192
route,parallel_wall_clock,8,r105C15,277,0.00012461463120416738,2015,0.000996917049633339
route,parallel_wall_clock,3,r105C15,297,0.000544652997632511,2015,0.0016339589928975329
route,parallel_wall_clock,10,r105C15,299,0.00022771260119043292,2015,0.002277126011904329
route,parallel_wall_clock,2,r105C15,324,0.0008380834988201968,2015,0.0016761669976403937
route,parallel_wall_clock,11,r105C15,327,0.000110757637726651,2015,0.001218334014993161
route,parallel_wall_clock,9,r105C15,40,0.00010603233305219974,2015,0.0009542909974697977
route,parallel_wall_clock,2,r105C15,409,0.0005877919975318946,2015,0.0011755839950637892
route,parallel_wall_clock,11,r105C15,41,0.00013854927303989163,2015,0.001524042003438808
route,parallel_wall_clock,2,r105C15,423,0.0005716665036743507,2015,0.0011433330073487014
route,parallel_wall_clock,2,r105C15,43,0.000618958001723513,2015,0.001237916003447026
route,parallel_wall_clock,10,r105C15,438,0.00013719169946853073,2015,0.0013719169946853071
route,parallel_wall_clock,1,r105C15,450,0.0008318750042235479,2015,0.0008318750042235479
route,parallel_wall_clock,41,r105C15,469,2.4813123362525027e-05,2015,0.001017338057863526
route,parallel_wall_clock,3,r105C15,518,0.00019245833391323686,2015,0.0005773750017397106
route,parallel_wall_clock,6,r105C15,550,0.0002875761686785457,2015,0.0017254570120712742
route,parallel_wall_clock,11,r105C15,562,0.00011358727087182078,2015,0.0012494599795900285
route,parallel_wall_clock,14,r105C15,572,5.327971614730943e-05,2015,0.0007459160260623321
route,parallel_wall_clock,5,r105C15,604,0.0001431247976142913,2015,0.0007156239880714566
route,parallel_wall_clock,2,r105C15,612,0.000682686993968673,2015,0.001365373987937346
route,parallel_wall_clock,625,r105C15,630,1.3815405080094933e-06,2015,0.0008634628175059333
route,parallel_wall_clock,8,r105C15,631,0.00016678087740729097,2015,0.0013342470192583278
route,parallel_wall_clock,168,r105C15,646,0.0008231182677090622,2015,0.13828386897512246
route,parallel_wall_clock,3,r105C15,694,0.0003313053312012926,2015,0.0009939159936038777
route,parallel_wall_clock,20,r105C15,716,5.830619993503205e-05,2015,0.001166123998700641
route,parallel_wall_clock,2,r105C15,718,0.0008120204947772436,2015,0.0016240409895544872
route,parallel_wall_clock,10,r105C15,729,0.0001510667018010281,2015,0.001510667018010281
route,parallel_wall_clock,1155,r105C15,741,0.0001198654387849766,2015,0.13844458179664798
route,parallel_wall_clock,3,r105C15,747,0.0005321526599194234,2015,0.00159645797975827
route,parallel_wall_clock,104,r105C15,760,1.7623000111108504e-05,2015,0.0018327920115552843
route,parallel_wall_clock,1,r105C15,770,0.0016457089950563386,2015,0.0016457089950563386
route,parallel_wall_clock,10,r105C15,771,0.00016645009745843708,2015,0.0016645009745843709
route,parallel_wall_clock,1,r105C15,786,0.0018419999978505075,2015,0.0018419999978505075
route,parallel_wall_clock,10,r105C15,794,0.000171795797359664,2015,0.00171795797359664
route,parallel_wall_clock,16,r105C15,798,6.291149838943966e-05,2015,0.0010065839742310345
route,parallel_wall_clock,8,r105C15,831,0.00013946912622486707,2015,0.0011157530097989365
route,parallel_wall_clock,164,r105C15,857,4.295944630185415e-06,2015,0.000704534919350408
route,parallel_wall_clock,5,r105C15,858,0.00015751679602544756,2015,0.0007875839801272377
route,parallel_wall_clock,112,r105C15,879,7.299062027803822e-06,2015,0.000817494947114028
route,parallel_wall_clock,7,r105C15,92,0.00013993428729008883,2015,0.0009795400110306218
route,parallel_wall_clock,24,r105C15,93,5.123445771459956e-05,2015,0.0012296269851503894
route,parallel_wall_clock,14,r105C15,943,0.00010285414152479331,2015,0.0014399579813471064
route,parallel_wall_clock,3,r105C15,963,0.00041173566326809424,2015,0.0012352069898042828
route,parallel_wall_clock,197,r105C15,980,0.0007019934417599537,2015,0.1382927080267109
route,parallel_wall_clock,628,r105C15,989,3.3746097180517806e-06,2015,0.002119254902936518
operator,serial_fixed_exact_calls,35,r105C15,energy,5.846539861522615e-05,2016,0.0020462889515329152
operator,serial_fixed_exact_calls,66,r105C15,greedy,4.5390092109852105e-05,2016,0.002995746079250239
operator,serial_fixed_exact_calls,8,r105C15,initial_solution,0.0018045309989247471,2016,0.014436247991397977
operator,serial_fixed_exact_calls,25,r105C15,regret2,1.5998358139768244e-05,2016,0.00039995895349420607
operator,serial_fixed_exact_calls,2,r105C15,relocate,2.710003172978759e-07,2016,5.420006345957518e-07
operator,serial_fixed_exact_calls,48,r105C15,route_elimination,1.7018798340965682e-07,2016,8.169023203663528e-06
operator,serial_fixed_exact_calls,40,r105C15,route_merge,1.7602651496417822e-07,2016,7.041060598567128e-06
operator,serial_fixed_exact_calls,2,r105C15,route_segment_destroy,2.295055310241878e-07,2016,4.590110620483756e-07
operator,serial_fixed_exact_calls,2,r105C15,shaw_related,5.830079317092896e-07,2016,1.166015863418579e-06
operator,serial_fixed_exact_calls,2,r105C15,swap,3.540044417604804e-07,2016,7.080088835209608e-07
operator,serial_fixed_exact_calls,2,r105C15,two_opt_star,1.8750142771750689e-07,2016,3.7500285543501377e-07
operator,serial_fixed_exact_calls,112,r105C15,vehicle_count_aware_repair,3.239958056968005e-05,2016,0.0036287530238041654
route,serial_fixed_exact_calls,2,r105C15,1025,0.0005416870044427924,2016,0.0010833740088855848
route,serial_fixed_exact_calls,14,r105C15,1033,6.855064358595493e-05,2016,0.000959709010203369
route,serial_fixed_exact_calls,5,r105C15,1173,7.912519795354456e-05,2016,0.0003956259897677228
route,serial_fixed_exact_calls,94,r105C15,127,3.877001135867644e-05,2016,0.0036443810677155852
route,serial_fixed_exact_calls,2,r105C15,162,0.0003067914949497208,2016,0.0006135829898994416
route,serial_fixed_exact_calls,2,r105C15,243,0.00044016649189870805,2016,0.0008803329837974161
route,serial_fixed_exact_calls,6,r105C15,287,0.0002234511678883185,2016,0.001340707007329911
route,serial_fixed_exact_calls,1,r105C15,307,0.0015609170077368617,2016,0.0015609170077368617
route,serial_fixed_exact_calls,21,r105C15,567,8.089085860687884e-05,2016,0.0016987080307444558
route,serial_fixed_exact_calls,46,r105C15,665,7.863036918696825e-05,2016,0.00361699698260054
route,serial_fixed_exact_calls,95,r105C15,738,3.8189916430335294e-05,2016,0.003628042060881853
route,serial_fixed_exact_calls,1,r105C15,839,0.0003444159956416115,2016,0.0003444159956416115
route,serial_fixed_exact_calls,6,r105C15,867,2.3263664237068344e-05,2016,0.00013958198542241007
route,serial_fixed_exact_calls,49,r105C15,962,7.385877555008141e-05,2016,0.0036190800019539893
operator,parallel_fixed_exact_calls,35,r105C15,energy,0.00010055951424874366,2016,0.003519582998706028
operator,parallel_fixed_exact_calls,66,r105C15,greedy,7.697040895105933e-05,2016,0.005080046990769915
operator,parallel_fixed_exact_calls,8,r105C15,initial_solution,0.07289914050124935,2016,0.5831931240099948
operator,parallel_fixed_exact_calls,25,r105C15,regret2,3.822335973381996e-05,2016,0.000955583993345499
operator,parallel_fixed_exact_calls,2,r105C15,relocate,2.710003172978759e-07,2016,5.420006345957518e-07
operator,parallel_fixed_exact_calls,48,r105C15,route_elimination,1.744595768589837e-07,2016,8.374059689231217e-06
operator,parallel_fixed_exact_calls,40,r105C15,route_merge,1.8330028979107736e-07,2016,7.332011591643095e-06
operator,parallel_fixed_exact_calls,2,r105C15,route_segment_destroy,2.914966898970306e-07,2016,5.829933797940612e-07
operator,parallel_fixed_exact_calls,2,r105C15,shaw_related,3.749955794773996e-07,2016,7.499911589547992e-07
operator,parallel_fixed_exact_calls,2,r105C15,swap,2.285014488734305e-07,2016,4.57002897746861e-07
operator,parallel_fixed_exact_calls,2,r105C15,two_opt_star,2.2900348994880915e-07,2016,4.580069798976183e-07
operator,parallel_fixed_exact_calls,112,r105C15,vehicle_count_aware_repair,0.000639075134261345,2016,0.07157641503727064
route,parallel_fixed_exact_calls,2,r105C15,1025,0.001010749998386018,2016,0.002021499996772036
route,parallel_fixed_exact_calls,14,r105C15,1033,0.004842428429193595,2016,0.06779399800871033
route,parallel_fixed_exact_calls,5,r105C15,1173,0.0001901833980809897,2016,0.0009509169904049486
route,parallel_fixed_exact_calls,94,r105C15,127,0.001551338659563508,2016,0.14582583399896976
route,parallel_fixed_exact_calls,2,r105C15,162,0.000537291998625733,2016,0.001074583997251466
route,parallel_fixed_exact_calls,2,r105C15,243,0.000827563002530951,2016,0.001655126005061902
route,parallel_fixed_exact_calls,6,r105C15,287,0.00029211816581664607,2016,0.0017527089948998764
route,parallel_fixed_exact_calls,1,r105C15,307,0.0017404170066583902,2016,0.0017404170066583902
route,parallel_fixed_exact_calls,21,r105C15,567,0.00011457933509345388,2016,0.0024061660369625315
route,parallel_fixed_exact_calls,46,r105C15,665,0.0031697055882946384,2016,0.14580645706155337
route,parallel_fixed_exact_calls,95,r105C15,738,0.0015348530739031144,2016,0.14581104202079587
route,parallel_fixed_exact_calls,1,r105C15,839,0.0011104169971076772,2016,0.0011104169971076772
route,parallel_fixed_exact_calls,6,r105C15,867,9.76249987919194e-05,2016,0.0005857499927515164
route,parallel_fixed_exact_calls,49,r105C15,962,0.0029756802446636544,2016,0.14580833198851906
operator,serial_wall_clock,357,r105C15,energy,4.880822970302311e-05,2016,0.01742453800397925
operator,serial_wall_clock,319,r105C15,greedy,4.26330057893906e-05,2016,0.013599928846815601
operator,serial_wall_clock,8,r105C15,initial_solution,0.0017855989972304087,2016,0.01428479197784327
operator,serial_wall_clock,484,r105C15,regret2,3.435336562568199e-05,2016,0.01662702896283008
operator,serial_wall_clock,2,r105C15,relocate,2.4999462766572833e-07,2016,4.999892553314567e-07
operator,serial_wall_clock,288,r105C15,route_elimination,1.4528500792544543e-07,2016,4.184208228252828e-05
operator,serial_wall_clock,224,r105C15,route_merge,3.5066529692682836e-07,2016,7.854902651160955e-05
operator,serial_wall_clock,2,r105C15,route_segment_destroy,2.0849984139204025e-07,2016,4.169996827840805e-07
operator,serial_wall_clock,105,r105C15,shaw_related,1.2167742603369766e-05,2016,0.0012776129733538255
operator,serial_wall_clock,28,r105C15,standard,2.0392846116530044e-07,2016,5.709996912628412e-06
operator,serial_wall_clock,2,r105C15,swap,2.079978003166616e-07,2016,4.159956006333232e-07
operator,serial_wall_clock,2,r105C15,two_opt_star,1.874941517598927e-07,2016,3.749883035197854e-07
operator,serial_wall_clock,3098,r105C15,vehicle_count_aware_repair,3.460030655355269e-06,2016,0.010719174970290624
route,serial_wall_clock,17,r105C15,1013,4.292394185219617e-05,2016,0.000729707011487335
route,serial_wall_clock,52,r105C15,1025,3.4106480877828566e-05,2016,0.0017735370056470856
route,serial_wall_clock,859,r105C15,1033,1.367913929466917e-06,2016,0.0011750380654120818
route,serial_wall_clock,41,r105C15,1039,7.183529279001693e-05,2016,0.002945247004390694
route,serial_wall_clock,18,r105C15,1115,0.00011628011108971098,2016,0.0020930419996147975
route,serial_wall_clock,2,r105C15,1129,0.0005157495033927262,2016,0.0010314990067854524
route,serial_wall_clock,5,r105C15,1134,9.398340189363808e-05,2016,0.00046991700946819037
route,serial_wall_clock,29,r105C15,1150,2.0300310630961483e-05,2016,0.000588709008297883
route,serial_wall_clock,24,r105C15,1173,2.2789958165958524e-05,2016,0.0005469589959830046
route,serial_wall_clock,3,r105C15,121,0.0003788056637858972,2016,0.0011364169913576916
route,serial_wall_clock,8,r105C15,126,8.931774755183142e-05,2016,0.0007145419804146513
route,serial_wall_clock,1158,r105C15,127,3.3871450441139904e-06,2016,0.003922313961084001
route,serial_wall_clock,3,r105C15,135,0.0005014446651330218,2016,0.0015043339953990653
route,serial_wall_clock,5,r105C15,162,0.0001876751979580149,2016,0.0009383759897900745
route,serial_wall_clock,15,r105C15,163,6.875826899583141e-05,2016,0.0010313740349374712
route,serial_wall_clock,2,r105C15,227,0.00037125000380910933,2016,0.0007425000076182187
route,serial_wall_clock,1,r105C15,232,0.0009252919990103692,2016,0.0009252919990103692
route,serial_wall_clock,6,r105C15,235,0.00012952783436048776,2016,0.0007771670061629266
route,serial_wall_clock,3,r105C15,242,0.0002124720049323514,2016,0.0006374160147970542
route,serial_wall_clock,18,r105C15,243,5.420133028463978e-05,2016,0.000975623945123516
route,serial_wall_clock,2,r105C15,259,0.00034264600253663957,2016,0.0006852920050732791
route,serial_wall_clock,5,r105C15,267,8.23081994894892e-05,2016,0.000411540997447446
route,serial_wall_clock,3,r105C15,275,0.00034905533539131284,2016,0.0010471660061739385
route,serial_wall_clock,26,r105C15,287,5.211226827948569e-05,2016,0.001354918975266628
route,serial_wall_clock,2,r105C15,297,0.0005566664985963143,2016,0.0011133329971926287
route,serial_wall_clock,11,r105C15,303,6.365145831792192e-05,2016,0.0007001660414971411
route,serial_wall_clock,13,r105C15,307,9.388792386744171e-05,2016,0.0012205430102767423
route,serial_wall_clock,20,r105C15,312,4.6120847400743514e-05,2016,0.0009224169480148703
route,serial_wall_clock,5,r105C15,329,0.00010249179904349148,2016,0.0005124589952174574
route,serial_wall_clock,3,r105C15,34,0.00016054167159988234,2016,0.00048162501479964703
route,serial_wall_clock,8,r105C15,35,7.597387593705207e-05,2016,0.0006077910074964166
route,serial_wall_clock,2,r105C15,37,0.00043693799671018496,2016,0.0008738759934203699
route,serial_wall_clock,3,r105C15,424,0.000242333670030348,2016,0.000727001010091044
route,serial_wall_clock,2,r105C15,425,0.0006191875072545372,2016,0.0012383750145090744
route,serial_wall_clock,5,r105C15,433,0.00012109999952372163,2016,0.0006054999976186082
route,serial_wall_clock,3,r105C15,441,0.0002438193332636729,2016,0.0007314579997910187
route,serial_wall_clock,1,r105C15,447,0.0008028749871300533,2016,0.0008028749871300533
route,serial_wall_clock,27,r105C15,455,2.360955598608901e-05,2016,0.0006374580116244033
route,serial_wall_clock,3,r105C15,477,0.0001347640015107269,2016,0.0004042920045321807
route,serial_wall_clock,64,r105C15,493,7.863904329497018e-06,2016,0.0005032898770878091
route,serial_wall_clock,3,r105C15,519,3.812533395830542e-05,2016,0.00011437600187491626
route,serial_wall_clock,62,r105C15,560,2.1533693671376716e-05,2016,0.0013350890076253563
route,serial_wall_clock,884,r105C15,567,1.8734184061640629e-06,2016,0.0016561018710490316
route,serial_wall_clock,17,r105C15,593,3.7414235788780974e-05,2016,0.0006360420084092766
route,serial_wall_clock,2,r105C15,647,0.00044062500091968104,2016,0.0008812500018393621
route,serial_wall_clock,3,r105C15,656,0.0003514723260498916,2016,0.0010544169781496748
route,serial_wall_clock,53,r105C15,665,6.754486849048298e-05,2016,0.003579878029995598
route,serial_wall_clock,3,r105C15,694,0.00014897199192394814,2016,0.0004469159757718444
route,serial_wall_clock,19,r105C15,715,4.237516029541822e-05,2016,0.0008051280456129462
route,serial_wall_clock,2,r105C15,728,0.0005902920020162128,2016,0.0011805840040324256
route,serial_wall_clock,1,r105C15,734,0.0010754169925348833,2016,0.0010754169925348833
route,serial_wall_clock,1136,r105C15,738,3.271759851486422e-06,2016,0.0037167191912885755
route,serial_wall_clock,4,r105C15,744,0.0002919787475548219,2016,0.0011679149902192876
route,serial_wall_clock,28,r105C15,756,4.4705283341629964e-05,2016,0.001251747933565639
route,serial_wall_clock,18,r105C15,768,7.065516385611975e-05,2016,0.0012717929494101554
route,serial_wall_clock,4,r105C15,784,0.0003852499976346735,2016,0.001540999990538694
route,serial_wall_clock,13,r105C15,786,0.00017525953836201763,2016,0.002278373998706229
route,serial_wall_clock,15,r105C15,800,5.3560999610150854e-05,2016,0.0008034149941522628
route,serial_wall_clock,4,r105C15,83,0.00015811424964340404,2016,0.0006324569985736161
route,serial_wall_clock,11,r105C15,839,2.9166639168662105e-05,2016,0.00032083303085528314
route,serial_wall_clock,24,r105C15,84,3.52517072315095e-05,2016,0.000846040973556228
route,serial_wall_clock,40,r105C15,867,4.921875370200724e-06,2016,0.00019687501480802894
route,serial_wall_clock,4,r105C15,909,0.00018063575043925084,2016,0.0007225430017570034
route,serial_wall_clock,2,r105C15,935,0.00035131250479025766,2016,0.0007026250095805153
route,serial_wall_clock,49,r105C15,962,7.306885631156288e-05,2016,0.0035803739592665806
route,serial_wall_clock,39,r105C15,996,2.5557741770544686e-05,2016,0.0009967519290512428
route,serial_wall_clock,2,r105C15,997,0.000512917002197355,2016,0.00102583400439471
operator,parallel_wall_clock,357,r105C15,energy,6.822068341231595e-05,2016,0.024354783978196792
operator,parallel_wall_clock,319,r105C15,greedy,6.044960177874304e-05,2016,0.01928342296741903
operator,parallel_wall_clock,8,r105C15,initial_solution,0.07014987549337093,2016,0.5611990039469674
operator,parallel_wall_clock,484,r105C15,regret2,5.55982103923428e-05,2016,0.026909533829893917
operator,parallel_wall_clock,2,r105C15,relocate,3.119930624961853e-07,2016,6.239861249923706e-07
operator,parallel_wall_clock,288,r105C15,route_elimination,1.5534679833864277e-07,2016,4.4739877921529114e-05
operator,parallel_wall_clock,224,r105C15,route_merge,1.4767887738084289e-07,2016,3.3080068533308804e-05
operator,parallel_wall_clock,2,r105C15,route_segment_destroy,6.460031727328897e-07,2016,1.2920063454657793e-06
operator,parallel_wall_clock,105,r105C15,shaw_related,2.083535184196773e-05,2016,0.0021877119434066117
operator,parallel_wall_clock,28,r105C15,standard,2.0239531295374036e-07,2016,5.66706876270473e-06
operator,parallel_wall_clock,2,r105C15,swap,3.1249510357156396e-07,2016,6.249902071431279e-07
operator,parallel_wall_clock,2,r105C15,two_opt_star,2.2900348994880915e-07,2016,4.580069798976183e-07
operator,parallel_wall_clock,3098,r105C15,vehicle_count_aware_repair,3.912769057508377e-06,2016,0.012121758540160954
route,parallel_wall_clock,17,r105C15,1013,9.170840990811805e-05,2016,0.001559042968438007
route,parallel_wall_clock,52,r105C15,1025,3.209215384021473e-05,2016,0.001668791999691166
route,parallel_wall_clock,859,r105C15,1033,1.987652131871291e-06,2016,0.001707393181277439
route,parallel_wall_clock,41,r105C15,1039,3.7681756799518155e-05,2016,0.0015449520287802443
route,parallel_wall_clock,18,r105C15,1115,0.00011041444506392711,2016,0.001987460011150688
route,parallel_wall_clock,2,r105C15,1129,0.0008602289963164367,2016,0.0017204579926328734
route,parallel_wall_clock,5,r105C15,1134,0.00016807519714348018,2016,0.0008403759857174009
route,parallel_wall_clock,29,r105C15,1150,3.403303231481976e-05,2016,0.0009869579371297732
route,parallel_wall_clock,24,r105C15,1173,3.8599123702927805e-05,2016,0.0009263789688702673
route,parallel_wall_clock,3,r105C15,121,0.0004608750023180619,2016,0.0013826250069541857
route,parallel_wall_clock,8,r105C15,126,0.0001358333756797947,2016,0.0010866670054383576
route,parallel_wall_clock,1158,r105C15,127,0.0001214795110375051,2016,0.1406732737814309
route,parallel_wall_clock,3,r105C15,135,0.000656624998858509,2016,0.001969874996575527
route,parallel_wall_clock,5,r105C15,162,0.0002221247967099771,2016,0.0011106239835498855
route,parallel_wall_clock,15,r105C15,163,9.67695329260702e-05,2016,0.001451542993891053
route,parallel_wall_clock,2,r105C15,227,0.0007340834927163087,2016,0.0014681669854326174
route,parallel_wall_clock,1,r105C15,232,0.0011116250097984448,2016,0.0011116250097984448
route,parallel_wall_clock,6,r105C15,235,0.0002739653379345934,2016,0.0016437920276075602
route,parallel_wall_clock,3,r105C15,242,0.0003188613288026924,2016,0.0009565839864080772
route,parallel_wall_clock,18,r105C15,243,8.793977758614346e-05,2016,0.0015829159965505823
route,parallel_wall_clock,2,r105C15,259,0.0005167080016690306,2016,0.0010334160033380613
route,parallel_wall_clock,5,r105C15,267,0.0001418250030837953,2016,0.0007091250154189765
route,parallel_wall_clock,3,r105C15,275,0.00045041700650472194,2016,0.0013512510195141658
route,parallel_wall_clock,26,r105C15,287,6.816661390565478e-05,2016,0.0017723319615470245
route,parallel_wall_clock,2,r105C15,297,0.0006676874909317121,2016,0.0013353749818634242
route,parallel_wall_clock,11,r105C15,303,9.55416392323307e-05,2016,0.0010509580315556377
route,parallel_wall_clock,13,r105C15,307,0.00013109607859335554,2016,0.001704249021713622
route,parallel_wall_clock,20,r105C15,312,9.223129964084365e-05,2016,0.001844625992816873
route,parallel_wall_clock,5,r105C15,329,0.00017992520006373524,2016,0.0008996260003186762
route,parallel_wall_clock,3,r105C15,34,0.000273944329819642,2016,0.000821832989458926
route,parallel_wall_clock,8,r105C15,35,0.00011977612302871421,2016,0.0009582089842297137
route,parallel_wall_clock,2,r105C15,37,0.0006194169909576885,2016,0.001238833981915377
route,parallel_wall_clock,3,r105C15,424,0.0003590419995210444,2016,0.0010771259985631332
route,parallel_wall_clock,2,r105C15,425,0.0007063335069688037,2016,0.0014126670139376074
route,parallel_wall_clock,5,r105C15,433,0.00015947480278555304,2016,0.0007973740139277652
route,parallel_wall_clock,3,r105C15,441,0.00034859699856800336,2016,0.0010457909957040101
route,parallel_wall_clock,1,r105C15,447,0.0011371669970685616,2016,0.0011371669970685616
route,parallel_wall_clock,27,r105C15,455,5.556477710207993e-05,2016,0.0015002489817561582
route,parallel_wall_clock,3,r105C15,477,0.0002975833388821532,2016,0.0008927500166464597
route,parallel_wall_clock,64,r105C15,493,1.3844375189364655e-05,2016,0.0008860400121193379
route,parallel_wall_clock,3,r105C15,519,0.00015261065952169398,2016,0.00045783197856508195
route,parallel_wall_clock,62,r105C15,560,2.6624951832702443e-05,2016,0.0016507470136275515
route,parallel_wall_clock,884,r105C15,567,2.8911356521060277e-06,2016,0.0025557639164617285
route,parallel_wall_clock,17,r105C15,593,5.879158903981614e-05,2016,0.0009994570136768743
route,parallel_wall_clock,2,r105C15,647,0.0006112084956839681,2016,0.0012224169913679361
route,parallel_wall_clock,3,r105C15,656,0.0004208749984779085,2016,0.0012626249954337254
route,parallel_wall_clock,53,r105C15,665,0.00264733803693539,2016,0.14030891595757566
route,parallel_wall_clock,3,r105C15,694,0.00027026400008859736,2016,0.000810792000265792
route,parallel_wall_clock,19,r105C15,715,6.0504367483142564e-05,2016,0.0011495829821797088
route,parallel_wall_clock,2,r105C15,728,0.0010450624977238476,2016,0.0020901249954476953
route,parallel_wall_clock,1,r105C15,734,0.0019397089927224442,2016,0.0019397089927224442
route,parallel_wall_clock,1136,r105C15,738,0.000123636861529339,2016,0.1404514746973291
route,parallel_wall_clock,4,r105C15,744,0.00039993749669520184,2016,0.0015997499867808074
route,parallel_wall_clock,28,r105C15,756,7.709381991714639e-05,2016,0.0021586269576800987
route,parallel_wall_clock,18,r105C15,768,9.339816865071448e-05,2016,0.0016811670357128605
route,parallel_wall_clock,4,r105C15,784,0.0004972604983777273,2016,0.0019890419935109094
route,parallel_wall_clock,13,r105C15,786,0.00019951299607503013,2016,0.0025936689489753917
route,parallel_wall_clock,15,r105C15,800,7.684713345952332e-05,2016,0.0011527070018928498
route,parallel_wall_clock,4,r105C15,83,0.0002932604984380305,2016,0.001173041993752122
route,parallel_wall_clock,11,r105C15,839,7.516281568148935e-05,2016,0.0008267909724963829
route,parallel_wall_clock,24,r105C15,84,5.7586791929982915e-05,2016,0.00138208300631959
route,parallel_wall_clock,40,r105C15,867,1.568847474118229e-05,2016,0.0006275389896472916
route,parallel_wall_clock,4,r105C15,909,0.00023188550403574482,2016,0.0009275420161429793
route,parallel_wall_clock,2,r105C15,935,0.0005107919932925142,2016,0.0010215839865850285
route,parallel_wall_clock,49,r105C15,962,0.002863444795069399,2016,0.14030879495840054
route,parallel_wall_clock,39,r105C15,996,3.511120471207855e-05,2016,0.0013693369837710634
route,parallel_wall_clock,2,r105C15,997,0.0007915419919299893,2016,0.0015830839838599786
operator,serial_fixed_exact_calls,4,r105C5,initial_solution,0.0002364372558076866,2014,0.0009457490232307464
operator,serial_fixed_exact_calls,18,r105C5,route_elimination,1.8294506137155824e-07,2014,3.2930111046880484e-06
operator,serial_fixed_exact_calls,16,r105C5,route_merge,1.9530943973222747e-07,2014,3.1249510357156396e-06
operator,serial_fixed_exact_calls,44,r105C5,vehicle_count_aware_repair,3.5029337265190075e-07,2014,1.5412908396683633e-05
route,serial_fixed_exact_calls,41,r105C5,11,1.1776414239869976e-05,2014,0.000482832983834669
route,serial_fixed_exact_calls,41,r105C5,48,1.182309536422353e-05,2014,0.0004847469099331647
operator,parallel_fixed_exact_calls,4,r105C5,initial_solution,0.06239181249475223,2014,0.24956724997900892
operator,parallel_fixed_exact_calls,18,r105C5,route_elimination,2.1300042539628015e-07,2014,3.834007657133043e-06
operator,parallel_fixed_exact_calls,16,r105C5,route_merge,2.083097569993697e-07,2014,3.3329561119899154e-06
operator,parallel_fixed_exact_calls,44,r105C5,vehicle_count_aware_repair,2.2159127349203284e-07,2014,9.750016033649445e-06
route,parallel_fixed_exact_calls,41,r105C5,11,0.003043754073143823,2014,0.12479391699889675
route,parallel_fixed_exact_calls,41,r105C5,48,0.003043664633168657,2014,0.12479024995991495
operator,serial_wall_clock,4,r105C5,initial_solution,0.00021755174384452403,2014,0.0008702069753780961
operator,serial_wall_clock,102,r105C5,route_elimination,1.6788230734128577e-07,2014,1.712399534881115e-05
operator,serial_wall_clock,132,r105C5,route_merge,1.7587973905557935e-07,2014,2.3216125555336475e-05
operator,serial_wall_clock,1448,r105C5,vehicle_count_aware_repair,2.0605597385521773e-07,2014,0.00029836905014235526
route,serial_wall_clock,843,r105C5,11,7.660866129208767e-07,2014,0.0006458110146922991
route,serial_wall_clock,843,r105C5,48,6.679776177132858e-07,2014,0.0005631051317322999
operator,parallel_wall_clock,4,r105C5,initial_solution,0.06126746874724631,2014,0.24506987498898525
operator,parallel_wall_clock,102,r105C5,route_elimination,1.8175513319232884e-07,2014,1.8539023585617542e-05
operator,parallel_wall_clock,132,r105C5,route_merge,1.7925710628994487e-07,2014,2.3661938030272722e-05
operator,parallel_wall_clock,1448,r105C5,vehicle_count_aware_repair,2.0700150665644434e-07,2014,0.0002997381816385314
route,parallel_wall_clock,843,r105C5,11,0.00014560668467760002,2014,0.12274643518321682
route,parallel_wall_clock,843,r105C5,48,0.00014551053256111845,2014,0.12266537894902285
operator,serial_fixed_exact_calls,4,r105C5,initial_solution,0.0002613440046843607,2015,0.0010453760187374428
operator,serial_fixed_exact_calls,18,r105C5,route_elimination,1.9905483996909527e-07,2015,3.5829871194437146e-06
operator,serial_fixed_exact_calls,16,r105C5,route_merge,1.979997250600718e-07,2015,3.1679956009611487e-06
operator,serial_fixed_exact_calls,34,r105C5,vehicle_count_aware_repair,2.2417567807304508e-07,2015,7.621973054483533e-06
route,serial_fixed_exact_calls,36,r105C5,11,1.476966604564546e-05,2015,0.0005317079776432365
route,serial_fixed_exact_calls,36,r105C5,48,1.4667805468585962e-05,2015,0.0005280409968690947
operator,parallel_fixed_exact_calls,4,r105C5,initial_solution,0.0633919997526391,2015,0.2535679990105564
operator,parallel_fixed_exact_calls,18,r105C5,route_elimination,2.33664953460296e-07,2015,4.205969162285328e-06
operator,parallel_fixed_exact_calls,16,r105C5,route_merge,2.449387466185726e-07,2015,3.919019945897162e-06
operator,parallel_fixed_exact_calls,34,r105C5,vehicle_count_aware_repair,2.0952703540816026e-07,2015,7.123919203877449e-06
route,parallel_fixed_exact_calls,36,r105C5,11,0.0035220300544299083,2015,0.1267930819594767
route,parallel_fixed_exact_calls,36,r105C5,48,0.0035219490544275483,2015,0.12679016595939174
operator,serial_wall_clock,4,r105C5,initial_solution,0.00021088525318191387,2015,0.0008435410127276555
operator,serial_wall_clock,120,r105C5,route_elimination,1.867336929232503e-07,2015,2.2408043150790036e-05
operator,serial_wall_clock,106,r105C5,route_merge,1.9182979880463122e-07,2015,2.033395867329091e-05
operator,serial_wall_clock,1412,r105C5,vehicle_count_aware_repair,2.0428627868586617e-07,2015,0.00028845222550444305
route,serial_wall_clock,821,r105C5,11,7.603120117762493e-07,2015,0.0006242161616683006
route,serial_wall_clock,821,r105C5,48,6.705469895102056e-07,2015,0.0005505190783878788
operator,parallel_wall_clock,4,r105C5,initial_solution,0.061804500001017004,2015,0.24721800000406802
operator,parallel_wall_clock,120,r105C5,route_elimination,2.1005847277895858e-07,2015,2.520701673347503e-05
operator,parallel_wall_clock,106,r105C5,route_merge,1.7607515405441792e-07,2015,1.86639663297683e-05
operator,parallel_wall_clock,1412,r105C5,vehicle_count_aware_repair,2.28445085966643e-07,2015,0.0003225644613848999
route,parallel_wall_clock,821,r105C5,11,0.00015083434802594048,2015,0.12383499972929712
route,parallel_wall_clock,821,r105C5,48,0.0001507301287688417,2015,0.12374943571921904
operator,serial_fixed_exact_calls,4,r105C5,initial_solution,0.00020574000518536195,2016,0.0008229600207414478
operator,serial_fixed_exact_calls,18,r105C5,route_elimination,1.85165845323354e-07,2016,3.332985215820372e-06
operator,serial_fixed_exact_calls,16,r105C5,route_merge,1.9800245354417711e-07,2016,3.168039256706834e-06
operator,serial_fixed_exact_calls,40,r105C5,vehicle_count_aware_repair,2.552740625105798e-07,2016,1.0210962500423193e-05
route,serial_fixed_exact_calls,39,r105C5,11,1.0823820887778242e-05,2016,0.0004221290146233514
route,serial_fixed_exact_calls,39,r105C5,48,1.0706230592078124e-05,2016,0.0004175429930910468
operator,parallel_fixed_exact_calls,4,r105C5,initial_solution,0.06263679175026482,2016,0.2505471670010593
operator,parallel_fixed_exact_calls,18,r105C5,route_elimination,2.314417441892955e-07,2016,4.165951395407319e-06
operator,parallel_fixed_exact_calls,16,r105C5,route_merge,2.2406129573937505e-07,2016,3.584980731830001e-06
operator,parallel_fixed_exact_calls,40,r105C5,vehicle_count_aware_repair,2.1139967429917305e-07,2016,8.455986971966922e-06
route,parallel_fixed_exact_calls,39,r105C5,11,0.00321240164003729,2016,0.1252836639614543
route,parallel_fixed_exact_calls,39,r105C5,48,0.0032123002553513893,2016,0.1252797099587042
operator,serial_wall_clock,4,r105C5,initial_solution,0.00019942725339205936,2016,0.0007977090135682374
operator,serial_wall_clock,116,r105C5,route_elimination,1.7566419736450089e-07,2016,2.0377046894282103e-05
operator,serial_wall_clock,94,r105C5,route_merge,2.86256761953948e-07,2016,2.6908135623671114e-05
operator,serial_wall_clock,1490,r105C5,vehicle_count_aware_repair,2.095591426895769e-07,2016,0.00031224312260746956
route,serial_wall_clock,852,r105C5,11,7.384216348408883e-07,2016,0.0006291352328844368
route,serial_wall_clock,852,r105C5,48,6.198381288840649e-07,2016,0.0005281020858092234
operator,parallel_wall_clock,4,r105C5,initial_solution,0.062117520756146405,2016,0.24847008302458562
operator,parallel_wall_clock,116,r105C5,route_elimination,1.9540474850459604e-07,2016,2.266695082653314e-05
operator,parallel_wall_clock,94,r105C5,route_merge,1.9406372225506508e-07,2016,1.8241989891976118e-05
operator,parallel_wall_clock,1490,r105C5,vehicle_count_aware_repair,2.1154979586088719e-07,2016,0.0003152091958327219
route,parallel_wall_clock,852,r105C5,11,0.000146067265269211,2016,0.12444931000936776
route,parallel_wall_clock,852,r105C5,48,0.0001459822666100576,2016,0.12437689115176909
operator,serial_fixed_exact_calls,229,rc101_21,energy,0.00014031605678610504,2014,0.03213237700401805
operator,serial_fixed_exact_calls,327,rc101_21,greedy,0.00013588893905300533,2014,0.04443568307033274
operator,serial_fixed_exact_calls,36,rc101_21,initial_solution,0.09995799513975119,2014,3.598487825031043
operator,serial_fixed_exact_calls,290,rc101_21,regret2,0.00012541350749008164,2014,0.03636991717212368
operator,serial_fixed_exact_calls,16,rc101_21,relocate,1.2756208889186382e-07,2014,2.040993422269821e-06
operator,serial_fixed_exact_calls,162,rc101_21,route_elimination,1.242902434580488e-07,2014,2.0135019440203905e-05
operator,serial_fixed_exact_calls,216,rc101_21,route_merge,1.1868932806127877e-07,2014,2.5636894861236215e-05
operator,serial_fixed_exact_calls,15,rc101_21,route_segment_destroy,1.388650465135773e-07,2014,2.0829756977036595e-06
operator,serial_fixed_exact_calls,13,rc101_21,shaw_related,1.3153923926158592e-07,2014,1.7100101104006171e-06
operator,serial_fixed_exact_calls,16,rc101_21,swap,1.2243890523677692e-07,2014,1.9590224837884307e-06
operator,serial_fixed_exact_calls,52,rc101_21,time_window_conflict,1.4025079928195248e-07,2014,7.293041562661529e-06
operator,serial_fixed_exact_calls,16,rc101_21,two_opt_star,1.354983396595344e-07,2014,2.1679734345525503e-06
operator,serial_fixed_exact_calls,739,rc101_21,vehicle_count_aware_repair,3.6948168689179635e-05,2014,0.02730469666130375
route,serial_fixed_exact_calls,119,rc101_21,10130,0.0016800687233076094,2014,0.19992817807360552
route,serial_fixed_exact_calls,116,rc101_21,11970,0.0017235104051310215,2014,0.1999272069951985
route,serial_fixed_exact_calls,116,rc101_21,13133,0.001723530913546585,2014,0.19992958597140387
route,serial_fixed_exact_calls,1,rc101_21,14435,0.010947417002171278,2014,0.010947417002171278
route,serial_fixed_exact_calls,70,rc101_21,15566,0.002856863727252598,2014,0.19998046090768185
route,serial_fixed_exact_calls,1,rc101_21,15798,0.010447333988850005,2014,0.010447333988850005
route,serial_fixed_exact_calls,2,rc101_21,16402,0.004553604005195666,2014,0.009107208010391332
route,serial_fixed_exact_calls,116,rc101_21,16609,0.001723532000298668,2014,0.1999297120346455
route,serial_fixed_exact_calls,116,rc101_21,17741,0.0017235528020105918,2014,0.19993212503322866
route,serial_fixed_exact_calls,1,rc101_21,18040,0.010035125000285916,2014,0.010035125000285916
route,serial_fixed_exact_calls,123,rc101_21,18664,0.001625447153072138,2014,0.19992999982787296
route,serial_fixed_exact_calls,2,rc101_21,1957,0.007119250003597699,2014,0.014238500007195398
route,serial_fixed_exact_calls,4,rc101_21,20487,0.00120249999963562,2014,0.00480999999854248
route,serial_fixed_exact_calls,122,rc101_21,20740,0.0016387625902530463,2014,0.19992903601087164
route,serial_fixed_exact_calls,3,rc101_21,21617,0.0010726806697978948,2014,0.0032180420093936846
route,serial_fixed_exact_calls,115,rc101_21,21774,0.0017384934775612276,2014,0.19992674991954118
route,serial_fixed_exact_calls,48,rc101_21,22535,0.00034926651975789963,2014,0.01676479294837918
route,serial_fixed_exact_calls,123,rc101_21,23344,0.0016254414639831332,2014,0.19992930006992538
route,serial_fixed_exact_calls,103,rc101_21,23646,0.001941066331657337,2014,0.1999298321607057
route,serial_fixed_exact_calls,4,rc101_21,24153,0.002597791502921609,2014,0.010391166011686437
route,serial_fixed_exact_calls,2,rc101_21,24741,0.005981603993859608,2014,0.011963207987719215
route,serial_fixed_exact_calls,110,rc101_21,25048,0.0018175340912421234,2014,0.19992875003663357
route,serial_fixed_exact_calls,2,rc101_21,25989,0.007849354500649497,2014,0.015698709001298994
route,serial_fixed_exact_calls,104,rc101_21,26871,0.0019227167795179412,2014,0.19996254506986588
route,serial_fixed_exact_calls,12,rc101_21,27011,0.0003752674165298231,2014,0.004503208998357877
route,serial_fixed_exact_calls,1,rc101_21,27079,0.005531000002520159,2014,0.005531000002520159
route,serial_fixed_exact_calls,109,rc101_21,3943,0.001834196136669478,2014,0.1999273788969731
route,serial_fixed_exact_calls,1,rc101_21,4798,0.012331915990216658,2014,0.012331915990216658
route,serial_fixed_exact_calls,117,rc101_21,5632,0.0017087866839978637,2014,0.19992804202775005
route,serial_fixed_exact_calls,121,rc101_21,7488,0.001652317817350811,2014,0.19993045589944813
route,serial_fixed_exact_calls,124,rc101_21,8518,0.0016123245639450502,2014,0.19992824592918623
route,serial_fixed_exact_calls,119,rc101_21,854,0.0016800696894814096,2014,0.19992829304828774
operator,parallel_fixed_exact_calls,229,rc101_21,energy,0.00014774312199638368,2014,0.03383317493717186
operator,parallel_fixed_exact_calls,327,rc101_21,greedy,0.0001494282813328361,2014,0.048863047995837405
operator,parallel_fixed_exact_calls,36,rc101_21,initial_solution,0.1319218761099263,2014,4.749187539957347
operator,parallel_fixed_exact_calls,290,rc101_21,regret2,0.00012795084441112804,2014,0.03710574487922713
operator,parallel_fixed_exact_calls,16,rc101_21,relocate,1.5099976735655218e-07,2014,2.415996277704835e-06
operator,parallel_fixed_exact_calls,162,rc101_21,route_elimination,1.1604290058905328e-07,2014,1.879894989542663e-05
operator,parallel_fixed_exact_calls,215,rc101_21,route_merge,2.7891202439922234e-07,2014,5.99660852458328e-05
operator,parallel_fixed_exact_calls,15,rc101_21,route_segment_destroy,1.1666561476886272e-07,2014,1.7499842215329409e-06
operator,parallel_fixed_exact_calls,13,rc101_21,shaw_related,1.4753739098803356e-07,2014,1.917986082844436e-06
operator,parallel_fixed_exact_calls,16,rc101_21,swap,1.4581382856704295e-07,2014,2.333021257072687e-06
operator,parallel_fixed_exact_calls,52,rc101_21,time_window_conflict,1.3938412079229377e-07,2014,7.2479742811992764e-06
operator,parallel_fixed_exact_calls,16,rc101_21,two_opt_star,5.730016710003838e-07,2014,9.16802673600614e-06
operator,parallel_fixed_exact_calls,739,rc101_21,vehicle_count_aware_repair,3.946961432771634e-05,2014,0.029168044988182373
route,parallel_fixed_exact_calls,119,rc101_21,10130,0.0022172790754169712,2014,0.26385620997461956
route,parallel_fixed_exact_calls,116,rc101_21,11970,0.0022746088700308785,2014,0.2638546289235819
route,parallel_fixed_exact_calls,116,rc101_21,13133,0.00227463403430663,2014,0.26385754797956906
route,parallel_fixed_exact_calls,1,rc101_21,14435,0.012597291002748534,2014,0.012597291002748534
route,parallel_fixed_exact_calls,70,rc101_21,15566,0.0037694154714699836,2014,0.26385908300289884
route,parallel_fixed_exact_calls,1,rc101_21,15798,0.011038665994419716,2014,0.011038665994419716
route,parallel_fixed_exact_calls,2,rc101_21,16402,0.004940374499710742,2014,0.009880748999421485
route,parallel_fixed_exact_calls,116,rc101_21,16609,0.0022746386373534012,2014,0.26385808193299454
route,parallel_fixed_exact_calls,116,rc101_21,17741,0.002274649447544703,2014,0.2638593359151855
route,parallel_fixed_exact_calls,1,rc101_21,18040,0.011290499998722225,2014,0.011290499998722225
route,parallel_fixed_exact_calls,123,rc101_21,18664,0.002145188031964216,2014,0.2638581279315986
route,parallel_fixed_exact_calls,2,rc101_21,1957,0.007779999999911524,2014,0.015559999999823049
route,parallel_fixed_exact_calls,4,rc101_21,20487,0.0015182915012701415,2014,0.006073166005080566
route,parallel_fixed_exact_calls,122,rc101_21,20740,0.0021627626472942867,2014,0.263857042969903
route,parallel_fixed_exact_calls,3,rc101_21,21617,0.0012609723392718781,2014,0.0037829170178156346
route,parallel_fixed_exact_calls,114,rc101_21,21774,0.0023145260360283907,2014,0.26385596810723655
route,parallel_fixed_exact_calls,48,rc101_21,22535,0.00038035414581827354,2014,0.01825699899927713
route,parallel_fixed_exact_calls,123,rc101_21,23344,0.0021451883169688,2014,0.26385816298716236
route,parallel_fixed_exact_calls,103,rc101_21,23646,0.002561730505035087,2014,0.26385824201861396
route,parallel_fixed_exact_calls,4,rc101_21,24153,0.002702135498111602,2014,0.010808541992446408
route,parallel_fixed_exact_calls,2,rc101_21,24741,0.005035437498008832,2014,0.010070874996017665
route,parallel_fixed_exact_calls,110,rc101_21,25048,0.0023989992548277684,2014,0.26388991803105455
route,parallel_fixed_exact_calls,2,rc101_21,25989,0.008198146002541762,2014,0.016396292005083524
route,parallel_fixed_exact_calls,104,rc101_21,26871,0.002537482346339787,2014,0.26389816401933786
route,parallel_fixed_exact_calls,12,rc101_21,27011,0.00039659033063799143,2014,0.004759083967655897
route,parallel_fixed_exact_calls,1,rc101_21,27079,0.006386749999364838,2014,0.006386749999364838
route,parallel_fixed_exact_calls,109,rc101_21,3943,0.0024206888253977864,2014,0.2638550819683587
route,parallel_fixed_exact_calls,1,rc101_21,4798,0.011853292002342641,2014,0.011853292002342641
route,parallel_fixed_exact_calls,117,rc101_21,5632,0.002255194512883432,2014,0.26385775800736155
route,parallel_fixed_exact_calls,121,rc101_21,7488,0.0021806546120831266,2014,0.2638592080620583
route,parallel_fixed_exact_calls,124,rc101_21,8518,0.0021278844034250434,2014,0.2638576660247054
route,parallel_fixed_exact_calls,119,rc101_21,854,0.002217275629792472,2014,0.26385579994530417
operator,serial_wall_clock,314,rc101_21,energy,0.0001346317546165572,2014,0.04227437094959896
operator,serial_wall_clock,327,rc101_21,greedy,0.000137029300334889,2014,0.0448085812095087
operator,serial_wall_clock,36,rc101_21,initial_solution,0.10293194582926743,2014,3.7055500498536276
operator,serial_wall_clock,290,rc101_21,regret2,0.0001187771412238864,2014,0.03444537095492706
operator,serial_wall_clock,16,rc101_21,relocate,1.250637069460936e-07,2014,2.0010193111374974e-06
operator,serial_wall_clock,252,rc101_21,route_elimination,1.2236561151295308e-07,2014,3.083613410126418e-05
operator,serial_wall_clock,216,rc101_21,route_merge,1.1286553032092612e-07,2014,2.4378954549320042e-05
operator,serial_wall_clock,15,rc101_21,route_segment_destroy,1.3313353216896455e-07,2014,1.997002982534468e-06
operator,serial_wall_clock,13,rc101_21,shaw_related,1.7299876512529758e-07,2014,2.2489839466288686e-06
operator,serial_wall_clock,16,rc101_21,swap,1.148737283074297e-07,2014,1.8379796529188752e-06
operator,serial_wall_clock,88,rc101_21,time_window_conflict,1.609775856856934e-07,2014,1.416602754034102e-05
operator,serial_wall_clock,16,rc101_21,two_opt_star,1.1981137504335493e-07,2014,1.916982000693679e-06
operator,serial_wall_clock,1111,rc101_21,vehicle_count_aware_repair,3.484507563606099e-05,2014,0.03871287903166376
route,serial_wall_clock,154,rc101_21,10130,0.0013368847141535228,2014,0.2058802459796425
route,serial_wall_clock,144,rc101_21,11970,0.0014297083817938175,2014,0.2058780069783097
route,serial_wall_clock,147,rc101_21,13133,0.0014005470955601837,2014,0.205880423047347
route,serial_wall_clock,1,rc101_21,14435,0.01093333400785923,2014,0.01093333400785923
route,serial_wall_clock,74,rc101_21,15566,0.002782166149503413,2014,0.20588029506325256
route,serial_wall_clock,1,rc101_21,15798,0.010870457990677096,2014,0.010870457990677096
route,serial_wall_clock,2,rc101_21,16402,0.004582979003316723,2014,0.009165958006633446
route,serial_wall_clock,146,rc101_21,16609,0.0014101466994648098,2014,0.20588141812186223
route,serial_wall_clock,147,rc101_21,17741,0.0014005625782040308,2014,0.20588269899599254
route,serial_wall_clock,1,rc101_21,18040,0.010854207997908816,2014,0.010854207997908816
route,serial_wall_clock,158,rc101_21,18664,0.0013030467214522577,2014,0.2058813819894567
route,serial_wall_clock,2,rc101_21,1957,0.006965479005884845,2014,0.01393095801176969
route,serial_wall_clock,4,rc101_21,20487,0.0012343227535893675,2014,0.00493729101435747
route,serial_wall_clock,158,rc101_21,20740,0.0013030477275606245,2014,0.20588154095457867
route,serial_wall_clock,3,rc101_21,21617,0.0011526946667193745,2014,0.0034580840001581237
route,serial_wall_clock,146,rc101_21,21774,0.001410133274625317,2014,0.20587945809529629
route,serial_wall_clock,79,rc101_21,22535,0.00021543887353950192,2014,0.01701967100962065
route,serial_wall_clock,157,rc101_21,23344,0.0013113420634236852,2014,0.20588070395751856
route,serial_wall_clock,127,rc101_21,23646,0.0016211489373387212,2014,0.2058859150420176
route,serial_wall_clock,9,rc101_21,24153,0.0011349583332452716,2014,0.010214624999207444
route,serial_wall_clock,2,rc101_21,24741,0.004713062495284248,2014,0.009426124990568496
route,serial_wall_clock,141,rc101_21,25048,0.0014601368364194369,2014,0.2058792939351406
route,serial_wall_clock,2,rc101_21,25989,0.007725812502030749,2014,0.015451625004061498
route,serial_wall_clock,135,rc101_21,26871,0.0015253647628317897,2014,0.20592424298229162
route,serial_wall_clock,17,rc101_21,27011,0.00024011770865934735,2014,0.004082001047208905
route,serial_wall_clock,1,rc101_21,27079,0.005701874993974343,2014,0.005701874993974343
route,serial_wall_clock,135,rc101_21,3943,0.0015250252957533423,2014,0.20587841492670123
route,serial_wall_clock,1,rc101_21,4626,0.011453540995717049,2014,0.011453540995717049
route,serial_wall_clock,1,rc101_21,4798,0.01114675001008436,2014,0.01114675001008436
route,serial_wall_clock,147,rc101_21,5632,0.0014005445099719261,2014,0.20588004296587314
route,serial_wall_clock,156,rc101_21,7488,0.0013197601856984713,2014,0.2058825889689615
route,serial_wall_clock,13,rc101_21,8249,0.0008711793086079594,2014,0.011325331011903472
route,serial_wall_clock,146,rc101_21,8518,0.0014101450003792008,2014,0.20588117005536333
route,serial_wall_clock,153,rc101_21,854,0.001345627176026765,2014,0.20588095793209504
operator,parallel_wall_clock,314,rc101_21,energy,0.0001425016274717251,2014,0.044745511026121676
operator,parallel_wall_clock,327,rc101_21,greedy,0.0001489538593030469,2014,0.04870791199209634
operator,parallel_wall_clock,36,rc101_21,initial_solution,0.12018399763837806,2014,4.32662391498161
operator,parallel_wall_clock,290,rc101_21,regret2,0.00012939515867840562,2014,0.03752459601673763
operator,parallel_wall_clock,16,rc101_21,relocate,1.3018780009588227e-07,2014,2.0830048015341163e-06
operator,parallel_wall_clock,252,rc101_21,route_elimination,1.2863090396710924e-07,2014,3.2414987799711525e-05
operator,parallel_wall_clock,216,rc101_21,route_merge,1.1326833541884467e-07,2014,2.4465960450470448e-05
operator,parallel_wall_clock,15,rc101_21,route_segment_destroy,1.1946928376952807e-07,2014,1.792039256542921e-06
operator,parallel_wall_clock,13,rc101_21,shaw_related,1.7315547805852614e-07,2014,2.25102121476084e-06
operator,parallel_wall_clock,16,rc101_21,swap,1.3012504496145993e-07,2014,2.082000719383359e-06
operator,parallel_wall_clock,88,rc101_21,time_window_conflict,1.482846776277504e-07,2014,1.3049051631242037e-05
operator,parallel_wall_clock,16,rc101_21,two_opt_star,1.3268891052575782e-07,2014,2.123022568412125e-06
operator,parallel_wall_clock,1127,rc101_21,vehicle_count_aware_repair,3.664450493061497e-05,2014,0.04129835705680307
route,parallel_wall_clock,154,rc101_21,10130,0.0015609337728661062,2014,0.24038380102138035
route,parallel_wall_clock,144,rc101_21,11970,0.0016693197498574995,2014,0.24038204397947993
route,parallel_wall_clock,148,rc101_21,13133,0.0016242227703096924,2014,0.24038497000583448
route,parallel_wall_clock,1,rc101_21,14435,0.011813292003353126,2014,0.011813292003353126
route,parallel_wall_clock,74,rc101_21,15566,0.003248447621346615,2014,0.2403851239796495
route,parallel_wall_clock,1,rc101_21,15798,0.011044833998312242,2014,0.011044833998312242
route,parallel_wall_clock,2,rc101_21,16402,0.004910978990665171,2014,0.009821957981330343
route,parallel_wall_clock,147,rc101_21,16609,0.001635282891101622,2014,0.24038658499193843
route,parallel_wall_clock,148,rc101_21,17741,0.0016242348240150415,2014,0.24038675395422615
route,parallel_wall_clock,1,rc101_21,18040,0.010927915995125659,2014,0.010927915995125659
route,parallel_wall_clock,159,rc101_21,18664,0.00151186164797272,2014,0.24038600202766247
route,parallel_wall_clock,2,rc101_21,1957,0.007655500005057547,2014,0.015311000010115094
route,parallel_wall_clock,4,rc101_21,20487,0.0013600417478301097,2014,0.005440166991320439
route,parallel_wall_clock,159,rc101_21,20740,0.0015118561063471407,2014,0.2403851209091954
route,parallel_wall_clock,3,rc101_21,21617,0.0014605416702882696,2014,0.004381625010864809
route,parallel_wall_clock,147,rc101_21,21774,0.0016352557007985214,2014,0.24038258801738266
route,parallel_wall_clock,80,rc101_21,22535,0.00021680155023204862,2014,0.01734412401856389
route,parallel_wall_clock,158,rc101_21,23344,0.0015214264116182193,2014,0.24038537303567864
route,parallel_wall_clock,128,rc101_21,23646,0.001878015273064193,2014,0.2403859549522167
route,parallel_wall_clock,9,rc101_21,24153,0.0013382638895159794,2014,0.012044375005643815
route,parallel_wall_clock,2,rc101_21,24741,0.005587958497926593,2014,0.011175916995853186
route,parallel_wall_clock,142,rc101_21,25048,0.0016928459721589526,2014,0.24038412804657128
route,parallel_wall_clock,2,rc101_21,25989,0.008132125498377718,2014,0.016264250996755436
route,parallel_wall_clock,136,rc101_21,26871,0.0017678942573077032,2014,0.24043361899384763
route,parallel_wall_clock,17,rc101_21,27011,0.00031120329410495124,2014,0.005290455999784172
route,parallel_wall_clock,1,rc101_21,27079,0.006116083997767419,2014,0.006116083997767419
route,parallel_wall_clock,136,rc101_21,3943,0.0017675248683885643,2014,0.24038338210084476
route,parallel_wall_clock,1,rc101_21,4626,0.011479374996270053,2014,0.011479374996270053
route,parallel_wall_clock,1,rc101_21,4798,0.011796250008046627,2014,0.011796250008046627
route,parallel_wall_clock,148,rc101_21,5632,0.0016242294937861466,2014,0.2403859650803497
route,parallel_wall_clock,157,rc101_21,7488,0.0015311302858364774,2014,0.24038745487632696
route,parallel_wall_clock,14,rc101_21,8249,0.0008394077158300206,2014,0.011751708021620288
route,parallel_wall_clock,146,rc101_21,8518,0.001646468391038369,2014,0.24038438509160187
route,parallel_wall_clock,154,rc101_21,854,0.0015609348640707624,2014,0.2403839690668974
operator,serial_fixed_exact_calls,349,rc101_21,energy,7.331315743240573e-05,2015,0.0255862919439096
operator,serial_fixed_exact_calls,322,rc101_21,greedy,7.263451259871019e-05,2015,0.023388313056784682
operator,serial_fixed_exact_calls,34,rc101_21,initial_solution,0.10008817046892705,2015,3.40299779594352
operator,serial_fixed_exact_calls,334,rc101_21,regret2,0.00016460346135911726,2015,0.05497755609394517
operator,serial_fixed_exact_calls,15,rc101_21,relocate,1.3326643966138363e-07,2015,1.9989965949207544e-06
operator,serial_fixed_exact_calls,238,rc101_21,route_elimination,1.2273525529611511e-07,2015,2.9210990760475397e-05
operator,serial_fixed_exact_calls,255,rc101_21,route_merge,1.1667816936239308e-07,2015,2.9752933187410235e-05
operator,serial_fixed_exact_calls,15,rc101_21,route_segment_destroy,1.2233407081415256e-07,2015,1.8350110622122884e-06
operator,serial_fixed_exact_calls,11,rc101_21,shaw_related,1.439065354960886e-07,2015,1.5829718904569745e-06
operator,serial_fixed_exact_calls,15,rc101_21,swap,1.248651339362065e-07,2015,1.8729770090430975e-06
operator,serial_fixed_exact_calls,15,rc101_21,two_opt_star,2.945327044775089e-07,2015,4.417990567162633e-06
operator,serial_fixed_exact_calls,739,rc101_21,vehicle_count_aware_repair,9.932982003526114e-05,2015,0.07340473700605799
operator,serial_fixed_exact_calls,56,rc101_21,worst_energy_detour,1.66697905764782e-07,2015,9.335082722827792e-06
route,serial_fixed_exact_calls,141,rc101_21,10347,0.0014197875955926438,2015,0.2001900509785628
route,serial_fixed_exact_calls,153,rc101_21,11999,0.0013084433987292346,2015,0.20019184000557289
route,serial_fixed_exact_calls,114,rc101_21,12637,0.0017560380263347995,2015,0.20018833500216715
route,serial_fixed_exact_calls,21,rc101_21,12938,0.0006834168563641253,2015,0.014351753983646631
route,serial_fixed_exact_calls,19,rc101_21,14422,0.0006422104748995288,2015,0.012201999023091048
route,serial_fixed_exact_calls,110,rc101_21,14675,0.0018199083900650624,2015,0.20018992290715687
route,serial_fixed_exact_calls,2,rc101_21,15166,0.005967500001133885,2015,0.01193500000226777
route,serial_fixed_exact_calls,132,rc101_21,15421,0.001516583697318283,2015,0.20018904804601334
route,serial_fixed_exact_calls,27,rc101_21,1745,0.0005372332202063666,2015,0.0145052969455719
route,serial_fixed_exact_calls,137,rc101_21,17494,0.0014612825034419075,2015,0.20019570297154132
route,serial_fixed_exact_calls,3,rc101_21,17788,0.0020314443293803683,2015,0.006094332988141105
route,serial_fixed_exact_calls,138,rc101_21,18782,0.0014506569927291728,2015,0.20019066499662586
route,serial_fixed_exact_calls,4,rc101_21,20028,0.0009272600000258535,2015,0.003709040000103414
route,serial_fixed_exact_calls,9,rc101_21,20036,0.0006064677792083886,2015,0.005458210012875497
route,serial_fixed_exact_calls,115,rc101_21,20746,0.0017411582781832018,2015,0.2002332019910682
route,serial_fixed_exact_calls,10,rc101_21,20881,0.0006728168023983017,2015,0.006728168023983017
route,serial_fixed_exact_calls,1,rc101_21,21427,0.015062874997965991,2015,0.015062874997965991
route,serial_fixed_exact_calls,141,rc101_21,21507,0.0014197856031155135,2015,0.2001897700392874
route,serial_fixed_exact_calls,4,rc101_21,22122,0.0003753854980459437,2015,0.0015015419921837747
route,serial_fixed_exact_calls,141,rc101_21,23422,0.00141990075169828,2015,0.20020600598945748
route,serial_fixed_exact_calls,147,rc101_21,24400,0.0013618832312525904,2015,0.20019683499413077
route,serial_fixed_exact_calls,1,rc101_21,24617,0.009626874991226941,2015,0.009626874991226941
route,serial_fixed_exact_calls,1,rc101_21,25362,0.015558166996925138,2015,0.015558166996925138
route,serial_fixed_exact_calls,144,rc101_21,25653,0.001390222534812185,2015,0.20019204501295462
route,serial_fixed_exact_calls,134,rc101_21,2836,0.0014939910081500159,2015,0.20019479509210214
route,serial_fixed_exact_calls,1,rc101_21,3501,0.008657583995955065,2015,0.008657583995955065
route,serial_fixed_exact_calls,69,rc101_21,5477,0.002901224014551743,2015,0.20018445700407028
route,serial_fixed_exact_calls,82,rc101_21,6397,0.00012583540193168675,2015,0.010318502958398312
route,serial_fixed_exact_calls,1,rc101_21,653,0.01116508299310226,2015,0.01116508299310226
route,serial_fixed_exact_calls,151,rc101_21,7338,0.0013257693572568134,2015,0.20019117294577882
route,serial_fixed_exact_calls,1,rc101_21,8802,0.009010833004140295,2015,0.009010833004140295
route,serial_fixed_exact_calls,111,rc101_21,929,0.0018035761987358365,2015,0.20019695805967785
route,serial_fixed_exact_calls,125,rc101_21,9418,0.0016015157204819844,2015,0.20018946506024804
route,serial_fixed_exact_calls,7,rc101_21,9511,0.0012223392862194618,2015,0.008556375003536232
route,serial_fixed_exact_calls,1,rc101_21,9854,0.012682791988481767,2015,0.012682791988481767
operator,parallel_fixed_exact_calls,349,rc101_21,energy,8.00697709934754e-05,2015,0.027944350076722912
operator,parallel_fixed_exact_calls,322,rc101_21,greedy,7.956113942149703e-05,2015,0.025618686893722042
operator,parallel_fixed_exact_calls,34,rc101_21,initial_solution,0.12187567164929693,2015,4.143772836076096
operator,parallel_fixed_exact_calls,334,rc101_21,regret2,0.00017250302387296896,2015,0.057616009973571636
operator,parallel_fixed_exact_calls,15,rc101_21,relocate,1.1673158345123132e-07,2015,1.7509737517684698e-06
operator,parallel_fixed_exact_calls,238,rc101_21,route_elimination,1.2220148126273847e-07,2015,2.9083952540531754e-05
operator,parallel_fixed_exact_calls,255,rc101_21,route_merge,1.198944279595333e-07,2015,3.057307912968099e-05
operator,parallel_fixed_exact_calls,15,rc101_21,route_segment_destroy,1.1960122113426525e-07,2015,1.794018317013979e-06
operator,parallel_fixed_exact_calls,11,rc101_21,shaw_related,1.589995173906738e-07,2015,1.748994691297412e-06
operator,parallel_fixed_exact_calls,15,rc101_21,swap,1.3053456010917822e-07,2015,1.9580184016376734e-06
operator,parallel_fixed_exact_calls,15,rc101_21,two_opt_star,1.2506692049403985e-07,2015,1.8760038074105978e-06
operator,parallel_fixed_exact_calls,739,rc101_21,vehicle_count_aware_repair,0.00010406609702365742,2015,0.07690484570048284
operator,parallel_fixed_exact_calls,56,rc101_21,worst_energy_detour,1.6735689964012375e-07,2015,9.37198637984693e-06
route,parallel_fixed_exact_calls,141,rc101_21,10347,0.0017288386022320335,2015,0.2437662429147167
route,parallel_fixed_exact_calls,153,rc101_21,11999,0.0015932492483057253,2015,0.24376713499077596
route,parallel_fixed_exact_calls,114,rc101_21,12637,0.00213826835916782,2015,0.24376259294513147
route,parallel_fixed_exact_calls,21,rc101_21,12938,0.0006951548095371219,2015,0.01459825100027956
route,parallel_fixed_exact_calls,19,rc101_21,14422,0.0006822632107957217,2015,0.012963001005118713
route,parallel_fixed_exact_calls,110,rc101_21,14675,0.002216032972368835,2015,0.24376362696057186
route,parallel_fixed_exact_calls,2,rc101_21,15166,0.0063523330027237535,2015,0.012704666005447507
route,parallel_fixed_exact_calls,132,rc101_21,15421,0.0018467090301397327,2015,0.24376559197844472
route,parallel_fixed_exact_calls,27,rc101_21,1745,0.0005469243694312388,2015,0.014766957974643447
route,parallel_fixed_exact_calls,137,rc101_21,17494,0.0017793579637812261,2015,0.24377204103802796
route,parallel_fixed_exact_calls,3,rc101_21,17788,0.0023191109939944,2015,0.0069573329819832
route,parallel_fixed_exact_calls,138,rc101_21,18782,0.0017664822105713108,2015,0.24377454505884089
route,parallel_fixed_exact_calls,4,rc101_21,20028,0.000982697747531347,2015,0.003930790990125388
route,parallel_fixed_exact_calls,9,rc101_21,20036,0.0007206945576601558,2015,0.0064862510189414024
route,parallel_fixed_exact_calls,115,rc101_21,20746,0.0021199996179506264,2015,0.24379995606432203
route,parallel_fixed_exact_calls,10,rc101_21,20881,0.0007340500989812427,2015,0.007340500989812426
route,parallel_fixed_exact_calls,1,rc101_21,21427,0.015965750004397705,2015,0.015965750004397705
route,parallel_fixed_exact_calls,141,rc101_21,21507,0.0017288280416697804,2015,0.24376475387543906
route,parallel_fixed_exact_calls,4,rc101_21,22122,0.0005914792527619284,2015,0.0023659170110477135
route,parallel_fixed_exact_calls,141,rc101_21,23422,0.0017289222557228124,2015,0.24377803805691656
route,parallel_fixed_exact_calls,147,rc101_21,24400,0.0016583185781547357,2015,0.24377283098874614
route,parallel_fixed_exact_calls,1,rc101_21,24617,0.01101108398870565,2015,0.01101108398870565
route,parallel_fixed_exact_calls,1,rc101_21,25362,0.01655787500203587,2015,0.01655787500203587
route,parallel_fixed_exact_calls,144,rc101_21,25653,0.0016928272780205589,2015,0.24376712803496048
route,parallel_fixed_exact_calls,134,rc101_21,2836,0.0018191597759575973,2015,0.24376740997831803
route,parallel_fixed_exact_calls,1,rc101_21,3501,0.008666166992043145,2015,0.008666166992043145
route,parallel_fixed_exact_calls,69,rc101_21,5477,0.003532730710213545,2015,0.2437584190047346
route,parallel_fixed_exact_calls,82,rc101_21,6397,0.00013605347499478517,2015,0.011156384949572384
route,parallel_fixed_exact_calls,1,rc101_21,653,0.011747040989575908,2015,0.011747040989575908
route,parallel_fixed_exact_calls,151,rc101_21,7338,0.0016143493708385007,2015,0.2437667549966136
route,parallel_fixed_exact_calls,1,rc101_21,8802,0.009479165993980132,2015,0.009479165993980132
route,parallel_fixed_exact_calls,111,rc101_21,929,0.0021960724951166593,2015,0.24376404695794918
route,parallel_fixed_exact_calls,125,rc101_21,9418,0.0019501200722297654,2015,0.24376500902872067
route,parallel_fixed_exact_calls,7,rc101_21,9511,0.001210797711142472,2015,0.008475583977997303
route,parallel_fixed_exact_calls,1,rc101_21,9854,0.012686041998676956,2015,0.012686041998676956
operator,serial_wall_clock,349,rc101_21,energy,7.158885079497381e-05,2015,0.02498450892744586
operator,serial_wall_clock,322,rc101_21,greedy,7.364158399304757e-05,2015,0.023712590045761317
operator,serial_wall_clock,34,rc101_21,initial_solution,0.11337242661744205,2015,3.85466250499303
operator,serial_wall_clock,334,rc101_21,regret2,0.00016304131151660776,2015,0.05445579804654699
operator,serial_wall_clock,15,rc101_21,relocate,1.2766783280918995e-07,2015,1.9150174921378493e-06
operator,serial_wall_clock,272,rc101_21,route_elimination,1.426392640603487e-07,2015,3.879787982441485e-05
operator,serial_wall_clock,272,rc101_21,route_merge,1.170553920982296e-07,2015,3.183906665071845e-05
operator,serial_wall_clock,15,rc101_21,route_segment_destroy,1.388650465135773e-07,2015,2.0829756977036595e-06
operator,serial_wall_clock,11,rc101_21,shaw_related,1.4772707469422708e-07,2015,1.624997821636498e-06
operator,serial_wall_clock,15,rc101_21,swap,1.1646770872175694e-07,2015,1.747015630826354e-06
operator,serial_wall_clock,15,rc101_21,two_opt_star,1.306005287915468e-07,2015,1.9590079318732023e-06
operator,serial_wall_clock,968,rc101_21,vehicle_count_aware_repair,0.00010117286359116796,2015,0.0979353319562506
operator,serial_wall_clock,56,rc101_21,worst_energy_detour,1.7333981564401517e-07,2015,9.707029676064849e-06
route,serial_wall_clock,157,rc101_21,10347,0.0014443381654823816,2015,0.2267610919807339
route,serial_wall_clock,1,rc101_21,10392,0.009649083003751002,2015,0.009649083003751002
route,serial_wall_clock,170,rc101_21,11999,0.0013338904527378927,2015,0.22676137696544174
route,serial_wall_clock,114,rc101_21,12637,0.0019891429300626265,2015,0.22676229402713943
route,serial_wall_clock,37,rc101_21,12938,0.00038048872964872,2015,0.014078082997002639
route,serial_wall_clock,22,rc101_21,14422,0.0005411154078584249,2015,0.011904538972885348
route,serial_wall_clock,124,rc101_21,14675,0.001828694564474356,2015,0.22675812599482015
route,serial_wall_clock,2,rc101_21,15166,0.005868521002412308,2015,0.011737042004824616
route,serial_wall_clock,132,rc101_21,15421,0.0017179596211600724,2015,0.22677066999312956
route,serial_wall_clock,16,rc101_21,16354,0.001010588563985948,2015,0.016169417023775168
route,serial_wall_clock,27,rc101_21,1745,0.000521884260470634,2015,0.014090875032707117
route,serial_wall_clock,153,rc101_21,17494,0.0014821426346411112,2015,0.22676782310009003
route,serial_wall_clock,3,rc101_21,17788,0.0021508053274980434,2015,0.006452415982494131
route,serial_wall_clock,155,rc101_21,18782,0.001462995961699034,2015,0.22676437406335026
route,serial_wall_clock,4,rc101_21,20028,0.0008383750027860515,2015,0.003353500011144206
route,serial_wall_clock,11,rc101_21,20036,0.0005338219092333351,2015,0.005872041001566686
route,serial_wall_clock,130,rc101_21,20746,0.0017446470995379898,2015,0.22680412293993868
route,serial_wall_clock,10,rc101_21,20881,0.0006292792997555808,2015,0.006292792997555807
route,serial_wall_clock,1,rc101_21,21427,0.015000290994066745,2015,0.015000290994066745
route,serial_wall_clock,155,rc101_21,21507,0.0014629838969408265,2015,0.2267625040258281
route,serial_wall_clock,6,rc101_21,22122,0.0002911111684322047,2015,0.001746667010593228
route,serial_wall_clock,155,rc101_21,23422,0.001463066380482257,2015,0.22677528897474986
route,serial_wall_clock,163,rc101_21,24400,0.0013912096133947007,2015,0.2267671669833362
route,serial_wall_clock,2,rc101_21,24617,0.004847437507123686,2015,0.009694875014247373
route,serial_wall_clock,1,rc101_21,25362,0.015559167004539631,2015,0.015559167004539631
route,serial_wall_clock,161,rc101_21,25653,0.0014084707703354612,2015,0.22676379402400926
route,serial_wall_clock,151,rc101_21,2836,0.0015017414697413548,2015,0.22676296193094458
route,serial_wall_clock,1,rc101_21,3501,0.008078584010945633,2015,0.008078584010945633
route,serial_wall_clock,69,rc101_21,5477,0.0032862597383454145,2015,0.2267519219458336
route,serial_wall_clock,98,rc101_21,6397,0.0001037712657363249,2015,0.01016958404215984
route,serial_wall_clock,1,rc101_21,653,0.011513541001477279,2015,0.011513541001477279
route,serial_wall_clock,168,rc101_21,7338,0.0013497711488959058,2015,0.22676155301451217
route,serial_wall_clock,1,rc101_21,8802,0.008718540993868373,2015,0.008718540993868373
route,serial_wall_clock,127,rc101_21,929,0.0017855027320429933,2015,0.22675884696946014
route,serial_wall_clock,139,rc101_21,9418,0.0016313611579809352,2015,0.22675920095934998
route,serial_wall_clock,10,rc101_21,9511,0.0008170958972186781,2015,0.008170958972186781
route,serial_wall_clock,1,rc101_21,9854,0.012575290995300747,2015,0.012575290995300747
operator,parallel_wall_clock,349,rc101_21,energy,7.974527216513767e-05,2015,0.027831099985633045
operator,parallel_wall_clock,322,rc101_21,greedy,7.92242887051001e-05,2015,0.02551022096304223
operator,parallel_wall_clock,34,rc101_21,initial_solution,0.12227492276339463,2015,4.157347373955417
operator,parallel_wall_clock,334,rc101_21,regret2,0.00017083462025875416,2015,0.05705876316642389
operator,parallel_wall_clock,15,rc101_21,relocate,1.30536500364542e-07,2015,1.95804750546813e-06
operator,parallel_wall_clock,272,rc101_21,route_elimination,1.2363264378269805e-07,2015,3.362807910889387e-05
operator,parallel_wall_clock,272,rc101_21,route_merge,1.2882355804322287e-07,2015,3.504000778775662e-05
operator,parallel_wall_clock,15,rc101_21,route_segment_destroy,1.1666658489654461e-07,2015,1.7499987734481692e-06
operator,parallel_wall_clock,11,rc101_21,shaw_related,1.439052125947042e-07,2015,1.5829573385417461e-06
operator,parallel_wall_clock,15,rc101_21,swap,1.5286689934631187e-07,2015,2.2930034901946783e-06
operator,parallel_wall_clock,15,rc101_21,two_opt_star,1.2779977017392716e-07,2015,1.9169965526089072e-06
operator,parallel_wall_clock,968,rc101_21,vehicle_count_aware_repair,0.00010620696055652354,2015,0.10280833781871479
operator,parallel_wall_clock,56,rc101_21,worst_energy_detour,1.599642668484843e-07,2015,8.957998943515122e-06
route,parallel_wall_clock,157,rc101_21,10347,0.0015577436555480988,2015,0.2445657539210515
route,parallel_wall_clock,1,rc101_21,10392,0.01016337500186637,2015,0.01016337500186637
route,parallel_wall_clock,170,rc101_21,11999,0.0014386279588079025,2015,0.24456675299734343
route,parallel_wall_clock,114,rc101_21,12637,0.002145293517714252,2015,0.24456346101942472
route,parallel_wall_clock,37,rc101_21,12938,0.000392724244266975,2015,0.014530797037878074
route,parallel_wall_clock,22,rc101_21,14422,0.0005985113192847083,2015,0.013167249024263583
route,parallel_wall_clock,124,rc101_21,14675,0.001972280282408915,2015,0.2445627550187055
route,parallel_wall_clock,2,rc101_21,15166,0.006427124499168713,2015,0.012854248998337425
route,parallel_wall_clock,132,rc101_21,15421,0.0018527541142248083,2015,0.2445635430776747
route,parallel_wall_clock,16,rc101_21,16354,0.0010322786865799571,2015,0.016516458985279314
route,parallel_wall_clock,27,rc101_21,1745,0.0005548501870146504,2015,0.014980955049395561
route,parallel_wall_clock,153,rc101_21,17494,0.0015985082092716243,2015,0.24457175601855852
route,parallel_wall_clock,3,rc101_21,17788,0.002136097003434164,2015,0.0064082910103024915
route,parallel_wall_clock,155,rc101_21,18782,0.0015778559869373096,2015,0.244567677975283
route,parallel_wall_clock,4,rc101_21,20028,0.000977531246462604,2015,0.003910124985850416
route,parallel_wall_clock,11,rc101_21,20036,0.0005804999977540733,2015,0.006385499975294806
route,parallel_wall_clock,130,rc101_21,20746,0.0018816743836326238,2015,0.2446176698722411
route,parallel_wall_clock,10,rc101_21,20881,0.000735550100216642,2015,0.00735550100216642
route,parallel_wall_clock,1,rc101_21,21427,0.015597082994645461,2015,0.015597082994645461
route,parallel_wall_clock,155,rc101_21,21507,0.001577835509669967,2015,0.24456450399884488
route,parallel_wall_clock,6,rc101_21,22122,0.00033182650319455814,2015,0.0019909590191673487
route,parallel_wall_clock,155,rc101_21,23422,0.0015779408247908577,2015,0.24458082784258295
route,parallel_wall_clock,163,rc101_21,24400,0.0015004460370072388,2015,0.2445727040321799
route,parallel_wall_clock,2,rc101_21,24617,0.005359812501410488,2015,0.010719625002820976
route,parallel_wall_clock,1,rc101_21,25362,0.016264709003735334,2015,0.016264709003735334
route,parallel_wall_clock,161,rc101_21,25653,0.0015190595465203204,2015,0.24456858698977157
route,parallel_wall_clock,151,rc101_21,2836,0.0016197469533576834,2015,0.2445817899570102
route,parallel_wall_clock,1,rc101_21,3501,0.008846084005199373,2015,0.008846084005199373
route,parallel_wall_clock,69,rc101_21,5477,0.003544305565520662,2015,0.24455708402092569
route,parallel_wall_clock,98,rc101_21,6397,0.00010865096941861153,2015,0.01064779500302393
route,parallel_wall_clock,1,rc101_21,653,0.011730458994861692,2015,0.011730458994861692
route,parallel_wall_clock,168,rc101_21,7338,0.0014557547441481368,2015,0.244566797016887
route,parallel_wall_clock,1,rc101_21,8802,0.009343334008008242,2015,0.009343334008008242
route,parallel_wall_clock,127,rc101_21,929,0.001925697535854823,2015,0.24456358705356251
route,parallel_wall_clock,139,rc101_21,9418,0.0017594598279135276,2015,0.24456491607998032
route,parallel_wall_clock,10,rc101_21,9511,0.0008900998989702202,2015,0.008900998989702202
route,parallel_wall_clock,1,rc101_21,9854,0.0126292079949053,2015,0.0126292079949053
operator,serial_fixed_exact_calls,195,rc101_21,energy,0.0002041096508783551,2016,0.039801381921279244
operator,serial_fixed_exact_calls,428,rc101_21,greedy,8.330543454933398e-05,2016,0.035654725987114944
operator,serial_fixed_exact_calls,36,rc101_21,initial_solution,0.12105318547118157,2016,4.357914676962537
operator,serial_fixed_exact_calls,164,rc101_21,regret2,0.00015668247641126694,2016,0.025695926131447777
operator,serial_fixed_exact_calls,16,rc101_21,relocate,1.2493637768784538e-07,2016,1.998982043005526e-06
operator,serial_fixed_exact_calls,198,rc101_21,route_elimination,1.2059598417971471e-07,2016,2.3878004867583513e-05
operator,serial_fixed_exact_calls,144,rc101_21,route_merge,1.1804927958615332e-07,2016,1.6999096260406077e-05
operator,serial_fixed_exact_calls,16,rc101_21,route_segment_destroy,1.249354681931436e-07,2016,1.9989674910902977e-06
operator,serial_fixed_exact_calls,25,rc101_21,shaw_related,1.30039406940341e-07,2016,3.250985173508525e-06
operator,serial_fixed_exact_calls,18,rc101_21,standard,1.017785204264025e-07,2016,1.8320133676752448e-06
operator,serial_fixed_exact_calls,16,rc101_21,swap,1.2243708624737337e-07,2016,1.958993379957974e-06
operator,serial_fixed_exact_calls,71,rc101_21,time_window_conflict,2.9395750074476844e-07,2016,2.087098255287856e-05
operator,serial_fixed_exact_calls,16,rc101_21,two_opt_star,1.2762484402628615e-07,2016,2.0419975044205785e-06
operator,serial_fixed_exact_calls,610,rc101_21,vehicle_count_aware_repair,9.983526230274441e-05,2016,0.060899510004674084
route,serial_fixed_exact_calls,104,rc101_21,10473,0.0023280877605709694,2016,0.24212112709938083
route,serial_fixed_exact_calls,4,rc101_21,10983,0.0017744897486409172,2016,0.007097958994563669
route,serial_fixed_exact_calls,83,rc101_21,11012,0.0001132023008470143,2016,0.009395790970302187
route,serial_fixed_exact_calls,13,rc101_21,11608,0.018623730923326757,2016,0.24210850200324785
route,serial_fixed_exact_calls,106,rc101_21,12956,0.0022841285296961804,2016,0.24211762414779514
route,serial_fixed_exact_calls,113,rc101_21,13789,0.002142643070505701,2016,0.24211866696714424
route,serial_fixed_exact_calls,109,rc101_21,15448,0.002221291669705293,2016,0.24212079199787695
route,serial_fixed_exact_calls,8,rc101_21,16303,0.00045407812649500556,2016,0.0036326250119600445
route,serial_fixed_exact_calls,103,rc101_21,16798,0.0023510480879973257,2016,0.24215795306372456
route,serial_fixed_exact_calls,1,rc101_21,16940,0.006189416992128827,2016,0.006189416992128827
route,serial_fixed_exact_calls,105,rc101_21,17269,0.00230590330500577,2016,0.24211984702560585
route,serial_fixed_exact_calls,1,rc101_21,17353,0.015855541001656093,2016,0.015855541001656093
route,serial_fixed_exact_calls,108,rc101_21,19633,0.0022419178327523965,2016,0.24212712593725882
route,serial_fixed_exact_calls,2,rc101_21,19860,0.0051036669974564575,2016,0.010207333994912915
route,serial_fixed_exact_calls,5,rc101_21,19974,0.0004496663954341784,2016,0.002248331977170892
route,serial_fixed_exact_calls,2,rc101_21,20003,0.0074494169966783375,2016,0.014898833993356675
route,serial_fixed_exact_calls,1,rc101_21,20164,0.006070875009754673,2016,0.006070875009754673
route,serial_fixed_exact_calls,27,rc101_21,20995,0.008967010739272356,2016,0.24210928996035364
route,serial_fixed_exact_calls,9,rc101_21,21371,0.000916472220625211,2016,0.008248249985626899
route,serial_fixed_exact_calls,83,rc101_21,21399,0.00018164412089040032,2016,0.015076462033903226
route,serial_fixed_exact_calls,114,rc101_21,21624,0.002123842535646665,2016,0.2421180490637198
route,serial_fixed_exact_calls,105,rc101_21,23958,0.002305897676463549,2016,0.24211925602867268
route,serial_fixed_exact_calls,1,rc101_21,2487,0.006378000005497597,2016,0.006378000005497597
route,serial_fixed_exact_calls,106,rc101_21,25162,0.002284119527689225,2016,0.24211666993505787
route,serial_fixed_exact_calls,1,rc101_21,2529,0.011624958002357744,2016,0.011624958002357744
route,serial_fixed_exact_calls,1,rc101_21,26039,0.01466966699808836,2016,0.01466966699808836
route,serial_fixed_exact_calls,101,rc101_21,26231,0.0023972058415442873,2016,0.242117789995973
route,serial_fixed_exact_calls,106,rc101_21,3665,0.0022841207646020194,2016,0.24211680104781408
route,serial_fixed_exact_calls,104,rc101_21,5756,0.0023280925572460266,2016,0.24212162595358677
route,serial_fixed_exact_calls,1,rc101_21,624,0.03028266598994378,2016,0.03028266598994378
route,serial_fixed_exact_calls,107,rc101_21,657,0.002262778466765412,2016,0.24211729594389908
route,serial_fixed_exact_calls,105,rc101_21,6805,0.002305878628145105,2016,0.24211725595523603
route,serial_fixed_exact_calls,114,rc101_21,9071,0.002123847964404584,2016,0.24211866794212256
operator,parallel_fixed_exact_calls,195,rc101_21,energy,0.00021164469205989288,2016,0.04127071495167911
operator,parallel_fixed_exact_calls,428,rc101_21,greedy,9.623123329458105e-05,2016,0.04118696785008069
operator,parallel_fixed_exact_calls,36,rc101_21,initial_solution,0.1361517616140999,2016,4.901463418107596
operator,parallel_fixed_exact_calls,164,rc101_21,regret2,0.00015854830434829814,2016,0.026001921913120896
operator,parallel_fixed_exact_calls,16,rc101_21,relocate,1.198122845380567e-07,2016,1.9169965526089072e-06
operator,parallel_fixed_exact_calls,198,rc101_21,route_elimination,1.1153499163085162e-07,2016,2.208392834290862e-05
operator,parallel_fixed_exact_calls,144,rc101_21,route_merge,1.1344400263624266e-07,2016,1.6335936379618943e-05
operator,parallel_fixed_exact_calls,16,rc101_21,route_segment_destroy,1.1981501302216202e-07,2016,1.9170402083545923e-06
operator,parallel_fixed_exact_calls,25,rc101_21,shaw_related,1.3187818694859744e-07,2016,3.2969546737149358e-06
operator,parallel_fixed_exact_calls,18,rc101_21,standard,1.0644321769682898e-07,2016,1.9159779185429215e-06
operator,parallel_fixed_exact_calls,16,rc101_21,swap,1.300622898270376e-07,2016,2.0809966372326016e-06
operator,parallel_fixed_exact_calls,71,rc101_21,time_window_conflict,1.7194379068596262e-07,2016,1.2208009138703346e-05
operator,parallel_fixed_exact_calls,16,rc101_21,two_opt_star,1.276266630156897e-07,2016,2.0420266082510352e-06
operator,parallel_fixed_exact_calls,610,rc101_21,vehicle_count_aware_repair,0.0001028140126794317,2016,0.06271654773445334
route,parallel_fixed_exact_calls,104,rc101_21,10473,0.0026184387022042824,2016,0.2723176250292454
route,parallel_fixed_exact_calls,4,rc101_21,10983,0.0018413852521916851,2016,0.0073655410087667406
route,parallel_fixed_exact_calls,83,rc101_21,11012,0.00012141717941477804,2016,0.010077625891426578
route,parallel_fixed_exact_calls,13,rc101_21,11608,0.020946483923650634,2016,0.27230429100745823
route,parallel_fixed_exact_calls,106,rc101_21,12956,0.0025689961033969907,2016,0.272313586960081
route,parallel_fixed_exact_calls,113,rc101_21,13789,0.002409873991937838,2016,0.2723157610889757
route,parallel_fixed_exact_calls,109,rc101_21,15448,0.0024983207880756434,2016,0.2723169659002451
route,parallel_fixed_exact_calls,8,rc101_21,16303,0.0005688906276191119,2016,0.004551125020952895
route,parallel_fixed_exact_calls,103,rc101_21,16798,0.002644194533468622,2016,0.27235203694726806
route,parallel_fixed_exact_calls,1,rc101_21,16940,0.005374625005060807,2016,0.005374625005060807
route,parallel_fixed_exact_calls,105,rc101_21,17269,0.0025934777323744214,2016,0.27231516189931426
route,parallel_fixed_exact_calls,1,rc101_21,17353,0.01605658300104551,2016,0.01605658300104551
route,parallel_fixed_exact_calls,108,rc101_21,19633,0.0025215165742675134,2016,0.27232379002089147
route,parallel_fixed_exact_calls,2,rc101_21,19860,0.005667416502546985,2016,0.01133483300509397
route,parallel_fixed_exact_calls,5,rc101_21,19974,0.0010112665971973912,2016,0.0050563329859869555
route,parallel_fixed_exact_calls,2,rc101_21,20003,0.00740735399449477,2016,0.01481470798898954
route,parallel_fixed_exact_calls,1,rc101_21,20164,0.00709995799115859,2016,0.00709995799115859
route,parallel_fixed_exact_calls,27,rc101_21,20995,0.010085409039338291,2016,0.2723060440621339
route,parallel_fixed_exact_calls,9,rc101_21,21371,0.0010057869997884457,2016,0.009052082998096012
route,parallel_fixed_exact_calls,83,rc101_21,21399,0.00018096084272382353,2016,0.015019749946077354
route,parallel_fixed_exact_calls,114,rc101_21,21624,0.0023887266920370933,2016,0.2723148428922286
route,parallel_fixed_exact_calls,105,rc101_21,23958,0.0025934817525835353,2016,0.2723155840212712
route,parallel_fixed_exact_calls,1,rc101_21,2487,0.007082790994900279,2016,0.007082790994900279
route,parallel_fixed_exact_calls,106,rc101_21,25162,0.002568998396971026,2016,0.27231383007892873
route,parallel_fixed_exact_calls,1,rc101_21,2529,0.012573041996802203,2016,0.012573041996802203
route,parallel_fixed_exact_calls,1,rc101_21,26039,0.01509637500566896,2016,0.01509637500566896
route,parallel_fixed_exact_calls,101,rc101_21,26231,0.00269618321807783,2016,0.27231450502586085
route,parallel_fixed_exact_calls,106,rc101_21,3665,0.002568999188540301,2016,0.27231391398527194
route,parallel_fixed_exact_calls,104,rc101_21,5756,0.0026184054428225723,2016,0.2723141660535475
route,parallel_fixed_exact_calls,1,rc101_21,624,0.030452083999989554,2016,0.030452083999989554
route,parallel_fixed_exact_calls,107,rc101_21,657,0.002544991101250357,2016,0.2723140478337882
route,parallel_fixed_exact_calls,105,rc101_21,6805,0.002593469455937988,2016,0.27231429287348874
route,parallel_fixed_exact_calls,114,rc101_21,9071,0.002388732157047152,2016,0.2723154659033753
operator,serial_wall_clock,330,rc101_21,energy,0.00015159840519173126,2016,0.05002747371327132
operator,serial_wall_clock,476,rc101_21,greedy,7.630782395707905e-05,2016,0.03632252420356963
operator,serial_wall_clock,36,rc101_21,initial_solution,0.12446431056095106,2016,4.480715180194238
operator,serial_wall_clock,164,rc101_21,regret2,0.00014844870650161218,2016,0.024345587866264395
operator,serial_wall_clock,16,rc101_21,relocate,1.274993337574415e-07,2016,2.039989340119064e-06
operator,serial_wall_clock,216,rc101_21,route_elimination,1.403192679087321e-07,2016,3.0308961868286133e-05
operator,serial_wall_clock,252,rc101_21,route_merge,1.1687642120430985e-07,2016,2.9452858143486083e-05
operator,serial_wall_clock,16,rc101_21,route_segment_destroy,1.3018416211707518e-07,2016,2.082946593873203e-06
operator,serial_wall_clock,41,rc101_21,shaw_related,1.3826803940280182e-07,2016,5.6689896155148745e-06
operator,serial_wall_clock,18,rc101_21,standard,1.04055086719907e-07,2016,1.8729915609583259e-06
operator,serial_wall_clock,16,rc101_21,swap,1.1981501302216202e-07,2016,1.9170402083545923e-06
operator,serial_wall_clock,91,rc101_21,time_window_conflict,2.019124612171244e-07,2016,1.837403397075832e-05
operator,serial_wall_clock,16,rc101_21,two_opt_star,1.2500186130637303e-07,2016,2.0000297809019685e-06
operator,serial_wall_clock,1341,rc101_21,vehicle_count_aware_repair,7.203897096422945e-05,2016,0.09660426006303169
route,serial_wall_clock,164,rc101_21,10473,0.0015180070923390037,2016,0.2489531631435966
route,serial_wall_clock,4,rc101_21,10983,0.00172419799855561,2016,0.00689679199422244
route,serial_wall_clock,142,rc101_21,11012,6.778402156426086e-05,2016,0.009625331062125042
route,serial_wall_clock,14,rc101_21,11608,0.017780693430852677,2016,0.24892970803193748
route,serial_wall_clock,166,rc101_21,12956,0.0014996650005117092,2016,0.24894439008494373
route,serial_wall_clock,172,rc101_21,13789,0.0014473540058831933,2016,0.24894488901190925
route,serial_wall_clock,172,rc101_21,15448,0.0014473875990641022,2016,0.24895066703902557
route,serial_wall_clock,8,rc101_21,16303,0.00047226049900928047,2016,0.0037780839920742437
route,serial_wall_clock,166,rc101_21,16798,0.0015001073493678347,2016,0.24901781999506056
route,serial_wall_clock,1,rc101_21,16940,0.004764666999108158,2016,0.004764666999108158
route,serial_wall_clock,160,rc101_21,17269,0.0015559141372250452,2016,0.24894626195600722
route,serial_wall_clock,8,rc101_21,17321,0.0015078388732945314,2016,0.012062710986356251
route,serial_wall_clock,1,rc101_21,17353,0.015784374991199,2016,0.015784374991199
route,serial_wall_clock,1,rc101_21,1913,0.025054208002984524,2016,0.025054208002984524
route,serial_wall_clock,159,rc101_21,19633,0.0015657942519895147,2016,0.24896128606633283
route,serial_wall_clock,10,rc101_21,19860,0.001034358398464974,2016,0.01034358398464974
route,serial_wall_clock,5,rc101_21,19974,0.0004057498008478433,2016,0.0020287490042392164
route,serial_wall_clock,2,rc101_21,20003,0.007304583996301517,2016,0.014609167992603034
route,serial_wall_clock,1,rc101_21,20164,0.006240458998945542,2016,0.006240458998945542
route,serial_wall_clock,28,rc101_21,20995,0.008890428572028344,2016,0.2489320000167936
route,serial_wall_clock,9,rc101_21,21371,0.0009286111146340974,2016,0.008357500031706877
route,serial_wall_clock,140,rc101_21,21399,9.155660663964226e-05,2016,0.012817924929549918
route,serial_wall_clock,2,rc101_21,21450,0.005265312502160668,2016,0.010530625004321337
route,serial_wall_clock,174,rc101_21,21624,0.001430722959516918,2016,0.2489457949559437
route,serial_wall_clock,160,rc101_21,23958,0.0015559197995571594,2016,0.2489471679291455
route,serial_wall_clock,1,rc101_21,2487,0.007336374997976236,2016,0.007336374997976236
route,serial_wall_clock,164,rc101_21,25162,0.0015179807622455594,2016,0.24894884500827175
route,serial_wall_clock,1,rc101_21,2529,0.011639083008049056,2016,0.011639083008049056
route,serial_wall_clock,1,rc101_21,26039,0.014499291995889507,2016,0.014499291995889507
route,serial_wall_clock,164,rc101_21,26231,0.0015179728598457409,2016,0.2489475490147015
route,serial_wall_clock,161,rc101_21,3665,0.0015462378446867411,2016,0.24894429299456533
route,serial_wall_clock,159,rc101_21,5756,0.0015657544082964905,2016,0.248954950919142
route,serial_wall_clock,1,rc101_21,624,0.03063129200018011,2016,0.03063129200018011
route,serial_wall_clock,169,rc101_21,657,0.0014730587577724212,2016,0.24894693006353918
route,serial_wall_clock,162,rc101_21,6805,0.0015366975798158055,2016,0.2489450079301605
route,serial_wall_clock,177,rc101_21,9071,0.0014064847443175192,2016,0.2489477997442009
operator,parallel_wall_clock,330,rc101_21,energy,0.00016045887865457741,2016,0.05295142995601054
operator,parallel_wall_clock,476,rc101_21,greedy,8.100844530692958e-05,2016,0.03856001996609848
operator,parallel_wall_clock,36,rc101_21,initial_solution,0.12652045494299577,2016,4.554736377947847
operator,parallel_wall_clock,164,rc101_21,regret2,0.00016114684792516593,2016,0.026428083059727214
operator,parallel_wall_clock,16,rc101_21,relocate,1.2768850865541026e-07,2016,2.043016138486564e-06
operator,parallel_wall_clock,216,rc101_21,route_elimination,1.1093544782380815e-07,2016,2.396205672994256e-05
operator,parallel_wall_clock,216,rc101_21,route_merge,1.1577786709595885e-07,2016,2.5008019292727113e-05
operator,parallel_wall_clock,16,rc101_21,route_segment_destroy,1.2243890523677692e-07,2016,1.9590224837884307e-06
operator,parallel_wall_clock,25,rc101_21,shaw_related,1.3155920896679163e-07,2016,3.2889802241697907e-06
operator,parallel_wall_clock,18,rc101_21,standard,9.28315178801616e-08,2016,1.6709673218429089e-06
operator,parallel_wall_clock,16,rc101_21,swap,1.248754415428266e-07,2016,1.9980070646852255e-06
operator,parallel_wall_clock,91,rc101_21,time_window_conflict,1.9230771743293319e-07,2016,1.750000228639692e-05
operator,parallel_wall_clock,16,rc101_21,two_opt_star,1.1974952940363437e-07,2016,1.91599247045815e-06
operator,parallel_wall_clock,1221,rc101_21,vehicle_count_aware_repair,7.166568207307387e-05,2016,0.0875037978112232
route,parallel_wall_clock,155,rc101_21,10473,0.0016326655744529901,2016,0.25306316404021345
route,parallel_wall_clock,4,rc101_21,10983,0.0018970624987559859,2016,0.0075882499950239435
route,parallel_wall_clock,133,rc101_21,11012,7.795178954212933e-05,2016,0.010367588009103201
route,parallel_wall_clock,13,rc101_21,11608,0.019464766155579127,2016,0.25304196002252866
route,parallel_wall_clock,156,rc101_21,12956,0.001622155775317552,2016,0.2530563009495381
route,parallel_wall_clock,164,rc101_21,13789,0.00154302895698049,2016,0.25305674894480035
route,parallel_wall_clock,162,rc101_21,15448,0.001562108327763983,2016,0.25306154909776524
route,parallel_wall_clock,8,rc101_21,16303,0.0005567968728428241,2016,0.004454374982742593
route,parallel_wall_clock,156,rc101_21,16798,0.0016226145639032042,2016,0.25312787196889985
route,parallel_wall_clock,1,rc101_21,16940,0.005596499991952442,2016,0.005596499991952442
route,parallel_wall_clock,158,rc101_21,17269,0.0016016749243503968,2016,0.2530646380473627
route,parallel_wall_clock,1,rc101_21,17353,0.016358082997612655,2016,0.016358082997612655
route,parallel_wall_clock,1,rc101_21,1913,0.02527666700189002,2016,0.02527666700189002
route,parallel_wall_clock,157,rc101_21,19633,0.0016119272163016187,2016,0.25307257295935415
route,parallel_wall_clock,2,rc101_21,19860,0.005443937501695473,2016,0.010887875003390945
route,parallel_wall_clock,5,rc101_21,19974,0.0005026500002713874,2016,0.002513250001356937
route,parallel_wall_clock,2,rc101_21,20003,0.007531958501203917,2016,0.015063917002407834
route,parallel_wall_clock,1,rc101_21,20164,0.0069403339875862,2016,0.0069403339875862
route,parallel_wall_clock,27,rc101_21,20995,0.009371993888096229,2016,0.25304383497859817
route,parallel_wall_clock,9,rc101_21,21371,0.0009688012214610353,2016,0.008719210993149318
route,parallel_wall_clock,131,rc101_21,21399,0.0001045932053750068,2016,0.013701709904125892
route,parallel_wall_clock,2,rc101_21,21450,0.0060848959983559325,2016,0.012169791996711865
route,parallel_wall_clock,165,rc101_21,21624,0.0015336806001318055,2016,0.2530572990217479
route,parallel_wall_clock,152,rc101_21,23958,0.0016648588147003657,2016,0.2530585398344556
route,parallel_wall_clock,1,rc101_21,2487,0.0071307500038528815,2016,0.0071307500038528815
route,parallel_wall_clock,154,rc101_21,25162,0.001643218655595042,2016,0.25305567296163645
route,parallel_wall_clock,1,rc101_21,2529,0.012545083998702466,2016,0.012545083998702466
route,parallel_wall_clock,1,rc101_21,26039,0.014787583000725135,2016,0.014787583000725135
route,parallel_wall_clock,154,rc101_21,26231,0.0016432335331329968,2016,0.2530579641024815
route,parallel_wall_clock,151,rc101_21,3665,0.0016758648010043254,2016,0.25305558495165315
route,parallel_wall_clock,149,rc101_21,5756,0.0016983621471503675,2016,0.25305595992540475
route,parallel_wall_clock,1,rc101_21,624,0.03105633299855981,2016,0.03105633299855981
route,parallel_wall_clock,159,rc101_21,657,0.0015915558935558926,2016,0.25305738707538694
route,parallel_wall_clock,154,rc101_21,6805,0.0016432207534331587,2016,0.25305599602870643
route,parallel_wall_clock,167,rc101_21,9071,0.0015153216049430646,2016,0.2530587080254918
operator,serial_fixed_exact_calls,41,rc102C10,energy,4.337702504438689e-05,2014,0.0017784580268198624
operator,serial_fixed_exact_calls,19,rc102C10,greedy,3.611842112150043e-05,2014,0.0006862500013085082
operator,serial_fixed_exact_calls,8,rc102C10,initial_solution,0.0009278130000893725,2014,0.00742250400071498
operator,serial_fixed_exact_calls,28,rc102C10,regret2,4.282878580852412e-05,2014,0.0011992060026386753
operator,serial_fixed_exact_calls,2,rc102C10,relocate,3.1250237952917814e-07,2014,6.250047590583563e-07
operator,serial_fixed_exact_calls,52,rc102C10,route_elimination,1.6440334058223436e-07,2014,8.548973710276186e-06
operator,serial_fixed_exact_calls,44,rc102C10,route_merge,1.6284056156027046e-07,2014,7.1649847086519e-06
operator,serial_fixed_exact_calls,2,rc102C10,route_segment_destroy,2.0800507627427578e-07,2014,4.1601015254855156e-07
operator,serial_fixed_exact_calls,2,rc102C10,shaw_related,2.2900348994880915e-07,2014,4.580069798976183e-07
operator,serial_fixed_exact_calls,4,rc102C10,standard,1.3524550013244152e-07,2014,5.409820005297661e-07
operator,serial_fixed_exact_calls,2,rc102C10,swap,1.8799619283527136e-07,2014,3.759923856705427e-07
operator,serial_fixed_exact_calls,2,rc102C10,two_opt_star,2.2900348994880915e-07,2014,4.580069798976183e-07
operator,serial_fixed_exact_calls,116,rc102C10,vehicle_count_aware_repair,1.089830164283771e-05,2014,0.0012642029905691743
route,serial_fixed_exact_calls,1,rc102C10,105,0.0001256669929716736,2014,0.0001256669929716736
route,serial_fixed_exact_calls,1,rc102C10,108,0.00023933300690259784,2014,0.00023933300690259784
route,serial_fixed_exact_calls,64,rc102C10,109,2.9170577818149468e-05,2014,0.001866916980361566
route,serial_fixed_exact_calls,5,rc102C10,114,6.718359945807606e-05,2014,0.0003359179972903803
route,serial_fixed_exact_calls,7,rc102C10,120,3.5648570961451954e-05,2014,0.0002495399967301637
route,serial_fixed_exact_calls,2,rc102C10,144,7.881249621277675e-05,2014,0.0001576249924255535
route,serial_fixed_exact_calls,70,rc102C10,177,2.665181382326409e-05,2014,0.0018656269676284865
route,serial_fixed_exact_calls,3,rc102C10,234,0.00012747233267873526,2014,0.00038241699803620577
route,serial_fixed_exact_calls,27,rc102C10,245,2.5935073844502092e-05,2014,0.0007002469938015565
route,serial_fixed_exact_calls,25,rc102C10,322,1.6659920802339912e-05,2014,0.0004164980200584978
route,serial_fixed_exact_calls,1,rc102C10,359,0.0003325830039102584,2014,0.0003325830039102584
route,serial_fixed_exact_calls,5,rc102C10,389,0.00011027500149793923,2014,0.0005513750074896961
route,serial_fixed_exact_calls,44,rc102C10,400,4.245836316840723e-05,2014,0.0018681679794099182
route,serial_fixed_exact_calls,1,rc102C10,437,0.0005244579951977357,2014,0.0005244579951977357
route,serial_fixed_exact_calls,1,rc102C10,442,0.00015883299056440592,2014,0.00015883299056440592
route,serial_fixed_exact_calls,4,rc102C10,483,5.9510501159820706e-05,2014,0.00023804200463928282
route,serial_fixed_exact_calls,53,rc102C10,53,3.514864222796739e-05,2014,0.0018628780380822718
route,serial_fixed_exact_calls,7,rc102C10,78,3.4744003122406344e-05,2014,0.00024320802185684443
route,serial_fixed_exact_calls,1,rc102C10,93,0.0002498749963706359,2014,0.0002498749963706359
operator,parallel_fixed_exact_calls,41,rc102C10,energy,9.51554879642705e-05,2014,0.0039013750065350905
operator,parallel_fixed_exact_calls,19,rc102C10,greedy,7.400215729017203e-05,2014,0.0014060409885132685
operator,parallel_fixed_exact_calls,8,rc102C10,initial_solution,0.06982924975454807,2014,0.5586339980363846
operator,parallel_fixed_exact_calls,28,rc102C10,regret2,0.00015235117981709273,2014,0.004265833034878597
operator,parallel_fixed_exact_calls,2,rc102C10,relocate,4.1649764170870185e-07,2014,8.329952834174037e-07
operator,parallel_fixed_exact_calls,52,rc102C10,route_elimination,1.5388426478379048e-07,2014,8.001981768757105e-06
operator,parallel_fixed_exact_calls,44,rc102C10,route_merge,1.9222617001188072e-07,2014,8.457951480522752e-06
operator,parallel_fixed_exact_calls,2,rc102C10,route_segment_destroy,1.8750142771750689e-07,2014,3.7500285543501377e-07
operator,parallel_fixed_exact_calls,2,rc102C10,shaw_related,2.4999462766572833e-07,2014,4.999892553314567e-07
operator,parallel_fixed_exact_calls,4,rc102C10,standard,1.1450174497440457e-07,2014,4.580069798976183e-07
operator,parallel_fixed_exact_calls,2,rc102C10,swap,2.0849984139204025e-07,2014,4.169996827840805e-07
operator,parallel_fixed_exact_calls,2,rc102C10,two_opt_star,2.0849984139204025e-07,2014,4.169996827840805e-07
operator,parallel_fixed_exact_calls,116,rc102C10,vehicle_count_aware_repair,2.2545232586080914e-05,2014,0.002615246979985386
route,parallel_fixed_exact_calls,1,rc102C10,105,0.00043000000005122274,2014,0.00043000000005122274
route,parallel_fixed_exact_calls,1,rc102C10,108,0.0005847080028615892,2014,0.0005847080028615892
route,parallel_fixed_exact_calls,64,rc102C10,109,0.0021823490001224854,2014,0.13967033600783907
route,parallel_fixed_exact_calls,5,rc102C10,114,0.00012813320208806544,2014,0.0006406660104403272
route,parallel_fixed_exact_calls,7,rc102C10,120,0.0001528512844483235,2014,0.0010699589911382645
route,parallel_fixed_exact_calls,2,rc102C10,144,0.0002175625049858354,2014,0.0004351250099716708
route,parallel_fixed_exact_calls,70,rc102C10,177,0.0019952850572216058,2014,0.1396699540055124
route,parallel_fixed_exact_calls,3,rc102C10,234,0.0003021386655746028,2014,0.0009064159967238083
route,parallel_fixed_exact_calls,27,rc102C10,245,3.8552519442789535e-05,2014,0.0010409180249553174
route,parallel_fixed_exact_calls,25,rc102C10,322,3.128331736661494e-05,2014,0.0007820829341653734
route,parallel_fixed_exact_calls,1,rc102C10,359,0.00092804100131616,2014,0.00092804100131616
route,parallel_fixed_exact_calls,5,rc102C10,389,0.00041573340131435544,2014,0.002078667006571777
route,parallel_fixed_exact_calls,44,rc102C10,400,0.003174331453589151,2014,0.13967058395792264
route,parallel_fixed_exact_calls,1,rc102C10,437,0.000966957988566719,2014,0.000966957988566719
route,parallel_fixed_exact_calls,1,rc102C10,442,0.0005312080029398203,2014,0.0005312080029398203
route,parallel_fixed_exact_calls,4,rc102C10,483,0.00014887475481373258,2014,0.0005954990192549303
route,parallel_fixed_exact_calls,53,rc102C10,53,0.0026352193208196077,2014,0.1396666240034392
route,parallel_fixed_exact_calls,7,rc102C10,78,7.625000060735536e-05,2014,0.0005337500042514876
route,parallel_fixed_exact_calls,1,rc102C10,93,0.000640458005364053,2014,0.000640458005364053
operator,serial_wall_clock,269,rc102C10,energy,1.9586097016726313e-05,2014,0.005268660097499378
operator,serial_wall_clock,214,rc102C10,greedy,1.7217131074252493e-05,2014,0.003684466049890034
operator,serial_wall_clock,8,rc102C10,initial_solution,0.0006852917485957732,2014,0.005482333988766186
operator,serial_wall_clock,268,rc102C10,regret2,1.7178011080771406e-05,2014,0.004603706969646737
operator,serial_wall_clock,2,rc102C10,relocate,2.4999462766572833e-07,2014,4.999892553314567e-07
operator,serial_wall_clock,364,rc102C10,route_elimination,1.6531843217447974e-07,2014,6.017590931151062e-05
operator,serial_wall_clock,400,rc102C10,route_merge,1.4178269339026883e-07,2014,5.671307735610753e-05
operator,serial_wall_clock,2,rc102C10,route_segment_destroy,1.6650301404297352e-07,2014,3.3300602808594704e-07
operator,serial_wall_clock,138,rc102C10,shaw_related,2.69898589686963e-07,2014,3.7246005376800895e-05
operator,serial_wall_clock,44,rc102C10,standard,3.947941215962849e-07,2014,1.7370941350236535e-05
operator,serial_wall_clock,2,rc102C10,swap,1.8750142771750689e-07,2014,3.7500285543501377e-07
operator,serial_wall_clock,32,rc102C10,time_window_conflict,3.607201506383717e-07,2014,1.1543044820427895e-05
operator,serial_wall_clock,2,rc102C10,two_opt_star,2.079978003166616e-07,2014,4.159956006333232e-07
operator,serial_wall_clock,2817,rc102C10,vehicle_count_aware_repair,9.831302701507158e-07,2014,0.0027694779710145667
route,serial_wall_clock,23,rc102C10,105,5.9328696174223135e-06,2014,0.00013645600120071322
route,serial_wall_clock,4,rc102C10,108,7.310400542337447e-05,2014,0.0002924160216934979
route,serial_wall_clock,726,rc102C10,109,2.0521625383505622e-06,2014,0.0014898700028425083
route,serial_wall_clock,143,rc102C10,114,2.115077019174147e-06,2014,0.000302456013741903
route,serial_wall_clock,10,rc102C10,118,2.080419653793797e-05,2014,0.0002080419653793797
route,serial_wall_clock,152,rc102C10,120,1.831196928641906e-06,2014,0.0002783419331535697
route,serial_wall_clock,56,rc102C10,121,4.232857463648543e-06,2014,0.0002370400179643184
route,serial_wall_clock,4,rc102C10,130,5.2666997362393886e-05,2014,0.00021066798944957554
route,serial_wall_clock,5,rc102C10,141,6.160820194054396e-05,2014,0.00030804100970271975
route,serial_wall_clock,8,rc102C10,144,1.6775878975749947e-05,2014,0.00013420703180599958
route,serial_wall_clock,1,rc102C10,145,0.00019283300207462162,2014,0.00019283300207462162
route,serial_wall_clock,9,rc102C10,146,2.3199001184871628e-05,2014,0.00020879101066384465
route,serial_wall_clock,2,rc102C10,162,0.00011472949699964374,2014,0.00022945899399928749
route,serial_wall_clock,1,rc102C10,166,0.00024020799901336432,2014,0.00024020799901336432
route,serial_wall_clock,582,rc102C10,177,2.5082593457693316e-06,2014,0.001459806939237751
route,serial_wall_clock,226,rc102C10,189,1.4039649822815131e-06,2014,0.000317296085995622
route,serial_wall_clock,17,rc102C10,199,2.0203411729787203e-05,2014,0.00034345799940638244
route,serial_wall_clock,1,rc102C10,209,0.00042720799683593214,2014,0.00042720799683593214
route,serial_wall_clock,5,rc102C10,225,7.890840352047235e-05,2014,0.00039454201760236174
route,serial_wall_clock,49,rc102C10,234,9.24238613188951e-06,2014,0.000452876920462586
route,serial_wall_clock,105,rc102C10,245,6.568304906111388e-06,2014,0.0006896720151416957
route,serial_wall_clock,12,rc102C10,256,1.0576416874149194e-05,2014,0.00012691700248979032
route,serial_wall_clock,309,rc102C10,257,9.754463362667264e-07,2014,0.00030141291790641844
route,serial_wall_clock,3,rc102C10,263,0.00011462466985297699,2014,0.000343874009558931
route,serial_wall_clock,4,rc102C10,267,7.796900536050089e-05,2014,0.00031187602144200355
route,serial_wall_clock,3,rc102C10,268,0.00011059766984544694,2014,0.00033179300953634083
route,serial_wall_clock,1,rc102C10,274,0.0002194580010836944,2014,0.0002194580010836944
route,serial_wall_clock,14,rc102C10,275,1.4684427047281393e-05,2014,0.0002055819786619395
route,serial_wall_clock,22,rc102C10,276,1.0439366054594178e-05,2014,0.00022966605320107192
route,serial_wall_clock,23,rc102C10,277,1.581887076811298e-05,2014,0.00036383402766659856
route,serial_wall_clock,2,rc102C10,284,0.00012258349306648597,2014,0.00024516698613297194
route,serial_wall_clock,3,rc102C10,289,0.00015575033224498233,2014,0.00046725099673494697
route,serial_wall_clock,2,rc102C10,295,0.00012618750770343468,2014,0.00025237501540686935
route,serial_wall_clock,4,rc102C10,314,7.413550338242203e-05,2014,0.0002965420135296881
route,serial_wall_clock,126,rc102C10,322,3.421237962024789e-06,2014,0.0004310759832151234
route,serial_wall_clock,21,rc102C10,359,1.9748095101455138e-05,2014,0.0004147099971305579
route,serial_wall_clock,2,rc102C10,364,0.00019400000746827573,2014,0.00038800001493655145
route,serial_wall_clock,17,rc102C10,378,2.9529529616839308e-05,2014,0.0005020020034862682
route,serial_wall_clock,51,rc102C10,38,3.0539419693762764e-06,2014,0.0001557510404381901
route,serial_wall_clock,445,rc102C10,389,1.463390725895009e-06,2014,0.000651208873023279
route,serial_wall_clock,489,rc102C10,400,3.02726185641581e-06,2014,0.001480331047787331
route,serial_wall_clock,14,rc102C10,410,2.8112929222905742e-05,2014,0.0003935810091206804
route,serial_wall_clock,3,rc102C10,428,9.97360039036721e-05,2014,0.0002992080117110163
route,serial_wall_clock,6,rc102C10,437,8.822216962774594e-05,2014,0.0005293330177664757
route,serial_wall_clock,28,rc102C10,442,1.5043285072481791e-05,2014,0.00042121198202949017
route,serial_wall_clock,10,rc102C10,455,2.2549901041202246e-05,2014,0.00022549901041202247
route,serial_wall_clock,2,rc102C10,467,6.016650149831548e-05,2014,0.00012033300299663097
route,serial_wall_clock,8,rc102C10,483,3.126037154288497e-05,2014,0.00025008297234307975
route,serial_wall_clock,573,rc102C10,53,2.5443633440085548e-06,2014,0.001457920196116902
route,serial_wall_clock,4,rc102C10,58,7.815649587428197e-05,2014,0.0003126259834971279
route,serial_wall_clock,2,rc102C10,62,0.00013941650104243308,2014,0.00027883300208486617
route,serial_wall_clock,2,rc102C10,74,9.737499931361526e-05,2014,0.00019474999862723053
route,serial_wall_clock,1,rc102C10,75,0.00018075000843964517,2014,0.00018075000843964517
route,serial_wall_clock,197,rc102C10,78,2.5605324001008936e-06,2014,0.0005044248828198761
route,serial_wall_clock,1,rc102C10,91,0.00028229199233464897,2014,0.00028229199233464897
route,serial_wall_clock,29,rc102C10,93,9.308862680537177e-06,2014,0.0002699570177355781
operator,parallel_wall_clock,269,rc102C10,energy,4.7041926536013175e-05,2014,0.012654278238187544
operator,parallel_wall_clock,214,rc102C10,greedy,4.0991630480803166e-05,2014,0.008772208922891878
operator,parallel_wall_clock,8,rc102C10,initial_solution,0.06863671874634747,2014,0.5490937499707798
operator,parallel_wall_clock,268,rc102C10,regret2,3.7762451599397236e-05,2014,0.01012033702863846
operator,parallel_wall_clock,2,rc102C10,relocate,3.335007932037115e-07,2014,6.67001586407423e-07
operator,parallel_wall_clock,364,rc102C10,route_elimination,1.461787858036357e-07,2014,5.3209078032523394e-05
operator,parallel_wall_clock,400,rc102C10,route_merge,1.4301978808362038e-07,2014,5.720791523344815e-05
operator,parallel_wall_clock,2,rc102C10,route_segment_destroy,1.874941517598927e-07,2014,3.749883035197854e-07
operator,parallel_wall_clock,138,rc102C10,shaw_related,2.829342586177307e-07,2014,3.904492768924683e-05
operator,parallel_wall_clock,44,rc102C10,standard,1.9786305281079628e-07,2014,8.705974323675036e-06
operator,parallel_wall_clock,2,rc102C10,swap,2.2899621399119496e-07,2014,4.5799242798238993e-07
operator,parallel_wall_clock,32,rc102C10,time_window_conflict,2.709061845962424e-07,2014,8.668997907079756e-06
operator,parallel_wall_clock,2,rc102C10,two_opt_star,2.0800507627427578e-07,2014,4.1601015254855156e-07
operator,parallel_wall_clock,2817,rc102C10,vehicle_count_aware_repair,1.8999292895004132e-06,2014,0.005352100808522664
route,parallel_wall_clock,23,rc102C10,105,2.9177478332396436e-05,2014,0.000671082001645118
route,parallel_wall_clock,4,rc102C10,108,0.00014790575005463324,2014,0.000591623000218533
route,parallel_wall_clock,726,rc102C10,109,0.00018924060187042118,2014,0.13738867695792578
route,parallel_wall_clock,143,rc102C10,114,4.666125755170946e-06,2014,0.0006672559829894453
route,parallel_wall_clock,10,rc102C10,118,5.395010084612295e-05,2014,0.0005395010084612295
route,parallel_wall_clock,152,rc102C10,120,4.7623223891653314e-06,2014,0.0007238730031531304
route,parallel_wall_clock,56,rc102C10,121,1.7244785340153612e-05,2014,0.0009657079790486023
route,parallel_wall_clock,4,rc102C10,130,0.00014347899923450314,2014,0.0005739159969380125
route,parallel_wall_clock,5,rc102C10,141,0.00013500019849743694,2014,0.0006750009924871847
route,parallel_wall_clock,8,rc102C10,144,5.953637446509674e-05,2014,0.00047629099572077394
route,parallel_wall_clock,1,rc102C10,145,0.0006033329991623759,2014,0.0006033329991623759
route,parallel_wall_clock,9,rc102C10,146,5.388444373642819e-05,2014,0.0004849599936278537
route,parallel_wall_clock,2,rc102C10,162,0.00031206249695969746,2014,0.0006241249939193949
route,parallel_wall_clock,1,rc102C10,166,0.000614624994341284,2014,0.000614624994341284
route,parallel_wall_clock,582,rc102C10,177,0.00023600495023544098,2014,0.13735488103702664
route,parallel_wall_clock,226,rc102C10,189,3.161916377401985e-06,2014,0.0007145931012928486
route,parallel_wall_clock,17,rc102C10,199,4.6156761099529615e-05,2014,0.0007846649386920035
route,parallel_wall_clock,1,rc102C10,209,0.0005750830023316666,2014,0.0005750830023316666
route,parallel_wall_clock,5,rc102C10,225,0.00015721660165581852,2014,0.0007860830082790926
route,parallel_wall_clock,49,rc102C10,234,1.4525593189541631e-05,2014,0.0007117540662875399
route,parallel_wall_clock,105,rc102C10,245,1.0636895396081464e-05,2014,0.0011168740165885538
route,parallel_wall_clock,12,rc102C10,256,4.6625000929149486e-05,2014,0.0005595000111497939
route,parallel_wall_clock,309,rc102C10,257,2.6930679931097386e-06,2014,0.0008321580098709092
route,parallel_wall_clock,3,rc102C10,263,0.00024044466166136166,2014,0.000721333984984085
route,parallel_wall_clock,4,rc102C10,267,0.0001522605016361922,2014,0.0006090420065447688
route,parallel_wall_clock,3,rc102C10,268,0.0003481249974962945,2014,0.0010443749924888834
route,parallel_wall_clock,1,rc102C10,274,0.0007330840016948059,2014,0.0007330840016948059
route,parallel_wall_clock,14,rc102C10,275,3.5931498652124514e-05,2014,0.0005030409811297432
route,parallel_wall_clock,22,rc102C10,276,2.8405362337997015e-05,2014,0.0006249179714359343
route,parallel_wall_clock,23,rc102C10,277,2.642217314923587e-05,2014,0.000607709982432425
route,parallel_wall_clock,2,rc102C10,284,0.0004920205028611235,2014,0.000984041005722247
route,parallel_wall_clock,3,rc102C10,289,0.0002795833327885096,2014,0.0008387499983655289
route,parallel_wall_clock,2,rc102C10,295,0.00032250000367639586,2014,0.0006450000073527917
route,parallel_wall_clock,4,rc102C10,314,0.0001744582514220383,2014,0.0006978330056881532
route,parallel_wall_clock,126,rc102C10,322,7.481825406781383e-06,2014,0.0009427100012544543
route,parallel_wall_clock,21,rc102C10,359,3.26507607020349e-05,2014,0.0006856659747427329
route,parallel_wall_clock,2,rc102C10,364,0.00040879150765249506,2014,0.0008175830153049901
route,parallel_wall_clock,17,rc102C10,378,4.936276544707225e-05,2014,0.0008391670126002282
route,parallel_wall_clock,51,rc102C10,38,9.800764554015854e-06,2014,0.0004998389922548085
route,parallel_wall_clock,445,rc102C10,389,2.6017796310983347e-06,2014,0.001157791935838759
route,parallel_wall_clock,489,rc102C10,400,0.0002809604599520541,2014,0.13738966491655447
route,parallel_wall_clock,14,rc102C10,410,4.900892963632941e-05,2014,0.0006861250149086118
route,parallel_wall_clock,3,rc102C10,428,0.00022877800317170718,2014,0.0006863340095151216
route,parallel_wall_clock,6,rc102C10,437,0.00023722933595612025,2014,0.0014233760157367215
route,parallel_wall_clock,28,rc102C10,442,1.8470249155403246e-05,2014,0.0005171669763512909
route,parallel_wall_clock,10,rc102C10,455,6.982089980738238e-05,2014,0.0006982089980738238
route,parallel_wall_clock,2,rc102C10,467,0.0002657295044627972,2014,0.0005314590089255944
route,parallel_wall_clock,8,rc102C10,483,6.802600000810344e-05,2014,0.0005442080000648275
route,parallel_wall_clock,573,rc102C10,53,0.00023972246567633353,2014,0.13736097283253912
route,parallel_wall_clock,4,rc102C10,58,0.00016975024846033193,2014,0.0006790009938413277
route,parallel_wall_clock,2,rc102C10,62,0.0002835000050254166,2014,0.0005670000100508332
route,parallel_wall_clock,2,rc102C10,74,0.00034749949554679915,2014,0.0006949989910935983
route,parallel_wall_clock,1,rc102C10,75,0.0005063749995315447,2014,0.0005063749995315447
route,parallel_wall_clock,197,rc102C10,78,3.4659750952248266e-06,2014,0.0006827970937592909
route,parallel_wall_clock,1,rc102C10,91,0.0006212500011315569,2014,0.0006212500011315569
route,parallel_wall_clock,29,rc102C10,93,2.017389764158248e-05,2014,0.0005850430316058919
operator,serial_fixed_exact_calls,40,rc102C10,energy,2.9896850537625142e-05,2015,0.0011958740215050057
operator,serial_fixed_exact_calls,34,rc102C10,greedy,5.1912824667798466e-05,2015,0.0017650360387051478
operator,serial_fixed_exact_calls,8,rc102C10,initial_solution,0.0006491042513516732,2015,0.005192834010813385
operator,serial_fixed_exact_calls,27,rc102C10,regret2,5.430555514370402e-05,2015,0.0014662499888800085
operator,serial_fixed_exact_calls,2,rc102C10,relocate,2.500019036233425e-07,2015,5.00003807246685e-07
operator,serial_fixed_exact_calls,60,rc102C10,route_elimination,1.4520070787208776e-07,2015,8.712042472325265e-06
operator,serial_fixed_exact_calls,48,rc102C10,route_merge,1.397714489333642e-07,2015,6.709029548801482e-06
operator,serial_fixed_exact_calls,2,rc102C10,route_segment_destroy,1.8750142771750689e-07,2015,3.7500285543501377e-07
operator,serial_fixed_exact_calls,10,rc102C10,shaw_related,2.675429714145139e-05,2015,0.0002675429714145139
operator,serial_fixed_exact_calls,4,rc102C10,standard,1.3549652067013085e-07,2015,5.419860826805234e-07
operator,serial_fixed_exact_calls,2,rc102C10,swap,2.285014488734305e-07,2015,4.57002897746861e-07
operator,serial_fixed_exact_calls,2,rc102C10,two_opt_star,1.8750142771750689e-07,2015,3.7500285543501377e-07
operator,serial_fixed_exact_calls,102,rc102C10,vehicle_count_aware_repair,1.2961961271916972e-05,2015,0.0013221200497355312
route,serial_fixed_exact_calls,2,rc102C10,104,0.00013691700587514788,2015,0.00027383401175029576
route,serial_fixed_exact_calls,13,rc102C10,110,1.8307613432765582e-05,2015,0.00023799897462595254
route,serial_fixed_exact_calls,1,rc102C10,131,0.00019258300017099828,2015,0.00019258300017099828
route,serial_fixed_exact_calls,69,rc102C10,156,1.895589968257084e-05,2015,0.0013079570780973881
route,serial_fixed_exact_calls,2,rc102C10,163,0.00013854149437975138,2015,0.00027708298875950277
route,serial_fixed_exact_calls,6,rc102C10,199,0.00010543733272546281,2015,0.0006326239963527769
route,serial_fixed_exact_calls,1,rc102C10,207,0.000137541996082291,2015,0.000137541996082291
route,serial_fixed_exact_calls,41,rc102C10,208,5.30185366742222e-06,2015,0.00021737600036431104
route,serial_fixed_exact_calls,2,rc102C10,227,0.00011254150740569457,2015,0.00022508301481138915
route,serial_fixed_exact_calls,2,rc102C10,245,0.0002747295002336614,2015,0.0005494590004673228
route,serial_fixed_exact_calls,3,rc102C10,321,0.00015452766577557972,2015,0.00046358299732673913
route,serial_fixed_exact_calls,5,rc102C10,332,0.00010034180013462901,2015,0.0005017090006731451
route,serial_fixed_exact_calls,70,rc102C10,343,1.8782728667637067e-05,2015,0.0013147910067345947
route,serial_fixed_exact_calls,3,rc102C10,35,5.250000685919076e-05,2015,0.00015750002057757229
route,serial_fixed_exact_calls,2,rc102C10,353,0.00020143699657637626,2015,0.0004028739931527525
route,serial_fixed_exact_calls,3,rc102C10,376,0.0002848053360745932,2015,0.0008544160082237795
route,serial_fixed_exact_calls,28,rc102C10,48,4.6483645356991996e-05,2015,0.0013015420699957758
route,serial_fixed_exact_calls,12,rc102C10,71,2.247224620077759e-05,2015,0.0002696669544093311
route,serial_fixed_exact_calls,1,rc102C10,86,0.0002532499929657206,2015,0.0002532499929657206
route,serial_fixed_exact_calls,5,rc102C10,95,3.0883203726261856e-05,2015,0.00015441601863130927
route,serial_fixed_exact_calls,1,rc102C10,98,0.0001916250039357692,2015,0.0001916250039357692
route,serial_fixed_exact_calls,69,rc102C10,99,1.899150758644269e-05,2015,0.0013104140234645456
operator,parallel_fixed_exact_calls,40,rc102C10,energy,6.256257511267904e-05,2015,0.0025025030045071617
operator,parallel_fixed_exact_calls,34,rc102C10,greedy,0.00010697050011538736,2015,0.0036369970039231703
operator,parallel_fixed_exact_calls,8,rc102C10,initial_solution,0.07075965637159243,2015,0.5660772509727394
operator,parallel_fixed_exact_calls,27,rc102C10,regret2,0.00010573462997045781,2015,0.002854835009202361
operator,parallel_fixed_exact_calls,2,rc102C10,relocate,2.914966898970306e-07,2015,5.829933797940612e-07
operator,parallel_fixed_exact_calls,60,rc102C10,route_elimination,1.6874934469039242e-07,2015,1.0124960681423545e-05
operator,parallel_fixed_exact_calls,48,rc102C10,route_merge,1.8058441734562317e-07,2015,8.668052032589912e-06
operator,parallel_fixed_exact_calls,2,rc102C10,route_segment_destroy,2.500019036233425e-07,2015,5.00003807246685e-07
operator,parallel_fixed_exact_calls,10,rc102C10,shaw_related,7.817090227035806e-05,2015,0.0007817090227035806
operator,parallel_fixed_exact_calls,4,rc102C10,standard,1.147527655120939e-07,2015,4.590110620483756e-07
operator,parallel_fixed_exact_calls,2,rc102C10,swap,2.500019036233425e-07,2015,5.00003807246685e-07
operator,parallel_fixed_exact_calls,2,rc102C10,two_opt_star,2.2900348994880915e-07,2015,4.580069798976183e-07
operator,parallel_fixed_exact_calls,102,rc102C10,vehicle_count_aware_repair,3.147920549107606e-05,2015,0.003210878960089758
route,parallel_fixed_exact_calls,2,rc102C10,104,0.00028277050296310335,2015,0.0005655410059262067
route,parallel_fixed_exact_calls,13,rc102C10,110,5.505130684468895e-05,2015,0.0007156669889809564
route,parallel_fixed_exact_calls,1,rc102C10,131,0.0004905840032733977,2015,0.0004905840032733977
route,parallel_fixed_exact_calls,69,rc102C10,156,0.0020511600005852088,2015,0.1415300400403794
route,parallel_fixed_exact_calls,2,rc102C10,163,0.00038852100260555744,2015,0.0007770420052111149
route,parallel_fixed_exact_calls,6,rc102C10,199,0.0001550003313847507,2015,0.0009300019883085042
route,parallel_fixed_exact_calls,1,rc102C10,207,0.0006246249977266416,2015,0.0006246249977266416
route,parallel_fixed_exact_calls,41,rc102C10,208,1.6176951381877608e-05,2015,0.000663255006656982
route,parallel_fixed_exact_calls,2,rc102C10,227,0.00030472900107270107,2015,0.0006094580021454021
route,parallel_fixed_exact_calls,2,rc102C10,245,0.0004638125028577633,2015,0.0009276250057155266
route,parallel_fixed_exact_calls,3,rc102C10,321,0.00034365267007766914,2015,0.0010309580102330074
route,parallel_fixed_exact_calls,5,rc102C10,332,0.00017104159924201666,2015,0.0008552079962100834
route,parallel_fixed_exact_calls,70,rc102C10,343,0.002021972657322684,2015,0.14153808601258788
route,parallel_fixed_exact_calls,3,rc102C10,35,0.00017258333779561022,2015,0.0005177500133868307
route,parallel_fixed_exact_calls,2,rc102C10,353,0.00033895800152095035,2015,0.0006779160030419007
route,parallel_fixed_exact_calls,3,rc102C10,376,0.00031906932902832824,2015,0.0009572079870849848
route,parallel_fixed_exact_calls,28,rc102C10,48,0.005054394427133957,2015,0.1415230439597508
route,parallel_fixed_exact_calls,12,rc102C10,71,6.558341556228697e-05,2015,0.0007870009867474437
route,parallel_fixed_exact_calls,1,rc102C10,86,0.000764124997658655,2015,0.000764124997658655
route,parallel_fixed_exact_calls,5,rc102C10,95,9.956659923773258e-05,2015,0.000497832996188663
route,parallel_fixed_exact_calls,1,rc102C10,98,0.0005687079974450171,2015,0.0005687079974450171
route,parallel_fixed_exact_calls,69,rc102C10,99,0.002051214362322555,2015,0.14153379100025631
operator,serial_wall_clock,251,rc102C10,energy,2.3664632569571803e-05,2015,0.005939822774962522
operator,serial_wall_clock,203,rc102C10,greedy,1.9427143100974852e-05,2015,0.003943710049497895
operator,serial_wall_clock,8,rc102C10,initial_solution,0.0006865260020276764,2015,0.0054922080162214115
operator,serial_wall_clock,240,rc102C10,regret2,1.869461678628189e-05,2015,0.004486708028707653
operator,serial_wall_clock,2,rc102C10,relocate,2.0850711734965444e-07,2015,4.1701423469930887e-07
operator,serial_wall_clock,392,rc102C10,route_elimination,1.4085968099867126e-07,2015,5.521699495147914e-05
operator,serial_wall_clock,360,rc102C10,route_merge,1.4989188154383252e-07,2015,5.396107735577971e-05
operator,serial_wall_clock,2,rc102C10,route_segment_destroy,2.2949825506657362e-07,2015,4.5899651013314724e-07
operator,serial_wall_clock,170,rc102C10,shaw_related,4.62602954083944e-06,2015,0.0007864250219427049
operator,serial_wall_clock,40,rc102C10,standard,1.8855062080547214e-07,2015,7.542024832218885e-06
operator,serial_wall_clock,2,rc102C10,swap,2.0850711734965444e-07,2015,4.1701423469930887e-07
operator,serial_wall_clock,60,rc102C10,time_window_conflict,2.458667343792816e-07,2015,1.4752004062756896e-05
operator,serial_wall_clock,2,rc102C10,two_opt_star,2.2899621399119496e-07,2015,4.5799242798238993e-07
operator,serial_wall_clock,2805,rc102C10,vehicle_count_aware_repair,1.1927222230416887e-06,2015,0.003345585835631937
route,serial_wall_clock,1,rc102C10,103,0.000262790999840945,2015,0.000262790999840945
route,serial_wall_clock,154,rc102C10,104,1.925629901536438e-06,2015,0.00029654700483661145
route,serial_wall_clock,12,rc102C10,108,1.8742917745839804e-05,2015,0.00022491501295007765
route,serial_wall_clock,200,rc102C10,110,1.7237754946108907e-06,2015,0.00034475509892217815
route,serial_wall_clock,2,rc102C10,117,0.00010968800052069128,2015,0.00021937600104138255
route,serial_wall_clock,4,rc102C10,124,0.00010822925105458125,2015,0.000432917004218325
route,serial_wall_clock,2,rc102C10,126,0.00021820850088261068,2015,0.00043641700176522136
route,serial_wall_clock,9,rc102C10,129,1.6791558462298577e-05,2015,0.0001511240261606872
route,serial_wall_clock,3,rc102C10,130,6.427800205225746e-05,2015,0.00019283400615677238
route,serial_wall_clock,23,rc102C10,131,8.088826966148032e-06,2015,0.00018604302022140473
route,serial_wall_clock,2,rc102C10,143,0.0003185619934811257,2015,0.0006371239869622514
route,serial_wall_clock,781,rc102C10,156,1.880303255542302e-06,2015,0.0014685168425785378
route,serial_wall_clock,2,rc102C10,163,0.00016916599997784942,2015,0.00033833199995569885
route,serial_wall_clock,6,rc102C10,165,4.774316524465879e-05,2015,0.00028645899146795273
route,serial_wall_clock,20,rc102C10,168,1.3197900989325717e-05,2015,0.00026395801978651434
route,serial_wall_clock,1,rc102C10,177,0.0005980419955449179,2015,0.0005980419955449179
route,serial_wall_clock,4,rc102C10,186,0.0001027289945341181,2015,0.0004109159781364724
route,serial_wall_clock,6,rc102C10,196,6.590299987389396e-05,2015,0.00039541799924336374
route,serial_wall_clock,84,rc102C10,199,7.881975068899227e-06,2015,0.000662085905787535
route,serial_wall_clock,12,rc102C10,207,1.1482665286166593e-05,2015,0.00013779198343399912
route,serial_wall_clock,415,rc102C10,208,7.073327279032533e-07,2015,0.00029354308207985014
route,serial_wall_clock,3,rc102C10,217,0.0007444303385758152,2015,0.0022332910157274455
route,serial_wall_clock,19,rc102C10,225,1.308115698568719e-05,2015,0.0002485419827280566
route,serial_wall_clock,36,rc102C10,227,7.83561214727039e-06,2015,0.0002820820373017341
route,serial_wall_clock,1,rc102C10,233,0.0004023329966003075,2015,0.0004023329966003075
route,serial_wall_clock,12,rc102C10,245,4.702775186160579e-05,2015,0.0005643330223392695
route,serial_wall_clock,3,rc102C10,250,8.111066805819671e-05,2015,0.0002433320041745901
route,serial_wall_clock,1,rc102C10,268,0.0003015000111190602,2015,0.0003015000111190602
route,serial_wall_clock,69,rc102C10,274,7.004275887637682e-06,2015,0.0004832950362470001
route,serial_wall_clock,3,rc102C10,280,0.00011938900085321318,2015,0.0003581670025596395
route,serial_wall_clock,13,rc102C10,302,2.789423048782807e-05,2015,0.0003626249963417649
route,serial_wall_clock,29,rc102C10,321,1.845982804862333e-05,2015,0.0005353350134100765
route,serial_wall_clock,178,rc102C10,332,4.0206299202642245e-06,2015,0.000715672125807032
route,serial_wall_clock,800,rc102C10,343,1.962951155292103e-06,2015,0.0015703609242336825
route,serial_wall_clock,50,rc102C10,35,3.2267396454699335e-06,2015,0.0001613369822734967
route,serial_wall_clock,18,rc102C10,353,2.2374946436482584e-05,2015,0.00040274903585668653
route,serial_wall_clock,2,rc102C10,365,0.00028922950150445104,2015,0.0005784590030089021
route,serial_wall_clock,1,rc102C10,367,0.0003067920042667538,2015,0.0003067920042667538
route,serial_wall_clock,12,rc102C10,376,4.515983285576416e-05,2015,0.0005419179942691699
route,serial_wall_clock,65,rc102C10,384,2.4590153211297897e-06,2015,0.00015983599587343633
route,serial_wall_clock,3,rc102C10,400,9.054166245429467e-05,2015,0.000271624987362884
route,serial_wall_clock,6,rc102C10,413,4.5305670937523246e-05,2015,0.0002718340256251395
route,serial_wall_clock,495,rc102C10,48,2.9381189960986376e-06,2015,0.0014543689030688256
route,serial_wall_clock,2,rc102C10,57,0.00015212499420158565,2015,0.0003042499884031713
route,serial_wall_clock,1,rc102C10,68,0.00019033299759030342,2015,0.00019033299759030342
route,serial_wall_clock,1,rc102C10,69,0.00022062499192543328,2015,0.00022062499192543328
route,serial_wall_clock,198,rc102C10,71,1.7946259697165452e-06,2015,0.00035533594200387597
route,serial_wall_clock,19,rc102C10,86,1.5124998753890395e-05,2015,0.0002873749763239175
route,serial_wall_clock,27,rc102C10,95,6.067851683366354e-06,2015,0.00016383199545089155
route,serial_wall_clock,1,rc102C10,96,0.0002300000051036477,2015,0.0002300000051036477
route,serial_wall_clock,2,rc102C10,98,9.891649824567139e-05,2015,0.00019783299649134278
route,serial_wall_clock,724,rc102C10,99,2.0558092417066803e-06,2015,0.0014884058909956366
operator,parallel_wall_clock,251,rc102C10,energy,3.4352717063096596e-05,2015,0.008622531982837245
operator,parallel_wall_clock,203,rc102C10,greedy,4.6922394095718166e-05,2015,0.009525246001430787
operator,parallel_wall_clock,8,rc102C10,initial_solution,0.0678860625030211,2015,0.5430885000241688
operator,parallel_wall_clock,240,rc102C10,regret2,3.9760233145595215e-05,2015,0.009542455954942852
operator,parallel_wall_clock,2,rc102C10,relocate,3.3299147617071867e-07,2015,6.659829523414373e-07
operator,parallel_wall_clock,392,rc102C10,route_elimination,1.578825262817079e-07,2015,6.18899503024295e-05
operator,parallel_wall_clock,360,rc102C10,route_merge,1.402830902305949e-07,2015,5.0501912483014166e-05
operator,parallel_wall_clock,2,rc102C10,route_segment_destroy,2.710003172978759e-07,2015,5.420006345957518e-07
operator,parallel_wall_clock,170,rc102C10,shaw_related,1.061745356042486e-05,2015,0.001804967105272226
operator,parallel_wall_clock,40,rc102C10,standard,1.8232349248137324e-07,2015,7.29293969925493e-06
operator,parallel_wall_clock,2,rc102C10,swap,2.0800507627427578e-07,2015,4.1601015254855156e-07
operator,parallel_wall_clock,60,rc102C10,time_window_conflict,2.555675261343519e-07,2015,1.5334051568061113e-05
operator,parallel_wall_clock,2,rc102C10,two_opt_star,2.0849984139204025e-07,2015,4.169996827840805e-07
operator,parallel_wall_clock,2805,rc102C10,vehicle_count_aware_repair,2.319212018681521e-06,2015,0.006505389712401666
route,parallel_wall_clock,1,rc102C10,103,0.0006083339976612478,2015,0.0006083339976612478
route,parallel_wall_clock,154,rc102C10,104,4.62145374501245e-06,2015,0.0007117038767319173
route,parallel_wall_clock,12,rc102C10,108,4.7788085794309154e-05,2015,0.0005734570295317098
route,parallel_wall_clock,200,rc102C10,110,8.133135052048602e-06,2015,0.0016266270104097202
route,parallel_wall_clock,2,rc102C10,117,0.00028583299717865884,2015,0.0005716659943573177
route,parallel_wall_clock,4,rc102C10,124,0.00016276050519081764,2015,0.0006510420207632706
route,parallel_wall_clock,2,rc102C10,126,0.00031060400215210393,2015,0.0006212080043042079
route,parallel_wall_clock,9,rc102C10,129,5.624544185896715e-05,2015,0.0005062089767307043
route,parallel_wall_clock,3,rc102C10,130,0.0001950136647792533,2015,0.0005850409943377599
route,parallel_wall_clock,23,rc102C10,131,2.3114173571862604e-05,2015,0.0005316259921528399
route,parallel_wall_clock,2,rc102C10,143,0.00036995799746364355,2015,0.0007399159949272871
route,parallel_wall_clock,781,rc102C10,156,0.00017400135959676858,2015,0.13589506184507627
route,parallel_wall_clock,2,rc102C10,163,0.0002978120028274134,2015,0.0005956240056548268
route,parallel_wall_clock,6,rc102C10,165,0.00010949316250237946,2015,0.0006569589750142768
route,parallel_wall_clock,20,rc102C10,168,3.1793698872206734e-05,2015,0.0006358739774441347
route,parallel_wall_clock,1,rc102C10,177,0.0005830000009154901,2015,0.0005830000009154901
route,parallel_wall_clock,4,rc102C10,186,0.00027305225012241863,2015,0.0010922090004896745
route,parallel_wall_clock,6,rc102C10,196,0.0001222221641607272,2015,0.0007333329849643633
route,parallel_wall_clock,84,rc102C10,199,1.2022357363353617e-05,2015,0.0010098780185217038
route,parallel_wall_clock,12,rc102C10,207,5.2746581786777824e-05,2015,0.0006329589814413339
route,parallel_wall_clock,415,rc102C10,208,1.4014885387753686e-06,2015,0.000581617743591778
route,parallel_wall_clock,3,rc102C10,217,0.00021052767018166682,2015,0.0006315830105450004
route,parallel_wall_clock,19,rc102C10,225,4.954810490170004e-05,2015,0.0009414139931323007
route,parallel_wall_clock,36,rc102C10,227,1.931244373230988e-05,2015,0.0006952479743631557
route,parallel_wall_clock,1,rc102C10,233,0.0007993750041350722,2015,0.0007993750041350722
route,parallel_wall_clock,12,rc102C10,245,8.753841636159147e-05,2015,0.0010504609963390976
route,parallel_wall_clock,3,rc102C10,250,0.00020051367270449796,2015,0.0006015410181134939
route,parallel_wall_clock,1,rc102C10,268,0.0007449170079780743,2015,0.0007449170079780743
route,parallel_wall_clock,69,rc102C10,274,1.0211984719743656e-05,2015,0.0007046269456623122
route,parallel_wall_clock,3,rc102C10,280,0.00046926366242890555,2015,0.0014077909872867167
route,parallel_wall_clock,13,rc102C10,302,5.2926230217473436e-05,2015,0.0006880409928271547
route,parallel_wall_clock,29,rc102C10,321,2.7695447929075052e-05,2015,0.0008031679899431765
route,parallel_wall_clock,178,rc102C10,332,5.593123859490446e-06,2015,0.0009955760469892994
route,parallel_wall_clock,800,rc102C10,343,0.0001699516540429613,2015,0.13596132323436905
route,parallel_wall_clock,50,rc102C10,35,1.0815939458552747e-05,2015,0.0005407969729276374
route,parallel_wall_clock,18,rc102C10,353,3.823155566351488e-05,2015,0.0006881680019432679
route,parallel_wall_clock,2,rc102C10,365,0.0004673329895013012,2015,0.0009346659790026024
route,parallel_wall_clock,1,rc102C10,367,0.0008483749988954514,2015,0.0008483749988954514
route,parallel_wall_clock,12,rc102C10,376,7.537149940617383e-05,2015,0.0009044579928740859
route,parallel_wall_clock,65,rc102C10,384,8.557615309165647e-06,2015,0.0005562449950957671
route,parallel_wall_clock,3,rc102C10,400,0.00022397166564284512,2015,0.0006719149969285354
route,parallel_wall_clock,6,rc102C10,413,9.940966750339915e-05,2015,0.0005964580050203949
route,parallel_wall_clock,495,rc102C10,48,0.00027444883440197866,2015,0.13585217302897945
route,parallel_wall_clock,2,rc102C10,57,0.0003630209976108745,2015,0.000726041995221749
route,parallel_wall_clock,1,rc102C10,68,0.0005609169893432409,2015,0.0005609169893432409
route,parallel_wall_clock,1,rc102C10,69,0.0005571670044446364,2015,0.0005571670044446364
route,parallel_wall_clock,198,rc102C10,71,5.823878584326141e-06,2015,0.001153127959696576
route,parallel_wall_clock,19,rc102C10,86,3.2559102309230516e-05,2015,0.0006186229438753799
route,parallel_wall_clock,27,rc102C10,95,2.8327222766906574e-05,2015,0.0007648350147064775
route,parallel_wall_clock,1,rc102C10,96,0.0005788749986095354,2015,0.0005788749986095354
route,parallel_wall_clock,2,rc102C10,98,0.00031006250355858356,2015,0.0006201250071171671
route,parallel_wall_clock,724,rc102C10,99,0.00018768615071428296,2015,0.13588477311714087
operator,serial_fixed_exact_calls,17,rc102C10,energy,5.040923475890475e-05,2016,0.0008569569909013808
operator,serial_fixed_exact_calls,14,rc102C10,greedy,5.537492792687512e-05,2016,0.0007752489909762517
operator,serial_fixed_exact_calls,8,rc102C10,initial_solution,0.000720119745892589,2016,0.005760957967140712
operator,serial_fixed_exact_calls,23,rc102C10,regret2,4.496369397004499e-05,2016,0.0010341649613110349
operator,serial_fixed_exact_calls,2,rc102C10,relocate,1.8750142771750689e-07,2016,3.7500285543501377e-07
operator,serial_fixed_exact_calls,40,rc102C10,route_elimination,1.448013790650293e-07,2016,5.792055162601173e-06
operator,serial_fixed_exact_calls,36,rc102C10,route_merge,1.782496433912052e-07,2016,6.416987162083387e-06
operator,serial_fixed_exact_calls,2,rc102C10,route_segment_destroy,2.2949825506657362e-07,2016,4.5899651013314724e-07
operator,serial_fixed_exact_calls,11,rc102C10,shaw_related,3.6049364346333526e-05,2016,0.0003965430078096688
operator,serial_fixed_exact_calls,2,rc102C10,swap,2.079978003166616e-07,2016,4.159956006333232e-07
operator,serial_fixed_exact_calls,4,rc102C10,time_window_conflict,2.6025008992291987e-07,2016,1.0410003596916795e-06
operator,serial_fixed_exact_calls,2,rc102C10,two_opt_star,2.0849984139204025e-07,2016,4.169996827840805e-07
operator,serial_fixed_exact_calls,76,rc102C10,vehicle_count_aware_repair,1.4853105600004232e-05,2016,0.0011288360256003216
route,serial_fixed_exact_calls,2,rc102C10,119,0.0001285625039599836,2016,0.0002571250079199672
route,serial_fixed_exact_calls,1,rc102C10,150,0.0005041249969508499,2016,0.0005041249969508499
route,serial_fixed_exact_calls,50,rc102C10,153,2.8978340560570358e-05,2016,0.001448917028028518
route,serial_fixed_exact_calls,2,rc102C10,158,0.00012327100557740778,2016,0.00024654201115481555
route,serial_fixed_exact_calls,4,rc102C10,164,5.477125523611903e-05,2016,0.00021908502094447613
route,serial_fixed_exact_calls,1,rc102C10,189,0.00013141598901711404,2016,0.00013141598901711404
route,serial_fixed_exact_calls,1,rc102C10,191,0.00019370899826753885,2016,0.00019370899826753885
route,serial_fixed_exact_calls,55,rc102C10,231,2.6325744164006952e-05,2016,0.0014479159290203825
route,serial_fixed_exact_calls,8,rc102C10,312,8.838524991006125e-05,2016,0.00070708199928049
route,serial_fixed_exact_calls,17,rc102C10,322,1.2350469820804018e-05,2016,0.0002099579869536683
route,serial_fixed_exact_calls,3,rc102C10,421,0.00013147232918223986,2016,0.0003944169875467196
route,serial_fixed_exact_calls,1,rc102C10,469,0.0003248330031055957,2016,0.0003248330031055957
route,serial_fixed_exact_calls,9,rc102C10,501,6.466666592233296e-05,2016,0.0005819999933009967
route,serial_fixed_exact_calls,46,rc102C10,514,3.1568827145510234e-05,2016,0.0014521660486934707
route,serial_fixed_exact_calls,1,rc102C10,524,0.00040320900734514,2016,0.00040320900734514
route,serial_fixed_exact_calls,36,rc102C10,70,4.014236037619412e-05,2016,0.0014451249735429883
operator,parallel_fixed_exact_calls,17,rc102C10,energy,9.581594649181865e-05,2016,0.0016288710903609172
operator,parallel_fixed_exact_calls,14,rc102C10,greedy,0.00012464292688361769,2016,0.0017450009763706475
operator,parallel_fixed_exact_calls,8,rc102C10,initial_solution,0.07062869787478121,2016,0.5650295829982497
operator,parallel_fixed_exact_calls,23,rc102C10,regret2,0.0001065634347943832,2016,0.0024509590002708137
operator,parallel_fixed_exact_calls,2,rc102C10,relocate,2.710003172978759e-07,2016,5.420006345957518e-07
operator,parallel_fixed_exact_calls,40,rc102C10,route_elimination,1.4585057215299457e-07,2016,5.834022886119783e-06
operator,parallel_fixed_exact_calls,36,rc102C10,route_merge,1.838897232017997e-07,2016,6.62003003526479e-06
operator,parallel_fixed_exact_calls,2,rc102C10,route_segment_destroy,3.7500285543501377e-07,2016,7.500057108700275e-07
operator,parallel_fixed_exact_calls,11,rc102C10,shaw_related,7.927654422184622e-05,2016,0.0008720419864403084
operator,parallel_fixed_exact_calls,2,rc102C10,swap,1.4599936548620462e-07,2016,2.9199873097240925e-07
operator,parallel_fixed_exact_calls,4,rc102C10,time_window_conflict,3.0199953471310437e-07,2016,1.2079981388524175e-06
operator,parallel_fixed_exact_calls,2,rc102C10,two_opt_star,2.915039658546448e-07,2016,5.830079317092896e-07
operator,parallel_fixed_exact_calls,76,rc102C10,vehicle_count_aware_repair,3.393193382132602e-05,2016,0.002578826970420778
route,parallel_fixed_exact_calls,2,rc102C10,119,0.00032174999796552584,2016,0.0006434999959310517
route,parallel_fixed_exact_calls,1,rc102C10,150,0.0006053750112187117,2016,0.0006053750112187117
route,parallel_fixed_exact_calls,50,rc102C10,153,0.0028253282996593045,2016,0.14126641498296522
route,parallel_fixed_exact_calls,2,rc102C10,158,0.00027545850025489926,2016,0.0005509170005097985
route,parallel_fixed_exact_calls,4,rc102C10,164,0.00014802075020270422,2016,0.0005920830008108169
route,parallel_fixed_exact_calls,1,rc102C10,189,0.00042925000889226794,2016,0.00042925000889226794
route,parallel_fixed_exact_calls,1,rc102C10,191,0.0008208329963963479,2016,0.0008208329963963479
route,parallel_fixed_exact_calls,55,rc102C10,231,0.0025684674553551963,2016,0.1412657100445358
route,parallel_fixed_exact_calls,8,rc102C10,312,0.00022148962671053596,2016,0.0017719170136842877
route,parallel_fixed_exact_calls,17,rc102C10,322,3.333329411415274e-05,2016,0.0005666659999405965
route,parallel_fixed_exact_calls,3,rc102C10,421,0.0002897636635073771,2016,0.0008692909905221313
route,parallel_fixed_exact_calls,1,rc102C10,469,0.00067683300585486,2016,0.00067683300585486
route,parallel_fixed_exact_calls,9,rc102C10,501,0.00010273110819980502,2016,0.0009245799737982452
route,parallel_fixed_exact_calls,46,rc102C10,514,0.003071068761093319,2016,0.1412691630102927
route,parallel_fixed_exact_calls,1,rc102C10,524,0.0008057500090217218,2016,0.0008057500090217218
route,parallel_fixed_exact_calls,36,rc102C10,70,0.003923967473383527,2016,0.14126282904180698
operator,serial_wall_clock,301,rc102C10,energy,2.4874448278095833e-05,2016,0.007487208931706846
operator,serial_wall_clock,264,rc102C10,greedy,1.764221605932989e-05,2016,0.004657545039663091
operator,serial_wall_clock,8,rc102C10,initial_solution,0.0006449634984164732,2016,0.005159707987331785
operator,serial_wall_clock,459,rc102C10,regret2,1.4292060631917777e-05,2016,0.00656005583005026
operator,serial_wall_clock,2,rc102C10,relocate,2.4999462766572833e-07,2016,4.999892553314567e-07
operator,serial_wall_clock,424,rc102C10,route_elimination,1.4605407245053014e-07,2016,6.192692671902478e-05
operator,serial_wall_clock,364,rc102C10,route_merge,1.4730755867856135e-07,2016,5.361995135899633e-05
operator,serial_wall_clock,2,rc102C10,route_segment_destroy,1.6649573808535933e-07,2016,3.3299147617071867e-07
operator,serial_wall_clock,163,rc102C10,shaw_related,2.658227369320676e-06,2016,0.0004332910611992702
operator,serial_wall_clock,64,rc102C10,standard,1.8296941561857238e-07,2016,1.1710042599588633e-05
operator,serial_wall_clock,2,rc102C10,swap,2.0849984139204025e-07,2016,4.169996827840805e-07
operator,serial_wall_clock,40,rc102C10,time_window_conflict,2.74975536740385e-07,2016,1.09990214696154e-05
operator,serial_wall_clock,2,rc102C10,two_opt_star,1.8750142771750689e-07,2016,3.7500285543501377e-07
operator,serial_wall_clock,2618,rc102C10,vehicle_count_aware_repair,1.7487050203615023e-06,2016,0.004578109743306413
route,serial_wall_clock,1,rc102C10,115,0.00021329100127331913,2016,0.00021329100127331913
route,serial_wall_clock,1,rc102C10,116,0.00018708300194703043,2016,0.00018708300194703043
route,serial_wall_clock,1,rc102C10,118,0.00019333299132995307,2016,0.00019333299132995307
route,serial_wall_clock,195,rc102C10,119,1.6809798603972945e-06,2016,0.00032779107277747244
route,serial_wall_clock,20,rc102C10,138,1.3714798842556775e-05,2016,0.0002742959768511355
route,serial_wall_clock,22,rc102C10,147,6.180046925278888e-06,2016,0.00013596103235613555
route,serial_wall_clock,2,rc102C10,148,9.597949974704534e-05,2016,0.00019195899949409068
route,serial_wall_clock,1,rc102C10,150,0.0002846249990398064,2016,0.0002846249990398064
route,serial_wall_clock,1,rc102C10,151,0.00019266700837761164,2016,0.00019266700837761164
route,serial_wall_clock,1,rc102C10,152,0.00019591700402088463,2016,0.00019591700402088463
route,serial_wall_clock,761,rc102C10,153,1.8541838511158853e-06,2016,0.0014110339106991887
route,serial_wall_clock,1,rc102C10,157,0.0002627500070957467,2016,0.0002627500070957467
route,serial_wall_clock,140,rc102C10,158,2.183677757524752e-06,2016,0.0003057148860534653
route,serial_wall_clock,9,rc102C10,162,2.7476777581291066e-05,2016,0.0002472909982316196
route,serial_wall_clock,172,rc102C10,164,1.7030225683620936e-06,2016,0.0002929198817582801
route,serial_wall_clock,27,rc102C10,165,9.138999976804135e-06,2016,0.00024675299937371165
route,serial_wall_clock,2,rc102C10,174,0.000152832995809149,2016,0.000305665991618298
route,serial_wall_clock,1,rc102C10,185,0.00019941700156778097,2016,0.00019941700156778097
route,serial_wall_clock,3,rc102C10,186,9.009733427471171e-05,2016,0.0002702920028241351
route,serial_wall_clock,19,rc102C10,189,6.763156546328805e-06,2016,0.0001284999743802473
route,serial_wall_clock,1,rc102C10,190,0.00017387499974574894,2016,0.00017387499974574894
route,serial_wall_clock,9,rc102C10,191,3.802310998758508e-05,2016,0.00034220798988826573
route,serial_wall_clock,23,rc102C10,192,8.822436464707488e-06,2016,0.00020291603868827224
route,serial_wall_clock,5,rc102C10,210,6.495859706774354e-05,2016,0.0003247929853387177
route,serial_wall_clock,3,rc102C10,216,7.398599700536579e-05,2016,0.00022195799101609737
route,serial_wall_clock,709,rc102C10,231,1.949547278190397e-06,2016,0.0013822290202369913
route,serial_wall_clock,7,rc102C10,243,4.4363143388181925e-05,2016,0.0003105420037172735
route,serial_wall_clock,102,rc102C10,246,3.005039544922172e-06,2016,0.00030651403358206153
route,serial_wall_clock,20,rc102C10,257,1.3168700388632714e-05,2016,0.0002633740077726543
route,serial_wall_clock,12,rc102C10,266,1.9555581578363974e-05,2016,0.0002346669789403677
route,serial_wall_clock,2,rc102C10,272,0.00016089600103441626,2016,0.0003217920020688325
route,serial_wall_clock,3,rc102C10,290,0.00014461133590278527,2016,0.0004338340077083558
route,serial_wall_clock,142,rc102C10,302,3.0235068677452352e-06,2016,0.0004293379752198234
route,serial_wall_clock,63,rc102C10,312,1.0822650871150905e-05,2016,0.000681827004882507
route,serial_wall_clock,10,rc102C10,321,1.1854097829200328e-05,2016,0.00011854097829200327
route,serial_wall_clock,134,rc102C10,322,1.803768534602514e-06,2016,0.00024170498363673687
route,serial_wall_clock,28,rc102C10,331,1.1953713380665118e-05,2016,0.00033470397465862334
route,serial_wall_clock,2,rc102C10,345,0.00015035399701446295,2016,0.0003007079940289259
route,serial_wall_clock,2,rc102C10,346,0.00014779150660615414,2016,0.0002955830132123083
route,serial_wall_clock,1,rc102C10,350,0.0003596250026021153,2016,0.0003596250026021153
route,serial_wall_clock,6,rc102C10,356,3.655533267495533e-05,2016,0.00021933199604973197
route,serial_wall_clock,2,rc102C10,357,0.00018843750149244443,2016,0.00037687500298488885
route,serial_wall_clock,1,rc102C10,358,0.00022041700140107423,2016,0.00022041700140107423
route,serial_wall_clock,43,rc102C10,359,5.539789590118236e-06,2016,0.00023821095237508416
route,serial_wall_clock,7,rc102C10,360,3.473814077941435e-05,2016,0.00024316698545590043
route,serial_wall_clock,5,rc102C10,366,5.4933398496359585e-05,2016,0.00027466699248179793
route,serial_wall_clock,2,rc102C10,372,0.00012250000145286322,2016,0.00024500000290572643
route,serial_wall_clock,4,rc102C10,381,0.00011238550359848887,2016,0.00044954201439395547
route,serial_wall_clock,2,rc102C10,384,0.0002710624976316467,2016,0.0005421249952632934
route,serial_wall_clock,2,rc102C10,392,0.0002230835016234778,2016,0.0004461670032469556
route,serial_wall_clock,7,rc102C10,394,1.7309428325721194e-05,2016,0.00012116599828004837
route,serial_wall_clock,3,rc102C10,411,7.8236330106544e-05,2016,0.000234708990319632
route,serial_wall_clock,6,rc102C10,412,5.159716723331561e-05,2016,0.00030958300339989364
route,serial_wall_clock,111,rc102C10,421,3.709523363861146e-06,2016,0.00041175709338858724
route,serial_wall_clock,61,rc102C10,426,7.80062262373442e-06,2016,0.00047583798004779965
route,serial_wall_clock,3,rc102C10,433,0.00015293034084606916,2016,0.00045879102253820747
route,serial_wall_clock,6,rc102C10,434,6.072216638131067e-05,2016,0.00036433299828786403
route,serial_wall_clock,44,rc102C10,469,7.994339367459444e-06,2016,0.0003517509321682155
route,serial_wall_clock,4,rc102C10,477,9.30834976315964e-05,2016,0.0003723339905263856
route,serial_wall_clock,24,rc102C10,49,6.640582796535455e-06,2016,0.0001593739871168509
route,serial_wall_clock,8,rc102C10,493,6.479699914052617e-05,2016,0.0005183759931242093
route,serial_wall_clock,699,rc102C10,501,9.574807351934744e-07,2016,0.0006692790339002386
route,serial_wall_clock,4,rc102C10,511,0.00022228125089895912,2016,0.0008891250035958365
route,serial_wall_clock,181,rc102C10,514,7.373385500543602e-06,2016,0.0013345827755983919
route,serial_wall_clock,17,rc102C10,524,2.6002355940256486e-05,2016,0.0004420400509843603
route,serial_wall_clock,2,rc102C10,530,0.0002238750021206215,2016,0.000447750004241243
route,serial_wall_clock,2,rc102C10,549,0.0002806670017889701,2016,0.0005613340035779402
route,serial_wall_clock,7,rc102C10,552,4.144042863377503e-05,2016,0.0002900830004364252
route,serial_wall_clock,6,rc102C10,563,0.0001398056653367045,2016,0.000838833992020227
route,serial_wall_clock,49,rc102C10,569,3.192183259893589e-06,2016,0.00015641697973478585
route,serial_wall_clock,4,rc102C10,587,6.016674524289556e-05,2016,0.00024066698097158223
route,serial_wall_clock,5,rc102C10,602,2.4716794723644852e-05,2016,0.00012358397361822426
route,serial_wall_clock,8,rc102C10,621,3.129674769297708e-05,2016,0.0002503739815438166
route,serial_wall_clock,272,rc102C10,70,4.959415759110604e-06,2016,0.0013489610864780843
route,serial_wall_clock,392,rc102C10,79,9.129641456434465e-07,2016,0.00035788194509223104
route,serial_wall_clock,1,rc102C10,93,0.0003559589968062937,2016,0.0003559589968062937
route,serial_wall_clock,11,rc102C10,94,2.615518248851665e-05,2016,0.00028770700737368315
route,serial_wall_clock,44,rc102C10,95,5.448000923603434e-06,2016,0.00023971204063855112
operator,parallel_wall_clock,301,rc102C10,energy,5.7800551408443884e-05,2016,0.01739796597394161
operator,parallel_wall_clock,264,rc102C10,greedy,3.6263117374002114e-05,2016,0.009573462986736558
operator,parallel_wall_clock,8,rc102C10,initial_solution,0.06819773924689798,2016,0.5455819139751839
operator,parallel_wall_clock,459,rc102C10,regret2,3.287509583522138e-05,2016,0.015089668988366611
operator,parallel_wall_clock,2,rc102C10,relocate,3.3299875212833285e-07,2016,6.659975042566657e-07
operator,parallel_wall_clock,424,rc102C10,route_elimination,1.4014410723730007e-07,2016,5.9421101468615234e-05
operator,parallel_wall_clock,364,rc102C10,route_merge,1.4736236822740225e-07,2016,5.363990203477442e-05
operator,parallel_wall_clock,2,rc102C10,route_segment_destroy,2.2899621399119496e-07,2016,4.5799242798238993e-07
operator,parallel_wall_clock,163,rc102C10,shaw_related,5.815178066623495e-06,2016,0.0009478740248596296
operator,parallel_wall_clock,64,rc102C10,standard,1.797197910491377e-07,2016,1.1502066627144814e-05
operator,parallel_wall_clock,2,rc102C10,swap,2.0849984139204025e-07,2016,4.169996827840805e-07
operator,parallel_wall_clock,40,rc102C10,time_window_conflict,2.7607566153164955e-07,2016,1.1043026461265981e-05
operator,parallel_wall_clock,2,rc102C10,two_opt_star,2.295055310241878e-07,2016,4.590110620483756e-07
operator,parallel_wall_clock,2618,rc102C10,vehicle_count_aware_repair,3.896145624709099e-06,2016,0.01020010924548842
route,parallel_wall_clock,1,rc102C10,115,0.0005249589885352179,2016,0.0005249589885352179
route,parallel_wall_clock,1,rc102C10,116,0.0005301250057527795,2016,0.0005301250057527795
route,parallel_wall_clock,1,rc102C10,118,0.0006021249864716083,2016,0.0006021249864716083
route,parallel_wall_clock,195,rc102C10,119,3.585061476303217e-06,2016,0.0006990869878791273
route,parallel_wall_clock,20,rc102C10,138,3.30292503349483e-05,2016,0.000660585006698966
route,parallel_wall_clock,22,rc102C10,147,2.849440815308216e-05,2016,0.0006268769793678075
route,parallel_wall_clock,2,rc102C10,148,0.00040224999975180253,2016,0.0008044999995036051
route,parallel_wall_clock,1,rc102C10,150,0.0005024590063840151,2016,0.0005024590063840151
route,parallel_wall_clock,1,rc102C10,151,0.0004924160020891577,2016,0.0004924160020891577
route,parallel_wall_clock,1,rc102C10,152,0.00046675000339746475,2016,0.00046675000339746475
route,parallel_wall_clock,761,rc102C10,153,0.00017938890721041307,2016,0.13651495838712435
route,parallel_wall_clock,1,rc102C10,157,0.000630000009550713,2016,0.000630000009550713
route,parallel_wall_clock,140,rc102C10,158,4.877084990896817e-06,2016,0.0006827918987255543
route,parallel_wall_clock,9,rc102C10,162,5.555555819430285e-05,2016,0.0005000000237487257
route,parallel_wall_clock,172,rc102C10,164,4.75583671454102e-06,2016,0.0008180039149010554
route,parallel_wall_clock,27,rc102C10,165,1.8026297092782677e-05,2016,0.0004867100215051323
route,parallel_wall_clock,2,rc102C10,174,0.0002818335051415488,2016,0.0005636670102830976
route,parallel_wall_clock,1,rc102C10,185,0.0005637079884763807,2016,0.0005637079884763807
route,parallel_wall_clock,3,rc102C10,186,0.0002319583339461436,2016,0.0006958750018384308
route,parallel_wall_clock,19,rc102C10,189,2.7688631426395948e-05,2016,0.000526083997101523
route,parallel_wall_clock,1,rc102C10,190,0.0006958750018384308,2016,0.0006958750018384308
route,parallel_wall_clock,9,rc102C10,191,6.479166687414463e-05,2016,0.0005831250018673018
route,parallel_wall_clock,23,rc102C10,192,3.57861730583903e-05,2016,0.0008230819803429767
route,parallel_wall_clock,5,rc102C10,210,0.00012102520267944782,2016,0.0006051260133972391
route,parallel_wall_clock,3,rc102C10,216,0.0003159026673529297,2016,0.0009477080020587891
route,parallel_wall_clock,709,rc102C10,231,0.00019250807627967895,2016,0.13648822608229239
route,parallel_wall_clock,7,rc102C10,243,9.270813981337207e-05,2016,0.0006489569786936045
route,parallel_wall_clock,102,rc102C10,246,6.5547745394082195e-06,2016,0.0006685870030196384
route,parallel_wall_clock,20,rc102C10,257,3.610004860092886e-05,2016,0.0007220009720185772
route,parallel_wall_clock,12,rc102C10,266,5.099649933981709e-05,2016,0.0006119579920778051
route,parallel_wall_clock,2,rc102C10,272,0.0002819165019900538,2016,0.0005638330039801076
route,parallel_wall_clock,3,rc102C10,290,0.00025540299247950315,2016,0.0007662089774385095
route,parallel_wall_clock,142,rc102C10,302,5.997359321426443e-06,2016,0.0008516250236425549
route,parallel_wall_clock,63,rc102C10,312,1.7931159365818734e-05,2016,0.0011296630400465801
route,parallel_wall_clock,10,rc102C10,321,4.9954195856116715e-05,2016,0.0004995419585611671
route,parallel_wall_clock,134,rc102C10,322,4.280142337535578e-06,2016,0.0005735390732297674
route,parallel_wall_clock,28,rc102C10,331,2.556410722068644e-05,2016,0.0007157950021792203
route,parallel_wall_clock,2,rc102C10,345,0.0002936040036729537,2016,0.0005872080073459074
route,parallel_wall_clock,2,rc102C10,346,0.00029322899354156107,2016,0.0005864579870831221
route,parallel_wall_clock,1,rc102C10,350,0.0007502910011680797,2016,0.0007502910011680797
route,parallel_wall_clock,6,rc102C10,356,8.911083083755027e-05,2016,0.0005346649850253016
route,parallel_wall_clock,2,rc102C10,357,0.00025518799520796165,2016,0.0005103759904159233
route,parallel_wall_clock,1,rc102C10,358,0.0006604170048376545,2016,0.0006604170048376545
route,parallel_wall_clock,43,rc102C10,359,1.3194815458751522e-05,2016,0.0005673770647263154
route,parallel_wall_clock,7,rc102C10,360,0.00010743443064192044,2016,0.0007520410144934431
route,parallel_wall_clock,5,rc102C10,366,0.00013307500339578837,2016,0.0006653750169789419
route,parallel_wall_clock,2,rc102C10,372,0.00029668750357814133,2016,0.0005933750071562827
route,parallel_wall_clock,4,rc102C10,381,0.00024809375099721365,2016,0.0009923750039888546
route,parallel_wall_clock,2,rc102C10,384,0.0005919579998590052,2016,0.0011839159997180104
route,parallel_wall_clock,2,rc102C10,392,0.0004033959994558245,2016,0.000806791998911649
route,parallel_wall_clock,7,rc102C10,394,7.269643122396831e-05,2016,0.0005088750185677782
route,parallel_wall_clock,3,rc102C10,411,0.00028159733725866926,2016,0.0008447920117760077
route,parallel_wall_clock,6,rc102C10,412,0.00019213883691312125,2016,0.0011528330214787275
route,parallel_wall_clock,111,rc102C10,421,8.3528287071097e-06,2016,0.0009271639864891768
route,parallel_wall_clock,61,rc102C10,426,1.3597738274495254e-05,2016,0.0008294620347442105
route,parallel_wall_clock,3,rc102C10,433,0.00026662466310275096,2016,0.0007998739893082529
route,parallel_wall_clock,6,rc102C10,434,0.00011323600241060679,2016,0.0006794160144636407
route,parallel_wall_clock,44,rc102C10,469,2.7178022388728674e-05,2016,0.0011958329851040617
route,parallel_wall_clock,4,rc102C10,477,0.00019504175361362286,2016,0.0007801670144544914
route,parallel_wall_clock,24,rc102C10,49,2.1748332073912024e-05,2016,0.0005219599697738886
route,parallel_wall_clock,8,rc102C10,493,0.0001520312489446951,2016,0.0012162499915575609
route,parallel_wall_clock,699,rc102C10,501,1.593760688734562e-06,2016,0.0011140387214254588
route,parallel_wall_clock,4,rc102C10,511,0.00030785449780523777,2016,0.001231417991220951
route,parallel_wall_clock,181,rc102C10,514,0.0007538086351538489,2016,0.13643936296284664
route,parallel_wall_clock,17,rc102C10,524,6.998770678525462e-05,2016,0.0011897910153493285
route,parallel_wall_clock,2,rc102C10,530,0.00037368800985859707,2016,0.0007473760197171941
route,parallel_wall_clock,2,rc102C10,549,0.0003684370021801442,2016,0.0007368740043602884
route,parallel_wall_clock,7,rc102C10,552,8.598228617172156e-05,2016,0.0006018760032020509
route,parallel_wall_clock,6,rc102C10,563,0.0001397916663942548,2016,0.0008387499983655289
route,parallel_wall_clock,49,rc102C10,569,1.0109674933898663e-05,2016,0.0004953740717610344
route,parallel_wall_clock,4,rc102C10,587,0.0001478649974160362,2016,0.0005914599896641448
route,parallel_wall_clock,5,rc102C10,602,0.00011802499939221889,2016,0.0005901249969610944
route,parallel_wall_clock,8,rc102C10,621,0.00010879162618948612,2016,0.000870333009515889
route,parallel_wall_clock,272,rc102C10,70,0.0005016868423327277,2016,0.13645882111450192
route,parallel_wall_clock,392,rc102C10,79,1.8962804906364835e-06,2016,0.0007433419523295015
route,parallel_wall_clock,1,rc102C10,93,0.0006226250116014853,2016,0.0006226250116014853
route,parallel_wall_clock,11,rc102C10,94,6.104917900467461e-05,2016,0.0006715409690514207
route,parallel_wall_clock,44,rc102C10,95,1.2537932145112956e-05,2016,0.0005516690143849701
operator,serial_fixed_exact_calls,72,rc103C15,energy,2.3259166280493242e-05,2014,0.0016746599721955135
operator,serial_fixed_exact_calls,69,rc103C15,greedy,3.214737681327792e-05,2014,0.002218169000116177
operator,serial_fixed_exact_calls,8,rc103C15,initial_solution,0.0011567866276891436,2014,0.00925429302151315
operator,serial_fixed_exact_calls,55,rc103C15,regret2,3.0356891379183666e-05,2014,0.0016696290258551016
operator,serial_fixed_exact_calls,2,rc103C15,relocate,2.4949986254796386e-07,2014,4.989997250959277e-07
operator,serial_fixed_exact_calls,36,rc103C15,route_elimination,1.435574732669112e-07,2014,5.168069037608802e-06
operator,serial_fixed_exact_calls,36,rc103C15,route_merge,1.5741615142259332e-07,2014,5.66698145121336e-06
operator,serial_fixed_exact_calls,2,rc103C15,route_segment_destroy,2.494925865903497e-07,2014,4.989851731806993e-07
operator,serial_fixed_exact_calls,12,rc103C15,shaw_related,0.00010012858304738377,2014,0.0012015429965686053
operator,serial_fixed_exact_calls,4,rc103C15,standard,1.5600016922689974e-07,2014,6.24000676907599e-07
operator,serial_fixed_exact_calls,8,rc103C15,station_pressure,6.550012585648801e-05,2014,0.0005240010068519041
operator,serial_fixed_exact_calls,2,rc103C15,swap,2.2949825506657362e-07,2014,4.5899651013314724e-07
operator,serial_fixed_exact_calls,8,rc103C15,time_window_conflict,3.123768692603335e-07,2014,2.499014954082668e-06
operator,serial_fixed_exact_calls,2,rc103C15,two_opt_star,1.874941517598927e-07,2014,3.749883035197854e-07
operator,serial_fixed_exact_calls,124,rc103C15,vehicle_count_aware_repair,1.5839670067502845e-05,2014,0.001964119088370353
operator,serial_fixed_exact_calls,4,rc103C15,worst_energy_detour,1.9800063455477357e-07,2014,7.920025382190943e-07
route,serial_fixed_exact_calls,1,rc103C15,1003,0.0006182920042192563,2014,0.0006182920042192563
route,serial_fixed_exact_calls,82,rc103C15,1037,2.8373927861826903e-05,2014,0.002326662084669806
route,serial_fixed_exact_calls,3,rc103C15,1112,0.00026420833213099587,2014,0.0007926249963929877
route,serial_fixed_exact_calls,4,rc103C15,1115,0.00016967699411907233,2014,0.0006787079764762893
route,serial_fixed_exact_calls,22,rc103C15,1236,1.5880727336149324e-05,2014,0.00034937600139528513
route,serial_fixed_exact_calls,2,rc103C15,1260,0.00020347950339782983,2014,0.00040695900679565966
route,serial_fixed_exact_calls,1,rc103C15,1414,0.0004465000092750415,2014,0.0004465000092750415
route,serial_fixed_exact_calls,108,rc103C15,1491,2.157449987997232e-05,2014,0.0023300459870370105
route,serial_fixed_exact_calls,2,rc103C15,1705,0.0002549580094637349,2014,0.0005099160189274698
route,serial_fixed_exact_calls,2,rc103C15,1766,5.020800017518923e-05,2014,0.00010041600035037845
route,serial_fixed_exact_calls,2,rc103C15,1813,0.0003858754935208708,2014,0.0007717509870417416
route,serial_fixed_exact_calls,2,rc103C15,268,0.00014529150212183595,2014,0.0002905830042436719
route,serial_fixed_exact_calls,3,rc103C15,376,0.000161972328593644,2014,0.000485916985780932
route,serial_fixed_exact_calls,1,rc103C15,451,0.0008189169893739745,2014,0.0008189169893739745
route,serial_fixed_exact_calls,85,rc103C15,488,2.7528353316216346e-05,2014,0.0023399100318783894
route,serial_fixed_exact_calls,1,rc103C15,561,0.00048400000378023833,2014,0.00048400000378023833
route,serial_fixed_exact_calls,23,rc103C15,800,2.4095998251932148e-05,2014,0.0005542079597944394
route,serial_fixed_exact_calls,79,rc103C15,807,2.958440616774031e-05,2014,0.0023371680872514844
route,serial_fixed_exact_calls,3,rc103C15,899,0.0001744170003803447,2014,0.0005232510011410341
route,serial_fixed_exact_calls,10,rc103C15,962,7.174169877544045e-05,2014,0.0007174169877544045
route,serial_fixed_exact_calls,8,rc103C15,995,8.004675328265876e-05,2014,0.00064037402626127
operator,parallel_fixed_exact_calls,72,rc103C15,energy,4.210883323846954e-05,2014,0.003031835993169807
operator,parallel_fixed_exact_calls,69,rc103C15,greedy,6.116544882652174e-05,2014,0.00422041596903
operator,parallel_fixed_exact_calls,8,rc103C15,initial_solution,0.07188551537365129,2014,0.5750841229892103
operator,parallel_fixed_exact_calls,55,rc103C15,regret2,5.285363506779752e-05,2014,0.0029069499287288636
operator,parallel_fixed_exact_calls,2,rc103C15,relocate,3.3300602808594704e-07,2014,6.660120561718941e-07
operator,parallel_fixed_exact_calls,36,rc103C15,route_elimination,1.8741694576520888e-07,2014,6.747010047547519e-06
operator,parallel_fixed_exact_calls,36,rc103C15,route_merge,1.643610529653314e-07,2014,5.916997906751931e-06
operator,parallel_fixed_exact_calls,2,rc103C15,route_segment_destroy,2.0849984139204025e-07,2014,4.169996827840805e-07
operator,parallel_fixed_exact_calls,12,rc103C15,shaw_related,0.00017568408172034347,2014,0.0021082089806441218
operator,parallel_fixed_exact_calls,4,rc103C15,standard,1.937252818606794e-06,2014,7.749011274427176e-06
operator,parallel_fixed_exact_calls,8,rc103C15,station_pressure,0.00011228662697249092,2014,0.0008982930157799274
operator,parallel_fixed_exact_calls,2,rc103C15,swap,3.7500285543501377e-07,2014,7.500057108700275e-07
operator,parallel_fixed_exact_calls,8,rc103C15,time_window_conflict,2.4512519303243607e-07,2014,1.9610015442594886e-06
operator,parallel_fixed_exact_calls,2,rc103C15,two_opt_star,2.2900348994880915e-07,2014,4.580069798976183e-07
operator,parallel_fixed_exact_calls,124,rc103C15,vehicle_count_aware_repair,2.731077409172881e-05,2014,0.0033865359873743728
operator,parallel_fixed_exact_calls,4,rc103C15,worst_energy_detour,2.3949905880726874e-07,2014,9.57996235229075e-07
route,parallel_fixed_exact_calls,1,rc103C15,1003,0.0010257079993607476,2014,0.0010257079993607476
route,parallel_fixed_exact_calls,82,rc103C15,1037,0.001753474085622967,2014,0.14378487502108328
route,parallel_fixed_exact_calls,3,rc103C15,1112,0.0004348889973092203,2014,0.001304666991927661
route,parallel_fixed_exact_calls,4,rc103C15,1115,0.0002265625007566996,2014,0.0009062500030267984
route,parallel_fixed_exact_calls,22,rc103C15,1236,3.285418047612025e-05,2014,0.0007227919704746455
route,parallel_fixed_exact_calls,2,rc103C15,1260,0.0003727919975062832,2014,0.0007455839950125664
route,parallel_fixed_exact_calls,1,rc103C15,1414,0.0011552500072866678,2014,0.0011552500072866678
route,parallel_fixed_exact_calls,108,rc103C15,1491,0.0013313668610795434,2014,0.1437876209965907
route,parallel_fixed_exact_calls,2,rc103C15,1705,0.00040531250851927325,2014,0.0008106250170385465
route,parallel_fixed_exact_calls,2,rc103C15,1766,0.0002872915065381676,2014,0.0005745830130763352
route,parallel_fixed_exact_calls,2,rc103C15,1813,0.0007957704947330058,2014,0.0015915409894660115
route,parallel_fixed_exact_calls,2,rc103C15,268,0.00032727049256209284,2014,0.0006545409851241857
route,parallel_fixed_exact_calls,3,rc103C15,376,0.0003040693312262495,2014,0.0009122079936787486
route,parallel_fixed_exact_calls,1,rc103C15,451,0.001245541003299877,2014,0.001245541003299877
route,parallel_fixed_exact_calls,85,rc103C15,488,0.001691707317299648,2014,0.14379512197047006
route,parallel_fixed_exact_calls,1,rc103C15,561,0.0008641660097055137,2014,0.0008641660097055137
route,parallel_fixed_exact_calls,23,rc103C15,800,4.354704351103662e-05,2014,0.0010015820007538423
route,parallel_fixed_exact_calls,79,rc103C15,807,0.0018201956191671942,2014,0.14379545391420834
route,parallel_fixed_exact_calls,3,rc103C15,899,0.0002991946676047519,2014,0.0008975840028142557
route,parallel_fixed_exact_calls,10,rc103C15,962,0.00011979169939877466,2014,0.0011979169939877465
route,parallel_fixed_exact_calls,8,rc103C15,995,0.00011104687837359961,2014,0.0008883750269887969
operator,serial_wall_clock,1477,rc103C15,energy,1.6161460364325704e-05,2014,0.023870476958109066
operator,serial_wall_clock,1281,rc103C15,greedy,1.594664557683547e-05,2014,0.020427652983926237
operator,serial_wall_clock,8,rc103C15,initial_solution,0.0011648697491182247,2014,0.009318957992945798
operator,serial_wall_clock,1160,rc103C15,regret2,2.0301604471851846e-05,2014,0.023549861187348142
operator,serial_wall_clock,2,rc103C15,relocate,1.8699938664212823e-07,2014,3.7399877328425646e-07
operator,serial_wall_clock,184,rc103C15,route_elimination,1.845110882245733e-07,2014,3.395004023332149e-05
operator,serial_wall_clock,200,rc103C15,route_merge,1.4477533113677055e-07,2014,2.895506622735411e-05
operator,serial_wall_clock,2,rc103C15,route_segment_destroy,1.6650301404297352e-07,2014,3.3300602808594704e-07
operator,serial_wall_clock,208,rc103C15,shaw_related,6.489999787635707e-06,2014,0.001349919955828227
operator,serial_wall_clock,180,rc103C15,standard,2.2497172014684314e-07,2014,4.049490962643176e-05
operator,serial_wall_clock,44,rc103C15,station_pressure,1.669504589782181e-05,2014,0.0007345820195041597
operator,serial_wall_clock,2,rc103C15,swap,2.710003172978759e-07,2014,5.420006345957518e-07
operator,serial_wall_clock,48,rc103C15,time_window_conflict,2.2404159002083665e-07,2014,1.0753996321000159e-05
operator,serial_wall_clock,2,rc103C15,two_opt_star,2.2899621399119496e-07,2014,4.5799242798238993e-07
operator,serial_wall_clock,2949,rc103C15,vehicle_count_aware_repair,4.318834058588283e-06,2014,0.012736241638776846
operator,serial_wall_clock,32,rc103C15,worst_energy_detour,2.7478154152049683e-07,2014,8.793009328655899e-06
route,serial_wall_clock,2,rc103C15,1000,0.0003468329960014671,2014,0.0006936659920029342
route,serial_wall_clock,2,rc103C15,1003,0.00032518800435354933,2014,0.0006503760087070987
route,serial_wall_clock,13,rc103C15,1008,3.289107833272563e-05,2014,0.00042758401832543314
route,serial_wall_clock,2,rc103C15,1009,0.0002916249941335991,2014,0.0005832499882671982
route,serial_wall_clock,10,rc103C15,102,3.848339838441461e-05,2014,0.00038483398384414613
route,serial_wall_clock,732,rc103C15,1037,3.346871440566038e-06,2014,0.00244990989449434
route,serial_wall_clock,25,rc103C15,1080,3.546176012605429e-05,2014,0.0008865440031513572
route,serial_wall_clock,6,rc103C15,1112,0.00012112499583357324,2014,0.0007267499750014395
route,serial_wall_clock,33,rc103C15,1115,1.73435758121989e-05,2014,0.0005723380018025637
route,serial_wall_clock,3,rc103C15,1172,0.00011001400222691397,2014,0.0003300420066807419
route,serial_wall_clock,5,rc103C15,1173,0.00012840020062867551,2014,0.0006420010031433776
route,serial_wall_clock,7,rc103C15,1174,0.0001067558561252164,2014,0.0007472909928765148
route,serial_wall_clock,16,rc103C15,1182,4.974487546860473e-05,2014,0.0007959180074976757
route,serial_wall_clock,277,rc103C15,1236,1.7027262726879346e-06,2014,0.0004716551775345579
route,serial_wall_clock,2,rc103C15,1260,0.00019591649470385164,2014,0.0003918329894077033
route,serial_wall_clock,8,rc103C15,127,5.4432375691249035e-05,2014,0.0004354590055299923
route,serial_wall_clock,1,rc103C15,1280,0.0005762499931734055,2014,0.0005762499931734055
route,serial_wall_clock,3,rc103C15,1295,0.00029195866469914716,2014,0.0008758759940974414
route,serial_wall_clock,2,rc103C15,130,0.0003046670099138282,2014,0.0006093340198276564
route,serial_wall_clock,2,rc103C15,1325,0.00028445849602576345,2014,0.0005689169920515269
route,serial_wall_clock,5,rc103C15,1328,0.00014396660553757102,2014,0.0007198330276878551
route,serial_wall_clock,80,rc103C15,1332,9.345312355435453e-06,2014,0.0007476249884348363
route,serial_wall_clock,142,rc103C15,1369,5.931619507208151e-06,2014,0.0008422899700235575
route,serial_wall_clock,10,rc103C15,1385,7.197500090114773e-05,2014,0.0007197500090114772
route,serial_wall_clock,41,rc103C15,1414,1.2069025925905785e-05,2014,0.0004948300629621372
route,serial_wall_clock,10,rc103C15,1467,4.3687499419320376e-05,2014,0.00043687499419320375
route,serial_wall_clock,51,rc103C15,1480,1.2898706664404303e-05,2014,0.0006578340398846194
route,serial_wall_clock,742,rc103C15,1491,3.3325704077893813e-06,2014,0.002472767242579721
route,serial_wall_clock,25,rc103C15,1523,2.158996183425188e-05,2014,0.000539749045856297
route,serial_wall_clock,4,rc103C15,1526,0.0002352187511860393,2014,0.0009408750047441572
route,serial_wall_clock,3,rc103C15,1558,0.00013426399770348021,2014,0.00040279199311044067
route,serial_wall_clock,2,rc103C15,1561,0.00029233349778223783,2014,0.0005846669955644757
route,serial_wall_clock,7,rc103C15,1563,7.554742998243975e-05,2014,0.0005288320098770782
route,serial_wall_clock,9,rc103C15,1587,6.809733006068402e-05,2014,0.0006128759705461562
route,serial_wall_clock,490,rc103C15,1591,1.6804262449280643e-06,2014,0.0008234088600147516
route,serial_wall_clock,41,rc103C15,1615,1.506907112964588e-05,2014,0.0006178319163154811
route,serial_wall_clock,21,rc103C15,1618,3.562295335411493e-05,2014,0.0007480820204364136
route,serial_wall_clock,3,rc103C15,1669,0.00014897233146863678,2014,0.00044691699440591037
route,serial_wall_clock,71,rc103C15,1705,5.98946582971954e-06,2014,0.00042525207391008735
route,serial_wall_clock,4,rc103C15,1717,0.0001220107551489491,2014,0.0004880430205957964
route,serial_wall_clock,6,rc103C15,1746,0.00012126400300379221,2014,0.0007275840180227533
route,serial_wall_clock,2,rc103C15,1760,0.0002067085006274283,2014,0.0004134170012548566
route,serial_wall_clock,12,rc103C15,1764,6.826724590306792e-05,2014,0.0008192069508368149
route,serial_wall_clock,25,rc103C15,1766,4.568401491269469e-06,2014,0.00011421003728173673
route,serial_wall_clock,4,rc103C15,1801,0.00010602099791867658,2014,0.00042408399167470634
route,serial_wall_clock,11,rc103C15,1802,5.479545771694657e-05,2014,0.0006027500348864123
route,serial_wall_clock,388,rc103C15,1813,2.0586445203924687e-06,2014,0.0007987540739122778
route,serial_wall_clock,1,rc103C15,1832,0.0007437909953296185,2014,0.0007437909953296185
route,serial_wall_clock,11,rc103C15,1842,5.745818171734837e-05,2014,0.0006320399988908321
route,serial_wall_clock,3,rc103C15,1844,0.00028311133307094377,2014,0.0008493339992128313
route,serial_wall_clock,49,rc103C15,1854,1.3467632127184496e-05,2014,0.0006599139742320403
route,serial_wall_clock,2,rc103C15,1856,0.0004279999920981936,2014,0.0008559999841963872
route,serial_wall_clock,1,rc103C15,1857,0.0008291659905808046,2014,0.0008291659905808046
route,serial_wall_clock,2,rc103C15,1860,0.0003502079998725094,2014,0.0007004159997450188
route,serial_wall_clock,4,rc103C15,1865,0.0003163542533002328,2014,0.0012654170132009313
route,serial_wall_clock,13,rc103C15,1878,3.59679990931629e-05,2014,0.0004675839882111177
route,serial_wall_clock,11,rc103C15,1879,8.256418434691362e-05,2014,0.0009082060278160498
route,serial_wall_clock,135,rc103C15,1887,6.075273699092644e-06,2014,0.000820161949377507
route,serial_wall_clock,6,rc103C15,1914,0.00016842366312630475,2014,0.0010105419787578285
route,serial_wall_clock,3,rc103C15,1945,0.0002747223334154114,2014,0.0008241670002462342
route,serial_wall_clock,6,rc103C15,1948,0.00010952766509338592,2014,0.0006571659905603155
route,serial_wall_clock,3,rc103C15,1966,0.00011168066218184929,2014,0.00033504198654554784
route,serial_wall_clock,3,rc103C15,1968,0.00029847200494259596,2014,0.0008954160148277879
route,serial_wall_clock,1,rc103C15,1990,0.0004523330135270953,2014,0.0004523330135270953
route,serial_wall_clock,1,rc103C15,1992,0.0004228330071782693,2014,0.0004228330071782693
route,serial_wall_clock,10,rc103C15,2,4.181240074103698e-05,2014,0.0004181240074103698
route,serial_wall_clock,13,rc103C15,20,4.3682691354591115e-05,2014,0.0005678749876096845
route,serial_wall_clock,24,rc103C15,237,1.032291523491343e-05,2014,0.0002477499656379223
route,serial_wall_clock,2,rc103C15,268,0.00014552100037690252,2014,0.00029104200075380504
route,serial_wall_clock,3,rc103C15,288,9.061133217376967e-05,2014,0.000271833996521309
route,serial_wall_clock,14,rc103C15,296,2.68156426110571e-05,2014,0.0003754189965547994
route,serial_wall_clock,17,rc103C15,302,3.1534471097128355e-05,2014,0.0005360860086511821
route,serial_wall_clock,1,rc103C15,31,0.0008431250025751069,2014,0.0008431250025751069
route,serial_wall_clock,15,rc103C15,324,2.664459946875771e-05,2014,0.00039966899203136563
route,serial_wall_clock,10,rc103C15,340,4.0141600766219196e-05,2014,0.000401416007662192
route,serial_wall_clock,3,rc103C15,347,0.00010936099958295624,2014,0.0003280829987488687
route,serial_wall_clock,1,rc103C15,349,0.0004050410061609,2014,0.0004050410061609
route,serial_wall_clock,2,rc103C15,350,0.00016320850409101695,2014,0.0003264170081820339
route,serial_wall_clock,2,rc103C15,351,0.00015466650074813515,2014,0.0003093330014962703
route,serial_wall_clock,9,rc103C15,367,5.980077872259749e-05,2014,0.0005382070085033774
route,serial_wall_clock,43,rc103C15,376,1.2396369806252592e-05,2014,0.0005330439016688615
route,serial_wall_clock,4,rc103C15,39,8.398974750889465e-05,2014,0.0003359589900355786
route,serial_wall_clock,3,rc103C15,395,0.0001337503344984725,2014,0.00040125100349541754
route,serial_wall_clock,2,rc103C15,399,0.00017322900384897366,2014,0.0003464580076979473
route,serial_wall_clock,5,rc103C15,407,0.00016789179935585707,2014,0.0008394589967792854
route,serial_wall_clock,2,rc103C15,414,0.0002295835001859814,2014,0.0004591670003719628
route,serial_wall_clock,2,rc103C15,451,0.0005992710066493601,2014,0.0011985420132987201
route,serial_wall_clock,116,rc103C15,459,4.775095319552026e-06,2014,0.000553911057068035
route,serial_wall_clock,1480,rc103C15,488,1.8187958040790683e-06,2014,0.002691817790037021
route,serial_wall_clock,44,rc103C15,523,1.2238568491408262e-05,2014,0.0005384970136219636
route,serial_wall_clock,1,rc103C15,536,0.0008410000009462237,2014,0.0008410000009462237
route,serial_wall_clock,2,rc103C15,545,0.00020835450413869694,2014,0.0004167090082773939
route,serial_wall_clock,22,rc103C15,548,2.4530182021077383e-05,2014,0.0005396640044637024
route,serial_wall_clock,3,rc103C15,56,0.0001323059987043962,2014,0.00039691799611318856
route,serial_wall_clock,10,rc103C15,561,4.626230074791238e-05,2014,0.00046262300747912377
route,serial_wall_clock,1,rc103C15,566,0.0005048750026617199,2014,0.0005048750026617199
route,serial_wall_clock,1,rc103C15,58,0.0007334999972954392,2014,0.0007334999972954392
route,serial_wall_clock,2,rc103C15,589,0.00019637450168374926,2014,0.0003927490033674985
route,serial_wall_clock,5,rc103C15,591,0.0001493087998824194,2014,0.000746543999412097
route,serial_wall_clock,35,rc103C15,601,4.0237692051700185e-06,2014,0.00014083192218095064
route,serial_wall_clock,14,rc103C15,61,2.1473142883873413e-05,2014,0.00030062400037422776
route,serial_wall_clock,34,rc103C15,614,1.1274529028656508e-05,2014,0.0003833339869743213
route,serial_wall_clock,2,rc103C15,62,0.00023681200400460511,2014,0.00047362400800921023
route,serial_wall_clock,2,rc103C15,640,0.0003724585039890371,2014,0.0007449170079780743
route,serial_wall_clock,19,rc103C15,683,3.462936805781761e-05,2014,0.0006579579930985346
route,serial_wall_clock,26,rc103C15,693,2.214111345193277e-05,2014,0.0005756689497502521
route,serial_wall_clock,6,rc103C15,70,0.0001312014962119671,2014,0.0007872089772718027
route,serial_wall_clock,2,rc103C15,745,0.0005991875004838221,2014,0.0011983750009676442
route,serial_wall_clock,37,rc103C15,751,2.0355838067779268e-05,2014,0.0007531660085078329
route,serial_wall_clock,6,rc103C15,762,0.0001314999996490466,2014,0.0007889999978942797
route,serial_wall_clock,21,rc103C15,78,2.886314385770155e-05,2014,0.0006061260210117325
route,serial_wall_clock,14,rc103C15,783,5.8884142033223596e-05,2014,0.0008243779884651303
route,serial_wall_clock,14,rc103C15,8,3.7922573808048454e-05,2014,0.0005309160333126783
route,serial_wall_clock,174,rc103C15,800,3.3029191190612385e-06,2014,0.0005747079267166555
route,serial_wall_clock,2,rc103C15,804,0.000274895501206629,2014,0.000549791002413258
route,serial_wall_clock,1156,rc103C15,807,2.2674806897003193e-06,2014,0.002621207677293569
route,serial_wall_clock,2,rc103C15,819,0.0003011875014635734,2014,0.0006023750029271469
route,serial_wall_clock,5,rc103C15,82,0.0001587585953529924,2014,0.0007937929767649621
route,serial_wall_clock,15,rc103C15,838,3.951680070410172e-05,2014,0.0005927520105615258
route,serial_wall_clock,2,rc103C15,842,0.00016991650045383722,2014,0.00033983300090767443
route,serial_wall_clock,5,rc103C15,854,0.000342925000586547,2014,0.0017146250029327348
route,serial_wall_clock,1,rc103C15,864,0.0010766249906737357,2014,0.0010766249906737357
route,serial_wall_clock,38,rc103C15,882,9.671078786548032e-06,2014,0.0003675009938888252
route,serial_wall_clock,1,rc103C15,884,0.0004129169974476099,2014,0.0004129169974476099
route,serial_wall_clock,254,rc103C15,886,2.501937310948352e-06,2014,0.0006354920769808814
route,serial_wall_clock,98,rc103C15,899,7.818877246772528e-06,2014,0.0007662499701837078
route,serial_wall_clock,28,rc103C15,919,1.615031942492351e-05,2014,0.00045220894389785826
route,serial_wall_clock,7,rc103C15,920,8.620257098560355e-05,2014,0.0006034179968992248
route,serial_wall_clock,1,rc103C15,927,0.00046333399950526655,2014,0.00046333399950526655
route,serial_wall_clock,6,rc103C15,948,3.402766742510721e-05,2014,0.00020416600455064327
route,serial_wall_clock,6,rc103C15,949,7.63681697814415e-05,2014,0.00045820901868864894
route,serial_wall_clock,3,rc103C15,950,0.00019801433275764188,2014,0.0005940429982729256
route,serial_wall_clock,170,rc103C15,962,4.892141698613106e-06,2014,0.0008316640887642279
route,serial_wall_clock,2,rc103C15,974,0.00031260399555321783,2014,0.0006252079911064357
route,serial_wall_clock,6,rc103C15,978,9.091666773504888e-05,2014,0.0005455000064102933
route,serial_wall_clock,6,rc103C15,980,9.694450030413766e-05,2014,0.000581667001824826
route,serial_wall_clock,46,rc103C15,995,1.1467305897816043e-05,2014,0.000527496071299538
route,serial_wall_clock,18,rc103C15,996,6.337500073843532e-05,2014,0.0011407500132918358
route,serial_wall_clock,6,rc103C15,999,0.00012968050092846775,2014,0.0007780830055708066
operator,parallel_wall_clock,1477,rc103C15,energy,2.5664342334966906e-05,2014,0.03790623362874612
operator,parallel_wall_clock,1281,rc103C15,greedy,2.6069172714552628e-05,2014,0.033394610247341916
operator,parallel_wall_clock,8,rc103C15,initial_solution,0.0702988174980419,2014,0.5623905399843352
operator,parallel_wall_clock,1160,rc103C15,regret2,3.1986075981845275e-05,2014,0.03710384813894052
operator,parallel_wall_clock,2,rc103C15,relocate,3.1250237952917814e-07,2014,6.250047590583563e-07
operator,parallel_wall_clock,184,rc103C15,route_elimination,1.498799025759344e-07,2014,2.7577902073971927e-05
operator,parallel_wall_clock,200,rc103C15,route_merge,1.4350953279063105e-07,2014,2.870190655812621e-05
operator,parallel_wall_clock,2,rc103C15,route_segment_destroy,2.914894139394164e-07,2014,5.829788278788328e-07
operator,parallel_wall_clock,208,rc103C15,shaw_related,1.1848735924174365e-05,2014,0.002464537072228268
operator,parallel_wall_clock,180,rc103C15,standard,1.7288265452306303e-07,2014,3.111887781415135e-05
operator,parallel_wall_clock,44,rc103C15,station_pressure,2.2320022253552452e-05,2014,0.0009820809791563079
operator,parallel_wall_clock,2,rc103C15,swap,3.1250237952917814e-07,2014,6.250047590583563e-07
operator,parallel_wall_clock,48,rc103C15,time_window_conflict,2.091668041733404e-07,2014,1.004000660032034e-05
operator,parallel_wall_clock,2,rc103C15,two_opt_star,2.079978003166616e-07,2014,4.159956006333232e-07
operator,parallel_wall_clock,2949,rc103C15,vehicle_count_aware_repair,6.989539865912505e-06,2014,0.020612153064575978
operator,parallel_wall_clock,32,rc103C15,worst_energy_detour,2.2640551833319478e-07,2014,7.244976586662233e-06
route,parallel_wall_clock,2,rc103C15,1000,0.0006069590090191923,2014,0.0012139180180383846
route,parallel_wall_clock,2,rc103C15,1003,0.0005340204952517524,2014,0.0010680409905035049
route,parallel_wall_clock,13,rc103C15,1008,5.749353910617244e-05,2014,0.0007474160083802417
route,parallel_wall_clock,2,rc103C15,1009,0.0004682710059569217,2014,0.0009365420119138435
route,parallel_wall_clock,10,rc103C15,102,0.00010866660013562069,2014,0.0010866660013562068
route,parallel_wall_clock,732,rc103C15,1037,0.00019222953554167785,2014,0.14071202001650818
route,parallel_wall_clock,25,rc103C15,1080,3.845508093945682e-05,2014,0.0009613770234864205
route,parallel_wall_clock,6,rc103C15,1112,0.0002056111649532492,2014,0.0012336669897194952
route,parallel_wall_clock,33,rc103C15,1115,2.9242454647001896e-05,2014,0.0009650010033510625
route,parallel_wall_clock,3,rc103C15,1172,0.0002360969956498593,2014,0.0007082909869495779
route,parallel_wall_clock,5,rc103C15,1173,0.00016272499633487313,2014,0.0008136249816743657
route,parallel_wall_clock,7,rc103C15,1174,0.0001656190018236105,2014,0.0011593330127652735
route,parallel_wall_clock,16,rc103C15,1182,7.083068885549437e-05,2014,0.00113329102168791
route,parallel_wall_clock,277,rc103C15,1236,2.8698341076225313e-06,2014,0.0007949440478114411
route,parallel_wall_clock,2,rc103C15,1260,0.00038466649129986763,2014,0.0007693329825997353
route,parallel_wall_clock,8,rc103C15,127,9.565637446939945e-05,2014,0.0007652509957551956
route,parallel_wall_clock,1,rc103C15,1280,0.0013289579947013408,2014,0.0013289579947013408
route,parallel_wall_clock,3,rc103C15,1295,0.0003703336648565407,2014,0.001111000994569622
route,parallel_wall_clock,2,rc103C15,130,0.00046910400124033913,2014,0.0009382080024806783
route,parallel_wall_clock,2,rc103C15,1325,0.0004560415036394261,2014,0.0009120830072788522
route,parallel_wall_clock,5,rc103C15,1328,0.00020297520386520774,2014,0.0010148760193260387
route,parallel_wall_clock,80,rc103C15,1332,1.7083850798371715e-05,2014,0.001366708063869737
route,parallel_wall_clock,142,rc103C15,1369,8.229182460870017e-06,2014,0.0011685439094435424
route,parallel_wall_clock,10,rc103C15,1385,0.00011597479460760951,2014,0.001159747946076095
route,parallel_wall_clock,41,rc103C15,1414,2.161085303225441e-05,2014,0.0008860449743224308
route,parallel_wall_clock,10,rc103C15,1467,0.00011929990141652524,2014,0.0011929990141652524
route,parallel_wall_clock,51,rc103C15,1480,1.8205803273446565e-05,2014,0.0009284959669457749
route,parallel_wall_clock,742,rc103C15,1491,0.00018966711467747625,2014,0.14073299909068737
route,parallel_wall_clock,25,rc103C15,1523,5.4408240830525754e-05,2014,0.001360206020763144
route,parallel_wall_clock,4,rc103C15,1526,0.00026597900068736635,2014,0.0010639160027494654
route,parallel_wall_clock,3,rc103C15,1558,0.0002480139907371874,2014,0.0007440419722115621
route,parallel_wall_clock,2,rc103C15,1561,0.0005537710021599196,2014,0.0011075420043198392
route,parallel_wall_clock,7,rc103C15,1563,0.0001454047139434676,2014,0.0010178329976042733
route,parallel_wall_clock,9,rc103C15,1587,0.00010650922356742538,2014,0.0009585830121068284
route,parallel_wall_clock,490,rc103C15,1591,2.4464694730823442e-06,2014,0.0011987700418103486
route,parallel_wall_clock,41,rc103C15,1615,2.7948123028092993e-05,2014,0.0011458730441518128
route,parallel_wall_clock,21,rc103C15,1618,5.258933205844923e-05,2014,0.0011043759732274339
route,parallel_wall_clock,3,rc103C15,1669,0.000257944668798397,2014,0.000773834006395191
route,parallel_wall_clock,71,rc103C15,1705,1.1613225428269468e-05,2014,0.0008245390054071322
route,parallel_wall_clock,4,rc103C15,1717,0.0002129895037796814,2014,0.0008519580151187256
route,parallel_wall_clock,6,rc103C15,1746,0.00017361133359372616,2014,0.001041668001562357
route,parallel_wall_clock,2,rc103C15,1760,0.0004258545013726689,2014,0.0008517090027453378
route,parallel_wall_clock,12,rc103C15,1764,9.29827486591724e-05,2014,0.0011157929839100689
route,parallel_wall_clock,25,rc103C15,1766,2.0531639456748963e-05,2014,0.0005132909864187241
route,parallel_wall_clock,4,rc103C15,1801,0.00018046900004264899,2014,0.0007218760001705959
route,parallel_wall_clock,11,rc103C15,1802,8.616263750644231e-05,2014,0.0009477890125708655
route,parallel_wall_clock,388,rc103C15,1813,3.6598890032691247e-06,2014,0.0014200369332684204
route,parallel_wall_clock,1,rc103C15,1832,0.0010192500049015507,2014,0.0010192500049015507
route,parallel_wall_clock,11,rc103C15,1842,8.895072890233926e-05,2014,0.0009784580179257318
route,parallel_wall_clock,3,rc103C15,1844,0.00037223633262328804,2014,0.001116708997869864
route,parallel_wall_clock,49,rc103C15,1854,1.8951448918396263e-05,2014,0.000928620997001417
route,parallel_wall_clock,2,rc103C15,1856,0.000627436995273456,2014,0.001254873990546912
route,parallel_wall_clock,1,rc103C15,1857,0.0010913750011241063,2014,0.0010913750011241063
route,parallel_wall_clock,2,rc103C15,1860,0.0005458544983412139,2014,0.0010917089966824278
route,parallel_wall_clock,4,rc103C15,1865,0.00025648950395407155,2014,0.0010259580158162862
route,parallel_wall_clock,13,rc103C15,1878,6.636853952211543e-05,2014,0.0008627910137875006
route,parallel_wall_clock,11,rc103C15,1879,0.0001037159976972775,2014,0.0011408759746700525
route,parallel_wall_clock,135,rc103C15,1887,9.154044070143115e-06,2014,0.0012357959494693205
route,parallel_wall_clock,6,rc103C15,1914,0.00016375016760624325,2014,0.0009825010056374595
route,parallel_wall_clock,3,rc103C15,1945,0.0003449166688369587,2014,0.0010347500065108761
route,parallel_wall_clock,6,rc103C15,1948,0.00014612500429696715,2014,0.0008767500257818028
route,parallel_wall_clock,3,rc103C15,1966,0.00024386133009102196,2014,0.0007315839902730659
route,parallel_wall_clock,3,rc103C15,1968,0.0003834443292968596,2014,0.0011503329878905788
route,parallel_wall_clock,1,rc103C15,1990,0.0008190000080503523,2014,0.0008190000080503523
route,parallel_wall_clock,1,rc103C15,1992,0.0008088750037131831,2014,0.0008088750037131831
route,parallel_wall_clock,10,rc103C15,2,7.892080175224692e-05,2014,0.0007892080175224692
route,parallel_wall_clock,13,rc103C15,20,6.63782344557918e-05,2014,0.0008629170479252934
route,parallel_wall_clock,24,rc103C15,237,2.4362832239906613e-05,2014,0.0005847079737577587
route,parallel_wall_clock,2,rc103C15,268,0.00031993749871617183,2014,0.0006398749974323437
route,parallel_wall_clock,3,rc103C15,288,0.0001989446609513834,2014,0.0005968339828541502
route,parallel_wall_clock,14,rc103C15,296,5.3470288029140125e-05,2014,0.0007485840324079618
route,parallel_wall_clock,17,rc103C15,302,5.4997469038319064e-05,2014,0.000934956973651424
route,parallel_wall_clock,1,rc103C15,31,0.0011399170034565032,2014,0.0011399170034565032
route,parallel_wall_clock,15,rc103C15,324,7.673613145016134e-05,2014,0.00115104197175242
route,parallel_wall_clock,10,rc103C15,340,0.00011421649978728964,2014,0.0011421649978728965
route,parallel_wall_clock,3,rc103C15,347,0.00023713866054701308,2014,0.0007114159816410393
route,parallel_wall_clock,1,rc103C15,349,0.0007384580094367266,2014,0.0007384580094367266
route,parallel_wall_clock,2,rc103C15,350,0.00032554150675423443,2014,0.0006510830135084689
route,parallel_wall_clock,2,rc103C15,351,0.0003697915017255582,2014,0.0007395830034511164
route,parallel_wall_clock,9,rc103C15,367,0.00010366689174487774,2014,0.0009330020257038996
route,parallel_wall_clock,43,rc103C15,376,3.122869841104677e-05,2014,0.001342834031675011
route,parallel_wall_clock,4,rc103C15,39,0.00016824975318741053,2014,0.0006729990127496421
route,parallel_wall_clock,3,rc103C15,395,0.00024427767008698237,2014,0.000732833010260947
route,parallel_wall_clock,2,rc103C15,399,0.0004852915008086711,2014,0.0009705830016173422
route,parallel_wall_clock,5,rc103C15,407,0.00011832519667223095,2014,0.0005916259833611548
route,parallel_wall_clock,2,rc103C15,414,0.00041920849616872147,2014,0.0008384169923374429
route,parallel_wall_clock,2,rc103C15,451,0.0006003329981467687,2014,0.0012006659962935373
route,parallel_wall_clock,116,rc103C15,459,9.287741453716017e-06,2014,0.001077378008631058
route,parallel_wall_clock,1480,rc103C15,488,9.521135069843621e-05,2014,0.1409127990336856
route,parallel_wall_clock,44,rc103C15,523,2.1559704195665702e-05,2014,0.000948626984609291
route,parallel_wall_clock,1,rc103C15,536,0.0011057079973397776,2014,0.0011057079973397776
route,parallel_wall_clock,2,rc103C15,545,0.0003587085084291175,2014,0.000717417016858235
route,parallel_wall_clock,22,rc103C15,548,4.8914864071941174e-05,2014,0.0010761270095827058
route,parallel_wall_clock,3,rc103C15,56,0.00024240300020513436,2014,0.0007272090006154031
route,parallel_wall_clock,10,rc103C15,561,9.801640117075294e-05,2014,0.0009801640117075294
route,parallel_wall_clock,1,rc103C15,566,0.0008453330083284527,2014,0.0008453330083284527
route,parallel_wall_clock,1,rc103C15,58,0.0011665419879136607,2014,0.0011665419879136607
route,parallel_wall_clock,2,rc103C15,589,0.0004329369985498488,2014,0.0008658739970996976
route,parallel_wall_clock,5,rc103C15,591,0.00021643340005539358,2014,0.0010821670002769679
route,parallel_wall_clock,35,rc103C15,601,1.4834572461300662e-05,2014,0.0005192100361455232
route,parallel_wall_clock,14,rc103C15,61,4.641364336878594e-05,2014,0.0006497910071630031
route,parallel_wall_clock,34,rc103C15,614,2.0105323689195383e-05,2014,0.000683581005432643
route,parallel_wall_clock,2,rc103C15,62,0.00041414599400013685,2014,0.0008282919880002737
route,parallel_wall_clock,2,rc103C15,640,0.0003776874946197495,2014,0.000755374989239499
route,parallel_wall_clock,19,rc103C15,683,2.951752608887067e-05,2014,0.0005608329956885427
route,parallel_wall_clock,26,rc103C15,693,3.7641154799180535e-05,2014,0.000978670024778694
route,parallel_wall_clock,6,rc103C15,70,0.00024821533346160624,2014,0.0014892920007696375
route,parallel_wall_clock,2,rc103C15,745,0.00048710400733398274,2014,0.0009742080146679655
route,parallel_wall_clock,37,rc103C15,751,3.0164269815400445e-05,2014,0.0011160779831698164
route,parallel_wall_clock,6,rc103C15,762,0.00024401383658793444,2014,0.0014640830195276067
route,parallel_wall_clock,21,rc103C15,78,4.623204793980611e-05,2014,0.0009708730067359284
route,parallel_wall_clock,14,rc103C15,783,8.273514374325584e-05,2014,0.0011582920124055818
route,parallel_wall_clock,14,rc103C15,8,6.495228756518503e-05,2014,0.0009093320259125903
route,parallel_wall_clock,174,rc103C15,800,6.067999702177128e-06,2014,0.0010558319481788203
route,parallel_wall_clock,2,rc103C15,804,0.0006201659998623654,2014,0.0012403319997247308
route,parallel_wall_clock,1156,rc103C15,807,0.00012185376451796269,2014,0.14086295178276487
route,parallel_wall_clock,2,rc103C15,819,0.00046327050222316757,2014,0.0009265410044463351
route,parallel_wall_clock,5,rc103C15,82,0.0003308503975858912,2014,0.001654251987929456
route,parallel_wall_clock,15,rc103C15,838,6.140006783728798e-05,2014,0.0009210010175593197
route,parallel_wall_clock,2,rc103C15,842,0.0003639584974735044,2014,0.0007279169949470088
route,parallel_wall_clock,5,rc103C15,854,0.00021459160197991877,2014,0.0010729580098995939
route,parallel_wall_clock,1,rc103C15,864,0.0016501670033903793,2014,0.0016501670033903793
route,parallel_wall_clock,38,rc103C15,882,1.8816815051985414e-05,2014,0.0007150389719754457
route,parallel_wall_clock,1,rc103C15,884,0.0011857079953188077,2014,0.0011857079953188077
route,parallel_wall_clock,254,rc103C15,886,3.437212105532448e-06,2014,0.0008730518748052418
route,parallel_wall_clock,98,rc103C15,899,1.0216846077332312e-05,2014,0.0010012509155785665
route,parallel_wall_clock,28,rc103C15,919,4.2522355215623975e-05,2014,0.0011906259460374713
route,parallel_wall_clock,7,rc103C15,920,0.0001578035672927009,2014,0.0011046249710489064
route,parallel_wall_clock,1,rc103C15,927,0.00081516700447537,2014,0.00081516700447537
route,parallel_wall_clock,6,rc103C15,948,9.192350262310356e-05,2014,0.0005515410157386214
route,parallel_wall_clock,6,rc103C15,949,0.00011092366670103122,2014,0.0006655420002061874
route,parallel_wall_clock,3,rc103C15,950,0.0003181803379751121,2014,0.0009545410139253363
route,parallel_wall_clock,170,rc103C15,962,6.686282594113008e-06,2014,0.0011366680409992114
route,parallel_wall_clock,2,rc103C15,974,0.0005660414972226135,2014,0.001132082994445227
route,parallel_wall_clock,6,rc103C15,978,0.00015423599931333834,2014,0.0009254159958800301
route,parallel_wall_clock,6,rc103C15,980,0.00015266000021559498,2014,0.0009159600012935698
route,parallel_wall_clock,46,rc103C15,995,2.7951021089076836e-05,2014,0.0012857469700975344
route,parallel_wall_clock,18,rc103C15,996,7.000222184514214e-05,2014,0.0012600399932125583
route,parallel_wall_clock,6,rc103C15,999,0.0001892983345896937,2014,0.0011357900075381622
operator,serial_fixed_exact_calls,107,rc103C15,energy,2.5219234086303303e-05,2015,0.0026984580472344533
operator,serial_fixed_exact_calls,60,rc103C15,greedy,2.5719466551284618e-05,2015,0.001543167993077077
operator,serial_fixed_exact_calls,8,rc103C15,initial_solution,0.001183098753244849,2015,0.009464790025958791
operator,serial_fixed_exact_calls,71,rc103C15,regret2,2.1700676191191543e-05,2015,0.0015407480095745996
operator,serial_fixed_exact_calls,2,rc103C15,relocate,2.2899621399119496e-07,2015,4.5799242798238993e-07
operator,serial_fixed_exact_calls,36,rc103C15,route_elimination,1.503613020759076e-07,2015,5.413006874732673e-06
operator,serial_fixed_exact_calls,32,rc103C15,route_merge,1.5634532246622257e-07,2015,5.003050318919122e-06
operator,serial_fixed_exact_calls,2,rc103C15,route_segment_destroy,2.079978003166616e-07,2015,4.159956006333232e-07
operator,serial_fixed_exact_calls,19,rc103C15,shaw_related,2.279465613690646e-07,2015,4.3309846660122275e-06
operator,serial_fixed_exact_calls,8,rc103C15,standard,1.1462725524324924e-07,2015,9.170180419459939e-07
operator,serial_fixed_exact_calls,8,rc103C15,station_pressure,6.557275082741398e-05,2015,0.0005245820066193119
operator,serial_fixed_exact_calls,2,rc103C15,swap,1.6650301404297352e-07,2015,3.3300602808594704e-07
operator,serial_fixed_exact_calls,4,rc103C15,time_window_conflict,2.7074565878137946e-07,2015,1.0829826351255178e-06
operator,serial_fixed_exact_calls,2,rc103C15,two_opt_star,2.710003172978759e-07,2015,5.420006345957518e-07
operator,serial_fixed_exact_calls,130,rc103C15,vehicle_count_aware_repair,3.330863031666153e-05,2015,0.004330121941165999
route,serial_fixed_exact_calls,18,rc103C15,1112,2.333794529679128e-05,2015,0.000420083015342243
route,serial_fixed_exact_calls,17,rc103C15,1128,3.1009766697774035e-05,2015,0.0005271660338621587
route,serial_fixed_exact_calls,1,rc103C15,1193,0.0001667500037001446,2015,0.0001667500037001446
route,serial_fixed_exact_calls,26,rc103C15,1209,3.925330495873753e-05,2015,0.0010205859289271757
route,serial_fixed_exact_calls,1,rc103C15,1255,0.0008352500008186325,2015,0.0008352500008186325
route,serial_fixed_exact_calls,4,rc103C15,1267,0.00010981249943142757,2015,0.00043924999772571027
route,serial_fixed_exact_calls,45,rc103C15,1296,5.2756355338109036e-05,2015,0.0023740359902149066
route,serial_fixed_exact_calls,3,rc103C15,1804,0.0001296526655399551,2015,0.0003889579966198653
route,serial_fixed_exact_calls,97,rc103C15,1830,2.4550237642485917e-05,2015,0.002381373051321134
route,serial_fixed_exact_calls,4,rc103C15,1861,0.00014307275341707282,2015,0.0005722910136682913
route,serial_fixed_exact_calls,1,rc103C15,2111,0.00043004201143048704,2015,0.00043004201143048704
route,serial_fixed_exact_calls,33,rc103C15,2232,2.162745416474839e-05,2015,0.0007137059874366969
route,serial_fixed_exact_calls,4,rc103C15,2272,0.0001937809938681312,2015,0.0007751239754725248
route,serial_fixed_exact_calls,3,rc103C15,2303,0.0002666109988543515,2015,0.0007998329965630546
route,serial_fixed_exact_calls,2,rc103C15,415,0.00018745799752650782,2015,0.00037491599505301565
route,serial_fixed_exact_calls,1,rc103C15,445,0.00032191698846872896,2015,0.00032191698846872896
route,serial_fixed_exact_calls,6,rc103C15,482,8.003466306642319e-05,2015,0.0004802079783985391
route,serial_fixed_exact_calls,2,rc103C15,524,0.00014006250421516597,2015,0.00028012500843033195
route,serial_fixed_exact_calls,14,rc103C15,582,4.086628697612988e-05,2015,0.0005721280176658183
route,serial_fixed_exact_calls,109,rc103C15,611,2.189027532665999e-05,2015,0.0023860400106059387
route,serial_fixed_exact_calls,2,rc103C15,649,0.0002559375061537139,2015,0.0005118750123074278
route,serial_fixed_exact_calls,1,rc103C15,687,0.0004651670024031773,2015,0.0004651670024031773
route,serial_fixed_exact_calls,6,rc103C15,955,8.213200150445725e-05,2015,0.0004927920090267435
route,serial_fixed_exact_calls,91,rc103C15,962,2.627195643291778e-05,2015,0.002390748035395518
operator,parallel_fixed_exact_calls,107,rc103C15,energy,4.251406511191766e-05,2015,0.00454900496697519
operator,parallel_fixed_exact_calls,60,rc103C15,greedy,5.42735845859473e-05,2015,0.0032564150751568377
operator,parallel_fixed_exact_calls,8,rc103C15,initial_solution,0.07248068724948098,2015,0.5798454979958478
operator,parallel_fixed_exact_calls,71,rc103C15,regret2,4.8237705388447454e-05,2015,0.003424877082579769
operator,parallel_fixed_exact_calls,2,rc103C15,relocate,3.129971446469426e-07,2015,6.259942892938852e-07
operator,parallel_fixed_exact_calls,36,rc103C15,route_elimination,1.620820613526222e-07,2015,5.834954208694398e-06
operator,parallel_fixed_exact_calls,32,rc103C15,route_merge,1.5100022210390307e-07,2015,4.832007107324898e-06
operator,parallel_fixed_exact_calls,2,rc103C15,route_segment_destroy,2.710003172978759e-07,2015,5.420006345957518e-07
operator,parallel_fixed_exact_calls,19,rc103C15,shaw_related,2.3247450467591222e-07,2015,4.417015588842332e-06
operator,parallel_fixed_exact_calls,8,rc103C15,standard,1.0949588613584638e-07,2015,8.75967089086771e-07
operator,parallel_fixed_exact_calls,8,rc103C15,station_pressure,0.00011154174717376009,2015,0.0008923339773900807
operator,parallel_fixed_exact_calls,2,rc103C15,swap,3.335007932037115e-07,2015,6.67001586407423e-07
operator,parallel_fixed_exact_calls,4,rc103C15,time_window_conflict,1.9799699657596648e-07,2015,7.919879863038659e-07
operator,parallel_fixed_exact_calls,2,rc103C15,two_opt_star,1.8750142771750689e-07,2015,3.7500285543501377e-07
operator,parallel_fixed_exact_calls,130,rc103C15,vehicle_count_aware_repair,5.104393807974143e-05,2015,0.006635711950366385
route,parallel_fixed_exact_calls,18,rc103C15,1112,7.050705446292543e-05,2015,0.0012691269803326577
route,parallel_fixed_exact_calls,17,rc103C15,1128,5.267653357484104e-05,2015,0.0008955010707722977
route,parallel_fixed_exact_calls,1,rc103C15,1193,0.0004934170137858018,2015,0.0004934170137858018
route,parallel_fixed_exact_calls,26,rc103C15,1209,4.517315168273993e-05,2015,0.0011745019437512383
route,parallel_fixed_exact_calls,1,rc103C15,1255,0.001127541996538639,2015,0.001127541996538639
route,parallel_fixed_exact_calls,4,rc103C15,1267,0.00023634325043531135,2015,0.0009453730017412454
route,parallel_fixed_exact_calls,45,rc103C15,1296,0.003221549133175156,2015,0.14496971099288203
route,parallel_fixed_exact_calls,3,rc103C15,1804,0.0003187640055936451,2015,0.0009562920167809352
route,parallel_fixed_exact_calls,97,rc103C15,1830,0.0014945987623110508,2015,0.14497607994417194
route,parallel_fixed_exact_calls,4,rc103C15,1861,0.00023613550365553237,2015,0.0009445420146221295
route,parallel_fixed_exact_calls,1,rc103C15,2111,0.0008367499976884574,2015,0.0008367499976884574
route,parallel_fixed_exact_calls,33,rc103C15,2232,3.744696953094028e-05,2015,0.0012357499945210293
route,parallel_fixed_exact_calls,4,rc103C15,2272,0.0002374065006733872,2015,0.0009496260026935488
route,parallel_fixed_exact_calls,3,rc103C15,2303,0.0003944720034875597,2015,0.001183416010462679
route,parallel_fixed_exact_calls,2,rc103C15,415,0.00035483350802678615,2015,0.0007096670160535723
route,parallel_fixed_exact_calls,1,rc103C15,445,0.0008293330029118806,2015,0.0008293330029118806
route,parallel_fixed_exact_calls,6,rc103C15,482,0.0001603748338917891,2015,0.0009622490033507347
route,parallel_fixed_exact_calls,2,rc103C15,524,0.0003241875019739382,2015,0.0006483750039478764
route,parallel_fixed_exact_calls,14,rc103C15,582,6.753892791623781e-05,2015,0.0009455449908273295
route,parallel_fixed_exact_calls,109,rc103C15,611,0.0013301081746098919,2015,0.1449817910324782
route,parallel_fixed_exact_calls,2,rc103C15,649,0.0004198749957140535,2015,0.000839749991428107
route,parallel_fixed_exact_calls,1,rc103C15,687,0.0009378339891554788,2015,0.0009378339891554788
route,parallel_fixed_exact_calls,6,rc103C15,955,0.00013738883474919325,2015,0.0008243330084951594
route,parallel_fixed_exact_calls,91,rc103C15,962,0.0015932560105524076,2015,0.1449862969602691
operator,serial_wall_clock,1168,rc103C15,energy,1.3835986901041956e-05,2015,0.016160432700417005
operator,serial_wall_clock,1874,rc103C15,greedy,1.560225845343138e-05,2015,0.02923863234173041
operator,serial_wall_clock,8,rc103C15,initial_solution,0.0011371979981049662,2015,0.00909758398483973
operator,serial_wall_clock,2150,rc103C15,regret2,1.4618929268434903e-05,2015,0.03143069792713504
operator,serial_wall_clock,2,rc103C15,relocate,2.2949825506657362e-07,2015,4.5899651013314724e-07
operator,serial_wall_clock,132,rc103C15,route_elimination,1.4616649202776677e-07,2015,1.9293976947665215e-05
operator,serial_wall_clock,180,rc103C15,route_merge,1.5025054583222502e-07,2015,2.7045098249800503e-05
operator,serial_wall_clock,2,rc103C15,route_segment_destroy,2.4950713850557804e-07,2015,4.990142770111561e-07
operator,serial_wall_clock,179,rc103C15,shaw_related,2.457820920939635e-07,2015,4.399499448481947e-05
operator,serial_wall_clock,284,rc103C15,standard,1.7560257258313432e-07,2015,4.987113061361015e-05
operator,serial_wall_clock,64,rc103C15,station_pressure,8.095078555925284e-06,2015,0.0005180850275792181
operator,serial_wall_clock,2,rc103C15,swap,2.9199873097240925e-07,2015,5.839974619448185e-07
operator,serial_wall_clock,32,rc103C15,time_window_conflict,2.2515678210766055e-07,2015,7.2050170274451375e-06
operator,serial_wall_clock,2,rc103C15,two_opt_star,1.8699211068451405e-07,2015,3.739842213690281e-07
operator,serial_wall_clock,2871,rc103C15,vehicle_count_aware_repair,5.5365781756348256e-06,2015,0.015895515942247584
operator,serial_wall_clock,20,rc103C15,worst_energy_detour,2.5825065677054224e-07,2015,5.165013135410845e-06
route,serial_wall_clock,2,rc103C15,1015,0.00026343749777879566,2015,0.0005268749955575913
route,serial_wall_clock,3,rc103C15,1019,0.00021359733364079148,2015,0.0006407920009223744
route,serial_wall_clock,4,rc103C15,102,0.00016184374908334576,2015,0.000647374996333383
route,serial_wall_clock,55,rc103C15,1024,1.4049255299720575e-05,2015,0.0007727090414846316
route,serial_wall_clock,2,rc103C15,1046,0.00039885400474304333,2015,0.0007977080094860867
route,serial_wall_clock,4,rc103C15,1059,0.00019978124691988342,2015,0.0007991249876795337
route,serial_wall_clock,59,rc103C15,1063,1.4021882680797223e-05,2015,0.0008272910781670362
route,serial_wall_clock,3,rc103C15,1079,0.00022676366885813573,2015,0.0006802910065744072
route,serial_wall_clock,23,rc103C15,1106,1.4885695038727768e-05,2015,0.00034237098589073867
route,serial_wall_clock,194,rc103C15,1112,2.5263653537642554e-06,2015,0.0004901148786302656
route,serial_wall_clock,160,rc103C15,1128,3.446374557825038e-06,2015,0.0005514199292520061
route,serial_wall_clock,20,rc103C15,114,3.053344917134382e-05,2015,0.0006106689834268764
route,serial_wall_clock,9,rc103C15,1161,4.881022323388606e-05,2015,0.00043929200910497457
route,serial_wall_clock,10,rc103C15,1162,5.9466800303198396e-05,2015,0.000594668003031984
route,serial_wall_clock,1,rc103C15,1165,0.0004892500001005828,2015,0.0004892500001005828
route,serial_wall_clock,12,rc103C15,118,6.359375038300641e-05,2015,0.0007631250045960769
route,serial_wall_clock,16,rc103C15,1193,1.1921812074433547e-05,2015,0.00019074899319093674
route,serial_wall_clock,14,rc103C15,1194,2.9913715219923427e-05,2015,0.000418792013078928
route,serial_wall_clock,7,rc103C15,1195,8.065485911044692e-05,2015,0.0005645840137731284
route,serial_wall_clock,21,rc103C15,12,2.7067381389705198e-05,2015,0.0005684150091838092
route,serial_wall_clock,5,rc103C15,1208,0.00016111659933812917,2015,0.0008055829966906458
route,serial_wall_clock,340,rc103C15,1209,2.2941147429211175e-06,2015,0.0007799990125931799
route,serial_wall_clock,2,rc103C15,1223,0.0003167289905832149,2015,0.0006334579811664298
route,serial_wall_clock,11,rc103C15,1231,4.940154560079629e-05,2015,0.0005434170016087592
route,serial_wall_clock,6,rc103C15,1233,0.00011180550063727424,2015,0.0006708330038236454
route,serial_wall_clock,87,rc103C15,1251,1.1202505918155456e-05,2015,0.0009746180148795247
route,serial_wall_clock,26,rc103C15,1252,3.855761427145738e-05,2015,0.0010024979710578918
route,serial_wall_clock,4,rc103C15,1255,0.00019408349908189848,2015,0.0007763339963275939
route,serial_wall_clock,3,rc103C15,1256,0.00023691666622956595,2015,0.0007107499986886978
route,serial_wall_clock,3,rc103C15,1259,0.0002154166674396644,2015,0.0006462500023189932
route,serial_wall_clock,30,rc103C15,1267,1.5081934301027407e-05,2015,0.0004524580290308222
route,serial_wall_clock,31,rc103C15,1268,1.9147968193846603e-05,2015,0.0005935870140092447
route,serial_wall_clock,746,rc103C15,1296,3.2312236531218137e-06,2015,0.002410492845228873
route,serial_wall_clock,41,rc103C15,1350,1.761692728018161e-05,2015,0.000722294018487446
route,serial_wall_clock,5,rc103C15,1351,0.0001373920007608831,2015,0.0006869600038044155
route,serial_wall_clock,5,rc103C15,1386,0.00014472500479314476,2015,0.0007236250239657238
route,serial_wall_clock,2,rc103C15,1389,0.0002678545060916804,2015,0.0005357090121833608
route,serial_wall_clock,27,rc103C15,1391,2.1658853964052265e-05,2015,0.0005847890570294112
route,serial_wall_clock,12,rc103C15,1459,2.6479250664124265e-05,2015,0.0003177510079694912
route,serial_wall_clock,3,rc103C15,1460,0.00017799966735765338,2015,0.0005339990020729601
route,serial_wall_clock,13,rc103C15,1461,5.512499998216159e-05,2015,0.0007166249997681007
route,serial_wall_clock,4,rc103C15,147,0.00010687499889172614,2015,0.00042749999556690454
route,serial_wall_clock,2,rc103C15,1470,0.0003716455030371435,2015,0.000743291006074287
route,serial_wall_clock,6,rc103C15,1471,0.00018116649880539626,2015,0.0010869989928323776
route,serial_wall_clock,8,rc103C15,1479,3.2963876947178505e-05,2015,0.00026371101557742804
route,serial_wall_clock,318,rc103C15,1534,1.6139868724470337e-06,2015,0.0005132478254381567
route,serial_wall_clock,5,rc103C15,1564,8.327500545419752e-05,2015,0.00041637502727098763
route,serial_wall_clock,5,rc103C15,1607,0.0001256085990462452,2015,0.0006280429952312261
route,serial_wall_clock,2,rc103C15,1624,0.00028612499590963125,2015,0.0005722499918192625
route,serial_wall_clock,69,rc103C15,1629,1.1511447340034056e-05,2015,0.0007942898664623499
route,serial_wall_clock,4,rc103C15,1641,0.00016240624972851947,2015,0.0006496249989140779
route,serial_wall_clock,8,rc103C15,1654,8.993237497634254e-05,2015,0.0007194589998107404
route,serial_wall_clock,6,rc103C15,1659,0.00011088183479538809,2015,0.0006652910087723285
route,serial_wall_clock,52,rc103C15,1677,1.5291749990025823e-05,2015,0.0007951709994813427
route,serial_wall_clock,1,rc103C15,1696,0.0008254169952124357,2015,0.0008254169952124357
route,serial_wall_clock,29,rc103C15,1721,1.4586204558546687e-05,2015,0.0004229999321978539
route,serial_wall_clock,170,rc103C15,1725,2.9203233733663665e-06,2015,0.0004964549734722823
route,serial_wall_clock,9,rc103C15,1767,3.239789091619766e-05,2015,0.000291581018245779
route,serial_wall_clock,14,rc103C15,1804,2.9779642188389387e-05,2015,0.0004169149906374514
route,serial_wall_clock,3,rc103C15,181,0.0001377360022161156,2015,0.0004132080066483468
route,serial_wall_clock,33,rc103C15,1819,1.6632486332320806e-05,2015,0.0005488720489665866
route,serial_wall_clock,754,rc103C15,1830,3.2001472663737103e-06,2015,0.0024129110388457775
route,serial_wall_clock,2,rc103C15,184,0.00029737449949607253,2015,0.0005947489989921451
route,serial_wall_clock,3,rc103C15,186,0.00018666666680170843,2015,0.0005600000004051253
route,serial_wall_clock,37,rc103C15,1861,1.4186837959002603e-05,2015,0.0005249130044830963
route,serial_wall_clock,12,rc103C15,1864,5.27570858442535e-05,2015,0.000633085030131042
route,serial_wall_clock,8,rc103C15,1893,5.215625060372986e-05,2015,0.00041725000482983887
route,serial_wall_clock,4,rc103C15,1899,0.000136416496388847,2015,0.000545665985555388
route,serial_wall_clock,106,rc103C15,1904,6.068359103870912e-06,2015,0.0006432460650103167
route,serial_wall_clock,15,rc103C15,1925,4.0380668360739945e-05,2015,0.0006057100254110992
route,serial_wall_clock,5,rc103C15,1927,0.00011906679719686508,2015,0.0005953339859843254
route,serial_wall_clock,8,rc103C15,1952,4.422412530402653e-05,2015,0.00035379300243221223
route,serial_wall_clock,46,rc103C15,1964,2.022282664572982e-05,2015,0.0009302500257035717
route,serial_wall_clock,481,rc103C15,1971,1.6836967382661364e-06,2015,0.0008098581311060116
route,serial_wall_clock,67,rc103C15,1998,9.389954302876965e-06,2015,0.0006291269382927567
route,serial_wall_clock,13,rc103C15,2,3.426607648949497e-05,2015,0.0004454589943634346
route,serial_wall_clock,42,rc103C15,2003,1.8212286314727472e-05,2015,0.0007649160252185538
route,serial_wall_clock,8,rc103C15,2104,3.362987263244577e-05,2015,0.00026903898105956614
route,serial_wall_clock,106,rc103C15,2111,4.197263684923286e-06,2015,0.00044490995060186833
route,serial_wall_clock,12,rc103C15,2124,4.244791731859247e-05,2015,0.0005093750078231096
route,serial_wall_clock,2,rc103C15,2173,0.00021081250451970845,2015,0.0004216250090394169
route,serial_wall_clock,1,rc103C15,2180,0.0008348749979631975,2015,0.0008348749979631975
route,serial_wall_clock,29,rc103C15,2183,4.81899970227146e-06,2015,0.00013975099136587232
route,serial_wall_clock,24,rc103C15,2222,2.5822956862005714e-05,2015,0.0006197509646881372
route,serial_wall_clock,420,rc103C15,2232,2.6194022904660196e-06,2015,0.0011001489619957283
route,serial_wall_clock,2,rc103C15,2252,0.0004113540053367615,2015,0.000822708010673523
route,serial_wall_clock,10,rc103C15,2263,6.557510205311701e-05,2015,0.0006557510205311701
route,serial_wall_clock,3,rc103C15,2265,0.00023255533596966416,2015,0.0006976660079089925
route,serial_wall_clock,45,rc103C15,2272,1.1428642513540884e-05,2015,0.0005142889131093398
route,serial_wall_clock,2,rc103C15,2274,0.0006232294981600717,2015,0.0012464589963201433
route,serial_wall_clock,1,rc103C15,2275,0.0007830829999875277,2015,0.0007830829999875277
route,serial_wall_clock,2,rc103C15,2278,0.0005356245092116296,2015,0.0010712490184232593
route,serial_wall_clock,1,rc103C15,2280,0.0007017500029178336,2015,0.0007017500029178336
route,serial_wall_clock,8,rc103C15,2297,5.5411623179679736e-05,2015,0.0004432929854374379
route,serial_wall_clock,77,rc103C15,2303,1.0598532919009978e-05,2015,0.0008160870347637683
route,serial_wall_clock,19,rc103C15,2321,3.228952425017365e-05,2015,0.0006135009607532993
route,serial_wall_clock,1,rc103C15,2353,0.0006415420066332445,2015,0.0006415420066332445
route,serial_wall_clock,5,rc103C15,2358,0.00012664139794651418,2015,0.000633206989732571
route,serial_wall_clock,6,rc103C15,2374,4.781916504725814e-05,2015,0.00028691499028354883
route,serial_wall_clock,3,rc103C15,2376,0.0002654859999893233,2015,0.00079645799996797
route,serial_wall_clock,9,rc103C15,2405,5.3351777347011696e-05,2015,0.0004801659961231053
route,serial_wall_clock,30,rc103C15,30,1.9376266573090105e-05,2015,0.0005812879971927032
route,serial_wall_clock,23,rc103C15,314,1.1242695820882268e-05,2015,0.0002585820038802922
route,serial_wall_clock,7,rc103C15,35,0.00010521428235473909,2015,0.0007364999764831737
route,serial_wall_clock,3,rc103C15,350,0.00010191700130235404,2015,0.0003057510039070621
route,serial_wall_clock,7,rc103C15,375,3.5440428681405524e-05,2015,0.0002480830007698387
route,serial_wall_clock,7,rc103C15,383,6.048214397326644e-05,2015,0.0004233750078128651
route,serial_wall_clock,42,rc103C15,388,1.1428523672899852e-05,2015,0.0004799979942617938
route,serial_wall_clock,1,rc103C15,391,0.0006007909978507087,2015,0.0006007909978507087
route,serial_wall_clock,16,rc103C15,398,3.728893898369279e-05,2015,0.0005966230237390846
route,serial_wall_clock,8,rc103C15,415,5.189062540011946e-05,2015,0.0004151250032009557
route,serial_wall_clock,5,rc103C15,436,8.173359674401581e-05,2015,0.00040866798372007906
route,serial_wall_clock,5,rc103C15,445,5.8641799842007455e-05,2015,0.0002932089992100373
route,serial_wall_clock,8,rc103C15,447,3.621899668360129e-05,2015,0.0002897519734688103
route,serial_wall_clock,1,rc103C15,449,0.0003117079904768616,2015,0.0003117079904768616
route,serial_wall_clock,1,rc103C15,450,0.00031966700043994933,2015,0.00031966700043994933
route,serial_wall_clock,3,rc103C15,459,0.00013540300521223495,2015,0.00040620901563670486
route,serial_wall_clock,15,rc103C15,461,3.396380052436143e-05,2015,0.0005094570078654215
route,serial_wall_clock,1,rc103C15,466,0.0005640839954139665,2015,0.0005640839954139665
route,serial_wall_clock,6,rc103C15,476,6.49304978045014e-05,2015,0.0003895829868270084
route,serial_wall_clock,2,rc103C15,477,0.0003031250016647391,2015,0.0006062500033294782
route,serial_wall_clock,3,rc103C15,481,0.0001604859959722186,2015,0.00048145798791665584
route,serial_wall_clock,32,rc103C15,482,1.6590000541327754e-05,2015,0.0005308800173224881
route,serial_wall_clock,1,rc103C15,50,0.00048704199434723705,2015,0.00048704199434723705
route,serial_wall_clock,4,rc103C15,512,8.501050251652487e-05,2015,0.00034004201006609946
route,serial_wall_clock,13,rc103C15,524,2.153823040246677e-05,2015,0.000279996995232068
route,serial_wall_clock,1,rc103C15,534,0.00046070800453890115,2015,0.00046070800453890115
route,serial_wall_clock,4,rc103C15,573,0.00020480224702623673,2015,0.0008192089881049469
route,serial_wall_clock,128,rc103C15,582,6.189718646965048e-06,2015,0.0007922839868115261
route,serial_wall_clock,1632,rc103C15,611,1.6353002922865106e-06,2015,0.0026688100770115852
route,serial_wall_clock,107,rc103C15,649,5.0322707006968905e-06,2015,0.0005384529649745673
route,serial_wall_clock,8,rc103C15,65,4.0541752241551876e-05,2015,0.000324334017932415
route,serial_wall_clock,1,rc103C15,666,0.0008217499998863786,2015,0.0008217499998863786
route,serial_wall_clock,3,rc103C15,677,0.00014272199769038707,2015,0.0004281659930711612
route,serial_wall_clock,9,rc103C15,680,5.984733515005145e-05,2015,0.000538626016350463
route,serial_wall_clock,1,rc103C15,684,0.0006428750057239085,2015,0.0006428750057239085
route,serial_wall_clock,3,rc103C15,686,0.00015241666308914623,2015,0.00045724998926743865
route,serial_wall_clock,12,rc103C15,687,3.7854166293982416e-05,2015,0.000454249995527789
route,serial_wall_clock,1,rc103C15,692,0.0005330830026650801,2015,0.0005330830026650801
route,serial_wall_clock,6,rc103C15,718,6.095833668950945e-05,2015,0.0003657500201370567
route,serial_wall_clock,21,rc103C15,724,0.00012355747873828347,2015,0.002594707053503953
route,serial_wall_clock,2,rc103C15,729,0.00034874999983003363,2015,0.0006974999996600673
route,serial_wall_clock,13,rc103C15,733,8.49361598599129e-06,2015,0.00011041700781788677
route,serial_wall_clock,17,rc103C15,757,2.24581770667368e-05,2015,0.0003817890101345256
route,serial_wall_clock,2,rc103C15,772,0.000486396013002377,2015,0.000972792026004754
route,serial_wall_clock,3,rc103C15,808,0.00015084699164920798,2015,0.0004525409749476239
route,serial_wall_clock,5,rc103C15,859,0.00027790000021923336,2015,0.0013895000010961667
route,serial_wall_clock,34,rc103C15,870,1.776597020901082e-05,2015,0.0006040429871063679
route,serial_wall_clock,26,rc103C15,921,3.1661770033399356e-05,2015,0.0008232060208683833
route,serial_wall_clock,2,rc103C15,93,0.00036431300395634025,2015,0.0007286260079126805
route,serial_wall_clock,24,rc103C15,940,3.40139164715462e-05,2015,0.0008163339953171089
route,serial_wall_clock,224,rc103C15,955,2.5550312524761206e-06,2015,0.000572327000554651
route,serial_wall_clock,1,rc103C15,959,0.0006169999978737906,2015,0.0006169999978737906
route,serial_wall_clock,7,rc103C15,96,4.749971100993987e-05,2015,0.00033249797706957906
route,serial_wall_clock,1250,rc103C15,962,2.0171875017695127e-06,2015,0.002521484377211891
route,serial_wall_clock,2,rc103C15,97,0.00021362500410759822,2015,0.00042725000821519643
route,serial_wall_clock,1,rc103C15,974,0.0006148749962449074,2015,0.0006148749962449074
route,serial_wall_clock,8,rc103C15,994,0.0001113333746616263,2015,0.0008906669972930104
operator,parallel_wall_clock,1168,rc103C15,energy,0.00012820929627295835,2015,0.14974845804681536
operator,parallel_wall_clock,1874,rc103C15,greedy,2.3408598147144815e-05,2015,0.04386771292774938
operator,parallel_wall_clock,8,rc103C15,initial_solution,0.06981381750119908,2015,0.5585105400095927
operator,parallel_wall_clock,2150,rc103C15,regret2,2.502524289898141e-05,2015,0.053804272232810035
operator,parallel_wall_clock,2,rc103C15,relocate,3.335007932037115e-07,2015,6.67001586407423e-07
operator,parallel_wall_clock,132,rc103C15,route_elimination,1.6009135199992947e-07,2015,2.113205846399069e-05
operator,parallel_wall_clock,180,rc103C15,route_merge,2.118166270924525e-07,2015,3.812699287664145e-05
operator,parallel_wall_clock,2,rc103C15,route_segment_destroy,2.9200600693002343e-07,2015,5.840120138600469e-07
operator,parallel_wall_clock,179,rc103C15,shaw_related,2.667427033071495e-07,2015,4.7746943891979754e-05
operator,parallel_wall_clock,284,rc103C15,standard,1.7340164664398196e-07,2015,4.924606764689088e-05
operator,parallel_wall_clock,64,rc103C15,station_pressure,1.433976490261557e-05,2015,0.0009177449537673965
operator,parallel_wall_clock,2,rc103C15,swap,2.710003172978759e-07,2015,5.420006345957518e-07
operator,parallel_wall_clock,32,rc103C15,time_window_conflict,2.603433131298516e-07,2015,8.330986020155251e-06
operator,parallel_wall_clock,2,rc103C15,two_opt_star,2.0849984139204025e-07,2015,4.169996827840805e-07
operator,parallel_wall_clock,2871,rc103C15,vehicle_count_aware_repair,8.700513123193686e-06,2015,0.024979173176689073
operator,parallel_wall_clock,20,rc103C15,worst_energy_detour,2.208500518463552e-07,2015,4.417001036927104e-06
route,parallel_wall_clock,2,rc103C15,1015,0.0004695000025094487,2015,0.0009390000050188974
route,parallel_wall_clock,3,rc103C15,1019,0.0004840420006075874,2015,0.0014521260018227622
route,parallel_wall_clock,4,rc103C15,102,0.0002491769992047921,2015,0.0009967079968191683
route,parallel_wall_clock,55,rc103C15,1024,2.116136258171702e-05,2015,0.001163874941994436
route,parallel_wall_clock,2,rc103C15,1046,0.0004056250036228448,2015,0.0008112500072456896
route,parallel_wall_clock,4,rc103C15,1059,0.0003537400007189717,2015,0.0014149600028758869
route,parallel_wall_clock,59,rc103C15,1063,1.9707541885170138e-05,2015,0.0011627449712250382
route,parallel_wall_clock,3,rc103C15,1079,0.00041077766703286517,2015,0.0012323330010985956
route,parallel_wall_clock,23,rc103C15,1106,2.8016260804851417e-05,2015,0.0006443739985115826
route,parallel_wall_clock,194,rc103C15,1112,4.1382780032155595e-06,2015,0.0008028259326238185
route,parallel_wall_clock,160,rc103C15,1128,5.9422506637929475e-06,2015,0.0009507601062068716
route,parallel_wall_clock,20,rc103C15,114,5.534165175049566e-05,2015,0.0011068330350099131
route,parallel_wall_clock,9,rc103C15,1161,8.600900117825303e-05,2015,0.0007740810106042773
route,parallel_wall_clock,10,rc103C15,1162,9.867510234471411e-05,2015,0.000986751023447141
route,parallel_wall_clock,1,rc103C15,1165,0.0009147500095423311,2015,0.0009147500095423311
route,parallel_wall_clock,12,rc103C15,118,0.00013613883371969374,2015,0.001633666004636325
route,parallel_wall_clock,16,rc103C15,1193,3.177605958626373e-05,2015,0.0005084169533802196
route,parallel_wall_clock,14,rc103C15,1194,5.2464289183262736e-05,2015,0.0007345000485656783
route,parallel_wall_clock,7,rc103C15,1195,0.00013288071620211537,2015,0.0009301650134148076
route,parallel_wall_clock,21,rc103C15,12,4.338290420405212e-05,2015,0.0009110409882850945
route,parallel_wall_clock,5,rc103C15,1208,0.00019602480169851334,2015,0.0009801240084925666
route,parallel_wall_clock,340,rc103C15,1209,3.7567147314000657e-06,2015,0.0012772830086760223
route,parallel_wall_clock,2,rc103C15,1223,0.0005613750035990961,2015,0.0011227500071981922
route,parallel_wall_clock,11,rc103C15,1231,8.491663902532309e-05,2015,0.000934083029278554
route,parallel_wall_clock,6,rc103C15,1233,0.00017173633144314712,2015,0.0010304179886588827
route,parallel_wall_clock,87,rc103C15,1251,1.1185850833018107e-05,2015,0.0009731690224725753
route,parallel_wall_clock,26,rc103C15,1252,4.005927005961824e-05,2015,0.0010415410215500742
route,parallel_wall_clock,4,rc103C15,1255,0.0002733332512434572,2015,0.0010933330049738288
route,parallel_wall_clock,3,rc103C15,1256,0.0003671530042386924,2015,0.0011014590127160773
route,parallel_wall_clock,3,rc103C15,1259,0.0003198609920218587,2015,0.0009595829760655761
route,parallel_wall_clock,30,rc103C15,1267,3.152223410628115e-05,2015,0.0009456670231884345
route,parallel_wall_clock,31,rc103C15,1268,2.8713741020539835e-05,2015,0.0008901259716367349
route,parallel_wall_clock,746,rc103C15,1296,0.00018735425750804246,2015,0.13976627610099968
route,parallel_wall_clock,41,rc103C15,1350,2.4769340908700008e-05,2015,0.0010155429772567004
route,parallel_wall_clock,5,rc103C15,1351,0.0002028165996307507,2015,0.0010140829981537536
route,parallel_wall_clock,5,rc103C15,1386,0.00021940779697615653,2015,0.0010970389848807827
route,parallel_wall_clock,2,rc103C15,1389,0.0005376250046538189,2015,0.0010752500093076378
route,parallel_wall_clock,27,rc103C15,1391,5.200140758124353e-05,2015,0.0014040380046935752
route,parallel_wall_clock,12,rc103C15,1459,5.797575067845173e-05,2015,0.0006957090081414208
route,parallel_wall_clock,3,rc103C15,1460,0.0002927219999643664,2015,0.0008781659998930991
route,parallel_wall_clock,13,rc103C15,1461,8.087831128460284e-05,2015,0.0010514180466998369
route,parallel_wall_clock,4,rc103C15,147,0.0002123437479895074,2015,0.0008493749919580296
route,parallel_wall_clock,2,rc103C15,1470,0.0005107710021547973,2015,0.0010215420043095946
route,parallel_wall_clock,6,rc103C15,1471,0.00021314567372125262,2015,0.0012788740423275158
route,parallel_wall_clock,8,rc103C15,1479,8.528637226845603e-05,2015,0.0006822909781476483
route,parallel_wall_clock,318,rc103C15,1534,2.6661221929327965e-06,2015,0.0008478268573526293
route,parallel_wall_clock,5,rc103C15,1564,0.00017004980181809515,2015,0.0008502490090904757
route,parallel_wall_clock,5,rc103C15,1607,0.00017817479965742677,2015,0.0008908739982871339
route,parallel_wall_clock,2,rc103C15,1624,0.0005258959936327301,2015,0.0010517919872654602
route,parallel_wall_clock,69,rc103C15,1629,1.5381637385344483e-05,2015,0.0010613329795887694
route,parallel_wall_clock,4,rc103C15,1641,0.0002677707489056047,2015,0.0010710829956224188
route,parallel_wall_clock,8,rc103C15,1654,0.00014233862384571694,2015,0.0011387089907657355
route,parallel_wall_clock,6,rc103C15,1659,0.0001568193304895734,2015,0.0009409159829374403
route,parallel_wall_clock,52,rc103C15,1677,3.176834742099835e-05,2015,0.001651954065891914
route,parallel_wall_clock,1,rc103C15,1696,0.0011451669997768477,2015,0.0011451669997768477
route,parallel_wall_clock,29,rc103C15,1721,3.11536885043285e-05,2015,0.0009034569666255265
route,parallel_wall_clock,170,rc103C15,1725,5.317682670840226e-06,2015,0.0009040060540428385
route,parallel_wall_clock,9,rc103C15,1767,6.247677730344649e-05,2015,0.0005622909957310185
route,parallel_wall_clock,14,rc103C15,1804,8.047014229565061e-05,2015,0.0011265819921391085
route,parallel_wall_clock,3,rc103C15,181,0.00039851400166905176,2015,0.0011955420050071552
route,parallel_wall_clock,33,rc103C15,1819,3.323739237561257e-05,2015,0.001096833948395215
route,parallel_wall_clock,754,rc103C15,1830,0.00018536591896894128,2015,0.13976590290258173
route,parallel_wall_clock,2,rc103C15,184,0.00047354200069094077,2015,0.0009470840013818815
route,parallel_wall_clock,3,rc103C15,186,0.0003318056697025895,2015,0.0009954170091077685
route,parallel_wall_clock,37,rc103C15,1861,2.4145188650141495e-05,2015,0.0008933719800552353
route,parallel_wall_clock,12,rc103C15,1864,8.465966554164576e-05,2015,0.0010159159864997491
route,parallel_wall_clock,8,rc103C15,1893,9.99844978650799e-05,2015,0.0007998759829206392
route,parallel_wall_clock,4,rc103C15,1899,0.00022142724628793076,2015,0.000885708985151723
route,parallel_wall_clock,106,rc103C15,1904,8.82784029873053e-06,2015,0.000935751071665436
route,parallel_wall_clock,15,rc103C15,1925,5.543893397164841e-05,2015,0.0008315840095747262
route,parallel_wall_clock,5,rc103C15,1927,0.00017166659818030895,2015,0.0008583329909015447
route,parallel_wall_clock,8,rc103C15,1952,0.00010705174827307928,2015,0.0008564139861846343
route,parallel_wall_clock,46,rc103C15,1964,2.1643108440279637e-05,2015,0.0009955829882528633
route,parallel_wall_clock,481,rc103C15,1971,3.456833117434333e-06,2015,0.0016627367294859141
route,parallel_wall_clock,67,rc103C15,1998,1.9603209707316066e-05,2015,0.0013134150503901765
route,parallel_wall_clock,13,rc103C15,2,6.122761764205419e-05,2015,0.0007959590293467045
route,parallel_wall_clock,42,rc103C15,2003,3.0093310799981866e-05,2015,0.0012639190535992384
route,parallel_wall_clock,8,rc103C15,2104,7.695838030485902e-05,2015,0.0006156670424388722
route,parallel_wall_clock,106,rc103C15,2111,7.751114163459894e-06,2015,0.0008216181013267487
route,parallel_wall_clock,12,rc103C15,2124,9.191658318741247e-05,2015,0.0011029989982489496
route,parallel_wall_clock,2,rc103C15,2173,0.00038125050195958465,2015,0.0007625010039191693
route,parallel_wall_clock,1,rc103C15,2180,0.00114824999764096,2015,0.00114824999764096
route,parallel_wall_clock,29,rc103C15,2183,1.6899380515779142e-05,2015,0.0004900820349575952
route,parallel_wall_clock,24,rc103C15,2222,3.983162484170558e-05,2015,0.000955958996200934
route,parallel_wall_clock,420,rc103C15,2232,3.2670449443338883e-06,2015,0.001372158876620233
route,parallel_wall_clock,2,rc103C15,2252,0.0005406249983934686,2015,0.0010812499967869371
route,parallel_wall_clock,10,rc103C15,2263,0.00015052079688757659,2015,0.0015052079688757658
route,parallel_wall_clock,3,rc103C15,2265,0.0004072083344605441,2015,0.0012216250033816323
route,parallel_wall_clock,45,rc103C15,2272,1.9322289153933526e-05,2015,0.0008695030119270086
route,parallel_wall_clock,2,rc103C15,2274,0.0007928955019451678,2015,0.0015857910038903356
route,parallel_wall_clock,1,rc103C15,2275,0.001026708006975241,2015,0.001026708006975241
route,parallel_wall_clock,2,rc103C15,2278,0.000523999500728678,2015,0.001047999001457356
route,parallel_wall_clock,1,rc103C15,2280,0.0015258339990396053,2015,0.0015258339990396053
route,parallel_wall_clock,8,rc103C15,2297,9.059912554221228e-05,2015,0.0007247930043376982
route,parallel_wall_clock,77,rc103C15,2303,1.536096127207887e-05,2015,0.0011827940179500729
route,parallel_wall_clock,19,rc103C15,2321,4.542326343270313e-05,2015,0.0008630420052213594
route,parallel_wall_clock,1,rc103C15,2353,0.0009840419952524826,2015,0.0009840419952524826
route,parallel_wall_clock,5,rc103C15,2358,0.00019405839848332107,2015,0.0009702919924166054
route,parallel_wall_clock,6,rc103C15,2374,9.745866555022076e-05,2015,0.0005847519933013245
route,parallel_wall_clock,3,rc103C15,2376,0.000393860997670951,2015,0.001181582993012853
route,parallel_wall_clock,9,rc103C15,2405,8.858344355960273e-05,2015,0.0007972509920364246
route,parallel_wall_clock,30,rc103C15,30,2.9258468324163307e-05,2015,0.0008777540497248992
route,parallel_wall_clock,23,rc103C15,314,2.854882610415149e-05,2015,0.0006566230003954843
route,parallel_wall_clock,7,rc103C15,35,0.00015054171256321882,2015,0.0010537919879425317
route,parallel_wall_clock,3,rc103C15,350,0.00022227800218388438,2015,0.0006668340065516531
route,parallel_wall_clock,7,rc103C15,375,7.796428898083312e-05,2015,0.0005457500228658319
route,parallel_wall_clock,7,rc103C15,383,0.0001035358602946092,2015,0.0007247510220622644
route,parallel_wall_clock,42,rc103C15,388,2.3850214174239054e-05,2015,0.0010017089953180403
route,parallel_wall_clock,1,rc103C15,391,0.0009695000044303015,2015,0.0009695000044303015
route,parallel_wall_clock,16,rc103C15,398,5.554675135499565e-05,2015,0.0008887480216799304
route,parallel_wall_clock,8,rc103C15,415,8.7864747911226e-05,2015,0.000702917983289808
route,parallel_wall_clock,5,rc103C15,436,0.00021016680111642926,2015,0.0010508340055821463
route,parallel_wall_clock,5,rc103C15,445,0.0001370752026559785,2015,0.0006853760132798925
route,parallel_wall_clock,8,rc103C15,447,8.98177495400887e-05,2015,0.0007185419963207096
route,parallel_wall_clock,1,rc103C15,449,0.0006726249994244426,2015,0.0006726249994244426
route,parallel_wall_clock,1,rc103C15,450,0.000698582996847108,2015,0.000698582996847108
route,parallel_wall_clock,3,rc103C15,459,0.0003657636649829025,2015,0.0010972909949487075
route,parallel_wall_clock,15,rc103C15,461,6.917779974173755e-05,2015,0.0010376669961260632
route,parallel_wall_clock,1,rc103C15,466,0.0009292920003645122,2015,0.0009292920003645122
route,parallel_wall_clock,6,rc103C15,476,0.00015472900364936018,2015,0.0009283740218961611
route,parallel_wall_clock,2,rc103C15,477,0.0005235209973761812,2015,0.0010470419947523624
route,parallel_wall_clock,3,rc103C15,481,0.00030481999662394327,2015,0.0009144599898718297
route,parallel_wall_clock,32,rc103C15,482,2.780596832963056e-05,2015,0.0008897909865481779
route,parallel_wall_clock,1,rc103C15,50,0.0009612919966457412,2015,0.0009612919966457412
route,parallel_wall_clock,4,rc103C15,512,0.0001626247503736522,2015,0.0006504990014946088
route,parallel_wall_clock,13,rc103C15,524,5.0833308845400236e-05,2015,0.0006608330149902031
route,parallel_wall_clock,1,rc103C15,534,0.0009017499978654087,2015,0.0009017499978654087
route,parallel_wall_clock,4,rc103C15,573,0.0002977084986923728,2015,0.0011908339947694913
route,parallel_wall_clock,128,rc103C15,582,8.743491662244196e-06,2015,0.001119166932767257
route,parallel_wall_clock,1632,rc103C15,611,8.580630709926197e-05,2015,0.14003589318599552
route,parallel_wall_clock,107,rc103C15,649,8.633991575007823e-06,2015,0.0009238370985258371
route,parallel_wall_clock,8,rc103C15,65,8.903624802769627e-05,2015,0.0007122899842215702
route,parallel_wall_clock,1,rc103C15,666,0.0012465830077417195,2015,0.0012465830077417195
route,parallel_wall_clock,3,rc103C15,677,0.00036422199627850205,2015,0.0010926659888355061
route,parallel_wall_clock,9,rc103C15,680,9.034722299677216e-05,2015,0.0008131250069709495
route,parallel_wall_clock,1,rc103C15,684,0.0009417910041520372,2015,0.0009417910041520372
route,parallel_wall_clock,3,rc103C15,686,0.0408616663335124,2015,0.12258499900053721
route,parallel_wall_clock,12,rc103C15,687,0.00011247916457553704,2015,0.0013497499749064445
route,parallel_wall_clock,1,rc103C15,692,0.0007849170069675893,2015,0.0007849170069675893
route,parallel_wall_clock,6,rc103C15,718,0.00019891666306648403,2015,0.0011934999783989042
route,parallel_wall_clock,21,rc103C15,724,5.1803428851555855e-05,2015,0.001087872005882673
route,parallel_wall_clock,2,rc103C15,729,0.00047752098907949403,2015,0.0009550419781589881
route,parallel_wall_clock,13,rc103C15,733,3.5439073914088883e-05,2015,0.00046070796088315547
route,parallel_wall_clock,17,rc103C15,757,6.394870733321808e-05,2015,0.0010871280246647075
route,parallel_wall_clock,2,rc103C15,772,0.000767458499467466,2015,0.001534916998934932
route,parallel_wall_clock,3,rc103C15,808,0.0002886806711709748,2015,0.0008660420135129243
route,parallel_wall_clock,5,rc103C15,859,0.0001366083975881338,2015,0.0006830419879406691
route,parallel_wall_clock,34,rc103C15,870,3.1574823558056616e-05,2015,0.001073544000973925
route,parallel_wall_clock,26,rc103C15,921,4.160580787216671e-05,2015,0.0010817510046763346
route,parallel_wall_clock,2,rc103C15,93,0.0005554375020437874,2015,0.0011108750040875748
route,parallel_wall_clock,24,rc103C15,940,4.72065845921558e-05,2015,0.0011329580302117392
route,parallel_wall_clock,224,rc103C15,955,3.9933042899065185e-06,2015,0.0008945001609390602
route,parallel_wall_clock,1,rc103C15,959,0.0009220829961122945,2015,0.0009220829961122945
route,parallel_wall_clock,7,rc103C15,96,9.064300060604833e-05,2015,0.0006345010042423382
route,parallel_wall_clock,1250,rc103C15,962,0.00011192832647357137,2015,0.1399104080919642
route,parallel_wall_clock,2,rc103C15,97,0.0004258124899934046,2015,0.0008516249799868092
route,parallel_wall_clock,1,rc103C15,974,0.0009977080044336617,2015,0.0009977080044336617
route,parallel_wall_clock,8,rc103C15,994,0.00010810425010276958,2015,0.0008648340008221567
operator,serial_fixed_exact_calls,73,rc103C15,energy,3.0446904854951044e-05,2016,0.002222624054411426
operator,serial_fixed_exact_calls,96,rc103C15,greedy,2.5905780906517368e-05,2016,0.0024869549670256674
operator,serial_fixed_exact_calls,8,rc103C15,initial_solution,0.0011418957492423942,2016,0.009135165993939154
operator,serial_fixed_exact_calls,53,rc103C15,regret2,3.556516965991765e-05,2016,0.0018849539919756353
operator,serial_fixed_exact_calls,2,rc103C15,relocate,2.500019036233425e-07,2016,5.00003807246685e-07
operator,serial_fixed_exact_calls,40,rc103C15,route_elimination,1.6049889381974935e-07,2016,6.419955752789974e-06
operator,serial_fixed_exact_calls,32,rc103C15,route_merge,1.6925059753702953e-07,2016,5.416019121184945e-06
operator,serial_fixed_exact_calls,2,rc103C15,route_segment_destroy,2.0849984139204025e-07,2016,4.169996827840805e-07
operator,serial_fixed_exact_calls,11,rc103C15,shaw_related,2.119089582596313e-07,2016,2.330998540855944e-06
operator,serial_fixed_exact_calls,4,rc103C15,standard,1.8774881027638912e-07,2016,7.509952411055565e-07
operator,serial_fixed_exact_calls,4,rc103C15,station_pressure,0.00012911450176034123,2016,0.0005164580070413649
operator,serial_fixed_exact_calls,2,rc103C15,swap,2.4999462766572833e-07,2016,4.999892553314567e-07
operator,serial_fixed_exact_calls,2,rc103C15,two_opt_star,1.6650301404297352e-07,2016,3.3300602808594704e-07
operator,serial_fixed_exact_calls,126,rc103C15,vehicle_count_aware_repair,2.70546109291784e-05,2016,0.0034088809770764783
route,serial_fixed_exact_calls,21,rc103C15,1008,1.9347191915758665e-05,2016,0.00040629103023093194
route,serial_fixed_exact_calls,101,rc103C15,1250,2.2792919984981785e-05,2016,0.0023020849184831604
route,serial_fixed_exact_calls,6,rc103C15,1364,0.00012510399877404174,2016,0.0007506239926442504
route,serial_fixed_exact_calls,1,rc103C15,1544,0.0007190000033006072,2016,0.0007190000033006072
route,serial_fixed_exact_calls,2,rc103C15,1594,0.00023329199757426977,2016,0.00046658399514853954
route,serial_fixed_exact_calls,2,rc103C15,232,0.0002029370007221587,2016,0.0004058740014443174
route,serial_fixed_exact_calls,2,rc103C15,25,0.00016656250227242708,2016,0.00033312500454485416
route,serial_fixed_exact_calls,1,rc103C15,315,0.00026737499865703285,2016,0.00026737499865703285
route,serial_fixed_exact_calls,1,rc103C15,353,0.0008396670018555596,2016,0.0008396670018555596
route,serial_fixed_exact_calls,91,rc103C15,389,2.5276999932120215e-05,2016,0.0023002069938229397
route,serial_fixed_exact_calls,1,rc103C15,458,0.0005746660026488826,2016,0.0005746660026488826
route,serial_fixed_exact_calls,1,rc103C15,556,0.00027145798958372325,2016,0.00027145798958372325
route,serial_fixed_exact_calls,24,rc103C15,594,2.223958351047865e-05,2016,0.0005337500042514876
route,serial_fixed_exact_calls,99,rc103C15,601,2.3362777993139446e-05,2016,0.002312915021320805
route,serial_fixed_exact_calls,1,rc103C15,671,0.000515749998157844,2016,0.000515749998157844
route,serial_fixed_exact_calls,10,rc103C15,746,7.18000010238029e-05,2016,0.0007180000102380291
route,serial_fixed_exact_calls,8,rc103C15,787,6.333850069495384e-05,2016,0.0005067080055596307
route,serial_fixed_exact_calls,1,rc103C15,795,0.0006214580062078312,2016,0.0006214580062078312
route,serial_fixed_exact_calls,74,rc103C15,833,3.1035513431463086e-05,2016,0.0022966279939282686
route,serial_fixed_exact_calls,3,rc103C15,909,0.0002542080037528649,2016,0.0007626240112585947
route,serial_fixed_exact_calls,1,rc103C15,912,0.0006291250028880313,2016,0.0006291250028880313
route,serial_fixed_exact_calls,4,rc103C15,969,0.0002844479931809474,2016,0.0011377919727237895
operator,parallel_fixed_exact_calls,73,rc103C15,energy,5.436235558790193e-05,2016,0.003968451957916841
operator,parallel_fixed_exact_calls,96,rc103C15,greedy,6.650648932312227e-05,2016,0.006384622975019738
operator,parallel_fixed_exact_calls,8,rc103C15,initial_solution,0.07280979675306298,2016,0.5824783740245039
operator,parallel_fixed_exact_calls,53,rc103C15,regret2,6.75746222149651e-05,2016,0.0035814549773931503
operator,parallel_fixed_exact_calls,2,rc103C15,relocate,4.999965312890708e-07,2016,9.999930625781417e-07
operator,parallel_fixed_exact_calls,40,rc103C15,route_elimination,1.979024091269821e-07,2016,7.916096365079284e-06
operator,parallel_fixed_exact_calls,32,rc103C15,route_merge,1.680323293840047e-07,2016,5.37703454028815e-06
operator,parallel_fixed_exact_calls,2,rc103C15,route_segment_destroy,2.0849984139204025e-07,2016,4.169996827840805e-07
operator,parallel_fixed_exact_calls,11,rc103C15,shaw_related,2.0463432354683225e-07,2016,2.250977559015155e-06
operator,parallel_fixed_exact_calls,4,rc103C15,standard,1.6675039660185575e-07,2016,6.67001586407423e-07
operator,parallel_fixed_exact_calls,4,rc103C15,station_pressure,0.00026476049970369786,2016,0.0010590419988147914
operator,parallel_fixed_exact_calls,2,rc103C15,swap,2.709930413402617e-07,2016,5.419860826805234e-07
operator,parallel_fixed_exact_calls,2,rc103C15,two_opt_star,2.2899621399119496e-07,2016,4.5799242798238993e-07
operator,parallel_fixed_exact_calls,126,rc103C15,vehicle_count_aware_repair,5.023016747722905e-05,2016,0.00632900110213086
route,parallel_fixed_exact_calls,21,rc103C15,1008,4.6444381864386653e-05,2016,0.0009753320191521198
route,parallel_fixed_exact_calls,101,rc103C15,1250,0.0014419385045017622,2016,0.145635788954678
route,parallel_fixed_exact_calls,6,rc103C15,1364,0.0003612361688283272,2016,0.0021674170129699633
route,parallel_fixed_exact_calls,1,rc103C15,1544,0.0011611250083660707,2016,0.0011611250083660707
route,parallel_fixed_exact_calls,2,rc103C15,1594,0.0005065000004833564,2016,0.0010130000009667128
route,parallel_fixed_exact_calls,2,rc103C15,232,0.0004009789990959689,2016,0.0008019579981919378
route,parallel_fixed_exact_calls,2,rc103C15,25,0.0004970209993189201,2016,0.0009940419986378402
route,parallel_fixed_exact_calls,1,rc103C15,315,0.0007008340035099536,2016,0.0007008340035099536
route,parallel_fixed_exact_calls,1,rc103C15,353,0.0012202920042909682,2016,0.0012202920042909682
route,parallel_fixed_exact_calls,91,rc103C15,389,0.0016004161881717884,2016,0.14563787312363274
route,parallel_fixed_exact_calls,1,rc103C15,458,0.000930416994378902,2016,0.000930416994378902
route,parallel_fixed_exact_calls,1,rc103C15,556,0.0005955829983577132,2016,0.0005955829983577132
route,parallel_fixed_exact_calls,24,rc103C15,594,7.027429091976956e-05,2016,0.0016865829820744693
route,parallel_fixed_exact_calls,99,rc103C15,601,0.0014712339998552142,2016,0.14565216598566622
route,parallel_fixed_exact_calls,1,rc103C15,671,0.001058416994055733,2016,0.001058416994055733
route,parallel_fixed_exact_calls,10,rc103C15,746,0.00010524589888518676,2016,0.0010524589888518676
route,parallel_fixed_exact_calls,8,rc103C15,787,0.00015441149662365206,2016,0.0012352919729892164
route,parallel_fixed_exact_calls,1,rc103C15,795,0.0009337080118712038,2016,0.0009337080118712038
route,parallel_fixed_exact_calls,74,rc103C15,833,0.0019680084194594718,2016,0.1456326230400009
route,parallel_fixed_exact_calls,3,rc103C15,909,0.0005925416723281766,2016,0.0017776250169845298
route,parallel_fixed_exact_calls,1,rc103C15,912,0.0009945829951902851,2016,0.0009945829951902851
route,parallel_fixed_exact_calls,4,rc103C15,969,0.0004906142530671787,2016,0.0019624570122687146
operator,serial_wall_clock,637,rc103C15,energy,2.4385240405587423e-05,2016,0.015533398138359189
operator,serial_wall_clock,990,rc103C15,greedy,2.190344459835835e-05,2016,0.021684410152374767
operator,serial_wall_clock,8,rc103C15,initial_solution,0.0013678802533831913,2016,0.01094304202706553
operator,serial_wall_clock,532,rc103C15,regret2,2.3903785910434616e-05,2016,0.012716814104351215
operator,serial_wall_clock,2,rc103C15,relocate,2.9200600693002343e-07,2016,5.840120138600469e-07
operator,serial_wall_clock,224,rc103C15,route_elimination,1.438035854204957e-07,2016,3.2212003134191036e-05
operator,serial_wall_clock,204,rc103C15,route_merge,1.69279291203209e-07,2016,3.4532975405454636e-05
operator,serial_wall_clock,2,rc103C15,route_segment_destroy,2.500091795809567e-07,2016,5.000183591619134e-07
operator,serial_wall_clock,211,rc103C15,shaw_related,2.947913883342209e-07,2016,6.220098293852061e-05
operator,serial_wall_clock,100,rc103C15,standard,1.6664998838678003e-07,2016,1.6664998838678002e-05
operator,serial_wall_clock,36,rc103C15,station_pressure,1.606027783256852e-05,2016,0.0005781700019724667
operator,serial_wall_clock,2,rc103C15,swap,2.2949825506657362e-07,2016,4.5899651013314724e-07
operator,serial_wall_clock,16,rc103C15,time_window_conflict,2.1331379684852436e-07,2016,3.41302074957639e-06
operator,serial_wall_clock,2,rc103C15,two_opt_star,2.0800507627427578e-07,2016,4.1601015254855156e-07
operator,serial_wall_clock,3127,rc103C15,vehicle_count_aware_repair,3.5805389214203425e-06,2016,0.01119634520728141
operator,serial_wall_clock,36,rc103C15,worst_energy_detour,2.41889210883528e-07,2016,8.708011591807008e-06
route,serial_wall_clock,170,rc103C15,1008,2.3021530496942646e-06,2016,0.000391366018448025
route,serial_wall_clock,1,rc103C15,1032,0.0005107909964863211,2016,0.0005107909964863211
route,serial_wall_clock,1,rc103C15,1036,0.0004701669968198985,2016,0.0004701669968198985
route,serial_wall_clock,6,rc103C15,1073,9.60554995496447e-05,2016,0.0005763329972978681
route,serial_wall_clock,1,rc103C15,1087,0.0003362080024089664,2016,0.0003362080024089664
route,serial_wall_clock,4,rc103C15,1097,0.000172375250258483,2016,0.000689501001033932
route,serial_wall_clock,88,rc103C15,1102,1.2520784201280383e-05,2016,0.0011018290097126737
route,serial_wall_clock,7,rc103C15,1126,8.340485718300832e-05,2016,0.0005838340002810583
route,serial_wall_clock,1,rc103C15,1128,0.0007276669930433854,2016,0.0007276669930433854
route,serial_wall_clock,50,rc103C15,1142,3.688576020067558e-05,2016,0.0018442880100337788
route,serial_wall_clock,7,rc103C15,1155,0.00010408914074235196,2016,0.0007286239851964638
route,serial_wall_clock,1,rc103C15,1226,0.00040241699025500566,2016,0.00040241699025500566
route,serial_wall_clock,14,rc103C15,1239,3.8065358239691705e-05,2016,0.0005329150153556839
route,serial_wall_clock,688,rc103C15,1250,4.150167157160129e-06,2016,0.002855315004126169
route,serial_wall_clock,15,rc103C15,1282,3.409713584308823e-05,2016,0.0005114570376463234
route,serial_wall_clock,4,rc103C15,1285,0.00014558324619429186,2016,0.0005823329847771674
route,serial_wall_clock,28,rc103C15,1325,2.3040106108445408e-05,2016,0.0006451229710364714
route,serial_wall_clock,5,rc103C15,1333,0.00016509979614056646,2016,0.0008254989807028323
route,serial_wall_clock,2,rc103C15,1350,0.0002156040063709952,2016,0.0004312080127419904
route,serial_wall_clock,14,rc103C15,1358,4.5059430703986436e-05,2016,0.0006308320298558101
route,serial_wall_clock,424,rc103C15,1364,1.8786153957063227e-06,2016,0.0007965329277794808
route,serial_wall_clock,23,rc103C15,1386,2.598539171942874e-05,2016,0.000597664009546861
route,serial_wall_clock,13,rc103C15,1389,5.585561582567887e-05,2016,0.0007261230057338253
route,serial_wall_clock,3,rc103C15,1472,0.00017495833647747835,2016,0.000524875009432435
route,serial_wall_clock,1,rc103C15,1490,0.0006559169996762648,2016,0.0006559169996762648
route,serial_wall_clock,13,rc103C15,1504,9.756231940208147e-06,2016,0.0001268310152227059
route,serial_wall_clock,234,rc103C15,1544,3.285465812266796e-06,2016,0.0007687990000704303
route,serial_wall_clock,4,rc103C15,1561,0.00016546900224057026,2016,0.000661876008962281
route,serial_wall_clock,1,rc103C15,1570,0.0006245000113267452,2016,0.0006245000113267452
route,serial_wall_clock,3,rc103C15,1572,0.00023258333385456353,2016,0.0006977500015636906
route,serial_wall_clock,12,rc103C15,1578,4.428824953113993e-05,2016,0.0005314589943736792
route,serial_wall_clock,6,rc103C15,1579,0.00014834733156021684,2016,0.0008900839893613011
route,serial_wall_clock,1,rc103C15,1583,0.0007527500129071996,2016,0.0007527500129071996
route,serial_wall_clock,1,rc103C15,1585,0.0006787500024074689,2016,0.0006787500024074689
route,serial_wall_clock,4,rc103C15,1594,0.0001136977516580373,2016,0.0004547910066321492
route,serial_wall_clock,22,rc103C15,1599,4.322141136402603e-05,2016,0.0009508710500085726
route,serial_wall_clock,14,rc103C15,1613,4.2375071123907606e-05,2016,0.0005932509957347065
route,serial_wall_clock,3,rc103C15,1640,0.0003617636636287595,2016,0.0010852909908862785
route,serial_wall_clock,5,rc103C15,1650,0.00013310799840837717,2016,0.0006655399920418859
route,serial_wall_clock,7,rc103C15,1663,8.251157331479979e-05,2016,0.0005775810132035986
route,serial_wall_clock,1,rc103C15,17,0.0005506250017788261,2016,0.0005506250017788261
route,serial_wall_clock,1,rc103C15,183,0.0002813340106513351,2016,0.0002813340106513351
route,serial_wall_clock,4,rc103C15,227,5.886450162506662e-05,2016,0.0002354580065002665
route,serial_wall_clock,9,rc103C15,232,4.2694329749792814e-05,2016,0.00038424896774813533
route,serial_wall_clock,3,rc103C15,235,0.0001593329943716526,2016,0.0004779989831149578
route,serial_wall_clock,2,rc103C15,243,0.00029520800308091566,2016,0.0005904160061618313
route,serial_wall_clock,7,rc103C15,248,5.69108545148213e-05,2016,0.0003983759816037491
route,serial_wall_clock,6,rc103C15,25,6.184033554745838e-05,2016,0.0003710420132847503
route,serial_wall_clock,5,rc103C15,261,8.274960273411125e-05,2016,0.00041374801367055625
route,serial_wall_clock,2,rc103C15,270,0.00015300000086426735,2016,0.0003060000017285347
route,serial_wall_clock,1,rc103C15,274,0.00032220801222138107,2016,0.00032220801222138107
route,serial_wall_clock,1,rc103C15,282,0.00041879100899677724,2016,0.00041879100899677724
route,serial_wall_clock,41,rc103C15,291,1.2725658385401091e-05,2016,0.0005217519938014448
route,serial_wall_clock,2,rc103C15,306,0.00016895799490157515,2016,0.0003379159898031503
route,serial_wall_clock,6,rc103C15,315,4.803499662860607e-05,2016,0.0002882099797716364
route,serial_wall_clock,2,rc103C15,320,0.0002377500059083104,2016,0.0004755000118166208
route,serial_wall_clock,1,rc103C15,353,0.0008384170068893582,2016,0.0008384170068893582
route,serial_wall_clock,36,rc103C15,360,1.4071750127994972e-05,2016,0.000506583004607819
route,serial_wall_clock,1288,rc103C15,389,2.30167881556373e-06,2016,0.002964562314446084
route,serial_wall_clock,14,rc103C15,424,3.504157211864367e-05,2016,0.0004905820096610114
route,serial_wall_clock,1,rc103C15,436,0.0009052079985849559,2016,0.0009052079985849559
route,serial_wall_clock,12,rc103C15,451,4.5027752397193886e-05,2016,0.0005403330287663266
route,serial_wall_clock,10,rc103C15,458,4.5712503197137264e-05,2016,0.00045712503197137266
route,serial_wall_clock,2,rc103C15,482,0.00019949999841628596,2016,0.0003989999968325719
route,serial_wall_clock,25,rc103C15,490,4.57499991171062e-06,2016,0.0001143749977927655
route,serial_wall_clock,30,rc103C15,503,1.2518133250220368e-05,2016,0.00037554399750661105
route,serial_wall_clock,3,rc103C15,509,0.00022616633699120334,2016,0.00067849901097361
route,serial_wall_clock,12,rc103C15,51,5.111441593423175e-05,2016,0.000613372991210781
route,serial_wall_clock,7,rc103C15,528,6.732742934088622e-05,2016,0.00047129200538620353
route,serial_wall_clock,2,rc103C15,529,0.00023189600324258208,2016,0.00046379200648516417
route,serial_wall_clock,6,rc103C15,556,4.086116920613373e-05,2016,0.0002451670152368024
route,serial_wall_clock,5,rc103C15,565,0.00012308360019233077,2016,0.0006154180009616539
route,serial_wall_clock,113,rc103C15,594,4.9870880269157015e-06,2016,0.0005635409470414743
route,serial_wall_clock,2,rc103C15,598,0.00030112549575278535,2016,0.0006022509915055707
route,serial_wall_clock,6,rc103C15,6,0.00015146550140343606,2016,0.0009087930084206164
route,serial_wall_clock,1061,rc103C15,601,2.864875860225223e-06,2016,0.003039633287698962
route,serial_wall_clock,1,rc103C15,613,0.0006678750069113448,2016,0.0006678750069113448
route,serial_wall_clock,2,rc103C15,630,0.00034000050072791055,2016,0.0006800010014558211
route,serial_wall_clock,27,rc103C15,651,1.3574184979208641e-05,2016,0.0003665029944386333
route,serial_wall_clock,159,rc103C15,655,3.225610660295348e-06,2016,0.0005128720949869603
route,serial_wall_clock,128,rc103C15,671,4.766952429235971e-06,2016,0.0006101699109422043
route,serial_wall_clock,5,rc103C15,704,8.606659539509565e-05,2016,0.00043033297697547823
route,serial_wall_clock,1,rc103C15,705,0.000579333005589433,2016,0.000579333005589433
route,serial_wall_clock,5,rc103C15,71,8.19918030174449e-05,2016,0.00040995901508722454
route,serial_wall_clock,1,rc103C15,711,0.00047108400030992925,2016,0.00047108400030992925
route,serial_wall_clock,12,rc103C15,729,1.612141810862037e-05,2016,0.00019345701730344445
route,serial_wall_clock,5,rc103C15,730,0.0001082668051822111,2016,0.0005413340259110555
route,serial_wall_clock,2,rc103C15,731,0.0003020000003743917,2016,0.0006040000007487833
route,serial_wall_clock,251,rc103C15,746,3.300613407843349e-06,2016,0.0008284539653686807
route,serial_wall_clock,1,rc103C15,760,0.0006291250028880313,2016,0.0006291250028880313
route,serial_wall_clock,3,rc103C15,767,0.00019320833477346847,2016,0.0005796250043204054
route,serial_wall_clock,3,rc103C15,769,0.00019788867211900651,2016,0.0005936660163570195
route,serial_wall_clock,44,rc103C15,787,1.203875085180202e-05,2016,0.0005297050374792889
route,serial_wall_clock,6,rc103C15,788,0.00014419466363809383,2016,0.0008651679818285629
route,serial_wall_clock,1,rc103C15,791,0.0007685419986955822,2016,0.0007685419986955822
route,serial_wall_clock,1,rc103C15,792,0.0007368750084424391,2016,0.0007368750084424391
route,serial_wall_clock,1,rc103C15,795,0.000614999997196719,2016,0.000614999997196719
route,serial_wall_clock,9,rc103C15,804,4.879166630821096e-05,2016,0.0004391249967738986
route,serial_wall_clock,5,rc103C15,805,0.00012110840470995754,2016,0.0006055420235497877
route,serial_wall_clock,761,rc103C15,833,3.7540353792713424e-06,2016,0.0028568209236254916
route,serial_wall_clock,11,rc103C15,881,5.121572493490848e-05,2016,0.0005633729742839932
route,serial_wall_clock,3,rc103C15,909,0.00024390266723154733,2016,0.000731708001694642
route,serial_wall_clock,27,rc103C15,912,2.1735961868048265e-05,2016,0.0005868709704373032
route,serial_wall_clock,3,rc103C15,93,0.0005623333321030562,2016,0.0016869999963091686
route,serial_wall_clock,2,rc103C15,96,0.00031020849564811215,2016,0.0006204169912962243
route,serial_wall_clock,9,rc103C15,965,3.548155655153096e-05,2016,0.0003193340089637786
route,serial_wall_clock,3,rc103C15,966,0.0001771253349337106,2016,0.0005313760048011318
route,serial_wall_clock,7,rc103C15,969,0.00010730957105157099,2016,0.0007511669973609969
operator,parallel_wall_clock,637,rc103C15,energy,4.996566264195663e-05,2016,0.031828127102926373
operator,parallel_wall_clock,990,rc103C15,greedy,3.974014771761222e-05,2016,0.0393427462404361
operator,parallel_wall_clock,8,rc103C15,initial_solution,0.08011979187540419,2016,0.6409583350032335
operator,parallel_wall_clock,532,rc103C15,regret2,5.053273841775464e-05,2016,0.026883416838245466
operator,parallel_wall_clock,2,rc103C15,relocate,2.710003172978759e-07,2016,5.420006345957518e-07
operator,parallel_wall_clock,224,rc103C15,route_elimination,1.4843258863298354e-07,2016,3.3248899853788316e-05
operator,parallel_wall_clock,204,rc103C15,route_merge,1.5624048982692116e-07,2016,3.1873059924691916e-05
operator,parallel_wall_clock,2,rc103C15,route_segment_destroy,2.4999462766572833e-07,2016,4.999892553314567e-07
operator,parallel_wall_clock,211,rc103C15,shaw_related,2.6537962279931346e-07,2016,5.599510041065514e-05
operator,parallel_wall_clock,100,rc103C15,standard,1.6377118299715222e-07,2016,1.637711829971522e-05
operator,parallel_wall_clock,36,rc103C15,station_pressure,4.694208433243653e-05,2016,0.001689915035967715
operator,parallel_wall_clock,2,rc103C15,swap,2.50496668741107e-07,2016,5.00993337482214e-07
operator,parallel_wall_clock,16,rc103C15,time_window_conflict,2.3693792172707617e-07,2016,3.7910067476332188e-06
operator,parallel_wall_clock,2,rc103C15,two_opt_star,1.8750142771750689e-07,2016,3.7500285543501377e-07
operator,parallel_wall_clock,3127,rc103C15,vehicle_count_aware_repair,5.688043238083154e-06,2016,0.017786511205486022
operator,parallel_wall_clock,36,rc103C15,worst_energy_detour,2.4422236795847613e-07,2016,8.792005246505141e-06
route,parallel_wall_clock,170,rc103C15,1008,4.400258630459361e-06,2016,0.0007480439671780914
route,parallel_wall_clock,1,rc103C15,1032,0.0009609999979147688,2016,0.0009609999979147688
route,parallel_wall_clock,1,rc103C15,1036,0.000982209006906487,2016,0.000982209006906487
route,parallel_wall_clock,6,rc103C15,1073,0.00015437500163291892,2016,0.0009262500097975135
route,parallel_wall_clock,1,rc103C15,1087,0.0005995839892420918,2016,0.0005995839892420918
route,parallel_wall_clock,4,rc103C15,1097,0.0003670104961202014,2016,0.0014680419844808057
route,parallel_wall_clock,88,rc103C15,1102,1.3967761333333328e-05,2016,0.001229162997333333
route,parallel_wall_clock,7,rc103C15,1126,0.0001362678553310356,2016,0.0009538749873172492
route,parallel_wall_clock,1,rc103C15,1128,0.001033084001392126,2016,0.001033084001392126
route,parallel_wall_clock,50,rc103C15,1142,3.2050780428107826e-05,2016,0.0016025390214053914
route,parallel_wall_clock,7,rc103C15,1155,0.00017172628473157862,2016,0.0012020839931210503
route,parallel_wall_clock,1,rc103C15,1226,0.0010237910028081387,2016,0.0010237910028081387
route,parallel_wall_clock,14,rc103C15,1239,9.112507125662108e-05,2016,0.001275750997592695
route,parallel_wall_clock,688,rc103C15,1250,0.00023307749119720579,2016,0.16035731394367758
route,parallel_wall_clock,15,rc103C15,1282,0.00010395293550876279,2016,0.001559294032631442
route,parallel_wall_clock,4,rc103C15,1285,0.00027426024462329224,2016,0.001097040978493169
route,parallel_wall_clock,28,rc103C15,1325,3.726642898982391e-05,2016,0.0010434600117150694
route,parallel_wall_clock,5,rc103C15,1333,0.00019529160344973208,2016,0.0009764580172486603
route,parallel_wall_clock,2,rc103C15,1350,0.00038712500099791214,2016,0.0007742500019958243
route,parallel_wall_clock,14,rc103C15,1358,6.819342836804156e-05,2016,0.0009547079971525818
route,parallel_wall_clock,424,rc103C15,1364,4.683452713817253e-06,2016,0.001985783950658515
route,parallel_wall_clock,23,rc103C15,1386,5.528247730462285e-05,2016,0.0012714969780063257
route,parallel_wall_clock,13,rc103C15,1389,0.00013683669385500252,2016,0.0017788770201150328
route,parallel_wall_clock,3,rc103C15,1472,0.00032415300180825096,2016,0.0009724590054247528
route,parallel_wall_clock,1,rc103C15,1490,0.001478916994528845,2016,0.001478916994528845
route,parallel_wall_clock,13,rc103C15,1504,3.713446494657546e-05,2016,0.000482748044305481
route,parallel_wall_clock,234,rc103C15,1544,5.009060135533094e-06,2016,0.001172120071714744
route,parallel_wall_clock,4,rc103C15,1561,0.0003931457467842847,2016,0.0015725829871371388
route,parallel_wall_clock,1,rc103C15,1570,0.0009876669937511906,2016,0.0009876669937511906
route,parallel_wall_clock,3,rc103C15,1572,0.0003573196687890838,2016,0.0010719590063672513
route,parallel_wall_clock,12,rc103C15,1578,0.00012457299938735863,2016,0.0014948759926483035
route,parallel_wall_clock,6,rc103C15,1579,0.00038212499930523336,2016,0.0022927499958314
route,parallel_wall_clock,1,rc103C15,1583,0.0011211249948246405,2016,0.0011211249948246405
route,parallel_wall_clock,1,rc103C15,1585,0.0013304580061230808,2016,0.0013304580061230808
route,parallel_wall_clock,4,rc103C15,1594,0.0002401352539891377,2016,0.0009605410159565508
route,parallel_wall_clock,22,rc103C15,1599,7.511177351592447e-05,2016,0.0016524590173503384
route,parallel_wall_clock,14,rc103C15,1613,7.690192952785375e-05,2016,0.0010766270133899525
route,parallel_wall_clock,3,rc103C15,1640,0.0007039440000274529,2016,0.0021118320000823587
route,parallel_wall_clock,5,rc103C15,1650,0.000302499599638395,2016,0.001512497998191975
route,parallel_wall_clock,7,rc103C15,1663,0.00010260714459166463,2016,0.0007182500121416524
route,parallel_wall_clock,1,rc103C15,17,0.0009214590099873021,2016,0.0009214590099873021
route,parallel_wall_clock,1,rc103C15,183,0.0006232500018086284,2016,0.0006232500018086284
route,parallel_wall_clock,4,rc103C15,227,0.0001677292493695859,2016,0.0006709169974783435
route,parallel_wall_clock,9,rc103C15,232,0.00013625477731693536,2016,0.0012262929958524182
route,parallel_wall_clock,3,rc103C15,235,0.0002936526677027966,2016,0.0008809580031083897
route,parallel_wall_clock,2,rc103C15,243,0.0004475210007512942,2016,0.0008950420015025884
route,parallel_wall_clock,7,rc103C15,248,0.00011266086117497512,2016,0.0007886260282248259
route,parallel_wall_clock,6,rc103C15,25,0.00011315267086805154,2016,0.0006789160252083093
route,parallel_wall_clock,5,rc103C15,261,0.00015341659600380807,2016,0.0007670829800190404
route,parallel_wall_clock,2,rc103C15,270,0.00033108299248851836,2016,0.0006621659849770367
route,parallel_wall_clock,1,rc103C15,274,0.001261458994122222,2016,0.001261458994122222
route,parallel_wall_clock,1,rc103C15,282,0.000731332998839207,2016,0.000731332998839207
route,parallel_wall_clock,41,rc103C15,291,2.2378950677925676e-05,2016,0.0009175369777949527
route,parallel_wall_clock,2,rc103C15,306,0.0005349374987417832,2016,0.0010698749974835664
route,parallel_wall_clock,6,rc103C15,315,0.00011343750520609319,2016,0.0006806250312365592
route,parallel_wall_clock,2,rc103C15,320,0.000422125005570706,2016,0.000844250011141412
route,parallel_wall_clock,1,rc103C15,353,0.0027518329879967496,2016,0.0027518329879967496
route,parallel_wall_clock,36,rc103C15,360,2.565510941268359e-05,2016,0.0009235839388566092
route,parallel_wall_clock,1288,rc103C15,389,0.0001245921709105121,2016,0.16047471613273956
route,parallel_wall_clock,14,rc103C15,424,7.395214509285455e-05,2016,0.0010353300312999636
route,parallel_wall_clock,1,rc103C15,436,0.0012384169967845082,2016,0.0012384169967845082
route,parallel_wall_clock,12,rc103C15,451,8.366674956050701e-05,2016,0.0010040009947260842
route,parallel_wall_clock,10,rc103C15,458,0.00011412919993745164,2016,0.0011412919993745163
route,parallel_wall_clock,2,rc103C15,482,0.00041495800542179495,2016,0.0008299160108435899
route,parallel_wall_clock,25,rc103C15,490,2.129836182575673e-05,2016,0.0005324590456439182
route,parallel_wall_clock,30,rc103C15,503,2.407363305489222e-05,2016,0.0007222089916467667
route,parallel_wall_clock,3,rc103C15,509,0.0004192916676402092,2016,0.0012578750029206276
route,parallel_wall_clock,12,rc103C15,51,8.022224816765326e-05,2016,0.0009626669780118391
route,parallel_wall_clock,7,rc103C15,528,0.0001075891445257834,2016,0.0007531240116804838
route,parallel_wall_clock,2,rc103C15,529,0.00043433349492261186,2016,0.0008686669898452237
route,parallel_wall_clock,6,rc103C15,556,0.0001934374959091656,2016,0.0011606249754549935
route,parallel_wall_clock,5,rc103C15,565,0.00018454180099070072,2016,0.0009227090049535036
route,parallel_wall_clock,113,rc103C15,594,1.004206163981781e-05,2016,0.0011347529652994126
route,parallel_wall_clock,2,rc103C15,598,0.000470812497951556,2016,0.000941624995903112
route,parallel_wall_clock,6,rc103C15,6,0.00019606250134529546,2016,0.0011763750080717728
route,parallel_wall_clock,1061,rc103C15,601,0.00015134978250253237,2016,0.16058211923518684
route,parallel_wall_clock,1,rc103C15,613,0.001381374997436069,2016,0.001381374997436069
route,parallel_wall_clock,2,rc103C15,630,0.00044889549462823197,2016,0.0008977909892564639
route,parallel_wall_clock,27,rc103C15,651,4.07623727504095e-05,2016,0.0011005840642610565
route,parallel_wall_clock,159,rc103C15,655,5.670830295509043e-06,2016,0.000901662016985938
route,parallel_wall_clock,128,rc103C15,671,1.345412454156758e-05,2016,0.0017221279413206503
route,parallel_wall_clock,5,rc103C15,704,0.0002455751993693411,2016,0.0012278759968467057
route,parallel_wall_clock,1,rc103C15,705,0.001303124998230487,2016,0.001303124998230487
route,parallel_wall_clock,5,rc103C15,71,0.00015595000295434147,2016,0.0007797500147717074
route,parallel_wall_clock,1,rc103C15,711,0.0007571250025648624,2016,0.0007571250025648624
route,parallel_wall_clock,12,rc103C15,729,4.273942128444711e-05,2016,0.0005128730554133654
route,parallel_wall_clock,5,rc103C15,730,0.000157125000259839,2016,0.000785625001299195
route,parallel_wall_clock,2,rc103C15,731,0.0004345835041021928,2016,0.0008691670082043856
route,parallel_wall_clock,251,rc103C15,746,4.564872323683801e-06,2016,0.001145782953244634
route,parallel_wall_clock,1,rc103C15,760,0.0008932499913498759,2016,0.0008932499913498759
route,parallel_wall_clock,3,rc103C15,767,0.00033870800204264623,2016,0.0010161240061279386
route,parallel_wall_clock,3,rc103C15,769,0.00033108299733915675,2016,0.0009932489920174703
route,parallel_wall_clock,44,rc103C15,787,2.2062501309185542e-05,2016,0.0009707500576041639
route,parallel_wall_clock,6,rc103C15,788,0.0002684653324346679,2016,0.0016107919946080074
route,parallel_wall_clock,1,rc103C15,791,0.0016928330005612224,2016,0.0016928330005612224
route,parallel_wall_clock,1,rc103C15,792,0.0015211669960990548,2016,0.0015211669960990548
route,parallel_wall_clock,1,rc103C15,795,0.0019081659993389621,2016,0.0019081659993389621
route,parallel_wall_clock,9,rc103C15,804,0.00014348622385619415,2016,0.0012913760147057474
route,parallel_wall_clock,5,rc103C15,805,0.00018525840132497252,2016,0.0009262920066248626
route,parallel_wall_clock,761,rc103C15,833,0.00021072777933009708,2016,0.16036384007020388
route,parallel_wall_clock,11,rc103C15,881,0.00014502663477535614,2016,0.0015952929825289175
route,parallel_wall_clock,3,rc103C15,909,0.0005247360046875352,2016,0.0015742080140626058
route,parallel_wall_clock,27,rc103C15,912,5.517277868757783e-05,2016,0.0014896650245646015
route,parallel_wall_clock,3,rc103C15,93,0.00028134700066099566,2016,0.0008440410019829869
route,parallel_wall_clock,2,rc103C15,96,0.000473166503070388,2016,0.000946333006140776
route,parallel_wall_clock,9,rc103C15,965,7.860177882119185e-05,2016,0.0007074160093907267
route,parallel_wall_clock,3,rc103C15,966,0.0003114580031251535,2016,0.0009343740093754604
route,parallel_wall_clock,7,rc103C15,969,0.0003041371445371104,2016,0.002128960011759773
operator,serial_fixed_exact_calls,4,rc105C5,initial_solution,0.0005298332434904296,2014,0.0021193329739617184
operator,serial_fixed_exact_calls,18,rc105C5,route_elimination,2.1761257408393754e-07,2014,3.917026333510876e-06
operator,serial_fixed_exact_calls,16,rc105C5,route_merge,2.030628820648417e-07,2014,3.249006113037467e-06
operator,serial_fixed_exact_calls,44,rc105C5,vehicle_count_aware_repair,2.0552298255180093e-07,2014,9.043011232279241e-06
route,serial_fixed_exact_calls,41,rc105C5,27,2.6001024241672784e-05,2014,0.0010660419939085841
route,serial_fixed_exact_calls,41,rc105C5,32,2.6085366432486874e-05,2014,0.0010695000237319618
operator,parallel_fixed_exact_calls,4,rc105C5,initial_solution,0.06298086425158544,2014,0.2519234570063418
operator,parallel_fixed_exact_calls,18,rc105C5,route_elimination,2.776650944724679e-07,2014,4.997971700504422e-06
operator,parallel_fixed_exact_calls,16,rc105C5,route_merge,2.030628820648417e-07,2014,3.249006113037467e-06
operator,parallel_fixed_exact_calls,44,rc105C5,vehicle_count_aware_repair,3.9015933659605006e-07,2014,1.7167010810226202e-05
route,parallel_fixed_exact_calls,41,rc105C5,27,0.0030723953170264592,2014,0.12596820799808484
route,parallel_fixed_exact_calls,41,rc105C5,32,0.0030726990974848955,2014,0.1259806629968807
operator,serial_wall_clock,4,rc105C5,initial_solution,0.00036761424780706875,2014,0.001470456991228275
operator,serial_wall_clock,102,rc105C5,route_elimination,1.7405931002405637e-07,2014,1.775404962245375e-05
operator,serial_wall_clock,132,rc105C5,route_merge,2.2062092532657765e-07,2014,2.912196214310825e-05
operator,serial_wall_clock,1448,rc105C5,vehicle_count_aware_repair,2.0983501981290376e-07,2014,0.00030384110868908465
route,serial_wall_clock,843,rc105C5,27,1.0372812837342403e-06,2014,0.0008744281221879646
route,serial_wall_clock,843,rc105C5,32,1.1230676031968649e-06,2014,0.000946745989494957
operator,parallel_wall_clock,4,rc105C5,initial_solution,0.06258660424646223,2014,0.2503464169858489
operator,parallel_wall_clock,102,rc105C5,route_elimination,1.780978944974349e-07,2014,1.8165985238738358e-05
operator,parallel_wall_clock,132,rc105C5,route_merge,1.7553027260653448e-07,2014,2.3169995984062552e-05
operator,parallel_wall_clock,1448,rc105C5,vehicle_count_aware_repair,2.1260463719793918e-07,2014,0.00030785151466261595
route,parallel_wall_clock,843,rc105C5,27,0.00014864872939567594,2014,0.1253108788805548
route,parallel_wall_clock,843,rc105C5,32,0.0001487363293015178,2014,0.12538472560117953
operator,serial_fixed_exact_calls,4,rc105C5,initial_solution,0.00041850024717859924,2015,0.001674000988714397
operator,serial_fixed_exact_calls,18,rc105C5,route_elimination,1.898313510335154e-07,2015,3.416964318603277e-06
operator,serial_fixed_exact_calls,16,rc105C5,route_merge,1.9794060790445656e-07,2015,3.167049726471305e-06
operator,serial_fixed_exact_calls,34,rc105C5,vehicle_count_aware_repair,2.1817472503137062e-07,2015,7.417940651066601e-06
route,serial_fixed_exact_calls,36,rc105C5,27,2.3401665304037226e-05,2015,0.0008424599509453401
route,serial_fixed_exact_calls,36,rc105C5,32,2.34873053462555e-05,2015,0.000845542992465198
operator,parallel_fixed_exact_calls,4,rc105C5,initial_solution,0.06376210400048876,2015,0.25504841600195505
operator,parallel_fixed_exact_calls,18,rc105C5,route_elimination,2.2205575886699887e-07,2015,3.99700365960598e-06
operator,parallel_fixed_exact_calls,16,rc105C5,route_merge,2.1887444745516405e-07,2015,3.5019911592826247e-06
operator,parallel_fixed_exact_calls,34,rc105C5,vehicle_count_aware_repair,2.462642013971858e-07,2015,8.372982847504318e-06
route,parallel_fixed_exact_calls,36,rc105C5,27,0.00354251499973341,2015,0.12753053999040276
route,parallel_fixed_exact_calls,36,rc105C5,32,0.0035426041108116302,2015,0.12753374798921868
operator,serial_wall_clock,4,rc105C5,initial_solution,0.0003773957541852724,2015,0.0015095830167410895
operator,serial_wall_clock,120,rc105C5,route_elimination,2.170174411730841e-07,2015,2.604209294077009e-05
operator,serial_wall_clock,106,rc105C5,route_merge,1.8514154637056701e-07,2015,1.9625003915280104e-05
operator,serial_wall_clock,1412,rc105C5,vehicle_count_aware_repair,2.0099921539826872e-07,2015,0.00028381089214235544
route,serial_wall_clock,821,rc105C5,27,1.0733924089759661e-06,2015,0.0008812551677692682
route,serial_wall_clock,821,rc105C5,32,1.1666331765776212e-06,2015,0.000957805837970227
operator,parallel_wall_clock,4,rc105C5,initial_solution,0.06287146824979573,2015,0.2514858729991829
operator,parallel_wall_clock,120,rc105C5,route_elimination,2.2293424990493803e-07,2015,2.6752109988592565e-05
operator,parallel_wall_clock,106,rc105C5,route_merge,1.8985924983115972e-07,2015,2.012508048210293e-05
operator,parallel_wall_clock,1412,rc105C5,vehicle_count_aware_repair,2.1855183448325894e-07,2015,0.00030859519029036164
route,parallel_wall_clock,821,rc105C5,27,0.00015332001364499502,2015,0.12587573120254092
route,parallel_wall_clock,821,rc105C5,32,0.00015342949351693428,2015,0.12596561417740304
operator,serial_fixed_exact_calls,4,rc105C5,initial_solution,0.00035838549956679344,2016,0.0014335419982671738
operator,serial_fixed_exact_calls,18,rc105C5,route_elimination,1.9455506440459027e-07,2016,3.5019911592826247e-06
operator,serial_fixed_exact_calls,16,rc105C5,route_merge,1.9806248019449413e-07,2016,3.168999683111906e-06
operator,serial_fixed_exact_calls,40,rc105C5,vehicle_count_aware_repair,2.1562336769420653e-07,2016,8.624934707768261e-06
route,serial_fixed_exact_calls,39,rc105C5,27,1.852776898512951e-05,2016,0.0007225829904200509
route,serial_fixed_exact_calls,39,rc105C5,32,1.862192136916117e-05,2016,0.0007262549333972856
operator,parallel_fixed_exact_calls,4,rc105C5,initial_solution,0.06331331225374015,2016,0.2532532490149606
operator,parallel_fixed_exact_calls,18,rc105C5,route_elimination,2.4772210357089836e-07,2016,4.458997864276171e-06
operator,parallel_fixed_exact_calls,16,rc105C5,route_merge,2.551887519075535e-07,2016,4.083020030520856e-06
operator,parallel_fixed_exact_calls,40,rc105C5,vehicle_count_aware_repair,2.0634979591704905e-07,2016,8.253991836681962e-06
route,parallel_fixed_exact_calls,39,rc105C5,27,0.0032470182057482023,2016,0.1266337100241799
route,parallel_fixed_exact_calls,39,rc105C5,32,0.003247085512833646,2016,0.1266363350005122
operator,serial_wall_clock,4,rc105C5,initial_solution,0.00036173974876874126,2016,0.001446958995074965
operator,serial_wall_clock,116,rc105C5,route_elimination,1.7454369989191664e-07,2016,2.024706918746233e-05
operator,serial_wall_clock,94,rc105C5,route_merge,1.7550043226715097e-07,2016,1.6497040633112192e-05
operator,serial_wall_clock,1490,rc105C5,vehicle_count_aware_repair,2.303918305590699e-07,2016,0.0003432838275330141
route,serial_wall_clock,852,rc105C5,27,1.0482216963846183e-06,2016,0.0008930848853196949
route,serial_wall_clock,852,rc105C5,32,1.0961291632733085e-06,2016,0.0009339020471088588
operator,parallel_wall_clock,4,rc105C5,initial_solution,0.062107344001560705,2016,0.24842937600624282
operator,parallel_wall_clock,116,rc105C5,route_elimination,1.8529392726687265e-07,2016,2.1494095562957227e-05
operator,parallel_wall_clock,94,rc105C5,route_merge,1.9408616935834289e-07,2016,1.824409991968423e-05
operator,parallel_wall_clock,1490,rc105C5,vehicle_count_aware_repair,2.001678932851943e-07,2016,0.0002982501609949395
route,parallel_wall_clock,852,rc105C5,27,0.00014594372302734296,2016,0.12434405201929621
route,parallel_wall_clock,852,rc105C5,32,0.00014603675157678895,2016,0.12442331234342419
