stage_id,component,run_label,attempt_or_rerun,canonical_run_label,legacy_run_label,scope,instance,seed,instance_scope,seed_scope,artifact_type,artifact_status,canonical_path,legacy_path,run_status,failure_reason,validator_status,raw_review_status,trusted_review_status,raw_to_summary_status,checksum,checksum_source,source_hash,configuration_hash,instance_hash,environment_hash,stage00_manifest_hash,repository_revision,repository_dirty,reference_repositories,comparison_baseline,supersedes,legacy_path_mapping
stage03.2,cache_incremental,stage03.2_cache_incremental_attempt01,attempt01,stage03.2_cache_incremental_attempt01,stage03.2_cache_incremental_attempt01,smoke,__all__,__all__,"[""c101C5"", ""r105C5"", ""rc105C5"", ""c101_21"", ""r101_21"", ""rc101_21""]","[2014, 2015, 2016]",environment,verified_legacy,results/stage03.2_cache_incremental_attempt01/control/stage03.2_cache_incremental_attempt01_environment.json,results/stage03.2_cache_incremental_attempt01/environment.json,feasible,,not_verified,not_present,not_applicable,not_published,a53181cef8388d756887d71a5d1fe9c10ec2d1fab22daee457c4e8bf88c995a5,raw_manifest,8ccce0e50d5abda874d40dfc5a576439d21b727c846aebd2c70836519305e5c2,4da5f1da3791d1a2538874fb51d25bff691c1a4039faef054d655af94410d49f,,,b226b97e0e67288aaaf85726ad855df71cb81406685c57c8e8c40cd8996aa0da,c38467d7c2f35206956dafa111152a3c4b8f5a76,False,"{""VRP-EVRP-Project-Hub"": {""dirty"": false, ""path"": ""/Users/guoyiyang/Documents/GitHub/FURP-2026-Yiyang-GUO-EVRP-TW/reference/VRP-EVRP-Project-Hub"", ""revision"": ""e3a890065105f978187e532642c4442522215e02""}, ""py-ga-VRPTW"": {""dirty"": false, ""path"": ""/Users/guoyiyang/Documents/GitHub/FURP-2026-Yiyang-GUO-EVRP-TW/reference/py-ga-VRPTW"", ""revision"": ""8e005caaaf6471a4505588d88c7f0f5e0d4ebffa""}}",stage03.1_screening_attempt04,,preserve;see stage03_legacy_path_map.csv
stage03.2,cache_incremental,stage03.2_cache_incremental_attempt01,attempt01,stage03.2_cache_incremental_attempt01,stage03.2_cache_incremental_attempt01,smoke,c101C5,2014,"[""c101C5"", ""r105C5"", ""rc105C5"", ""c101_21"", ""r101_21"", ""rc101_21""]","[2014, 2015, 2016]",environment,verified_legacy,results/stage03.2_cache_incremental_attempt01/c101C5/2014/stage03.2_cache_incremental_attempt01_environment_c101C5_2014.json,results/stage03.2_cache_incremental_attempt01/environments/c101C5-alns_stage02_constraint_guided-2014.json,feasible,,not_verified,not_present,not_applicable,not_published,ea48979b8dd41390c092b4f7d8c1ca430dfa273088ff8210f895f2272001879f,raw_manifest,8ccce0e50d5abda874d40dfc5a576439d21b727c846aebd2c70836519305e5c2,4da5f1da3791d1a2538874fb51d25bff691c1a4039faef054d655af94410d49f,8612d6d9aad051776097a5e50c7408f39352b8107b0639d58e5eda713f9ff876,282d08f1fc9a490c27d287d6a1adc77c8412f076079b61f78fc13cb717c886a9,b226b97e0e67288aaaf85726ad855df71cb81406685c57c8e8c40cd8996aa0da,c38467d7c2f35206956dafa111152a3c4b8f5a76,False,"{""VRP-EVRP-Project-Hub"": {""dirty"": false, ""path"": ""/Users/guoyiyang/Documents/GitHub/FURP-2026-Yiyang-GUO-EVRP-TW/reference/VRP-EVRP-Project-Hub"", ""revision"": ""e3a890065105f978187e532642c4442522215e02""}, ""py-ga-VRPTW"": {""dirty"": false, ""path"": ""/Users/guoyiyang/Documents/GitHub/FURP-2026-Yiyang-GUO-EVRP-TW/reference/py-ga-VRPTW"", ""revision"": ""8e005caaaf6471a4505588d88c7f0f5e0d4ebffa""}}",stage03.1_screening_attempt04,,preserve;see stage03_legacy_path_map.csv
stage03.2,cache_incremental,stage03.2_cache_incremental_attempt01,attempt01,stage03.2_cache_incremental_attempt01,stage03.2_cache_incremental_attempt01,smoke,c101C5,2015,"[""c101C5"", ""r105C5"", ""rc105C5"", ""c101_21"", ""r101_21"", ""rc101_21""]","[2014, 2015, 2016]",environment,verified_legacy,results/stage03.2_cache_incremental_attempt01/c101C5/2015/stage03.2_cache_incremental_attempt01_environment_c101C5_2015.json,results/stage03.2_cache_incremental_attempt01/environments/c101C5-alns_stage02_constraint_guided-2015.json,feasible,,not_verified,not_present,not_applicable,not_published,bdc5599be3d2fd8974bfa660907f24c80c0860fd560993a0d4619262b83b8e7d,raw_manifest,8ccce0e50d5abda874d40dfc5a576439d21b727c846aebd2c70836519305e5c2,4da5f1da3791d1a2538874fb51d25bff691c1a4039faef054d655af94410d49f,8612d6d9aad051776097a5e50c7408f39352b8107b0639d58e5eda713f9ff876,79953a5f4b719832efc83bb340583566703be202e6ea7ec8ea5225d6912be333,b226b97e0e67288aaaf85726ad855df71cb81406685c57c8e8c40cd8996aa0da,c38467d7c2f35206956dafa111152a3c4b8f5a76,False,"{""VRP-EVRP-Project-Hub"": {""dirty"": false, ""path"": ""/Users/guoyiyang/Documents/GitHub/FURP-2026-Yiyang-GUO-EVRP-TW/reference/VRP-EVRP-Project-Hub"", ""revision"": ""e3a890065105f978187e532642c4442522215e02""}, ""py-ga-VRPTW"": {""dirty"": false, ""path"": ""/Users/guoyiyang/Documents/GitHub/FURP-2026-Yiyang-GUO-EVRP-TW/reference/py-ga-VRPTW"", ""revision"": ""8e005caaaf6471a4505588d88c7f0f5e0d4ebffa""}}",stage03.1_screening_attempt04,,preserve;see stage03_legacy_path_map.csv
stage03.2,cache_incremental,stage03.2_cache_incremental_attempt01,attempt01,stage03.2_cache_incremental_attempt01,stage03.2_cache_incremental_attempt01,smoke,c101C5,2016,"[""c101C5"", ""r105C5"", ""rc105C5"", ""c101_21"", ""r101_21"", ""rc101_21""]","[2014, 2015, 2016]",environment,verified_legacy,results/stage03.2_cache_incremental_attempt01/c101C5/2016/stage03.2_cache_incremental_attempt01_environment_c101C5_2016.json,results/stage03.2_cache_incremental_attempt01/environments/c101C5-alns_stage02_constraint_guided-2016.json,feasible,,not_verified,not_present,not_applicable,not_published,c1f1b971ef9e963f76d7e7dbbb46f96eefd4c62de56d5a114dfe0bc6df3edc5c,raw_manifest,8ccce0e50d5abda874d40dfc5a576439d21b727c846aebd2c70836519305e5c2,4da5f1da3791d1a2538874fb51d25bff691c1a4039faef054d655af94410d49f,8612d6d9aad051776097a5e50c7408f39352b8107b0639d58e5eda713f9ff876,129c22a61035905d2dc8fa0d912162aab9d6f03409ecbb1baca5666b9d253e2c,b226b97e0e67288aaaf85726ad855df71cb81406685c57c8e8c40cd8996aa0da,c38467d7c2f35206956dafa111152a3c4b8f5a76,False,"{""VRP-EVRP-Project-Hub"": {""dirty"": false, ""path"": ""/Users/guoyiyang/Documents/GitHub/FURP-2026-Yiyang-GUO-EVRP-TW/reference/VRP-EVRP-Project-Hub"", ""revision"": ""e3a890065105f978187e532642c4442522215e02""}, ""py-ga-VRPTW"": {""dirty"": false, ""path"": ""/Users/guoyiyang/Documents/GitHub/FURP-2026-Yiyang-GUO-EVRP-TW/reference/py-ga-VRPTW"", ""revision"": ""8e005caaaf6471a4505588d88c7f0f5e0d4ebffa""}}",stage03.1_screening_attempt04,,preserve;see stage03_legacy_path_map.csv
stage03.2,cache_incremental,stage03.2_cache_incremental_attempt01,attempt01,stage03.2_cache_incremental_attempt01,stage03.2_cache_incremental_attempt01,smoke,c101_21,2014,"[""c101C5"", ""r105C5"", ""rc105C5"", ""c101_21"", ""r101_21"", ""rc101_21""]","[2014, 2015, 2016]",environment,verified_legacy,results/stage03.2_cache_incremental_attempt01/c101_21/2014/stage03.2_cache_incremental_attempt01_environment_c101_21_2014.json,results/stage03.2_cache_incremental_attempt01/environments/c101_21-alns_stage02_constraint_guided-2014.json,feasible,,not_verified,not_present,not_applicable,not_published,5919be8e19dbf6f4367efd8a00eb695d6b2086c9dee71589b2d1057ddea6257b,raw_manifest,8ccce0e50d5abda874d40dfc5a576439d21b727c846aebd2c70836519305e5c2,4da5f1da3791d1a2538874fb51d25bff691c1a4039faef054d655af94410d49f,c5cda6ca63a7d518902cf4b02d98b4aa0f373aaa0658d5c666d1c46d38871cb9,01fa5d390a9e7043d7f4c8cc5d284e821129857afc70f42d1ee4539d770171be,b226b97e0e67288aaaf85726ad855df71cb81406685c57c8e8c40cd8996aa0da,c38467d7c2f35206956dafa111152a3c4b8f5a76,False,"{""VRP-EVRP-Project-Hub"": {""dirty"": false, ""path"": ""/Users/guoyiyang/Documents/GitHub/FURP-2026-Yiyang-GUO-EVRP-TW/reference/VRP-EVRP-Project-Hub"", ""revision"": ""e3a890065105f978187e532642c4442522215e02""}, ""py-ga-VRPTW"": {""dirty"": false, ""path"": ""/Users/guoyiyang/Documents/GitHub/FURP-2026-Yiyang-GUO-EVRP-TW/reference/py-ga-VRPTW"", ""revision"": ""8e005caaaf6471a4505588d88c7f0f5e0d4ebffa""}}",stage03.1_screening_attempt04,,preserve;see stage03_legacy_path_map.csv
stage03.2,cache_incremental,stage03.2_cache_incremental_attempt01,attempt01,stage03.2_cache_incremental_attempt01,stage03.2_cache_incremental_attempt01,smoke,c101_21,2015,"[""c101C5"", ""r105C5"", ""rc105C5"", ""c101_21"", ""r101_21"", ""rc101_21""]","[2014, 2015, 2016]",environment,verified_legacy,results/stage03.2_cache_incremental_attempt01/c101_21/2015/stage03.2_cache_incremental_attempt01_environment_c101_21_2015.json,results/stage03.2_cache_incremental_attempt01/environments/c101_21-alns_stage02_constraint_guided-2015.json,feasible,,not_verified,not_present,not_applicable,not_published,fd1edc27311d7ae1b562d26940cb6e1a829c66c0a9047e696866a22fef107dc0,raw_manifest,8ccce0e50d5abda874d40dfc5a576439d21b727c846aebd2c70836519305e5c2,4da5f1da3791d1a2538874fb51d25bff691c1a4039faef054d655af94410d49f,c5cda6ca63a7d518902cf4b02d98b4aa0f373aaa0658d5c666d1c46d38871cb9,58ff3b60e08388d1e93e8cb65c4280160ed25ce4efccaa0a98fc64e6dcce41cc,b226b97e0e67288aaaf85726ad855df71cb81406685c57c8e8c40cd8996aa0da,c38467d7c2f35206956dafa111152a3c4b8f5a76,False,"{""VRP-EVRP-Project-Hub"": {""dirty"": false, ""path"": ""/Users/guoyiyang/Documents/GitHub/FURP-2026-Yiyang-GUO-EVRP-TW/reference/VRP-EVRP-Project-Hub"", ""revision"": ""e3a890065105f978187e532642c4442522215e02""}, ""py-ga-VRPTW"": {""dirty"": false, ""path"": ""/Users/guoyiyang/Documents/GitHub/FURP-2026-Yiyang-GUO-EVRP-TW/reference/py-ga-VRPTW"", ""revision"": ""8e005caaaf6471a4505588d88c7f0f5e0d4ebffa""}}",stage03.1_screening_attempt04,,preserve;see stage03_legacy_path_map.csv
stage03.2,cache_incremental,stage03.2_cache_incremental_attempt01,attempt01,stage03.2_cache_incremental_attempt01,stage03.2_cache_incremental_attempt01,smoke,c101_21,2016,"[""c101C5"", ""r105C5"", ""rc105C5"", ""c101_21"", ""r101_21"", ""rc101_21""]","[2014, 2015, 2016]",environment,verified_legacy,results/stage03.2_cache_incremental_attempt01/c101_21/2016/stage03.2_cache_incremental_attempt01_environment_c101_21_2016.json,results/stage03.2_cache_incremental_attempt01/environments/c101_21-alns_stage02_constraint_guided-2016.json,feasible,,not_verified,not_present,not_applicable,not_published,e872ebed6258c927afba273b6e25774f54b2ebad361c131b537dba99f9e494f9,raw_manifest,8ccce0e50d5abda874d40dfc5a576439d21b727c846aebd2c70836519305e5c2,4da5f1da3791d1a2538874fb51d25bff691c1a4039faef054d655af94410d49f,c5cda6ca63a7d518902cf4b02d98b4aa0f373aaa0658d5c666d1c46d38871cb9,d92fc93f97c16e3b3d781289b4f1ef63ebf4d1131c575a38671b69e8079478b7,b226b97e0e67288aaaf85726ad855df71cb81406685c57c8e8c40cd8996aa0da,c38467d7c2f35206956dafa111152a3c4b8f5a76,False,"{""VRP-EVRP-Project-Hub"": {""dirty"": false, ""path"": ""/Users/guoyiyang/Documents/GitHub/FURP-2026-Yiyang-GUO-EVRP-TW/reference/VRP-EVRP-Project-Hub"", ""revision"": ""e3a890065105f978187e532642c4442522215e02""}, ""py-ga-VRPTW"": {""dirty"": false, ""path"": ""/Users/guoyiyang/Documents/GitHub/FURP-2026-Yiyang-GUO-EVRP-TW/reference/py-ga-VRPTW"", ""revision"": ""8e005caaaf6471a4505588d88c7f0f5e0d4ebffa""}}",stage03.1_screening_attempt04,,preserve;see stage03_legacy_path_map.csv
stage03.2,cache_incremental,stage03.2_cache_incremental_attempt01,attempt01,stage03.2_cache_incremental_attempt01,stage03.2_cache_incremental_attempt01,smoke,r101_21,2014,"[""c101C5"", ""r105C5"", ""rc105C5"", ""c101_21"", ""r101_21"", ""rc101_21""]","[2014, 2015, 2016]",environment,verified_legacy,results/stage03.2_cache_incremental_attempt01/r101_21/2014/stage03.2_cache_incremental_attempt01_environment_r101_21_2014.json,results/stage03.2_cache_incremental_attempt01/environments/r101_21-alns_stage02_constraint_guided-2014.json,feasible,,not_verified,not_present,not_applicable,not_published,bc655dce8808f7c19407ea02c6c728e43fc23866131810e795bd57b9283a67c9,raw_manifest,8ccce0e50d5abda874d40dfc5a576439d21b727c846aebd2c70836519305e5c2,4da5f1da3791d1a2538874fb51d25bff691c1a4039faef054d655af94410d49f,0e5a3dffffbd3c516b528ef32ba1a488b817d2f151fc3e8c81023814de1c103a,a064fed73b340a40e9245985ef489e482cf4d049ec02395e6f775b567ed3d05f,b226b97e0e67288aaaf85726ad855df71cb81406685c57c8e8c40cd8996aa0da,c38467d7c2f35206956dafa111152a3c4b8f5a76,False,"{""VRP-EVRP-Project-Hub"": {""dirty"": false, ""path"": ""/Users/guoyiyang/Documents/GitHub/FURP-2026-Yiyang-GUO-EVRP-TW/reference/VRP-EVRP-Project-Hub"", ""revision"": ""e3a890065105f978187e532642c4442522215e02""}, ""py-ga-VRPTW"": {""dirty"": false, ""path"": ""/Users/guoyiyang/Documents/GitHub/FURP-2026-Yiyang-GUO-EVRP-TW/reference/py-ga-VRPTW"", ""revision"": ""8e005caaaf6471a4505588d88c7f0f5e0d4ebffa""}}",stage03.1_screening_attempt04,,preserve;see stage03_legacy_path_map.csv
stage03.2,cache_incremental,stage03.2_cache_incremental_attempt01,attempt01,stage03.2_cache_incremental_attempt01,stage03.2_cache_incremental_attempt01,smoke,r101_21,2015,"[""c101C5"", ""r105C5"", ""rc105C5"", ""c101_21"", ""r101_21"", ""rc101_21""]","[2014, 2015, 2016]",environment,verified_legacy,results/stage03.2_cache_incremental_attempt01/r101_21/2015/stage03.2_cache_incremental_attempt01_environment_r101_21_2015.json,results/stage03.2_cache_incremental_attempt01/environments/r101_21-alns_stage02_constraint_guided-2015.json,feasible,,not_verified,not_present,not_applicable,not_published,14069bea66029ea2590d39a6f54be1a271230415adebb990a407ba8c8565d595,raw_manifest,8ccce0e50d5abda874d40dfc5a576439d21b727c846aebd2c70836519305e5c2,4da5f1da3791d1a2538874fb51d25bff691c1a4039faef054d655af94410d49f,0e5a3dffffbd3c516b528ef32ba1a488b817d2f151fc3e8c81023814de1c103a,b801c938d84e51d5d401101d923b03b266bc99ff9907cd5fa94efdd6b305d52a,b226b97e0e67288aaaf85726ad855df71cb81406685c57c8e8c40cd8996aa0da,c38467d7c2f35206956dafa111152a3c4b8f5a76,False,"{""VRP-EVRP-Project-Hub"": {""dirty"": false, ""path"": ""/Users/guoyiyang/Documents/GitHub/FURP-2026-Yiyang-GUO-EVRP-TW/reference/VRP-EVRP-Project-Hub"", ""revision"": ""e3a890065105f978187e532642c4442522215e02""}, ""py-ga-VRPTW"": {""dirty"": false, ""path"": ""/Users/guoyiyang/Documents/GitHub/FURP-2026-Yiyang-GUO-EVRP-TW/reference/py-ga-VRPTW"", ""revision"": ""8e005caaaf6471a4505588d88c7f0f5e0d4ebffa""}}",stage03.1_screening_attempt04,,preserve;see stage03_legacy_path_map.csv
stage03.2,cache_incremental,stage03.2_cache_incremental_attempt01,attempt01,stage03.2_cache_incremental_attempt01,stage03.2_cache_incremental_attempt01,smoke,r101_21,2016,"[""c101C5"", ""r105C5"", ""rc105C5"", ""c101_21"", ""r101_21"", ""rc101_21""]","[2014, 2015, 2016]",environment,verified_legacy,results/stage03.2_cache_incremental_attempt01/r101_21/2016/stage03.2_cache_incremental_attempt01_environment_r101_21_2016.json,results/stage03.2_cache_incremental_attempt01/environments/r101_21-alns_stage02_constraint_guided-2016.json,feasible,,not_verified,not_present,not_applicable,not_published,f27cd8de6ff9e9ddd68585cc57eb8f8eed957ba4c3ac30a6fe2f4f642e809334,raw_manifest,8ccce0e50d5abda874d40dfc5a576439d21b727c846aebd2c70836519305e5c2,4da5f1da3791d1a2538874fb51d25bff691c1a4039faef054d655af94410d49f,0e5a3dffffbd3c516b528ef32ba1a488b817d2f151fc3e8c81023814de1c103a,b0708836c7029704fb951f6905fee972c3ba462a170cbf94a4be8f04e761f509,b226b97e0e67288aaaf85726ad855df71cb81406685c57c8e8c40cd8996aa0da,c38467d7c2f35206956dafa111152a3c4b8f5a76,False,"{""VRP-EVRP-Project-Hub"": {""dirty"": false, ""path"": ""/Users/guoyiyang/Documents/GitHub/FURP-2026-Yiyang-GUO-EVRP-TW/reference/VRP-EVRP-Project-Hub"", ""revision"": ""e3a890065105f978187e532642c4442522215e02""}, ""py-ga-VRPTW"": {""dirty"": false, ""path"": ""/Users/guoyiyang/Documents/GitHub/FURP-2026-Yiyang-GUO-EVRP-TW/reference/py-ga-VRPTW"", ""revision"": ""8e005caaaf6471a4505588d88c7f0f5e0d4ebffa""}}",stage03.1_screening_attempt04,,preserve;see stage03_legacy_path_map.csv
stage03.2,cache_incremental,stage03.2_cache_incremental_attempt01,attempt01,stage03.2_cache_incremental_attempt01,stage03.2_cache_incremental_attempt01,smoke,r105C5,2014,"[""c101C5"", ""r105C5"", ""rc105C5"", ""c101_21"", ""r101_21"", ""rc101_21""]","[2014, 2015, 2016]",environment,verified_legacy,results/stage03.2_cache_incremental_attempt01/r105C5/2014/stage03.2_cache_incremental_attempt01_environment_r105C5_2014.json,results/stage03.2_cache_incremental_attempt01/environments/r105C5-alns_stage02_constraint_guided-2014.json,feasible,,not_verified,not_present,not_applicable,not_published,dff2026c223cd2202d191054283c152f4b43d88d8a4330a997dbba571089143b,raw_manifest,8ccce0e50d5abda874d40dfc5a576439d21b727c846aebd2c70836519305e5c2,4da5f1da3791d1a2538874fb51d25bff691c1a4039faef054d655af94410d49f,eb27ec04e799ee6d39dee3d66f15128e197811afa8c664295acbdf6444176434,77c9b61f17e9eaef218af95e6273db6072a7f5b197a491f4f61d3170e2da3de2,b226b97e0e67288aaaf85726ad855df71cb81406685c57c8e8c40cd8996aa0da,c38467d7c2f35206956dafa111152a3c4b8f5a76,False,"{""VRP-EVRP-Project-Hub"": {""dirty"": false, ""path"": ""/Users/guoyiyang/Documents/GitHub/FURP-2026-Yiyang-GUO-EVRP-TW/reference/VRP-EVRP-Project-Hub"", ""revision"": ""e3a890065105f978187e532642c4442522215e02""}, ""py-ga-VRPTW"": {""dirty"": false, ""path"": ""/Users/guoyiyang/Documents/GitHub/FURP-2026-Yiyang-GUO-EVRP-TW/reference/py-ga-VRPTW"", ""revision"": ""8e005caaaf6471a4505588d88c7f0f5e0d4ebffa""}}",stage03.1_screening_attempt04,,preserve;see stage03_legacy_path_map.csv
stage03.2,cache_incremental,stage03.2_cache_incremental_attempt01,attempt01,stage03.2_cache_incremental_attempt01,stage03.2_cache_incremental_attempt01,smoke,r105C5,2015,"[""c101C5"", ""r105C5"", ""rc105C5"", ""c101_21"", ""r101_21"", ""rc101_21""]","[2014, 2015, 2016]",environment,verified_legacy,results/stage03.2_cache_incremental_attempt01/r105C5/2015/stage03.2_cache_incremental_attempt01_environment_r105C5_2015.json,results/stage03.2_cache_incremental_attempt01/environments/r105C5-alns_stage02_constraint_guided-2015.json,feasible,,not_verified,not_present,not_applicable,not_published,b310bf206d257ed358bb0dfb513343c6055c071c5cc2814263dfe906dd8d2335,raw_manifest,8ccce0e50d5abda874d40dfc5a576439d21b727c846aebd2c70836519305e5c2,4da5f1da3791d1a2538874fb51d25bff691c1a4039faef054d655af94410d49f,eb27ec04e799ee6d39dee3d66f15128e197811afa8c664295acbdf6444176434,f9b4cfb31b67b17da738b11600660fea6bc7e95f536a22a5246272544b7a746f,b226b97e0e67288aaaf85726ad855df71cb81406685c57c8e8c40cd8996aa0da,c38467d7c2f35206956dafa111152a3c4b8f5a76,False,"{""VRP-EVRP-Project-Hub"": {""dirty"": false, ""path"": ""/Users/guoyiyang/Documents/GitHub/FURP-2026-Yiyang-GUO-EVRP-TW/reference/VRP-EVRP-Project-Hub"", ""revision"": ""e3a890065105f978187e532642c4442522215e02""}, ""py-ga-VRPTW"": {""dirty"": false, ""path"": ""/Users/guoyiyang/Documents/GitHub/FURP-2026-Yiyang-GUO-EVRP-TW/reference/py-ga-VRPTW"", ""revision"": ""8e005caaaf6471a4505588d88c7f0f5e0d4ebffa""}}",stage03.1_screening_attempt04,,preserve;see stage03_legacy_path_map.csv
stage03.2,cache_incremental,stage03.2_cache_incremental_attempt01,attempt01,stage03.2_cache_incremental_attempt01,stage03.2_cache_incremental_attempt01,smoke,r105C5,2016,"[""c101C5"", ""r105C5"", ""rc105C5"", ""c101_21"", ""r101_21"", ""rc101_21""]","[2014, 2015, 2016]",environment,verified_legacy,results/stage03.2_cache_incremental_attempt01/r105C5/2016/stage03.2_cache_incremental_attempt01_environment_r105C5_2016.json,results/stage03.2_cache_incremental_attempt01/environments/r105C5-alns_stage02_constraint_guided-2016.json,feasible,,not_verified,not_present,not_applicable,not_published,2ae1de4a1c17524158196e602396028a7865ccd541cccb01de8eb7ee7a590bae,raw_manifest,8ccce0e50d5abda874d40dfc5a576439d21b727c846aebd2c70836519305e5c2,4da5f1da3791d1a2538874fb51d25bff691c1a4039faef054d655af94410d49f,eb27ec04e799ee6d39dee3d66f15128e197811afa8c664295acbdf6444176434,2a7d896ddea75002e3669f10ff4538c4f2770dfd4c6c2ea0adceac3f81c40939,b226b97e0e67288aaaf85726ad855df71cb81406685c57c8e8c40cd8996aa0da,c38467d7c2f35206956dafa111152a3c4b8f5a76,False,"{""VRP-EVRP-Project-Hub"": {""dirty"": false, ""path"": ""/Users/guoyiyang/Documents/GitHub/FURP-2026-Yiyang-GUO-EVRP-TW/reference/VRP-EVRP-Project-Hub"", ""revision"": ""e3a890065105f978187e532642c4442522215e02""}, ""py-ga-VRPTW"": {""dirty"": false, ""path"": ""/Users/guoyiyang/Documents/GitHub/FURP-2026-Yiyang-GUO-EVRP-TW/reference/py-ga-VRPTW"", ""revision"": ""8e005caaaf6471a4505588d88c7f0f5e0d4ebffa""}}",stage03.1_screening_attempt04,,preserve;see stage03_legacy_path_map.csv
stage03.2,cache_incremental,stage03.2_cache_incremental_attempt01,attempt01,stage03.2_cache_incremental_attempt01,stage03.2_cache_incremental_attempt01,smoke,rc101_21,2014,"[""c101C5"", ""r105C5"", ""rc105C5"", ""c101_21"", ""r101_21"", ""rc101_21""]","[2014, 2015, 2016]",environment,verified_legacy,results/stage03.2_cache_incremental_attempt01/rc101_21/2014/stage03.2_cache_incremental_attempt01_environment_rc101_21_2014.json,results/stage03.2_cache_incremental_attempt01/environments/rc101_21-alns_stage02_constraint_guided-2014.json,feasible,,not_verified,not_present,not_applicable,not_published,f0f9dc4e086f361b23ca91addb7a287b896641b0a3f9298116698ea6e2c1db60,raw_manifest,8ccce0e50d5abda874d40dfc5a576439d21b727c846aebd2c70836519305e5c2,4da5f1da3791d1a2538874fb51d25bff691c1a4039faef054d655af94410d49f,272a3e58d53d4ba9516f01506164cf8a9b98bfeeb8dbd1fd62f6557e4c98e3a1,f6d8fa2c216fb54e283e774c4e394de02478b759a15e7f7160853a802fdaaaba,b226b97e0e67288aaaf85726ad855df71cb81406685c57c8e8c40cd8996aa0da,c38467d7c2f35206956dafa111152a3c4b8f5a76,False,"{""VRP-EVRP-Project-Hub"": {""dirty"": false, ""path"": ""/Users/guoyiyang/Documents/GitHub/FURP-2026-Yiyang-GUO-EVRP-TW/reference/VRP-EVRP-Project-Hub"", ""revision"": ""e3a890065105f978187e532642c4442522215e02""}, ""py-ga-VRPTW"": {""dirty"": false, ""path"": ""/Users/guoyiyang/Documents/GitHub/FURP-2026-Yiyang-GUO-EVRP-TW/reference/py-ga-VRPTW"", ""revision"": ""8e005caaaf6471a4505588d88c7f0f5e0d4ebffa""}}",stage03.1_screening_attempt04,,preserve;see stage03_legacy_path_map.csv
stage03.2,cache_incremental,stage03.2_cache_incremental_attempt01,attempt01,stage03.2_cache_incremental_attempt01,stage03.2_cache_incremental_attempt01,smoke,rc101_21,2015,"[""c101C5"", ""r105C5"", ""rc105C5"", ""c101_21"", ""r101_21"", ""rc101_21""]","[2014, 2015, 2016]",environment,verified_legacy,results/stage03.2_cache_incremental_attempt01/rc101_21/2015/stage03.2_cache_incremental_attempt01_environment_rc101_21_2015.json,results/stage03.2_cache_incremental_attempt01/environments/rc101_21-alns_stage02_constraint_guided-2015.json,feasible,,not_verified,not_present,not_applicable,not_published,09a039030b4199b4f2f32a051f097a16548e2c6dc2186d43efd3e7090680b312,raw_manifest,8ccce0e50d5abda874d40dfc5a576439d21b727c846aebd2c70836519305e5c2,4da5f1da3791d1a2538874fb51d25bff691c1a4039faef054d655af94410d49f,272a3e58d53d4ba9516f01506164cf8a9b98bfeeb8dbd1fd62f6557e4c98e3a1,aa2ebcf79efc6821c5cff332adac7909d98b58f6e70e8f8872951985b7f486c6,b226b97e0e67288aaaf85726ad855df71cb81406685c57c8e8c40cd8996aa0da,c38467d7c2f35206956dafa111152a3c4b8f5a76,False,"{""VRP-EVRP-Project-Hub"": {""dirty"": false, ""path"": ""/Users/guoyiyang/Documents/GitHub/FURP-2026-Yiyang-GUO-EVRP-TW/reference/VRP-EVRP-Project-Hub"", ""revision"": ""e3a890065105f978187e532642c4442522215e02""}, ""py-ga-VRPTW"": {""dirty"": false, ""path"": ""/Users/guoyiyang/Documents/GitHub/FURP-2026-Yiyang-GUO-EVRP-TW/reference/py-ga-VRPTW"", ""revision"": ""8e005caaaf6471a4505588d88c7f0f5e0d4ebffa""}}",stage03.1_screening_attempt04,,preserve;see stage03_legacy_path_map.csv
stage03.2,cache_incremental,stage03.2_cache_incremental_attempt01,attempt01,stage03.2_cache_incremental_attempt01,stage03.2_cache_incremental_attempt01,smoke,rc101_21,2016,"[""c101C5"", ""r105C5"", ""rc105C5"", ""c101_21"", ""r101_21"", ""rc101_21""]","[2014, 2015, 2016]",environment,verified_legacy,results/stage03.2_cache_incremental_attempt01/rc101_21/2016/stage03.2_cache_incremental_attempt01_environment_rc101_21_2016.json,results/stage03.2_cache_incremental_attempt01/environments/rc101_21-alns_stage02_constraint_guided-2016.json,feasible,,not_verified,not_present,not_applicable,not_published,254d9e783a4808c4094545296819d18578686cc0a45b128e2e86114352e4cecc,raw_manifest,8ccce0e50d5abda874d40dfc5a576439d21b727c846aebd2c70836519305e5c2,4da5f1da3791d1a2538874fb51d25bff691c1a4039faef054d655af94410d49f,272a3e58d53d4ba9516f01506164cf8a9b98bfeeb8dbd1fd62f6557e4c98e3a1,ba80d0ba0a3c54d01582f28861914348b5757ac3d6e5cd1e6aaa9ababbb91443,b226b97e0e67288aaaf85726ad855df71cb81406685c57c8e8c40cd8996aa0da,c38467d7c2f35206956dafa111152a3c4b8f5a76,False,"{""VRP-EVRP-Project-Hub"": {""dirty"": false, ""path"": ""/Users/guoyiyang/Documents/GitHub/FURP-2026-Yiyang-GUO-EVRP-TW/reference/VRP-EVRP-Project-Hub"", ""revision"": ""e3a890065105f978187e532642c4442522215e02""}, ""py-ga-VRPTW"": {""dirty"": false, ""path"": ""/Users/guoyiyang/Documents/GitHub/FURP-2026-Yiyang-GUO-EVRP-TW/reference/py-ga-VRPTW"", ""revision"": ""8e005caaaf6471a4505588d88c7f0f5e0d4ebffa""}}",stage03.1_screening_attempt04,,preserve;see stage03_legacy_path_map.csv
stage03.2,cache_incremental,stage03.2_cache_incremental_attempt01,attempt01,stage03.2_cache_incremental_attempt01,stage03.2_cache_incremental_attempt01,smoke,rc105C5,2014,"[""c101C5"", ""r105C5"", ""rc105C5"", ""c101_21"", ""r101_21"", ""rc101_21""]","[2014, 2015, 2016]",environment,verified_legacy,results/stage03.2_cache_incremental_attempt01/rc105C5/2014/stage03.2_cache_incremental_attempt01_environment_rc105C5_2014.json,results/stage03.2_cache_incremental_attempt01/environments/rc105C5-alns_stage02_constraint_guided-2014.json,feasible,,not_verified,not_present,not_applicable,not_published,4651e0431cffab26e7e101c9b6df7ca6ba2b50ca2a507b48a613df5edba97168,raw_manifest,8ccce0e50d5abda874d40dfc5a576439d21b727c846aebd2c70836519305e5c2,4da5f1da3791d1a2538874fb51d25bff691c1a4039faef054d655af94410d49f,2ccfba6c447fa43a994934690acb67c7355ca04d232394907ed6938bc362c643,99571ba7505ab9499b99108f3223f05a811c78bbea09130bff3a1c33d2e3f552,b226b97e0e67288aaaf85726ad855df71cb81406685c57c8e8c40cd8996aa0da,c38467d7c2f35206956dafa111152a3c4b8f5a76,False,"{""VRP-EVRP-Project-Hub"": {""dirty"": false, ""path"": ""/Users/guoyiyang/Documents/GitHub/FURP-2026-Yiyang-GUO-EVRP-TW/reference/VRP-EVRP-Project-Hub"", ""revision"": ""e3a890065105f978187e532642c4442522215e02""}, ""py-ga-VRPTW"": {""dirty"": false, ""path"": ""/Users/guoyiyang/Documents/GitHub/FURP-2026-Yiyang-GUO-EVRP-TW/reference/py-ga-VRPTW"", ""revision"": ""8e005caaaf6471a4505588d88c7f0f5e0d4ebffa""}}",stage03.1_screening_attempt04,,preserve;see stage03_legacy_path_map.csv
stage03.2,cache_incremental,stage03.2_cache_incremental_attempt01,attempt01,stage03.2_cache_incremental_attempt01,stage03.2_cache_incremental_attempt01,smoke,rc105C5,2015,"[""c101C5"", ""r105C5"", ""rc105C5"", ""c101_21"", ""r101_21"", ""rc101_21""]","[2014, 2015, 2016]",environment,verified_legacy,results/stage03.2_cache_incremental_attempt01/rc105C5/2015/stage03.2_cache_incremental_attempt01_environment_rc105C5_2015.json,results/stage03.2_cache_incremental_attempt01/environments/rc105C5-alns_stage02_constraint_guided-2015.json,feasible,,not_verified,not_present,not_applicable,not_published,bfcd09da4dc9ced7ad03fd2e0db5bcd52746f43950bb5ab35426b4fdc1f77f99,raw_manifest,8ccce0e50d5abda874d40dfc5a576439d21b727c846aebd2c70836519305e5c2,4da5f1da3791d1a2538874fb51d25bff691c1a4039faef054d655af94410d49f,2ccfba6c447fa43a994934690acb67c7355ca04d232394907ed6938bc362c643,ea266f2cd5dd2f301704d488808b469d8ef658a0dee9dcb08b541e7fa4e945d9,b226b97e0e67288aaaf85726ad855df71cb81406685c57c8e8c40cd8996aa0da,c38467d7c2f35206956dafa111152a3c4b8f5a76,False,"{""VRP-EVRP-Project-Hub"": {""dirty"": false, ""path"": ""/Users/guoyiyang/Documents/GitHub/FURP-2026-Yiyang-GUO-EVRP-TW/reference/VRP-EVRP-Project-Hub"", ""revision"": ""e3a890065105f978187e532642c4442522215e02""}, ""py-ga-VRPTW"": {""dirty"": false, ""path"": ""/Users/guoyiyang/Documents/GitHub/FURP-2026-Yiyang-GUO-EVRP-TW/reference/py-ga-VRPTW"", ""revision"": ""8e005caaaf6471a4505588d88c7f0f5e0d4ebffa""}}",stage03.1_screening_attempt04,,preserve;see stage03_legacy_path_map.csv
stage03.2,cache_incremental,stage03.2_cache_incremental_attempt01,attempt01,stage03.2_cache_incremental_attempt01,stage03.2_cache_incremental_attempt01,smoke,rc105C5,2016,"[""c101C5"", ""r105C5"", ""rc105C5"", ""c101_21"", ""r101_21"", ""rc101_21""]","[2014, 2015, 2016]",environment,verified_legacy,results/stage03.2_cache_incremental_attempt01/rc105C5/2016/stage03.2_cache_incremental_attempt01_environment_rc105C5_2016.json,results/stage03.2_cache_incremental_attempt01/environments/rc105C5-alns_stage02_constraint_guided-2016.json,feasible,,not_verified,not_present,not_applicable,not_published,877bc0f823efad706f7f8a05ddd705be5a4cdd4c78925968a4ab90a270e67f8f,raw_manifest,8ccce0e50d5abda874d40dfc5a576439d21b727c846aebd2c70836519305e5c2,4da5f1da3791d1a2538874fb51d25bff691c1a4039faef054d655af94410d49f,2ccfba6c447fa43a994934690acb67c7355ca04d232394907ed6938bc362c643,f303a7edf8c1cf3c156f09d94c37b0444810a2aa279a8be4668b36879ebb62b0,b226b97e0e67288aaaf85726ad855df71cb81406685c57c8e8c40cd8996aa0da,c38467d7c2f35206956dafa111152a3c4b8f5a76,False,"{""VRP-EVRP-Project-Hub"": {""dirty"": false, ""path"": ""/Users/guoyiyang/Documents/GitHub/FURP-2026-Yiyang-GUO-EVRP-TW/reference/VRP-EVRP-Project-Hub"", ""revision"": ""e3a890065105f978187e532642c4442522215e02""}, ""py-ga-VRPTW"": {""dirty"": false, ""path"": ""/Users/guoyiyang/Documents/GitHub/FURP-2026-Yiyang-GUO-EVRP-TW/reference/py-ga-VRPTW"", ""revision"": ""8e005caaaf6471a4505588d88c7f0f5e0d4ebffa""}}",stage03.1_screening_attempt04,,preserve;see stage03_legacy_path_map.csv
stage03.2,cache_incremental,stage03.2_cache_incremental_attempt01,attempt01,stage03.2_cache_incremental_attempt01,stage03.2_cache_incremental_attempt01,smoke,c101C5,2014,"[""c101C5"", ""r105C5"", ""rc105C5"", ""c101_21"", ""r101_21"", ""rc101_21""]","[2014, 2015, 2016]",events,verified_legacy,results/stage03.2_cache_incremental_attempt01/c101C5/2014/stage03.2_cache_incremental_attempt01_events_c101C5_2014.jsonl,results/stage03.2_cache_incremental_attempt01/events/c101C5-alns_stage02_constraint_guided-2014.jsonl,feasible,,not_verified,not_present,not_applicable,not_published,93ba2a8912c4d466346c6f487b2cb158f1b6bbe626da56420de3e5aeb60675d6,raw_manifest,8ccce0e50d5abda874d40dfc5a576439d21b727c846aebd2c70836519305e5c2,4da5f1da3791d1a2538874fb51d25bff691c1a4039faef054d655af94410d49f,8612d6d9aad051776097a5e50c7408f39352b8107b0639d58e5eda713f9ff876,282d08f1fc9a490c27d287d6a1adc77c8412f076079b61f78fc13cb717c886a9,b226b97e0e67288aaaf85726ad855df71cb81406685c57c8e8c40cd8996aa0da,c38467d7c2f35206956dafa111152a3c4b8f5a76,False,"{""VRP-EVRP-Project-Hub"": {""dirty"": false, ""path"": ""/Users/guoyiyang/Documents/GitHub/FURP-2026-Yiyang-GUO-EVRP-TW/reference/VRP-EVRP-Project-Hub"", ""revision"": ""e3a890065105f978187e532642c4442522215e02""}, ""py-ga-VRPTW"": {""dirty"": false, ""path"": ""/Users/guoyiyang/Documents/GitHub/FURP-2026-Yiyang-GUO-EVRP-TW/reference/py-ga-VRPTW"", ""revision"": ""8e005caaaf6471a4505588d88c7f0f5e0d4ebffa""}}",stage03.1_screening_attempt04,,preserve;see stage03_legacy_path_map.csv
stage03.2,cache_incremental,stage03.2_cache_incremental_attempt01,attempt01,stage03.2_cache_incremental_attempt01,stage03.2_cache_incremental_attempt01,smoke,c101C5,2015,"[""c101C5"", ""r105C5"", ""rc105C5"", ""c101_21"", ""r101_21"", ""rc101_21""]","[2014, 2015, 2016]",events,verified_legacy,results/stage03.2_cache_incremental_attempt01/c101C5/2015/stage03.2_cache_incremental_attempt01_events_c101C5_2015.jsonl,results/stage03.2_cache_incremental_attempt01/events/c101C5-alns_stage02_constraint_guided-2015.jsonl,feasible,,not_verified,not_present,not_applicable,not_published,c95aea1bcbcec5ed773c7e1e2de0fa3e13af92745b3f1e4d1e532261d1310b91,raw_manifest,8ccce0e50d5abda874d40dfc5a576439d21b727c846aebd2c70836519305e5c2,4da5f1da3791d1a2538874fb51d25bff691c1a4039faef054d655af94410d49f,8612d6d9aad051776097a5e50c7408f39352b8107b0639d58e5eda713f9ff876,79953a5f4b719832efc83bb340583566703be202e6ea7ec8ea5225d6912be333,b226b97e0e67288aaaf85726ad855df71cb81406685c57c8e8c40cd8996aa0da,c38467d7c2f35206956dafa111152a3c4b8f5a76,False,"{""VRP-EVRP-Project-Hub"": {""dirty"": false, ""path"": ""/Users/guoyiyang/Documents/GitHub/FURP-2026-Yiyang-GUO-EVRP-TW/reference/VRP-EVRP-Project-Hub"", ""revision"": ""e3a890065105f978187e532642c4442522215e02""}, ""py-ga-VRPTW"": {""dirty"": false, ""path"": ""/Users/guoyiyang/Documents/GitHub/FURP-2026-Yiyang-GUO-EVRP-TW/reference/py-ga-VRPTW"", ""revision"": ""8e005caaaf6471a4505588d88c7f0f5e0d4ebffa""}}",stage03.1_screening_attempt04,,preserve;see stage03_legacy_path_map.csv
stage03.2,cache_incremental,stage03.2_cache_incremental_attempt01,attempt01,stage03.2_cache_incremental_attempt01,stage03.2_cache_incremental_attempt01,smoke,c101C5,2016,"[""c101C5"", ""r105C5"", ""rc105C5"", ""c101_21"", ""r101_21"", ""rc101_21""]","[2014, 2015, 2016]",events,verified_legacy,results/stage03.2_cache_incremental_attempt01/c101C5/2016/stage03.2_cache_incremental_attempt01_events_c101C5_2016.jsonl,results/stage03.2_cache_incremental_attempt01/events/c101C5-alns_stage02_constraint_guided-2016.jsonl,feasible,,not_verified,not_present,not_applicable,not_published,8ded2852188a0f5a64449deb2df13a2898a72e73622155600e7d19512a531968,raw_manifest,8ccce0e50d5abda874d40dfc5a576439d21b727c846aebd2c70836519305e5c2,4da5f1da3791d1a2538874fb51d25bff691c1a4039faef054d655af94410d49f,8612d6d9aad051776097a5e50c7408f39352b8107b0639d58e5eda713f9ff876,129c22a61035905d2dc8fa0d912162aab9d6f03409ecbb1baca5666b9d253e2c,b226b97e0e67288aaaf85726ad855df71cb81406685c57c8e8c40cd8996aa0da,c38467d7c2f35206956dafa111152a3c4b8f5a76,False,"{""VRP-EVRP-Project-Hub"": {""dirty"": false, ""path"": ""/Users/guoyiyang/Documents/GitHub/FURP-2026-Yiyang-GUO-EVRP-TW/reference/VRP-EVRP-Project-Hub"", ""revision"": ""e3a890065105f978187e532642c4442522215e02""}, ""py-ga-VRPTW"": {""dirty"": false, ""path"": ""/Users/guoyiyang/Documents/GitHub/FURP-2026-Yiyang-GUO-EVRP-TW/reference/py-ga-VRPTW"", ""revision"": ""8e005caaaf6471a4505588d88c7f0f5e0d4ebffa""}}",stage03.1_screening_attempt04,,preserve;see stage03_legacy_path_map.csv
stage03.2,cache_incremental,stage03.2_cache_incremental_attempt01,attempt01,stage03.2_cache_incremental_attempt01,stage03.2_cache_incremental_attempt01,smoke,c101_21,2014,"[""c101C5"", ""r105C5"", ""rc105C5"", ""c101_21"", ""r101_21"", ""rc101_21""]","[2014, 2015, 2016]",events,verified_legacy,results/stage03.2_cache_incremental_attempt01/c101_21/2014/stage03.2_cache_incremental_attempt01_events_c101_21_2014.jsonl,results/stage03.2_cache_incremental_attempt01/events/c101_21-alns_stage02_constraint_guided-2014.jsonl,feasible,,not_verified,not_present,not_applicable,not_published,21acf6ddbf2fa4a1bb6bc5c95a1d1102a9aa042cfff900dbdcb265bc127d4e04,raw_manifest,8ccce0e50d5abda874d40dfc5a576439d21b727c846aebd2c70836519305e5c2,4da5f1da3791d1a2538874fb51d25bff691c1a4039faef054d655af94410d49f,c5cda6ca63a7d518902cf4b02d98b4aa0f373aaa0658d5c666d1c46d38871cb9,01fa5d390a9e7043d7f4c8cc5d284e821129857afc70f42d1ee4539d770171be,b226b97e0e67288aaaf85726ad855df71cb81406685c57c8e8c40cd8996aa0da,c38467d7c2f35206956dafa111152a3c4b8f5a76,False,"{""VRP-EVRP-Project-Hub"": {""dirty"": false, ""path"": ""/Users/guoyiyang/Documents/GitHub/FURP-2026-Yiyang-GUO-EVRP-TW/reference/VRP-EVRP-Project-Hub"", ""revision"": ""e3a890065105f978187e532642c4442522215e02""}, ""py-ga-VRPTW"": {""dirty"": false, ""path"": ""/Users/guoyiyang/Documents/GitHub/FURP-2026-Yiyang-GUO-EVRP-TW/reference/py-ga-VRPTW"", ""revision"": ""8e005caaaf6471a4505588d88c7f0f5e0d4ebffa""}}",stage03.1_screening_attempt04,,preserve;see stage03_legacy_path_map.csv
stage03.2,cache_incremental,stage03.2_cache_incremental_attempt01,attempt01,stage03.2_cache_incremental_attempt01,stage03.2_cache_incremental_attempt01,smoke,c101_21,2015,"[""c101C5"", ""r105C5"", ""rc105C5"", ""c101_21"", ""r101_21"", ""rc101_21""]","[2014, 2015, 2016]",events,verified_legacy,results/stage03.2_cache_incremental_attempt01/c101_21/2015/stage03.2_cache_incremental_attempt01_events_c101_21_2015.jsonl,results/stage03.2_cache_incremental_attempt01/events/c101_21-alns_stage02_constraint_guided-2015.jsonl,feasible,,not_verified,not_present,not_applicable,not_published,7a2e33893f2d48356f46c19ca9b16090c6405ae382af205997e133d952ee0b7c,raw_manifest,8ccce0e50d5abda874d40dfc5a576439d21b727c846aebd2c70836519305e5c2,4da5f1da3791d1a2538874fb51d25bff691c1a4039faef054d655af94410d49f,c5cda6ca63a7d518902cf4b02d98b4aa0f373aaa0658d5c666d1c46d38871cb9,58ff3b60e08388d1e93e8cb65c4280160ed25ce4efccaa0a98fc64e6dcce41cc,b226b97e0e67288aaaf85726ad855df71cb81406685c57c8e8c40cd8996aa0da,c38467d7c2f35206956dafa111152a3c4b8f5a76,False,"{""VRP-EVRP-Project-Hub"": {""dirty"": false, ""path"": ""/Users/guoyiyang/Documents/GitHub/FURP-2026-Yiyang-GUO-EVRP-TW/reference/VRP-EVRP-Project-Hub"", ""revision"": ""e3a890065105f978187e532642c4442522215e02""}, ""py-ga-VRPTW"": {""dirty"": false, ""path"": ""/Users/guoyiyang/Documents/GitHub/FURP-2026-Yiyang-GUO-EVRP-TW/reference/py-ga-VRPTW"", ""revision"": ""8e005caaaf6471a4505588d88c7f0f5e0d4ebffa""}}",stage03.1_screening_attempt04,,preserve;see stage03_legacy_path_map.csv
stage03.2,cache_incremental,stage03.2_cache_incremental_attempt01,attempt01,stage03.2_cache_incremental_attempt01,stage03.2_cache_incremental_attempt01,smoke,c101_21,2016,"[""c101C5"", ""r105C5"", ""rc105C5"", ""c101_21"", ""r101_21"", ""rc101_21""]","[2014, 2015, 2016]",events,verified_legacy,results/stage03.2_cache_incremental_attempt01/c101_21/2016/stage03.2_cache_incremental_attempt01_events_c101_21_2016.jsonl,results/stage03.2_cache_incremental_attempt01/events/c101_21-alns_stage02_constraint_guided-2016.jsonl,feasible,,not_verified,not_present,not_applicable,not_published,85373574a178b4857197ab1e3a5a1d9d220181ffaf60fec69af3b098683f0e04,raw_manifest,8ccce0e50d5abda874d40dfc5a576439d21b727c846aebd2c70836519305e5c2,4da5f1da3791d1a2538874fb51d25bff691c1a4039faef054d655af94410d49f,c5cda6ca63a7d518902cf4b02d98b4aa0f373aaa0658d5c666d1c46d38871cb9,d92fc93f97c16e3b3d781289b4f1ef63ebf4d1131c575a38671b69e8079478b7,b226b97e0e67288aaaf85726ad855df71cb81406685c57c8e8c40cd8996aa0da,c38467d7c2f35206956dafa111152a3c4b8f5a76,False,"{""VRP-EVRP-Project-Hub"": {""dirty"": false, ""path"": ""/Users/guoyiyang/Documents/GitHub/FURP-2026-Yiyang-GUO-EVRP-TW/reference/VRP-EVRP-Project-Hub"", ""revision"": ""e3a890065105f978187e532642c4442522215e02""}, ""py-ga-VRPTW"": {""dirty"": false, ""path"": ""/Users/guoyiyang/Documents/GitHub/FURP-2026-Yiyang-GUO-EVRP-TW/reference/py-ga-VRPTW"", ""revision"": ""8e005caaaf6471a4505588d88c7f0f5e0d4ebffa""}}",stage03.1_screening_attempt04,,preserve;see stage03_legacy_path_map.csv
stage03.2,cache_incremental,stage03.2_cache_incremental_attempt01,attempt01,stage03.2_cache_incremental_attempt01,stage03.2_cache_incremental_attempt01,smoke,r101_21,2014,"[""c101C5"", ""r105C5"", ""rc105C5"", ""c101_21"", ""r101_21"", ""rc101_21""]","[2014, 2015, 2016]",events,verified_legacy,results/stage03.2_cache_incremental_attempt01/r101_21/2014/stage03.2_cache_incremental_attempt01_events_r101_21_2014.jsonl,results/stage03.2_cache_incremental_attempt01/events/r101_21-alns_stage02_constraint_guided-2014.jsonl,feasible,,not_verified,not_present,not_applicable,not_published,3229c8e7269e448f801a46ffcd534308f5ec75b561371ca0cbc50f8592da5145,raw_manifest,8ccce0e50d5abda874d40dfc5a576439d21b727c846aebd2c70836519305e5c2,4da5f1da3791d1a2538874fb51d25bff691c1a4039faef054d655af94410d49f,0e5a3dffffbd3c516b528ef32ba1a488b817d2f151fc3e8c81023814de1c103a,a064fed73b340a40e9245985ef489e482cf4d049ec02395e6f775b567ed3d05f,b226b97e0e67288aaaf85726ad855df71cb81406685c57c8e8c40cd8996aa0da,c38467d7c2f35206956dafa111152a3c4b8f5a76,False,"{""VRP-EVRP-Project-Hub"": {""dirty"": false, ""path"": ""/Users/guoyiyang/Documents/GitHub/FURP-2026-Yiyang-GUO-EVRP-TW/reference/VRP-EVRP-Project-Hub"", ""revision"": ""e3a890065105f978187e532642c4442522215e02""}, ""py-ga-VRPTW"": {""dirty"": false, ""path"": ""/Users/guoyiyang/Documents/GitHub/FURP-2026-Yiyang-GUO-EVRP-TW/reference/py-ga-VRPTW"", ""revision"": ""8e005caaaf6471a4505588d88c7f0f5e0d4ebffa""}}",stage03.1_screening_attempt04,,preserve;see stage03_legacy_path_map.csv
stage03.2,cache_incremental,stage03.2_cache_incremental_attempt01,attempt01,stage03.2_cache_incremental_attempt01,stage03.2_cache_incremental_attempt01,smoke,r101_21,2015,"[""c101C5"", ""r105C5"", ""rc105C5"", ""c101_21"", ""r101_21"", ""rc101_21""]","[2014, 2015, 2016]",events,verified_legacy,results/stage03.2_cache_incremental_attempt01/r101_21/2015/stage03.2_cache_incremental_attempt01_events_r101_21_2015.jsonl,results/stage03.2_cache_incremental_attempt01/events/r101_21-alns_stage02_constraint_guided-2015.jsonl,feasible,,not_verified,not_present,not_applicable,not_published,9fd531267fb1b30eb628c76f929ffb6cc05fa9bb5615e660a8495f64376e2f8a,raw_manifest,8ccce0e50d5abda874d40dfc5a576439d21b727c846aebd2c70836519305e5c2,4da5f1da3791d1a2538874fb51d25bff691c1a4039faef054d655af94410d49f,0e5a3dffffbd3c516b528ef32ba1a488b817d2f151fc3e8c81023814de1c103a,b801c938d84e51d5d401101d923b03b266bc99ff9907cd5fa94efdd6b305d52a,b226b97e0e67288aaaf85726ad855df71cb81406685c57c8e8c40cd8996aa0da,c38467d7c2f35206956dafa111152a3c4b8f5a76,False,"{""VRP-EVRP-Project-Hub"": {""dirty"": false, ""path"": ""/Users/guoyiyang/Documents/GitHub/FURP-2026-Yiyang-GUO-EVRP-TW/reference/VRP-EVRP-Project-Hub"", ""revision"": ""e3a890065105f978187e532642c4442522215e02""}, ""py-ga-VRPTW"": {""dirty"": false, ""path"": ""/Users/guoyiyang/Documents/GitHub/FURP-2026-Yiyang-GUO-EVRP-TW/reference/py-ga-VRPTW"", ""revision"": ""8e005caaaf6471a4505588d88c7f0f5e0d4ebffa""}}",stage03.1_screening_attempt04,,preserve;see stage03_legacy_path_map.csv
stage03.2,cache_incremental,stage03.2_cache_incremental_attempt01,attempt01,stage03.2_cache_incremental_attempt01,stage03.2_cache_incremental_attempt01,smoke,r101_21,2016,"[""c101C5"", ""r105C5"", ""rc105C5"", ""c101_21"", ""r101_21"", ""rc101_21""]","[2014, 2015, 2016]",events,verified_legacy,results/stage03.2_cache_incremental_attempt01/r101_21/2016/stage03.2_cache_incremental_attempt01_events_r101_21_2016.jsonl,results/stage03.2_cache_incremental_attempt01/events/r101_21-alns_stage02_constraint_guided-2016.jsonl,feasible,,not_verified,not_present,not_applicable,not_published,fc37d50adbdd435b3263e6ee4a64b02cf1b0eedcc87f94817d3ea36aa6b721c8,raw_manifest,8ccce0e50d5abda874d40dfc5a576439d21b727c846aebd2c70836519305e5c2,4da5f1da3791d1a2538874fb51d25bff691c1a4039faef054d655af94410d49f,0e5a3dffffbd3c516b528ef32ba1a488b817d2f151fc3e8c81023814de1c103a,b0708836c7029704fb951f6905fee972c3ba462a170cbf94a4be8f04e761f509,b226b97e0e67288aaaf85726ad855df71cb81406685c57c8e8c40cd8996aa0da,c38467d7c2f35206956dafa111152a3c4b8f5a76,False,"{""VRP-EVRP-Project-Hub"": {""dirty"": false, ""path"": ""/Users/guoyiyang/Documents/GitHub/FURP-2026-Yiyang-GUO-EVRP-TW/reference/VRP-EVRP-Project-Hub"", ""revision"": ""e3a890065105f978187e532642c4442522215e02""}, ""py-ga-VRPTW"": {""dirty"": false, ""path"": ""/Users/guoyiyang/Documents/GitHub/FURP-2026-Yiyang-GUO-EVRP-TW/reference/py-ga-VRPTW"", ""revision"": ""8e005caaaf6471a4505588d88c7f0f5e0d4ebffa""}}",stage03.1_screening_attempt04,,preserve;see stage03_legacy_path_map.csv
stage03.2,cache_incremental,stage03.2_cache_incremental_attempt01,attempt01,stage03.2_cache_incremental_attempt01,stage03.2_cache_incremental_attempt01,smoke,r105C5,2014,"[""c101C5"", ""r105C5"", ""rc105C5"", ""c101_21"", ""r101_21"", ""rc101_21""]","[2014, 2015, 2016]",events,verified_legacy,results/stage03.2_cache_incremental_attempt01/r105C5/2014/stage03.2_cache_incremental_attempt01_events_r105C5_2014.jsonl,results/stage03.2_cache_incremental_attempt01/events/r105C5-alns_stage02_constraint_guided-2014.jsonl,feasible,,not_verified,not_present,not_applicable,not_published,4e8c984a922ace60c89b20c77ecab430a9dae2959351e854342aafa4222285e5,raw_manifest,8ccce0e50d5abda874d40dfc5a576439d21b727c846aebd2c70836519305e5c2,4da5f1da3791d1a2538874fb51d25bff691c1a4039faef054d655af94410d49f,eb27ec04e799ee6d39dee3d66f15128e197811afa8c664295acbdf6444176434,77c9b61f17e9eaef218af95e6273db6072a7f5b197a491f4f61d3170e2da3de2,b226b97e0e67288aaaf85726ad855df71cb81406685c57c8e8c40cd8996aa0da,c38467d7c2f35206956dafa111152a3c4b8f5a76,False,"{""VRP-EVRP-Project-Hub"": {""dirty"": false, ""path"": ""/Users/guoyiyang/Documents/GitHub/FURP-2026-Yiyang-GUO-EVRP-TW/reference/VRP-EVRP-Project-Hub"", ""revision"": ""e3a890065105f978187e532642c4442522215e02""}, ""py-ga-VRPTW"": {""dirty"": false, ""path"": ""/Users/guoyiyang/Documents/GitHub/FURP-2026-Yiyang-GUO-EVRP-TW/reference/py-ga-VRPTW"", ""revision"": ""8e005caaaf6471a4505588d88c7f0f5e0d4ebffa""}}",stage03.1_screening_attempt04,,preserve;see stage03_legacy_path_map.csv
stage03.2,cache_incremental,stage03.2_cache_incremental_attempt01,attempt01,stage03.2_cache_incremental_attempt01,stage03.2_cache_incremental_attempt01,smoke,r105C5,2015,"[""c101C5"", ""r105C5"", ""rc105C5"", ""c101_21"", ""r101_21"", ""rc101_21""]","[2014, 2015, 2016]",events,verified_legacy,results/stage03.2_cache_incremental_attempt01/r105C5/2015/stage03.2_cache_incremental_attempt01_events_r105C5_2015.jsonl,results/stage03.2_cache_incremental_attempt01/events/r105C5-alns_stage02_constraint_guided-2015.jsonl,feasible,,not_verified,not_present,not_applicable,not_published,b4a19ada9d83f12db87d9620583c82598e9dbf2e971babd1bbfb4bb9379d959f,raw_manifest,8ccce0e50d5abda874d40dfc5a576439d21b727c846aebd2c70836519305e5c2,4da5f1da3791d1a2538874fb51d25bff691c1a4039faef054d655af94410d49f,eb27ec04e799ee6d39dee3d66f15128e197811afa8c664295acbdf6444176434,f9b4cfb31b67b17da738b11600660fea6bc7e95f536a22a5246272544b7a746f,b226b97e0e67288aaaf85726ad855df71cb81406685c57c8e8c40cd8996aa0da,c38467d7c2f35206956dafa111152a3c4b8f5a76,False,"{""VRP-EVRP-Project-Hub"": {""dirty"": false, ""path"": ""/Users/guoyiyang/Documents/GitHub/FURP-2026-Yiyang-GUO-EVRP-TW/reference/VRP-EVRP-Project-Hub"", ""revision"": ""e3a890065105f978187e532642c4442522215e02""}, ""py-ga-VRPTW"": {""dirty"": false, ""path"": ""/Users/guoyiyang/Documents/GitHub/FURP-2026-Yiyang-GUO-EVRP-TW/reference/py-ga-VRPTW"", ""revision"": ""8e005caaaf6471a4505588d88c7f0f5e0d4ebffa""}}",stage03.1_screening_attempt04,,preserve;see stage03_legacy_path_map.csv
stage03.2,cache_incremental,stage03.2_cache_incremental_attempt01,attempt01,stage03.2_cache_incremental_attempt01,stage03.2_cache_incremental_attempt01,smoke,r105C5,2016,"[""c101C5"", ""r105C5"", ""rc105C5"", ""c101_21"", ""r101_21"", ""rc101_21""]","[2014, 2015, 2016]",events,verified_legacy,results/stage03.2_cache_incremental_attempt01/r105C5/2016/stage03.2_cache_incremental_attempt01_events_r105C5_2016.jsonl,results/stage03.2_cache_incremental_attempt01/events/r105C5-alns_stage02_constraint_guided-2016.jsonl,feasible,,not_verified,not_present,not_applicable,not_published,3273392ed58411a260ab053cdf29526e2dee521862295456d53e47a1370ea137,raw_manifest,8ccce0e50d5abda874d40dfc5a576439d21b727c846aebd2c70836519305e5c2,4da5f1da3791d1a2538874fb51d25bff691c1a4039faef054d655af94410d49f,eb27ec04e799ee6d39dee3d66f15128e197811afa8c664295acbdf6444176434,2a7d896ddea75002e3669f10ff4538c4f2770dfd4c6c2ea0adceac3f81c40939,b226b97e0e67288aaaf85726ad855df71cb81406685c57c8e8c40cd8996aa0da,c38467d7c2f35206956dafa111152a3c4b8f5a76,False,"{""VRP-EVRP-Project-Hub"": {""dirty"": false, ""path"": ""/Users/guoyiyang/Documents/GitHub/FURP-2026-Yiyang-GUO-EVRP-TW/reference/VRP-EVRP-Project-Hub"", ""revision"": ""e3a890065105f978187e532642c4442522215e02""}, ""py-ga-VRPTW"": {""dirty"": false, ""path"": ""/Users/guoyiyang/Documents/GitHub/FURP-2026-Yiyang-GUO-EVRP-TW/reference/py-ga-VRPTW"", ""revision"": ""8e005caaaf6471a4505588d88c7f0f5e0d4ebffa""}}",stage03.1_screening_attempt04,,preserve;see stage03_legacy_path_map.csv
stage03.2,cache_incremental,stage03.2_cache_incremental_attempt01,attempt01,stage03.2_cache_incremental_attempt01,stage03.2_cache_incremental_attempt01,smoke,rc101_21,2014,"[""c101C5"", ""r105C5"", ""rc105C5"", ""c101_21"", ""r101_21"", ""rc101_21""]","[2014, 2015, 2016]",events,verified_legacy,results/stage03.2_cache_incremental_attempt01/rc101_21/2014/stage03.2_cache_incremental_attempt01_events_rc101_21_2014.jsonl,results/stage03.2_cache_incremental_attempt01/events/rc101_21-alns_stage02_constraint_guided-2014.jsonl,feasible,,not_verified,not_present,not_applicable,not_published,51d2ada733b4e6053eb637b8616326b83e305447dfb17734f2d2c3e1661490ba,raw_manifest,8ccce0e50d5abda874d40dfc5a576439d21b727c846aebd2c70836519305e5c2,4da5f1da3791d1a2538874fb51d25bff691c1a4039faef054d655af94410d49f,272a3e58d53d4ba9516f01506164cf8a9b98bfeeb8dbd1fd62f6557e4c98e3a1,f6d8fa2c216fb54e283e774c4e394de02478b759a15e7f7160853a802fdaaaba,b226b97e0e67288aaaf85726ad855df71cb81406685c57c8e8c40cd8996aa0da,c38467d7c2f35206956dafa111152a3c4b8f5a76,False,"{""VRP-EVRP-Project-Hub"": {""dirty"": false, ""path"": ""/Users/guoyiyang/Documents/GitHub/FURP-2026-Yiyang-GUO-EVRP-TW/reference/VRP-EVRP-Project-Hub"", ""revision"": ""e3a890065105f978187e532642c4442522215e02""}, ""py-ga-VRPTW"": {""dirty"": false, ""path"": ""/Users/guoyiyang/Documents/GitHub/FURP-2026-Yiyang-GUO-EVRP-TW/reference/py-ga-VRPTW"", ""revision"": ""8e005caaaf6471a4505588d88c7f0f5e0d4ebffa""}}",stage03.1_screening_attempt04,,preserve;see stage03_legacy_path_map.csv
stage03.2,cache_incremental,stage03.2_cache_incremental_attempt01,attempt01,stage03.2_cache_incremental_attempt01,stage03.2_cache_incremental_attempt01,smoke,rc101_21,2015,"[""c101C5"", ""r105C5"", ""rc105C5"", ""c101_21"", ""r101_21"", ""rc101_21""]","[2014, 2015, 2016]",events,verified_legacy,results/stage03.2_cache_incremental_attempt01/rc101_21/2015/stage03.2_cache_incremental_attempt01_events_rc101_21_2015.jsonl,results/stage03.2_cache_incremental_attempt01/events/rc101_21-alns_stage02_constraint_guided-2015.jsonl,feasible,,not_verified,not_present,not_applicable,not_published,17066144364ac95aca165d4b15168342191c44b6402d55cf71f57fb956868a43,raw_manifest,8ccce0e50d5abda874d40dfc5a576439d21b727c846aebd2c70836519305e5c2,4da5f1da3791d1a2538874fb51d25bff691c1a4039faef054d655af94410d49f,272a3e58d53d4ba9516f01506164cf8a9b98bfeeb8dbd1fd62f6557e4c98e3a1,aa2ebcf79efc6821c5cff332adac7909d98b58f6e70e8f8872951985b7f486c6,b226b97e0e67288aaaf85726ad855df71cb81406685c57c8e8c40cd8996aa0da,c38467d7c2f35206956dafa111152a3c4b8f5a76,False,"{""VRP-EVRP-Project-Hub"": {""dirty"": false, ""path"": ""/Users/guoyiyang/Documents/GitHub/FURP-2026-Yiyang-GUO-EVRP-TW/reference/VRP-EVRP-Project-Hub"", ""revision"": ""e3a890065105f978187e532642c4442522215e02""}, ""py-ga-VRPTW"": {""dirty"": false, ""path"": ""/Users/guoyiyang/Documents/GitHub/FURP-2026-Yiyang-GUO-EVRP-TW/reference/py-ga-VRPTW"", ""revision"": ""8e005caaaf6471a4505588d88c7f0f5e0d4ebffa""}}",stage03.1_screening_attempt04,,preserve;see stage03_legacy_path_map.csv
stage03.2,cache_incremental,stage03.2_cache_incremental_attempt01,attempt01,stage03.2_cache_incremental_attempt01,stage03.2_cache_incremental_attempt01,smoke,rc101_21,2016,"[""c101C5"", ""r105C5"", ""rc105C5"", ""c101_21"", ""r101_21"", ""rc101_21""]","[2014, 2015, 2016]",events,verified_legacy,results/stage03.2_cache_incremental_attempt01/rc101_21/2016/stage03.2_cache_incremental_attempt01_events_rc101_21_2016.jsonl,results/stage03.2_cache_incremental_attempt01/events/rc101_21-alns_stage02_constraint_guided-2016.jsonl,feasible,,not_verified,not_present,not_applicable,not_published,7b9483e3c6cb18435093ac3d924d390bdeea45be2b8ddb203aca5b21727b9600,raw_manifest,8ccce0e50d5abda874d40dfc5a576439d21b727c846aebd2c70836519305e5c2,4da5f1da3791d1a2538874fb51d25bff691c1a4039faef054d655af94410d49f,272a3e58d53d4ba9516f01506164cf8a9b98bfeeb8dbd1fd62f6557e4c98e3a1,ba80d0ba0a3c54d01582f28861914348b5757ac3d6e5cd1e6aaa9ababbb91443,b226b97e0e67288aaaf85726ad855df71cb81406685c57c8e8c40cd8996aa0da,c38467d7c2f35206956dafa111152a3c4b8f5a76,False,"{""VRP-EVRP-Project-Hub"": {""dirty"": false, ""path"": ""/Users/guoyiyang/Documents/GitHub/FURP-2026-Yiyang-GUO-EVRP-TW/reference/VRP-EVRP-Project-Hub"", ""revision"": ""e3a890065105f978187e532642c4442522215e02""}, ""py-ga-VRPTW"": {""dirty"": false, ""path"": ""/Users/guoyiyang/Documents/GitHub/FURP-2026-Yiyang-GUO-EVRP-TW/reference/py-ga-VRPTW"", ""revision"": ""8e005caaaf6471a4505588d88c7f0f5e0d4ebffa""}}",stage03.1_screening_attempt04,,preserve;see stage03_legacy_path_map.csv
stage03.2,cache_incremental,stage03.2_cache_incremental_attempt01,attempt01,stage03.2_cache_incremental_attempt01,stage03.2_cache_incremental_attempt01,smoke,rc105C5,2014,"[""c101C5"", ""r105C5"", ""rc105C5"", ""c101_21"", ""r101_21"", ""rc101_21""]","[2014, 2015, 2016]",events,verified_legacy,results/stage03.2_cache_incremental_attempt01/rc105C5/2014/stage03.2_cache_incremental_attempt01_events_rc105C5_2014.jsonl,results/stage03.2_cache_incremental_attempt01/events/rc105C5-alns_stage02_constraint_guided-2014.jsonl,feasible,,not_verified,not_present,not_applicable,not_published,4bf2e68d1132ff261b6380fa2d6c6a31a22ad25eff5203c8a69a32d18381f59f,raw_manifest,8ccce0e50d5abda874d40dfc5a576439d21b727c846aebd2c70836519305e5c2,4da5f1da3791d1a2538874fb51d25bff691c1a4039faef054d655af94410d49f,2ccfba6c447fa43a994934690acb67c7355ca04d232394907ed6938bc362c643,99571ba7505ab9499b99108f3223f05a811c78bbea09130bff3a1c33d2e3f552,b226b97e0e67288aaaf85726ad855df71cb81406685c57c8e8c40cd8996aa0da,c38467d7c2f35206956dafa111152a3c4b8f5a76,False,"{""VRP-EVRP-Project-Hub"": {""dirty"": false, ""path"": ""/Users/guoyiyang/Documents/GitHub/FURP-2026-Yiyang-GUO-EVRP-TW/reference/VRP-EVRP-Project-Hub"", ""revision"": ""e3a890065105f978187e532642c4442522215e02""}, ""py-ga-VRPTW"": {""dirty"": false, ""path"": ""/Users/guoyiyang/Documents/GitHub/FURP-2026-Yiyang-GUO-EVRP-TW/reference/py-ga-VRPTW"", ""revision"": ""8e005caaaf6471a4505588d88c7f0f5e0d4ebffa""}}",stage03.1_screening_attempt04,,preserve;see stage03_legacy_path_map.csv
stage03.2,cache_incremental,stage03.2_cache_incremental_attempt01,attempt01,stage03.2_cache_incremental_attempt01,stage03.2_cache_incremental_attempt01,smoke,rc105C5,2015,"[""c101C5"", ""r105C5"", ""rc105C5"", ""c101_21"", ""r101_21"", ""rc101_21""]","[2014, 2015, 2016]",events,verified_legacy,results/stage03.2_cache_incremental_attempt01/rc105C5/2015/stage03.2_cache_incremental_attempt01_events_rc105C5_2015.jsonl,results/stage03.2_cache_incremental_attempt01/events/rc105C5-alns_stage02_constraint_guided-2015.jsonl,feasible,,not_verified,not_present,not_applicable,not_published,6d177b5df8088706ac173698c4db9b43a93c6edc8f47415a00b924e127dd4458,raw_manifest,8ccce0e50d5abda874d40dfc5a576439d21b727c846aebd2c70836519305e5c2,4da5f1da3791d1a2538874fb51d25bff691c1a4039faef054d655af94410d49f,2ccfba6c447fa43a994934690acb67c7355ca04d232394907ed6938bc362c643,ea266f2cd5dd2f301704d488808b469d8ef658a0dee9dcb08b541e7fa4e945d9,b226b97e0e67288aaaf85726ad855df71cb81406685c57c8e8c40cd8996aa0da,c38467d7c2f35206956dafa111152a3c4b8f5a76,False,"{""VRP-EVRP-Project-Hub"": {""dirty"": false, ""path"": ""/Users/guoyiyang/Documents/GitHub/FURP-2026-Yiyang-GUO-EVRP-TW/reference/VRP-EVRP-Project-Hub"", ""revision"": ""e3a890065105f978187e532642c4442522215e02""}, ""py-ga-VRPTW"": {""dirty"": false, ""path"": ""/Users/guoyiyang/Documents/GitHub/FURP-2026-Yiyang-GUO-EVRP-TW/reference/py-ga-VRPTW"", ""revision"": ""8e005caaaf6471a4505588d88c7f0f5e0d4ebffa""}}",stage03.1_screening_attempt04,,preserve;see stage03_legacy_path_map.csv
stage03.2,cache_incremental,stage03.2_cache_incremental_attempt01,attempt01,stage03.2_cache_incremental_attempt01,stage03.2_cache_incremental_attempt01,smoke,rc105C5,2016,"[""c101C5"", ""r105C5"", ""rc105C5"", ""c101_21"", ""r101_21"", ""rc101_21""]","[2014, 2015, 2016]",events,verified_legacy,results/stage03.2_cache_incremental_attempt01/rc105C5/2016/stage03.2_cache_incremental_attempt01_events_rc105C5_2016.jsonl,results/stage03.2_cache_incremental_attempt01/events/rc105C5-alns_stage02_constraint_guided-2016.jsonl,feasible,,not_verified,not_present,not_applicable,not_published,d78b45c357217b5fc3dbb9117ea10506d6551c2561e0e87107d8897100527d72,raw_manifest,8ccce0e50d5abda874d40dfc5a576439d21b727c846aebd2c70836519305e5c2,4da5f1da3791d1a2538874fb51d25bff691c1a4039faef054d655af94410d49f,2ccfba6c447fa43a994934690acb67c7355ca04d232394907ed6938bc362c643,f303a7edf8c1cf3c156f09d94c37b0444810a2aa279a8be4668b36879ebb62b0,b226b97e0e67288aaaf85726ad855df71cb81406685c57c8e8c40cd8996aa0da,c38467d7c2f35206956dafa111152a3c4b8f5a76,False,"{""VRP-EVRP-Project-Hub"": {""dirty"": false, ""path"": ""/Users/guoyiyang/Documents/GitHub/FURP-2026-Yiyang-GUO-EVRP-TW/reference/VRP-EVRP-Project-Hub"", ""revision"": ""e3a890065105f978187e532642c4442522215e02""}, ""py-ga-VRPTW"": {""dirty"": false, ""path"": ""/Users/guoyiyang/Documents/GitHub/FURP-2026-Yiyang-GUO-EVRP-TW/reference/py-ga-VRPTW"", ""revision"": ""8e005caaaf6471a4505588d88c7f0f5e0d4ebffa""}}",stage03.1_screening_attempt04,,preserve;see stage03_legacy_path_map.csv
stage03.2,cache_incremental,stage03.2_cache_incremental_attempt01,attempt01,stage03.2_cache_incremental_attempt01,stage03.2_cache_incremental_attempt01,smoke,__all__,__all__,"[""c101C5"", ""r105C5"", ""rc105C5"", ""c101_21"", ""r101_21"", ""rc101_21""]","[2014, 2015, 2016]",manifest,verified_legacy,results/stage03.2_cache_incremental_attempt01/control/stage03.2_cache_incremental_attempt01_manifest.json,results/stage03.2_cache_incremental_attempt01/manifest.json,feasible,,not_verified,not_present,not_applicable,not_published,d7c6ebd699433f66fd49ccd6c71b25285bf1502dc267a43c58f00bdd9850b317,computed,8ccce0e50d5abda874d40dfc5a576439d21b727c846aebd2c70836519305e5c2,4da5f1da3791d1a2538874fb51d25bff691c1a4039faef054d655af94410d49f,,,b226b97e0e67288aaaf85726ad855df71cb81406685c57c8e8c40cd8996aa0da,c38467d7c2f35206956dafa111152a3c4b8f5a76,False,"{""VRP-EVRP-Project-Hub"": {""dirty"": false, ""path"": ""/Users/guoyiyang/Documents/GitHub/FURP-2026-Yiyang-GUO-EVRP-TW/reference/VRP-EVRP-Project-Hub"", ""revision"": ""e3a890065105f978187e532642c4442522215e02""}, ""py-ga-VRPTW"": {""dirty"": false, ""path"": ""/Users/guoyiyang/Documents/GitHub/FURP-2026-Yiyang-GUO-EVRP-TW/reference/py-ga-VRPTW"", ""revision"": ""8e005caaaf6471a4505588d88c7f0f5e0d4ebffa""}}",stage03.1_screening_attempt04,,preserve;see stage03_legacy_path_map.csv
stage03.2,cache_incremental,stage03.2_cache_incremental_attempt01,attempt01,stage03.2_cache_incremental_attempt01,stage03.2_cache_incremental_attempt01,smoke,__all__,__all__,"[""c101C5"", ""r105C5"", ""rc105C5"", ""c101_21"", ""r101_21"", ""rc101_21""]","[2014, 2015, 2016]",manifest_checksum,verified_legacy,results/stage03.2_cache_incremental_attempt01/control/stage03.2_cache_incremental_attempt01_manifest_checksum.sha256,results/stage03.2_cache_incremental_attempt01/manifest.sha256,feasible,,not_verified,not_present,not_applicable,not_published,32403d8c49e8a5365f4b3f43ed185499dd433a08d61716594f5c2eaf5b5bdf58,computed,8ccce0e50d5abda874d40dfc5a576439d21b727c846aebd2c70836519305e5c2,4da5f1da3791d1a2538874fb51d25bff691c1a4039faef054d655af94410d49f,,,b226b97e0e67288aaaf85726ad855df71cb81406685c57c8e8c40cd8996aa0da,c38467d7c2f35206956dafa111152a3c4b8f5a76,False,"{""VRP-EVRP-Project-Hub"": {""dirty"": false, ""path"": ""/Users/guoyiyang/Documents/GitHub/FURP-2026-Yiyang-GUO-EVRP-TW/reference/VRP-EVRP-Project-Hub"", ""revision"": ""e3a890065105f978187e532642c4442522215e02""}, ""py-ga-VRPTW"": {""dirty"": false, ""path"": ""/Users/guoyiyang/Documents/GitHub/FURP-2026-Yiyang-GUO-EVRP-TW/reference/py-ga-VRPTW"", ""revision"": ""8e005caaaf6471a4505588d88c7f0f5e0d4ebffa""}}",stage03.1_screening_attempt04,,preserve;see stage03_legacy_path_map.csv
stage03.2,cache_incremental,stage03.2_cache_incremental_attempt01,attempt01,stage03.2_cache_incremental_attempt01,stage03.2_cache_incremental_attempt01,smoke,__all__,__all__,"[""c101C5"", ""r105C5"", ""rc105C5"", ""c101_21"", ""r101_21"", ""rc101_21""]","[2014, 2015, 2016]",config,verified_legacy,results/stage03.2_cache_incremental_attempt01/control/stage03.2_cache_incremental_attempt01_config.toml,results/stage03.2_cache_incremental_attempt01/parameters.toml,feasible,,not_verified,not_present,not_applicable,not_published,4da5f1da3791d1a2538874fb51d25bff691c1a4039faef054d655af94410d49f,raw_manifest,8ccce0e50d5abda874d40dfc5a576439d21b727c846aebd2c70836519305e5c2,4da5f1da3791d1a2538874fb51d25bff691c1a4039faef054d655af94410d49f,,,b226b97e0e67288aaaf85726ad855df71cb81406685c57c8e8c40cd8996aa0da,c38467d7c2f35206956dafa111152a3c4b8f5a76,False,"{""VRP-EVRP-Project-Hub"": {""dirty"": false, ""path"": ""/Users/guoyiyang/Documents/GitHub/FURP-2026-Yiyang-GUO-EVRP-TW/reference/VRP-EVRP-Project-Hub"", ""revision"": ""e3a890065105f978187e532642c4442522215e02""}, ""py-ga-VRPTW"": {""dirty"": false, ""path"": ""/Users/guoyiyang/Documents/GitHub/FURP-2026-Yiyang-GUO-EVRP-TW/reference/py-ga-VRPTW"", ""revision"": ""8e005caaaf6471a4505588d88c7f0f5e0d4ebffa""}}",stage03.1_screening_attempt04,,preserve;see stage03_legacy_path_map.csv
stage03.2,cache_incremental,stage03.2_cache_incremental_attempt01,attempt01,stage03.2_cache_incremental_attempt01,stage03.2_cache_incremental_attempt01,smoke,c101C5,2014,"[""c101C5"", ""r105C5"", ""rc105C5"", ""c101_21"", ""r101_21"", ""rc101_21""]","[2014, 2015, 2016]",raw,verified_legacy,results/stage03.2_cache_incremental_attempt01/c101C5/2014/stage03.2_cache_incremental_attempt01_raw_c101C5_2014.json,results/stage03.2_cache_incremental_attempt01/raw/c101C5-alns_stage02_constraint_guided-2014.json,feasible,,not_verified,not_present,not_applicable,not_published,37a99bc3a8c91c209de657266dad2851e67eaa2cb1999bde8a013ff5ae12482b,raw_manifest,8ccce0e50d5abda874d40dfc5a576439d21b727c846aebd2c70836519305e5c2,4da5f1da3791d1a2538874fb51d25bff691c1a4039faef054d655af94410d49f,8612d6d9aad051776097a5e50c7408f39352b8107b0639d58e5eda713f9ff876,282d08f1fc9a490c27d287d6a1adc77c8412f076079b61f78fc13cb717c886a9,b226b97e0e67288aaaf85726ad855df71cb81406685c57c8e8c40cd8996aa0da,c38467d7c2f35206956dafa111152a3c4b8f5a76,False,"{""VRP-EVRP-Project-Hub"": {""dirty"": false, ""path"": ""/Users/guoyiyang/Documents/GitHub/FURP-2026-Yiyang-GUO-EVRP-TW/reference/VRP-EVRP-Project-Hub"", ""revision"": ""e3a890065105f978187e532642c4442522215e02""}, ""py-ga-VRPTW"": {""dirty"": false, ""path"": ""/Users/guoyiyang/Documents/GitHub/FURP-2026-Yiyang-GUO-EVRP-TW/reference/py-ga-VRPTW"", ""revision"": ""8e005caaaf6471a4505588d88c7f0f5e0d4ebffa""}}",stage03.1_screening_attempt04,,preserve;see stage03_legacy_path_map.csv
stage03.2,cache_incremental,stage03.2_cache_incremental_attempt01,attempt01,stage03.2_cache_incremental_attempt01,stage03.2_cache_incremental_attempt01,smoke,c101C5,2015,"[""c101C5"", ""r105C5"", ""rc105C5"", ""c101_21"", ""r101_21"", ""rc101_21""]","[2014, 2015, 2016]",raw,verified_legacy,results/stage03.2_cache_incremental_attempt01/c101C5/2015/stage03.2_cache_incremental_attempt01_raw_c101C5_2015.json,results/stage03.2_cache_incremental_attempt01/raw/c101C5-alns_stage02_constraint_guided-2015.json,feasible,,not_verified,not_present,not_applicable,not_published,e452a935bd4f95f16cceff538280dd304f59bba61e15e5c03d16ba69856ed294,raw_manifest,8ccce0e50d5abda874d40dfc5a576439d21b727c846aebd2c70836519305e5c2,4da5f1da3791d1a2538874fb51d25bff691c1a4039faef054d655af94410d49f,8612d6d9aad051776097a5e50c7408f39352b8107b0639d58e5eda713f9ff876,79953a5f4b719832efc83bb340583566703be202e6ea7ec8ea5225d6912be333,b226b97e0e67288aaaf85726ad855df71cb81406685c57c8e8c40cd8996aa0da,c38467d7c2f35206956dafa111152a3c4b8f5a76,False,"{""VRP-EVRP-Project-Hub"": {""dirty"": false, ""path"": ""/Users/guoyiyang/Documents/GitHub/FURP-2026-Yiyang-GUO-EVRP-TW/reference/VRP-EVRP-Project-Hub"", ""revision"": ""e3a890065105f978187e532642c4442522215e02""}, ""py-ga-VRPTW"": {""dirty"": false, ""path"": ""/Users/guoyiyang/Documents/GitHub/FURP-2026-Yiyang-GUO-EVRP-TW/reference/py-ga-VRPTW"", ""revision"": ""8e005caaaf6471a4505588d88c7f0f5e0d4ebffa""}}",stage03.1_screening_attempt04,,preserve;see stage03_legacy_path_map.csv
stage03.2,cache_incremental,stage03.2_cache_incremental_attempt01,attempt01,stage03.2_cache_incremental_attempt01,stage03.2_cache_incremental_attempt01,smoke,c101C5,2016,"[""c101C5"", ""r105C5"", ""rc105C5"", ""c101_21"", ""r101_21"", ""rc101_21""]","[2014, 2015, 2016]",raw,verified_legacy,results/stage03.2_cache_incremental_attempt01/c101C5/2016/stage03.2_cache_incremental_attempt01_raw_c101C5_2016.json,results/stage03.2_cache_incremental_attempt01/raw/c101C5-alns_stage02_constraint_guided-2016.json,feasible,,not_verified,not_present,not_applicable,not_published,a8091917ce23077a4d73ef673cdb3cefdc2f463bd3e76540a8f5aacef9a84006,raw_manifest,8ccce0e50d5abda874d40dfc5a576439d21b727c846aebd2c70836519305e5c2,4da5f1da3791d1a2538874fb51d25bff691c1a4039faef054d655af94410d49f,8612d6d9aad051776097a5e50c7408f39352b8107b0639d58e5eda713f9ff876,129c22a61035905d2dc8fa0d912162aab9d6f03409ecbb1baca5666b9d253e2c,b226b97e0e67288aaaf85726ad855df71cb81406685c57c8e8c40cd8996aa0da,c38467d7c2f35206956dafa111152a3c4b8f5a76,False,"{""VRP-EVRP-Project-Hub"": {""dirty"": false, ""path"": ""/Users/guoyiyang/Documents/GitHub/FURP-2026-Yiyang-GUO-EVRP-TW/reference/VRP-EVRP-Project-Hub"", ""revision"": ""e3a890065105f978187e532642c4442522215e02""}, ""py-ga-VRPTW"": {""dirty"": false, ""path"": ""/Users/guoyiyang/Documents/GitHub/FURP-2026-Yiyang-GUO-EVRP-TW/reference/py-ga-VRPTW"", ""revision"": ""8e005caaaf6471a4505588d88c7f0f5e0d4ebffa""}}",stage03.1_screening_attempt04,,preserve;see stage03_legacy_path_map.csv
stage03.2,cache_incremental,stage03.2_cache_incremental_attempt01,attempt01,stage03.2_cache_incremental_attempt01,stage03.2_cache_incremental_attempt01,smoke,c101_21,2014,"[""c101C5"", ""r105C5"", ""rc105C5"", ""c101_21"", ""r101_21"", ""rc101_21""]","[2014, 2015, 2016]",raw,verified_legacy,results/stage03.2_cache_incremental_attempt01/c101_21/2014/stage03.2_cache_incremental_attempt01_raw_c101_21_2014.json,results/stage03.2_cache_incremental_attempt01/raw/c101_21-alns_stage02_constraint_guided-2014.json,feasible,,not_verified,not_present,not_applicable,not_published,1950e27ac25dffda4dffb4a822664a16f633332ca28d674d360bdca682b6408a,raw_manifest,8ccce0e50d5abda874d40dfc5a576439d21b727c846aebd2c70836519305e5c2,4da5f1da3791d1a2538874fb51d25bff691c1a4039faef054d655af94410d49f,c5cda6ca63a7d518902cf4b02d98b4aa0f373aaa0658d5c666d1c46d38871cb9,01fa5d390a9e7043d7f4c8cc5d284e821129857afc70f42d1ee4539d770171be,b226b97e0e67288aaaf85726ad855df71cb81406685c57c8e8c40cd8996aa0da,c38467d7c2f35206956dafa111152a3c4b8f5a76,False,"{""VRP-EVRP-Project-Hub"": {""dirty"": false, ""path"": ""/Users/guoyiyang/Documents/GitHub/FURP-2026-Yiyang-GUO-EVRP-TW/reference/VRP-EVRP-Project-Hub"", ""revision"": ""e3a890065105f978187e532642c4442522215e02""}, ""py-ga-VRPTW"": {""dirty"": false, ""path"": ""/Users/guoyiyang/Documents/GitHub/FURP-2026-Yiyang-GUO-EVRP-TW/reference/py-ga-VRPTW"", ""revision"": ""8e005caaaf6471a4505588d88c7f0f5e0d4ebffa""}}",stage03.1_screening_attempt04,,preserve;see stage03_legacy_path_map.csv
stage03.2,cache_incremental,stage03.2_cache_incremental_attempt01,attempt01,stage03.2_cache_incremental_attempt01,stage03.2_cache_incremental_attempt01,smoke,c101_21,2015,"[""c101C5"", ""r105C5"", ""rc105C5"", ""c101_21"", ""r101_21"", ""rc101_21""]","[2014, 2015, 2016]",raw,verified_legacy,results/stage03.2_cache_incremental_attempt01/c101_21/2015/stage03.2_cache_incremental_attempt01_raw_c101_21_2015.json,results/stage03.2_cache_incremental_attempt01/raw/c101_21-alns_stage02_constraint_guided-2015.json,feasible,,not_verified,not_present,not_applicable,not_published,f2da151c524bf3ec1d82855d31475ce4fa56e73e0c3803299b0b231d02132e73,raw_manifest,8ccce0e50d5abda874d40dfc5a576439d21b727c846aebd2c70836519305e5c2,4da5f1da3791d1a2538874fb51d25bff691c1a4039faef054d655af94410d49f,c5cda6ca63a7d518902cf4b02d98b4aa0f373aaa0658d5c666d1c46d38871cb9,58ff3b60e08388d1e93e8cb65c4280160ed25ce4efccaa0a98fc64e6dcce41cc,b226b97e0e67288aaaf85726ad855df71cb81406685c57c8e8c40cd8996aa0da,c38467d7c2f35206956dafa111152a3c4b8f5a76,False,"{""VRP-EVRP-Project-Hub"": {""dirty"": false, ""path"": ""/Users/guoyiyang/Documents/GitHub/FURP-2026-Yiyang-GUO-EVRP-TW/reference/VRP-EVRP-Project-Hub"", ""revision"": ""e3a890065105f978187e532642c4442522215e02""}, ""py-ga-VRPTW"": {""dirty"": false, ""path"": ""/Users/guoyiyang/Documents/GitHub/FURP-2026-Yiyang-GUO-EVRP-TW/reference/py-ga-VRPTW"", ""revision"": ""8e005caaaf6471a4505588d88c7f0f5e0d4ebffa""}}",stage03.1_screening_attempt04,,preserve;see stage03_legacy_path_map.csv
stage03.2,cache_incremental,stage03.2_cache_incremental_attempt01,attempt01,stage03.2_cache_incremental_attempt01,stage03.2_cache_incremental_attempt01,smoke,c101_21,2016,"[""c101C5"", ""r105C5"", ""rc105C5"", ""c101_21"", ""r101_21"", ""rc101_21""]","[2014, 2015, 2016]",raw,verified_legacy,results/stage03.2_cache_incremental_attempt01/c101_21/2016/stage03.2_cache_incremental_attempt01_raw_c101_21_2016.json,results/stage03.2_cache_incremental_attempt01/raw/c101_21-alns_stage02_constraint_guided-2016.json,feasible,,not_verified,not_present,not_applicable,not_published,7d3cb752c70a15883e12c61cf492ff59754135b11579d894ee5a69939a0714f9,raw_manifest,8ccce0e50d5abda874d40dfc5a576439d21b727c846aebd2c70836519305e5c2,4da5f1da3791d1a2538874fb51d25bff691c1a4039faef054d655af94410d49f,c5cda6ca63a7d518902cf4b02d98b4aa0f373aaa0658d5c666d1c46d38871cb9,d92fc93f97c16e3b3d781289b4f1ef63ebf4d1131c575a38671b69e8079478b7,b226b97e0e67288aaaf85726ad855df71cb81406685c57c8e8c40cd8996aa0da,c38467d7c2f35206956dafa111152a3c4b8f5a76,False,"{""VRP-EVRP-Project-Hub"": {""dirty"": false, ""path"": ""/Users/guoyiyang/Documents/GitHub/FURP-2026-Yiyang-GUO-EVRP-TW/reference/VRP-EVRP-Project-Hub"", ""revision"": ""e3a890065105f978187e532642c4442522215e02""}, ""py-ga-VRPTW"": {""dirty"": false, ""path"": ""/Users/guoyiyang/Documents/GitHub/FURP-2026-Yiyang-GUO-EVRP-TW/reference/py-ga-VRPTW"", ""revision"": ""8e005caaaf6471a4505588d88c7f0f5e0d4ebffa""}}",stage03.1_screening_attempt04,,preserve;see stage03_legacy_path_map.csv
stage03.2,cache_incremental,stage03.2_cache_incremental_attempt01,attempt01,stage03.2_cache_incremental_attempt01,stage03.2_cache_incremental_attempt01,smoke,r101_21,2014,"[""c101C5"", ""r105C5"", ""rc105C5"", ""c101_21"", ""r101_21"", ""rc101_21""]","[2014, 2015, 2016]",raw,verified_legacy,results/stage03.2_cache_incremental_attempt01/r101_21/2014/stage03.2_cache_incremental_attempt01_raw_r101_21_2014.json,results/stage03.2_cache_incremental_attempt01/raw/r101_21-alns_stage02_constraint_guided-2014.json,feasible,,not_verified,not_present,not_applicable,not_published,fddd4803f33da539dd3c513dc9932ca5fe66a142947577b5869f7941a2e8b6ac,raw_manifest,8ccce0e50d5abda874d40dfc5a576439d21b727c846aebd2c70836519305e5c2,4da5f1da3791d1a2538874fb51d25bff691c1a4039faef054d655af94410d49f,0e5a3dffffbd3c516b528ef32ba1a488b817d2f151fc3e8c81023814de1c103a,a064fed73b340a40e9245985ef489e482cf4d049ec02395e6f775b567ed3d05f,b226b97e0e67288aaaf85726ad855df71cb81406685c57c8e8c40cd8996aa0da,c38467d7c2f35206956dafa111152a3c4b8f5a76,False,"{""VRP-EVRP-Project-Hub"": {""dirty"": false, ""path"": ""/Users/guoyiyang/Documents/GitHub/FURP-2026-Yiyang-GUO-EVRP-TW/reference/VRP-EVRP-Project-Hub"", ""revision"": ""e3a890065105f978187e532642c4442522215e02""}, ""py-ga-VRPTW"": {""dirty"": false, ""path"": ""/Users/guoyiyang/Documents/GitHub/FURP-2026-Yiyang-GUO-EVRP-TW/reference/py-ga-VRPTW"", ""revision"": ""8e005caaaf6471a4505588d88c7f0f5e0d4ebffa""}}",stage03.1_screening_attempt04,,preserve;see stage03_legacy_path_map.csv
stage03.2,cache_incremental,stage03.2_cache_incremental_attempt01,attempt01,stage03.2_cache_incremental_attempt01,stage03.2_cache_incremental_attempt01,smoke,r101_21,2015,"[""c101C5"", ""r105C5"", ""rc105C5"", ""c101_21"", ""r101_21"", ""rc101_21""]","[2014, 2015, 2016]",raw,verified_legacy,results/stage03.2_cache_incremental_attempt01/r101_21/2015/stage03.2_cache_incremental_attempt01_raw_r101_21_2015.json,results/stage03.2_cache_incremental_attempt01/raw/r101_21-alns_stage02_constraint_guided-2015.json,feasible,,not_verified,not_present,not_applicable,not_published,df32394080cce341b671a153d6ee2870ca489166e4a9e1035498cbef7de63c8b,raw_manifest,8ccce0e50d5abda874d40dfc5a576439d21b727c846aebd2c70836519305e5c2,4da5f1da3791d1a2538874fb51d25bff691c1a4039faef054d655af94410d49f,0e5a3dffffbd3c516b528ef32ba1a488b817d2f151fc3e8c81023814de1c103a,b801c938d84e51d5d401101d923b03b266bc99ff9907cd5fa94efdd6b305d52a,b226b97e0e67288aaaf85726ad855df71cb81406685c57c8e8c40cd8996aa0da,c38467d7c2f35206956dafa111152a3c4b8f5a76,False,"{""VRP-EVRP-Project-Hub"": {""dirty"": false, ""path"": ""/Users/guoyiyang/Documents/GitHub/FURP-2026-Yiyang-GUO-EVRP-TW/reference/VRP-EVRP-Project-Hub"", ""revision"": ""e3a890065105f978187e532642c4442522215e02""}, ""py-ga-VRPTW"": {""dirty"": false, ""path"": ""/Users/guoyiyang/Documents/GitHub/FURP-2026-Yiyang-GUO-EVRP-TW/reference/py-ga-VRPTW"", ""revision"": ""8e005caaaf6471a4505588d88c7f0f5e0d4ebffa""}}",stage03.1_screening_attempt04,,preserve;see stage03_legacy_path_map.csv
stage03.2,cache_incremental,stage03.2_cache_incremental_attempt01,attempt01,stage03.2_cache_incremental_attempt01,stage03.2_cache_incremental_attempt01,smoke,r101_21,2016,"[""c101C5"", ""r105C5"", ""rc105C5"", ""c101_21"", ""r101_21"", ""rc101_21""]","[2014, 2015, 2016]",raw,verified_legacy,results/stage03.2_cache_incremental_attempt01/r101_21/2016/stage03.2_cache_incremental_attempt01_raw_r101_21_2016.json,results/stage03.2_cache_incremental_attempt01/raw/r101_21-alns_stage02_constraint_guided-2016.json,feasible,,not_verified,not_present,not_applicable,not_published,5a65cb08e9eb724859fa3abad8e2b4e778e70977656bf8697dd97790b57df72f,raw_manifest,8ccce0e50d5abda874d40dfc5a576439d21b727c846aebd2c70836519305e5c2,4da5f1da3791d1a2538874fb51d25bff691c1a4039faef054d655af94410d49f,0e5a3dffffbd3c516b528ef32ba1a488b817d2f151fc3e8c81023814de1c103a,b0708836c7029704fb951f6905fee972c3ba462a170cbf94a4be8f04e761f509,b226b97e0e67288aaaf85726ad855df71cb81406685c57c8e8c40cd8996aa0da,c38467d7c2f35206956dafa111152a3c4b8f5a76,False,"{""VRP-EVRP-Project-Hub"": {""dirty"": false, ""path"": ""/Users/guoyiyang/Documents/GitHub/FURP-2026-Yiyang-GUO-EVRP-TW/reference/VRP-EVRP-Project-Hub"", ""revision"": ""e3a890065105f978187e532642c4442522215e02""}, ""py-ga-VRPTW"": {""dirty"": false, ""path"": ""/Users/guoyiyang/Documents/GitHub/FURP-2026-Yiyang-GUO-EVRP-TW/reference/py-ga-VRPTW"", ""revision"": ""8e005caaaf6471a4505588d88c7f0f5e0d4ebffa""}}",stage03.1_screening_attempt04,,preserve;see stage03_legacy_path_map.csv
stage03.2,cache_incremental,stage03.2_cache_incremental_attempt01,attempt01,stage03.2_cache_incremental_attempt01,stage03.2_cache_incremental_attempt01,smoke,r105C5,2014,"[""c101C5"", ""r105C5"", ""rc105C5"", ""c101_21"", ""r101_21"", ""rc101_21""]","[2014, 2015, 2016]",raw,verified_legacy,results/stage03.2_cache_incremental_attempt01/r105C5/2014/stage03.2_cache_incremental_attempt01_raw_r105C5_2014.json,results/stage03.2_cache_incremental_attempt01/raw/r105C5-alns_stage02_constraint_guided-2014.json,feasible,,not_verified,not_present,not_applicable,not_published,148832c1e29eb6d6ab272a6f8c5ef20dd6cc06e30dfbe5527a11157a4ffb2102,raw_manifest,8ccce0e50d5abda874d40dfc5a576439d21b727c846aebd2c70836519305e5c2,4da5f1da3791d1a2538874fb51d25bff691c1a4039faef054d655af94410d49f,eb27ec04e799ee6d39dee3d66f15128e197811afa8c664295acbdf6444176434,77c9b61f17e9eaef218af95e6273db6072a7f5b197a491f4f61d3170e2da3de2,b226b97e0e67288aaaf85726ad855df71cb81406685c57c8e8c40cd8996aa0da,c38467d7c2f35206956dafa111152a3c4b8f5a76,False,"{""VRP-EVRP-Project-Hub"": {""dirty"": false, ""path"": ""/Users/guoyiyang/Documents/GitHub/FURP-2026-Yiyang-GUO-EVRP-TW/reference/VRP-EVRP-Project-Hub"", ""revision"": ""e3a890065105f978187e532642c4442522215e02""}, ""py-ga-VRPTW"": {""dirty"": false, ""path"": ""/Users/guoyiyang/Documents/GitHub/FURP-2026-Yiyang-GUO-EVRP-TW/reference/py-ga-VRPTW"", ""revision"": ""8e005caaaf6471a4505588d88c7f0f5e0d4ebffa""}}",stage03.1_screening_attempt04,,preserve;see stage03_legacy_path_map.csv
stage03.2,cache_incremental,stage03.2_cache_incremental_attempt01,attempt01,stage03.2_cache_incremental_attempt01,stage03.2_cache_incremental_attempt01,smoke,r105C5,2015,"[""c101C5"", ""r105C5"", ""rc105C5"", ""c101_21"", ""r101_21"", ""rc101_21""]","[2014, 2015, 2016]",raw,verified_legacy,results/stage03.2_cache_incremental_attempt01/r105C5/2015/stage03.2_cache_incremental_attempt01_raw_r105C5_2015.json,results/stage03.2_cache_incremental_attempt01/raw/r105C5-alns_stage02_constraint_guided-2015.json,feasible,,not_verified,not_present,not_applicable,not_published,f64feaa4546c703ddef0484eba89c61a8836f942c2caba60af8af6e103bca727,raw_manifest,8ccce0e50d5abda874d40dfc5a576439d21b727c846aebd2c70836519305e5c2,4da5f1da3791d1a2538874fb51d25bff691c1a4039faef054d655af94410d49f,eb27ec04e799ee6d39dee3d66f15128e197811afa8c664295acbdf6444176434,f9b4cfb31b67b17da738b11600660fea6bc7e95f536a22a5246272544b7a746f,b226b97e0e67288aaaf85726ad855df71cb81406685c57c8e8c40cd8996aa0da,c38467d7c2f35206956dafa111152a3c4b8f5a76,False,"{""VRP-EVRP-Project-Hub"": {""dirty"": false, ""path"": ""/Users/guoyiyang/Documents/GitHub/FURP-2026-Yiyang-GUO-EVRP-TW/reference/VRP-EVRP-Project-Hub"", ""revision"": ""e3a890065105f978187e532642c4442522215e02""}, ""py-ga-VRPTW"": {""dirty"": false, ""path"": ""/Users/guoyiyang/Documents/GitHub/FURP-2026-Yiyang-GUO-EVRP-TW/reference/py-ga-VRPTW"", ""revision"": ""8e005caaaf6471a4505588d88c7f0f5e0d4ebffa""}}",stage03.1_screening_attempt04,,preserve;see stage03_legacy_path_map.csv
stage03.2,cache_incremental,stage03.2_cache_incremental_attempt01,attempt01,stage03.2_cache_incremental_attempt01,stage03.2_cache_incremental_attempt01,smoke,r105C5,2016,"[""c101C5"", ""r105C5"", ""rc105C5"", ""c101_21"", ""r101_21"", ""rc101_21""]","[2014, 2015, 2016]",raw,verified_legacy,results/stage03.2_cache_incremental_attempt01/r105C5/2016/stage03.2_cache_incremental_attempt01_raw_r105C5_2016.json,results/stage03.2_cache_incremental_attempt01/raw/r105C5-alns_stage02_constraint_guided-2016.json,feasible,,not_verified,not_present,not_applicable,not_published,e54309d3f43dd8936004257875564626d05e7a6874cd3d70097d60189c7186a7,raw_manifest,8ccce0e50d5abda874d40dfc5a576439d21b727c846aebd2c70836519305e5c2,4da5f1da3791d1a2538874fb51d25bff691c1a4039faef054d655af94410d49f,eb27ec04e799ee6d39dee3d66f15128e197811afa8c664295acbdf6444176434,2a7d896ddea75002e3669f10ff4538c4f2770dfd4c6c2ea0adceac3f81c40939,b226b97e0e67288aaaf85726ad855df71cb81406685c57c8e8c40cd8996aa0da,c38467d7c2f35206956dafa111152a3c4b8f5a76,False,"{""VRP-EVRP-Project-Hub"": {""dirty"": false, ""path"": ""/Users/guoyiyang/Documents/GitHub/FURP-2026-Yiyang-GUO-EVRP-TW/reference/VRP-EVRP-Project-Hub"", ""revision"": ""e3a890065105f978187e532642c4442522215e02""}, ""py-ga-VRPTW"": {""dirty"": false, ""path"": ""/Users/guoyiyang/Documents/GitHub/FURP-2026-Yiyang-GUO-EVRP-TW/reference/py-ga-VRPTW"", ""revision"": ""8e005caaaf6471a4505588d88c7f0f5e0d4ebffa""}}",stage03.1_screening_attempt04,,preserve;see stage03_legacy_path_map.csv
stage03.2,cache_incremental,stage03.2_cache_incremental_attempt01,attempt01,stage03.2_cache_incremental_attempt01,stage03.2_cache_incremental_attempt01,smoke,rc101_21,2014,"[""c101C5"", ""r105C5"", ""rc105C5"", ""c101_21"", ""r101_21"", ""rc101_21""]","[2014, 2015, 2016]",raw,verified_legacy,results/stage03.2_cache_incremental_attempt01/rc101_21/2014/stage03.2_cache_incremental_attempt01_raw_rc101_21_2014.json,results/stage03.2_cache_incremental_attempt01/raw/rc101_21-alns_stage02_constraint_guided-2014.json,feasible,,not_verified,not_present,not_applicable,not_published,7674d1156b1728fcf2c23eec9060e9e5f358298c8484fc9c1fb07383506eb987,raw_manifest,8ccce0e50d5abda874d40dfc5a576439d21b727c846aebd2c70836519305e5c2,4da5f1da3791d1a2538874fb51d25bff691c1a4039faef054d655af94410d49f,272a3e58d53d4ba9516f01506164cf8a9b98bfeeb8dbd1fd62f6557e4c98e3a1,f6d8fa2c216fb54e283e774c4e394de02478b759a15e7f7160853a802fdaaaba,b226b97e0e67288aaaf85726ad855df71cb81406685c57c8e8c40cd8996aa0da,c38467d7c2f35206956dafa111152a3c4b8f5a76,False,"{""VRP-EVRP-Project-Hub"": {""dirty"": false, ""path"": ""/Users/guoyiyang/Documents/GitHub/FURP-2026-Yiyang-GUO-EVRP-TW/reference/VRP-EVRP-Project-Hub"", ""revision"": ""e3a890065105f978187e532642c4442522215e02""}, ""py-ga-VRPTW"": {""dirty"": false, ""path"": ""/Users/guoyiyang/Documents/GitHub/FURP-2026-Yiyang-GUO-EVRP-TW/reference/py-ga-VRPTW"", ""revision"": ""8e005caaaf6471a4505588d88c7f0f5e0d4ebffa""}}",stage03.1_screening_attempt04,,preserve;see stage03_legacy_path_map.csv
stage03.2,cache_incremental,stage03.2_cache_incremental_attempt01,attempt01,stage03.2_cache_incremental_attempt01,stage03.2_cache_incremental_attempt01,smoke,rc101_21,2015,"[""c101C5"", ""r105C5"", ""rc105C5"", ""c101_21"", ""r101_21"", ""rc101_21""]","[2014, 2015, 2016]",raw,verified_legacy,results/stage03.2_cache_incremental_attempt01/rc101_21/2015/stage03.2_cache_incremental_attempt01_raw_rc101_21_2015.json,results/stage03.2_cache_incremental_attempt01/raw/rc101_21-alns_stage02_constraint_guided-2015.json,feasible,,not_verified,not_present,not_applicable,not_published,4d6c37223664ba3935ce4b06c7175b868f8c66d3b57d4f95f248a4df9c12f5c3,raw_manifest,8ccce0e50d5abda874d40dfc5a576439d21b727c846aebd2c70836519305e5c2,4da5f1da3791d1a2538874fb51d25bff691c1a4039faef054d655af94410d49f,272a3e58d53d4ba9516f01506164cf8a9b98bfeeb8dbd1fd62f6557e4c98e3a1,aa2ebcf79efc6821c5cff332adac7909d98b58f6e70e8f8872951985b7f486c6,b226b97e0e67288aaaf85726ad855df71cb81406685c57c8e8c40cd8996aa0da,c38467d7c2f35206956dafa111152a3c4b8f5a76,False,"{""VRP-EVRP-Project-Hub"": {""dirty"": false, ""path"": ""/Users/guoyiyang/Documents/GitHub/FURP-2026-Yiyang-GUO-EVRP-TW/reference/VRP-EVRP-Project-Hub"", ""revision"": ""e3a890065105f978187e532642c4442522215e02""}, ""py-ga-VRPTW"": {""dirty"": false, ""path"": ""/Users/guoyiyang/Documents/GitHub/FURP-2026-Yiyang-GUO-EVRP-TW/reference/py-ga-VRPTW"", ""revision"": ""8e005caaaf6471a4505588d88c7f0f5e0d4ebffa""}}",stage03.1_screening_attempt04,,preserve;see stage03_legacy_path_map.csv
stage03.2,cache_incremental,stage03.2_cache_incremental_attempt01,attempt01,stage03.2_cache_incremental_attempt01,stage03.2_cache_incremental_attempt01,smoke,rc101_21,2016,"[""c101C5"", ""r105C5"", ""rc105C5"", ""c101_21"", ""r101_21"", ""rc101_21""]","[2014, 2015, 2016]",raw,verified_legacy,results/stage03.2_cache_incremental_attempt01/rc101_21/2016/stage03.2_cache_incremental_attempt01_raw_rc101_21_2016.json,results/stage03.2_cache_incremental_attempt01/raw/rc101_21-alns_stage02_constraint_guided-2016.json,feasible,,not_verified,not_present,not_applicable,not_published,f6a30c1fcf042521fb3815ef791de672ba2e3bccede8d242ea1b1a65242c7fc9,raw_manifest,8ccce0e50d5abda874d40dfc5a576439d21b727c846aebd2c70836519305e5c2,4da5f1da3791d1a2538874fb51d25bff691c1a4039faef054d655af94410d49f,272a3e58d53d4ba9516f01506164cf8a9b98bfeeb8dbd1fd62f6557e4c98e3a1,ba80d0ba0a3c54d01582f28861914348b5757ac3d6e5cd1e6aaa9ababbb91443,b226b97e0e67288aaaf85726ad855df71cb81406685c57c8e8c40cd8996aa0da,c38467d7c2f35206956dafa111152a3c4b8f5a76,False,"{""VRP-EVRP-Project-Hub"": {""dirty"": false, ""path"": ""/Users/guoyiyang/Documents/GitHub/FURP-2026-Yiyang-GUO-EVRP-TW/reference/VRP-EVRP-Project-Hub"", ""revision"": ""e3a890065105f978187e532642c4442522215e02""}, ""py-ga-VRPTW"": {""dirty"": false, ""path"": ""/Users/guoyiyang/Documents/GitHub/FURP-2026-Yiyang-GUO-EVRP-TW/reference/py-ga-VRPTW"", ""revision"": ""8e005caaaf6471a4505588d88c7f0f5e0d4ebffa""}}",stage03.1_screening_attempt04,,preserve;see stage03_legacy_path_map.csv
stage03.2,cache_incremental,stage03.2_cache_incremental_attempt01,attempt01,stage03.2_cache_incremental_attempt01,stage03.2_cache_incremental_attempt01,smoke,rc105C5,2014,"[""c101C5"", ""r105C5"", ""rc105C5"", ""c101_21"", ""r101_21"", ""rc101_21""]","[2014, 2015, 2016]",raw,verified_legacy,results/stage03.2_cache_incremental_attempt01/rc105C5/2014/stage03.2_cache_incremental_attempt01_raw_rc105C5_2014.json,results/stage03.2_cache_incremental_attempt01/raw/rc105C5-alns_stage02_constraint_guided-2014.json,feasible,,not_verified,not_present,not_applicable,not_published,d8f2da7d8f0718a2dc8c0b9a968519a54533ccbe935b750473a590ad76b32f5b,raw_manifest,8ccce0e50d5abda874d40dfc5a576439d21b727c846aebd2c70836519305e5c2,4da5f1da3791d1a2538874fb51d25bff691c1a4039faef054d655af94410d49f,2ccfba6c447fa43a994934690acb67c7355ca04d232394907ed6938bc362c643,99571ba7505ab9499b99108f3223f05a811c78bbea09130bff3a1c33d2e3f552,b226b97e0e67288aaaf85726ad855df71cb81406685c57c8e8c40cd8996aa0da,c38467d7c2f35206956dafa111152a3c4b8f5a76,False,"{""VRP-EVRP-Project-Hub"": {""dirty"": false, ""path"": ""/Users/guoyiyang/Documents/GitHub/FURP-2026-Yiyang-GUO-EVRP-TW/reference/VRP-EVRP-Project-Hub"", ""revision"": ""e3a890065105f978187e532642c4442522215e02""}, ""py-ga-VRPTW"": {""dirty"": false, ""path"": ""/Users/guoyiyang/Documents/GitHub/FURP-2026-Yiyang-GUO-EVRP-TW/reference/py-ga-VRPTW"", ""revision"": ""8e005caaaf6471a4505588d88c7f0f5e0d4ebffa""}}",stage03.1_screening_attempt04,,preserve;see stage03_legacy_path_map.csv
stage03.2,cache_incremental,stage03.2_cache_incremental_attempt01,attempt01,stage03.2_cache_incremental_attempt01,stage03.2_cache_incremental_attempt01,smoke,rc105C5,2015,"[""c101C5"", ""r105C5"", ""rc105C5"", ""c101_21"", ""r101_21"", ""rc101_21""]","[2014, 2015, 2016]",raw,verified_legacy,results/stage03.2_cache_incremental_attempt01/rc105C5/2015/stage03.2_cache_incremental_attempt01_raw_rc105C5_2015.json,results/stage03.2_cache_incremental_attempt01/raw/rc105C5-alns_stage02_constraint_guided-2015.json,feasible,,not_verified,not_present,not_applicable,not_published,cbcabcb67d8645b150bfbd7e58d74a553b56b3d41e64607496414d5cbf16b357,raw_manifest,8ccce0e50d5abda874d40dfc5a576439d21b727c846aebd2c70836519305e5c2,4da5f1da3791d1a2538874fb51d25bff691c1a4039faef054d655af94410d49f,2ccfba6c447fa43a994934690acb67c7355ca04d232394907ed6938bc362c643,ea266f2cd5dd2f301704d488808b469d8ef658a0dee9dcb08b541e7fa4e945d9,b226b97e0e67288aaaf85726ad855df71cb81406685c57c8e8c40cd8996aa0da,c38467d7c2f35206956dafa111152a3c4b8f5a76,False,"{""VRP-EVRP-Project-Hub"": {""dirty"": false, ""path"": ""/Users/guoyiyang/Documents/GitHub/FURP-2026-Yiyang-GUO-EVRP-TW/reference/VRP-EVRP-Project-Hub"", ""revision"": ""e3a890065105f978187e532642c4442522215e02""}, ""py-ga-VRPTW"": {""dirty"": false, ""path"": ""/Users/guoyiyang/Documents/GitHub/FURP-2026-Yiyang-GUO-EVRP-TW/reference/py-ga-VRPTW"", ""revision"": ""8e005caaaf6471a4505588d88c7f0f5e0d4ebffa""}}",stage03.1_screening_attempt04,,preserve;see stage03_legacy_path_map.csv
stage03.2,cache_incremental,stage03.2_cache_incremental_attempt01,attempt01,stage03.2_cache_incremental_attempt01,stage03.2_cache_incremental_attempt01,smoke,rc105C5,2016,"[""c101C5"", ""r105C5"", ""rc105C5"", ""c101_21"", ""r101_21"", ""rc101_21""]","[2014, 2015, 2016]",raw,verified_legacy,results/stage03.2_cache_incremental_attempt01/rc105C5/2016/stage03.2_cache_incremental_attempt01_raw_rc105C5_2016.json,results/stage03.2_cache_incremental_attempt01/raw/rc105C5-alns_stage02_constraint_guided-2016.json,feasible,,not_verified,not_present,not_applicable,not_published,a84d1add1fa2fc5fcb67a7318403c1d071098e507cda1fc06623527f6df656ba,raw_manifest,8ccce0e50d5abda874d40dfc5a576439d21b727c846aebd2c70836519305e5c2,4da5f1da3791d1a2538874fb51d25bff691c1a4039faef054d655af94410d49f,2ccfba6c447fa43a994934690acb67c7355ca04d232394907ed6938bc362c643,f303a7edf8c1cf3c156f09d94c37b0444810a2aa279a8be4668b36879ebb62b0,b226b97e0e67288aaaf85726ad855df71cb81406685c57c8e8c40cd8996aa0da,c38467d7c2f35206956dafa111152a3c4b8f5a76,False,"{""VRP-EVRP-Project-Hub"": {""dirty"": false, ""path"": ""/Users/guoyiyang/Documents/GitHub/FURP-2026-Yiyang-GUO-EVRP-TW/reference/VRP-EVRP-Project-Hub"", ""revision"": ""e3a890065105f978187e532642c4442522215e02""}, ""py-ga-VRPTW"": {""dirty"": false, ""path"": ""/Users/guoyiyang/Documents/GitHub/FURP-2026-Yiyang-GUO-EVRP-TW/reference/py-ga-VRPTW"", ""revision"": ""8e005caaaf6471a4505588d88c7f0f5e0d4ebffa""}}",stage03.1_screening_attempt04,,preserve;see stage03_legacy_path_map.csv
stage03.2,cache_incremental,stage03.2_cache_incremental_attempt01,attempt01,stage03.2_cache_incremental_attempt01,stage03.2_cache_incremental_attempt01,smoke,__all__,__all__,"[""c101C5"", ""r105C5"", ""rc105C5"", ""c101_21"", ""r101_21"", ""rc101_21""]","[2014, 2015, 2016]",raw_per_run_results,verified_legacy,results/stage03.2_cache_incremental_attempt01/all/all/stage03.2_cache_incremental_attempt01_raw_per_run_results.csv,results/stage03.2_cache_incremental_attempt01/raw_per_run_results.csv,feasible,,not_verified,not_present,not_applicable,not_published,725ec88788c7713da82c733021d403a35d433f2f0ccee63b61e3f66b3131dbab,raw_manifest,8ccce0e50d5abda874d40dfc5a576439d21b727c846aebd2c70836519305e5c2,4da5f1da3791d1a2538874fb51d25bff691c1a4039faef054d655af94410d49f,,,b226b97e0e67288aaaf85726ad855df71cb81406685c57c8e8c40cd8996aa0da,c38467d7c2f35206956dafa111152a3c4b8f5a76,False,"{""VRP-EVRP-Project-Hub"": {""dirty"": false, ""path"": ""/Users/guoyiyang/Documents/GitHub/FURP-2026-Yiyang-GUO-EVRP-TW/reference/VRP-EVRP-Project-Hub"", ""revision"": ""e3a890065105f978187e532642c4442522215e02""}, ""py-ga-VRPTW"": {""dirty"": false, ""path"": ""/Users/guoyiyang/Documents/GitHub/FURP-2026-Yiyang-GUO-EVRP-TW/reference/py-ga-VRPTW"", ""revision"": ""8e005caaaf6471a4505588d88c7f0f5e0d4ebffa""}}",stage03.1_screening_attempt04,,preserve;see stage03_legacy_path_map.csv
stage03.2,cache_incremental,stage03.2_cache_incremental_attempt01,attempt01,stage03.2_cache_incremental_attempt01,stage03.2_cache_incremental_attempt01,smoke,__all__,__all__,"[""c101C5"", ""r105C5"", ""rc105C5"", ""c101_21"", ""r101_21"", ""rc101_21""]","[2014, 2015, 2016]",manifest_metadata,verified_legacy,results/stage03.2_cache_incremental_attempt01/control/stage03.2_cache_incremental_attempt01_manifest_metadata.json,results/stage03.2_cache_incremental_attempt01/run_metadata.json,feasible,,not_verified,not_present,not_applicable,not_published,7d00b70b7d5ef7827370b44129636fcd49bc04486e2560c686828a46c2107963,raw_manifest,8ccce0e50d5abda874d40dfc5a576439d21b727c846aebd2c70836519305e5c2,4da5f1da3791d1a2538874fb51d25bff691c1a4039faef054d655af94410d49f,,,b226b97e0e67288aaaf85726ad855df71cb81406685c57c8e8c40cd8996aa0da,c38467d7c2f35206956dafa111152a3c4b8f5a76,False,"{""VRP-EVRP-Project-Hub"": {""dirty"": false, ""path"": ""/Users/guoyiyang/Documents/GitHub/FURP-2026-Yiyang-GUO-EVRP-TW/reference/VRP-EVRP-Project-Hub"", ""revision"": ""e3a890065105f978187e532642c4442522215e02""}, ""py-ga-VRPTW"": {""dirty"": false, ""path"": ""/Users/guoyiyang/Documents/GitHub/FURP-2026-Yiyang-GUO-EVRP-TW/reference/py-ga-VRPTW"", ""revision"": ""8e005caaaf6471a4505588d88c7f0f5e0d4ebffa""}}",stage03.1_screening_attempt04,,preserve;see stage03_legacy_path_map.csv
stage03.2,cache_incremental,stage03.2_cache_incremental_attempt01,attempt01,stage03.2_cache_incremental_attempt01,stage03.2_cache_incremental_attempt01,smoke,c101C5,2014,"[""c101C5"", ""r105C5"", ""rc105C5"", ""c101_21"", ""r101_21"", ""rc101_21""]","[2014, 2015, 2016]",solution,verified_legacy,results/stage03.2_cache_incremental_attempt01/c101C5/2014/stage03.2_cache_incremental_attempt01_solution_c101C5_2014.json,results/stage03.2_cache_incremental_attempt01/solutions/c101C5-alns_stage02_constraint_guided-2014.json,feasible,,not_verified,not_present,not_applicable,not_published,9bc8fee0911b09e57f4c1760425edda3cc71aa25ca5ca403fe05e225b211d7d0,raw_manifest,8ccce0e50d5abda874d40dfc5a576439d21b727c846aebd2c70836519305e5c2,4da5f1da3791d1a2538874fb51d25bff691c1a4039faef054d655af94410d49f,8612d6d9aad051776097a5e50c7408f39352b8107b0639d58e5eda713f9ff876,282d08f1fc9a490c27d287d6a1adc77c8412f076079b61f78fc13cb717c886a9,b226b97e0e67288aaaf85726ad855df71cb81406685c57c8e8c40cd8996aa0da,c38467d7c2f35206956dafa111152a3c4b8f5a76,False,"{""VRP-EVRP-Project-Hub"": {""dirty"": false, ""path"": ""/Users/guoyiyang/Documents/GitHub/FURP-2026-Yiyang-GUO-EVRP-TW/reference/VRP-EVRP-Project-Hub"", ""revision"": ""e3a890065105f978187e532642c4442522215e02""}, ""py-ga-VRPTW"": {""dirty"": false, ""path"": ""/Users/guoyiyang/Documents/GitHub/FURP-2026-Yiyang-GUO-EVRP-TW/reference/py-ga-VRPTW"", ""revision"": ""8e005caaaf6471a4505588d88c7f0f5e0d4ebffa""}}",stage03.1_screening_attempt04,,preserve;see stage03_legacy_path_map.csv
stage03.2,cache_incremental,stage03.2_cache_incremental_attempt01,attempt01,stage03.2_cache_incremental_attempt01,stage03.2_cache_incremental_attempt01,smoke,c101C5,2015,"[""c101C5"", ""r105C5"", ""rc105C5"", ""c101_21"", ""r101_21"", ""rc101_21""]","[2014, 2015, 2016]",solution,verified_legacy,results/stage03.2_cache_incremental_attempt01/c101C5/2015/stage03.2_cache_incremental_attempt01_solution_c101C5_2015.json,results/stage03.2_cache_incremental_attempt01/solutions/c101C5-alns_stage02_constraint_guided-2015.json,feasible,,not_verified,not_present,not_applicable,not_published,b1855d6e454679257dcdf716439c863951f9a787db170ef0e33534d15ccfb467,raw_manifest,8ccce0e50d5abda874d40dfc5a576439d21b727c846aebd2c70836519305e5c2,4da5f1da3791d1a2538874fb51d25bff691c1a4039faef054d655af94410d49f,8612d6d9aad051776097a5e50c7408f39352b8107b0639d58e5eda713f9ff876,79953a5f4b719832efc83bb340583566703be202e6ea7ec8ea5225d6912be333,b226b97e0e67288aaaf85726ad855df71cb81406685c57c8e8c40cd8996aa0da,c38467d7c2f35206956dafa111152a3c4b8f5a76,False,"{""VRP-EVRP-Project-Hub"": {""dirty"": false, ""path"": ""/Users/guoyiyang/Documents/GitHub/FURP-2026-Yiyang-GUO-EVRP-TW/reference/VRP-EVRP-Project-Hub"", ""revision"": ""e3a890065105f978187e532642c4442522215e02""}, ""py-ga-VRPTW"": {""dirty"": false, ""path"": ""/Users/guoyiyang/Documents/GitHub/FURP-2026-Yiyang-GUO-EVRP-TW/reference/py-ga-VRPTW"", ""revision"": ""8e005caaaf6471a4505588d88c7f0f5e0d4ebffa""}}",stage03.1_screening_attempt04,,preserve;see stage03_legacy_path_map.csv
stage03.2,cache_incremental,stage03.2_cache_incremental_attempt01,attempt01,stage03.2_cache_incremental_attempt01,stage03.2_cache_incremental_attempt01,smoke,c101C5,2016,"[""c101C5"", ""r105C5"", ""rc105C5"", ""c101_21"", ""r101_21"", ""rc101_21""]","[2014, 2015, 2016]",solution,verified_legacy,results/stage03.2_cache_incremental_attempt01/c101C5/2016/stage03.2_cache_incremental_attempt01_solution_c101C5_2016.json,results/stage03.2_cache_incremental_attempt01/solutions/c101C5-alns_stage02_constraint_guided-2016.json,feasible,,not_verified,not_present,not_applicable,not_published,f51c31019783882711b0321089a25ed837ee0dcece584f9264c1fe160ea9f5b1,raw_manifest,8ccce0e50d5abda874d40dfc5a576439d21b727c846aebd2c70836519305e5c2,4da5f1da3791d1a2538874fb51d25bff691c1a4039faef054d655af94410d49f,8612d6d9aad051776097a5e50c7408f39352b8107b0639d58e5eda713f9ff876,129c22a61035905d2dc8fa0d912162aab9d6f03409ecbb1baca5666b9d253e2c,b226b97e0e67288aaaf85726ad855df71cb81406685c57c8e8c40cd8996aa0da,c38467d7c2f35206956dafa111152a3c4b8f5a76,False,"{""VRP-EVRP-Project-Hub"": {""dirty"": false, ""path"": ""/Users/guoyiyang/Documents/GitHub/FURP-2026-Yiyang-GUO-EVRP-TW/reference/VRP-EVRP-Project-Hub"", ""revision"": ""e3a890065105f978187e532642c4442522215e02""}, ""py-ga-VRPTW"": {""dirty"": false, ""path"": ""/Users/guoyiyang/Documents/GitHub/FURP-2026-Yiyang-GUO-EVRP-TW/reference/py-ga-VRPTW"", ""revision"": ""8e005caaaf6471a4505588d88c7f0f5e0d4ebffa""}}",stage03.1_screening_attempt04,,preserve;see stage03_legacy_path_map.csv
stage03.2,cache_incremental,stage03.2_cache_incremental_attempt01,attempt01,stage03.2_cache_incremental_attempt01,stage03.2_cache_incremental_attempt01,smoke,c101_21,2014,"[""c101C5"", ""r105C5"", ""rc105C5"", ""c101_21"", ""r101_21"", ""rc101_21""]","[2014, 2015, 2016]",solution,verified_legacy,results/stage03.2_cache_incremental_attempt01/c101_21/2014/stage03.2_cache_incremental_attempt01_solution_c101_21_2014.json,results/stage03.2_cache_incremental_attempt01/solutions/c101_21-alns_stage02_constraint_guided-2014.json,feasible,,not_verified,not_present,not_applicable,not_published,bfbebb5e3fba341e978d9498dc7826048950b3d058fa159e702be9e1832347c4,raw_manifest,8ccce0e50d5abda874d40dfc5a576439d21b727c846aebd2c70836519305e5c2,4da5f1da3791d1a2538874fb51d25bff691c1a4039faef054d655af94410d49f,c5cda6ca63a7d518902cf4b02d98b4aa0f373aaa0658d5c666d1c46d38871cb9,01fa5d390a9e7043d7f4c8cc5d284e821129857afc70f42d1ee4539d770171be,b226b97e0e67288aaaf85726ad855df71cb81406685c57c8e8c40cd8996aa0da,c38467d7c2f35206956dafa111152a3c4b8f5a76,False,"{""VRP-EVRP-Project-Hub"": {""dirty"": false, ""path"": ""/Users/guoyiyang/Documents/GitHub/FURP-2026-Yiyang-GUO-EVRP-TW/reference/VRP-EVRP-Project-Hub"", ""revision"": ""e3a890065105f978187e532642c4442522215e02""}, ""py-ga-VRPTW"": {""dirty"": false, ""path"": ""/Users/guoyiyang/Documents/GitHub/FURP-2026-Yiyang-GUO-EVRP-TW/reference/py-ga-VRPTW"", ""revision"": ""8e005caaaf6471a4505588d88c7f0f5e0d4ebffa""}}",stage03.1_screening_attempt04,,preserve;see stage03_legacy_path_map.csv
stage03.2,cache_incremental,stage03.2_cache_incremental_attempt01,attempt01,stage03.2_cache_incremental_attempt01,stage03.2_cache_incremental_attempt01,smoke,c101_21,2015,"[""c101C5"", ""r105C5"", ""rc105C5"", ""c101_21"", ""r101_21"", ""rc101_21""]","[2014, 2015, 2016]",solution,verified_legacy,results/stage03.2_cache_incremental_attempt01/c101_21/2015/stage03.2_cache_incremental_attempt01_solution_c101_21_2015.json,results/stage03.2_cache_incremental_attempt01/solutions/c101_21-alns_stage02_constraint_guided-2015.json,feasible,,not_verified,not_present,not_applicable,not_published,89c49bdd2e8cc8070049c67b15872e39f34bb34e4b34893b07ab8d2d6b213208,raw_manifest,8ccce0e50d5abda874d40dfc5a576439d21b727c846aebd2c70836519305e5c2,4da5f1da3791d1a2538874fb51d25bff691c1a4039faef054d655af94410d49f,c5cda6ca63a7d518902cf4b02d98b4aa0f373aaa0658d5c666d1c46d38871cb9,58ff3b60e08388d1e93e8cb65c4280160ed25ce4efccaa0a98fc64e6dcce41cc,b226b97e0e67288aaaf85726ad855df71cb81406685c57c8e8c40cd8996aa0da,c38467d7c2f35206956dafa111152a3c4b8f5a76,False,"{""VRP-EVRP-Project-Hub"": {""dirty"": false, ""path"": ""/Users/guoyiyang/Documents/GitHub/FURP-2026-Yiyang-GUO-EVRP-TW/reference/VRP-EVRP-Project-Hub"", ""revision"": ""e3a890065105f978187e532642c4442522215e02""}, ""py-ga-VRPTW"": {""dirty"": false, ""path"": ""/Users/guoyiyang/Documents/GitHub/FURP-2026-Yiyang-GUO-EVRP-TW/reference/py-ga-VRPTW"", ""revision"": ""8e005caaaf6471a4505588d88c7f0f5e0d4ebffa""}}",stage03.1_screening_attempt04,,preserve;see stage03_legacy_path_map.csv
stage03.2,cache_incremental,stage03.2_cache_incremental_attempt01,attempt01,stage03.2_cache_incremental_attempt01,stage03.2_cache_incremental_attempt01,smoke,c101_21,2016,"[""c101C5"", ""r105C5"", ""rc105C5"", ""c101_21"", ""r101_21"", ""rc101_21""]","[2014, 2015, 2016]",solution,verified_legacy,results/stage03.2_cache_incremental_attempt01/c101_21/2016/stage03.2_cache_incremental_attempt01_solution_c101_21_2016.json,results/stage03.2_cache_incremental_attempt01/solutions/c101_21-alns_stage02_constraint_guided-2016.json,feasible,,not_verified,not_present,not_applicable,not_published,bb81a5428e7df7d06b4651d35ec399223c9a5b9d76dafb3577158755a4b13a55,raw_manifest,8ccce0e50d5abda874d40dfc5a576439d21b727c846aebd2c70836519305e5c2,4da5f1da3791d1a2538874fb51d25bff691c1a4039faef054d655af94410d49f,c5cda6ca63a7d518902cf4b02d98b4aa0f373aaa0658d5c666d1c46d38871cb9,d92fc93f97c16e3b3d781289b4f1ef63ebf4d1131c575a38671b69e8079478b7,b226b97e0e67288aaaf85726ad855df71cb81406685c57c8e8c40cd8996aa0da,c38467d7c2f35206956dafa111152a3c4b8f5a76,False,"{""VRP-EVRP-Project-Hub"": {""dirty"": false, ""path"": ""/Users/guoyiyang/Documents/GitHub/FURP-2026-Yiyang-GUO-EVRP-TW/reference/VRP-EVRP-Project-Hub"", ""revision"": ""e3a890065105f978187e532642c4442522215e02""}, ""py-ga-VRPTW"": {""dirty"": false, ""path"": ""/Users/guoyiyang/Documents/GitHub/FURP-2026-Yiyang-GUO-EVRP-TW/reference/py-ga-VRPTW"", ""revision"": ""8e005caaaf6471a4505588d88c7f0f5e0d4ebffa""}}",stage03.1_screening_attempt04,,preserve;see stage03_legacy_path_map.csv
stage03.2,cache_incremental,stage03.2_cache_incremental_attempt01,attempt01,stage03.2_cache_incremental_attempt01,stage03.2_cache_incremental_attempt01,smoke,r101_21,2014,"[""c101C5"", ""r105C5"", ""rc105C5"", ""c101_21"", ""r101_21"", ""rc101_21""]","[2014, 2015, 2016]",solution,verified_legacy,results/stage03.2_cache_incremental_attempt01/r101_21/2014/stage03.2_cache_incremental_attempt01_solution_r101_21_2014.json,results/stage03.2_cache_incremental_attempt01/solutions/r101_21-alns_stage02_constraint_guided-2014.json,feasible,,not_verified,not_present,not_applicable,not_published,0f6eb4be7e43a99055ce34539ddd8dc39da5f02524ad20fa07e2f02caffb82f5,raw_manifest,8ccce0e50d5abda874d40dfc5a576439d21b727c846aebd2c70836519305e5c2,4da5f1da3791d1a2538874fb51d25bff691c1a4039faef054d655af94410d49f,0e5a3dffffbd3c516b528ef32ba1a488b817d2f151fc3e8c81023814de1c103a,a064fed73b340a40e9245985ef489e482cf4d049ec02395e6f775b567ed3d05f,b226b97e0e67288aaaf85726ad855df71cb81406685c57c8e8c40cd8996aa0da,c38467d7c2f35206956dafa111152a3c4b8f5a76,False,"{""VRP-EVRP-Project-Hub"": {""dirty"": false, ""path"": ""/Users/guoyiyang/Documents/GitHub/FURP-2026-Yiyang-GUO-EVRP-TW/reference/VRP-EVRP-Project-Hub"", ""revision"": ""e3a890065105f978187e532642c4442522215e02""}, ""py-ga-VRPTW"": {""dirty"": false, ""path"": ""/Users/guoyiyang/Documents/GitHub/FURP-2026-Yiyang-GUO-EVRP-TW/reference/py-ga-VRPTW"", ""revision"": ""8e005caaaf6471a4505588d88c7f0f5e0d4ebffa""}}",stage03.1_screening_attempt04,,preserve;see stage03_legacy_path_map.csv
stage03.2,cache_incremental,stage03.2_cache_incremental_attempt01,attempt01,stage03.2_cache_incremental_attempt01,stage03.2_cache_incremental_attempt01,smoke,r101_21,2015,"[""c101C5"", ""r105C5"", ""rc105C5"", ""c101_21"", ""r101_21"", ""rc101_21""]","[2014, 2015, 2016]",solution,verified_legacy,results/stage03.2_cache_incremental_attempt01/r101_21/2015/stage03.2_cache_incremental_attempt01_solution_r101_21_2015.json,results/stage03.2_cache_incremental_attempt01/solutions/r101_21-alns_stage02_constraint_guided-2015.json,feasible,,not_verified,not_present,not_applicable,not_published,0598392691acb93e748b0a165cf3cf6af98be6aa556129dee7aecc542a158d6b,raw_manifest,8ccce0e50d5abda874d40dfc5a576439d21b727c846aebd2c70836519305e5c2,4da5f1da3791d1a2538874fb51d25bff691c1a4039faef054d655af94410d49f,0e5a3dffffbd3c516b528ef32ba1a488b817d2f151fc3e8c81023814de1c103a,b801c938d84e51d5d401101d923b03b266bc99ff9907cd5fa94efdd6b305d52a,b226b97e0e67288aaaf85726ad855df71cb81406685c57c8e8c40cd8996aa0da,c38467d7c2f35206956dafa111152a3c4b8f5a76,False,"{""VRP-EVRP-Project-Hub"": {""dirty"": false, ""path"": ""/Users/guoyiyang/Documents/GitHub/FURP-2026-Yiyang-GUO-EVRP-TW/reference/VRP-EVRP-Project-Hub"", ""revision"": ""e3a890065105f978187e532642c4442522215e02""}, ""py-ga-VRPTW"": {""dirty"": false, ""path"": ""/Users/guoyiyang/Documents/GitHub/FURP-2026-Yiyang-GUO-EVRP-TW/reference/py-ga-VRPTW"", ""revision"": ""8e005caaaf6471a4505588d88c7f0f5e0d4ebffa""}}",stage03.1_screening_attempt04,,preserve;see stage03_legacy_path_map.csv
stage03.2,cache_incremental,stage03.2_cache_incremental_attempt01,attempt01,stage03.2_cache_incremental_attempt01,stage03.2_cache_incremental_attempt01,smoke,r101_21,2016,"[""c101C5"", ""r105C5"", ""rc105C5"", ""c101_21"", ""r101_21"", ""rc101_21""]","[2014, 2015, 2016]",solution,verified_legacy,results/stage03.2_cache_incremental_attempt01/r101_21/2016/stage03.2_cache_incremental_attempt01_solution_r101_21_2016.json,results/stage03.2_cache_incremental_attempt01/solutions/r101_21-alns_stage02_constraint_guided-2016.json,feasible,,not_verified,not_present,not_applicable,not_published,8c11ba54bd00d8e03dd04f927e2ee9c02174915748cd911c8f22aad016adf6d6,raw_manifest,8ccce0e50d5abda874d40dfc5a576439d21b727c846aebd2c70836519305e5c2,4da5f1da3791d1a2538874fb51d25bff691c1a4039faef054d655af94410d49f,0e5a3dffffbd3c516b528ef32ba1a488b817d2f151fc3e8c81023814de1c103a,b0708836c7029704fb951f6905fee972c3ba462a170cbf94a4be8f04e761f509,b226b97e0e67288aaaf85726ad855df71cb81406685c57c8e8c40cd8996aa0da,c38467d7c2f35206956dafa111152a3c4b8f5a76,False,"{""VRP-EVRP-Project-Hub"": {""dirty"": false, ""path"": ""/Users/guoyiyang/Documents/GitHub/FURP-2026-Yiyang-GUO-EVRP-TW/reference/VRP-EVRP-Project-Hub"", ""revision"": ""e3a890065105f978187e532642c4442522215e02""}, ""py-ga-VRPTW"": {""dirty"": false, ""path"": ""/Users/guoyiyang/Documents/GitHub/FURP-2026-Yiyang-GUO-EVRP-TW/reference/py-ga-VRPTW"", ""revision"": ""8e005caaaf6471a4505588d88c7f0f5e0d4ebffa""}}",stage03.1_screening_attempt04,,preserve;see stage03_legacy_path_map.csv
stage03.2,cache_incremental,stage03.2_cache_incremental_attempt01,attempt01,stage03.2_cache_incremental_attempt01,stage03.2_cache_incremental_attempt01,smoke,r105C5,2014,"[""c101C5"", ""r105C5"", ""rc105C5"", ""c101_21"", ""r101_21"", ""rc101_21""]","[2014, 2015, 2016]",solution,verified_legacy,results/stage03.2_cache_incremental_attempt01/r105C5/2014/stage03.2_cache_incremental_attempt01_solution_r105C5_2014.json,results/stage03.2_cache_incremental_attempt01/solutions/r105C5-alns_stage02_constraint_guided-2014.json,feasible,,not_verified,not_present,not_applicable,not_published,37f614411458fbc7802b1db8344ab4be5ef9dc9767d4851e1d3b65f343139676,raw_manifest,8ccce0e50d5abda874d40dfc5a576439d21b727c846aebd2c70836519305e5c2,4da5f1da3791d1a2538874fb51d25bff691c1a4039faef054d655af94410d49f,eb27ec04e799ee6d39dee3d66f15128e197811afa8c664295acbdf6444176434,77c9b61f17e9eaef218af95e6273db6072a7f5b197a491f4f61d3170e2da3de2,b226b97e0e67288aaaf85726ad855df71cb81406685c57c8e8c40cd8996aa0da,c38467d7c2f35206956dafa111152a3c4b8f5a76,False,"{""VRP-EVRP-Project-Hub"": {""dirty"": false, ""path"": ""/Users/guoyiyang/Documents/GitHub/FURP-2026-Yiyang-GUO-EVRP-TW/reference/VRP-EVRP-Project-Hub"", ""revision"": ""e3a890065105f978187e532642c4442522215e02""}, ""py-ga-VRPTW"": {""dirty"": false, ""path"": ""/Users/guoyiyang/Documents/GitHub/FURP-2026-Yiyang-GUO-EVRP-TW/reference/py-ga-VRPTW"", ""revision"": ""8e005caaaf6471a4505588d88c7f0f5e0d4ebffa""}}",stage03.1_screening_attempt04,,preserve;see stage03_legacy_path_map.csv
stage03.2,cache_incremental,stage03.2_cache_incremental_attempt01,attempt01,stage03.2_cache_incremental_attempt01,stage03.2_cache_incremental_attempt01,smoke,r105C5,2015,"[""c101C5"", ""r105C5"", ""rc105C5"", ""c101_21"", ""r101_21"", ""rc101_21""]","[2014, 2015, 2016]",solution,verified_legacy,results/stage03.2_cache_incremental_attempt01/r105C5/2015/stage03.2_cache_incremental_attempt01_solution_r105C5_2015.json,results/stage03.2_cache_incremental_attempt01/solutions/r105C5-alns_stage02_constraint_guided-2015.json,feasible,,not_verified,not_present,not_applicable,not_published,5986d9d10e21f0dc93293751bd7d938a3769de674f21974964409251ce7e32ce,raw_manifest,8ccce0e50d5abda874d40dfc5a576439d21b727c846aebd2c70836519305e5c2,4da5f1da3791d1a2538874fb51d25bff691c1a4039faef054d655af94410d49f,eb27ec04e799ee6d39dee3d66f15128e197811afa8c664295acbdf6444176434,f9b4cfb31b67b17da738b11600660fea6bc7e95f536a22a5246272544b7a746f,b226b97e0e67288aaaf85726ad855df71cb81406685c57c8e8c40cd8996aa0da,c38467d7c2f35206956dafa111152a3c4b8f5a76,False,"{""VRP-EVRP-Project-Hub"": {""dirty"": false, ""path"": ""/Users/guoyiyang/Documents/GitHub/FURP-2026-Yiyang-GUO-EVRP-TW/reference/VRP-EVRP-Project-Hub"", ""revision"": ""e3a890065105f978187e532642c4442522215e02""}, ""py-ga-VRPTW"": {""dirty"": false, ""path"": ""/Users/guoyiyang/Documents/GitHub/FURP-2026-Yiyang-GUO-EVRP-TW/reference/py-ga-VRPTW"", ""revision"": ""8e005caaaf6471a4505588d88c7f0f5e0d4ebffa""}}",stage03.1_screening_attempt04,,preserve;see stage03_legacy_path_map.csv
stage03.2,cache_incremental,stage03.2_cache_incremental_attempt01,attempt01,stage03.2_cache_incremental_attempt01,stage03.2_cache_incremental_attempt01,smoke,r105C5,2016,"[""c101C5"", ""r105C5"", ""rc105C5"", ""c101_21"", ""r101_21"", ""rc101_21""]","[2014, 2015, 2016]",solution,verified_legacy,results/stage03.2_cache_incremental_attempt01/r105C5/2016/stage03.2_cache_incremental_attempt01_solution_r105C5_2016.json,results/stage03.2_cache_incremental_attempt01/solutions/r105C5-alns_stage02_constraint_guided-2016.json,feasible,,not_verified,not_present,not_applicable,not_published,06501df94705311d988665f4a9a554aae7cbca6fdb7e497d6fd0161f382f29ab,raw_manifest,8ccce0e50d5abda874d40dfc5a576439d21b727c846aebd2c70836519305e5c2,4da5f1da3791d1a2538874fb51d25bff691c1a4039faef054d655af94410d49f,eb27ec04e799ee6d39dee3d66f15128e197811afa8c664295acbdf6444176434,2a7d896ddea75002e3669f10ff4538c4f2770dfd4c6c2ea0adceac3f81c40939,b226b97e0e67288aaaf85726ad855df71cb81406685c57c8e8c40cd8996aa0da,c38467d7c2f35206956dafa111152a3c4b8f5a76,False,"{""VRP-EVRP-Project-Hub"": {""dirty"": false, ""path"": ""/Users/guoyiyang/Documents/GitHub/FURP-2026-Yiyang-GUO-EVRP-TW/reference/VRP-EVRP-Project-Hub"", ""revision"": ""e3a890065105f978187e532642c4442522215e02""}, ""py-ga-VRPTW"": {""dirty"": false, ""path"": ""/Users/guoyiyang/Documents/GitHub/FURP-2026-Yiyang-GUO-EVRP-TW/reference/py-ga-VRPTW"", ""revision"": ""8e005caaaf6471a4505588d88c7f0f5e0d4ebffa""}}",stage03.1_screening_attempt04,,preserve;see stage03_legacy_path_map.csv
stage03.2,cache_incremental,stage03.2_cache_incremental_attempt01,attempt01,stage03.2_cache_incremental_attempt01,stage03.2_cache_incremental_attempt01,smoke,rc101_21,2014,"[""c101C5"", ""r105C5"", ""rc105C5"", ""c101_21"", ""r101_21"", ""rc101_21""]","[2014, 2015, 2016]",solution,verified_legacy,results/stage03.2_cache_incremental_attempt01/rc101_21/2014/stage03.2_cache_incremental_attempt01_solution_rc101_21_2014.json,results/stage03.2_cache_incremental_attempt01/solutions/rc101_21-alns_stage02_constraint_guided-2014.json,feasible,,not_verified,not_present,not_applicable,not_published,78cd3d1d42cde1a0d2b26c56cd7d2d2d9261e09fcbc0af74e63c9a9ead2d9d30,raw_manifest,8ccce0e50d5abda874d40dfc5a576439d21b727c846aebd2c70836519305e5c2,4da5f1da3791d1a2538874fb51d25bff691c1a4039faef054d655af94410d49f,272a3e58d53d4ba9516f01506164cf8a9b98bfeeb8dbd1fd62f6557e4c98e3a1,f6d8fa2c216fb54e283e774c4e394de02478b759a15e7f7160853a802fdaaaba,b226b97e0e67288aaaf85726ad855df71cb81406685c57c8e8c40cd8996aa0da,c38467d7c2f35206956dafa111152a3c4b8f5a76,False,"{""VRP-EVRP-Project-Hub"": {""dirty"": false, ""path"": ""/Users/guoyiyang/Documents/GitHub/FURP-2026-Yiyang-GUO-EVRP-TW/reference/VRP-EVRP-Project-Hub"", ""revision"": ""e3a890065105f978187e532642c4442522215e02""}, ""py-ga-VRPTW"": {""dirty"": false, ""path"": ""/Users/guoyiyang/Documents/GitHub/FURP-2026-Yiyang-GUO-EVRP-TW/reference/py-ga-VRPTW"", ""revision"": ""8e005caaaf6471a4505588d88c7f0f5e0d4ebffa""}}",stage03.1_screening_attempt04,,preserve;see stage03_legacy_path_map.csv
stage03.2,cache_incremental,stage03.2_cache_incremental_attempt01,attempt01,stage03.2_cache_incremental_attempt01,stage03.2_cache_incremental_attempt01,smoke,rc101_21,2015,"[""c101C5"", ""r105C5"", ""rc105C5"", ""c101_21"", ""r101_21"", ""rc101_21""]","[2014, 2015, 2016]",solution,verified_legacy,results/stage03.2_cache_incremental_attempt01/rc101_21/2015/stage03.2_cache_incremental_attempt01_solution_rc101_21_2015.json,results/stage03.2_cache_incremental_attempt01/solutions/rc101_21-alns_stage02_constraint_guided-2015.json,feasible,,not_verified,not_present,not_applicable,not_published,3e0fc1cd2dbad26b4d4c1c60e4a6df780aedcc46a58363747dfad8d487929ed2,raw_manifest,8ccce0e50d5abda874d40dfc5a576439d21b727c846aebd2c70836519305e5c2,4da5f1da3791d1a2538874fb51d25bff691c1a4039faef054d655af94410d49f,272a3e58d53d4ba9516f01506164cf8a9b98bfeeb8dbd1fd62f6557e4c98e3a1,aa2ebcf79efc6821c5cff332adac7909d98b58f6e70e8f8872951985b7f486c6,b226b97e0e67288aaaf85726ad855df71cb81406685c57c8e8c40cd8996aa0da,c38467d7c2f35206956dafa111152a3c4b8f5a76,False,"{""VRP-EVRP-Project-Hub"": {""dirty"": false, ""path"": ""/Users/guoyiyang/Documents/GitHub/FURP-2026-Yiyang-GUO-EVRP-TW/reference/VRP-EVRP-Project-Hub"", ""revision"": ""e3a890065105f978187e532642c4442522215e02""}, ""py-ga-VRPTW"": {""dirty"": false, ""path"": ""/Users/guoyiyang/Documents/GitHub/FURP-2026-Yiyang-GUO-EVRP-TW/reference/py-ga-VRPTW"", ""revision"": ""8e005caaaf6471a4505588d88c7f0f5e0d4ebffa""}}",stage03.1_screening_attempt04,,preserve;see stage03_legacy_path_map.csv
stage03.2,cache_incremental,stage03.2_cache_incremental_attempt01,attempt01,stage03.2_cache_incremental_attempt01,stage03.2_cache_incremental_attempt01,smoke,rc101_21,2016,"[""c101C5"", ""r105C5"", ""rc105C5"", ""c101_21"", ""r101_21"", ""rc101_21""]","[2014, 2015, 2016]",solution,verified_legacy,results/stage03.2_cache_incremental_attempt01/rc101_21/2016/stage03.2_cache_incremental_attempt01_solution_rc101_21_2016.json,results/stage03.2_cache_incremental_attempt01/solutions/rc101_21-alns_stage02_constraint_guided-2016.json,feasible,,not_verified,not_present,not_applicable,not_published,0bf48663d3fdc16272068f7bd43c5008c7d25b8f3b45c9285bcfce94c7a30878,raw_manifest,8ccce0e50d5abda874d40dfc5a576439d21b727c846aebd2c70836519305e5c2,4da5f1da3791d1a2538874fb51d25bff691c1a4039faef054d655af94410d49f,272a3e58d53d4ba9516f01506164cf8a9b98bfeeb8dbd1fd62f6557e4c98e3a1,ba80d0ba0a3c54d01582f28861914348b5757ac3d6e5cd1e6aaa9ababbb91443,b226b97e0e67288aaaf85726ad855df71cb81406685c57c8e8c40cd8996aa0da,c38467d7c2f35206956dafa111152a3c4b8f5a76,False,"{""VRP-EVRP-Project-Hub"": {""dirty"": false, ""path"": ""/Users/guoyiyang/Documents/GitHub/FURP-2026-Yiyang-GUO-EVRP-TW/reference/VRP-EVRP-Project-Hub"", ""revision"": ""e3a890065105f978187e532642c4442522215e02""}, ""py-ga-VRPTW"": {""dirty"": false, ""path"": ""/Users/guoyiyang/Documents/GitHub/FURP-2026-Yiyang-GUO-EVRP-TW/reference/py-ga-VRPTW"", ""revision"": ""8e005caaaf6471a4505588d88c7f0f5e0d4ebffa""}}",stage03.1_screening_attempt04,,preserve;see stage03_legacy_path_map.csv
stage03.2,cache_incremental,stage03.2_cache_incremental_attempt01,attempt01,stage03.2_cache_incremental_attempt01,stage03.2_cache_incremental_attempt01,smoke,rc105C5,2014,"[""c101C5"", ""r105C5"", ""rc105C5"", ""c101_21"", ""r101_21"", ""rc101_21""]","[2014, 2015, 2016]",solution,verified_legacy,results/stage03.2_cache_incremental_attempt01/rc105C5/2014/stage03.2_cache_incremental_attempt01_solution_rc105C5_2014.json,results/stage03.2_cache_incremental_attempt01/solutions/rc105C5-alns_stage02_constraint_guided-2014.json,feasible,,not_verified,not_present,not_applicable,not_published,707124f4dc787ca88f5388fa3b1cdac327b82829474633871b32b34f00b4026e,raw_manifest,8ccce0e50d5abda874d40dfc5a576439d21b727c846aebd2c70836519305e5c2,4da5f1da3791d1a2538874fb51d25bff691c1a4039faef054d655af94410d49f,2ccfba6c447fa43a994934690acb67c7355ca04d232394907ed6938bc362c643,99571ba7505ab9499b99108f3223f05a811c78bbea09130bff3a1c33d2e3f552,b226b97e0e67288aaaf85726ad855df71cb81406685c57c8e8c40cd8996aa0da,c38467d7c2f35206956dafa111152a3c4b8f5a76,False,"{""VRP-EVRP-Project-Hub"": {""dirty"": false, ""path"": ""/Users/guoyiyang/Documents/GitHub/FURP-2026-Yiyang-GUO-EVRP-TW/reference/VRP-EVRP-Project-Hub"", ""revision"": ""e3a890065105f978187e532642c4442522215e02""}, ""py-ga-VRPTW"": {""dirty"": false, ""path"": ""/Users/guoyiyang/Documents/GitHub/FURP-2026-Yiyang-GUO-EVRP-TW/reference/py-ga-VRPTW"", ""revision"": ""8e005caaaf6471a4505588d88c7f0f5e0d4ebffa""}}",stage03.1_screening_attempt04,,preserve;see stage03_legacy_path_map.csv
stage03.2,cache_incremental,stage03.2_cache_incremental_attempt01,attempt01,stage03.2_cache_incremental_attempt01,stage03.2_cache_incremental_attempt01,smoke,rc105C5,2015,"[""c101C5"", ""r105C5"", ""rc105C5"", ""c101_21"", ""r101_21"", ""rc101_21""]","[2014, 2015, 2016]",solution,verified_legacy,results/stage03.2_cache_incremental_attempt01/rc105C5/2015/stage03.2_cache_incremental_attempt01_solution_rc105C5_2015.json,results/stage03.2_cache_incremental_attempt01/solutions/rc105C5-alns_stage02_constraint_guided-2015.json,feasible,,not_verified,not_present,not_applicable,not_published,39653ab2e3da8a9d3aa50c89421d36a09ff96d491401b99036322816394b5b54,raw_manifest,8ccce0e50d5abda874d40dfc5a576439d21b727c846aebd2c70836519305e5c2,4da5f1da3791d1a2538874fb51d25bff691c1a4039faef054d655af94410d49f,2ccfba6c447fa43a994934690acb67c7355ca04d232394907ed6938bc362c643,ea266f2cd5dd2f301704d488808b469d8ef658a0dee9dcb08b541e7fa4e945d9,b226b97e0e67288aaaf85726ad855df71cb81406685c57c8e8c40cd8996aa0da,c38467d7c2f35206956dafa111152a3c4b8f5a76,False,"{""VRP-EVRP-Project-Hub"": {""dirty"": false, ""path"": ""/Users/guoyiyang/Documents/GitHub/FURP-2026-Yiyang-GUO-EVRP-TW/reference/VRP-EVRP-Project-Hub"", ""revision"": ""e3a890065105f978187e532642c4442522215e02""}, ""py-ga-VRPTW"": {""dirty"": false, ""path"": ""/Users/guoyiyang/Documents/GitHub/FURP-2026-Yiyang-GUO-EVRP-TW/reference/py-ga-VRPTW"", ""revision"": ""8e005caaaf6471a4505588d88c7f0f5e0d4ebffa""}}",stage03.1_screening_attempt04,,preserve;see stage03_legacy_path_map.csv
stage03.2,cache_incremental,stage03.2_cache_incremental_attempt01,attempt01,stage03.2_cache_incremental_attempt01,stage03.2_cache_incremental_attempt01,smoke,rc105C5,2016,"[""c101C5"", ""r105C5"", ""rc105C5"", ""c101_21"", ""r101_21"", ""rc101_21""]","[2014, 2015, 2016]",solution,verified_legacy,results/stage03.2_cache_incremental_attempt01/rc105C5/2016/stage03.2_cache_incremental_attempt01_solution_rc105C5_2016.json,results/stage03.2_cache_incremental_attempt01/solutions/rc105C5-alns_stage02_constraint_guided-2016.json,feasible,,not_verified,not_present,not_applicable,not_published,07b1f3b11b045328517d98b2d0c40fa8775d963d24888b70296134d8c64c58e6,raw_manifest,8ccce0e50d5abda874d40dfc5a576439d21b727c846aebd2c70836519305e5c2,4da5f1da3791d1a2538874fb51d25bff691c1a4039faef054d655af94410d49f,2ccfba6c447fa43a994934690acb67c7355ca04d232394907ed6938bc362c643,f303a7edf8c1cf3c156f09d94c37b0444810a2aa279a8be4668b36879ebb62b0,b226b97e0e67288aaaf85726ad855df71cb81406685c57c8e8c40cd8996aa0da,c38467d7c2f35206956dafa111152a3c4b8f5a76,False,"{""VRP-EVRP-Project-Hub"": {""dirty"": false, ""path"": ""/Users/guoyiyang/Documents/GitHub/FURP-2026-Yiyang-GUO-EVRP-TW/reference/VRP-EVRP-Project-Hub"", ""revision"": ""e3a890065105f978187e532642c4442522215e02""}, ""py-ga-VRPTW"": {""dirty"": false, ""path"": ""/Users/guoyiyang/Documents/GitHub/FURP-2026-Yiyang-GUO-EVRP-TW/reference/py-ga-VRPTW"", ""revision"": ""8e005caaaf6471a4505588d88c7f0f5e0d4ebffa""}}",stage03.1_screening_attempt04,,preserve;see stage03_legacy_path_map.csv
stage03.2,cache_incremental,stage03.2_cache_incremental_attempt01,attempt01,stage03.2_cache_incremental_attempt01,stage03.2_cache_incremental_attempt01,smoke,c101C5,2014,"[""c101C5"", ""r105C5"", ""rc105C5"", ""c101_21"", ""r101_21"", ""rc101_21""]","[2014, 2015, 2016]",trace,verified_legacy,results/stage03.2_cache_incremental_attempt01/c101C5/2014/stage03.2_cache_incremental_attempt01_trace_c101C5_2014.json,results/stage03.2_cache_incremental_attempt01/traces/c101C5-alns_stage02_constraint_guided-2014.json,feasible,,not_verified,not_present,not_applicable,not_published,e7a50fb59bfd3d1a973b0fab7adc857a474f4da35a2bffb57fde04c1f146598f,raw_manifest,8ccce0e50d5abda874d40dfc5a576439d21b727c846aebd2c70836519305e5c2,4da5f1da3791d1a2538874fb51d25bff691c1a4039faef054d655af94410d49f,8612d6d9aad051776097a5e50c7408f39352b8107b0639d58e5eda713f9ff876,282d08f1fc9a490c27d287d6a1adc77c8412f076079b61f78fc13cb717c886a9,b226b97e0e67288aaaf85726ad855df71cb81406685c57c8e8c40cd8996aa0da,c38467d7c2f35206956dafa111152a3c4b8f5a76,False,"{""VRP-EVRP-Project-Hub"": {""dirty"": false, ""path"": ""/Users/guoyiyang/Documents/GitHub/FURP-2026-Yiyang-GUO-EVRP-TW/reference/VRP-EVRP-Project-Hub"", ""revision"": ""e3a890065105f978187e532642c4442522215e02""}, ""py-ga-VRPTW"": {""dirty"": false, ""path"": ""/Users/guoyiyang/Documents/GitHub/FURP-2026-Yiyang-GUO-EVRP-TW/reference/py-ga-VRPTW"", ""revision"": ""8e005caaaf6471a4505588d88c7f0f5e0d4ebffa""}}",stage03.1_screening_attempt04,,preserve;see stage03_legacy_path_map.csv
stage03.2,cache_incremental,stage03.2_cache_incremental_attempt01,attempt01,stage03.2_cache_incremental_attempt01,stage03.2_cache_incremental_attempt01,smoke,c101C5,2015,"[""c101C5"", ""r105C5"", ""rc105C5"", ""c101_21"", ""r101_21"", ""rc101_21""]","[2014, 2015, 2016]",trace,verified_legacy,results/stage03.2_cache_incremental_attempt01/c101C5/2015/stage03.2_cache_incremental_attempt01_trace_c101C5_2015.json,results/stage03.2_cache_incremental_attempt01/traces/c101C5-alns_stage02_constraint_guided-2015.json,feasible,,not_verified,not_present,not_applicable,not_published,5ece608668b8d318d589db1e1faeee6fe7ecea004367f0173187f73be026dad2,raw_manifest,8ccce0e50d5abda874d40dfc5a576439d21b727c846aebd2c70836519305e5c2,4da5f1da3791d1a2538874fb51d25bff691c1a4039faef054d655af94410d49f,8612d6d9aad051776097a5e50c7408f39352b8107b0639d58e5eda713f9ff876,79953a5f4b719832efc83bb340583566703be202e6ea7ec8ea5225d6912be333,b226b97e0e67288aaaf85726ad855df71cb81406685c57c8e8c40cd8996aa0da,c38467d7c2f35206956dafa111152a3c4b8f5a76,False,"{""VRP-EVRP-Project-Hub"": {""dirty"": false, ""path"": ""/Users/guoyiyang/Documents/GitHub/FURP-2026-Yiyang-GUO-EVRP-TW/reference/VRP-EVRP-Project-Hub"", ""revision"": ""e3a890065105f978187e532642c4442522215e02""}, ""py-ga-VRPTW"": {""dirty"": false, ""path"": ""/Users/guoyiyang/Documents/GitHub/FURP-2026-Yiyang-GUO-EVRP-TW/reference/py-ga-VRPTW"", ""revision"": ""8e005caaaf6471a4505588d88c7f0f5e0d4ebffa""}}",stage03.1_screening_attempt04,,preserve;see stage03_legacy_path_map.csv
stage03.2,cache_incremental,stage03.2_cache_incremental_attempt01,attempt01,stage03.2_cache_incremental_attempt01,stage03.2_cache_incremental_attempt01,smoke,c101C5,2016,"[""c101C5"", ""r105C5"", ""rc105C5"", ""c101_21"", ""r101_21"", ""rc101_21""]","[2014, 2015, 2016]",trace,verified_legacy,results/stage03.2_cache_incremental_attempt01/c101C5/2016/stage03.2_cache_incremental_attempt01_trace_c101C5_2016.json,results/stage03.2_cache_incremental_attempt01/traces/c101C5-alns_stage02_constraint_guided-2016.json,feasible,,not_verified,not_present,not_applicable,not_published,b0ea08a7597e5b2a0d2e2f227b598c6bb5bf7b2df9e7fc3fecc8c8295896c8aa,raw_manifest,8ccce0e50d5abda874d40dfc5a576439d21b727c846aebd2c70836519305e5c2,4da5f1da3791d1a2538874fb51d25bff691c1a4039faef054d655af94410d49f,8612d6d9aad051776097a5e50c7408f39352b8107b0639d58e5eda713f9ff876,129c22a61035905d2dc8fa0d912162aab9d6f03409ecbb1baca5666b9d253e2c,b226b97e0e67288aaaf85726ad855df71cb81406685c57c8e8c40cd8996aa0da,c38467d7c2f35206956dafa111152a3c4b8f5a76,False,"{""VRP-EVRP-Project-Hub"": {""dirty"": false, ""path"": ""/Users/guoyiyang/Documents/GitHub/FURP-2026-Yiyang-GUO-EVRP-TW/reference/VRP-EVRP-Project-Hub"", ""revision"": ""e3a890065105f978187e532642c4442522215e02""}, ""py-ga-VRPTW"": {""dirty"": false, ""path"": ""/Users/guoyiyang/Documents/GitHub/FURP-2026-Yiyang-GUO-EVRP-TW/reference/py-ga-VRPTW"", ""revision"": ""8e005caaaf6471a4505588d88c7f0f5e0d4ebffa""}}",stage03.1_screening_attempt04,,preserve;see stage03_legacy_path_map.csv
stage03.2,cache_incremental,stage03.2_cache_incremental_attempt01,attempt01,stage03.2_cache_incremental_attempt01,stage03.2_cache_incremental_attempt01,smoke,c101_21,2014,"[""c101C5"", ""r105C5"", ""rc105C5"", ""c101_21"", ""r101_21"", ""rc101_21""]","[2014, 2015, 2016]",trace,verified_legacy,results/stage03.2_cache_incremental_attempt01/c101_21/2014/stage03.2_cache_incremental_attempt01_trace_c101_21_2014.json,results/stage03.2_cache_incremental_attempt01/traces/c101_21-alns_stage02_constraint_guided-2014.json,feasible,,not_verified,not_present,not_applicable,not_published,fe951e454081757c2950c9a8d489bc2af915ed526fca60567e1221acbc011a7d,raw_manifest,8ccce0e50d5abda874d40dfc5a576439d21b727c846aebd2c70836519305e5c2,4da5f1da3791d1a2538874fb51d25bff691c1a4039faef054d655af94410d49f,c5cda6ca63a7d518902cf4b02d98b4aa0f373aaa0658d5c666d1c46d38871cb9,01fa5d390a9e7043d7f4c8cc5d284e821129857afc70f42d1ee4539d770171be,b226b97e0e67288aaaf85726ad855df71cb81406685c57c8e8c40cd8996aa0da,c38467d7c2f35206956dafa111152a3c4b8f5a76,False,"{""VRP-EVRP-Project-Hub"": {""dirty"": false, ""path"": ""/Users/guoyiyang/Documents/GitHub/FURP-2026-Yiyang-GUO-EVRP-TW/reference/VRP-EVRP-Project-Hub"", ""revision"": ""e3a890065105f978187e532642c4442522215e02""}, ""py-ga-VRPTW"": {""dirty"": false, ""path"": ""/Users/guoyiyang/Documents/GitHub/FURP-2026-Yiyang-GUO-EVRP-TW/reference/py-ga-VRPTW"", ""revision"": ""8e005caaaf6471a4505588d88c7f0f5e0d4ebffa""}}",stage03.1_screening_attempt04,,preserve;see stage03_legacy_path_map.csv
stage03.2,cache_incremental,stage03.2_cache_incremental_attempt01,attempt01,stage03.2_cache_incremental_attempt01,stage03.2_cache_incremental_attempt01,smoke,c101_21,2015,"[""c101C5"", ""r105C5"", ""rc105C5"", ""c101_21"", ""r101_21"", ""rc101_21""]","[2014, 2015, 2016]",trace,verified_legacy,results/stage03.2_cache_incremental_attempt01/c101_21/2015/stage03.2_cache_incremental_attempt01_trace_c101_21_2015.json,results/stage03.2_cache_incremental_attempt01/traces/c101_21-alns_stage02_constraint_guided-2015.json,feasible,,not_verified,not_present,not_applicable,not_published,5cb5a8c19a0f1fdca2ebfca2cca4bc4370ea6fe27284ae5f0737c1af12b57650,raw_manifest,8ccce0e50d5abda874d40dfc5a576439d21b727c846aebd2c70836519305e5c2,4da5f1da3791d1a2538874fb51d25bff691c1a4039faef054d655af94410d49f,c5cda6ca63a7d518902cf4b02d98b4aa0f373aaa0658d5c666d1c46d38871cb9,58ff3b60e08388d1e93e8cb65c4280160ed25ce4efccaa0a98fc64e6dcce41cc,b226b97e0e67288aaaf85726ad855df71cb81406685c57c8e8c40cd8996aa0da,c38467d7c2f35206956dafa111152a3c4b8f5a76,False,"{""VRP-EVRP-Project-Hub"": {""dirty"": false, ""path"": ""/Users/guoyiyang/Documents/GitHub/FURP-2026-Yiyang-GUO-EVRP-TW/reference/VRP-EVRP-Project-Hub"", ""revision"": ""e3a890065105f978187e532642c4442522215e02""}, ""py-ga-VRPTW"": {""dirty"": false, ""path"": ""/Users/guoyiyang/Documents/GitHub/FURP-2026-Yiyang-GUO-EVRP-TW/reference/py-ga-VRPTW"", ""revision"": ""8e005caaaf6471a4505588d88c7f0f5e0d4ebffa""}}",stage03.1_screening_attempt04,,preserve;see stage03_legacy_path_map.csv
stage03.2,cache_incremental,stage03.2_cache_incremental_attempt01,attempt01,stage03.2_cache_incremental_attempt01,stage03.2_cache_incremental_attempt01,smoke,c101_21,2016,"[""c101C5"", ""r105C5"", ""rc105C5"", ""c101_21"", ""r101_21"", ""rc101_21""]","[2014, 2015, 2016]",trace,verified_legacy,results/stage03.2_cache_incremental_attempt01/c101_21/2016/stage03.2_cache_incremental_attempt01_trace_c101_21_2016.json,results/stage03.2_cache_incremental_attempt01/traces/c101_21-alns_stage02_constraint_guided-2016.json,feasible,,not_verified,not_present,not_applicable,not_published,803c58854d44558333d17a81283bfb74f19a63c072a1a116bd81c02d0fa6ccd1,raw_manifest,8ccce0e50d5abda874d40dfc5a576439d21b727c846aebd2c70836519305e5c2,4da5f1da3791d1a2538874fb51d25bff691c1a4039faef054d655af94410d49f,c5cda6ca63a7d518902cf4b02d98b4aa0f373aaa0658d5c666d1c46d38871cb9,d92fc93f97c16e3b3d781289b4f1ef63ebf4d1131c575a38671b69e8079478b7,b226b97e0e67288aaaf85726ad855df71cb81406685c57c8e8c40cd8996aa0da,c38467d7c2f35206956dafa111152a3c4b8f5a76,False,"{""VRP-EVRP-Project-Hub"": {""dirty"": false, ""path"": ""/Users/guoyiyang/Documents/GitHub/FURP-2026-Yiyang-GUO-EVRP-TW/reference/VRP-EVRP-Project-Hub"", ""revision"": ""e3a890065105f978187e532642c4442522215e02""}, ""py-ga-VRPTW"": {""dirty"": false, ""path"": ""/Users/guoyiyang/Documents/GitHub/FURP-2026-Yiyang-GUO-EVRP-TW/reference/py-ga-VRPTW"", ""revision"": ""8e005caaaf6471a4505588d88c7f0f5e0d4ebffa""}}",stage03.1_screening_attempt04,,preserve;see stage03_legacy_path_map.csv
stage03.2,cache_incremental,stage03.2_cache_incremental_attempt01,attempt01,stage03.2_cache_incremental_attempt01,stage03.2_cache_incremental_attempt01,smoke,r101_21,2014,"[""c101C5"", ""r105C5"", ""rc105C5"", ""c101_21"", ""r101_21"", ""rc101_21""]","[2014, 2015, 2016]",trace,verified_legacy,results/stage03.2_cache_incremental_attempt01/r101_21/2014/stage03.2_cache_incremental_attempt01_trace_r101_21_2014.json,results/stage03.2_cache_incremental_attempt01/traces/r101_21-alns_stage02_constraint_guided-2014.json,feasible,,not_verified,not_present,not_applicable,not_published,dd9e5e62ad01f6820060266def5ec2f29fb661ac63162eb8e8ca46cc34054338,raw_manifest,8ccce0e50d5abda874d40dfc5a576439d21b727c846aebd2c70836519305e5c2,4da5f1da3791d1a2538874fb51d25bff691c1a4039faef054d655af94410d49f,0e5a3dffffbd3c516b528ef32ba1a488b817d2f151fc3e8c81023814de1c103a,a064fed73b340a40e9245985ef489e482cf4d049ec02395e6f775b567ed3d05f,b226b97e0e67288aaaf85726ad855df71cb81406685c57c8e8c40cd8996aa0da,c38467d7c2f35206956dafa111152a3c4b8f5a76,False,"{""VRP-EVRP-Project-Hub"": {""dirty"": false, ""path"": ""/Users/guoyiyang/Documents/GitHub/FURP-2026-Yiyang-GUO-EVRP-TW/reference/VRP-EVRP-Project-Hub"", ""revision"": ""e3a890065105f978187e532642c4442522215e02""}, ""py-ga-VRPTW"": {""dirty"": false, ""path"": ""/Users/guoyiyang/Documents/GitHub/FURP-2026-Yiyang-GUO-EVRP-TW/reference/py-ga-VRPTW"", ""revision"": ""8e005caaaf6471a4505588d88c7f0f5e0d4ebffa""}}",stage03.1_screening_attempt04,,preserve;see stage03_legacy_path_map.csv
stage03.2,cache_incremental,stage03.2_cache_incremental_attempt01,attempt01,stage03.2_cache_incremental_attempt01,stage03.2_cache_incremental_attempt01,smoke,r101_21,2015,"[""c101C5"", ""r105C5"", ""rc105C5"", ""c101_21"", ""r101_21"", ""rc101_21""]","[2014, 2015, 2016]",trace,verified_legacy,results/stage03.2_cache_incremental_attempt01/r101_21/2015/stage03.2_cache_incremental_attempt01_trace_r101_21_2015.json,results/stage03.2_cache_incremental_attempt01/traces/r101_21-alns_stage02_constraint_guided-2015.json,feasible,,not_verified,not_present,not_applicable,not_published,fc22a0f49eba5b52042ba8239f2c3c64b433a8e3121324e4ef761e15b547a471,raw_manifest,8ccce0e50d5abda874d40dfc5a576439d21b727c846aebd2c70836519305e5c2,4da5f1da3791d1a2538874fb51d25bff691c1a4039faef054d655af94410d49f,0e5a3dffffbd3c516b528ef32ba1a488b817d2f151fc3e8c81023814de1c103a,b801c938d84e51d5d401101d923b03b266bc99ff9907cd5fa94efdd6b305d52a,b226b97e0e67288aaaf85726ad855df71cb81406685c57c8e8c40cd8996aa0da,c38467d7c2f35206956dafa111152a3c4b8f5a76,False,"{""VRP-EVRP-Project-Hub"": {""dirty"": false, ""path"": ""/Users/guoyiyang/Documents/GitHub/FURP-2026-Yiyang-GUO-EVRP-TW/reference/VRP-EVRP-Project-Hub"", ""revision"": ""e3a890065105f978187e532642c4442522215e02""}, ""py-ga-VRPTW"": {""dirty"": false, ""path"": ""/Users/guoyiyang/Documents/GitHub/FURP-2026-Yiyang-GUO-EVRP-TW/reference/py-ga-VRPTW"", ""revision"": ""8e005caaaf6471a4505588d88c7f0f5e0d4ebffa""}}",stage03.1_screening_attempt04,,preserve;see stage03_legacy_path_map.csv
stage03.2,cache_incremental,stage03.2_cache_incremental_attempt01,attempt01,stage03.2_cache_incremental_attempt01,stage03.2_cache_incremental_attempt01,smoke,r101_21,2016,"[""c101C5"", ""r105C5"", ""rc105C5"", ""c101_21"", ""r101_21"", ""rc101_21""]","[2014, 2015, 2016]",trace,verified_legacy,results/stage03.2_cache_incremental_attempt01/r101_21/2016/stage03.2_cache_incremental_attempt01_trace_r101_21_2016.json,results/stage03.2_cache_incremental_attempt01/traces/r101_21-alns_stage02_constraint_guided-2016.json,feasible,,not_verified,not_present,not_applicable,not_published,58e86f818d9fdd727169763417a08a9ce588c8e6c9347caf1a83ab0edaba898a,raw_manifest,8ccce0e50d5abda874d40dfc5a576439d21b727c846aebd2c70836519305e5c2,4da5f1da3791d1a2538874fb51d25bff691c1a4039faef054d655af94410d49f,0e5a3dffffbd3c516b528ef32ba1a488b817d2f151fc3e8c81023814de1c103a,b0708836c7029704fb951f6905fee972c3ba462a170cbf94a4be8f04e761f509,b226b97e0e67288aaaf85726ad855df71cb81406685c57c8e8c40cd8996aa0da,c38467d7c2f35206956dafa111152a3c4b8f5a76,False,"{""VRP-EVRP-Project-Hub"": {""dirty"": false, ""path"": ""/Users/guoyiyang/Documents/GitHub/FURP-2026-Yiyang-GUO-EVRP-TW/reference/VRP-EVRP-Project-Hub"", ""revision"": ""e3a890065105f978187e532642c4442522215e02""}, ""py-ga-VRPTW"": {""dirty"": false, ""path"": ""/Users/guoyiyang/Documents/GitHub/FURP-2026-Yiyang-GUO-EVRP-TW/reference/py-ga-VRPTW"", ""revision"": ""8e005caaaf6471a4505588d88c7f0f5e0d4ebffa""}}",stage03.1_screening_attempt04,,preserve;see stage03_legacy_path_map.csv
stage03.2,cache_incremental,stage03.2_cache_incremental_attempt01,attempt01,stage03.2_cache_incremental_attempt01,stage03.2_cache_incremental_attempt01,smoke,r105C5,2014,"[""c101C5"", ""r105C5"", ""rc105C5"", ""c101_21"", ""r101_21"", ""rc101_21""]","[2014, 2015, 2016]",trace,verified_legacy,results/stage03.2_cache_incremental_attempt01/r105C5/2014/stage03.2_cache_incremental_attempt01_trace_r105C5_2014.json,results/stage03.2_cache_incremental_attempt01/traces/r105C5-alns_stage02_constraint_guided-2014.json,feasible,,not_verified,not_present,not_applicable,not_published,f469af81dc9d0da410c990e896a9542231db1a735b3170aead4110a185952a64,raw_manifest,8ccce0e50d5abda874d40dfc5a576439d21b727c846aebd2c70836519305e5c2,4da5f1da3791d1a2538874fb51d25bff691c1a4039faef054d655af94410d49f,eb27ec04e799ee6d39dee3d66f15128e197811afa8c664295acbdf6444176434,77c9b61f17e9eaef218af95e6273db6072a7f5b197a491f4f61d3170e2da3de2,b226b97e0e67288aaaf85726ad855df71cb81406685c57c8e8c40cd8996aa0da,c38467d7c2f35206956dafa111152a3c4b8f5a76,False,"{""VRP-EVRP-Project-Hub"": {""dirty"": false, ""path"": ""/Users/guoyiyang/Documents/GitHub/FURP-2026-Yiyang-GUO-EVRP-TW/reference/VRP-EVRP-Project-Hub"", ""revision"": ""e3a890065105f978187e532642c4442522215e02""}, ""py-ga-VRPTW"": {""dirty"": false, ""path"": ""/Users/guoyiyang/Documents/GitHub/FURP-2026-Yiyang-GUO-EVRP-TW/reference/py-ga-VRPTW"", ""revision"": ""8e005caaaf6471a4505588d88c7f0f5e0d4ebffa""}}",stage03.1_screening_attempt04,,preserve;see stage03_legacy_path_map.csv
stage03.2,cache_incremental,stage03.2_cache_incremental_attempt01,attempt01,stage03.2_cache_incremental_attempt01,stage03.2_cache_incremental_attempt01,smoke,r105C5,2015,"[""c101C5"", ""r105C5"", ""rc105C5"", ""c101_21"", ""r101_21"", ""rc101_21""]","[2014, 2015, 2016]",trace,verified_legacy,results/stage03.2_cache_incremental_attempt01/r105C5/2015/stage03.2_cache_incremental_attempt01_trace_r105C5_2015.json,results/stage03.2_cache_incremental_attempt01/traces/r105C5-alns_stage02_constraint_guided-2015.json,feasible,,not_verified,not_present,not_applicable,not_published,9278f2b3e663b4dd1f3a2706fce1a06bb2098b21b3b20c18aa42960edb9bedf2,raw_manifest,8ccce0e50d5abda874d40dfc5a576439d21b727c846aebd2c70836519305e5c2,4da5f1da3791d1a2538874fb51d25bff691c1a4039faef054d655af94410d49f,eb27ec04e799ee6d39dee3d66f15128e197811afa8c664295acbdf6444176434,f9b4cfb31b67b17da738b11600660fea6bc7e95f536a22a5246272544b7a746f,b226b97e0e67288aaaf85726ad855df71cb81406685c57c8e8c40cd8996aa0da,c38467d7c2f35206956dafa111152a3c4b8f5a76,False,"{""VRP-EVRP-Project-Hub"": {""dirty"": false, ""path"": ""/Users/guoyiyang/Documents/GitHub/FURP-2026-Yiyang-GUO-EVRP-TW/reference/VRP-EVRP-Project-Hub"", ""revision"": ""e3a890065105f978187e532642c4442522215e02""}, ""py-ga-VRPTW"": {""dirty"": false, ""path"": ""/Users/guoyiyang/Documents/GitHub/FURP-2026-Yiyang-GUO-EVRP-TW/reference/py-ga-VRPTW"", ""revision"": ""8e005caaaf6471a4505588d88c7f0f5e0d4ebffa""}}",stage03.1_screening_attempt04,,preserve;see stage03_legacy_path_map.csv
stage03.2,cache_incremental,stage03.2_cache_incremental_attempt01,attempt01,stage03.2_cache_incremental_attempt01,stage03.2_cache_incremental_attempt01,smoke,r105C5,2016,"[""c101C5"", ""r105C5"", ""rc105C5"", ""c101_21"", ""r101_21"", ""rc101_21""]","[2014, 2015, 2016]",trace,verified_legacy,results/stage03.2_cache_incremental_attempt01/r105C5/2016/stage03.2_cache_incremental_attempt01_trace_r105C5_2016.json,results/stage03.2_cache_incremental_attempt01/traces/r105C5-alns_stage02_constraint_guided-2016.json,feasible,,not_verified,not_present,not_applicable,not_published,378738bedc5d5f6bd8d9ede1f24b7acca12c645a3d09032b14244682a878d7eb,raw_manifest,8ccce0e50d5abda874d40dfc5a576439d21b727c846aebd2c70836519305e5c2,4da5f1da3791d1a2538874fb51d25bff691c1a4039faef054d655af94410d49f,eb27ec04e799ee6d39dee3d66f15128e197811afa8c664295acbdf6444176434,2a7d896ddea75002e3669f10ff4538c4f2770dfd4c6c2ea0adceac3f81c40939,b226b97e0e67288aaaf85726ad855df71cb81406685c57c8e8c40cd8996aa0da,c38467d7c2f35206956dafa111152a3c4b8f5a76,False,"{""VRP-EVRP-Project-Hub"": {""dirty"": false, ""path"": ""/Users/guoyiyang/Documents/GitHub/FURP-2026-Yiyang-GUO-EVRP-TW/reference/VRP-EVRP-Project-Hub"", ""revision"": ""e3a890065105f978187e532642c4442522215e02""}, ""py-ga-VRPTW"": {""dirty"": false, ""path"": ""/Users/guoyiyang/Documents/GitHub/FURP-2026-Yiyang-GUO-EVRP-TW/reference/py-ga-VRPTW"", ""revision"": ""8e005caaaf6471a4505588d88c7f0f5e0d4ebffa""}}",stage03.1_screening_attempt04,,preserve;see stage03_legacy_path_map.csv
stage03.2,cache_incremental,stage03.2_cache_incremental_attempt01,attempt01,stage03.2_cache_incremental_attempt01,stage03.2_cache_incremental_attempt01,smoke,rc101_21,2014,"[""c101C5"", ""r105C5"", ""rc105C5"", ""c101_21"", ""r101_21"", ""rc101_21""]","[2014, 2015, 2016]",trace,verified_legacy,results/stage03.2_cache_incremental_attempt01/rc101_21/2014/stage03.2_cache_incremental_attempt01_trace_rc101_21_2014.json,results/stage03.2_cache_incremental_attempt01/traces/rc101_21-alns_stage02_constraint_guided-2014.json,feasible,,not_verified,not_present,not_applicable,not_published,2b63de991dc9d5990be0542675e1ab957834e23004bd7161bd78338eab66d570,raw_manifest,8ccce0e50d5abda874d40dfc5a576439d21b727c846aebd2c70836519305e5c2,4da5f1da3791d1a2538874fb51d25bff691c1a4039faef054d655af94410d49f,272a3e58d53d4ba9516f01506164cf8a9b98bfeeb8dbd1fd62f6557e4c98e3a1,f6d8fa2c216fb54e283e774c4e394de02478b759a15e7f7160853a802fdaaaba,b226b97e0e67288aaaf85726ad855df71cb81406685c57c8e8c40cd8996aa0da,c38467d7c2f35206956dafa111152a3c4b8f5a76,False,"{""VRP-EVRP-Project-Hub"": {""dirty"": false, ""path"": ""/Users/guoyiyang/Documents/GitHub/FURP-2026-Yiyang-GUO-EVRP-TW/reference/VRP-EVRP-Project-Hub"", ""revision"": ""e3a890065105f978187e532642c4442522215e02""}, ""py-ga-VRPTW"": {""dirty"": false, ""path"": ""/Users/guoyiyang/Documents/GitHub/FURP-2026-Yiyang-GUO-EVRP-TW/reference/py-ga-VRPTW"", ""revision"": ""8e005caaaf6471a4505588d88c7f0f5e0d4ebffa""}}",stage03.1_screening_attempt04,,preserve;see stage03_legacy_path_map.csv
stage03.2,cache_incremental,stage03.2_cache_incremental_attempt01,attempt01,stage03.2_cache_incremental_attempt01,stage03.2_cache_incremental_attempt01,smoke,rc101_21,2015,"[""c101C5"", ""r105C5"", ""rc105C5"", ""c101_21"", ""r101_21"", ""rc101_21""]","[2014, 2015, 2016]",trace,verified_legacy,results/stage03.2_cache_incremental_attempt01/rc101_21/2015/stage03.2_cache_incremental_attempt01_trace_rc101_21_2015.json,results/stage03.2_cache_incremental_attempt01/traces/rc101_21-alns_stage02_constraint_guided-2015.json,feasible,,not_verified,not_present,not_applicable,not_published,1c085ef66272da98a92507bb66e80ce64683da136b364c320c17658bf20a675b,raw_manifest,8ccce0e50d5abda874d40dfc5a576439d21b727c846aebd2c70836519305e5c2,4da5f1da3791d1a2538874fb51d25bff691c1a4039faef054d655af94410d49f,272a3e58d53d4ba9516f01506164cf8a9b98bfeeb8dbd1fd62f6557e4c98e3a1,aa2ebcf79efc6821c5cff332adac7909d98b58f6e70e8f8872951985b7f486c6,b226b97e0e67288aaaf85726ad855df71cb81406685c57c8e8c40cd8996aa0da,c38467d7c2f35206956dafa111152a3c4b8f5a76,False,"{""VRP-EVRP-Project-Hub"": {""dirty"": false, ""path"": ""/Users/guoyiyang/Documents/GitHub/FURP-2026-Yiyang-GUO-EVRP-TW/reference/VRP-EVRP-Project-Hub"", ""revision"": ""e3a890065105f978187e532642c4442522215e02""}, ""py-ga-VRPTW"": {""dirty"": false, ""path"": ""/Users/guoyiyang/Documents/GitHub/FURP-2026-Yiyang-GUO-EVRP-TW/reference/py-ga-VRPTW"", ""revision"": ""8e005caaaf6471a4505588d88c7f0f5e0d4ebffa""}}",stage03.1_screening_attempt04,,preserve;see stage03_legacy_path_map.csv
stage03.2,cache_incremental,stage03.2_cache_incremental_attempt01,attempt01,stage03.2_cache_incremental_attempt01,stage03.2_cache_incremental_attempt01,smoke,rc101_21,2016,"[""c101C5"", ""r105C5"", ""rc105C5"", ""c101_21"", ""r101_21"", ""rc101_21""]","[2014, 2015, 2016]",trace,verified_legacy,results/stage03.2_cache_incremental_attempt01/rc101_21/2016/stage03.2_cache_incremental_attempt01_trace_rc101_21_2016.json,results/stage03.2_cache_incremental_attempt01/traces/rc101_21-alns_stage02_constraint_guided-2016.json,feasible,,not_verified,not_present,not_applicable,not_published,03485b89d5975d67f3ec93eb347ae9045f5ccc3997a0c8fd02f2734f15ae6737,raw_manifest,8ccce0e50d5abda874d40dfc5a576439d21b727c846aebd2c70836519305e5c2,4da5f1da3791d1a2538874fb51d25bff691c1a4039faef054d655af94410d49f,272a3e58d53d4ba9516f01506164cf8a9b98bfeeb8dbd1fd62f6557e4c98e3a1,ba80d0ba0a3c54d01582f28861914348b5757ac3d6e5cd1e6aaa9ababbb91443,b226b97e0e67288aaaf85726ad855df71cb81406685c57c8e8c40cd8996aa0da,c38467d7c2f35206956dafa111152a3c4b8f5a76,False,"{""VRP-EVRP-Project-Hub"": {""dirty"": false, ""path"": ""/Users/guoyiyang/Documents/GitHub/FURP-2026-Yiyang-GUO-EVRP-TW/reference/VRP-EVRP-Project-Hub"", ""revision"": ""e3a890065105f978187e532642c4442522215e02""}, ""py-ga-VRPTW"": {""dirty"": false, ""path"": ""/Users/guoyiyang/Documents/GitHub/FURP-2026-Yiyang-GUO-EVRP-TW/reference/py-ga-VRPTW"", ""revision"": ""8e005caaaf6471a4505588d88c7f0f5e0d4ebffa""}}",stage03.1_screening_attempt04,,preserve;see stage03_legacy_path_map.csv
stage03.2,cache_incremental,stage03.2_cache_incremental_attempt01,attempt01,stage03.2_cache_incremental_attempt01,stage03.2_cache_incremental_attempt01,smoke,rc105C5,2014,"[""c101C5"", ""r105C5"", ""rc105C5"", ""c101_21"", ""r101_21"", ""rc101_21""]","[2014, 2015, 2016]",trace,verified_legacy,results/stage03.2_cache_incremental_attempt01/rc105C5/2014/stage03.2_cache_incremental_attempt01_trace_rc105C5_2014.json,results/stage03.2_cache_incremental_attempt01/traces/rc105C5-alns_stage02_constraint_guided-2014.json,feasible,,not_verified,not_present,not_applicable,not_published,e228bfd404f19602b0b34f8cc2c7312c0e51d46567915e6f6487a6eb0a76ee04,raw_manifest,8ccce0e50d5abda874d40dfc5a576439d21b727c846aebd2c70836519305e5c2,4da5f1da3791d1a2538874fb51d25bff691c1a4039faef054d655af94410d49f,2ccfba6c447fa43a994934690acb67c7355ca04d232394907ed6938bc362c643,99571ba7505ab9499b99108f3223f05a811c78bbea09130bff3a1c33d2e3f552,b226b97e0e67288aaaf85726ad855df71cb81406685c57c8e8c40cd8996aa0da,c38467d7c2f35206956dafa111152a3c4b8f5a76,False,"{""VRP-EVRP-Project-Hub"": {""dirty"": false, ""path"": ""/Users/guoyiyang/Documents/GitHub/FURP-2026-Yiyang-GUO-EVRP-TW/reference/VRP-EVRP-Project-Hub"", ""revision"": ""e3a890065105f978187e532642c4442522215e02""}, ""py-ga-VRPTW"": {""dirty"": false, ""path"": ""/Users/guoyiyang/Documents/GitHub/FURP-2026-Yiyang-GUO-EVRP-TW/reference/py-ga-VRPTW"", ""revision"": ""8e005caaaf6471a4505588d88c7f0f5e0d4ebffa""}}",stage03.1_screening_attempt04,,preserve;see stage03_legacy_path_map.csv
stage03.2,cache_incremental,stage03.2_cache_incremental_attempt01,attempt01,stage03.2_cache_incremental_attempt01,stage03.2_cache_incremental_attempt01,smoke,rc105C5,2015,"[""c101C5"", ""r105C5"", ""rc105C5"", ""c101_21"", ""r101_21"", ""rc101_21""]","[2014, 2015, 2016]",trace,verified_legacy,results/stage03.2_cache_incremental_attempt01/rc105C5/2015/stage03.2_cache_incremental_attempt01_trace_rc105C5_2015.json,results/stage03.2_cache_incremental_attempt01/traces/rc105C5-alns_stage02_constraint_guided-2015.json,feasible,,not_verified,not_present,not_applicable,not_published,e4b74c86383bb719d08fcdc8599448de1e0903921bd1b7ef50eb2cb48104928b,raw_manifest,8ccce0e50d5abda874d40dfc5a576439d21b727c846aebd2c70836519305e5c2,4da5f1da3791d1a2538874fb51d25bff691c1a4039faef054d655af94410d49f,2ccfba6c447fa43a994934690acb67c7355ca04d232394907ed6938bc362c643,ea266f2cd5dd2f301704d488808b469d8ef658a0dee9dcb08b541e7fa4e945d9,b226b97e0e67288aaaf85726ad855df71cb81406685c57c8e8c40cd8996aa0da,c38467d7c2f35206956dafa111152a3c4b8f5a76,False,"{""VRP-EVRP-Project-Hub"": {""dirty"": false, ""path"": ""/Users/guoyiyang/Documents/GitHub/FURP-2026-Yiyang-GUO-EVRP-TW/reference/VRP-EVRP-Project-Hub"", ""revision"": ""e3a890065105f978187e532642c4442522215e02""}, ""py-ga-VRPTW"": {""dirty"": false, ""path"": ""/Users/guoyiyang/Documents/GitHub/FURP-2026-Yiyang-GUO-EVRP-TW/reference/py-ga-VRPTW"", ""revision"": ""8e005caaaf6471a4505588d88c7f0f5e0d4ebffa""}}",stage03.1_screening_attempt04,,preserve;see stage03_legacy_path_map.csv
stage03.2,cache_incremental,stage03.2_cache_incremental_attempt01,attempt01,stage03.2_cache_incremental_attempt01,stage03.2_cache_incremental_attempt01,smoke,rc105C5,2016,"[""c101C5"", ""r105C5"", ""rc105C5"", ""c101_21"", ""r101_21"", ""rc101_21""]","[2014, 2015, 2016]",trace,verified_legacy,results/stage03.2_cache_incremental_attempt01/rc105C5/2016/stage03.2_cache_incremental_attempt01_trace_rc105C5_2016.json,results/stage03.2_cache_incremental_attempt01/traces/rc105C5-alns_stage02_constraint_guided-2016.json,feasible,,not_verified,not_present,not_applicable,not_published,cbf7625b8b4bcb84c40d70eccfba5822550ff82e20f9a77984e75eddbd569334,raw_manifest,8ccce0e50d5abda874d40dfc5a576439d21b727c846aebd2c70836519305e5c2,4da5f1da3791d1a2538874fb51d25bff691c1a4039faef054d655af94410d49f,2ccfba6c447fa43a994934690acb67c7355ca04d232394907ed6938bc362c643,f303a7edf8c1cf3c156f09d94c37b0444810a2aa279a8be4668b36879ebb62b0,b226b97e0e67288aaaf85726ad855df71cb81406685c57c8e8c40cd8996aa0da,c38467d7c2f35206956dafa111152a3c4b8f5a76,False,"{""VRP-EVRP-Project-Hub"": {""dirty"": false, ""path"": ""/Users/guoyiyang/Documents/GitHub/FURP-2026-Yiyang-GUO-EVRP-TW/reference/VRP-EVRP-Project-Hub"", ""revision"": ""e3a890065105f978187e532642c4442522215e02""}, ""py-ga-VRPTW"": {""dirty"": false, ""path"": ""/Users/guoyiyang/Documents/GitHub/FURP-2026-Yiyang-GUO-EVRP-TW/reference/py-ga-VRPTW"", ""revision"": ""8e005caaaf6471a4505588d88c7f0f5e0d4ebffa""}}",stage03.1_screening_attempt04,,preserve;see stage03_legacy_path_map.csv
stage03.2,cache_incremental,stage03.2_cache_incremental_attempt02,attempt02,stage03.2_cache_incremental_attempt02,stage03.2_cache_incremental_attempt02,formal,__all__,__all__,"[""c101C5"", ""r105C5"", ""rc105C5"", ""c104C10"", ""r103C10"", ""rc102C10"", ""c106C15"", ""r105C15"", ""rc103C15"", ""c101_21"", ""r101_21"", ""rc101_21""]","[2014, 2015, 2016]",environment,verified_legacy,results/stage03.2_cache_incremental_attempt02/control/stage03.2_cache_incremental_attempt02_environment.json,results/stage03.2_cache_incremental_attempt02/environment.json,feasible,,pass,READY_FOR_STAGE03_3,READY_FOR_STAGE03_3,pass,7e2065988068e3dbd52a47e8f02b7a863d6af1e63bfb7c3328fd85cba7291989,raw_manifest,9f624c82445a8c93a5339e9ec5c2a2efc6ea99023cd1c72e12eb247273f53a01,4da5f1da3791d1a2538874fb51d25bff691c1a4039faef054d655af94410d49f,,,b226b97e0e67288aaaf85726ad855df71cb81406685c57c8e8c40cd8996aa0da,468b2d71040b4d7e583c02ca2036c393a50a94c5,False,"{""VRP-EVRP-Project-Hub"": {""dirty"": false, ""path"": ""/Users/guoyiyang/Documents/GitHub/FURP-2026-Yiyang-GUO-EVRP-TW/reference/VRP-EVRP-Project-Hub"", ""revision"": ""e3a890065105f978187e532642c4442522215e02""}, ""py-ga-VRPTW"": {""dirty"": false, ""path"": ""/Users/guoyiyang/Documents/GitHub/FURP-2026-Yiyang-GUO-EVRP-TW/reference/py-ga-VRPTW"", ""revision"": ""8e005caaaf6471a4505588d88c7f0f5e0d4ebffa""}}",stage03.1_screening_attempt04,,preserve;see stage03_legacy_path_map.csv
stage03.2,cache_incremental,stage03.2_cache_incremental_attempt02,attempt02,stage03.2_cache_incremental_attempt02,stage03.2_cache_incremental_attempt02,formal,c101C5,2014,"[""c101C5"", ""r105C5"", ""rc105C5"", ""c104C10"", ""r103C10"", ""rc102C10"", ""c106C15"", ""r105C15"", ""rc103C15"", ""c101_21"", ""r101_21"", ""rc101_21""]","[2014, 2015, 2016]",environment,verified_legacy,results/stage03.2_cache_incremental_attempt02/c101C5/2014/stage03.2_cache_incremental_attempt02_environment_c101C5_2014.json,results/stage03.2_cache_incremental_attempt02/environments/c101C5-alns_stage02_constraint_guided-2014.json,feasible,,pass,READY_FOR_STAGE03_3,READY_FOR_STAGE03_3,pass,e42f749b40e1d3945935c4bdc6207582cd382c378b53e24d29464df8d35e8f84,raw_manifest,9f624c82445a8c93a5339e9ec5c2a2efc6ea99023cd1c72e12eb247273f53a01,4da5f1da3791d1a2538874fb51d25bff691c1a4039faef054d655af94410d49f,8612d6d9aad051776097a5e50c7408f39352b8107b0639d58e5eda713f9ff876,1ca247adfbd983affea8ba9b4cb915c4c34dcd0cda4debaba0869aa7ac720a59,b226b97e0e67288aaaf85726ad855df71cb81406685c57c8e8c40cd8996aa0da,468b2d71040b4d7e583c02ca2036c393a50a94c5,False,"{""VRP-EVRP-Project-Hub"": {""dirty"": false, ""path"": ""/Users/guoyiyang/Documents/GitHub/FURP-2026-Yiyang-GUO-EVRP-TW/reference/VRP-EVRP-Project-Hub"", ""revision"": ""e3a890065105f978187e532642c4442522215e02""}, ""py-ga-VRPTW"": {""dirty"": false, ""path"": ""/Users/guoyiyang/Documents/GitHub/FURP-2026-Yiyang-GUO-EVRP-TW/reference/py-ga-VRPTW"", ""revision"": ""8e005caaaf6471a4505588d88c7f0f5e0d4ebffa""}}",stage03.1_screening_attempt04,,preserve;see stage03_legacy_path_map.csv
stage03.2,cache_incremental,stage03.2_cache_incremental_attempt02,attempt02,stage03.2_cache_incremental_attempt02,stage03.2_cache_incremental_attempt02,formal,c101C5,2015,"[""c101C5"", ""r105C5"", ""rc105C5"", ""c104C10"", ""r103C10"", ""rc102C10"", ""c106C15"", ""r105C15"", ""rc103C15"", ""c101_21"", ""r101_21"", ""rc101_21""]","[2014, 2015, 2016]",environment,verified_legacy,results/stage03.2_cache_incremental_attempt02/c101C5/2015/stage03.2_cache_incremental_attempt02_environment_c101C5_2015.json,results/stage03.2_cache_incremental_attempt02/environments/c101C5-alns_stage02_constraint_guided-2015.json,feasible,,pass,READY_FOR_STAGE03_3,READY_FOR_STAGE03_3,pass,06ab5f38effec1a9084438b55d2a76ee402b579945a7c58adf762893d0a77fab,raw_manifest,9f624c82445a8c93a5339e9ec5c2a2efc6ea99023cd1c72e12eb247273f53a01,4da5f1da3791d1a2538874fb51d25bff691c1a4039faef054d655af94410d49f,8612d6d9aad051776097a5e50c7408f39352b8107b0639d58e5eda713f9ff876,6d6c1dbed077a6bc2f23677b77f5ce5a32b326373148ae9d1a45b4d87e9948c9,b226b97e0e67288aaaf85726ad855df71cb81406685c57c8e8c40cd8996aa0da,468b2d71040b4d7e583c02ca2036c393a50a94c5,False,"{""VRP-EVRP-Project-Hub"": {""dirty"": false, ""path"": ""/Users/guoyiyang/Documents/GitHub/FURP-2026-Yiyang-GUO-EVRP-TW/reference/VRP-EVRP-Project-Hub"", ""revision"": ""e3a890065105f978187e532642c4442522215e02""}, ""py-ga-VRPTW"": {""dirty"": false, ""path"": ""/Users/guoyiyang/Documents/GitHub/FURP-2026-Yiyang-GUO-EVRP-TW/reference/py-ga-VRPTW"", ""revision"": ""8e005caaaf6471a4505588d88c7f0f5e0d4ebffa""}}",stage03.1_screening_attempt04,,preserve;see stage03_legacy_path_map.csv
stage03.2,cache_incremental,stage03.2_cache_incremental_attempt02,attempt02,stage03.2_cache_incremental_attempt02,stage03.2_cache_incremental_attempt02,formal,c101C5,2016,"[""c101C5"", ""r105C5"", ""rc105C5"", ""c104C10"", ""r103C10"", ""rc102C10"", ""c106C15"", ""r105C15"", ""rc103C15"", ""c101_21"", ""r101_21"", ""rc101_21""]","[2014, 2015, 2016]",environment,verified_legacy,results/stage03.2_cache_incremental_attempt02/c101C5/2016/stage03.2_cache_incremental_attempt02_environment_c101C5_2016.json,results/stage03.2_cache_incremental_attempt02/environments/c101C5-alns_stage02_constraint_guided-2016.json,feasible,,pass,READY_FOR_STAGE03_3,READY_FOR_STAGE03_3,pass,d27ae8ed4f7a1ae183255335daf45e999d5e0a558f2f535a755ac32f632b4eeb,raw_manifest,9f624c82445a8c93a5339e9ec5c2a2efc6ea99023cd1c72e12eb247273f53a01,4da5f1da3791d1a2538874fb51d25bff691c1a4039faef054d655af94410d49f,8612d6d9aad051776097a5e50c7408f39352b8107b0639d58e5eda713f9ff876,73fe7aaf279e9ed94d622534b9af8ed98f7f6fb9eac6f6abf59abe50a3aa3681,b226b97e0e67288aaaf85726ad855df71cb81406685c57c8e8c40cd8996aa0da,468b2d71040b4d7e583c02ca2036c393a50a94c5,False,"{""VRP-EVRP-Project-Hub"": {""dirty"": false, ""path"": ""/Users/guoyiyang/Documents/GitHub/FURP-2026-Yiyang-GUO-EVRP-TW/reference/VRP-EVRP-Project-Hub"", ""revision"": ""e3a890065105f978187e532642c4442522215e02""}, ""py-ga-VRPTW"": {""dirty"": false, ""path"": ""/Users/guoyiyang/Documents/GitHub/FURP-2026-Yiyang-GUO-EVRP-TW/reference/py-ga-VRPTW"", ""revision"": ""8e005caaaf6471a4505588d88c7f0f5e0d4ebffa""}}",stage03.1_screening_attempt04,,preserve;see stage03_legacy_path_map.csv
stage03.2,cache_incremental,stage03.2_cache_incremental_attempt02,attempt02,stage03.2_cache_incremental_attempt02,stage03.2_cache_incremental_attempt02,formal,c101_21,2014,"[""c101C5"", ""r105C5"", ""rc105C5"", ""c104C10"", ""r103C10"", ""rc102C10"", ""c106C15"", ""r105C15"", ""rc103C15"", ""c101_21"", ""r101_21"", ""rc101_21""]","[2014, 2015, 2016]",environment,verified_legacy,results/stage03.2_cache_incremental_attempt02/c101_21/2014/stage03.2_cache_incremental_attempt02_environment_c101_21_2014.json,results/stage03.2_cache_incremental_attempt02/environments/c101_21-alns_stage02_constraint_guided-2014.json,feasible,,pass,READY_FOR_STAGE03_3,READY_FOR_STAGE03_3,pass,d838efe5f37bf5ddcbe9963cc7d8112ccce3d02365100ef38f401c32fa16e8ec,raw_manifest,9f624c82445a8c93a5339e9ec5c2a2efc6ea99023cd1c72e12eb247273f53a01,4da5f1da3791d1a2538874fb51d25bff691c1a4039faef054d655af94410d49f,c5cda6ca63a7d518902cf4b02d98b4aa0f373aaa0658d5c666d1c46d38871cb9,83f2d0e7feb61133cd470259212ce0483cbf05cf041490b03d2cfdd372b43371,b226b97e0e67288aaaf85726ad855df71cb81406685c57c8e8c40cd8996aa0da,468b2d71040b4d7e583c02ca2036c393a50a94c5,False,"{""VRP-EVRP-Project-Hub"": {""dirty"": false, ""path"": ""/Users/guoyiyang/Documents/GitHub/FURP-2026-Yiyang-GUO-EVRP-TW/reference/VRP-EVRP-Project-Hub"", ""revision"": ""e3a890065105f978187e532642c4442522215e02""}, ""py-ga-VRPTW"": {""dirty"": false, ""path"": ""/Users/guoyiyang/Documents/GitHub/FURP-2026-Yiyang-GUO-EVRP-TW/reference/py-ga-VRPTW"", ""revision"": ""8e005caaaf6471a4505588d88c7f0f5e0d4ebffa""}}",stage03.1_screening_attempt04,,preserve;see stage03_legacy_path_map.csv
stage03.2,cache_incremental,stage03.2_cache_incremental_attempt02,attempt02,stage03.2_cache_incremental_attempt02,stage03.2_cache_incremental_attempt02,formal,c101_21,2015,"[""c101C5"", ""r105C5"", ""rc105C5"", ""c104C10"", ""r103C10"", ""rc102C10"", ""c106C15"", ""r105C15"", ""rc103C15"", ""c101_21"", ""r101_21"", ""rc101_21""]","[2014, 2015, 2016]",environment,verified_legacy,results/stage03.2_cache_incremental_attempt02/c101_21/2015/stage03.2_cache_incremental_attempt02_environment_c101_21_2015.json,results/stage03.2_cache_incremental_attempt02/environments/c101_21-alns_stage02_constraint_guided-2015.json,feasible,,pass,READY_FOR_STAGE03_3,READY_FOR_STAGE03_3,pass,ad65aeacd7309eed6e22144c2e653df0ea2beca351c58aeb168ff7907b566d38,raw_manifest,9f624c82445a8c93a5339e9ec5c2a2efc6ea99023cd1c72e12eb247273f53a01,4da5f1da3791d1a2538874fb51d25bff691c1a4039faef054d655af94410d49f,c5cda6ca63a7d518902cf4b02d98b4aa0f373aaa0658d5c666d1c46d38871cb9,2e285a1de3c08b0a28e51af3652c5eaab341a4f45752ebf698a3505afaacbfa0,b226b97e0e67288aaaf85726ad855df71cb81406685c57c8e8c40cd8996aa0da,468b2d71040b4d7e583c02ca2036c393a50a94c5,False,"{""VRP-EVRP-Project-Hub"": {""dirty"": false, ""path"": ""/Users/guoyiyang/Documents/GitHub/FURP-2026-Yiyang-GUO-EVRP-TW/reference/VRP-EVRP-Project-Hub"", ""revision"": ""e3a890065105f978187e532642c4442522215e02""}, ""py-ga-VRPTW"": {""dirty"": false, ""path"": ""/Users/guoyiyang/Documents/GitHub/FURP-2026-Yiyang-GUO-EVRP-TW/reference/py-ga-VRPTW"", ""revision"": ""8e005caaaf6471a4505588d88c7f0f5e0d4ebffa""}}",stage03.1_screening_attempt04,,preserve;see stage03_legacy_path_map.csv
stage03.2,cache_incremental,stage03.2_cache_incremental_attempt02,attempt02,stage03.2_cache_incremental_attempt02,stage03.2_cache_incremental_attempt02,formal,c101_21,2016,"[""c101C5"", ""r105C5"", ""rc105C5"", ""c104C10"", ""r103C10"", ""rc102C10"", ""c106C15"", ""r105C15"", ""rc103C15"", ""c101_21"", ""r101_21"", ""rc101_21""]","[2014, 2015, 2016]",environment,verified_legacy,results/stage03.2_cache_incremental_attempt02/c101_21/2016/stage03.2_cache_incremental_attempt02_environment_c101_21_2016.json,results/stage03.2_cache_incremental_attempt02/environments/c101_21-alns_stage02_constraint_guided-2016.json,feasible,,pass,READY_FOR_STAGE03_3,READY_FOR_STAGE03_3,pass,b16299dd6c8cee563b5345eae3aa832fc73f6e2847b5e8a2b582a027cafa4d40,raw_manifest,9f624c82445a8c93a5339e9ec5c2a2efc6ea99023cd1c72e12eb247273f53a01,4da5f1da3791d1a2538874fb51d25bff691c1a4039faef054d655af94410d49f,c5cda6ca63a7d518902cf4b02d98b4aa0f373aaa0658d5c666d1c46d38871cb9,8861a820ac572db6557c5a53bb46eda5742b412729db71915afbdfc6930bdd93,b226b97e0e67288aaaf85726ad855df71cb81406685c57c8e8c40cd8996aa0da,468b2d71040b4d7e583c02ca2036c393a50a94c5,False,"{""VRP-EVRP-Project-Hub"": {""dirty"": false, ""path"": ""/Users/guoyiyang/Documents/GitHub/FURP-2026-Yiyang-GUO-EVRP-TW/reference/VRP-EVRP-Project-Hub"", ""revision"": ""e3a890065105f978187e532642c4442522215e02""}, ""py-ga-VRPTW"": {""dirty"": false, ""path"": ""/Users/guoyiyang/Documents/GitHub/FURP-2026-Yiyang-GUO-EVRP-TW/reference/py-ga-VRPTW"", ""revision"": ""8e005caaaf6471a4505588d88c7f0f5e0d4ebffa""}}",stage03.1_screening_attempt04,,preserve;see stage03_legacy_path_map.csv
stage03.2,cache_incremental,stage03.2_cache_incremental_attempt02,attempt02,stage03.2_cache_incremental_attempt02,stage03.2_cache_incremental_attempt02,formal,c104C10,2014,"[""c101C5"", ""r105C5"", ""rc105C5"", ""c104C10"", ""r103C10"", ""rc102C10"", ""c106C15"", ""r105C15"", ""rc103C15"", ""c101_21"", ""r101_21"", ""rc101_21""]","[2014, 2015, 2016]",environment,verified_legacy,results/stage03.2_cache_incremental_attempt02/c104C10/2014/stage03.2_cache_incremental_attempt02_environment_c104C10_2014.json,results/stage03.2_cache_incremental_attempt02/environments/c104C10-alns_stage02_constraint_guided-2014.json,feasible,,pass,READY_FOR_STAGE03_3,READY_FOR_STAGE03_3,pass,18b26b8ffddc14d7e8d6b71fe0bccebae0b33b036c02f1d5375a34b51670d632,raw_manifest,9f624c82445a8c93a5339e9ec5c2a2efc6ea99023cd1c72e12eb247273f53a01,4da5f1da3791d1a2538874fb51d25bff691c1a4039faef054d655af94410d49f,f7816af706c1cf32dacaee45c710ff93ce53c9b56d17df657044e61e63d2c04b,9b6ac5254f8d9c384e7af3ee1bcc746e59ccb15301bf15187af51ab5b03383b1,b226b97e0e67288aaaf85726ad855df71cb81406685c57c8e8c40cd8996aa0da,468b2d71040b4d7e583c02ca2036c393a50a94c5,False,"{""VRP-EVRP-Project-Hub"": {""dirty"": false, ""path"": ""/Users/guoyiyang/Documents/GitHub/FURP-2026-Yiyang-GUO-EVRP-TW/reference/VRP-EVRP-Project-Hub"", ""revision"": ""e3a890065105f978187e532642c4442522215e02""}, ""py-ga-VRPTW"": {""dirty"": false, ""path"": ""/Users/guoyiyang/Documents/GitHub/FURP-2026-Yiyang-GUO-EVRP-TW/reference/py-ga-VRPTW"", ""revision"": ""8e005caaaf6471a4505588d88c7f0f5e0d4ebffa""}}",stage03.1_screening_attempt04,,preserve;see stage03_legacy_path_map.csv
stage03.2,cache_incremental,stage03.2_cache_incremental_attempt02,attempt02,stage03.2_cache_incremental_attempt02,stage03.2_cache_incremental_attempt02,formal,c104C10,2015,"[""c101C5"", ""r105C5"", ""rc105C5"", ""c104C10"", ""r103C10"", ""rc102C10"", ""c106C15"", ""r105C15"", ""rc103C15"", ""c101_21"", ""r101_21"", ""rc101_21""]","[2014, 2015, 2016]",environment,verified_legacy,results/stage03.2_cache_incremental_attempt02/c104C10/2015/stage03.2_cache_incremental_attempt02_environment_c104C10_2015.json,results/stage03.2_cache_incremental_attempt02/environments/c104C10-alns_stage02_constraint_guided-2015.json,feasible,,pass,READY_FOR_STAGE03_3,READY_FOR_STAGE03_3,pass,b92d9bccc38f5d3d0e3a6341cc24ea081f4043140371c25e319300e47b1cbf85,raw_manifest,9f624c82445a8c93a5339e9ec5c2a2efc6ea99023cd1c72e12eb247273f53a01,4da5f1da3791d1a2538874fb51d25bff691c1a4039faef054d655af94410d49f,f7816af706c1cf32dacaee45c710ff93ce53c9b56d17df657044e61e63d2c04b,aecd483e676e23341f0094295bb6413de28268c1b1c0704f2d1b68970c13f13f,b226b97e0e67288aaaf85726ad855df71cb81406685c57c8e8c40cd8996aa0da,468b2d71040b4d7e583c02ca2036c393a50a94c5,False,"{""VRP-EVRP-Project-Hub"": {""dirty"": false, ""path"": ""/Users/guoyiyang/Documents/GitHub/FURP-2026-Yiyang-GUO-EVRP-TW/reference/VRP-EVRP-Project-Hub"", ""revision"": ""e3a890065105f978187e532642c4442522215e02""}, ""py-ga-VRPTW"": {""dirty"": false, ""path"": ""/Users/guoyiyang/Documents/GitHub/FURP-2026-Yiyang-GUO-EVRP-TW/reference/py-ga-VRPTW"", ""revision"": ""8e005caaaf6471a4505588d88c7f0f5e0d4ebffa""}}",stage03.1_screening_attempt04,,preserve;see stage03_legacy_path_map.csv
stage03.2,cache_incremental,stage03.2_cache_incremental_attempt02,attempt02,stage03.2_cache_incremental_attempt02,stage03.2_cache_incremental_attempt02,formal,c104C10,2016,"[""c101C5"", ""r105C5"", ""rc105C5"", ""c104C10"", ""r103C10"", ""rc102C10"", ""c106C15"", ""r105C15"", ""rc103C15"", ""c101_21"", ""r101_21"", ""rc101_21""]","[2014, 2015, 2016]",environment,verified_legacy,results/stage03.2_cache_incremental_attempt02/c104C10/2016/stage03.2_cache_incremental_attempt02_environment_c104C10_2016.json,results/stage03.2_cache_incremental_attempt02/environments/c104C10-alns_stage02_constraint_guided-2016.json,feasible,,pass,READY_FOR_STAGE03_3,READY_FOR_STAGE03_3,pass,dc5dba00ac1da0d44f13cda2bf7410e29458245e9d0d29b14e6f3192ab526486,raw_manifest,9f624c82445a8c93a5339e9ec5c2a2efc6ea99023cd1c72e12eb247273f53a01,4da5f1da3791d1a2538874fb51d25bff691c1a4039faef054d655af94410d49f,f7816af706c1cf32dacaee45c710ff93ce53c9b56d17df657044e61e63d2c04b,14f3b8bbf88d7209330c70007414b987d308b0e71bb58e96da4c26989419a35f,b226b97e0e67288aaaf85726ad855df71cb81406685c57c8e8c40cd8996aa0da,468b2d71040b4d7e583c02ca2036c393a50a94c5,False,"{""VRP-EVRP-Project-Hub"": {""dirty"": false, ""path"": ""/Users/guoyiyang/Documents/GitHub/FURP-2026-Yiyang-GUO-EVRP-TW/reference/VRP-EVRP-Project-Hub"", ""revision"": ""e3a890065105f978187e532642c4442522215e02""}, ""py-ga-VRPTW"": {""dirty"": false, ""path"": ""/Users/guoyiyang/Documents/GitHub/FURP-2026-Yiyang-GUO-EVRP-TW/reference/py-ga-VRPTW"", ""revision"": ""8e005caaaf6471a4505588d88c7f0f5e0d4ebffa""}}",stage03.1_screening_attempt04,,preserve;see stage03_legacy_path_map.csv
stage03.2,cache_incremental,stage03.2_cache_incremental_attempt02,attempt02,stage03.2_cache_incremental_attempt02,stage03.2_cache_incremental_attempt02,formal,c106C15,2014,"[""c101C5"", ""r105C5"", ""rc105C5"", ""c104C10"", ""r103C10"", ""rc102C10"", ""c106C15"", ""r105C15"", ""rc103C15"", ""c101_21"", ""r101_21"", ""rc101_21""]","[2014, 2015, 2016]",environment,verified_legacy,results/stage03.2_cache_incremental_attempt02/c106C15/2014/stage03.2_cache_incremental_attempt02_environment_c106C15_2014.json,results/stage03.2_cache_incremental_attempt02/environments/c106C15-alns_stage02_constraint_guided-2014.json,feasible,,pass,READY_FOR_STAGE03_3,READY_FOR_STAGE03_3,pass,3e40529f7756ff29dafdf644b18f562d05b837f564670b3d687712c04f15b739,raw_manifest,9f624c82445a8c93a5339e9ec5c2a2efc6ea99023cd1c72e12eb247273f53a01,4da5f1da3791d1a2538874fb51d25bff691c1a4039faef054d655af94410d49f,eba58a458a9fd13ae8fd404df8db1d04e49271326316256ee060468048881a86,0000fc2508670e7124d1157475f806ab658aa33b5801285059bdc10d2f9b0d5b,b226b97e0e67288aaaf85726ad855df71cb81406685c57c8e8c40cd8996aa0da,468b2d71040b4d7e583c02ca2036c393a50a94c5,False,"{""VRP-EVRP-Project-Hub"": {""dirty"": false, ""path"": ""/Users/guoyiyang/Documents/GitHub/FURP-2026-Yiyang-GUO-EVRP-TW/reference/VRP-EVRP-Project-Hub"", ""revision"": ""e3a890065105f978187e532642c4442522215e02""}, ""py-ga-VRPTW"": {""dirty"": false, ""path"": ""/Users/guoyiyang/Documents/GitHub/FURP-2026-Yiyang-GUO-EVRP-TW/reference/py-ga-VRPTW"", ""revision"": ""8e005caaaf6471a4505588d88c7f0f5e0d4ebffa""}}",stage03.1_screening_attempt04,,preserve;see stage03_legacy_path_map.csv
stage03.2,cache_incremental,stage03.2_cache_incremental_attempt02,attempt02,stage03.2_cache_incremental_attempt02,stage03.2_cache_incremental_attempt02,formal,c106C15,2015,"[""c101C5"", ""r105C5"", ""rc105C5"", ""c104C10"", ""r103C10"", ""rc102C10"", ""c106C15"", ""r105C15"", ""rc103C15"", ""c101_21"", ""r101_21"", ""rc101_21""]","[2014, 2015, 2016]",environment,verified_legacy,results/stage03.2_cache_incremental_attempt02/c106C15/2015/stage03.2_cache_incremental_attempt02_environment_c106C15_2015.json,results/stage03.2_cache_incremental_attempt02/environments/c106C15-alns_stage02_constraint_guided-2015.json,feasible,,pass,READY_FOR_STAGE03_3,READY_FOR_STAGE03_3,pass,f4f8eabb1af285feb1de868879eca174a2124de96541ad8e24c975f5e80f5646,raw_manifest,9f624c82445a8c93a5339e9ec5c2a2efc6ea99023cd1c72e12eb247273f53a01,4da5f1da3791d1a2538874fb51d25bff691c1a4039faef054d655af94410d49f,eba58a458a9fd13ae8fd404df8db1d04e49271326316256ee060468048881a86,c3d3b01dfbaea3ca09fd568d8e0da81d2e4c7cc5a3aa4de53d5596931a0b70e3,b226b97e0e67288aaaf85726ad855df71cb81406685c57c8e8c40cd8996aa0da,468b2d71040b4d7e583c02ca2036c393a50a94c5,False,"{""VRP-EVRP-Project-Hub"": {""dirty"": false, ""path"": ""/Users/guoyiyang/Documents/GitHub/FURP-2026-Yiyang-GUO-EVRP-TW/reference/VRP-EVRP-Project-Hub"", ""revision"": ""e3a890065105f978187e532642c4442522215e02""}, ""py-ga-VRPTW"": {""dirty"": false, ""path"": ""/Users/guoyiyang/Documents/GitHub/FURP-2026-Yiyang-GUO-EVRP-TW/reference/py-ga-VRPTW"", ""revision"": ""8e005caaaf6471a4505588d88c7f0f5e0d4ebffa""}}",stage03.1_screening_attempt04,,preserve;see stage03_legacy_path_map.csv
stage03.2,cache_incremental,stage03.2_cache_incremental_attempt02,attempt02,stage03.2_cache_incremental_attempt02,stage03.2_cache_incremental_attempt02,formal,c106C15,2016,"[""c101C5"", ""r105C5"", ""rc105C5"", ""c104C10"", ""r103C10"", ""rc102C10"", ""c106C15"", ""r105C15"", ""rc103C15"", ""c101_21"", ""r101_21"", ""rc101_21""]","[2014, 2015, 2016]",environment,verified_legacy,results/stage03.2_cache_incremental_attempt02/c106C15/2016/stage03.2_cache_incremental_attempt02_environment_c106C15_2016.json,results/stage03.2_cache_incremental_attempt02/environments/c106C15-alns_stage02_constraint_guided-2016.json,feasible,,pass,READY_FOR_STAGE03_3,READY_FOR_STAGE03_3,pass,dbfe681b7fafdbd01477f419e489d9cd53c11849996a6b74e6c2b5f5995580c2,raw_manifest,9f624c82445a8c93a5339e9ec5c2a2efc6ea99023cd1c72e12eb247273f53a01,4da5f1da3791d1a2538874fb51d25bff691c1a4039faef054d655af94410d49f,eba58a458a9fd13ae8fd404df8db1d04e49271326316256ee060468048881a86,a9fb488d01a954a0a8f9a9069e17d162b93be581a196c34e734740ef1bdf3bdc,b226b97e0e67288aaaf85726ad855df71cb81406685c57c8e8c40cd8996aa0da,468b2d71040b4d7e583c02ca2036c393a50a94c5,False,"{""VRP-EVRP-Project-Hub"": {""dirty"": false, ""path"": ""/Users/guoyiyang/Documents/GitHub/FURP-2026-Yiyang-GUO-EVRP-TW/reference/VRP-EVRP-Project-Hub"", ""revision"": ""e3a890065105f978187e532642c4442522215e02""}, ""py-ga-VRPTW"": {""dirty"": false, ""path"": ""/Users/guoyiyang/Documents/GitHub/FURP-2026-Yiyang-GUO-EVRP-TW/reference/py-ga-VRPTW"", ""revision"": ""8e005caaaf6471a4505588d88c7f0f5e0d4ebffa""}}",stage03.1_screening_attempt04,,preserve;see stage03_legacy_path_map.csv
stage03.2,cache_incremental,stage03.2_cache_incremental_attempt02,attempt02,stage03.2_cache_incremental_attempt02,stage03.2_cache_incremental_attempt02,formal,r101_21,2014,"[""c101C5"", ""r105C5"", ""rc105C5"", ""c104C10"", ""r103C10"", ""rc102C10"", ""c106C15"", ""r105C15"", ""rc103C15"", ""c101_21"", ""r101_21"", ""rc101_21""]","[2014, 2015, 2016]",environment,verified_legacy,results/stage03.2_cache_incremental_attempt02/r101_21/2014/stage03.2_cache_incremental_attempt02_environment_r101_21_2014.json,results/stage03.2_cache_incremental_attempt02/environments/r101_21-alns_stage02_constraint_guided-2014.json,feasible,,pass,READY_FOR_STAGE03_3,READY_FOR_STAGE03_3,pass,3e965d73b6c75c1235a21aeec1e87847e904cb2fd4d51a9a0d8a2e15a0760a36,raw_manifest,9f624c82445a8c93a5339e9ec5c2a2efc6ea99023cd1c72e12eb247273f53a01,4da5f1da3791d1a2538874fb51d25bff691c1a4039faef054d655af94410d49f,0e5a3dffffbd3c516b528ef32ba1a488b817d2f151fc3e8c81023814de1c103a,d38cfb1b7b8d10b557acf6d99b8eccf61f3718532defe40b26419237b5bd13ab,b226b97e0e67288aaaf85726ad855df71cb81406685c57c8e8c40cd8996aa0da,468b2d71040b4d7e583c02ca2036c393a50a94c5,False,"{""VRP-EVRP-Project-Hub"": {""dirty"": false, ""path"": ""/Users/guoyiyang/Documents/GitHub/FURP-2026-Yiyang-GUO-EVRP-TW/reference/VRP-EVRP-Project-Hub"", ""revision"": ""e3a890065105f978187e532642c4442522215e02""}, ""py-ga-VRPTW"": {""dirty"": false, ""path"": ""/Users/guoyiyang/Documents/GitHub/FURP-2026-Yiyang-GUO-EVRP-TW/reference/py-ga-VRPTW"", ""revision"": ""8e005caaaf6471a4505588d88c7f0f5e0d4ebffa""}}",stage03.1_screening_attempt04,,preserve;see stage03_legacy_path_map.csv
stage03.2,cache_incremental,stage03.2_cache_incremental_attempt02,attempt02,stage03.2_cache_incremental_attempt02,stage03.2_cache_incremental_attempt02,formal,r101_21,2015,"[""c101C5"", ""r105C5"", ""rc105C5"", ""c104C10"", ""r103C10"", ""rc102C10"", ""c106C15"", ""r105C15"", ""rc103C15"", ""c101_21"", ""r101_21"", ""rc101_21""]","[2014, 2015, 2016]",environment,verified_legacy,results/stage03.2_cache_incremental_attempt02/r101_21/2015/stage03.2_cache_incremental_attempt02_environment_r101_21_2015.json,results/stage03.2_cache_incremental_attempt02/environments/r101_21-alns_stage02_constraint_guided-2015.json,feasible,,pass,READY_FOR_STAGE03_3,READY_FOR_STAGE03_3,pass,69d81e414a825980eb313f6bb9b4601a864f0f32c3df28e0cbde8bbefeab7238,raw_manifest,9f624c82445a8c93a5339e9ec5c2a2efc6ea99023cd1c72e12eb247273f53a01,4da5f1da3791d1a2538874fb51d25bff691c1a4039faef054d655af94410d49f,0e5a3dffffbd3c516b528ef32ba1a488b817d2f151fc3e8c81023814de1c103a,48058e8af451a65568a9914b32deac20a0fa346ef09778b8cfde41e77baebcea,b226b97e0e67288aaaf85726ad855df71cb81406685c57c8e8c40cd8996aa0da,468b2d71040b4d7e583c02ca2036c393a50a94c5,False,"{""VRP-EVRP-Project-Hub"": {""dirty"": false, ""path"": ""/Users/guoyiyang/Documents/GitHub/FURP-2026-Yiyang-GUO-EVRP-TW/reference/VRP-EVRP-Project-Hub"", ""revision"": ""e3a890065105f978187e532642c4442522215e02""}, ""py-ga-VRPTW"": {""dirty"": false, ""path"": ""/Users/guoyiyang/Documents/GitHub/FURP-2026-Yiyang-GUO-EVRP-TW/reference/py-ga-VRPTW"", ""revision"": ""8e005caaaf6471a4505588d88c7f0f5e0d4ebffa""}}",stage03.1_screening_attempt04,,preserve;see stage03_legacy_path_map.csv
stage03.2,cache_incremental,stage03.2_cache_incremental_attempt02,attempt02,stage03.2_cache_incremental_attempt02,stage03.2_cache_incremental_attempt02,formal,r101_21,2016,"[""c101C5"", ""r105C5"", ""rc105C5"", ""c104C10"", ""r103C10"", ""rc102C10"", ""c106C15"", ""r105C15"", ""rc103C15"", ""c101_21"", ""r101_21"", ""rc101_21""]","[2014, 2015, 2016]",environment,verified_legacy,results/stage03.2_cache_incremental_attempt02/r101_21/2016/stage03.2_cache_incremental_attempt02_environment_r101_21_2016.json,results/stage03.2_cache_incremental_attempt02/environments/r101_21-alns_stage02_constraint_guided-2016.json,feasible,,pass,READY_FOR_STAGE03_3,READY_FOR_STAGE03_3,pass,b51b6aa254ea7ed27adaddf0ae1b6a349b85379b324a0c0107dfbc5ee256482c,raw_manifest,9f624c82445a8c93a5339e9ec5c2a2efc6ea99023cd1c72e12eb247273f53a01,4da5f1da3791d1a2538874fb51d25bff691c1a4039faef054d655af94410d49f,0e5a3dffffbd3c516b528ef32ba1a488b817d2f151fc3e8c81023814de1c103a,36568d62600aa6b43b31a4d7db1c9ef1a1658e1381514e1faf9af5ac29df2833,b226b97e0e67288aaaf85726ad855df71cb81406685c57c8e8c40cd8996aa0da,468b2d71040b4d7e583c02ca2036c393a50a94c5,False,"{""VRP-EVRP-Project-Hub"": {""dirty"": false, ""path"": ""/Users/guoyiyang/Documents/GitHub/FURP-2026-Yiyang-GUO-EVRP-TW/reference/VRP-EVRP-Project-Hub"", ""revision"": ""e3a890065105f978187e532642c4442522215e02""}, ""py-ga-VRPTW"": {""dirty"": false, ""path"": ""/Users/guoyiyang/Documents/GitHub/FURP-2026-Yiyang-GUO-EVRP-TW/reference/py-ga-VRPTW"", ""revision"": ""8e005caaaf6471a4505588d88c7f0f5e0d4ebffa""}}",stage03.1_screening_attempt04,,preserve;see stage03_legacy_path_map.csv
stage03.2,cache_incremental,stage03.2_cache_incremental_attempt02,attempt02,stage03.2_cache_incremental_attempt02,stage03.2_cache_incremental_attempt02,formal,r103C10,2014,"[""c101C5"", ""r105C5"", ""rc105C5"", ""c104C10"", ""r103C10"", ""rc102C10"", ""c106C15"", ""r105C15"", ""rc103C15"", ""c101_21"", ""r101_21"", ""rc101_21""]","[2014, 2015, 2016]",environment,verified_legacy,results/stage03.2_cache_incremental_attempt02/r103C10/2014/stage03.2_cache_incremental_attempt02_environment_r103C10_2014.json,results/stage03.2_cache_incremental_attempt02/environments/r103C10-alns_stage02_constraint_guided-2014.json,feasible,,pass,READY_FOR_STAGE03_3,READY_FOR_STAGE03_3,pass,93dcf938e1b9142d2aeb36aeb80fdf746173ef2dcf9d64e5e8eb4b54aa0e0d5c,raw_manifest,9f624c82445a8c93a5339e9ec5c2a2efc6ea99023cd1c72e12eb247273f53a01,4da5f1da3791d1a2538874fb51d25bff691c1a4039faef054d655af94410d49f,00debfb0e1fa34796b1644a045a064f52cb1f35052df9faa485db4b4f5ff512e,ae6067b977dc03a535fe6b9f98a2fa728c5bf424924461e8e57ef86aff1d1017,b226b97e0e67288aaaf85726ad855df71cb81406685c57c8e8c40cd8996aa0da,468b2d71040b4d7e583c02ca2036c393a50a94c5,False,"{""VRP-EVRP-Project-Hub"": {""dirty"": false, ""path"": ""/Users/guoyiyang/Documents/GitHub/FURP-2026-Yiyang-GUO-EVRP-TW/reference/VRP-EVRP-Project-Hub"", ""revision"": ""e3a890065105f978187e532642c4442522215e02""}, ""py-ga-VRPTW"": {""dirty"": false, ""path"": ""/Users/guoyiyang/Documents/GitHub/FURP-2026-Yiyang-GUO-EVRP-TW/reference/py-ga-VRPTW"", ""revision"": ""8e005caaaf6471a4505588d88c7f0f5e0d4ebffa""}}",stage03.1_screening_attempt04,,preserve;see stage03_legacy_path_map.csv
stage03.2,cache_incremental,stage03.2_cache_incremental_attempt02,attempt02,stage03.2_cache_incremental_attempt02,stage03.2_cache_incremental_attempt02,formal,r103C10,2015,"[""c101C5"", ""r105C5"", ""rc105C5"", ""c104C10"", ""r103C10"", ""rc102C10"", ""c106C15"", ""r105C15"", ""rc103C15"", ""c101_21"", ""r101_21"", ""rc101_21""]","[2014, 2015, 2016]",environment,verified_legacy,results/stage03.2_cache_incremental_attempt02/r103C10/2015/stage03.2_cache_incremental_attempt02_environment_r103C10_2015.json,results/stage03.2_cache_incremental_attempt02/environments/r103C10-alns_stage02_constraint_guided-2015.json,feasible,,pass,READY_FOR_STAGE03_3,READY_FOR_STAGE03_3,pass,22fc670722959433779550eab627483c4723891e7b30c7dac8a01afb4d1a039a,raw_manifest,9f624c82445a8c93a5339e9ec5c2a2efc6ea99023cd1c72e12eb247273f53a01,4da5f1da3791d1a2538874fb51d25bff691c1a4039faef054d655af94410d49f,00debfb0e1fa34796b1644a045a064f52cb1f35052df9faa485db4b4f5ff512e,846c4787de91aa9926220984ea0b8a0eb96705c1f36f8590e6758ab22402c5c7,b226b97e0e67288aaaf85726ad855df71cb81406685c57c8e8c40cd8996aa0da,468b2d71040b4d7e583c02ca2036c393a50a94c5,False,"{""VRP-EVRP-Project-Hub"": {""dirty"": false, ""path"": ""/Users/guoyiyang/Documents/GitHub/FURP-2026-Yiyang-GUO-EVRP-TW/reference/VRP-EVRP-Project-Hub"", ""revision"": ""e3a890065105f978187e532642c4442522215e02""}, ""py-ga-VRPTW"": {""dirty"": false, ""path"": ""/Users/guoyiyang/Documents/GitHub/FURP-2026-Yiyang-GUO-EVRP-TW/reference/py-ga-VRPTW"", ""revision"": ""8e005caaaf6471a4505588d88c7f0f5e0d4ebffa""}}",stage03.1_screening_attempt04,,preserve;see stage03_legacy_path_map.csv
stage03.2,cache_incremental,stage03.2_cache_incremental_attempt02,attempt02,stage03.2_cache_incremental_attempt02,stage03.2_cache_incremental_attempt02,formal,r103C10,2016,"[""c101C5"", ""r105C5"", ""rc105C5"", ""c104C10"", ""r103C10"", ""rc102C10"", ""c106C15"", ""r105C15"", ""rc103C15"", ""c101_21"", ""r101_21"", ""rc101_21""]","[2014, 2015, 2016]",environment,verified_legacy,results/stage03.2_cache_incremental_attempt02/r103C10/2016/stage03.2_cache_incremental_attempt02_environment_r103C10_2016.json,results/stage03.2_cache_incremental_attempt02/environments/r103C10-alns_stage02_constraint_guided-2016.json,feasible,,pass,READY_FOR_STAGE03_3,READY_FOR_STAGE03_3,pass,ba7c67c696b179d4e214ff3aa0c9a4ab67ed4d7e556b8103d107116e99070883,raw_manifest,9f624c82445a8c93a5339e9ec5c2a2efc6ea99023cd1c72e12eb247273f53a01,4da5f1da3791d1a2538874fb51d25bff691c1a4039faef054d655af94410d49f,00debfb0e1fa34796b1644a045a064f52cb1f35052df9faa485db4b4f5ff512e,38850f52b7f96affe5887200ec04f55df31d96454c102b0e96b8da82521ab849,b226b97e0e67288aaaf85726ad855df71cb81406685c57c8e8c40cd8996aa0da,468b2d71040b4d7e583c02ca2036c393a50a94c5,False,"{""VRP-EVRP-Project-Hub"": {""dirty"": false, ""path"": ""/Users/guoyiyang/Documents/GitHub/FURP-2026-Yiyang-GUO-EVRP-TW/reference/VRP-EVRP-Project-Hub"", ""revision"": ""e3a890065105f978187e532642c4442522215e02""}, ""py-ga-VRPTW"": {""dirty"": false, ""path"": ""/Users/guoyiyang/Documents/GitHub/FURP-2026-Yiyang-GUO-EVRP-TW/reference/py-ga-VRPTW"", ""revision"": ""8e005caaaf6471a4505588d88c7f0f5e0d4ebffa""}}",stage03.1_screening_attempt04,,preserve;see stage03_legacy_path_map.csv
stage03.2,cache_incremental,stage03.2_cache_incremental_attempt02,attempt02,stage03.2_cache_incremental_attempt02,stage03.2_cache_incremental_attempt02,formal,r105C15,2014,"[""c101C5"", ""r105C5"", ""rc105C5"", ""c104C10"", ""r103C10"", ""rc102C10"", ""c106C15"", ""r105C15"", ""rc103C15"", ""c101_21"", ""r101_21"", ""rc101_21""]","[2014, 2015, 2016]",environment,verified_legacy,results/stage03.2_cache_incremental_attempt02/r105C15/2014/stage03.2_cache_incremental_attempt02_environment_r105C15_2014.json,results/stage03.2_cache_incremental_attempt02/environments/r105C15-alns_stage02_constraint_guided-2014.json,feasible,,pass,READY_FOR_STAGE03_3,READY_FOR_STAGE03_3,pass,9c77d22f81fb01bd1b15804bdfecca3da666554601e1848eb13cebc1bb8b1ee5,raw_manifest,9f624c82445a8c93a5339e9ec5c2a2efc6ea99023cd1c72e12eb247273f53a01,4da5f1da3791d1a2538874fb51d25bff691c1a4039faef054d655af94410d49f,937f3e630e6afef1a148dc223dd1d6ad2d11cfff557803e68a50e981e3ceaa44,a0671ce5c4c6e19a1b3652bcb45a059e0af5a89a275e75f59dc44be529f48435,b226b97e0e67288aaaf85726ad855df71cb81406685c57c8e8c40cd8996aa0da,468b2d71040b4d7e583c02ca2036c393a50a94c5,False,"{""VRP-EVRP-Project-Hub"": {""dirty"": false, ""path"": ""/Users/guoyiyang/Documents/GitHub/FURP-2026-Yiyang-GUO-EVRP-TW/reference/VRP-EVRP-Project-Hub"", ""revision"": ""e3a890065105f978187e532642c4442522215e02""}, ""py-ga-VRPTW"": {""dirty"": false, ""path"": ""/Users/guoyiyang/Documents/GitHub/FURP-2026-Yiyang-GUO-EVRP-TW/reference/py-ga-VRPTW"", ""revision"": ""8e005caaaf6471a4505588d88c7f0f5e0d4ebffa""}}",stage03.1_screening_attempt04,,preserve;see stage03_legacy_path_map.csv
stage03.2,cache_incremental,stage03.2_cache_incremental_attempt02,attempt02,stage03.2_cache_incremental_attempt02,stage03.2_cache_incremental_attempt02,formal,r105C15,2015,"[""c101C5"", ""r105C5"", ""rc105C5"", ""c104C10"", ""r103C10"", ""rc102C10"", ""c106C15"", ""r105C15"", ""rc103C15"", ""c101_21"", ""r101_21"", ""rc101_21""]","[2014, 2015, 2016]",environment,verified_legacy,results/stage03.2_cache_incremental_attempt02/r105C15/2015/stage03.2_cache_incremental_attempt02_environment_r105C15_2015.json,results/stage03.2_cache_incremental_attempt02/environments/r105C15-alns_stage02_constraint_guided-2015.json,feasible,,pass,READY_FOR_STAGE03_3,READY_FOR_STAGE03_3,pass,9cb71a6ac7b3eb5fc80ef847f6126da70ea41c5a75a7f13aaeecaaef7f37872a,raw_manifest,9f624c82445a8c93a5339e9ec5c2a2efc6ea99023cd1c72e12eb247273f53a01,4da5f1da3791d1a2538874fb51d25bff691c1a4039faef054d655af94410d49f,937f3e630e6afef1a148dc223dd1d6ad2d11cfff557803e68a50e981e3ceaa44,791534cce7436742127f6ded8db02548e513b063a0bf9ee13878af662235a24d,b226b97e0e67288aaaf85726ad855df71cb81406685c57c8e8c40cd8996aa0da,468b2d71040b4d7e583c02ca2036c393a50a94c5,False,"{""VRP-EVRP-Project-Hub"": {""dirty"": false, ""path"": ""/Users/guoyiyang/Documents/GitHub/FURP-2026-Yiyang-GUO-EVRP-TW/reference/VRP-EVRP-Project-Hub"", ""revision"": ""e3a890065105f978187e532642c4442522215e02""}, ""py-ga-VRPTW"": {""dirty"": false, ""path"": ""/Users/guoyiyang/Documents/GitHub/FURP-2026-Yiyang-GUO-EVRP-TW/reference/py-ga-VRPTW"", ""revision"": ""8e005caaaf6471a4505588d88c7f0f5e0d4ebffa""}}",stage03.1_screening_attempt04,,preserve;see stage03_legacy_path_map.csv
stage03.2,cache_incremental,stage03.2_cache_incremental_attempt02,attempt02,stage03.2_cache_incremental_attempt02,stage03.2_cache_incremental_attempt02,formal,r105C15,2016,"[""c101C5"", ""r105C5"", ""rc105C5"", ""c104C10"", ""r103C10"", ""rc102C10"", ""c106C15"", ""r105C15"", ""rc103C15"", ""c101_21"", ""r101_21"", ""rc101_21""]","[2014, 2015, 2016]",environment,verified_legacy,results/stage03.2_cache_incremental_attempt02/r105C15/2016/stage03.2_cache_incremental_attempt02_environment_r105C15_2016.json,results/stage03.2_cache_incremental_attempt02/environments/r105C15-alns_stage02_constraint_guided-2016.json,feasible,,pass,READY_FOR_STAGE03_3,READY_FOR_STAGE03_3,pass,d5e0018a6871e01e8092171bed7a4cf3be3f0b3664ff1b197fc838590895e3d1,raw_manifest,9f624c82445a8c93a5339e9ec5c2a2efc6ea99023cd1c72e12eb247273f53a01,4da5f1da3791d1a2538874fb51d25bff691c1a4039faef054d655af94410d49f,937f3e630e6afef1a148dc223dd1d6ad2d11cfff557803e68a50e981e3ceaa44,b87bcfe87b65e706e008299f59d9c26485908c2501ed3d557f6a4a173b07d56a,b226b97e0e67288aaaf85726ad855df71cb81406685c57c8e8c40cd8996aa0da,468b2d71040b4d7e583c02ca2036c393a50a94c5,False,"{""VRP-EVRP-Project-Hub"": {""dirty"": false, ""path"": ""/Users/guoyiyang/Documents/GitHub/FURP-2026-Yiyang-GUO-EVRP-TW/reference/VRP-EVRP-Project-Hub"", ""revision"": ""e3a890065105f978187e532642c4442522215e02""}, ""py-ga-VRPTW"": {""dirty"": false, ""path"": ""/Users/guoyiyang/Documents/GitHub/FURP-2026-Yiyang-GUO-EVRP-TW/reference/py-ga-VRPTW"", ""revision"": ""8e005caaaf6471a4505588d88c7f0f5e0d4ebffa""}}",stage03.1_screening_attempt04,,preserve;see stage03_legacy_path_map.csv
stage03.2,cache_incremental,stage03.2_cache_incremental_attempt02,attempt02,stage03.2_cache_incremental_attempt02,stage03.2_cache_incremental_attempt02,formal,r105C5,2014,"[""c101C5"", ""r105C5"", ""rc105C5"", ""c104C10"", ""r103C10"", ""rc102C10"", ""c106C15"", ""r105C15"", ""rc103C15"", ""c101_21"", ""r101_21"", ""rc101_21""]","[2014, 2015, 2016]",environment,verified_legacy,results/stage03.2_cache_incremental_attempt02/r105C5/2014/stage03.2_cache_incremental_attempt02_environment_r105C5_2014.json,results/stage03.2_cache_incremental_attempt02/environments/r105C5-alns_stage02_constraint_guided-2014.json,feasible,,pass,READY_FOR_STAGE03_3,READY_FOR_STAGE03_3,pass,040f0f96abf6f49347d5646359d32f36922585267eec60a5a94491586cfaedfd,raw_manifest,9f624c82445a8c93a5339e9ec5c2a2efc6ea99023cd1c72e12eb247273f53a01,4da5f1da3791d1a2538874fb51d25bff691c1a4039faef054d655af94410d49f,eb27ec04e799ee6d39dee3d66f15128e197811afa8c664295acbdf6444176434,687629b05d656ad59a732976c060addcffdb7b43ba8788586b64025c1ef6f952,b226b97e0e67288aaaf85726ad855df71cb81406685c57c8e8c40cd8996aa0da,468b2d71040b4d7e583c02ca2036c393a50a94c5,False,"{""VRP-EVRP-Project-Hub"": {""dirty"": false, ""path"": ""/Users/guoyiyang/Documents/GitHub/FURP-2026-Yiyang-GUO-EVRP-TW/reference/VRP-EVRP-Project-Hub"", ""revision"": ""e3a890065105f978187e532642c4442522215e02""}, ""py-ga-VRPTW"": {""dirty"": false, ""path"": ""/Users/guoyiyang/Documents/GitHub/FURP-2026-Yiyang-GUO-EVRP-TW/reference/py-ga-VRPTW"", ""revision"": ""8e005caaaf6471a4505588d88c7f0f5e0d4ebffa""}}",stage03.1_screening_attempt04,,preserve;see stage03_legacy_path_map.csv
stage03.2,cache_incremental,stage03.2_cache_incremental_attempt02,attempt02,stage03.2_cache_incremental_attempt02,stage03.2_cache_incremental_attempt02,formal,r105C5,2015,"[""c101C5"", ""r105C5"", ""rc105C5"", ""c104C10"", ""r103C10"", ""rc102C10"", ""c106C15"", ""r105C15"", ""rc103C15"", ""c101_21"", ""r101_21"", ""rc101_21""]","[2014, 2015, 2016]",environment,verified_legacy,results/stage03.2_cache_incremental_attempt02/r105C5/2015/stage03.2_cache_incremental_attempt02_environment_r105C5_2015.json,results/stage03.2_cache_incremental_attempt02/environments/r105C5-alns_stage02_constraint_guided-2015.json,feasible,,pass,READY_FOR_STAGE03_3,READY_FOR_STAGE03_3,pass,6fea6a4326d7e50de879ac82e9bcc25e57cb7a4b4282e2b4abe07a125cd3bfef,raw_manifest,9f624c82445a8c93a5339e9ec5c2a2efc6ea99023cd1c72e12eb247273f53a01,4da5f1da3791d1a2538874fb51d25bff691c1a4039faef054d655af94410d49f,eb27ec04e799ee6d39dee3d66f15128e197811afa8c664295acbdf6444176434,c53a41a4d826ee06c81e24c26ab939aeb20a1a4631d43f1bc72ec162cf574bd4,b226b97e0e67288aaaf85726ad855df71cb81406685c57c8e8c40cd8996aa0da,468b2d71040b4d7e583c02ca2036c393a50a94c5,False,"{""VRP-EVRP-Project-Hub"": {""dirty"": false, ""path"": ""/Users/guoyiyang/Documents/GitHub/FURP-2026-Yiyang-GUO-EVRP-TW/reference/VRP-EVRP-Project-Hub"", ""revision"": ""e3a890065105f978187e532642c4442522215e02""}, ""py-ga-VRPTW"": {""dirty"": false, ""path"": ""/Users/guoyiyang/Documents/GitHub/FURP-2026-Yiyang-GUO-EVRP-TW/reference/py-ga-VRPTW"", ""revision"": ""8e005caaaf6471a4505588d88c7f0f5e0d4ebffa""}}",stage03.1_screening_attempt04,,preserve;see stage03_legacy_path_map.csv
stage03.2,cache_incremental,stage03.2_cache_incremental_attempt02,attempt02,stage03.2_cache_incremental_attempt02,stage03.2_cache_incremental_attempt02,formal,r105C5,2016,"[""c101C5"", ""r105C5"", ""rc105C5"", ""c104C10"", ""r103C10"", ""rc102C10"", ""c106C15"", ""r105C15"", ""rc103C15"", ""c101_21"", ""r101_21"", ""rc101_21""]","[2014, 2015, 2016]",environment,verified_legacy,results/stage03.2_cache_incremental_attempt02/r105C5/2016/stage03.2_cache_incremental_attempt02_environment_r105C5_2016.json,results/stage03.2_cache_incremental_attempt02/environments/r105C5-alns_stage02_constraint_guided-2016.json,feasible,,pass,READY_FOR_STAGE03_3,READY_FOR_STAGE03_3,pass,0f81e99d4fed9324a5348af609a6cb7d5943db2963dfcbacbe0f2254299ca1e2,raw_manifest,9f624c82445a8c93a5339e9ec5c2a2efc6ea99023cd1c72e12eb247273f53a01,4da5f1da3791d1a2538874fb51d25bff691c1a4039faef054d655af94410d49f,eb27ec04e799ee6d39dee3d66f15128e197811afa8c664295acbdf6444176434,17d5d56c56a32527b30c4ad1db5fd57846d63b6088fcaf88d84a6da33ebbbc30,b226b97e0e67288aaaf85726ad855df71cb81406685c57c8e8c40cd8996aa0da,468b2d71040b4d7e583c02ca2036c393a50a94c5,False,"{""VRP-EVRP-Project-Hub"": {""dirty"": false, ""path"": ""/Users/guoyiyang/Documents/GitHub/FURP-2026-Yiyang-GUO-EVRP-TW/reference/VRP-EVRP-Project-Hub"", ""revision"": ""e3a890065105f978187e532642c4442522215e02""}, ""py-ga-VRPTW"": {""dirty"": false, ""path"": ""/Users/guoyiyang/Documents/GitHub/FURP-2026-Yiyang-GUO-EVRP-TW/reference/py-ga-VRPTW"", ""revision"": ""8e005caaaf6471a4505588d88c7f0f5e0d4ebffa""}}",stage03.1_screening_attempt04,,preserve;see stage03_legacy_path_map.csv
stage03.2,cache_incremental,stage03.2_cache_incremental_attempt02,attempt02,stage03.2_cache_incremental_attempt02,stage03.2_cache_incremental_attempt02,formal,rc101_21,2014,"[""c101C5"", ""r105C5"", ""rc105C5"", ""c104C10"", ""r103C10"", ""rc102C10"", ""c106C15"", ""r105C15"", ""rc103C15"", ""c101_21"", ""r101_21"", ""rc101_21""]","[2014, 2015, 2016]",environment,verified_legacy,results/stage03.2_cache_incremental_attempt02/rc101_21/2014/stage03.2_cache_incremental_attempt02_environment_rc101_21_2014.json,results/stage03.2_cache_incremental_attempt02/environments/rc101_21-alns_stage02_constraint_guided-2014.json,feasible,,pass,READY_FOR_STAGE03_3,READY_FOR_STAGE03_3,pass,c159b66a9a329fb701c7c5aa096e05aab8112a3623d136b23bd5b24d3d33a8a0,raw_manifest,9f624c82445a8c93a5339e9ec5c2a2efc6ea99023cd1c72e12eb247273f53a01,4da5f1da3791d1a2538874fb51d25bff691c1a4039faef054d655af94410d49f,272a3e58d53d4ba9516f01506164cf8a9b98bfeeb8dbd1fd62f6557e4c98e3a1,1be1c9ad1b809d2ddbc8bd78bf0357d2346b8f0abf3ce9464eb84a30276cfe06,b226b97e0e67288aaaf85726ad855df71cb81406685c57c8e8c40cd8996aa0da,468b2d71040b4d7e583c02ca2036c393a50a94c5,False,"{""VRP-EVRP-Project-Hub"": {""dirty"": false, ""path"": ""/Users/guoyiyang/Documents/GitHub/FURP-2026-Yiyang-GUO-EVRP-TW/reference/VRP-EVRP-Project-Hub"", ""revision"": ""e3a890065105f978187e532642c4442522215e02""}, ""py-ga-VRPTW"": {""dirty"": false, ""path"": ""/Users/guoyiyang/Documents/GitHub/FURP-2026-Yiyang-GUO-EVRP-TW/reference/py-ga-VRPTW"", ""revision"": ""8e005caaaf6471a4505588d88c7f0f5e0d4ebffa""}}",stage03.1_screening_attempt04,,preserve;see stage03_legacy_path_map.csv
stage03.2,cache_incremental,stage03.2_cache_incremental_attempt02,attempt02,stage03.2_cache_incremental_attempt02,stage03.2_cache_incremental_attempt02,formal,rc101_21,2015,"[""c101C5"", ""r105C5"", ""rc105C5"", ""c104C10"", ""r103C10"", ""rc102C10"", ""c106C15"", ""r105C15"", ""rc103C15"", ""c101_21"", ""r101_21"", ""rc101_21""]","[2014, 2015, 2016]",environment,verified_legacy,results/stage03.2_cache_incremental_attempt02/rc101_21/2015/stage03.2_cache_incremental_attempt02_environment_rc101_21_2015.json,results/stage03.2_cache_incremental_attempt02/environments/rc101_21-alns_stage02_constraint_guided-2015.json,feasible,,pass,READY_FOR_STAGE03_3,READY_FOR_STAGE03_3,pass,1cd31536e2c10371b6c5fde4d9e5bd1ed54c30a79742a55444de6fed4a51882b,raw_manifest,9f624c82445a8c93a5339e9ec5c2a2efc6ea99023cd1c72e12eb247273f53a01,4da5f1da3791d1a2538874fb51d25bff691c1a4039faef054d655af94410d49f,272a3e58d53d4ba9516f01506164cf8a9b98bfeeb8dbd1fd62f6557e4c98e3a1,d3cc33167d4b0c39f2e328a9f49bea12cdb6ffa1c8d325dab2da160c5e693623,b226b97e0e67288aaaf85726ad855df71cb81406685c57c8e8c40cd8996aa0da,468b2d71040b4d7e583c02ca2036c393a50a94c5,False,"{""VRP-EVRP-Project-Hub"": {""dirty"": false, ""path"": ""/Users/guoyiyang/Documents/GitHub/FURP-2026-Yiyang-GUO-EVRP-TW/reference/VRP-EVRP-Project-Hub"", ""revision"": ""e3a890065105f978187e532642c4442522215e02""}, ""py-ga-VRPTW"": {""dirty"": false, ""path"": ""/Users/guoyiyang/Documents/GitHub/FURP-2026-Yiyang-GUO-EVRP-TW/reference/py-ga-VRPTW"", ""revision"": ""8e005caaaf6471a4505588d88c7f0f5e0d4ebffa""}}",stage03.1_screening_attempt04,,preserve;see stage03_legacy_path_map.csv
stage03.2,cache_incremental,stage03.2_cache_incremental_attempt02,attempt02,stage03.2_cache_incremental_attempt02,stage03.2_cache_incremental_attempt02,formal,rc101_21,2016,"[""c101C5"", ""r105C5"", ""rc105C5"", ""c104C10"", ""r103C10"", ""rc102C10"", ""c106C15"", ""r105C15"", ""rc103C15"", ""c101_21"", ""r101_21"", ""rc101_21""]","[2014, 2015, 2016]",environment,verified_legacy,results/stage03.2_cache_incremental_attempt02/rc101_21/2016/stage03.2_cache_incremental_attempt02_environment_rc101_21_2016.json,results/stage03.2_cache_incremental_attempt02/environments/rc101_21-alns_stage02_constraint_guided-2016.json,feasible,,pass,READY_FOR_STAGE03_3,READY_FOR_STAGE03_3,pass,7cf0725ecd5094a877c84630e7cf315fba77d1186f72f1616e8aad796f08ac01,raw_manifest,9f624c82445a8c93a5339e9ec5c2a2efc6ea99023cd1c72e12eb247273f53a01,4da5f1da3791d1a2538874fb51d25bff691c1a4039faef054d655af94410d49f,272a3e58d53d4ba9516f01506164cf8a9b98bfeeb8dbd1fd62f6557e4c98e3a1,868deb754a627a449c71c29391a1e1efff01cd82771b2a94a27d030db33a5ce2,b226b97e0e67288aaaf85726ad855df71cb81406685c57c8e8c40cd8996aa0da,468b2d71040b4d7e583c02ca2036c393a50a94c5,False,"{""VRP-EVRP-Project-Hub"": {""dirty"": false, ""path"": ""/Users/guoyiyang/Documents/GitHub/FURP-2026-Yiyang-GUO-EVRP-TW/reference/VRP-EVRP-Project-Hub"", ""revision"": ""e3a890065105f978187e532642c4442522215e02""}, ""py-ga-VRPTW"": {""dirty"": false, ""path"": ""/Users/guoyiyang/Documents/GitHub/FURP-2026-Yiyang-GUO-EVRP-TW/reference/py-ga-VRPTW"", ""revision"": ""8e005caaaf6471a4505588d88c7f0f5e0d4ebffa""}}",stage03.1_screening_attempt04,,preserve;see stage03_legacy_path_map.csv
stage03.2,cache_incremental,stage03.2_cache_incremental_attempt02,attempt02,stage03.2_cache_incremental_attempt02,stage03.2_cache_incremental_attempt02,formal,rc102C10,2014,"[""c101C5"", ""r105C5"", ""rc105C5"", ""c104C10"", ""r103C10"", ""rc102C10"", ""c106C15"", ""r105C15"", ""rc103C15"", ""c101_21"", ""r101_21"", ""rc101_21""]","[2014, 2015, 2016]",environment,verified_legacy,results/stage03.2_cache_incremental_attempt02/rc102C10/2014/stage03.2_cache_incremental_attempt02_environment_rc102C10_2014.json,results/stage03.2_cache_incremental_attempt02/environments/rc102C10-alns_stage02_constraint_guided-2014.json,feasible,,pass,READY_FOR_STAGE03_3,READY_FOR_STAGE03_3,pass,12b334a02156d03a98f3918870524e532ef912b6acc1be32e686311467dd85c1,raw_manifest,9f624c82445a8c93a5339e9ec5c2a2efc6ea99023cd1c72e12eb247273f53a01,4da5f1da3791d1a2538874fb51d25bff691c1a4039faef054d655af94410d49f,b85edffa9a896007203a8f6688731b66fcaeedada2b6deae0a3e3ca4a1a0d1a6,30592915a8e0540770b5787f2773e1913e3149b927826f82d6847e95d5cd8472,b226b97e0e67288aaaf85726ad855df71cb81406685c57c8e8c40cd8996aa0da,468b2d71040b4d7e583c02ca2036c393a50a94c5,False,"{""VRP-EVRP-Project-Hub"": {""dirty"": false, ""path"": ""/Users/guoyiyang/Documents/GitHub/FURP-2026-Yiyang-GUO-EVRP-TW/reference/VRP-EVRP-Project-Hub"", ""revision"": ""e3a890065105f978187e532642c4442522215e02""}, ""py-ga-VRPTW"": {""dirty"": false, ""path"": ""/Users/guoyiyang/Documents/GitHub/FURP-2026-Yiyang-GUO-EVRP-TW/reference/py-ga-VRPTW"", ""revision"": ""8e005caaaf6471a4505588d88c7f0f5e0d4ebffa""}}",stage03.1_screening_attempt04,,preserve;see stage03_legacy_path_map.csv
stage03.2,cache_incremental,stage03.2_cache_incremental_attempt02,attempt02,stage03.2_cache_incremental_attempt02,stage03.2_cache_incremental_attempt02,formal,rc102C10,2015,"[""c101C5"", ""r105C5"", ""rc105C5"", ""c104C10"", ""r103C10"", ""rc102C10"", ""c106C15"", ""r105C15"", ""rc103C15"", ""c101_21"", ""r101_21"", ""rc101_21""]","[2014, 2015, 2016]",environment,verified_legacy,results/stage03.2_cache_incremental_attempt02/rc102C10/2015/stage03.2_cache_incremental_attempt02_environment_rc102C10_2015.json,results/stage03.2_cache_incremental_attempt02/environments/rc102C10-alns_stage02_constraint_guided-2015.json,feasible,,pass,READY_FOR_STAGE03_3,READY_FOR_STAGE03_3,pass,4a052a70d38a5fa8f7dc2bfb8cfbad665dd6623199cbc06d71b8f13fe1751a45,raw_manifest,9f624c82445a8c93a5339e9ec5c2a2efc6ea99023cd1c72e12eb247273f53a01,4da5f1da3791d1a2538874fb51d25bff691c1a4039faef054d655af94410d49f,b85edffa9a896007203a8f6688731b66fcaeedada2b6deae0a3e3ca4a1a0d1a6,023f8e4be5f9e20c2232eaceb87f5f600147af515e60866a7c4c9f6d7dea7395,b226b97e0e67288aaaf85726ad855df71cb81406685c57c8e8c40cd8996aa0da,468b2d71040b4d7e583c02ca2036c393a50a94c5,False,"{""VRP-EVRP-Project-Hub"": {""dirty"": false, ""path"": ""/Users/guoyiyang/Documents/GitHub/FURP-2026-Yiyang-GUO-EVRP-TW/reference/VRP-EVRP-Project-Hub"", ""revision"": ""e3a890065105f978187e532642c4442522215e02""}, ""py-ga-VRPTW"": {""dirty"": false, ""path"": ""/Users/guoyiyang/Documents/GitHub/FURP-2026-Yiyang-GUO-EVRP-TW/reference/py-ga-VRPTW"", ""revision"": ""8e005caaaf6471a4505588d88c7f0f5e0d4ebffa""}}",stage03.1_screening_attempt04,,preserve;see stage03_legacy_path_map.csv
stage03.2,cache_incremental,stage03.2_cache_incremental_attempt02,attempt02,stage03.2_cache_incremental_attempt02,stage03.2_cache_incremental_attempt02,formal,rc102C10,2016,"[""c101C5"", ""r105C5"", ""rc105C5"", ""c104C10"", ""r103C10"", ""rc102C10"", ""c106C15"", ""r105C15"", ""rc103C15"", ""c101_21"", ""r101_21"", ""rc101_21""]","[2014, 2015, 2016]",environment,verified_legacy,results/stage03.2_cache_incremental_attempt02/rc102C10/2016/stage03.2_cache_incremental_attempt02_environment_rc102C10_2016.json,results/stage03.2_cache_incremental_attempt02/environments/rc102C10-alns_stage02_constraint_guided-2016.json,feasible,,pass,READY_FOR_STAGE03_3,READY_FOR_STAGE03_3,pass,e103276e0f4f5b97d4ae41062ac623cffb039e98622b790592ce7db2d22910e6,raw_manifest,9f624c82445a8c93a5339e9ec5c2a2efc6ea99023cd1c72e12eb247273f53a01,4da5f1da3791d1a2538874fb51d25bff691c1a4039faef054d655af94410d49f,b85edffa9a896007203a8f6688731b66fcaeedada2b6deae0a3e3ca4a1a0d1a6,cdea0ebec70e6eb3005ab0d757e4ace590c1729aad135cdee956a74926aaf2b0,b226b97e0e67288aaaf85726ad855df71cb81406685c57c8e8c40cd8996aa0da,468b2d71040b4d7e583c02ca2036c393a50a94c5,False,"{""VRP-EVRP-Project-Hub"": {""dirty"": false, ""path"": ""/Users/guoyiyang/Documents/GitHub/FURP-2026-Yiyang-GUO-EVRP-TW/reference/VRP-EVRP-Project-Hub"", ""revision"": ""e3a890065105f978187e532642c4442522215e02""}, ""py-ga-VRPTW"": {""dirty"": false, ""path"": ""/Users/guoyiyang/Documents/GitHub/FURP-2026-Yiyang-GUO-EVRP-TW/reference/py-ga-VRPTW"", ""revision"": ""8e005caaaf6471a4505588d88c7f0f5e0d4ebffa""}}",stage03.1_screening_attempt04,,preserve;see stage03_legacy_path_map.csv
stage03.2,cache_incremental,stage03.2_cache_incremental_attempt02,attempt02,stage03.2_cache_incremental_attempt02,stage03.2_cache_incremental_attempt02,formal,rc103C15,2014,"[""c101C5"", ""r105C5"", ""rc105C5"", ""c104C10"", ""r103C10"", ""rc102C10"", ""c106C15"", ""r105C15"", ""rc103C15"", ""c101_21"", ""r101_21"", ""rc101_21""]","[2014, 2015, 2016]",environment,verified_legacy,results/stage03.2_cache_incremental_attempt02/rc103C15/2014/stage03.2_cache_incremental_attempt02_environment_rc103C15_2014.json,results/stage03.2_cache_incremental_attempt02/environments/rc103C15-alns_stage02_constraint_guided-2014.json,feasible,,pass,READY_FOR_STAGE03_3,READY_FOR_STAGE03_3,pass,f95cf9b7361bbadc32c33c02f73d00a465f6b248b98c0b6adff980ede2855e5c,raw_manifest,9f624c82445a8c93a5339e9ec5c2a2efc6ea99023cd1c72e12eb247273f53a01,4da5f1da3791d1a2538874fb51d25bff691c1a4039faef054d655af94410d49f,51cbd950e7a76acae3add1f93d4c5f3b906f1e0ca5b47f46b068ff4f52e43c4a,89ba61b279cc1205224a6646eb5fd210144a597584321fad929d2cb5592266ab,b226b97e0e67288aaaf85726ad855df71cb81406685c57c8e8c40cd8996aa0da,468b2d71040b4d7e583c02ca2036c393a50a94c5,False,"{""VRP-EVRP-Project-Hub"": {""dirty"": false, ""path"": ""/Users/guoyiyang/Documents/GitHub/FURP-2026-Yiyang-GUO-EVRP-TW/reference/VRP-EVRP-Project-Hub"", ""revision"": ""e3a890065105f978187e532642c4442522215e02""}, ""py-ga-VRPTW"": {""dirty"": false, ""path"": ""/Users/guoyiyang/Documents/GitHub/FURP-2026-Yiyang-GUO-EVRP-TW/reference/py-ga-VRPTW"", ""revision"": ""8e005caaaf6471a4505588d88c7f0f5e0d4ebffa""}}",stage03.1_screening_attempt04,,preserve;see stage03_legacy_path_map.csv
stage03.2,cache_incremental,stage03.2_cache_incremental_attempt02,attempt02,stage03.2_cache_incremental_attempt02,stage03.2_cache_incremental_attempt02,formal,rc103C15,2015,"[""c101C5"", ""r105C5"", ""rc105C5"", ""c104C10"", ""r103C10"", ""rc102C10"", ""c106C15"", ""r105C15"", ""rc103C15"", ""c101_21"", ""r101_21"", ""rc101_21""]","[2014, 2015, 2016]",environment,verified_legacy,results/stage03.2_cache_incremental_attempt02/rc103C15/2015/stage03.2_cache_incremental_attempt02_environment_rc103C15_2015.json,results/stage03.2_cache_incremental_attempt02/environments/rc103C15-alns_stage02_constraint_guided-2015.json,feasible,,pass,READY_FOR_STAGE03_3,READY_FOR_STAGE03_3,pass,c1d64468da3f83437d60bcca6c473c81a624d927bc87bbb0d1a3883d9f7f40a6,raw_manifest,9f624c82445a8c93a5339e9ec5c2a2efc6ea99023cd1c72e12eb247273f53a01,4da5f1da3791d1a2538874fb51d25bff691c1a4039faef054d655af94410d49f,51cbd950e7a76acae3add1f93d4c5f3b906f1e0ca5b47f46b068ff4f52e43c4a,c24d6db2ef9dead78e06ba5728ab5bec4c49acbe60fbb6879e6359a50bdc72f7,b226b97e0e67288aaaf85726ad855df71cb81406685c57c8e8c40cd8996aa0da,468b2d71040b4d7e583c02ca2036c393a50a94c5,False,"{""VRP-EVRP-Project-Hub"": {""dirty"": false, ""path"": ""/Users/guoyiyang/Documents/GitHub/FURP-2026-Yiyang-GUO-EVRP-TW/reference/VRP-EVRP-Project-Hub"", ""revision"": ""e3a890065105f978187e532642c4442522215e02""}, ""py-ga-VRPTW"": {""dirty"": false, ""path"": ""/Users/guoyiyang/Documents/GitHub/FURP-2026-Yiyang-GUO-EVRP-TW/reference/py-ga-VRPTW"", ""revision"": ""8e005caaaf6471a4505588d88c7f0f5e0d4ebffa""}}",stage03.1_screening_attempt04,,preserve;see stage03_legacy_path_map.csv
stage03.2,cache_incremental,stage03.2_cache_incremental_attempt02,attempt02,stage03.2_cache_incremental_attempt02,stage03.2_cache_incremental_attempt02,formal,rc103C15,2016,"[""c101C5"", ""r105C5"", ""rc105C5"", ""c104C10"", ""r103C10"", ""rc102C10"", ""c106C15"", ""r105C15"", ""rc103C15"", ""c101_21"", ""r101_21"", ""rc101_21""]","[2014, 2015, 2016]",environment,verified_legacy,results/stage03.2_cache_incremental_attempt02/rc103C15/2016/stage03.2_cache_incremental_attempt02_environment_rc103C15_2016.json,results/stage03.2_cache_incremental_attempt02/environments/rc103C15-alns_stage02_constraint_guided-2016.json,feasible,,pass,READY_FOR_STAGE03_3,READY_FOR_STAGE03_3,pass,6684e0c8e8470974297ddd69ca1aa682576cb9bd2323091cd399e6cfbfb868ca,raw_manifest,9f624c82445a8c93a5339e9ec5c2a2efc6ea99023cd1c72e12eb247273f53a01,4da5f1da3791d1a2538874fb51d25bff691c1a4039faef054d655af94410d49f,51cbd950e7a76acae3add1f93d4c5f3b906f1e0ca5b47f46b068ff4f52e43c4a,feabe6bb15e9d264c60cfea8ba71300662d1c5b7fc14537178fb81e78948b3fb,b226b97e0e67288aaaf85726ad855df71cb81406685c57c8e8c40cd8996aa0da,468b2d71040b4d7e583c02ca2036c393a50a94c5,False,"{""VRP-EVRP-Project-Hub"": {""dirty"": false, ""path"": ""/Users/guoyiyang/Documents/GitHub/FURP-2026-Yiyang-GUO-EVRP-TW/reference/VRP-EVRP-Project-Hub"", ""revision"": ""e3a890065105f978187e532642c4442522215e02""}, ""py-ga-VRPTW"": {""dirty"": false, ""path"": ""/Users/guoyiyang/Documents/GitHub/FURP-2026-Yiyang-GUO-EVRP-TW/reference/py-ga-VRPTW"", ""revision"": ""8e005caaaf6471a4505588d88c7f0f5e0d4ebffa""}}",stage03.1_screening_attempt04,,preserve;see stage03_legacy_path_map.csv
stage03.2,cache_incremental,stage03.2_cache_incremental_attempt02,attempt02,stage03.2_cache_incremental_attempt02,stage03.2_cache_incremental_attempt02,formal,rc105C5,2014,"[""c101C5"", ""r105C5"", ""rc105C5"", ""c104C10"", ""r103C10"", ""rc102C10"", ""c106C15"", ""r105C15"", ""rc103C15"", ""c101_21"", ""r101_21"", ""rc101_21""]","[2014, 2015, 2016]",environment,verified_legacy,results/stage03.2_cache_incremental_attempt02/rc105C5/2014/stage03.2_cache_incremental_attempt02_environment_rc105C5_2014.json,results/stage03.2_cache_incremental_attempt02/environments/rc105C5-alns_stage02_constraint_guided-2014.json,feasible,,pass,READY_FOR_STAGE03_3,READY_FOR_STAGE03_3,pass,28ac6d26dc6c0a384154ab90da3172f720e2adec8add3a12e6dcb36b24fca1e1,raw_manifest,9f624c82445a8c93a5339e9ec5c2a2efc6ea99023cd1c72e12eb247273f53a01,4da5f1da3791d1a2538874fb51d25bff691c1a4039faef054d655af94410d49f,2ccfba6c447fa43a994934690acb67c7355ca04d232394907ed6938bc362c643,5199da47f4b1484c30cc762bfbe4028bdd832a3773b723e52af5174b2f2091df,b226b97e0e67288aaaf85726ad855df71cb81406685c57c8e8c40cd8996aa0da,468b2d71040b4d7e583c02ca2036c393a50a94c5,False,"{""VRP-EVRP-Project-Hub"": {""dirty"": false, ""path"": ""/Users/guoyiyang/Documents/GitHub/FURP-2026-Yiyang-GUO-EVRP-TW/reference/VRP-EVRP-Project-Hub"", ""revision"": ""e3a890065105f978187e532642c4442522215e02""}, ""py-ga-VRPTW"": {""dirty"": false, ""path"": ""/Users/guoyiyang/Documents/GitHub/FURP-2026-Yiyang-GUO-EVRP-TW/reference/py-ga-VRPTW"", ""revision"": ""8e005caaaf6471a4505588d88c7f0f5e0d4ebffa""}}",stage03.1_screening_attempt04,,preserve;see stage03_legacy_path_map.csv
stage03.2,cache_incremental,stage03.2_cache_incremental_attempt02,attempt02,stage03.2_cache_incremental_attempt02,stage03.2_cache_incremental_attempt02,formal,rc105C5,2015,"[""c101C5"", ""r105C5"", ""rc105C5"", ""c104C10"", ""r103C10"", ""rc102C10"", ""c106C15"", ""r105C15"", ""rc103C15"", ""c101_21"", ""r101_21"", ""rc101_21""]","[2014, 2015, 2016]",environment,verified_legacy,results/stage03.2_cache_incremental_attempt02/rc105C5/2015/stage03.2_cache_incremental_attempt02_environment_rc105C5_2015.json,results/stage03.2_cache_incremental_attempt02/environments/rc105C5-alns_stage02_constraint_guided-2015.json,feasible,,pass,READY_FOR_STAGE03_3,READY_FOR_STAGE03_3,pass,2d105d9bfa0285adc278b66bf6c2e3b73427ceb3b8d4f748e92ba44f765c3b56,raw_manifest,9f624c82445a8c93a5339e9ec5c2a2efc6ea99023cd1c72e12eb247273f53a01,4da5f1da3791d1a2538874fb51d25bff691c1a4039faef054d655af94410d49f,2ccfba6c447fa43a994934690acb67c7355ca04d232394907ed6938bc362c643,c7cfb9824fbd971e896cdf395e576baa2ca05873fce87cc4357ac65e610044d4,b226b97e0e67288aaaf85726ad855df71cb81406685c57c8e8c40cd8996aa0da,468b2d71040b4d7e583c02ca2036c393a50a94c5,False,"{""VRP-EVRP-Project-Hub"": {""dirty"": false, ""path"": ""/Users/guoyiyang/Documents/GitHub/FURP-2026-Yiyang-GUO-EVRP-TW/reference/VRP-EVRP-Project-Hub"", ""revision"": ""e3a890065105f978187e532642c4442522215e02""}, ""py-ga-VRPTW"": {""dirty"": false, ""path"": ""/Users/guoyiyang/Documents/GitHub/FURP-2026-Yiyang-GUO-EVRP-TW/reference/py-ga-VRPTW"", ""revision"": ""8e005caaaf6471a4505588d88c7f0f5e0d4ebffa""}}",stage03.1_screening_attempt04,,preserve;see stage03_legacy_path_map.csv
stage03.2,cache_incremental,stage03.2_cache_incremental_attempt02,attempt02,stage03.2_cache_incremental_attempt02,stage03.2_cache_incremental_attempt02,formal,rc105C5,2016,"[""c101C5"", ""r105C5"", ""rc105C5"", ""c104C10"", ""r103C10"", ""rc102C10"", ""c106C15"", ""r105C15"", ""rc103C15"", ""c101_21"", ""r101_21"", ""rc101_21""]","[2014, 2015, 2016]",environment,verified_legacy,results/stage03.2_cache_incremental_attempt02/rc105C5/2016/stage03.2_cache_incremental_attempt02_environment_rc105C5_2016.json,results/stage03.2_cache_incremental_attempt02/environments/rc105C5-alns_stage02_constraint_guided-2016.json,feasible,,pass,READY_FOR_STAGE03_3,READY_FOR_STAGE03_3,pass,3bcdef7c91ed32274875c85b39b4a196a7953d92c994d9aae6f9ca257993ff86,raw_manifest,9f624c82445a8c93a5339e9ec5c2a2efc6ea99023cd1c72e12eb247273f53a01,4da5f1da3791d1a2538874fb51d25bff691c1a4039faef054d655af94410d49f,2ccfba6c447fa43a994934690acb67c7355ca04d232394907ed6938bc362c643,4a93fd8f28581b1624029de249065d17745ddced424b84147c86d53a0ac0088d,b226b97e0e67288aaaf85726ad855df71cb81406685c57c8e8c40cd8996aa0da,468b2d71040b4d7e583c02ca2036c393a50a94c5,False,"{""VRP-EVRP-Project-Hub"": {""dirty"": false, ""path"": ""/Users/guoyiyang/Documents/GitHub/FURP-2026-Yiyang-GUO-EVRP-TW/reference/VRP-EVRP-Project-Hub"", ""revision"": ""e3a890065105f978187e532642c4442522215e02""}, ""py-ga-VRPTW"": {""dirty"": false, ""path"": ""/Users/guoyiyang/Documents/GitHub/FURP-2026-Yiyang-GUO-EVRP-TW/reference/py-ga-VRPTW"", ""revision"": ""8e005caaaf6471a4505588d88c7f0f5e0d4ebffa""}}",stage03.1_screening_attempt04,,preserve;see stage03_legacy_path_map.csv
stage03.2,cache_incremental,stage03.2_cache_incremental_attempt02,attempt02,stage03.2_cache_incremental_attempt02,stage03.2_cache_incremental_attempt02,formal,c101C5,2014,"[""c101C5"", ""r105C5"", ""rc105C5"", ""c104C10"", ""r103C10"", ""rc102C10"", ""c106C15"", ""r105C15"", ""rc103C15"", ""c101_21"", ""r101_21"", ""rc101_21""]","[2014, 2015, 2016]",events,verified_legacy,results/stage03.2_cache_incremental_attempt02/c101C5/2014/stage03.2_cache_incremental_attempt02_events_c101C5_2014.jsonl,results/stage03.2_cache_incremental_attempt02/events/c101C5-alns_stage02_constraint_guided-2014.jsonl,feasible,,pass,READY_FOR_STAGE03_3,READY_FOR_STAGE03_3,pass,052e9b74cdcb8e86973af00b45ba1a17acad82e5c8c1dd9428f1b440b09bdc79,raw_manifest,9f624c82445a8c93a5339e9ec5c2a2efc6ea99023cd1c72e12eb247273f53a01,4da5f1da3791d1a2538874fb51d25bff691c1a4039faef054d655af94410d49f,8612d6d9aad051776097a5e50c7408f39352b8107b0639d58e5eda713f9ff876,1ca247adfbd983affea8ba9b4cb915c4c34dcd0cda4debaba0869aa7ac720a59,b226b97e0e67288aaaf85726ad855df71cb81406685c57c8e8c40cd8996aa0da,468b2d71040b4d7e583c02ca2036c393a50a94c5,False,"{""VRP-EVRP-Project-Hub"": {""dirty"": false, ""path"": ""/Users/guoyiyang/Documents/GitHub/FURP-2026-Yiyang-GUO-EVRP-TW/reference/VRP-EVRP-Project-Hub"", ""revision"": ""e3a890065105f978187e532642c4442522215e02""}, ""py-ga-VRPTW"": {""dirty"": false, ""path"": ""/Users/guoyiyang/Documents/GitHub/FURP-2026-Yiyang-GUO-EVRP-TW/reference/py-ga-VRPTW"", ""revision"": ""8e005caaaf6471a4505588d88c7f0f5e0d4ebffa""}}",stage03.1_screening_attempt04,,preserve;see stage03_legacy_path_map.csv
stage03.2,cache_incremental,stage03.2_cache_incremental_attempt02,attempt02,stage03.2_cache_incremental_attempt02,stage03.2_cache_incremental_attempt02,formal,c101C5,2015,"[""c101C5"", ""r105C5"", ""rc105C5"", ""c104C10"", ""r103C10"", ""rc102C10"", ""c106C15"", ""r105C15"", ""rc103C15"", ""c101_21"", ""r101_21"", ""rc101_21""]","[2014, 2015, 2016]",events,verified_legacy,results/stage03.2_cache_incremental_attempt02/c101C5/2015/stage03.2_cache_incremental_attempt02_events_c101C5_2015.jsonl,results/stage03.2_cache_incremental_attempt02/events/c101C5-alns_stage02_constraint_guided-2015.jsonl,feasible,,pass,READY_FOR_STAGE03_3,READY_FOR_STAGE03_3,pass,f5f14dfd44311e2f4e4686b9ac534e98a5f7ddbc5f18b98c582152c2b6688a91,raw_manifest,9f624c82445a8c93a5339e9ec5c2a2efc6ea99023cd1c72e12eb247273f53a01,4da5f1da3791d1a2538874fb51d25bff691c1a4039faef054d655af94410d49f,8612d6d9aad051776097a5e50c7408f39352b8107b0639d58e5eda713f9ff876,6d6c1dbed077a6bc2f23677b77f5ce5a32b326373148ae9d1a45b4d87e9948c9,b226b97e0e67288aaaf85726ad855df71cb81406685c57c8e8c40cd8996aa0da,468b2d71040b4d7e583c02ca2036c393a50a94c5,False,"{""VRP-EVRP-Project-Hub"": {""dirty"": false, ""path"": ""/Users/guoyiyang/Documents/GitHub/FURP-2026-Yiyang-GUO-EVRP-TW/reference/VRP-EVRP-Project-Hub"", ""revision"": ""e3a890065105f978187e532642c4442522215e02""}, ""py-ga-VRPTW"": {""dirty"": false, ""path"": ""/Users/guoyiyang/Documents/GitHub/FURP-2026-Yiyang-GUO-EVRP-TW/reference/py-ga-VRPTW"", ""revision"": ""8e005caaaf6471a4505588d88c7f0f5e0d4ebffa""}}",stage03.1_screening_attempt04,,preserve;see stage03_legacy_path_map.csv
stage03.2,cache_incremental,stage03.2_cache_incremental_attempt02,attempt02,stage03.2_cache_incremental_attempt02,stage03.2_cache_incremental_attempt02,formal,c101C5,2016,"[""c101C5"", ""r105C5"", ""rc105C5"", ""c104C10"", ""r103C10"", ""rc102C10"", ""c106C15"", ""r105C15"", ""rc103C15"", ""c101_21"", ""r101_21"", ""rc101_21""]","[2014, 2015, 2016]",events,verified_legacy,results/stage03.2_cache_incremental_attempt02/c101C5/2016/stage03.2_cache_incremental_attempt02_events_c101C5_2016.jsonl,results/stage03.2_cache_incremental_attempt02/events/c101C5-alns_stage02_constraint_guided-2016.jsonl,feasible,,pass,READY_FOR_STAGE03_3,READY_FOR_STAGE03_3,pass,72497720818c384facd7cb52b621e38e248f88ce8123898627aa6970a1166040,raw_manifest,9f624c82445a8c93a5339e9ec5c2a2efc6ea99023cd1c72e12eb247273f53a01,4da5f1da3791d1a2538874fb51d25bff691c1a4039faef054d655af94410d49f,8612d6d9aad051776097a5e50c7408f39352b8107b0639d58e5eda713f9ff876,73fe7aaf279e9ed94d622534b9af8ed98f7f6fb9eac6f6abf59abe50a3aa3681,b226b97e0e67288aaaf85726ad855df71cb81406685c57c8e8c40cd8996aa0da,468b2d71040b4d7e583c02ca2036c393a50a94c5,False,"{""VRP-EVRP-Project-Hub"": {""dirty"": false, ""path"": ""/Users/guoyiyang/Documents/GitHub/FURP-2026-Yiyang-GUO-EVRP-TW/reference/VRP-EVRP-Project-Hub"", ""revision"": ""e3a890065105f978187e532642c4442522215e02""}, ""py-ga-VRPTW"": {""dirty"": false, ""path"": ""/Users/guoyiyang/Documents/GitHub/FURP-2026-Yiyang-GUO-EVRP-TW/reference/py-ga-VRPTW"", ""revision"": ""8e005caaaf6471a4505588d88c7f0f5e0d4ebffa""}}",stage03.1_screening_attempt04,,preserve;see stage03_legacy_path_map.csv
stage03.2,cache_incremental,stage03.2_cache_incremental_attempt02,attempt02,stage03.2_cache_incremental_attempt02,stage03.2_cache_incremental_attempt02,formal,c101_21,2014,"[""c101C5"", ""r105C5"", ""rc105C5"", ""c104C10"", ""r103C10"", ""rc102C10"", ""c106C15"", ""r105C15"", ""rc103C15"", ""c101_21"", ""r101_21"", ""rc101_21""]","[2014, 2015, 2016]",events,verified_legacy,results/stage03.2_cache_incremental_attempt02/c101_21/2014/stage03.2_cache_incremental_attempt02_events_c101_21_2014.jsonl,results/stage03.2_cache_incremental_attempt02/events/c101_21-alns_stage02_constraint_guided-2014.jsonl,feasible,,pass,READY_FOR_STAGE03_3,READY_FOR_STAGE03_3,pass,74e67d387535418313a532c90903b670566359169a42939f8f8b1cda6014252e,raw_manifest,9f624c82445a8c93a5339e9ec5c2a2efc6ea99023cd1c72e12eb247273f53a01,4da5f1da3791d1a2538874fb51d25bff691c1a4039faef054d655af94410d49f,c5cda6ca63a7d518902cf4b02d98b4aa0f373aaa0658d5c666d1c46d38871cb9,83f2d0e7feb61133cd470259212ce0483cbf05cf041490b03d2cfdd372b43371,b226b97e0e67288aaaf85726ad855df71cb81406685c57c8e8c40cd8996aa0da,468b2d71040b4d7e583c02ca2036c393a50a94c5,False,"{""VRP-EVRP-Project-Hub"": {""dirty"": false, ""path"": ""/Users/guoyiyang/Documents/GitHub/FURP-2026-Yiyang-GUO-EVRP-TW/reference/VRP-EVRP-Project-Hub"", ""revision"": ""e3a890065105f978187e532642c4442522215e02""}, ""py-ga-VRPTW"": {""dirty"": false, ""path"": ""/Users/guoyiyang/Documents/GitHub/FURP-2026-Yiyang-GUO-EVRP-TW/reference/py-ga-VRPTW"", ""revision"": ""8e005caaaf6471a4505588d88c7f0f5e0d4ebffa""}}",stage03.1_screening_attempt04,,preserve;see stage03_legacy_path_map.csv
stage03.2,cache_incremental,stage03.2_cache_incremental_attempt02,attempt02,stage03.2_cache_incremental_attempt02,stage03.2_cache_incremental_attempt02,formal,c101_21,2015,"[""c101C5"", ""r105C5"", ""rc105C5"", ""c104C10"", ""r103C10"", ""rc102C10"", ""c106C15"", ""r105C15"", ""rc103C15"", ""c101_21"", ""r101_21"", ""rc101_21""]","[2014, 2015, 2016]",events,verified_legacy,results/stage03.2_cache_incremental_attempt02/c101_21/2015/stage03.2_cache_incremental_attempt02_events_c101_21_2015.jsonl,results/stage03.2_cache_incremental_attempt02/events/c101_21-alns_stage02_constraint_guided-2015.jsonl,feasible,,pass,READY_FOR_STAGE03_3,READY_FOR_STAGE03_3,pass,ae14d9644d3a432edad9224a3c91ebd584971d2338b8c22fc5ce254dc32d495a,raw_manifest,9f624c82445a8c93a5339e9ec5c2a2efc6ea99023cd1c72e12eb247273f53a01,4da5f1da3791d1a2538874fb51d25bff691c1a4039faef054d655af94410d49f,c5cda6ca63a7d518902cf4b02d98b4aa0f373aaa0658d5c666d1c46d38871cb9,2e285a1de3c08b0a28e51af3652c5eaab341a4f45752ebf698a3505afaacbfa0,b226b97e0e67288aaaf85726ad855df71cb81406685c57c8e8c40cd8996aa0da,468b2d71040b4d7e583c02ca2036c393a50a94c5,False,"{""VRP-EVRP-Project-Hub"": {""dirty"": false, ""path"": ""/Users/guoyiyang/Documents/GitHub/FURP-2026-Yiyang-GUO-EVRP-TW/reference/VRP-EVRP-Project-Hub"", ""revision"": ""e3a890065105f978187e532642c4442522215e02""}, ""py-ga-VRPTW"": {""dirty"": false, ""path"": ""/Users/guoyiyang/Documents/GitHub/FURP-2026-Yiyang-GUO-EVRP-TW/reference/py-ga-VRPTW"", ""revision"": ""8e005caaaf6471a4505588d88c7f0f5e0d4ebffa""}}",stage03.1_screening_attempt04,,preserve;see stage03_legacy_path_map.csv
stage03.2,cache_incremental,stage03.2_cache_incremental_attempt02,attempt02,stage03.2_cache_incremental_attempt02,stage03.2_cache_incremental_attempt02,formal,c101_21,2016,"[""c101C5"", ""r105C5"", ""rc105C5"", ""c104C10"", ""r103C10"", ""rc102C10"", ""c106C15"", ""r105C15"", ""rc103C15"", ""c101_21"", ""r101_21"", ""rc101_21""]","[2014, 2015, 2016]",events,verified_legacy,results/stage03.2_cache_incremental_attempt02/c101_21/2016/stage03.2_cache_incremental_attempt02_events_c101_21_2016.jsonl,results/stage03.2_cache_incremental_attempt02/events/c101_21-alns_stage02_constraint_guided-2016.jsonl,feasible,,pass,READY_FOR_STAGE03_3,READY_FOR_STAGE03_3,pass,23df5956a118dc31da562ecbeaa669d2bf6c8a1b83bfef111204ca6cb14e0a37,raw_manifest,9f624c82445a8c93a5339e9ec5c2a2efc6ea99023cd1c72e12eb247273f53a01,4da5f1da3791d1a2538874fb51d25bff691c1a4039faef054d655af94410d49f,c5cda6ca63a7d518902cf4b02d98b4aa0f373aaa0658d5c666d1c46d38871cb9,8861a820ac572db6557c5a53bb46eda5742b412729db71915afbdfc6930bdd93,b226b97e0e67288aaaf85726ad855df71cb81406685c57c8e8c40cd8996aa0da,468b2d71040b4d7e583c02ca2036c393a50a94c5,False,"{""VRP-EVRP-Project-Hub"": {""dirty"": false, ""path"": ""/Users/guoyiyang/Documents/GitHub/FURP-2026-Yiyang-GUO-EVRP-TW/reference/VRP-EVRP-Project-Hub"", ""revision"": ""e3a890065105f978187e532642c4442522215e02""}, ""py-ga-VRPTW"": {""dirty"": false, ""path"": ""/Users/guoyiyang/Documents/GitHub/FURP-2026-Yiyang-GUO-EVRP-TW/reference/py-ga-VRPTW"", ""revision"": ""8e005caaaf6471a4505588d88c7f0f5e0d4ebffa""}}",stage03.1_screening_attempt04,,preserve;see stage03_legacy_path_map.csv
stage03.2,cache_incremental,stage03.2_cache_incremental_attempt02,attempt02,stage03.2_cache_incremental_attempt02,stage03.2_cache_incremental_attempt02,formal,c104C10,2014,"[""c101C5"", ""r105C5"", ""rc105C5"", ""c104C10"", ""r103C10"", ""rc102C10"", ""c106C15"", ""r105C15"", ""rc103C15"", ""c101_21"", ""r101_21"", ""rc101_21""]","[2014, 2015, 2016]",events,verified_legacy,results/stage03.2_cache_incremental_attempt02/c104C10/2014/stage03.2_cache_incremental_attempt02_events_c104C10_2014.jsonl,results/stage03.2_cache_incremental_attempt02/events/c104C10-alns_stage02_constraint_guided-2014.jsonl,feasible,,pass,READY_FOR_STAGE03_3,READY_FOR_STAGE03_3,pass,97b11684943855488847d89a7cdf32df34095ce4f59f2f39f01d4b2e3cd7f1d3,raw_manifest,9f624c82445a8c93a5339e9ec5c2a2efc6ea99023cd1c72e12eb247273f53a01,4da5f1da3791d1a2538874fb51d25bff691c1a4039faef054d655af94410d49f,f7816af706c1cf32dacaee45c710ff93ce53c9b56d17df657044e61e63d2c04b,9b6ac5254f8d9c384e7af3ee1bcc746e59ccb15301bf15187af51ab5b03383b1,b226b97e0e67288aaaf85726ad855df71cb81406685c57c8e8c40cd8996aa0da,468b2d71040b4d7e583c02ca2036c393a50a94c5,False,"{""VRP-EVRP-Project-Hub"": {""dirty"": false, ""path"": ""/Users/guoyiyang/Documents/GitHub/FURP-2026-Yiyang-GUO-EVRP-TW/reference/VRP-EVRP-Project-Hub"", ""revision"": ""e3a890065105f978187e532642c4442522215e02""}, ""py-ga-VRPTW"": {""dirty"": false, ""path"": ""/Users/guoyiyang/Documents/GitHub/FURP-2026-Yiyang-GUO-EVRP-TW/reference/py-ga-VRPTW"", ""revision"": ""8e005caaaf6471a4505588d88c7f0f5e0d4ebffa""}}",stage03.1_screening_attempt04,,preserve;see stage03_legacy_path_map.csv
stage03.2,cache_incremental,stage03.2_cache_incremental_attempt02,attempt02,stage03.2_cache_incremental_attempt02,stage03.2_cache_incremental_attempt02,formal,c104C10,2015,"[""c101C5"", ""r105C5"", ""rc105C5"", ""c104C10"", ""r103C10"", ""rc102C10"", ""c106C15"", ""r105C15"", ""rc103C15"", ""c101_21"", ""r101_21"", ""rc101_21""]","[2014, 2015, 2016]",events,verified_legacy,results/stage03.2_cache_incremental_attempt02/c104C10/2015/stage03.2_cache_incremental_attempt02_events_c104C10_2015.jsonl,results/stage03.2_cache_incremental_attempt02/events/c104C10-alns_stage02_constraint_guided-2015.jsonl,feasible,,pass,READY_FOR_STAGE03_3,READY_FOR_STAGE03_3,pass,9f826b1c0bf547037313a6d144ea1cd599a7500ed77cd5bc401000d12ad67f9e,raw_manifest,9f624c82445a8c93a5339e9ec5c2a2efc6ea99023cd1c72e12eb247273f53a01,4da5f1da3791d1a2538874fb51d25bff691c1a4039faef054d655af94410d49f,f7816af706c1cf32dacaee45c710ff93ce53c9b56d17df657044e61e63d2c04b,aecd483e676e23341f0094295bb6413de28268c1b1c0704f2d1b68970c13f13f,b226b97e0e67288aaaf85726ad855df71cb81406685c57c8e8c40cd8996aa0da,468b2d71040b4d7e583c02ca2036c393a50a94c5,False,"{""VRP-EVRP-Project-Hub"": {""dirty"": false, ""path"": ""/Users/guoyiyang/Documents/GitHub/FURP-2026-Yiyang-GUO-EVRP-TW/reference/VRP-EVRP-Project-Hub"", ""revision"": ""e3a890065105f978187e532642c4442522215e02""}, ""py-ga-VRPTW"": {""dirty"": false, ""path"": ""/Users/guoyiyang/Documents/GitHub/FURP-2026-Yiyang-GUO-EVRP-TW/reference/py-ga-VRPTW"", ""revision"": ""8e005caaaf6471a4505588d88c7f0f5e0d4ebffa""}}",stage03.1_screening_attempt04,,preserve;see stage03_legacy_path_map.csv
stage03.2,cache_incremental,stage03.2_cache_incremental_attempt02,attempt02,stage03.2_cache_incremental_attempt02,stage03.2_cache_incremental_attempt02,formal,c104C10,2016,"[""c101C5"", ""r105C5"", ""rc105C5"", ""c104C10"", ""r103C10"", ""rc102C10"", ""c106C15"", ""r105C15"", ""rc103C15"", ""c101_21"", ""r101_21"", ""rc101_21""]","[2014, 2015, 2016]",events,verified_legacy,results/stage03.2_cache_incremental_attempt02/c104C10/2016/stage03.2_cache_incremental_attempt02_events_c104C10_2016.jsonl,results/stage03.2_cache_incremental_attempt02/events/c104C10-alns_stage02_constraint_guided-2016.jsonl,feasible,,pass,READY_FOR_STAGE03_3,READY_FOR_STAGE03_3,pass,27282c63049f25a75c7c30a422a20a2ca2d5a9209149b7c485c41bdb6974887c,raw_manifest,9f624c82445a8c93a5339e9ec5c2a2efc6ea99023cd1c72e12eb247273f53a01,4da5f1da3791d1a2538874fb51d25bff691c1a4039faef054d655af94410d49f,f7816af706c1cf32dacaee45c710ff93ce53c9b56d17df657044e61e63d2c04b,14f3b8bbf88d7209330c70007414b987d308b0e71bb58e96da4c26989419a35f,b226b97e0e67288aaaf85726ad855df71cb81406685c57c8e8c40cd8996aa0da,468b2d71040b4d7e583c02ca2036c393a50a94c5,False,"{""VRP-EVRP-Project-Hub"": {""dirty"": false, ""path"": ""/Users/guoyiyang/Documents/GitHub/FURP-2026-Yiyang-GUO-EVRP-TW/reference/VRP-EVRP-Project-Hub"", ""revision"": ""e3a890065105f978187e532642c4442522215e02""}, ""py-ga-VRPTW"": {""dirty"": false, ""path"": ""/Users/guoyiyang/Documents/GitHub/FURP-2026-Yiyang-GUO-EVRP-TW/reference/py-ga-VRPTW"", ""revision"": ""8e005caaaf6471a4505588d88c7f0f5e0d4ebffa""}}",stage03.1_screening_attempt04,,preserve;see stage03_legacy_path_map.csv
stage03.2,cache_incremental,stage03.2_cache_incremental_attempt02,attempt02,stage03.2_cache_incremental_attempt02,stage03.2_cache_incremental_attempt02,formal,c106C15,2014,"[""c101C5"", ""r105C5"", ""rc105C5"", ""c104C10"", ""r103C10"", ""rc102C10"", ""c106C15"", ""r105C15"", ""rc103C15"", ""c101_21"", ""r101_21"", ""rc101_21""]","[2014, 2015, 2016]",events,verified_legacy,results/stage03.2_cache_incremental_attempt02/c106C15/2014/stage03.2_cache_incremental_attempt02_events_c106C15_2014.jsonl,results/stage03.2_cache_incremental_attempt02/events/c106C15-alns_stage02_constraint_guided-2014.jsonl,feasible,,pass,READY_FOR_STAGE03_3,READY_FOR_STAGE03_3,pass,4cefa5bceb823f5a84538733a5636ab73bcbc2b7e21344a6521eedb16fad3d77,raw_manifest,9f624c82445a8c93a5339e9ec5c2a2efc6ea99023cd1c72e12eb247273f53a01,4da5f1da3791d1a2538874fb51d25bff691c1a4039faef054d655af94410d49f,eba58a458a9fd13ae8fd404df8db1d04e49271326316256ee060468048881a86,0000fc2508670e7124d1157475f806ab658aa33b5801285059bdc10d2f9b0d5b,b226b97e0e67288aaaf85726ad855df71cb81406685c57c8e8c40cd8996aa0da,468b2d71040b4d7e583c02ca2036c393a50a94c5,False,"{""VRP-EVRP-Project-Hub"": {""dirty"": false, ""path"": ""/Users/guoyiyang/Documents/GitHub/FURP-2026-Yiyang-GUO-EVRP-TW/reference/VRP-EVRP-Project-Hub"", ""revision"": ""e3a890065105f978187e532642c4442522215e02""}, ""py-ga-VRPTW"": {""dirty"": false, ""path"": ""/Users/guoyiyang/Documents/GitHub/FURP-2026-Yiyang-GUO-EVRP-TW/reference/py-ga-VRPTW"", ""revision"": ""8e005caaaf6471a4505588d88c7f0f5e0d4ebffa""}}",stage03.1_screening_attempt04,,preserve;see stage03_legacy_path_map.csv
stage03.2,cache_incremental,stage03.2_cache_incremental_attempt02,attempt02,stage03.2_cache_incremental_attempt02,stage03.2_cache_incremental_attempt02,formal,c106C15,2015,"[""c101C5"", ""r105C5"", ""rc105C5"", ""c104C10"", ""r103C10"", ""rc102C10"", ""c106C15"", ""r105C15"", ""rc103C15"", ""c101_21"", ""r101_21"", ""rc101_21""]","[2014, 2015, 2016]",events,verified_legacy,results/stage03.2_cache_incremental_attempt02/c106C15/2015/stage03.2_cache_incremental_attempt02_events_c106C15_2015.jsonl,results/stage03.2_cache_incremental_attempt02/events/c106C15-alns_stage02_constraint_guided-2015.jsonl,feasible,,pass,READY_FOR_STAGE03_3,READY_FOR_STAGE03_3,pass,000bbadf8f9bc0db084b68f5b48b68eea49828d4c664f54e6c4836353d3783bf,raw_manifest,9f624c82445a8c93a5339e9ec5c2a2efc6ea99023cd1c72e12eb247273f53a01,4da5f1da3791d1a2538874fb51d25bff691c1a4039faef054d655af94410d49f,eba58a458a9fd13ae8fd404df8db1d04e49271326316256ee060468048881a86,c3d3b01dfbaea3ca09fd568d8e0da81d2e4c7cc5a3aa4de53d5596931a0b70e3,b226b97e0e67288aaaf85726ad855df71cb81406685c57c8e8c40cd8996aa0da,468b2d71040b4d7e583c02ca2036c393a50a94c5,False,"{""VRP-EVRP-Project-Hub"": {""dirty"": false, ""path"": ""/Users/guoyiyang/Documents/GitHub/FURP-2026-Yiyang-GUO-EVRP-TW/reference/VRP-EVRP-Project-Hub"", ""revision"": ""e3a890065105f978187e532642c4442522215e02""}, ""py-ga-VRPTW"": {""dirty"": false, ""path"": ""/Users/guoyiyang/Documents/GitHub/FURP-2026-Yiyang-GUO-EVRP-TW/reference/py-ga-VRPTW"", ""revision"": ""8e005caaaf6471a4505588d88c7f0f5e0d4ebffa""}}",stage03.1_screening_attempt04,,preserve;see stage03_legacy_path_map.csv
stage03.2,cache_incremental,stage03.2_cache_incremental_attempt02,attempt02,stage03.2_cache_incremental_attempt02,stage03.2_cache_incremental_attempt02,formal,c106C15,2016,"[""c101C5"", ""r105C5"", ""rc105C5"", ""c104C10"", ""r103C10"", ""rc102C10"", ""c106C15"", ""r105C15"", ""rc103C15"", ""c101_21"", ""r101_21"", ""rc101_21""]","[2014, 2015, 2016]",events,verified_legacy,results/stage03.2_cache_incremental_attempt02/c106C15/2016/stage03.2_cache_incremental_attempt02_events_c106C15_2016.jsonl,results/stage03.2_cache_incremental_attempt02/events/c106C15-alns_stage02_constraint_guided-2016.jsonl,feasible,,pass,READY_FOR_STAGE03_3,READY_FOR_STAGE03_3,pass,74b59e32dbb1f80167e5219cbbbc8b502b9ca6d6557c49fa330e7cd12e6c57a0,raw_manifest,9f624c82445a8c93a5339e9ec5c2a2efc6ea99023cd1c72e12eb247273f53a01,4da5f1da3791d1a2538874fb51d25bff691c1a4039faef054d655af94410d49f,eba58a458a9fd13ae8fd404df8db1d04e49271326316256ee060468048881a86,a9fb488d01a954a0a8f9a9069e17d162b93be581a196c34e734740ef1bdf3bdc,b226b97e0e67288aaaf85726ad855df71cb81406685c57c8e8c40cd8996aa0da,468b2d71040b4d7e583c02ca2036c393a50a94c5,False,"{""VRP-EVRP-Project-Hub"": {""dirty"": false, ""path"": ""/Users/guoyiyang/Documents/GitHub/FURP-2026-Yiyang-GUO-EVRP-TW/reference/VRP-EVRP-Project-Hub"", ""revision"": ""e3a890065105f978187e532642c4442522215e02""}, ""py-ga-VRPTW"": {""dirty"": false, ""path"": ""/Users/guoyiyang/Documents/GitHub/FURP-2026-Yiyang-GUO-EVRP-TW/reference/py-ga-VRPTW"", ""revision"": ""8e005caaaf6471a4505588d88c7f0f5e0d4ebffa""}}",stage03.1_screening_attempt04,,preserve;see stage03_legacy_path_map.csv
stage03.2,cache_incremental,stage03.2_cache_incremental_attempt02,attempt02,stage03.2_cache_incremental_attempt02,stage03.2_cache_incremental_attempt02,formal,r101_21,2014,"[""c101C5"", ""r105C5"", ""rc105C5"", ""c104C10"", ""r103C10"", ""rc102C10"", ""c106C15"", ""r105C15"", ""rc103C15"", ""c101_21"", ""r101_21"", ""rc101_21""]","[2014, 2015, 2016]",events,verified_legacy,results/stage03.2_cache_incremental_attempt02/r101_21/2014/stage03.2_cache_incremental_attempt02_events_r101_21_2014.jsonl,results/stage03.2_cache_incremental_attempt02/events/r101_21-alns_stage02_constraint_guided-2014.jsonl,feasible,,pass,READY_FOR_STAGE03_3,READY_FOR_STAGE03_3,pass,053c980b769c1b804ebf4c740f6edc4fed34f0dd212e29bb2d014b90a15784f7,raw_manifest,9f624c82445a8c93a5339e9ec5c2a2efc6ea99023cd1c72e12eb247273f53a01,4da5f1da3791d1a2538874fb51d25bff691c1a4039faef054d655af94410d49f,0e5a3dffffbd3c516b528ef32ba1a488b817d2f151fc3e8c81023814de1c103a,d38cfb1b7b8d10b557acf6d99b8eccf61f3718532defe40b26419237b5bd13ab,b226b97e0e67288aaaf85726ad855df71cb81406685c57c8e8c40cd8996aa0da,468b2d71040b4d7e583c02ca2036c393a50a94c5,False,"{""VRP-EVRP-Project-Hub"": {""dirty"": false, ""path"": ""/Users/guoyiyang/Documents/GitHub/FURP-2026-Yiyang-GUO-EVRP-TW/reference/VRP-EVRP-Project-Hub"", ""revision"": ""e3a890065105f978187e532642c4442522215e02""}, ""py-ga-VRPTW"": {""dirty"": false, ""path"": ""/Users/guoyiyang/Documents/GitHub/FURP-2026-Yiyang-GUO-EVRP-TW/reference/py-ga-VRPTW"", ""revision"": ""8e005caaaf6471a4505588d88c7f0f5e0d4ebffa""}}",stage03.1_screening_attempt04,,preserve;see stage03_legacy_path_map.csv
stage03.2,cache_incremental,stage03.2_cache_incremental_attempt02,attempt02,stage03.2_cache_incremental_attempt02,stage03.2_cache_incremental_attempt02,formal,r101_21,2015,"[""c101C5"", ""r105C5"", ""rc105C5"", ""c104C10"", ""r103C10"", ""rc102C10"", ""c106C15"", ""r105C15"", ""rc103C15"", ""c101_21"", ""r101_21"", ""rc101_21""]","[2014, 2015, 2016]",events,verified_legacy,results/stage03.2_cache_incremental_attempt02/r101_21/2015/stage03.2_cache_incremental_attempt02_events_r101_21_2015.jsonl,results/stage03.2_cache_incremental_attempt02/events/r101_21-alns_stage02_constraint_guided-2015.jsonl,feasible,,pass,READY_FOR_STAGE03_3,READY_FOR_STAGE03_3,pass,1074a530eefcdb0ab5a4f1a8b2185b268f51c419e05d93233c1fb32d784e51d9,raw_manifest,9f624c82445a8c93a5339e9ec5c2a2efc6ea99023cd1c72e12eb247273f53a01,4da5f1da3791d1a2538874fb51d25bff691c1a4039faef054d655af94410d49f,0e5a3dffffbd3c516b528ef32ba1a488b817d2f151fc3e8c81023814de1c103a,48058e8af451a65568a9914b32deac20a0fa346ef09778b8cfde41e77baebcea,b226b97e0e67288aaaf85726ad855df71cb81406685c57c8e8c40cd8996aa0da,468b2d71040b4d7e583c02ca2036c393a50a94c5,False,"{""VRP-EVRP-Project-Hub"": {""dirty"": false, ""path"": ""/Users/guoyiyang/Documents/GitHub/FURP-2026-Yiyang-GUO-EVRP-TW/reference/VRP-EVRP-Project-Hub"", ""revision"": ""e3a890065105f978187e532642c4442522215e02""}, ""py-ga-VRPTW"": {""dirty"": false, ""path"": ""/Users/guoyiyang/Documents/GitHub/FURP-2026-Yiyang-GUO-EVRP-TW/reference/py-ga-VRPTW"", ""revision"": ""8e005caaaf6471a4505588d88c7f0f5e0d4ebffa""}}",stage03.1_screening_attempt04,,preserve;see stage03_legacy_path_map.csv
stage03.2,cache_incremental,stage03.2_cache_incremental_attempt02,attempt02,stage03.2_cache_incremental_attempt02,stage03.2_cache_incremental_attempt02,formal,r101_21,2016,"[""c101C5"", ""r105C5"", ""rc105C5"", ""c104C10"", ""r103C10"", ""rc102C10"", ""c106C15"", ""r105C15"", ""rc103C15"", ""c101_21"", ""r101_21"", ""rc101_21""]","[2014, 2015, 2016]",events,verified_legacy,results/stage03.2_cache_incremental_attempt02/r101_21/2016/stage03.2_cache_incremental_attempt02_events_r101_21_2016.jsonl,results/stage03.2_cache_incremental_attempt02/events/r101_21-alns_stage02_constraint_guided-2016.jsonl,feasible,,pass,READY_FOR_STAGE03_3,READY_FOR_STAGE03_3,pass,444705c71c10869cfdcfee1713a206054b6312e8ae63f21b87fc8112033aacbb,raw_manifest,9f624c82445a8c93a5339e9ec5c2a2efc6ea99023cd1c72e12eb247273f53a01,4da5f1da3791d1a2538874fb51d25bff691c1a4039faef054d655af94410d49f,0e5a3dffffbd3c516b528ef32ba1a488b817d2f151fc3e8c81023814de1c103a,36568d62600aa6b43b31a4d7db1c9ef1a1658e1381514e1faf9af5ac29df2833,b226b97e0e67288aaaf85726ad855df71cb81406685c57c8e8c40cd8996aa0da,468b2d71040b4d7e583c02ca2036c393a50a94c5,False,"{""VRP-EVRP-Project-Hub"": {""dirty"": false, ""path"": ""/Users/guoyiyang/Documents/GitHub/FURP-2026-Yiyang-GUO-EVRP-TW/reference/VRP-EVRP-Project-Hub"", ""revision"": ""e3a890065105f978187e532642c4442522215e02""}, ""py-ga-VRPTW"": {""dirty"": false, ""path"": ""/Users/guoyiyang/Documents/GitHub/FURP-2026-Yiyang-GUO-EVRP-TW/reference/py-ga-VRPTW"", ""revision"": ""8e005caaaf6471a4505588d88c7f0f5e0d4ebffa""}}",stage03.1_screening_attempt04,,preserve;see stage03_legacy_path_map.csv
stage03.2,cache_incremental,stage03.2_cache_incremental_attempt02,attempt02,stage03.2_cache_incremental_attempt02,stage03.2_cache_incremental_attempt02,formal,r103C10,2014,"[""c101C5"", ""r105C5"", ""rc105C5"", ""c104C10"", ""r103C10"", ""rc102C10"", ""c106C15"", ""r105C15"", ""rc103C15"", ""c101_21"", ""r101_21"", ""rc101_21""]","[2014, 2015, 2016]",events,verified_legacy,results/stage03.2_cache_incremental_attempt02/r103C10/2014/stage03.2_cache_incremental_attempt02_events_r103C10_2014.jsonl,results/stage03.2_cache_incremental_attempt02/events/r103C10-alns_stage02_constraint_guided-2014.jsonl,feasible,,pass,READY_FOR_STAGE03_3,READY_FOR_STAGE03_3,pass,c7bf3926d0bb1a93bf1df35c0274c6ecfc5f7ec15b7f27b29f17bbcf401d9210,raw_manifest,9f624c82445a8c93a5339e9ec5c2a2efc6ea99023cd1c72e12eb247273f53a01,4da5f1da3791d1a2538874fb51d25bff691c1a4039faef054d655af94410d49f,00debfb0e1fa34796b1644a045a064f52cb1f35052df9faa485db4b4f5ff512e,ae6067b977dc03a535fe6b9f98a2fa728c5bf424924461e8e57ef86aff1d1017,b226b97e0e67288aaaf85726ad855df71cb81406685c57c8e8c40cd8996aa0da,468b2d71040b4d7e583c02ca2036c393a50a94c5,False,"{""VRP-EVRP-Project-Hub"": {""dirty"": false, ""path"": ""/Users/guoyiyang/Documents/GitHub/FURP-2026-Yiyang-GUO-EVRP-TW/reference/VRP-EVRP-Project-Hub"", ""revision"": ""e3a890065105f978187e532642c4442522215e02""}, ""py-ga-VRPTW"": {""dirty"": false, ""path"": ""/Users/guoyiyang/Documents/GitHub/FURP-2026-Yiyang-GUO-EVRP-TW/reference/py-ga-VRPTW"", ""revision"": ""8e005caaaf6471a4505588d88c7f0f5e0d4ebffa""}}",stage03.1_screening_attempt04,,preserve;see stage03_legacy_path_map.csv
stage03.2,cache_incremental,stage03.2_cache_incremental_attempt02,attempt02,stage03.2_cache_incremental_attempt02,stage03.2_cache_incremental_attempt02,formal,r103C10,2015,"[""c101C5"", ""r105C5"", ""rc105C5"", ""c104C10"", ""r103C10"", ""rc102C10"", ""c106C15"", ""r105C15"", ""rc103C15"", ""c101_21"", ""r101_21"", ""rc101_21""]","[2014, 2015, 2016]",events,verified_legacy,results/stage03.2_cache_incremental_attempt02/r103C10/2015/stage03.2_cache_incremental_attempt02_events_r103C10_2015.jsonl,results/stage03.2_cache_incremental_attempt02/events/r103C10-alns_stage02_constraint_guided-2015.jsonl,feasible,,pass,READY_FOR_STAGE03_3,READY_FOR_STAGE03_3,pass,4bdd59aef65e967a716a47c49099d1d3c4fd83bf780a27cd56948d61568d83d3,raw_manifest,9f624c82445a8c93a5339e9ec5c2a2efc6ea99023cd1c72e12eb247273f53a01,4da5f1da3791d1a2538874fb51d25bff691c1a4039faef054d655af94410d49f,00debfb0e1fa34796b1644a045a064f52cb1f35052df9faa485db4b4f5ff512e,846c4787de91aa9926220984ea0b8a0eb96705c1f36f8590e6758ab22402c5c7,b226b97e0e67288aaaf85726ad855df71cb81406685c57c8e8c40cd8996aa0da,468b2d71040b4d7e583c02ca2036c393a50a94c5,False,"{""VRP-EVRP-Project-Hub"": {""dirty"": false, ""path"": ""/Users/guoyiyang/Documents/GitHub/FURP-2026-Yiyang-GUO-EVRP-TW/reference/VRP-EVRP-Project-Hub"", ""revision"": ""e3a890065105f978187e532642c4442522215e02""}, ""py-ga-VRPTW"": {""dirty"": false, ""path"": ""/Users/guoyiyang/Documents/GitHub/FURP-2026-Yiyang-GUO-EVRP-TW/reference/py-ga-VRPTW"", ""revision"": ""8e005caaaf6471a4505588d88c7f0f5e0d4ebffa""}}",stage03.1_screening_attempt04,,preserve;see stage03_legacy_path_map.csv
stage03.2,cache_incremental,stage03.2_cache_incremental_attempt02,attempt02,stage03.2_cache_incremental_attempt02,stage03.2_cache_incremental_attempt02,formal,r103C10,2016,"[""c101C5"", ""r105C5"", ""rc105C5"", ""c104C10"", ""r103C10"", ""rc102C10"", ""c106C15"", ""r105C15"", ""rc103C15"", ""c101_21"", ""r101_21"", ""rc101_21""]","[2014, 2015, 2016]",events,verified_legacy,results/stage03.2_cache_incremental_attempt02/r103C10/2016/stage03.2_cache_incremental_attempt02_events_r103C10_2016.jsonl,results/stage03.2_cache_incremental_attempt02/events/r103C10-alns_stage02_constraint_guided-2016.jsonl,feasible,,pass,READY_FOR_STAGE03_3,READY_FOR_STAGE03_3,pass,169bc5a1d021011342d553cd596fcc820e9e49f01762d6841a45cc3c731c03b7,raw_manifest,9f624c82445a8c93a5339e9ec5c2a2efc6ea99023cd1c72e12eb247273f53a01,4da5f1da3791d1a2538874fb51d25bff691c1a4039faef054d655af94410d49f,00debfb0e1fa34796b1644a045a064f52cb1f35052df9faa485db4b4f5ff512e,38850f52b7f96affe5887200ec04f55df31d96454c102b0e96b8da82521ab849,b226b97e0e67288aaaf85726ad855df71cb81406685c57c8e8c40cd8996aa0da,468b2d71040b4d7e583c02ca2036c393a50a94c5,False,"{""VRP-EVRP-Project-Hub"": {""dirty"": false, ""path"": ""/Users/guoyiyang/Documents/GitHub/FURP-2026-Yiyang-GUO-EVRP-TW/reference/VRP-EVRP-Project-Hub"", ""revision"": ""e3a890065105f978187e532642c4442522215e02""}, ""py-ga-VRPTW"": {""dirty"": false, ""path"": ""/Users/guoyiyang/Documents/GitHub/FURP-2026-Yiyang-GUO-EVRP-TW/reference/py-ga-VRPTW"", ""revision"": ""8e005caaaf6471a4505588d88c7f0f5e0d4ebffa""}}",stage03.1_screening_attempt04,,preserve;see stage03_legacy_path_map.csv
stage03.2,cache_incremental,stage03.2_cache_incremental_attempt02,attempt02,stage03.2_cache_incremental_attempt02,stage03.2_cache_incremental_attempt02,formal,r105C15,2014,"[""c101C5"", ""r105C5"", ""rc105C5"", ""c104C10"", ""r103C10"", ""rc102C10"", ""c106C15"", ""r105C15"", ""rc103C15"", ""c101_21"", ""r101_21"", ""rc101_21""]","[2014, 2015, 2016]",events,verified_legacy,results/stage03.2_cache_incremental_attempt02/r105C15/2014/stage03.2_cache_incremental_attempt02_events_r105C15_2014.jsonl,results/stage03.2_cache_incremental_attempt02/events/r105C15-alns_stage02_constraint_guided-2014.jsonl,feasible,,pass,READY_FOR_STAGE03_3,READY_FOR_STAGE03_3,pass,9beae881639c8ec9b7d48f1f0826677524b5105fd57578dc9e04e5daace4b26f,raw_manifest,9f624c82445a8c93a5339e9ec5c2a2efc6ea99023cd1c72e12eb247273f53a01,4da5f1da3791d1a2538874fb51d25bff691c1a4039faef054d655af94410d49f,937f3e630e6afef1a148dc223dd1d6ad2d11cfff557803e68a50e981e3ceaa44,a0671ce5c4c6e19a1b3652bcb45a059e0af5a89a275e75f59dc44be529f48435,b226b97e0e67288aaaf85726ad855df71cb81406685c57c8e8c40cd8996aa0da,468b2d71040b4d7e583c02ca2036c393a50a94c5,False,"{""VRP-EVRP-Project-Hub"": {""dirty"": false, ""path"": ""/Users/guoyiyang/Documents/GitHub/FURP-2026-Yiyang-GUO-EVRP-TW/reference/VRP-EVRP-Project-Hub"", ""revision"": ""e3a890065105f978187e532642c4442522215e02""}, ""py-ga-VRPTW"": {""dirty"": false, ""path"": ""/Users/guoyiyang/Documents/GitHub/FURP-2026-Yiyang-GUO-EVRP-TW/reference/py-ga-VRPTW"", ""revision"": ""8e005caaaf6471a4505588d88c7f0f5e0d4ebffa""}}",stage03.1_screening_attempt04,,preserve;see stage03_legacy_path_map.csv
stage03.2,cache_incremental,stage03.2_cache_incremental_attempt02,attempt02,stage03.2_cache_incremental_attempt02,stage03.2_cache_incremental_attempt02,formal,r105C15,2015,"[""c101C5"", ""r105C5"", ""rc105C5"", ""c104C10"", ""r103C10"", ""rc102C10"", ""c106C15"", ""r105C15"", ""rc103C15"", ""c101_21"", ""r101_21"", ""rc101_21""]","[2014, 2015, 2016]",events,verified_legacy,results/stage03.2_cache_incremental_attempt02/r105C15/2015/stage03.2_cache_incremental_attempt02_events_r105C15_2015.jsonl,results/stage03.2_cache_incremental_attempt02/events/r105C15-alns_stage02_constraint_guided-2015.jsonl,feasible,,pass,READY_FOR_STAGE03_3,READY_FOR_STAGE03_3,pass,e99b81396a5c1c744446c74f277aef6e271804fe5052fca9ebd1e5446d680ce6,raw_manifest,9f624c82445a8c93a5339e9ec5c2a2efc6ea99023cd1c72e12eb247273f53a01,4da5f1da3791d1a2538874fb51d25bff691c1a4039faef054d655af94410d49f,937f3e630e6afef1a148dc223dd1d6ad2d11cfff557803e68a50e981e3ceaa44,791534cce7436742127f6ded8db02548e513b063a0bf9ee13878af662235a24d,b226b97e0e67288aaaf85726ad855df71cb81406685c57c8e8c40cd8996aa0da,468b2d71040b4d7e583c02ca2036c393a50a94c5,False,"{""VRP-EVRP-Project-Hub"": {""dirty"": false, ""path"": ""/Users/guoyiyang/Documents/GitHub/FURP-2026-Yiyang-GUO-EVRP-TW/reference/VRP-EVRP-Project-Hub"", ""revision"": ""e3a890065105f978187e532642c4442522215e02""}, ""py-ga-VRPTW"": {""dirty"": false, ""path"": ""/Users/guoyiyang/Documents/GitHub/FURP-2026-Yiyang-GUO-EVRP-TW/reference/py-ga-VRPTW"", ""revision"": ""8e005caaaf6471a4505588d88c7f0f5e0d4ebffa""}}",stage03.1_screening_attempt04,,preserve;see stage03_legacy_path_map.csv
stage03.2,cache_incremental,stage03.2_cache_incremental_attempt02,attempt02,stage03.2_cache_incremental_attempt02,stage03.2_cache_incremental_attempt02,formal,r105C15,2016,"[""c101C5"", ""r105C5"", ""rc105C5"", ""c104C10"", ""r103C10"", ""rc102C10"", ""c106C15"", ""r105C15"", ""rc103C15"", ""c101_21"", ""r101_21"", ""rc101_21""]","[2014, 2015, 2016]",events,verified_legacy,results/stage03.2_cache_incremental_attempt02/r105C15/2016/stage03.2_cache_incremental_attempt02_events_r105C15_2016.jsonl,results/stage03.2_cache_incremental_attempt02/events/r105C15-alns_stage02_constraint_guided-2016.jsonl,feasible,,pass,READY_FOR_STAGE03_3,READY_FOR_STAGE03_3,pass,dd10994c3aad3b13919be8c2551d215df61c2eae9f9bdc1ccc0603abdf8c2b62,raw_manifest,9f624c82445a8c93a5339e9ec5c2a2efc6ea99023cd1c72e12eb247273f53a01,4da5f1da3791d1a2538874fb51d25bff691c1a4039faef054d655af94410d49f,937f3e630e6afef1a148dc223dd1d6ad2d11cfff557803e68a50e981e3ceaa44,b87bcfe87b65e706e008299f59d9c26485908c2501ed3d557f6a4a173b07d56a,b226b97e0e67288aaaf85726ad855df71cb81406685c57c8e8c40cd8996aa0da,468b2d71040b4d7e583c02ca2036c393a50a94c5,False,"{""VRP-EVRP-Project-Hub"": {""dirty"": false, ""path"": ""/Users/guoyiyang/Documents/GitHub/FURP-2026-Yiyang-GUO-EVRP-TW/reference/VRP-EVRP-Project-Hub"", ""revision"": ""e3a890065105f978187e532642c4442522215e02""}, ""py-ga-VRPTW"": {""dirty"": false, ""path"": ""/Users/guoyiyang/Documents/GitHub/FURP-2026-Yiyang-GUO-EVRP-TW/reference/py-ga-VRPTW"", ""revision"": ""8e005caaaf6471a4505588d88c7f0f5e0d4ebffa""}}",stage03.1_screening_attempt04,,preserve;see stage03_legacy_path_map.csv
stage03.2,cache_incremental,stage03.2_cache_incremental_attempt02,attempt02,stage03.2_cache_incremental_attempt02,stage03.2_cache_incremental_attempt02,formal,r105C5,2014,"[""c101C5"", ""r105C5"", ""rc105C5"", ""c104C10"", ""r103C10"", ""rc102C10"", ""c106C15"", ""r105C15"", ""rc103C15"", ""c101_21"", ""r101_21"", ""rc101_21""]","[2014, 2015, 2016]",events,verified_legacy,results/stage03.2_cache_incremental_attempt02/r105C5/2014/stage03.2_cache_incremental_attempt02_events_r105C5_2014.jsonl,results/stage03.2_cache_incremental_attempt02/events/r105C5-alns_stage02_constraint_guided-2014.jsonl,feasible,,pass,READY_FOR_STAGE03_3,READY_FOR_STAGE03_3,pass,b4e7a0c7c4921a97cd1dee803581e7120e319329cf741a47124b2f6082efd016,raw_manifest,9f624c82445a8c93a5339e9ec5c2a2efc6ea99023cd1c72e12eb247273f53a01,4da5f1da3791d1a2538874fb51d25bff691c1a4039faef054d655af94410d49f,eb27ec04e799ee6d39dee3d66f15128e197811afa8c664295acbdf6444176434,687629b05d656ad59a732976c060addcffdb7b43ba8788586b64025c1ef6f952,b226b97e0e67288aaaf85726ad855df71cb81406685c57c8e8c40cd8996aa0da,468b2d71040b4d7e583c02ca2036c393a50a94c5,False,"{""VRP-EVRP-Project-Hub"": {""dirty"": false, ""path"": ""/Users/guoyiyang/Documents/GitHub/FURP-2026-Yiyang-GUO-EVRP-TW/reference/VRP-EVRP-Project-Hub"", ""revision"": ""e3a890065105f978187e532642c4442522215e02""}, ""py-ga-VRPTW"": {""dirty"": false, ""path"": ""/Users/guoyiyang/Documents/GitHub/FURP-2026-Yiyang-GUO-EVRP-TW/reference/py-ga-VRPTW"", ""revision"": ""8e005caaaf6471a4505588d88c7f0f5e0d4ebffa""}}",stage03.1_screening_attempt04,,preserve;see stage03_legacy_path_map.csv
stage03.2,cache_incremental,stage03.2_cache_incremental_attempt02,attempt02,stage03.2_cache_incremental_attempt02,stage03.2_cache_incremental_attempt02,formal,r105C5,2015,"[""c101C5"", ""r105C5"", ""rc105C5"", ""c104C10"", ""r103C10"", ""rc102C10"", ""c106C15"", ""r105C15"", ""rc103C15"", ""c101_21"", ""r101_21"", ""rc101_21""]","[2014, 2015, 2016]",events,verified_legacy,results/stage03.2_cache_incremental_attempt02/r105C5/2015/stage03.2_cache_incremental_attempt02_events_r105C5_2015.jsonl,results/stage03.2_cache_incremental_attempt02/events/r105C5-alns_stage02_constraint_guided-2015.jsonl,feasible,,pass,READY_FOR_STAGE03_3,READY_FOR_STAGE03_3,pass,f5a27df3f41229436df3278473768d611053b2f14dbb528787c2dd4724e75330,raw_manifest,9f624c82445a8c93a5339e9ec5c2a2efc6ea99023cd1c72e12eb247273f53a01,4da5f1da3791d1a2538874fb51d25bff691c1a4039faef054d655af94410d49f,eb27ec04e799ee6d39dee3d66f15128e197811afa8c664295acbdf6444176434,c53a41a4d826ee06c81e24c26ab939aeb20a1a4631d43f1bc72ec162cf574bd4,b226b97e0e67288aaaf85726ad855df71cb81406685c57c8e8c40cd8996aa0da,468b2d71040b4d7e583c02ca2036c393a50a94c5,False,"{""VRP-EVRP-Project-Hub"": {""dirty"": false, ""path"": ""/Users/guoyiyang/Documents/GitHub/FURP-2026-Yiyang-GUO-EVRP-TW/reference/VRP-EVRP-Project-Hub"", ""revision"": ""e3a890065105f978187e532642c4442522215e02""}, ""py-ga-VRPTW"": {""dirty"": false, ""path"": ""/Users/guoyiyang/Documents/GitHub/FURP-2026-Yiyang-GUO-EVRP-TW/reference/py-ga-VRPTW"", ""revision"": ""8e005caaaf6471a4505588d88c7f0f5e0d4ebffa""}}",stage03.1_screening_attempt04,,preserve;see stage03_legacy_path_map.csv
stage03.2,cache_incremental,stage03.2_cache_incremental_attempt02,attempt02,stage03.2_cache_incremental_attempt02,stage03.2_cache_incremental_attempt02,formal,r105C5,2016,"[""c101C5"", ""r105C5"", ""rc105C5"", ""c104C10"", ""r103C10"", ""rc102C10"", ""c106C15"", ""r105C15"", ""rc103C15"", ""c101_21"", ""r101_21"", ""rc101_21""]","[2014, 2015, 2016]",events,verified_legacy,results/stage03.2_cache_incremental_attempt02/r105C5/2016/stage03.2_cache_incremental_attempt02_events_r105C5_2016.jsonl,results/stage03.2_cache_incremental_attempt02/events/r105C5-alns_stage02_constraint_guided-2016.jsonl,feasible,,pass,READY_FOR_STAGE03_3,READY_FOR_STAGE03_3,pass,301aa29165942343d5e4adc16ddca0ace2f19b059d55581ddff8cf1a876f1b70,raw_manifest,9f624c82445a8c93a5339e9ec5c2a2efc6ea99023cd1c72e12eb247273f53a01,4da5f1da3791d1a2538874fb51d25bff691c1a4039faef054d655af94410d49f,eb27ec04e799ee6d39dee3d66f15128e197811afa8c664295acbdf6444176434,17d5d56c56a32527b30c4ad1db5fd57846d63b6088fcaf88d84a6da33ebbbc30,b226b97e0e67288aaaf85726ad855df71cb81406685c57c8e8c40cd8996aa0da,468b2d71040b4d7e583c02ca2036c393a50a94c5,False,"{""VRP-EVRP-Project-Hub"": {""dirty"": false, ""path"": ""/Users/guoyiyang/Documents/GitHub/FURP-2026-Yiyang-GUO-EVRP-TW/reference/VRP-EVRP-Project-Hub"", ""revision"": ""e3a890065105f978187e532642c4442522215e02""}, ""py-ga-VRPTW"": {""dirty"": false, ""path"": ""/Users/guoyiyang/Documents/GitHub/FURP-2026-Yiyang-GUO-EVRP-TW/reference/py-ga-VRPTW"", ""revision"": ""8e005caaaf6471a4505588d88c7f0f5e0d4ebffa""}}",stage03.1_screening_attempt04,,preserve;see stage03_legacy_path_map.csv
stage03.2,cache_incremental,stage03.2_cache_incremental_attempt02,attempt02,stage03.2_cache_incremental_attempt02,stage03.2_cache_incremental_attempt02,formal,rc101_21,2014,"[""c101C5"", ""r105C5"", ""rc105C5"", ""c104C10"", ""r103C10"", ""rc102C10"", ""c106C15"", ""r105C15"", ""rc103C15"", ""c101_21"", ""r101_21"", ""rc101_21""]","[2014, 2015, 2016]",events,verified_legacy,results/stage03.2_cache_incremental_attempt02/rc101_21/2014/stage03.2_cache_incremental_attempt02_events_rc101_21_2014.jsonl,results/stage03.2_cache_incremental_attempt02/events/rc101_21-alns_stage02_constraint_guided-2014.jsonl,feasible,,pass,READY_FOR_STAGE03_3,READY_FOR_STAGE03_3,pass,0db0a34496c4689eb5300b70819e25cbd104fb7ff4e7b3a3355714cd7666b1fa,raw_manifest,9f624c82445a8c93a5339e9ec5c2a2efc6ea99023cd1c72e12eb247273f53a01,4da5f1da3791d1a2538874fb51d25bff691c1a4039faef054d655af94410d49f,272a3e58d53d4ba9516f01506164cf8a9b98bfeeb8dbd1fd62f6557e4c98e3a1,1be1c9ad1b809d2ddbc8bd78bf0357d2346b8f0abf3ce9464eb84a30276cfe06,b226b97e0e67288aaaf85726ad855df71cb81406685c57c8e8c40cd8996aa0da,468b2d71040b4d7e583c02ca2036c393a50a94c5,False,"{""VRP-EVRP-Project-Hub"": {""dirty"": false, ""path"": ""/Users/guoyiyang/Documents/GitHub/FURP-2026-Yiyang-GUO-EVRP-TW/reference/VRP-EVRP-Project-Hub"", ""revision"": ""e3a890065105f978187e532642c4442522215e02""}, ""py-ga-VRPTW"": {""dirty"": false, ""path"": ""/Users/guoyiyang/Documents/GitHub/FURP-2026-Yiyang-GUO-EVRP-TW/reference/py-ga-VRPTW"", ""revision"": ""8e005caaaf6471a4505588d88c7f0f5e0d4ebffa""}}",stage03.1_screening_attempt04,,preserve;see stage03_legacy_path_map.csv
stage03.2,cache_incremental,stage03.2_cache_incremental_attempt02,attempt02,stage03.2_cache_incremental_attempt02,stage03.2_cache_incremental_attempt02,formal,rc101_21,2015,"[""c101C5"", ""r105C5"", ""rc105C5"", ""c104C10"", ""r103C10"", ""rc102C10"", ""c106C15"", ""r105C15"", ""rc103C15"", ""c101_21"", ""r101_21"", ""rc101_21""]","[2014, 2015, 2016]",events,verified_legacy,results/stage03.2_cache_incremental_attempt02/rc101_21/2015/stage03.2_cache_incremental_attempt02_events_rc101_21_2015.jsonl,results/stage03.2_cache_incremental_attempt02/events/rc101_21-alns_stage02_constraint_guided-2015.jsonl,feasible,,pass,READY_FOR_STAGE03_3,READY_FOR_STAGE03_3,pass,f54f665f4c82696590602b359b1e76fb9e809c4809425f2138b1cd61156ef8b7,raw_manifest,9f624c82445a8c93a5339e9ec5c2a2efc6ea99023cd1c72e12eb247273f53a01,4da5f1da3791d1a2538874fb51d25bff691c1a4039faef054d655af94410d49f,272a3e58d53d4ba9516f01506164cf8a9b98bfeeb8dbd1fd62f6557e4c98e3a1,d3cc33167d4b0c39f2e328a9f49bea12cdb6ffa1c8d325dab2da160c5e693623,b226b97e0e67288aaaf85726ad855df71cb81406685c57c8e8c40cd8996aa0da,468b2d71040b4d7e583c02ca2036c393a50a94c5,False,"{""VRP-EVRP-Project-Hub"": {""dirty"": false, ""path"": ""/Users/guoyiyang/Documents/GitHub/FURP-2026-Yiyang-GUO-EVRP-TW/reference/VRP-EVRP-Project-Hub"", ""revision"": ""e3a890065105f978187e532642c4442522215e02""}, ""py-ga-VRPTW"": {""dirty"": false, ""path"": ""/Users/guoyiyang/Documents/GitHub/FURP-2026-Yiyang-GUO-EVRP-TW/reference/py-ga-VRPTW"", ""revision"": ""8e005caaaf6471a4505588d88c7f0f5e0d4ebffa""}}",stage03.1_screening_attempt04,,preserve;see stage03_legacy_path_map.csv
stage03.2,cache_incremental,stage03.2_cache_incremental_attempt02,attempt02,stage03.2_cache_incremental_attempt02,stage03.2_cache_incremental_attempt02,formal,rc101_21,2016,"[""c101C5"", ""r105C5"", ""rc105C5"", ""c104C10"", ""r103C10"", ""rc102C10"", ""c106C15"", ""r105C15"", ""rc103C15"", ""c101_21"", ""r101_21"", ""rc101_21""]","[2014, 2015, 2016]",events,verified_legacy,results/stage03.2_cache_incremental_attempt02/rc101_21/2016/stage03.2_cache_incremental_attempt02_events_rc101_21_2016.jsonl,results/stage03.2_cache_incremental_attempt02/events/rc101_21-alns_stage02_constraint_guided-2016.jsonl,feasible,,pass,READY_FOR_STAGE03_3,READY_FOR_STAGE03_3,pass,2ba2aa1df875e548e395063157ed19553c435cc7b28e66159b6cba15c5cf40c0,raw_manifest,9f624c82445a8c93a5339e9ec5c2a2efc6ea99023cd1c72e12eb247273f53a01,4da5f1da3791d1a2538874fb51d25bff691c1a4039faef054d655af94410d49f,272a3e58d53d4ba9516f01506164cf8a9b98bfeeb8dbd1fd62f6557e4c98e3a1,868deb754a627a449c71c29391a1e1efff01cd82771b2a94a27d030db33a5ce2,b226b97e0e67288aaaf85726ad855df71cb81406685c57c8e8c40cd8996aa0da,468b2d71040b4d7e583c02ca2036c393a50a94c5,False,"{""VRP-EVRP-Project-Hub"": {""dirty"": false, ""path"": ""/Users/guoyiyang/Documents/GitHub/FURP-2026-Yiyang-GUO-EVRP-TW/reference/VRP-EVRP-Project-Hub"", ""revision"": ""e3a890065105f978187e532642c4442522215e02""}, ""py-ga-VRPTW"": {""dirty"": false, ""path"": ""/Users/guoyiyang/Documents/GitHub/FURP-2026-Yiyang-GUO-EVRP-TW/reference/py-ga-VRPTW"", ""revision"": ""8e005caaaf6471a4505588d88c7f0f5e0d4ebffa""}}",stage03.1_screening_attempt04,,preserve;see stage03_legacy_path_map.csv
stage03.2,cache_incremental,stage03.2_cache_incremental_attempt02,attempt02,stage03.2_cache_incremental_attempt02,stage03.2_cache_incremental_attempt02,formal,rc102C10,2014,"[""c101C5"", ""r105C5"", ""rc105C5"", ""c104C10"", ""r103C10"", ""rc102C10"", ""c106C15"", ""r105C15"", ""rc103C15"", ""c101_21"", ""r101_21"", ""rc101_21""]","[2014, 2015, 2016]",events,verified_legacy,results/stage03.2_cache_incremental_attempt02/rc102C10/2014/stage03.2_cache_incremental_attempt02_events_rc102C10_2014.jsonl,results/stage03.2_cache_incremental_attempt02/events/rc102C10-alns_stage02_constraint_guided-2014.jsonl,feasible,,pass,READY_FOR_STAGE03_3,READY_FOR_STAGE03_3,pass,b94dd780f733ba1a5d4b776f1e08c0f867b1f119fed3a10a31c83fad7f6d6a0f,raw_manifest,9f624c82445a8c93a5339e9ec5c2a2efc6ea99023cd1c72e12eb247273f53a01,4da5f1da3791d1a2538874fb51d25bff691c1a4039faef054d655af94410d49f,b85edffa9a896007203a8f6688731b66fcaeedada2b6deae0a3e3ca4a1a0d1a6,30592915a8e0540770b5787f2773e1913e3149b927826f82d6847e95d5cd8472,b226b97e0e67288aaaf85726ad855df71cb81406685c57c8e8c40cd8996aa0da,468b2d71040b4d7e583c02ca2036c393a50a94c5,False,"{""VRP-EVRP-Project-Hub"": {""dirty"": false, ""path"": ""/Users/guoyiyang/Documents/GitHub/FURP-2026-Yiyang-GUO-EVRP-TW/reference/VRP-EVRP-Project-Hub"", ""revision"": ""e3a890065105f978187e532642c4442522215e02""}, ""py-ga-VRPTW"": {""dirty"": false, ""path"": ""/Users/guoyiyang/Documents/GitHub/FURP-2026-Yiyang-GUO-EVRP-TW/reference/py-ga-VRPTW"", ""revision"": ""8e005caaaf6471a4505588d88c7f0f5e0d4ebffa""}}",stage03.1_screening_attempt04,,preserve;see stage03_legacy_path_map.csv
stage03.2,cache_incremental,stage03.2_cache_incremental_attempt02,attempt02,stage03.2_cache_incremental_attempt02,stage03.2_cache_incremental_attempt02,formal,rc102C10,2015,"[""c101C5"", ""r105C5"", ""rc105C5"", ""c104C10"", ""r103C10"", ""rc102C10"", ""c106C15"", ""r105C15"", ""rc103C15"", ""c101_21"", ""r101_21"", ""rc101_21""]","[2014, 2015, 2016]",events,verified_legacy,results/stage03.2_cache_incremental_attempt02/rc102C10/2015/stage03.2_cache_incremental_attempt02_events_rc102C10_2015.jsonl,results/stage03.2_cache_incremental_attempt02/events/rc102C10-alns_stage02_constraint_guided-2015.jsonl,feasible,,pass,READY_FOR_STAGE03_3,READY_FOR_STAGE03_3,pass,e34c2bd1456e4727142de8692aa6fcdaf8a4fe7c7b2de7302dedd44d7a38ac10,raw_manifest,9f624c82445a8c93a5339e9ec5c2a2efc6ea99023cd1c72e12eb247273f53a01,4da5f1da3791d1a2538874fb51d25bff691c1a4039faef054d655af94410d49f,b85edffa9a896007203a8f6688731b66fcaeedada2b6deae0a3e3ca4a1a0d1a6,023f8e4be5f9e20c2232eaceb87f5f600147af515e60866a7c4c9f6d7dea7395,b226b97e0e67288aaaf85726ad855df71cb81406685c57c8e8c40cd8996aa0da,468b2d71040b4d7e583c02ca2036c393a50a94c5,False,"{""VRP-EVRP-Project-Hub"": {""dirty"": false, ""path"": ""/Users/guoyiyang/Documents/GitHub/FURP-2026-Yiyang-GUO-EVRP-TW/reference/VRP-EVRP-Project-Hub"", ""revision"": ""e3a890065105f978187e532642c4442522215e02""}, ""py-ga-VRPTW"": {""dirty"": false, ""path"": ""/Users/guoyiyang/Documents/GitHub/FURP-2026-Yiyang-GUO-EVRP-TW/reference/py-ga-VRPTW"", ""revision"": ""8e005caaaf6471a4505588d88c7f0f5e0d4ebffa""}}",stage03.1_screening_attempt04,,preserve;see stage03_legacy_path_map.csv
stage03.2,cache_incremental,stage03.2_cache_incremental_attempt02,attempt02,stage03.2_cache_incremental_attempt02,stage03.2_cache_incremental_attempt02,formal,rc102C10,2016,"[""c101C5"", ""r105C5"", ""rc105C5"", ""c104C10"", ""r103C10"", ""rc102C10"", ""c106C15"", ""r105C15"", ""rc103C15"", ""c101_21"", ""r101_21"", ""rc101_21""]","[2014, 2015, 2016]",events,verified_legacy,results/stage03.2_cache_incremental_attempt02/rc102C10/2016/stage03.2_cache_incremental_attempt02_events_rc102C10_2016.jsonl,results/stage03.2_cache_incremental_attempt02/events/rc102C10-alns_stage02_constraint_guided-2016.jsonl,feasible,,pass,READY_FOR_STAGE03_3,READY_FOR_STAGE03_3,pass,df3576a5029d4de894a28c5e749eb08ffb8060dddd5953532788d1ed97ceda7c,raw_manifest,9f624c82445a8c93a5339e9ec5c2a2efc6ea99023cd1c72e12eb247273f53a01,4da5f1da3791d1a2538874fb51d25bff691c1a4039faef054d655af94410d49f,b85edffa9a896007203a8f6688731b66fcaeedada2b6deae0a3e3ca4a1a0d1a6,cdea0ebec70e6eb3005ab0d757e4ace590c1729aad135cdee956a74926aaf2b0,b226b97e0e67288aaaf85726ad855df71cb81406685c57c8e8c40cd8996aa0da,468b2d71040b4d7e583c02ca2036c393a50a94c5,False,"{""VRP-EVRP-Project-Hub"": {""dirty"": false, ""path"": ""/Users/guoyiyang/Documents/GitHub/FURP-2026-Yiyang-GUO-EVRP-TW/reference/VRP-EVRP-Project-Hub"", ""revision"": ""e3a890065105f978187e532642c4442522215e02""}, ""py-ga-VRPTW"": {""dirty"": false, ""path"": ""/Users/guoyiyang/Documents/GitHub/FURP-2026-Yiyang-GUO-EVRP-TW/reference/py-ga-VRPTW"", ""revision"": ""8e005caaaf6471a4505588d88c7f0f5e0d4ebffa""}}",stage03.1_screening_attempt04,,preserve;see stage03_legacy_path_map.csv
stage03.2,cache_incremental,stage03.2_cache_incremental_attempt02,attempt02,stage03.2_cache_incremental_attempt02,stage03.2_cache_incremental_attempt02,formal,rc103C15,2014,"[""c101C5"", ""r105C5"", ""rc105C5"", ""c104C10"", ""r103C10"", ""rc102C10"", ""c106C15"", ""r105C15"", ""rc103C15"", ""c101_21"", ""r101_21"", ""rc101_21""]","[2014, 2015, 2016]",events,verified_legacy,results/stage03.2_cache_incremental_attempt02/rc103C15/2014/stage03.2_cache_incremental_attempt02_events_rc103C15_2014.jsonl,results/stage03.2_cache_incremental_attempt02/events/rc103C15-alns_stage02_constraint_guided-2014.jsonl,feasible,,pass,READY_FOR_STAGE03_3,READY_FOR_STAGE03_3,pass,d7761e4ec5063c78b85280e3ef3cb2f2b48c4a27e5351fd730af8c6acdeb1d04,raw_manifest,9f624c82445a8c93a5339e9ec5c2a2efc6ea99023cd1c72e12eb247273f53a01,4da5f1da3791d1a2538874fb51d25bff691c1a4039faef054d655af94410d49f,51cbd950e7a76acae3add1f93d4c5f3b906f1e0ca5b47f46b068ff4f52e43c4a,89ba61b279cc1205224a6646eb5fd210144a597584321fad929d2cb5592266ab,b226b97e0e67288aaaf85726ad855df71cb81406685c57c8e8c40cd8996aa0da,468b2d71040b4d7e583c02ca2036c393a50a94c5,False,"{""VRP-EVRP-Project-Hub"": {""dirty"": false, ""path"": ""/Users/guoyiyang/Documents/GitHub/FURP-2026-Yiyang-GUO-EVRP-TW/reference/VRP-EVRP-Project-Hub"", ""revision"": ""e3a890065105f978187e532642c4442522215e02""}, ""py-ga-VRPTW"": {""dirty"": false, ""path"": ""/Users/guoyiyang/Documents/GitHub/FURP-2026-Yiyang-GUO-EVRP-TW/reference/py-ga-VRPTW"", ""revision"": ""8e005caaaf6471a4505588d88c7f0f5e0d4ebffa""}}",stage03.1_screening_attempt04,,preserve;see stage03_legacy_path_map.csv
stage03.2,cache_incremental,stage03.2_cache_incremental_attempt02,attempt02,stage03.2_cache_incremental_attempt02,stage03.2_cache_incremental_attempt02,formal,rc103C15,2015,"[""c101C5"", ""r105C5"", ""rc105C5"", ""c104C10"", ""r103C10"", ""rc102C10"", ""c106C15"", ""r105C15"", ""rc103C15"", ""c101_21"", ""r101_21"", ""rc101_21""]","[2014, 2015, 2016]",events,verified_legacy,results/stage03.2_cache_incremental_attempt02/rc103C15/2015/stage03.2_cache_incremental_attempt02_events_rc103C15_2015.jsonl,results/stage03.2_cache_incremental_attempt02/events/rc103C15-alns_stage02_constraint_guided-2015.jsonl,feasible,,pass,READY_FOR_STAGE03_3,READY_FOR_STAGE03_3,pass,fc255dfa19679a6d7faeb60a73721621c267ef3fd9f49c2e441a5e4b4b6fc758,raw_manifest,9f624c82445a8c93a5339e9ec5c2a2efc6ea99023cd1c72e12eb247273f53a01,4da5f1da3791d1a2538874fb51d25bff691c1a4039faef054d655af94410d49f,51cbd950e7a76acae3add1f93d4c5f3b906f1e0ca5b47f46b068ff4f52e43c4a,c24d6db2ef9dead78e06ba5728ab5bec4c49acbe60fbb6879e6359a50bdc72f7,b226b97e0e67288aaaf85726ad855df71cb81406685c57c8e8c40cd8996aa0da,468b2d71040b4d7e583c02ca2036c393a50a94c5,False,"{""VRP-EVRP-Project-Hub"": {""dirty"": false, ""path"": ""/Users/guoyiyang/Documents/GitHub/FURP-2026-Yiyang-GUO-EVRP-TW/reference/VRP-EVRP-Project-Hub"", ""revision"": ""e3a890065105f978187e532642c4442522215e02""}, ""py-ga-VRPTW"": {""dirty"": false, ""path"": ""/Users/guoyiyang/Documents/GitHub/FURP-2026-Yiyang-GUO-EVRP-TW/reference/py-ga-VRPTW"", ""revision"": ""8e005caaaf6471a4505588d88c7f0f5e0d4ebffa""}}",stage03.1_screening_attempt04,,preserve;see stage03_legacy_path_map.csv
stage03.2,cache_incremental,stage03.2_cache_incremental_attempt02,attempt02,stage03.2_cache_incremental_attempt02,stage03.2_cache_incremental_attempt02,formal,rc103C15,2016,"[""c101C5"", ""r105C5"", ""rc105C5"", ""c104C10"", ""r103C10"", ""rc102C10"", ""c106C15"", ""r105C15"", ""rc103C15"", ""c101_21"", ""r101_21"", ""rc101_21""]","[2014, 2015, 2016]",events,verified_legacy,results/stage03.2_cache_incremental_attempt02/rc103C15/2016/stage03.2_cache_incremental_attempt02_events_rc103C15_2016.jsonl,results/stage03.2_cache_incremental_attempt02/events/rc103C15-alns_stage02_constraint_guided-2016.jsonl,feasible,,pass,READY_FOR_STAGE03_3,READY_FOR_STAGE03_3,pass,0c0b07704f24b58ad5c474c89ee0687dac01dc209b95c8d0d8d8db534efbe044,raw_manifest,9f624c82445a8c93a5339e9ec5c2a2efc6ea99023cd1c72e12eb247273f53a01,4da5f1da3791d1a2538874fb51d25bff691c1a4039faef054d655af94410d49f,51cbd950e7a76acae3add1f93d4c5f3b906f1e0ca5b47f46b068ff4f52e43c4a,feabe6bb15e9d264c60cfea8ba71300662d1c5b7fc14537178fb81e78948b3fb,b226b97e0e67288aaaf85726ad855df71cb81406685c57c8e8c40cd8996aa0da,468b2d71040b4d7e583c02ca2036c393a50a94c5,False,"{""VRP-EVRP-Project-Hub"": {""dirty"": false, ""path"": ""/Users/guoyiyang/Documents/GitHub/FURP-2026-Yiyang-GUO-EVRP-TW/reference/VRP-EVRP-Project-Hub"", ""revision"": ""e3a890065105f978187e532642c4442522215e02""}, ""py-ga-VRPTW"": {""dirty"": false, ""path"": ""/Users/guoyiyang/Documents/GitHub/FURP-2026-Yiyang-GUO-EVRP-TW/reference/py-ga-VRPTW"", ""revision"": ""8e005caaaf6471a4505588d88c7f0f5e0d4ebffa""}}",stage03.1_screening_attempt04,,preserve;see stage03_legacy_path_map.csv
stage03.2,cache_incremental,stage03.2_cache_incremental_attempt02,attempt02,stage03.2_cache_incremental_attempt02,stage03.2_cache_incremental_attempt02,formal,rc105C5,2014,"[""c101C5"", ""r105C5"", ""rc105C5"", ""c104C10"", ""r103C10"", ""rc102C10"", ""c106C15"", ""r105C15"", ""rc103C15"", ""c101_21"", ""r101_21"", ""rc101_21""]","[2014, 2015, 2016]",events,verified_legacy,results/stage03.2_cache_incremental_attempt02/rc105C5/2014/stage03.2_cache_incremental_attempt02_events_rc105C5_2014.jsonl,results/stage03.2_cache_incremental_attempt02/events/rc105C5-alns_stage02_constraint_guided-2014.jsonl,feasible,,pass,READY_FOR_STAGE03_3,READY_FOR_STAGE03_3,pass,93c4f73651d5e1e928b7afebe727b713ad014cce7f4689fd491ec4a41d7b45ba,raw_manifest,9f624c82445a8c93a5339e9ec5c2a2efc6ea99023cd1c72e12eb247273f53a01,4da5f1da3791d1a2538874fb51d25bff691c1a4039faef054d655af94410d49f,2ccfba6c447fa43a994934690acb67c7355ca04d232394907ed6938bc362c643,5199da47f4b1484c30cc762bfbe4028bdd832a3773b723e52af5174b2f2091df,b226b97e0e67288aaaf85726ad855df71cb81406685c57c8e8c40cd8996aa0da,468b2d71040b4d7e583c02ca2036c393a50a94c5,False,"{""VRP-EVRP-Project-Hub"": {""dirty"": false, ""path"": ""/Users/guoyiyang/Documents/GitHub/FURP-2026-Yiyang-GUO-EVRP-TW/reference/VRP-EVRP-Project-Hub"", ""revision"": ""e3a890065105f978187e532642c4442522215e02""}, ""py-ga-VRPTW"": {""dirty"": false, ""path"": ""/Users/guoyiyang/Documents/GitHub/FURP-2026-Yiyang-GUO-EVRP-TW/reference/py-ga-VRPTW"", ""revision"": ""8e005caaaf6471a4505588d88c7f0f5e0d4ebffa""}}",stage03.1_screening_attempt04,,preserve;see stage03_legacy_path_map.csv
stage03.2,cache_incremental,stage03.2_cache_incremental_attempt02,attempt02,stage03.2_cache_incremental_attempt02,stage03.2_cache_incremental_attempt02,formal,rc105C5,2015,"[""c101C5"", ""r105C5"", ""rc105C5"", ""c104C10"", ""r103C10"", ""rc102C10"", ""c106C15"", ""r105C15"", ""rc103C15"", ""c101_21"", ""r101_21"", ""rc101_21""]","[2014, 2015, 2016]",events,verified_legacy,results/stage03.2_cache_incremental_attempt02/rc105C5/2015/stage03.2_cache_incremental_attempt02_events_rc105C5_2015.jsonl,results/stage03.2_cache_incremental_attempt02/events/rc105C5-alns_stage02_constraint_guided-2015.jsonl,feasible,,pass,READY_FOR_STAGE03_3,READY_FOR_STAGE03_3,pass,8cba352728bbe15bdbe91f2f444cf1a88c0bbd34285c665df0236547ded3e7b6,raw_manifest,9f624c82445a8c93a5339e9ec5c2a2efc6ea99023cd1c72e12eb247273f53a01,4da5f1da3791d1a2538874fb51d25bff691c1a4039faef054d655af94410d49f,2ccfba6c447fa43a994934690acb67c7355ca04d232394907ed6938bc362c643,c7cfb9824fbd971e896cdf395e576baa2ca05873fce87cc4357ac65e610044d4,b226b97e0e67288aaaf85726ad855df71cb81406685c57c8e8c40cd8996aa0da,468b2d71040b4d7e583c02ca2036c393a50a94c5,False,"{""VRP-EVRP-Project-Hub"": {""dirty"": false, ""path"": ""/Users/guoyiyang/Documents/GitHub/FURP-2026-Yiyang-GUO-EVRP-TW/reference/VRP-EVRP-Project-Hub"", ""revision"": ""e3a890065105f978187e532642c4442522215e02""}, ""py-ga-VRPTW"": {""dirty"": false, ""path"": ""/Users/guoyiyang/Documents/GitHub/FURP-2026-Yiyang-GUO-EVRP-TW/reference/py-ga-VRPTW"", ""revision"": ""8e005caaaf6471a4505588d88c7f0f5e0d4ebffa""}}",stage03.1_screening_attempt04,,preserve;see stage03_legacy_path_map.csv
stage03.2,cache_incremental,stage03.2_cache_incremental_attempt02,attempt02,stage03.2_cache_incremental_attempt02,stage03.2_cache_incremental_attempt02,formal,rc105C5,2016,"[""c101C5"", ""r105C5"", ""rc105C5"", ""c104C10"", ""r103C10"", ""rc102C10"", ""c106C15"", ""r105C15"", ""rc103C15"", ""c101_21"", ""r101_21"", ""rc101_21""]","[2014, 2015, 2016]",events,verified_legacy,results/stage03.2_cache_incremental_attempt02/rc105C5/2016/stage03.2_cache_incremental_attempt02_events_rc105C5_2016.jsonl,results/stage03.2_cache_incremental_attempt02/events/rc105C5-alns_stage02_constraint_guided-2016.jsonl,feasible,,pass,READY_FOR_STAGE03_3,READY_FOR_STAGE03_3,pass,d53f3e1065f525d9730c77f058d2cba2fca5c274a8266b12866c3b1be3007ba7,raw_manifest,9f624c82445a8c93a5339e9ec5c2a2efc6ea99023cd1c72e12eb247273f53a01,4da5f1da3791d1a2538874fb51d25bff691c1a4039faef054d655af94410d49f,2ccfba6c447fa43a994934690acb67c7355ca04d232394907ed6938bc362c643,4a93fd8f28581b1624029de249065d17745ddced424b84147c86d53a0ac0088d,b226b97e0e67288aaaf85726ad855df71cb81406685c57c8e8c40cd8996aa0da,468b2d71040b4d7e583c02ca2036c393a50a94c5,False,"{""VRP-EVRP-Project-Hub"": {""dirty"": false, ""path"": ""/Users/guoyiyang/Documents/GitHub/FURP-2026-Yiyang-GUO-EVRP-TW/reference/VRP-EVRP-Project-Hub"", ""revision"": ""e3a890065105f978187e532642c4442522215e02""}, ""py-ga-VRPTW"": {""dirty"": false, ""path"": ""/Users/guoyiyang/Documents/GitHub/FURP-2026-Yiyang-GUO-EVRP-TW/reference/py-ga-VRPTW"", ""revision"": ""8e005caaaf6471a4505588d88c7f0f5e0d4ebffa""}}",stage03.1_screening_attempt04,,preserve;see stage03_legacy_path_map.csv
stage03.2,cache_incremental,stage03.2_cache_incremental_attempt02,attempt02,stage03.2_cache_incremental_attempt02,stage03.2_cache_incremental_attempt02,formal,__all__,__all__,"[""c101C5"", ""r105C5"", ""rc105C5"", ""c104C10"", ""r103C10"", ""rc102C10"", ""c106C15"", ""r105C15"", ""rc103C15"", ""c101_21"", ""r101_21"", ""rc101_21""]","[2014, 2015, 2016]",manifest,verified_legacy,results/stage03.2_cache_incremental_attempt02/control/stage03.2_cache_incremental_attempt02_manifest.json,results/stage03.2_cache_incremental_attempt02/manifest.json,feasible,,pass,READY_FOR_STAGE03_3,READY_FOR_STAGE03_3,pass,4a81673b678cb7844b8541974f47fc63b3728a8e4121438a5397fa3e903ce5db,computed,9f624c82445a8c93a5339e9ec5c2a2efc6ea99023cd1c72e12eb247273f53a01,4da5f1da3791d1a2538874fb51d25bff691c1a4039faef054d655af94410d49f,,,b226b97e0e67288aaaf85726ad855df71cb81406685c57c8e8c40cd8996aa0da,468b2d71040b4d7e583c02ca2036c393a50a94c5,False,"{""VRP-EVRP-Project-Hub"": {""dirty"": false, ""path"": ""/Users/guoyiyang/Documents/GitHub/FURP-2026-Yiyang-GUO-EVRP-TW/reference/VRP-EVRP-Project-Hub"", ""revision"": ""e3a890065105f978187e532642c4442522215e02""}, ""py-ga-VRPTW"": {""dirty"": false, ""path"": ""/Users/guoyiyang/Documents/GitHub/FURP-2026-Yiyang-GUO-EVRP-TW/reference/py-ga-VRPTW"", ""revision"": ""8e005caaaf6471a4505588d88c7f0f5e0d4ebffa""}}",stage03.1_screening_attempt04,,preserve;see stage03_legacy_path_map.csv
stage03.2,cache_incremental,stage03.2_cache_incremental_attempt02,attempt02,stage03.2_cache_incremental_attempt02,stage03.2_cache_incremental_attempt02,formal,__all__,__all__,"[""c101C5"", ""r105C5"", ""rc105C5"", ""c104C10"", ""r103C10"", ""rc102C10"", ""c106C15"", ""r105C15"", ""rc103C15"", ""c101_21"", ""r101_21"", ""rc101_21""]","[2014, 2015, 2016]",manifest_checksum,verified_legacy,results/stage03.2_cache_incremental_attempt02/control/stage03.2_cache_incremental_attempt02_manifest_checksum.sha256,results/stage03.2_cache_incremental_attempt02/manifest.sha256,feasible,,pass,READY_FOR_STAGE03_3,READY_FOR_STAGE03_3,pass,fdf3cacf006a41c8be04e42cad7ce30a2e7b8c93342a4dfe68f70a391897f1b1,computed,9f624c82445a8c93a5339e9ec5c2a2efc6ea99023cd1c72e12eb247273f53a01,4da5f1da3791d1a2538874fb51d25bff691c1a4039faef054d655af94410d49f,,,b226b97e0e67288aaaf85726ad855df71cb81406685c57c8e8c40cd8996aa0da,468b2d71040b4d7e583c02ca2036c393a50a94c5,False,"{""VRP-EVRP-Project-Hub"": {""dirty"": false, ""path"": ""/Users/guoyiyang/Documents/GitHub/FURP-2026-Yiyang-GUO-EVRP-TW/reference/VRP-EVRP-Project-Hub"", ""revision"": ""e3a890065105f978187e532642c4442522215e02""}, ""py-ga-VRPTW"": {""dirty"": false, ""path"": ""/Users/guoyiyang/Documents/GitHub/FURP-2026-Yiyang-GUO-EVRP-TW/reference/py-ga-VRPTW"", ""revision"": ""8e005caaaf6471a4505588d88c7f0f5e0d4ebffa""}}",stage03.1_screening_attempt04,,preserve;see stage03_legacy_path_map.csv
stage03.2,cache_incremental,stage03.2_cache_incremental_attempt02,attempt02,stage03.2_cache_incremental_attempt02,stage03.2_cache_incremental_attempt02,formal,__all__,__all__,"[""c101C5"", ""r105C5"", ""rc105C5"", ""c104C10"", ""r103C10"", ""rc102C10"", ""c106C15"", ""r105C15"", ""rc103C15"", ""c101_21"", ""r101_21"", ""rc101_21""]","[2014, 2015, 2016]",config,verified_legacy,results/stage03.2_cache_incremental_attempt02/control/stage03.2_cache_incremental_attempt02_config.toml,results/stage03.2_cache_incremental_attempt02/parameters.toml,feasible,,pass,READY_FOR_STAGE03_3,READY_FOR_STAGE03_3,pass,4da5f1da3791d1a2538874fb51d25bff691c1a4039faef054d655af94410d49f,raw_manifest,9f624c82445a8c93a5339e9ec5c2a2efc6ea99023cd1c72e12eb247273f53a01,4da5f1da3791d1a2538874fb51d25bff691c1a4039faef054d655af94410d49f,,,b226b97e0e67288aaaf85726ad855df71cb81406685c57c8e8c40cd8996aa0da,468b2d71040b4d7e583c02ca2036c393a50a94c5,False,"{""VRP-EVRP-Project-Hub"": {""dirty"": false, ""path"": ""/Users/guoyiyang/Documents/GitHub/FURP-2026-Yiyang-GUO-EVRP-TW/reference/VRP-EVRP-Project-Hub"", ""revision"": ""e3a890065105f978187e532642c4442522215e02""}, ""py-ga-VRPTW"": {""dirty"": false, ""path"": ""/Users/guoyiyang/Documents/GitHub/FURP-2026-Yiyang-GUO-EVRP-TW/reference/py-ga-VRPTW"", ""revision"": ""8e005caaaf6471a4505588d88c7f0f5e0d4ebffa""}}",stage03.1_screening_attempt04,,preserve;see stage03_legacy_path_map.csv
stage03.2,cache_incremental,stage03.2_cache_incremental_attempt02,attempt02,stage03.2_cache_incremental_attempt02,stage03.2_cache_incremental_attempt02,formal,c101C5,2014,"[""c101C5"", ""r105C5"", ""rc105C5"", ""c104C10"", ""r103C10"", ""rc102C10"", ""c106C15"", ""r105C15"", ""rc103C15"", ""c101_21"", ""r101_21"", ""rc101_21""]","[2014, 2015, 2016]",raw,verified_legacy,results/stage03.2_cache_incremental_attempt02/c101C5/2014/stage03.2_cache_incremental_attempt02_raw_c101C5_2014.json,results/stage03.2_cache_incremental_attempt02/raw/c101C5-alns_stage02_constraint_guided-2014.json,feasible,,pass,READY_FOR_STAGE03_3,READY_FOR_STAGE03_3,pass,65a3ecb49cca250161d2072aec33c8852fc444d4fb99718c043d9297f33cc8d0,raw_manifest,9f624c82445a8c93a5339e9ec5c2a2efc6ea99023cd1c72e12eb247273f53a01,4da5f1da3791d1a2538874fb51d25bff691c1a4039faef054d655af94410d49f,8612d6d9aad051776097a5e50c7408f39352b8107b0639d58e5eda713f9ff876,1ca247adfbd983affea8ba9b4cb915c4c34dcd0cda4debaba0869aa7ac720a59,b226b97e0e67288aaaf85726ad855df71cb81406685c57c8e8c40cd8996aa0da,468b2d71040b4d7e583c02ca2036c393a50a94c5,False,"{""VRP-EVRP-Project-Hub"": {""dirty"": false, ""path"": ""/Users/guoyiyang/Documents/GitHub/FURP-2026-Yiyang-GUO-EVRP-TW/reference/VRP-EVRP-Project-Hub"", ""revision"": ""e3a890065105f978187e532642c4442522215e02""}, ""py-ga-VRPTW"": {""dirty"": false, ""path"": ""/Users/guoyiyang/Documents/GitHub/FURP-2026-Yiyang-GUO-EVRP-TW/reference/py-ga-VRPTW"", ""revision"": ""8e005caaaf6471a4505588d88c7f0f5e0d4ebffa""}}",stage03.1_screening_attempt04,,preserve;see stage03_legacy_path_map.csv
stage03.2,cache_incremental,stage03.2_cache_incremental_attempt02,attempt02,stage03.2_cache_incremental_attempt02,stage03.2_cache_incremental_attempt02,formal,c101C5,2015,"[""c101C5"", ""r105C5"", ""rc105C5"", ""c104C10"", ""r103C10"", ""rc102C10"", ""c106C15"", ""r105C15"", ""rc103C15"", ""c101_21"", ""r101_21"", ""rc101_21""]","[2014, 2015, 2016]",raw,verified_legacy,results/stage03.2_cache_incremental_attempt02/c101C5/2015/stage03.2_cache_incremental_attempt02_raw_c101C5_2015.json,results/stage03.2_cache_incremental_attempt02/raw/c101C5-alns_stage02_constraint_guided-2015.json,feasible,,pass,READY_FOR_STAGE03_3,READY_FOR_STAGE03_3,pass,0e385b090a53937cc864146300737e3db94f0c029ffb09ffdb5109e4798cd500,raw_manifest,9f624c82445a8c93a5339e9ec5c2a2efc6ea99023cd1c72e12eb247273f53a01,4da5f1da3791d1a2538874fb51d25bff691c1a4039faef054d655af94410d49f,8612d6d9aad051776097a5e50c7408f39352b8107b0639d58e5eda713f9ff876,6d6c1dbed077a6bc2f23677b77f5ce5a32b326373148ae9d1a45b4d87e9948c9,b226b97e0e67288aaaf85726ad855df71cb81406685c57c8e8c40cd8996aa0da,468b2d71040b4d7e583c02ca2036c393a50a94c5,False,"{""VRP-EVRP-Project-Hub"": {""dirty"": false, ""path"": ""/Users/guoyiyang/Documents/GitHub/FURP-2026-Yiyang-GUO-EVRP-TW/reference/VRP-EVRP-Project-Hub"", ""revision"": ""e3a890065105f978187e532642c4442522215e02""}, ""py-ga-VRPTW"": {""dirty"": false, ""path"": ""/Users/guoyiyang/Documents/GitHub/FURP-2026-Yiyang-GUO-EVRP-TW/reference/py-ga-VRPTW"", ""revision"": ""8e005caaaf6471a4505588d88c7f0f5e0d4ebffa""}}",stage03.1_screening_attempt04,,preserve;see stage03_legacy_path_map.csv
stage03.2,cache_incremental,stage03.2_cache_incremental_attempt02,attempt02,stage03.2_cache_incremental_attempt02,stage03.2_cache_incremental_attempt02,formal,c101C5,2016,"[""c101C5"", ""r105C5"", ""rc105C5"", ""c104C10"", ""r103C10"", ""rc102C10"", ""c106C15"", ""r105C15"", ""rc103C15"", ""c101_21"", ""r101_21"", ""rc101_21""]","[2014, 2015, 2016]",raw,verified_legacy,results/stage03.2_cache_incremental_attempt02/c101C5/2016/stage03.2_cache_incremental_attempt02_raw_c101C5_2016.json,results/stage03.2_cache_incremental_attempt02/raw/c101C5-alns_stage02_constraint_guided-2016.json,feasible,,pass,READY_FOR_STAGE03_3,READY_FOR_STAGE03_3,pass,b797ab3810eb19c193c3862d10ee5d5a96ec2f30dfdf5598fc06edfa2d3928cf,raw_manifest,9f624c82445a8c93a5339e9ec5c2a2efc6ea99023cd1c72e12eb247273f53a01,4da5f1da3791d1a2538874fb51d25bff691c1a4039faef054d655af94410d49f,8612d6d9aad051776097a5e50c7408f39352b8107b0639d58e5eda713f9ff876,73fe7aaf279e9ed94d622534b9af8ed98f7f6fb9eac6f6abf59abe50a3aa3681,b226b97e0e67288aaaf85726ad855df71cb81406685c57c8e8c40cd8996aa0da,468b2d71040b4d7e583c02ca2036c393a50a94c5,False,"{""VRP-EVRP-Project-Hub"": {""dirty"": false, ""path"": ""/Users/guoyiyang/Documents/GitHub/FURP-2026-Yiyang-GUO-EVRP-TW/reference/VRP-EVRP-Project-Hub"", ""revision"": ""e3a890065105f978187e532642c4442522215e02""}, ""py-ga-VRPTW"": {""dirty"": false, ""path"": ""/Users/guoyiyang/Documents/GitHub/FURP-2026-Yiyang-GUO-EVRP-TW/reference/py-ga-VRPTW"", ""revision"": ""8e005caaaf6471a4505588d88c7f0f5e0d4ebffa""}}",stage03.1_screening_attempt04,,preserve;see stage03_legacy_path_map.csv
stage03.2,cache_incremental,stage03.2_cache_incremental_attempt02,attempt02,stage03.2_cache_incremental_attempt02,stage03.2_cache_incremental_attempt02,formal,c101_21,2014,"[""c101C5"", ""r105C5"", ""rc105C5"", ""c104C10"", ""r103C10"", ""rc102C10"", ""c106C15"", ""r105C15"", ""rc103C15"", ""c101_21"", ""r101_21"", ""rc101_21""]","[2014, 2015, 2016]",raw,verified_legacy,results/stage03.2_cache_incremental_attempt02/c101_21/2014/stage03.2_cache_incremental_attempt02_raw_c101_21_2014.json,results/stage03.2_cache_incremental_attempt02/raw/c101_21-alns_stage02_constraint_guided-2014.json,feasible,,pass,READY_FOR_STAGE03_3,READY_FOR_STAGE03_3,pass,fb5f1b0dcdf55f49fabbd147f573b8cbe1290a8657ead980935a76310bec6b89,raw_manifest,9f624c82445a8c93a5339e9ec5c2a2efc6ea99023cd1c72e12eb247273f53a01,4da5f1da3791d1a2538874fb51d25bff691c1a4039faef054d655af94410d49f,c5cda6ca63a7d518902cf4b02d98b4aa0f373aaa0658d5c666d1c46d38871cb9,83f2d0e7feb61133cd470259212ce0483cbf05cf041490b03d2cfdd372b43371,b226b97e0e67288aaaf85726ad855df71cb81406685c57c8e8c40cd8996aa0da,468b2d71040b4d7e583c02ca2036c393a50a94c5,False,"{""VRP-EVRP-Project-Hub"": {""dirty"": false, ""path"": ""/Users/guoyiyang/Documents/GitHub/FURP-2026-Yiyang-GUO-EVRP-TW/reference/VRP-EVRP-Project-Hub"", ""revision"": ""e3a890065105f978187e532642c4442522215e02""}, ""py-ga-VRPTW"": {""dirty"": false, ""path"": ""/Users/guoyiyang/Documents/GitHub/FURP-2026-Yiyang-GUO-EVRP-TW/reference/py-ga-VRPTW"", ""revision"": ""8e005caaaf6471a4505588d88c7f0f5e0d4ebffa""}}",stage03.1_screening_attempt04,,preserve;see stage03_legacy_path_map.csv
stage03.2,cache_incremental,stage03.2_cache_incremental_attempt02,attempt02,stage03.2_cache_incremental_attempt02,stage03.2_cache_incremental_attempt02,formal,c101_21,2015,"[""c101C5"", ""r105C5"", ""rc105C5"", ""c104C10"", ""r103C10"", ""rc102C10"", ""c106C15"", ""r105C15"", ""rc103C15"", ""c101_21"", ""r101_21"", ""rc101_21""]","[2014, 2015, 2016]",raw,verified_legacy,results/stage03.2_cache_incremental_attempt02/c101_21/2015/stage03.2_cache_incremental_attempt02_raw_c101_21_2015.json,results/stage03.2_cache_incremental_attempt02/raw/c101_21-alns_stage02_constraint_guided-2015.json,feasible,,pass,READY_FOR_STAGE03_3,READY_FOR_STAGE03_3,pass,43b232dd68fb6bab80caeeb246afb5d4bcd0c4c53fb674da72f72461fc6c5487,raw_manifest,9f624c82445a8c93a5339e9ec5c2a2efc6ea99023cd1c72e12eb247273f53a01,4da5f1da3791d1a2538874fb51d25bff691c1a4039faef054d655af94410d49f,c5cda6ca63a7d518902cf4b02d98b4aa0f373aaa0658d5c666d1c46d38871cb9,2e285a1de3c08b0a28e51af3652c5eaab341a4f45752ebf698a3505afaacbfa0,b226b97e0e67288aaaf85726ad855df71cb81406685c57c8e8c40cd8996aa0da,468b2d71040b4d7e583c02ca2036c393a50a94c5,False,"{""VRP-EVRP-Project-Hub"": {""dirty"": false, ""path"": ""/Users/guoyiyang/Documents/GitHub/FURP-2026-Yiyang-GUO-EVRP-TW/reference/VRP-EVRP-Project-Hub"", ""revision"": ""e3a890065105f978187e532642c4442522215e02""}, ""py-ga-VRPTW"": {""dirty"": false, ""path"": ""/Users/guoyiyang/Documents/GitHub/FURP-2026-Yiyang-GUO-EVRP-TW/reference/py-ga-VRPTW"", ""revision"": ""8e005caaaf6471a4505588d88c7f0f5e0d4ebffa""}}",stage03.1_screening_attempt04,,preserve;see stage03_legacy_path_map.csv
stage03.2,cache_incremental,stage03.2_cache_incremental_attempt02,attempt02,stage03.2_cache_incremental_attempt02,stage03.2_cache_incremental_attempt02,formal,c101_21,2016,"[""c101C5"", ""r105C5"", ""rc105C5"", ""c104C10"", ""r103C10"", ""rc102C10"", ""c106C15"", ""r105C15"", ""rc103C15"", ""c101_21"", ""r101_21"", ""rc101_21""]","[2014, 2015, 2016]",raw,verified_legacy,results/stage03.2_cache_incremental_attempt02/c101_21/2016/stage03.2_cache_incremental_attempt02_raw_c101_21_2016.json,results/stage03.2_cache_incremental_attempt02/raw/c101_21-alns_stage02_constraint_guided-2016.json,feasible,,pass,READY_FOR_STAGE03_3,READY_FOR_STAGE03_3,pass,882e39a5e1dcc7489a512d5d8e3a08a3dfc252bad39d7586226ce24c678f6335,raw_manifest,9f624c82445a8c93a5339e9ec5c2a2efc6ea99023cd1c72e12eb247273f53a01,4da5f1da3791d1a2538874fb51d25bff691c1a4039faef054d655af94410d49f,c5cda6ca63a7d518902cf4b02d98b4aa0f373aaa0658d5c666d1c46d38871cb9,8861a820ac572db6557c5a53bb46eda5742b412729db71915afbdfc6930bdd93,b226b97e0e67288aaaf85726ad855df71cb81406685c57c8e8c40cd8996aa0da,468b2d71040b4d7e583c02ca2036c393a50a94c5,False,"{""VRP-EVRP-Project-Hub"": {""dirty"": false, ""path"": ""/Users/guoyiyang/Documents/GitHub/FURP-2026-Yiyang-GUO-EVRP-TW/reference/VRP-EVRP-Project-Hub"", ""revision"": ""e3a890065105f978187e532642c4442522215e02""}, ""py-ga-VRPTW"": {""dirty"": false, ""path"": ""/Users/guoyiyang/Documents/GitHub/FURP-2026-Yiyang-GUO-EVRP-TW/reference/py-ga-VRPTW"", ""revision"": ""8e005caaaf6471a4505588d88c7f0f5e0d4ebffa""}}",stage03.1_screening_attempt04,,preserve;see stage03_legacy_path_map.csv
stage03.2,cache_incremental,stage03.2_cache_incremental_attempt02,attempt02,stage03.2_cache_incremental_attempt02,stage03.2_cache_incremental_attempt02,formal,c104C10,2014,"[""c101C5"", ""r105C5"", ""rc105C5"", ""c104C10"", ""r103C10"", ""rc102C10"", ""c106C15"", ""r105C15"", ""rc103C15"", ""c101_21"", ""r101_21"", ""rc101_21""]","[2014, 2015, 2016]",raw,verified_legacy,results/stage03.2_cache_incremental_attempt02/c104C10/2014/stage03.2_cache_incremental_attempt02_raw_c104C10_2014.json,results/stage03.2_cache_incremental_attempt02/raw/c104C10-alns_stage02_constraint_guided-2014.json,feasible,,pass,READY_FOR_STAGE03_3,READY_FOR_STAGE03_3,pass,4866c855bce1cb898195bc32fd6a24b293dff2e815c78af465c0417f492f7d02,raw_manifest,9f624c82445a8c93a5339e9ec5c2a2efc6ea99023cd1c72e12eb247273f53a01,4da5f1da3791d1a2538874fb51d25bff691c1a4039faef054d655af94410d49f,f7816af706c1cf32dacaee45c710ff93ce53c9b56d17df657044e61e63d2c04b,9b6ac5254f8d9c384e7af3ee1bcc746e59ccb15301bf15187af51ab5b03383b1,b226b97e0e67288aaaf85726ad855df71cb81406685c57c8e8c40cd8996aa0da,468b2d71040b4d7e583c02ca2036c393a50a94c5,False,"{""VRP-EVRP-Project-Hub"": {""dirty"": false, ""path"": ""/Users/guoyiyang/Documents/GitHub/FURP-2026-Yiyang-GUO-EVRP-TW/reference/VRP-EVRP-Project-Hub"", ""revision"": ""e3a890065105f978187e532642c4442522215e02""}, ""py-ga-VRPTW"": {""dirty"": false, ""path"": ""/Users/guoyiyang/Documents/GitHub/FURP-2026-Yiyang-GUO-EVRP-TW/reference/py-ga-VRPTW"", ""revision"": ""8e005caaaf6471a4505588d88c7f0f5e0d4ebffa""}}",stage03.1_screening_attempt04,,preserve;see stage03_legacy_path_map.csv
stage03.2,cache_incremental,stage03.2_cache_incremental_attempt02,attempt02,stage03.2_cache_incremental_attempt02,stage03.2_cache_incremental_attempt02,formal,c104C10,2015,"[""c101C5"", ""r105C5"", ""rc105C5"", ""c104C10"", ""r103C10"", ""rc102C10"", ""c106C15"", ""r105C15"", ""rc103C15"", ""c101_21"", ""r101_21"", ""rc101_21""]","[2014, 2015, 2016]",raw,verified_legacy,results/stage03.2_cache_incremental_attempt02/c104C10/2015/stage03.2_cache_incremental_attempt02_raw_c104C10_2015.json,results/stage03.2_cache_incremental_attempt02/raw/c104C10-alns_stage02_constraint_guided-2015.json,feasible,,pass,READY_FOR_STAGE03_3,READY_FOR_STAGE03_3,pass,59e4f87be869ebe5b561305905d581e5751fe6bb74a8c3c1307cbafaa0652728,raw_manifest,9f624c82445a8c93a5339e9ec5c2a2efc6ea99023cd1c72e12eb247273f53a01,4da5f1da3791d1a2538874fb51d25bff691c1a4039faef054d655af94410d49f,f7816af706c1cf32dacaee45c710ff93ce53c9b56d17df657044e61e63d2c04b,aecd483e676e23341f0094295bb6413de28268c1b1c0704f2d1b68970c13f13f,b226b97e0e67288aaaf85726ad855df71cb81406685c57c8e8c40cd8996aa0da,468b2d71040b4d7e583c02ca2036c393a50a94c5,False,"{""VRP-EVRP-Project-Hub"": {""dirty"": false, ""path"": ""/Users/guoyiyang/Documents/GitHub/FURP-2026-Yiyang-GUO-EVRP-TW/reference/VRP-EVRP-Project-Hub"", ""revision"": ""e3a890065105f978187e532642c4442522215e02""}, ""py-ga-VRPTW"": {""dirty"": false, ""path"": ""/Users/guoyiyang/Documents/GitHub/FURP-2026-Yiyang-GUO-EVRP-TW/reference/py-ga-VRPTW"", ""revision"": ""8e005caaaf6471a4505588d88c7f0f5e0d4ebffa""}}",stage03.1_screening_attempt04,,preserve;see stage03_legacy_path_map.csv
stage03.2,cache_incremental,stage03.2_cache_incremental_attempt02,attempt02,stage03.2_cache_incremental_attempt02,stage03.2_cache_incremental_attempt02,formal,c104C10,2016,"[""c101C5"", ""r105C5"", ""rc105C5"", ""c104C10"", ""r103C10"", ""rc102C10"", ""c106C15"", ""r105C15"", ""rc103C15"", ""c101_21"", ""r101_21"", ""rc101_21""]","[2014, 2015, 2016]",raw,verified_legacy,results/stage03.2_cache_incremental_attempt02/c104C10/2016/stage03.2_cache_incremental_attempt02_raw_c104C10_2016.json,results/stage03.2_cache_incremental_attempt02/raw/c104C10-alns_stage02_constraint_guided-2016.json,feasible,,pass,READY_FOR_STAGE03_3,READY_FOR_STAGE03_3,pass,7822e03165ccc739a8363e6ab362792e58e0a956505f26ff47f086a098a6716f,raw_manifest,9f624c82445a8c93a5339e9ec5c2a2efc6ea99023cd1c72e12eb247273f53a01,4da5f1da3791d1a2538874fb51d25bff691c1a4039faef054d655af94410d49f,f7816af706c1cf32dacaee45c710ff93ce53c9b56d17df657044e61e63d2c04b,14f3b8bbf88d7209330c70007414b987d308b0e71bb58e96da4c26989419a35f,b226b97e0e67288aaaf85726ad855df71cb81406685c57c8e8c40cd8996aa0da,468b2d71040b4d7e583c02ca2036c393a50a94c5,False,"{""VRP-EVRP-Project-Hub"": {""dirty"": false, ""path"": ""/Users/guoyiyang/Documents/GitHub/FURP-2026-Yiyang-GUO-EVRP-TW/reference/VRP-EVRP-Project-Hub"", ""revision"": ""e3a890065105f978187e532642c4442522215e02""}, ""py-ga-VRPTW"": {""dirty"": false, ""path"": ""/Users/guoyiyang/Documents/GitHub/FURP-2026-Yiyang-GUO-EVRP-TW/reference/py-ga-VRPTW"", ""revision"": ""8e005caaaf6471a4505588d88c7f0f5e0d4ebffa""}}",stage03.1_screening_attempt04,,preserve;see stage03_legacy_path_map.csv
stage03.2,cache_incremental,stage03.2_cache_incremental_attempt02,attempt02,stage03.2_cache_incremental_attempt02,stage03.2_cache_incremental_attempt02,formal,c106C15,2014,"[""c101C5"", ""r105C5"", ""rc105C5"", ""c104C10"", ""r103C10"", ""rc102C10"", ""c106C15"", ""r105C15"", ""rc103C15"", ""c101_21"", ""r101_21"", ""rc101_21""]","[2014, 2015, 2016]",raw,verified_legacy,results/stage03.2_cache_incremental_attempt02/c106C15/2014/stage03.2_cache_incremental_attempt02_raw_c106C15_2014.json,results/stage03.2_cache_incremental_attempt02/raw/c106C15-alns_stage02_constraint_guided-2014.json,feasible,,pass,READY_FOR_STAGE03_3,READY_FOR_STAGE03_3,pass,203c93b35d624a00899a85d92512474741bc3f7ee796b229652201bc7b3a2b17,raw_manifest,9f624c82445a8c93a5339e9ec5c2a2efc6ea99023cd1c72e12eb247273f53a01,4da5f1da3791d1a2538874fb51d25bff691c1a4039faef054d655af94410d49f,eba58a458a9fd13ae8fd404df8db1d04e49271326316256ee060468048881a86,0000fc2508670e7124d1157475f806ab658aa33b5801285059bdc10d2f9b0d5b,b226b97e0e67288aaaf85726ad855df71cb81406685c57c8e8c40cd8996aa0da,468b2d71040b4d7e583c02ca2036c393a50a94c5,False,"{""VRP-EVRP-Project-Hub"": {""dirty"": false, ""path"": ""/Users/guoyiyang/Documents/GitHub/FURP-2026-Yiyang-GUO-EVRP-TW/reference/VRP-EVRP-Project-Hub"", ""revision"": ""e3a890065105f978187e532642c4442522215e02""}, ""py-ga-VRPTW"": {""dirty"": false, ""path"": ""/Users/guoyiyang/Documents/GitHub/FURP-2026-Yiyang-GUO-EVRP-TW/reference/py-ga-VRPTW"", ""revision"": ""8e005caaaf6471a4505588d88c7f0f5e0d4ebffa""}}",stage03.1_screening_attempt04,,preserve;see stage03_legacy_path_map.csv
stage03.2,cache_incremental,stage03.2_cache_incremental_attempt02,attempt02,stage03.2_cache_incremental_attempt02,stage03.2_cache_incremental_attempt02,formal,c106C15,2015,"[""c101C5"", ""r105C5"", ""rc105C5"", ""c104C10"", ""r103C10"", ""rc102C10"", ""c106C15"", ""r105C15"", ""rc103C15"", ""c101_21"", ""r101_21"", ""rc101_21""]","[2014, 2015, 2016]",raw,verified_legacy,results/stage03.2_cache_incremental_attempt02/c106C15/2015/stage03.2_cache_incremental_attempt02_raw_c106C15_2015.json,results/stage03.2_cache_incremental_attempt02/raw/c106C15-alns_stage02_constraint_guided-2015.json,feasible,,pass,READY_FOR_STAGE03_3,READY_FOR_STAGE03_3,pass,0c51e8ff62b90cf6ea949b3bd31951cb53352c4fb86dcfe14f7b0233b8cfcda4,raw_manifest,9f624c82445a8c93a5339e9ec5c2a2efc6ea99023cd1c72e12eb247273f53a01,4da5f1da3791d1a2538874fb51d25bff691c1a4039faef054d655af94410d49f,eba58a458a9fd13ae8fd404df8db1d04e49271326316256ee060468048881a86,c3d3b01dfbaea3ca09fd568d8e0da81d2e4c7cc5a3aa4de53d5596931a0b70e3,b226b97e0e67288aaaf85726ad855df71cb81406685c57c8e8c40cd8996aa0da,468b2d71040b4d7e583c02ca2036c393a50a94c5,False,"{""VRP-EVRP-Project-Hub"": {""dirty"": false, ""path"": ""/Users/guoyiyang/Documents/GitHub/FURP-2026-Yiyang-GUO-EVRP-TW/reference/VRP-EVRP-Project-Hub"", ""revision"": ""e3a890065105f978187e532642c4442522215e02""}, ""py-ga-VRPTW"": {""dirty"": false, ""path"": ""/Users/guoyiyang/Documents/GitHub/FURP-2026-Yiyang-GUO-EVRP-TW/reference/py-ga-VRPTW"", ""revision"": ""8e005caaaf6471a4505588d88c7f0f5e0d4ebffa""}}",stage03.1_screening_attempt04,,preserve;see stage03_legacy_path_map.csv
stage03.2,cache_incremental,stage03.2_cache_incremental_attempt02,attempt02,stage03.2_cache_incremental_attempt02,stage03.2_cache_incremental_attempt02,formal,c106C15,2016,"[""c101C5"", ""r105C5"", ""rc105C5"", ""c104C10"", ""r103C10"", ""rc102C10"", ""c106C15"", ""r105C15"", ""rc103C15"", ""c101_21"", ""r101_21"", ""rc101_21""]","[2014, 2015, 2016]",raw,verified_legacy,results/stage03.2_cache_incremental_attempt02/c106C15/2016/stage03.2_cache_incremental_attempt02_raw_c106C15_2016.json,results/stage03.2_cache_incremental_attempt02/raw/c106C15-alns_stage02_constraint_guided-2016.json,feasible,,pass,READY_FOR_STAGE03_3,READY_FOR_STAGE03_3,pass,402e8a45dea7474396d05138562b84af744fa2627472bed7755cafc8b5e08f77,raw_manifest,9f624c82445a8c93a5339e9ec5c2a2efc6ea99023cd1c72e12eb247273f53a01,4da5f1da3791d1a2538874fb51d25bff691c1a4039faef054d655af94410d49f,eba58a458a9fd13ae8fd404df8db1d04e49271326316256ee060468048881a86,a9fb488d01a954a0a8f9a9069e17d162b93be581a196c34e734740ef1bdf3bdc,b226b97e0e67288aaaf85726ad855df71cb81406685c57c8e8c40cd8996aa0da,468b2d71040b4d7e583c02ca2036c393a50a94c5,False,"{""VRP-EVRP-Project-Hub"": {""dirty"": false, ""path"": ""/Users/guoyiyang/Documents/GitHub/FURP-2026-Yiyang-GUO-EVRP-TW/reference/VRP-EVRP-Project-Hub"", ""revision"": ""e3a890065105f978187e532642c4442522215e02""}, ""py-ga-VRPTW"": {""dirty"": false, ""path"": ""/Users/guoyiyang/Documents/GitHub/FURP-2026-Yiyang-GUO-EVRP-TW/reference/py-ga-VRPTW"", ""revision"": ""8e005caaaf6471a4505588d88c7f0f5e0d4ebffa""}}",stage03.1_screening_attempt04,,preserve;see stage03_legacy_path_map.csv
stage03.2,cache_incremental,stage03.2_cache_incremental_attempt02,attempt02,stage03.2_cache_incremental_attempt02,stage03.2_cache_incremental_attempt02,formal,r101_21,2014,"[""c101C5"", ""r105C5"", ""rc105C5"", ""c104C10"", ""r103C10"", ""rc102C10"", ""c106C15"", ""r105C15"", ""rc103C15"", ""c101_21"", ""r101_21"", ""rc101_21""]","[2014, 2015, 2016]",raw,verified_legacy,results/stage03.2_cache_incremental_attempt02/r101_21/2014/stage03.2_cache_incremental_attempt02_raw_r101_21_2014.json,results/stage03.2_cache_incremental_attempt02/raw/r101_21-alns_stage02_constraint_guided-2014.json,feasible,,pass,READY_FOR_STAGE03_3,READY_FOR_STAGE03_3,pass,f162403a4502b60112d33044409de65ec2cabedf9adf9da2905c21f1c8de87dc,raw_manifest,9f624c82445a8c93a5339e9ec5c2a2efc6ea99023cd1c72e12eb247273f53a01,4da5f1da3791d1a2538874fb51d25bff691c1a4039faef054d655af94410d49f,0e5a3dffffbd3c516b528ef32ba1a488b817d2f151fc3e8c81023814de1c103a,d38cfb1b7b8d10b557acf6d99b8eccf61f3718532defe40b26419237b5bd13ab,b226b97e0e67288aaaf85726ad855df71cb81406685c57c8e8c40cd8996aa0da,468b2d71040b4d7e583c02ca2036c393a50a94c5,False,"{""VRP-EVRP-Project-Hub"": {""dirty"": false, ""path"": ""/Users/guoyiyang/Documents/GitHub/FURP-2026-Yiyang-GUO-EVRP-TW/reference/VRP-EVRP-Project-Hub"", ""revision"": ""e3a890065105f978187e532642c4442522215e02""}, ""py-ga-VRPTW"": {""dirty"": false, ""path"": ""/Users/guoyiyang/Documents/GitHub/FURP-2026-Yiyang-GUO-EVRP-TW/reference/py-ga-VRPTW"", ""revision"": ""8e005caaaf6471a4505588d88c7f0f5e0d4ebffa""}}",stage03.1_screening_attempt04,,preserve;see stage03_legacy_path_map.csv
stage03.2,cache_incremental,stage03.2_cache_incremental_attempt02,attempt02,stage03.2_cache_incremental_attempt02,stage03.2_cache_incremental_attempt02,formal,r101_21,2015,"[""c101C5"", ""r105C5"", ""rc105C5"", ""c104C10"", ""r103C10"", ""rc102C10"", ""c106C15"", ""r105C15"", ""rc103C15"", ""c101_21"", ""r101_21"", ""rc101_21""]","[2014, 2015, 2016]",raw,verified_legacy,results/stage03.2_cache_incremental_attempt02/r101_21/2015/stage03.2_cache_incremental_attempt02_raw_r101_21_2015.json,results/stage03.2_cache_incremental_attempt02/raw/r101_21-alns_stage02_constraint_guided-2015.json,feasible,,pass,READY_FOR_STAGE03_3,READY_FOR_STAGE03_3,pass,ebf4f1db801ea1db798626668683aa60a8f1c96c7dcc07eba1d8c994654b4bb3,raw_manifest,9f624c82445a8c93a5339e9ec5c2a2efc6ea99023cd1c72e12eb247273f53a01,4da5f1da3791d1a2538874fb51d25bff691c1a4039faef054d655af94410d49f,0e5a3dffffbd3c516b528ef32ba1a488b817d2f151fc3e8c81023814de1c103a,48058e8af451a65568a9914b32deac20a0fa346ef09778b8cfde41e77baebcea,b226b97e0e67288aaaf85726ad855df71cb81406685c57c8e8c40cd8996aa0da,468b2d71040b4d7e583c02ca2036c393a50a94c5,False,"{""VRP-EVRP-Project-Hub"": {""dirty"": false, ""path"": ""/Users/guoyiyang/Documents/GitHub/FURP-2026-Yiyang-GUO-EVRP-TW/reference/VRP-EVRP-Project-Hub"", ""revision"": ""e3a890065105f978187e532642c4442522215e02""}, ""py-ga-VRPTW"": {""dirty"": false, ""path"": ""/Users/guoyiyang/Documents/GitHub/FURP-2026-Yiyang-GUO-EVRP-TW/reference/py-ga-VRPTW"", ""revision"": ""8e005caaaf6471a4505588d88c7f0f5e0d4ebffa""}}",stage03.1_screening_attempt04,,preserve;see stage03_legacy_path_map.csv
stage03.2,cache_incremental,stage03.2_cache_incremental_attempt02,attempt02,stage03.2_cache_incremental_attempt02,stage03.2_cache_incremental_attempt02,formal,r101_21,2016,"[""c101C5"", ""r105C5"", ""rc105C5"", ""c104C10"", ""r103C10"", ""rc102C10"", ""c106C15"", ""r105C15"", ""rc103C15"", ""c101_21"", ""r101_21"", ""rc101_21""]","[2014, 2015, 2016]",raw,verified_legacy,results/stage03.2_cache_incremental_attempt02/r101_21/2016/stage03.2_cache_incremental_attempt02_raw_r101_21_2016.json,results/stage03.2_cache_incremental_attempt02/raw/r101_21-alns_stage02_constraint_guided-2016.json,feasible,,pass,READY_FOR_STAGE03_3,READY_FOR_STAGE03_3,pass,19905f6afc952c7cadc1c51c2f8fe01952768bf2e8d124708f1d8fdc54ff849d,raw_manifest,9f624c82445a8c93a5339e9ec5c2a2efc6ea99023cd1c72e12eb247273f53a01,4da5f1da3791d1a2538874fb51d25bff691c1a4039faef054d655af94410d49f,0e5a3dffffbd3c516b528ef32ba1a488b817d2f151fc3e8c81023814de1c103a,36568d62600aa6b43b31a4d7db1c9ef1a1658e1381514e1faf9af5ac29df2833,b226b97e0e67288aaaf85726ad855df71cb81406685c57c8e8c40cd8996aa0da,468b2d71040b4d7e583c02ca2036c393a50a94c5,False,"{""VRP-EVRP-Project-Hub"": {""dirty"": false, ""path"": ""/Users/guoyiyang/Documents/GitHub/FURP-2026-Yiyang-GUO-EVRP-TW/reference/VRP-EVRP-Project-Hub"", ""revision"": ""e3a890065105f978187e532642c4442522215e02""}, ""py-ga-VRPTW"": {""dirty"": false, ""path"": ""/Users/guoyiyang/Documents/GitHub/FURP-2026-Yiyang-GUO-EVRP-TW/reference/py-ga-VRPTW"", ""revision"": ""8e005caaaf6471a4505588d88c7f0f5e0d4ebffa""}}",stage03.1_screening_attempt04,,preserve;see stage03_legacy_path_map.csv
stage03.2,cache_incremental,stage03.2_cache_incremental_attempt02,attempt02,stage03.2_cache_incremental_attempt02,stage03.2_cache_incremental_attempt02,formal,r103C10,2014,"[""c101C5"", ""r105C5"", ""rc105C5"", ""c104C10"", ""r103C10"", ""rc102C10"", ""c106C15"", ""r105C15"", ""rc103C15"", ""c101_21"", ""r101_21"", ""rc101_21""]","[2014, 2015, 2016]",raw,verified_legacy,results/stage03.2_cache_incremental_attempt02/r103C10/2014/stage03.2_cache_incremental_attempt02_raw_r103C10_2014.json,results/stage03.2_cache_incremental_attempt02/raw/r103C10-alns_stage02_constraint_guided-2014.json,feasible,,pass,READY_FOR_STAGE03_3,READY_FOR_STAGE03_3,pass,b7f6f853ca16caebd18cf93bcd40039d6541083070993988cc14bd423e8626df,raw_manifest,9f624c82445a8c93a5339e9ec5c2a2efc6ea99023cd1c72e12eb247273f53a01,4da5f1da3791d1a2538874fb51d25bff691c1a4039faef054d655af94410d49f,00debfb0e1fa34796b1644a045a064f52cb1f35052df9faa485db4b4f5ff512e,ae6067b977dc03a535fe6b9f98a2fa728c5bf424924461e8e57ef86aff1d1017,b226b97e0e67288aaaf85726ad855df71cb81406685c57c8e8c40cd8996aa0da,468b2d71040b4d7e583c02ca2036c393a50a94c5,False,"{""VRP-EVRP-Project-Hub"": {""dirty"": false, ""path"": ""/Users/guoyiyang/Documents/GitHub/FURP-2026-Yiyang-GUO-EVRP-TW/reference/VRP-EVRP-Project-Hub"", ""revision"": ""e3a890065105f978187e532642c4442522215e02""}, ""py-ga-VRPTW"": {""dirty"": false, ""path"": ""/Users/guoyiyang/Documents/GitHub/FURP-2026-Yiyang-GUO-EVRP-TW/reference/py-ga-VRPTW"", ""revision"": ""8e005caaaf6471a4505588d88c7f0f5e0d4ebffa""}}",stage03.1_screening_attempt04,,preserve;see stage03_legacy_path_map.csv
stage03.2,cache_incremental,stage03.2_cache_incremental_attempt02,attempt02,stage03.2_cache_incremental_attempt02,stage03.2_cache_incremental_attempt02,formal,r103C10,2015,"[""c101C5"", ""r105C5"", ""rc105C5"", ""c104C10"", ""r103C10"", ""rc102C10"", ""c106C15"", ""r105C15"", ""rc103C15"", ""c101_21"", ""r101_21"", ""rc101_21""]","[2014, 2015, 2016]",raw,verified_legacy,results/stage03.2_cache_incremental_attempt02/r103C10/2015/stage03.2_cache_incremental_attempt02_raw_r103C10_2015.json,results/stage03.2_cache_incremental_attempt02/raw/r103C10-alns_stage02_constraint_guided-2015.json,feasible,,pass,READY_FOR_STAGE03_3,READY_FOR_STAGE03_3,pass,5a2b060a7221bbae14b611974aa6a1cc20b1080106aad66b2ba64667219ff77b,raw_manifest,9f624c82445a8c93a5339e9ec5c2a2efc6ea99023cd1c72e12eb247273f53a01,4da5f1da3791d1a2538874fb51d25bff691c1a4039faef054d655af94410d49f,00debfb0e1fa34796b1644a045a064f52cb1f35052df9faa485db4b4f5ff512e,846c4787de91aa9926220984ea0b8a0eb96705c1f36f8590e6758ab22402c5c7,b226b97e0e67288aaaf85726ad855df71cb81406685c57c8e8c40cd8996aa0da,468b2d71040b4d7e583c02ca2036c393a50a94c5,False,"{""VRP-EVRP-Project-Hub"": {""dirty"": false, ""path"": ""/Users/guoyiyang/Documents/GitHub/FURP-2026-Yiyang-GUO-EVRP-TW/reference/VRP-EVRP-Project-Hub"", ""revision"": ""e3a890065105f978187e532642c4442522215e02""}, ""py-ga-VRPTW"": {""dirty"": false, ""path"": ""/Users/guoyiyang/Documents/GitHub/FURP-2026-Yiyang-GUO-EVRP-TW/reference/py-ga-VRPTW"", ""revision"": ""8e005caaaf6471a4505588d88c7f0f5e0d4ebffa""}}",stage03.1_screening_attempt04,,preserve;see stage03_legacy_path_map.csv
stage03.2,cache_incremental,stage03.2_cache_incremental_attempt02,attempt02,stage03.2_cache_incremental_attempt02,stage03.2_cache_incremental_attempt02,formal,r103C10,2016,"[""c101C5"", ""r105C5"", ""rc105C5"", ""c104C10"", ""r103C10"", ""rc102C10"", ""c106C15"", ""r105C15"", ""rc103C15"", ""c101_21"", ""r101_21"", ""rc101_21""]","[2014, 2015, 2016]",raw,verified_legacy,results/stage03.2_cache_incremental_attempt02/r103C10/2016/stage03.2_cache_incremental_attempt02_raw_r103C10_2016.json,results/stage03.2_cache_incremental_attempt02/raw/r103C10-alns_stage02_constraint_guided-2016.json,feasible,,pass,READY_FOR_STAGE03_3,READY_FOR_STAGE03_3,pass,eba10c5a76b4c6555fb33a3ac36d481942aa40e4f72e3f86a19bd9d2763b30e1,raw_manifest,9f624c82445a8c93a5339e9ec5c2a2efc6ea99023cd1c72e12eb247273f53a01,4da5f1da3791d1a2538874fb51d25bff691c1a4039faef054d655af94410d49f,00debfb0e1fa34796b1644a045a064f52cb1f35052df9faa485db4b4f5ff512e,38850f52b7f96affe5887200ec04f55df31d96454c102b0e96b8da82521ab849,b226b97e0e67288aaaf85726ad855df71cb81406685c57c8e8c40cd8996aa0da,468b2d71040b4d7e583c02ca2036c393a50a94c5,False,"{""VRP-EVRP-Project-Hub"": {""dirty"": false, ""path"": ""/Users/guoyiyang/Documents/GitHub/FURP-2026-Yiyang-GUO-EVRP-TW/reference/VRP-EVRP-Project-Hub"", ""revision"": ""e3a890065105f978187e532642c4442522215e02""}, ""py-ga-VRPTW"": {""dirty"": false, ""path"": ""/Users/guoyiyang/Documents/GitHub/FURP-2026-Yiyang-GUO-EVRP-TW/reference/py-ga-VRPTW"", ""revision"": ""8e005caaaf6471a4505588d88c7f0f5e0d4ebffa""}}",stage03.1_screening_attempt04,,preserve;see stage03_legacy_path_map.csv
stage03.2,cache_incremental,stage03.2_cache_incremental_attempt02,attempt02,stage03.2_cache_incremental_attempt02,stage03.2_cache_incremental_attempt02,formal,r105C15,2014,"[""c101C5"", ""r105C5"", ""rc105C5"", ""c104C10"", ""r103C10"", ""rc102C10"", ""c106C15"", ""r105C15"", ""rc103C15"", ""c101_21"", ""r101_21"", ""rc101_21""]","[2014, 2015, 2016]",raw,verified_legacy,results/stage03.2_cache_incremental_attempt02/r105C15/2014/stage03.2_cache_incremental_attempt02_raw_r105C15_2014.json,results/stage03.2_cache_incremental_attempt02/raw/r105C15-alns_stage02_constraint_guided-2014.json,feasible,,pass,READY_FOR_STAGE03_3,READY_FOR_STAGE03_3,pass,fbd7891888147cb17f7355175772c442ff4605a14b78e0a905cf6f83ac5e93d4,raw_manifest,9f624c82445a8c93a5339e9ec5c2a2efc6ea99023cd1c72e12eb247273f53a01,4da5f1da3791d1a2538874fb51d25bff691c1a4039faef054d655af94410d49f,937f3e630e6afef1a148dc223dd1d6ad2d11cfff557803e68a50e981e3ceaa44,a0671ce5c4c6e19a1b3652bcb45a059e0af5a89a275e75f59dc44be529f48435,b226b97e0e67288aaaf85726ad855df71cb81406685c57c8e8c40cd8996aa0da,468b2d71040b4d7e583c02ca2036c393a50a94c5,False,"{""VRP-EVRP-Project-Hub"": {""dirty"": false, ""path"": ""/Users/guoyiyang/Documents/GitHub/FURP-2026-Yiyang-GUO-EVRP-TW/reference/VRP-EVRP-Project-Hub"", ""revision"": ""e3a890065105f978187e532642c4442522215e02""}, ""py-ga-VRPTW"": {""dirty"": false, ""path"": ""/Users/guoyiyang/Documents/GitHub/FURP-2026-Yiyang-GUO-EVRP-TW/reference/py-ga-VRPTW"", ""revision"": ""8e005caaaf6471a4505588d88c7f0f5e0d4ebffa""}}",stage03.1_screening_attempt04,,preserve;see stage03_legacy_path_map.csv
stage03.2,cache_incremental,stage03.2_cache_incremental_attempt02,attempt02,stage03.2_cache_incremental_attempt02,stage03.2_cache_incremental_attempt02,formal,r105C15,2015,"[""c101C5"", ""r105C5"", ""rc105C5"", ""c104C10"", ""r103C10"", ""rc102C10"", ""c106C15"", ""r105C15"", ""rc103C15"", ""c101_21"", ""r101_21"", ""rc101_21""]","[2014, 2015, 2016]",raw,verified_legacy,results/stage03.2_cache_incremental_attempt02/r105C15/2015/stage03.2_cache_incremental_attempt02_raw_r105C15_2015.json,results/stage03.2_cache_incremental_attempt02/raw/r105C15-alns_stage02_constraint_guided-2015.json,feasible,,pass,READY_FOR_STAGE03_3,READY_FOR_STAGE03_3,pass,d89e72f516a04010e4967eae201129b4e259c9abec05903ac1e08e900b0856f4,raw_manifest,9f624c82445a8c93a5339e9ec5c2a2efc6ea99023cd1c72e12eb247273f53a01,4da5f1da3791d1a2538874fb51d25bff691c1a4039faef054d655af94410d49f,937f3e630e6afef1a148dc223dd1d6ad2d11cfff557803e68a50e981e3ceaa44,791534cce7436742127f6ded8db02548e513b063a0bf9ee13878af662235a24d,b226b97e0e67288aaaf85726ad855df71cb81406685c57c8e8c40cd8996aa0da,468b2d71040b4d7e583c02ca2036c393a50a94c5,False,"{""VRP-EVRP-Project-Hub"": {""dirty"": false, ""path"": ""/Users/guoyiyang/Documents/GitHub/FURP-2026-Yiyang-GUO-EVRP-TW/reference/VRP-EVRP-Project-Hub"", ""revision"": ""e3a890065105f978187e532642c4442522215e02""}, ""py-ga-VRPTW"": {""dirty"": false, ""path"": ""/Users/guoyiyang/Documents/GitHub/FURP-2026-Yiyang-GUO-EVRP-TW/reference/py-ga-VRPTW"", ""revision"": ""8e005caaaf6471a4505588d88c7f0f5e0d4ebffa""}}",stage03.1_screening_attempt04,,preserve;see stage03_legacy_path_map.csv
stage03.2,cache_incremental,stage03.2_cache_incremental_attempt02,attempt02,stage03.2_cache_incremental_attempt02,stage03.2_cache_incremental_attempt02,formal,r105C15,2016,"[""c101C5"", ""r105C5"", ""rc105C5"", ""c104C10"", ""r103C10"", ""rc102C10"", ""c106C15"", ""r105C15"", ""rc103C15"", ""c101_21"", ""r101_21"", ""rc101_21""]","[2014, 2015, 2016]",raw,verified_legacy,results/stage03.2_cache_incremental_attempt02/r105C15/2016/stage03.2_cache_incremental_attempt02_raw_r105C15_2016.json,results/stage03.2_cache_incremental_attempt02/raw/r105C15-alns_stage02_constraint_guided-2016.json,feasible,,pass,READY_FOR_STAGE03_3,READY_FOR_STAGE03_3,pass,c735319696817efcf51502b18e4df501bcb4ee54afa0ade229ba2887b892eaf3,raw_manifest,9f624c82445a8c93a5339e9ec5c2a2efc6ea99023cd1c72e12eb247273f53a01,4da5f1da3791d1a2538874fb51d25bff691c1a4039faef054d655af94410d49f,937f3e630e6afef1a148dc223dd1d6ad2d11cfff557803e68a50e981e3ceaa44,b87bcfe87b65e706e008299f59d9c26485908c2501ed3d557f6a4a173b07d56a,b226b97e0e67288aaaf85726ad855df71cb81406685c57c8e8c40cd8996aa0da,468b2d71040b4d7e583c02ca2036c393a50a94c5,False,"{""VRP-EVRP-Project-Hub"": {""dirty"": false, ""path"": ""/Users/guoyiyang/Documents/GitHub/FURP-2026-Yiyang-GUO-EVRP-TW/reference/VRP-EVRP-Project-Hub"", ""revision"": ""e3a890065105f978187e532642c4442522215e02""}, ""py-ga-VRPTW"": {""dirty"": false, ""path"": ""/Users/guoyiyang/Documents/GitHub/FURP-2026-Yiyang-GUO-EVRP-TW/reference/py-ga-VRPTW"", ""revision"": ""8e005caaaf6471a4505588d88c7f0f5e0d4ebffa""}}",stage03.1_screening_attempt04,,preserve;see stage03_legacy_path_map.csv
stage03.2,cache_incremental,stage03.2_cache_incremental_attempt02,attempt02,stage03.2_cache_incremental_attempt02,stage03.2_cache_incremental_attempt02,formal,r105C5,2014,"[""c101C5"", ""r105C5"", ""rc105C5"", ""c104C10"", ""r103C10"", ""rc102C10"", ""c106C15"", ""r105C15"", ""rc103C15"", ""c101_21"", ""r101_21"", ""rc101_21""]","[2014, 2015, 2016]",raw,verified_legacy,results/stage03.2_cache_incremental_attempt02/r105C5/2014/stage03.2_cache_incremental_attempt02_raw_r105C5_2014.json,results/stage03.2_cache_incremental_attempt02/raw/r105C5-alns_stage02_constraint_guided-2014.json,feasible,,pass,READY_FOR_STAGE03_3,READY_FOR_STAGE03_3,pass,dc1d6162540b6567533418ba1ccd9c8de65772280e0715f3293b4a9df64b24ec,raw_manifest,9f624c82445a8c93a5339e9ec5c2a2efc6ea99023cd1c72e12eb247273f53a01,4da5f1da3791d1a2538874fb51d25bff691c1a4039faef054d655af94410d49f,eb27ec04e799ee6d39dee3d66f15128e197811afa8c664295acbdf6444176434,687629b05d656ad59a732976c060addcffdb7b43ba8788586b64025c1ef6f952,b226b97e0e67288aaaf85726ad855df71cb81406685c57c8e8c40cd8996aa0da,468b2d71040b4d7e583c02ca2036c393a50a94c5,False,"{""VRP-EVRP-Project-Hub"": {""dirty"": false, ""path"": ""/Users/guoyiyang/Documents/GitHub/FURP-2026-Yiyang-GUO-EVRP-TW/reference/VRP-EVRP-Project-Hub"", ""revision"": ""e3a890065105f978187e532642c4442522215e02""}, ""py-ga-VRPTW"": {""dirty"": false, ""path"": ""/Users/guoyiyang/Documents/GitHub/FURP-2026-Yiyang-GUO-EVRP-TW/reference/py-ga-VRPTW"", ""revision"": ""8e005caaaf6471a4505588d88c7f0f5e0d4ebffa""}}",stage03.1_screening_attempt04,,preserve;see stage03_legacy_path_map.csv
stage03.2,cache_incremental,stage03.2_cache_incremental_attempt02,attempt02,stage03.2_cache_incremental_attempt02,stage03.2_cache_incremental_attempt02,formal,r105C5,2015,"[""c101C5"", ""r105C5"", ""rc105C5"", ""c104C10"", ""r103C10"", ""rc102C10"", ""c106C15"", ""r105C15"", ""rc103C15"", ""c101_21"", ""r101_21"", ""rc101_21""]","[2014, 2015, 2016]",raw,verified_legacy,results/stage03.2_cache_incremental_attempt02/r105C5/2015/stage03.2_cache_incremental_attempt02_raw_r105C5_2015.json,results/stage03.2_cache_incremental_attempt02/raw/r105C5-alns_stage02_constraint_guided-2015.json,feasible,,pass,READY_FOR_STAGE03_3,READY_FOR_STAGE03_3,pass,9921c95cdbb7295646e4a87191dd61f91391bb58072131b27f8fdc1fa5e2a21e,raw_manifest,9f624c82445a8c93a5339e9ec5c2a2efc6ea99023cd1c72e12eb247273f53a01,4da5f1da3791d1a2538874fb51d25bff691c1a4039faef054d655af94410d49f,eb27ec04e799ee6d39dee3d66f15128e197811afa8c664295acbdf6444176434,c53a41a4d826ee06c81e24c26ab939aeb20a1a4631d43f1bc72ec162cf574bd4,b226b97e0e67288aaaf85726ad855df71cb81406685c57c8e8c40cd8996aa0da,468b2d71040b4d7e583c02ca2036c393a50a94c5,False,"{""VRP-EVRP-Project-Hub"": {""dirty"": false, ""path"": ""/Users/guoyiyang/Documents/GitHub/FURP-2026-Yiyang-GUO-EVRP-TW/reference/VRP-EVRP-Project-Hub"", ""revision"": ""e3a890065105f978187e532642c4442522215e02""}, ""py-ga-VRPTW"": {""dirty"": false, ""path"": ""/Users/guoyiyang/Documents/GitHub/FURP-2026-Yiyang-GUO-EVRP-TW/reference/py-ga-VRPTW"", ""revision"": ""8e005caaaf6471a4505588d88c7f0f5e0d4ebffa""}}",stage03.1_screening_attempt04,,preserve;see stage03_legacy_path_map.csv
stage03.2,cache_incremental,stage03.2_cache_incremental_attempt02,attempt02,stage03.2_cache_incremental_attempt02,stage03.2_cache_incremental_attempt02,formal,r105C5,2016,"[""c101C5"", ""r105C5"", ""rc105C5"", ""c104C10"", ""r103C10"", ""rc102C10"", ""c106C15"", ""r105C15"", ""rc103C15"", ""c101_21"", ""r101_21"", ""rc101_21""]","[2014, 2015, 2016]",raw,verified_legacy,results/stage03.2_cache_incremental_attempt02/r105C5/2016/stage03.2_cache_incremental_attempt02_raw_r105C5_2016.json,results/stage03.2_cache_incremental_attempt02/raw/r105C5-alns_stage02_constraint_guided-2016.json,feasible,,pass,READY_FOR_STAGE03_3,READY_FOR_STAGE03_3,pass,c133809ea894bb9ab1973fe971ecc764ec0d892940e9a9b7d5583ec80d3bd125,raw_manifest,9f624c82445a8c93a5339e9ec5c2a2efc6ea99023cd1c72e12eb247273f53a01,4da5f1da3791d1a2538874fb51d25bff691c1a4039faef054d655af94410d49f,eb27ec04e799ee6d39dee3d66f15128e197811afa8c664295acbdf6444176434,17d5d56c56a32527b30c4ad1db5fd57846d63b6088fcaf88d84a6da33ebbbc30,b226b97e0e67288aaaf85726ad855df71cb81406685c57c8e8c40cd8996aa0da,468b2d71040b4d7e583c02ca2036c393a50a94c5,False,"{""VRP-EVRP-Project-Hub"": {""dirty"": false, ""path"": ""/Users/guoyiyang/Documents/GitHub/FURP-2026-Yiyang-GUO-EVRP-TW/reference/VRP-EVRP-Project-Hub"", ""revision"": ""e3a890065105f978187e532642c4442522215e02""}, ""py-ga-VRPTW"": {""dirty"": false, ""path"": ""/Users/guoyiyang/Documents/GitHub/FURP-2026-Yiyang-GUO-EVRP-TW/reference/py-ga-VRPTW"", ""revision"": ""8e005caaaf6471a4505588d88c7f0f5e0d4ebffa""}}",stage03.1_screening_attempt04,,preserve;see stage03_legacy_path_map.csv
stage03.2,cache_incremental,stage03.2_cache_incremental_attempt02,attempt02,stage03.2_cache_incremental_attempt02,stage03.2_cache_incremental_attempt02,formal,rc101_21,2014,"[""c101C5"", ""r105C5"", ""rc105C5"", ""c104C10"", ""r103C10"", ""rc102C10"", ""c106C15"", ""r105C15"", ""rc103C15"", ""c101_21"", ""r101_21"", ""rc101_21""]","[2014, 2015, 2016]",raw,verified_legacy,results/stage03.2_cache_incremental_attempt02/rc101_21/2014/stage03.2_cache_incremental_attempt02_raw_rc101_21_2014.json,results/stage03.2_cache_incremental_attempt02/raw/rc101_21-alns_stage02_constraint_guided-2014.json,feasible,,pass,READY_FOR_STAGE03_3,READY_FOR_STAGE03_3,pass,c16b0c0d0f52818fb74140efbafda0e528a5ff271ca27ab6c2040b0d39ae6c3e,raw_manifest,9f624c82445a8c93a5339e9ec5c2a2efc6ea99023cd1c72e12eb247273f53a01,4da5f1da3791d1a2538874fb51d25bff691c1a4039faef054d655af94410d49f,272a3e58d53d4ba9516f01506164cf8a9b98bfeeb8dbd1fd62f6557e4c98e3a1,1be1c9ad1b809d2ddbc8bd78bf0357d2346b8f0abf3ce9464eb84a30276cfe06,b226b97e0e67288aaaf85726ad855df71cb81406685c57c8e8c40cd8996aa0da,468b2d71040b4d7e583c02ca2036c393a50a94c5,False,"{""VRP-EVRP-Project-Hub"": {""dirty"": false, ""path"": ""/Users/guoyiyang/Documents/GitHub/FURP-2026-Yiyang-GUO-EVRP-TW/reference/VRP-EVRP-Project-Hub"", ""revision"": ""e3a890065105f978187e532642c4442522215e02""}, ""py-ga-VRPTW"": {""dirty"": false, ""path"": ""/Users/guoyiyang/Documents/GitHub/FURP-2026-Yiyang-GUO-EVRP-TW/reference/py-ga-VRPTW"", ""revision"": ""8e005caaaf6471a4505588d88c7f0f5e0d4ebffa""}}",stage03.1_screening_attempt04,,preserve;see stage03_legacy_path_map.csv
stage03.2,cache_incremental,stage03.2_cache_incremental_attempt02,attempt02,stage03.2_cache_incremental_attempt02,stage03.2_cache_incremental_attempt02,formal,rc101_21,2015,"[""c101C5"", ""r105C5"", ""rc105C5"", ""c104C10"", ""r103C10"", ""rc102C10"", ""c106C15"", ""r105C15"", ""rc103C15"", ""c101_21"", ""r101_21"", ""rc101_21""]","[2014, 2015, 2016]",raw,verified_legacy,results/stage03.2_cache_incremental_attempt02/rc101_21/2015/stage03.2_cache_incremental_attempt02_raw_rc101_21_2015.json,results/stage03.2_cache_incremental_attempt02/raw/rc101_21-alns_stage02_constraint_guided-2015.json,feasible,,pass,READY_FOR_STAGE03_3,READY_FOR_STAGE03_3,pass,cd2a5e96aa9c9a1dd323942da3c6f3378999e4c268ceeb2b1efea6122d713a59,raw_manifest,9f624c82445a8c93a5339e9ec5c2a2efc6ea99023cd1c72e12eb247273f53a01,4da5f1da3791d1a2538874fb51d25bff691c1a4039faef054d655af94410d49f,272a3e58d53d4ba9516f01506164cf8a9b98bfeeb8dbd1fd62f6557e4c98e3a1,d3cc33167d4b0c39f2e328a9f49bea12cdb6ffa1c8d325dab2da160c5e693623,b226b97e0e67288aaaf85726ad855df71cb81406685c57c8e8c40cd8996aa0da,468b2d71040b4d7e583c02ca2036c393a50a94c5,False,"{""VRP-EVRP-Project-Hub"": {""dirty"": false, ""path"": ""/Users/guoyiyang/Documents/GitHub/FURP-2026-Yiyang-GUO-EVRP-TW/reference/VRP-EVRP-Project-Hub"", ""revision"": ""e3a890065105f978187e532642c4442522215e02""}, ""py-ga-VRPTW"": {""dirty"": false, ""path"": ""/Users/guoyiyang/Documents/GitHub/FURP-2026-Yiyang-GUO-EVRP-TW/reference/py-ga-VRPTW"", ""revision"": ""8e005caaaf6471a4505588d88c7f0f5e0d4ebffa""}}",stage03.1_screening_attempt04,,preserve;see stage03_legacy_path_map.csv
stage03.2,cache_incremental,stage03.2_cache_incremental_attempt02,attempt02,stage03.2_cache_incremental_attempt02,stage03.2_cache_incremental_attempt02,formal,rc101_21,2016,"[""c101C5"", ""r105C5"", ""rc105C5"", ""c104C10"", ""r103C10"", ""rc102C10"", ""c106C15"", ""r105C15"", ""rc103C15"", ""c101_21"", ""r101_21"", ""rc101_21""]","[2014, 2015, 2016]",raw,verified_legacy,results/stage03.2_cache_incremental_attempt02/rc101_21/2016/stage03.2_cache_incremental_attempt02_raw_rc101_21_2016.json,results/stage03.2_cache_incremental_attempt02/raw/rc101_21-alns_stage02_constraint_guided-2016.json,feasible,,pass,READY_FOR_STAGE03_3,READY_FOR_STAGE03_3,pass,5eeeb793e4724814961380ac11d636e570b93067c4cc7cdef8d943420b361bd1,raw_manifest,9f624c82445a8c93a5339e9ec5c2a2efc6ea99023cd1c72e12eb247273f53a01,4da5f1da3791d1a2538874fb51d25bff691c1a4039faef054d655af94410d49f,272a3e58d53d4ba9516f01506164cf8a9b98bfeeb8dbd1fd62f6557e4c98e3a1,868deb754a627a449c71c29391a1e1efff01cd82771b2a94a27d030db33a5ce2,b226b97e0e67288aaaf85726ad855df71cb81406685c57c8e8c40cd8996aa0da,468b2d71040b4d7e583c02ca2036c393a50a94c5,False,"{""VRP-EVRP-Project-Hub"": {""dirty"": false, ""path"": ""/Users/guoyiyang/Documents/GitHub/FURP-2026-Yiyang-GUO-EVRP-TW/reference/VRP-EVRP-Project-Hub"", ""revision"": ""e3a890065105f978187e532642c4442522215e02""}, ""py-ga-VRPTW"": {""dirty"": false, ""path"": ""/Users/guoyiyang/Documents/GitHub/FURP-2026-Yiyang-GUO-EVRP-TW/reference/py-ga-VRPTW"", ""revision"": ""8e005caaaf6471a4505588d88c7f0f5e0d4ebffa""}}",stage03.1_screening_attempt04,,preserve;see stage03_legacy_path_map.csv
stage03.2,cache_incremental,stage03.2_cache_incremental_attempt02,attempt02,stage03.2_cache_incremental_attempt02,stage03.2_cache_incremental_attempt02,formal,rc102C10,2014,"[""c101C5"", ""r105C5"", ""rc105C5"", ""c104C10"", ""r103C10"", ""rc102C10"", ""c106C15"", ""r105C15"", ""rc103C15"", ""c101_21"", ""r101_21"", ""rc101_21""]","[2014, 2015, 2016]",raw,verified_legacy,results/stage03.2_cache_incremental_attempt02/rc102C10/2014/stage03.2_cache_incremental_attempt02_raw_rc102C10_2014.json,results/stage03.2_cache_incremental_attempt02/raw/rc102C10-alns_stage02_constraint_guided-2014.json,feasible,,pass,READY_FOR_STAGE03_3,READY_FOR_STAGE03_3,pass,899293835f93bbe66b04d204cb9d2806680a4b629139044fa48c1b14cf21d8c6,raw_manifest,9f624c82445a8c93a5339e9ec5c2a2efc6ea99023cd1c72e12eb247273f53a01,4da5f1da3791d1a2538874fb51d25bff691c1a4039faef054d655af94410d49f,b85edffa9a896007203a8f6688731b66fcaeedada2b6deae0a3e3ca4a1a0d1a6,30592915a8e0540770b5787f2773e1913e3149b927826f82d6847e95d5cd8472,b226b97e0e67288aaaf85726ad855df71cb81406685c57c8e8c40cd8996aa0da,468b2d71040b4d7e583c02ca2036c393a50a94c5,False,"{""VRP-EVRP-Project-Hub"": {""dirty"": false, ""path"": ""/Users/guoyiyang/Documents/GitHub/FURP-2026-Yiyang-GUO-EVRP-TW/reference/VRP-EVRP-Project-Hub"", ""revision"": ""e3a890065105f978187e532642c4442522215e02""}, ""py-ga-VRPTW"": {""dirty"": false, ""path"": ""/Users/guoyiyang/Documents/GitHub/FURP-2026-Yiyang-GUO-EVRP-TW/reference/py-ga-VRPTW"", ""revision"": ""8e005caaaf6471a4505588d88c7f0f5e0d4ebffa""}}",stage03.1_screening_attempt04,,preserve;see stage03_legacy_path_map.csv
stage03.2,cache_incremental,stage03.2_cache_incremental_attempt02,attempt02,stage03.2_cache_incremental_attempt02,stage03.2_cache_incremental_attempt02,formal,rc102C10,2015,"[""c101C5"", ""r105C5"", ""rc105C5"", ""c104C10"", ""r103C10"", ""rc102C10"", ""c106C15"", ""r105C15"", ""rc103C15"", ""c101_21"", ""r101_21"", ""rc101_21""]","[2014, 2015, 2016]",raw,verified_legacy,results/stage03.2_cache_incremental_attempt02/rc102C10/2015/stage03.2_cache_incremental_attempt02_raw_rc102C10_2015.json,results/stage03.2_cache_incremental_attempt02/raw/rc102C10-alns_stage02_constraint_guided-2015.json,feasible,,pass,READY_FOR_STAGE03_3,READY_FOR_STAGE03_3,pass,a7bf84fc9679a4ae6b50e64429f6bde29160b055a22676f541e666cfda4eed49,raw_manifest,9f624c82445a8c93a5339e9ec5c2a2efc6ea99023cd1c72e12eb247273f53a01,4da5f1da3791d1a2538874fb51d25bff691c1a4039faef054d655af94410d49f,b85edffa9a896007203a8f6688731b66fcaeedada2b6deae0a3e3ca4a1a0d1a6,023f8e4be5f9e20c2232eaceb87f5f600147af515e60866a7c4c9f6d7dea7395,b226b97e0e67288aaaf85726ad855df71cb81406685c57c8e8c40cd8996aa0da,468b2d71040b4d7e583c02ca2036c393a50a94c5,False,"{""VRP-EVRP-Project-Hub"": {""dirty"": false, ""path"": ""/Users/guoyiyang/Documents/GitHub/FURP-2026-Yiyang-GUO-EVRP-TW/reference/VRP-EVRP-Project-Hub"", ""revision"": ""e3a890065105f978187e532642c4442522215e02""}, ""py-ga-VRPTW"": {""dirty"": false, ""path"": ""/Users/guoyiyang/Documents/GitHub/FURP-2026-Yiyang-GUO-EVRP-TW/reference/py-ga-VRPTW"", ""revision"": ""8e005caaaf6471a4505588d88c7f0f5e0d4ebffa""}}",stage03.1_screening_attempt04,,preserve;see stage03_legacy_path_map.csv
stage03.2,cache_incremental,stage03.2_cache_incremental_attempt02,attempt02,stage03.2_cache_incremental_attempt02,stage03.2_cache_incremental_attempt02,formal,rc102C10,2016,"[""c101C5"", ""r105C5"", ""rc105C5"", ""c104C10"", ""r103C10"", ""rc102C10"", ""c106C15"", ""r105C15"", ""rc103C15"", ""c101_21"", ""r101_21"", ""rc101_21""]","[2014, 2015, 2016]",raw,verified_legacy,results/stage03.2_cache_incremental_attempt02/rc102C10/2016/stage03.2_cache_incremental_attempt02_raw_rc102C10_2016.json,results/stage03.2_cache_incremental_attempt02/raw/rc102C10-alns_stage02_constraint_guided-2016.json,feasible,,pass,READY_FOR_STAGE03_3,READY_FOR_STAGE03_3,pass,fc980b19036916cdcbf146a36fcf9cd9fd289c564a6ec09f8f56127a76b20dbb,raw_manifest,9f624c82445a8c93a5339e9ec5c2a2efc6ea99023cd1c72e12eb247273f53a01,4da5f1da3791d1a2538874fb51d25bff691c1a4039faef054d655af94410d49f,b85edffa9a896007203a8f6688731b66fcaeedada2b6deae0a3e3ca4a1a0d1a6,cdea0ebec70e6eb3005ab0d757e4ace590c1729aad135cdee956a74926aaf2b0,b226b97e0e67288aaaf85726ad855df71cb81406685c57c8e8c40cd8996aa0da,468b2d71040b4d7e583c02ca2036c393a50a94c5,False,"{""VRP-EVRP-Project-Hub"": {""dirty"": false, ""path"": ""/Users/guoyiyang/Documents/GitHub/FURP-2026-Yiyang-GUO-EVRP-TW/reference/VRP-EVRP-Project-Hub"", ""revision"": ""e3a890065105f978187e532642c4442522215e02""}, ""py-ga-VRPTW"": {""dirty"": false, ""path"": ""/Users/guoyiyang/Documents/GitHub/FURP-2026-Yiyang-GUO-EVRP-TW/reference/py-ga-VRPTW"", ""revision"": ""8e005caaaf6471a4505588d88c7f0f5e0d4ebffa""}}",stage03.1_screening_attempt04,,preserve;see stage03_legacy_path_map.csv
stage03.2,cache_incremental,stage03.2_cache_incremental_attempt02,attempt02,stage03.2_cache_incremental_attempt02,stage03.2_cache_incremental_attempt02,formal,rc103C15,2014,"[""c101C5"", ""r105C5"", ""rc105C5"", ""c104C10"", ""r103C10"", ""rc102C10"", ""c106C15"", ""r105C15"", ""rc103C15"", ""c101_21"", ""r101_21"", ""rc101_21""]","[2014, 2015, 2016]",raw,verified_legacy,results/stage03.2_cache_incremental_attempt02/rc103C15/2014/stage03.2_cache_incremental_attempt02_raw_rc103C15_2014.json,results/stage03.2_cache_incremental_attempt02/raw/rc103C15-alns_stage02_constraint_guided-2014.json,feasible,,pass,READY_FOR_STAGE03_3,READY_FOR_STAGE03_3,pass,bbbd70cbf8a32300ff8d6cbbac18854f561e9b41541fc2bc07f381de05bd8413,raw_manifest,9f624c82445a8c93a5339e9ec5c2a2efc6ea99023cd1c72e12eb247273f53a01,4da5f1da3791d1a2538874fb51d25bff691c1a4039faef054d655af94410d49f,51cbd950e7a76acae3add1f93d4c5f3b906f1e0ca5b47f46b068ff4f52e43c4a,89ba61b279cc1205224a6646eb5fd210144a597584321fad929d2cb5592266ab,b226b97e0e67288aaaf85726ad855df71cb81406685c57c8e8c40cd8996aa0da,468b2d71040b4d7e583c02ca2036c393a50a94c5,False,"{""VRP-EVRP-Project-Hub"": {""dirty"": false, ""path"": ""/Users/guoyiyang/Documents/GitHub/FURP-2026-Yiyang-GUO-EVRP-TW/reference/VRP-EVRP-Project-Hub"", ""revision"": ""e3a890065105f978187e532642c4442522215e02""}, ""py-ga-VRPTW"": {""dirty"": false, ""path"": ""/Users/guoyiyang/Documents/GitHub/FURP-2026-Yiyang-GUO-EVRP-TW/reference/py-ga-VRPTW"", ""revision"": ""8e005caaaf6471a4505588d88c7f0f5e0d4ebffa""}}",stage03.1_screening_attempt04,,preserve;see stage03_legacy_path_map.csv
stage03.2,cache_incremental,stage03.2_cache_incremental_attempt02,attempt02,stage03.2_cache_incremental_attempt02,stage03.2_cache_incremental_attempt02,formal,rc103C15,2015,"[""c101C5"", ""r105C5"", ""rc105C5"", ""c104C10"", ""r103C10"", ""rc102C10"", ""c106C15"", ""r105C15"", ""rc103C15"", ""c101_21"", ""r101_21"", ""rc101_21""]","[2014, 2015, 2016]",raw,verified_legacy,results/stage03.2_cache_incremental_attempt02/rc103C15/2015/stage03.2_cache_incremental_attempt02_raw_rc103C15_2015.json,results/stage03.2_cache_incremental_attempt02/raw/rc103C15-alns_stage02_constraint_guided-2015.json,feasible,,pass,READY_FOR_STAGE03_3,READY_FOR_STAGE03_3,pass,80841f902f866fec779b8416316dfa9a4551c864625d5c3456d9bb0fb193d3ab,raw_manifest,9f624c82445a8c93a5339e9ec5c2a2efc6ea99023cd1c72e12eb247273f53a01,4da5f1da3791d1a2538874fb51d25bff691c1a4039faef054d655af94410d49f,51cbd950e7a76acae3add1f93d4c5f3b906f1e0ca5b47f46b068ff4f52e43c4a,c24d6db2ef9dead78e06ba5728ab5bec4c49acbe60fbb6879e6359a50bdc72f7,b226b97e0e67288aaaf85726ad855df71cb81406685c57c8e8c40cd8996aa0da,468b2d71040b4d7e583c02ca2036c393a50a94c5,False,"{""VRP-EVRP-Project-Hub"": {""dirty"": false, ""path"": ""/Users/guoyiyang/Documents/GitHub/FURP-2026-Yiyang-GUO-EVRP-TW/reference/VRP-EVRP-Project-Hub"", ""revision"": ""e3a890065105f978187e532642c4442522215e02""}, ""py-ga-VRPTW"": {""dirty"": false, ""path"": ""/Users/guoyiyang/Documents/GitHub/FURP-2026-Yiyang-GUO-EVRP-TW/reference/py-ga-VRPTW"", ""revision"": ""8e005caaaf6471a4505588d88c7f0f5e0d4ebffa""}}",stage03.1_screening_attempt04,,preserve;see stage03_legacy_path_map.csv
stage03.2,cache_incremental,stage03.2_cache_incremental_attempt02,attempt02,stage03.2_cache_incremental_attempt02,stage03.2_cache_incremental_attempt02,formal,rc103C15,2016,"[""c101C5"", ""r105C5"", ""rc105C5"", ""c104C10"", ""r103C10"", ""rc102C10"", ""c106C15"", ""r105C15"", ""rc103C15"", ""c101_21"", ""r101_21"", ""rc101_21""]","[2014, 2015, 2016]",raw,verified_legacy,results/stage03.2_cache_incremental_attempt02/rc103C15/2016/stage03.2_cache_incremental_attempt02_raw_rc103C15_2016.json,results/stage03.2_cache_incremental_attempt02/raw/rc103C15-alns_stage02_constraint_guided-2016.json,feasible,,pass,READY_FOR_STAGE03_3,READY_FOR_STAGE03_3,pass,85e7dd03182f8f5c1cce193cc06cd137cdd86e46653111056ba6b507e3161a32,raw_manifest,9f624c82445a8c93a5339e9ec5c2a2efc6ea99023cd1c72e12eb247273f53a01,4da5f1da3791d1a2538874fb51d25bff691c1a4039faef054d655af94410d49f,51cbd950e7a76acae3add1f93d4c5f3b906f1e0ca5b47f46b068ff4f52e43c4a,feabe6bb15e9d264c60cfea8ba71300662d1c5b7fc14537178fb81e78948b3fb,b226b97e0e67288aaaf85726ad855df71cb81406685c57c8e8c40cd8996aa0da,468b2d71040b4d7e583c02ca2036c393a50a94c5,False,"{""VRP-EVRP-Project-Hub"": {""dirty"": false, ""path"": ""/Users/guoyiyang/Documents/GitHub/FURP-2026-Yiyang-GUO-EVRP-TW/reference/VRP-EVRP-Project-Hub"", ""revision"": ""e3a890065105f978187e532642c4442522215e02""}, ""py-ga-VRPTW"": {""dirty"": false, ""path"": ""/Users/guoyiyang/Documents/GitHub/FURP-2026-Yiyang-GUO-EVRP-TW/reference/py-ga-VRPTW"", ""revision"": ""8e005caaaf6471a4505588d88c7f0f5e0d4ebffa""}}",stage03.1_screening_attempt04,,preserve;see stage03_legacy_path_map.csv
stage03.2,cache_incremental,stage03.2_cache_incremental_attempt02,attempt02,stage03.2_cache_incremental_attempt02,stage03.2_cache_incremental_attempt02,formal,rc105C5,2014,"[""c101C5"", ""r105C5"", ""rc105C5"", ""c104C10"", ""r103C10"", ""rc102C10"", ""c106C15"", ""r105C15"", ""rc103C15"", ""c101_21"", ""r101_21"", ""rc101_21""]","[2014, 2015, 2016]",raw,verified_legacy,results/stage03.2_cache_incremental_attempt02/rc105C5/2014/stage03.2_cache_incremental_attempt02_raw_rc105C5_2014.json,results/stage03.2_cache_incremental_attempt02/raw/rc105C5-alns_stage02_constraint_guided-2014.json,feasible,,pass,READY_FOR_STAGE03_3,READY_FOR_STAGE03_3,pass,3efb4dc89899b9a12ced86e590c9433b6abde817780576c7dac6110c8b5a173c,raw_manifest,9f624c82445a8c93a5339e9ec5c2a2efc6ea99023cd1c72e12eb247273f53a01,4da5f1da3791d1a2538874fb51d25bff691c1a4039faef054d655af94410d49f,2ccfba6c447fa43a994934690acb67c7355ca04d232394907ed6938bc362c643,5199da47f4b1484c30cc762bfbe4028bdd832a3773b723e52af5174b2f2091df,b226b97e0e67288aaaf85726ad855df71cb81406685c57c8e8c40cd8996aa0da,468b2d71040b4d7e583c02ca2036c393a50a94c5,False,"{""VRP-EVRP-Project-Hub"": {""dirty"": false, ""path"": ""/Users/guoyiyang/Documents/GitHub/FURP-2026-Yiyang-GUO-EVRP-TW/reference/VRP-EVRP-Project-Hub"", ""revision"": ""e3a890065105f978187e532642c4442522215e02""}, ""py-ga-VRPTW"": {""dirty"": false, ""path"": ""/Users/guoyiyang/Documents/GitHub/FURP-2026-Yiyang-GUO-EVRP-TW/reference/py-ga-VRPTW"", ""revision"": ""8e005caaaf6471a4505588d88c7f0f5e0d4ebffa""}}",stage03.1_screening_attempt04,,preserve;see stage03_legacy_path_map.csv
stage03.2,cache_incremental,stage03.2_cache_incremental_attempt02,attempt02,stage03.2_cache_incremental_attempt02,stage03.2_cache_incremental_attempt02,formal,rc105C5,2015,"[""c101C5"", ""r105C5"", ""rc105C5"", ""c104C10"", ""r103C10"", ""rc102C10"", ""c106C15"", ""r105C15"", ""rc103C15"", ""c101_21"", ""r101_21"", ""rc101_21""]","[2014, 2015, 2016]",raw,verified_legacy,results/stage03.2_cache_incremental_attempt02/rc105C5/2015/stage03.2_cache_incremental_attempt02_raw_rc105C5_2015.json,results/stage03.2_cache_incremental_attempt02/raw/rc105C5-alns_stage02_constraint_guided-2015.json,feasible,,pass,READY_FOR_STAGE03_3,READY_FOR_STAGE03_3,pass,0408dbd0fabf745c75806884d109f38e274fdd7d44efc962b22f06913140b22e,raw_manifest,9f624c82445a8c93a5339e9ec5c2a2efc6ea99023cd1c72e12eb247273f53a01,4da5f1da3791d1a2538874fb51d25bff691c1a4039faef054d655af94410d49f,2ccfba6c447fa43a994934690acb67c7355ca04d232394907ed6938bc362c643,c7cfb9824fbd971e896cdf395e576baa2ca05873fce87cc4357ac65e610044d4,b226b97e0e67288aaaf85726ad855df71cb81406685c57c8e8c40cd8996aa0da,468b2d71040b4d7e583c02ca2036c393a50a94c5,False,"{""VRP-EVRP-Project-Hub"": {""dirty"": false, ""path"": ""/Users/guoyiyang/Documents/GitHub/FURP-2026-Yiyang-GUO-EVRP-TW/reference/VRP-EVRP-Project-Hub"", ""revision"": ""e3a890065105f978187e532642c4442522215e02""}, ""py-ga-VRPTW"": {""dirty"": false, ""path"": ""/Users/guoyiyang/Documents/GitHub/FURP-2026-Yiyang-GUO-EVRP-TW/reference/py-ga-VRPTW"", ""revision"": ""8e005caaaf6471a4505588d88c7f0f5e0d4ebffa""}}",stage03.1_screening_attempt04,,preserve;see stage03_legacy_path_map.csv
stage03.2,cache_incremental,stage03.2_cache_incremental_attempt02,attempt02,stage03.2_cache_incremental_attempt02,stage03.2_cache_incremental_attempt02,formal,rc105C5,2016,"[""c101C5"", ""r105C5"", ""rc105C5"", ""c104C10"", ""r103C10"", ""rc102C10"", ""c106C15"", ""r105C15"", ""rc103C15"", ""c101_21"", ""r101_21"", ""rc101_21""]","[2014, 2015, 2016]",raw,verified_legacy,results/stage03.2_cache_incremental_attempt02/rc105C5/2016/stage03.2_cache_incremental_attempt02_raw_rc105C5_2016.json,results/stage03.2_cache_incremental_attempt02/raw/rc105C5-alns_stage02_constraint_guided-2016.json,feasible,,pass,READY_FOR_STAGE03_3,READY_FOR_STAGE03_3,pass,c7d37ccca66f4ec315dded6c9feb8943bf00d946b7e54933728df8e65764b99e,raw_manifest,9f624c82445a8c93a5339e9ec5c2a2efc6ea99023cd1c72e12eb247273f53a01,4da5f1da3791d1a2538874fb51d25bff691c1a4039faef054d655af94410d49f,2ccfba6c447fa43a994934690acb67c7355ca04d232394907ed6938bc362c643,4a93fd8f28581b1624029de249065d17745ddced424b84147c86d53a0ac0088d,b226b97e0e67288aaaf85726ad855df71cb81406685c57c8e8c40cd8996aa0da,468b2d71040b4d7e583c02ca2036c393a50a94c5,False,"{""VRP-EVRP-Project-Hub"": {""dirty"": false, ""path"": ""/Users/guoyiyang/Documents/GitHub/FURP-2026-Yiyang-GUO-EVRP-TW/reference/VRP-EVRP-Project-Hub"", ""revision"": ""e3a890065105f978187e532642c4442522215e02""}, ""py-ga-VRPTW"": {""dirty"": false, ""path"": ""/Users/guoyiyang/Documents/GitHub/FURP-2026-Yiyang-GUO-EVRP-TW/reference/py-ga-VRPTW"", ""revision"": ""8e005caaaf6471a4505588d88c7f0f5e0d4ebffa""}}",stage03.1_screening_attempt04,,preserve;see stage03_legacy_path_map.csv
stage03.2,cache_incremental,stage03.2_cache_incremental_attempt02,attempt02,stage03.2_cache_incremental_attempt02,stage03.2_cache_incremental_attempt02,formal,__all__,__all__,"[""c101C5"", ""r105C5"", ""rc105C5"", ""c104C10"", ""r103C10"", ""rc102C10"", ""c106C15"", ""r105C15"", ""rc103C15"", ""c101_21"", ""r101_21"", ""rc101_21""]","[2014, 2015, 2016]",raw_per_run_results,verified_legacy,results/stage03.2_cache_incremental_attempt02/all/all/stage03.2_cache_incremental_attempt02_raw_per_run_results.csv,results/stage03.2_cache_incremental_attempt02/raw_per_run_results.csv,feasible,,pass,READY_FOR_STAGE03_3,READY_FOR_STAGE03_3,pass,b23f45d6fa7cc18a3b7a353f648818860d804dfba51a4c5f46f0479a1237345a,raw_manifest,9f624c82445a8c93a5339e9ec5c2a2efc6ea99023cd1c72e12eb247273f53a01,4da5f1da3791d1a2538874fb51d25bff691c1a4039faef054d655af94410d49f,,,b226b97e0e67288aaaf85726ad855df71cb81406685c57c8e8c40cd8996aa0da,468b2d71040b4d7e583c02ca2036c393a50a94c5,False,"{""VRP-EVRP-Project-Hub"": {""dirty"": false, ""path"": ""/Users/guoyiyang/Documents/GitHub/FURP-2026-Yiyang-GUO-EVRP-TW/reference/VRP-EVRP-Project-Hub"", ""revision"": ""e3a890065105f978187e532642c4442522215e02""}, ""py-ga-VRPTW"": {""dirty"": false, ""path"": ""/Users/guoyiyang/Documents/GitHub/FURP-2026-Yiyang-GUO-EVRP-TW/reference/py-ga-VRPTW"", ""revision"": ""8e005caaaf6471a4505588d88c7f0f5e0d4ebffa""}}",stage03.1_screening_attempt04,,preserve;see stage03_legacy_path_map.csv
stage03.2,cache_incremental,stage03.2_cache_incremental_attempt02,attempt02,stage03.2_cache_incremental_attempt02,stage03.2_cache_incremental_attempt02,formal,__all__,__all__,"[""c101C5"", ""r105C5"", ""rc105C5"", ""c104C10"", ""r103C10"", ""rc102C10"", ""c106C15"", ""r105C15"", ""rc103C15"", ""c101_21"", ""r101_21"", ""rc101_21""]","[2014, 2015, 2016]",baseline_comparison,verified_legacy,results/stage03.2_cache_incremental_attempt02/review/stage03.2_cache_incremental_attempt02_baseline_comparison.csv,results/stage03.2_cache_incremental_attempt02/review/baseline_comparison.csv,feasible,,pass,READY_FOR_STAGE03_3,READY_FOR_STAGE03_3,pass,5222aa4cac3b14572faf97ee6829c706a14447bb5b48a3b5e888f827a0a0ce6e,review_manifest,9f624c82445a8c93a5339e9ec5c2a2efc6ea99023cd1c72e12eb247273f53a01,4da5f1da3791d1a2538874fb51d25bff691c1a4039faef054d655af94410d49f,,,b226b97e0e67288aaaf85726ad855df71cb81406685c57c8e8c40cd8996aa0da,468b2d71040b4d7e583c02ca2036c393a50a94c5,False,"{""VRP-EVRP-Project-Hub"": {""dirty"": false, ""path"": ""/Users/guoyiyang/Documents/GitHub/FURP-2026-Yiyang-GUO-EVRP-TW/reference/VRP-EVRP-Project-Hub"", ""revision"": ""e3a890065105f978187e532642c4442522215e02""}, ""py-ga-VRPTW"": {""dirty"": false, ""path"": ""/Users/guoyiyang/Documents/GitHub/FURP-2026-Yiyang-GUO-EVRP-TW/reference/py-ga-VRPTW"", ""revision"": ""8e005caaaf6471a4505588d88c7f0f5e0d4ebffa""}}",stage03.1_screening_attempt04,,preserve;see stage03_legacy_path_map.csv
stage03.2,cache_incremental,stage03.2_cache_incremental_attempt02,attempt02,stage03.2_cache_incremental_attempt02,stage03.2_cache_incremental_attempt02,formal,__all__,__all__,"[""c101C5"", ""r105C5"", ""rc105C5"", ""c104C10"", ""r103C10"", ""rc102C10"", ""c106C15"", ""r105C15"", ""rc103C15"", ""c101_21"", ""r101_21"", ""rc101_21""]","[2014, 2015, 2016]",review,verified_legacy,results/stage03.2_cache_incremental_attempt02/review/stage03.2_cache_incremental_attempt02_review.csv,results/stage03.2_cache_incremental_attempt02/review/cache_incremental_statistics.csv,feasible,,pass,READY_FOR_STAGE03_3,READY_FOR_STAGE03_3,pass,2bd4a9821903946b799ce2ccf4cafc885cb5490a29cd1fa91e2c03b6a3396d9a,review_manifest,9f624c82445a8c93a5339e9ec5c2a2efc6ea99023cd1c72e12eb247273f53a01,4da5f1da3791d1a2538874fb51d25bff691c1a4039faef054d655af94410d49f,,,b226b97e0e67288aaaf85726ad855df71cb81406685c57c8e8c40cd8996aa0da,468b2d71040b4d7e583c02ca2036c393a50a94c5,False,"{""VRP-EVRP-Project-Hub"": {""dirty"": false, ""path"": ""/Users/guoyiyang/Documents/GitHub/FURP-2026-Yiyang-GUO-EVRP-TW/reference/VRP-EVRP-Project-Hub"", ""revision"": ""e3a890065105f978187e532642c4442522215e02""}, ""py-ga-VRPTW"": {""dirty"": false, ""path"": ""/Users/guoyiyang/Documents/GitHub/FURP-2026-Yiyang-GUO-EVRP-TW/reference/py-ga-VRPTW"", ""revision"": ""8e005caaaf6471a4505588d88c7f0f5e0d4ebffa""}}",stage03.1_screening_attempt04,,preserve;see stage03_legacy_path_map.csv
stage03.2,cache_incremental,stage03.2_cache_incremental_attempt02,attempt02,stage03.2_cache_incremental_attempt02,stage03.2_cache_incremental_attempt02,formal,__all__,__all__,"[""c101C5"", ""r105C5"", ""rc105C5"", ""c104C10"", ""r103C10"", ""rc102C10"", ""c106C15"", ""r105C15"", ""rc103C15"", ""c101_21"", ""r101_21"", ""rc101_21""]","[2014, 2015, 2016]",deadline_report,verified_legacy,results/stage03.2_cache_incremental_attempt02/review/stage03.2_cache_incremental_attempt02_deadline_report.csv,results/stage03.2_cache_incremental_attempt02/review/deadline_report.csv,feasible,,pass,READY_FOR_STAGE03_3,READY_FOR_STAGE03_3,pass,c02ac5992636ac2e3430f0613d551b3b35ab668f4d3568a918515b3fa5a3f182,review_manifest,9f624c82445a8c93a5339e9ec5c2a2efc6ea99023cd1c72e12eb247273f53a01,4da5f1da3791d1a2538874fb51d25bff691c1a4039faef054d655af94410d49f,,,b226b97e0e67288aaaf85726ad855df71cb81406685c57c8e8c40cd8996aa0da,468b2d71040b4d7e583c02ca2036c393a50a94c5,False,"{""VRP-EVRP-Project-Hub"": {""dirty"": false, ""path"": ""/Users/guoyiyang/Documents/GitHub/FURP-2026-Yiyang-GUO-EVRP-TW/reference/VRP-EVRP-Project-Hub"", ""revision"": ""e3a890065105f978187e532642c4442522215e02""}, ""py-ga-VRPTW"": {""dirty"": false, ""path"": ""/Users/guoyiyang/Documents/GitHub/FURP-2026-Yiyang-GUO-EVRP-TW/reference/py-ga-VRPTW"", ""revision"": ""8e005caaaf6471a4505588d88c7f0f5e0d4ebffa""}}",stage03.1_screening_attempt04,,preserve;see stage03_legacy_path_map.csv
stage03.2,cache_incremental,stage03.2_cache_incremental_attempt02,attempt02,stage03.2_cache_incremental_attempt02,stage03.2_cache_incremental_attempt02,formal,__all__,__all__,"[""c101C5"", ""r105C5"", ""rc105C5"", ""c104C10"", ""r103C10"", ""rc102C10"", ""c106C15"", ""r105C15"", ""rc103C15"", ""c101_21"", ""r101_21"", ""rc101_21""]","[2014, 2015, 2016]",recomputed_per_run_results,verified_legacy,results/stage03.2_cache_incremental_attempt02/review/stage03.2_cache_incremental_attempt02_recomputed_per_run_results.csv,results/stage03.2_cache_incremental_attempt02/review/recomputed_per_run_results.csv,feasible,,pass,READY_FOR_STAGE03_3,READY_FOR_STAGE03_3,pass,9f4756f3600d42bd7e909254398fb98e85804f775184f6e5d6c8fb669e6cc723,review_manifest,9f624c82445a8c93a5339e9ec5c2a2efc6ea99023cd1c72e12eb247273f53a01,4da5f1da3791d1a2538874fb51d25bff691c1a4039faef054d655af94410d49f,,,b226b97e0e67288aaaf85726ad855df71cb81406685c57c8e8c40cd8996aa0da,468b2d71040b4d7e583c02ca2036c393a50a94c5,False,"{""VRP-EVRP-Project-Hub"": {""dirty"": false, ""path"": ""/Users/guoyiyang/Documents/GitHub/FURP-2026-Yiyang-GUO-EVRP-TW/reference/VRP-EVRP-Project-Hub"", ""revision"": ""e3a890065105f978187e532642c4442522215e02""}, ""py-ga-VRPTW"": {""dirty"": false, ""path"": ""/Users/guoyiyang/Documents/GitHub/FURP-2026-Yiyang-GUO-EVRP-TW/reference/py-ga-VRPTW"", ""revision"": ""8e005caaaf6471a4505588d88c7f0f5e0d4ebffa""}}",stage03.1_screening_attempt04,,preserve;see stage03_legacy_path_map.csv
stage03.2,cache_incremental,stage03.2_cache_incremental_attempt02,attempt02,stage03.2_cache_incremental_attempt02,stage03.2_cache_incremental_attempt02,formal,__all__,__all__,"[""c101C5"", ""r105C5"", ""rc105C5"", ""c104C10"", ""r103C10"", ""rc102C10"", ""c106C15"", ""r105C15"", ""rc103C15"", ""c101_21"", ""r101_21"", ""rc101_21""]","[2014, 2015, 2016]",review_findings,verified_legacy,results/stage03.2_cache_incremental_attempt02/review/stage03.2_cache_incremental_attempt02_review_findings.csv,results/stage03.2_cache_incremental_attempt02/review/review_findings.csv,feasible,,pass,READY_FOR_STAGE03_3,READY_FOR_STAGE03_3,pass,f1102c4a489bc583f195b9d743a16b8a6bcc07612aff081d3e87ba320f3e6f78,review_manifest,9f624c82445a8c93a5339e9ec5c2a2efc6ea99023cd1c72e12eb247273f53a01,4da5f1da3791d1a2538874fb51d25bff691c1a4039faef054d655af94410d49f,,,b226b97e0e67288aaaf85726ad855df71cb81406685c57c8e8c40cd8996aa0da,468b2d71040b4d7e583c02ca2036c393a50a94c5,False,"{""VRP-EVRP-Project-Hub"": {""dirty"": false, ""path"": ""/Users/guoyiyang/Documents/GitHub/FURP-2026-Yiyang-GUO-EVRP-TW/reference/VRP-EVRP-Project-Hub"", ""revision"": ""e3a890065105f978187e532642c4442522215e02""}, ""py-ga-VRPTW"": {""dirty"": false, ""path"": ""/Users/guoyiyang/Documents/GitHub/FURP-2026-Yiyang-GUO-EVRP-TW/reference/py-ga-VRPTW"", ""revision"": ""8e005caaaf6471a4505588d88c7f0f5e0d4ebffa""}}",stage03.1_screening_attempt04,,preserve;see stage03_legacy_path_map.csv
stage03.2,cache_incremental,stage03.2_cache_incremental_attempt02,attempt02,stage03.2_cache_incremental_attempt02,stage03.2_cache_incremental_attempt02,formal,__all__,__all__,"[""c101C5"", ""r105C5"", ""rc105C5"", ""c104C10"", ""r103C10"", ""rc102C10"", ""c106C15"", ""r105C15"", ""rc103C15"", ""c101_21"", ""r101_21"", ""rc101_21""]","[2014, 2015, 2016]",manifest,verified_legacy,results/stage03.2_cache_incremental_attempt02/review/stage03.2_cache_incremental_attempt02_manifest.json,results/stage03.2_cache_incremental_attempt02/review/review_manifest.json,feasible,,pass,READY_FOR_STAGE03_3,READY_FOR_STAGE03_3,pass,5209bcebd50fe784ad64101ff70721aa20de128ab40f547414d1bd0390ba3b29,computed,9f624c82445a8c93a5339e9ec5c2a2efc6ea99023cd1c72e12eb247273f53a01,4da5f1da3791d1a2538874fb51d25bff691c1a4039faef054d655af94410d49f,,,b226b97e0e67288aaaf85726ad855df71cb81406685c57c8e8c40cd8996aa0da,468b2d71040b4d7e583c02ca2036c393a50a94c5,False,"{""VRP-EVRP-Project-Hub"": {""dirty"": false, ""path"": ""/Users/guoyiyang/Documents/GitHub/FURP-2026-Yiyang-GUO-EVRP-TW/reference/VRP-EVRP-Project-Hub"", ""revision"": ""e3a890065105f978187e532642c4442522215e02""}, ""py-ga-VRPTW"": {""dirty"": false, ""path"": ""/Users/guoyiyang/Documents/GitHub/FURP-2026-Yiyang-GUO-EVRP-TW/reference/py-ga-VRPTW"", ""revision"": ""8e005caaaf6471a4505588d88c7f0f5e0d4ebffa""}}",stage03.1_screening_attempt04,,preserve;see stage03_legacy_path_map.csv
stage03.2,cache_incremental,stage03.2_cache_incremental_attempt02,attempt02,stage03.2_cache_incremental_attempt02,stage03.2_cache_incremental_attempt02,formal,__all__,__all__,"[""c101C5"", ""r105C5"", ""rc105C5"", ""c104C10"", ""r103C10"", ""rc102C10"", ""c106C15"", ""r105C15"", ""rc103C15"", ""c101_21"", ""r101_21"", ""rc101_21""]","[2014, 2015, 2016]",review_report,verified_legacy,results/stage03.2_cache_incremental_attempt02/review/stage03.2_cache_incremental_attempt02_review_report.md,results/stage03.2_cache_incremental_attempt02/review/review_report.md,feasible,,pass,READY_FOR_STAGE03_3,READY_FOR_STAGE03_3,pass,f6240d779fca97d1b9b974c1e75cce1ce286c3a71084b9d4692bf8126c265e43,review_manifest,9f624c82445a8c93a5339e9ec5c2a2efc6ea99023cd1c72e12eb247273f53a01,4da5f1da3791d1a2538874fb51d25bff691c1a4039faef054d655af94410d49f,,,b226b97e0e67288aaaf85726ad855df71cb81406685c57c8e8c40cd8996aa0da,468b2d71040b4d7e583c02ca2036c393a50a94c5,False,"{""VRP-EVRP-Project-Hub"": {""dirty"": false, ""path"": ""/Users/guoyiyang/Documents/GitHub/FURP-2026-Yiyang-GUO-EVRP-TW/reference/VRP-EVRP-Project-Hub"", ""revision"": ""e3a890065105f978187e532642c4442522215e02""}, ""py-ga-VRPTW"": {""dirty"": false, ""path"": ""/Users/guoyiyang/Documents/GitHub/FURP-2026-Yiyang-GUO-EVRP-TW/reference/py-ga-VRPTW"", ""revision"": ""8e005caaaf6471a4505588d88c7f0f5e0d4ebffa""}}",stage03.1_screening_attempt04,,preserve;see stage03_legacy_path_map.csv
stage03.2,cache_incremental,stage03.2_cache_incremental_attempt02,attempt02,stage03.2_cache_incremental_attempt02,stage03.2_cache_incremental_attempt02,formal,__all__,__all__,"[""c101C5"", ""r105C5"", ""rc105C5"", ""c104C10"", ""r103C10"", ""rc102C10"", ""c106C15"", ""r105C15"", ""rc103C15"", ""c101_21"", ""r101_21"", ""rc101_21""]","[2014, 2015, 2016]",screening_reason_statistics,verified_legacy,results/stage03.2_cache_incremental_attempt02/review/stage03.2_cache_incremental_attempt02_screening_reason_statistics.csv,results/stage03.2_cache_incremental_attempt02/review/screening_reason_statistics.csv,feasible,,pass,READY_FOR_STAGE03_3,READY_FOR_STAGE03_3,pass,85f557dc4d1423af3286821c71efc336b5e73a2b6213440ee3288b619ffce18a,review_manifest,9f624c82445a8c93a5339e9ec5c2a2efc6ea99023cd1c72e12eb247273f53a01,4da5f1da3791d1a2538874fb51d25bff691c1a4039faef054d655af94410d49f,,,b226b97e0e67288aaaf85726ad855df71cb81406685c57c8e8c40cd8996aa0da,468b2d71040b4d7e583c02ca2036c393a50a94c5,False,"{""VRP-EVRP-Project-Hub"": {""dirty"": false, ""path"": ""/Users/guoyiyang/Documents/GitHub/FURP-2026-Yiyang-GUO-EVRP-TW/reference/VRP-EVRP-Project-Hub"", ""revision"": ""e3a890065105f978187e532642c4442522215e02""}, ""py-ga-VRPTW"": {""dirty"": false, ""path"": ""/Users/guoyiyang/Documents/GitHub/FURP-2026-Yiyang-GUO-EVRP-TW/reference/py-ga-VRPTW"", ""revision"": ""8e005caaaf6471a4505588d88c7f0f5e0d4ebffa""}}",stage03.1_screening_attempt04,,preserve;see stage03_legacy_path_map.csv
stage03.2,cache_incremental,stage03.2_cache_incremental_attempt02,attempt02,stage03.2_cache_incremental_attempt02,stage03.2_cache_incremental_attempt02,formal,__all__,__all__,"[""c101C5"", ""r105C5"", ""rc105C5"", ""c104C10"", ""r103C10"", ""rc102C10"", ""c106C15"", ""r105C15"", ""rc103C15"", ""c101_21"", ""r101_21"", ""rc101_21""]","[2014, 2015, 2016]",stage03_formal_comparison,verified_legacy,results/stage03.2_cache_incremental_attempt02/review/stage03.2_cache_incremental_attempt02_stage03_formal_comparison.csv,results/stage03.2_cache_incremental_attempt02/review/stage03_formal_comparison.csv,feasible,,pass,READY_FOR_STAGE03_3,READY_FOR_STAGE03_3,pass,b311b944ee6b7d9fe5a8312356d42d4829ef5b8cf2b92653c5676f16d6651116,review_manifest,9f624c82445a8c93a5339e9ec5c2a2efc6ea99023cd1c72e12eb247273f53a01,4da5f1da3791d1a2538874fb51d25bff691c1a4039faef054d655af94410d49f,,,b226b97e0e67288aaaf85726ad855df71cb81406685c57c8e8c40cd8996aa0da,468b2d71040b4d7e583c02ca2036c393a50a94c5,False,"{""VRP-EVRP-Project-Hub"": {""dirty"": false, ""path"": ""/Users/guoyiyang/Documents/GitHub/FURP-2026-Yiyang-GUO-EVRP-TW/reference/VRP-EVRP-Project-Hub"", ""revision"": ""e3a890065105f978187e532642c4442522215e02""}, ""py-ga-VRPTW"": {""dirty"": false, ""path"": ""/Users/guoyiyang/Documents/GitHub/FURP-2026-Yiyang-GUO-EVRP-TW/reference/py-ga-VRPTW"", ""revision"": ""8e005caaaf6471a4505588d88c7f0f5e0d4ebffa""}}",stage03.1_screening_attempt04,,preserve;see stage03_legacy_path_map.csv
stage03.2,cache_incremental,stage03.2_cache_incremental_attempt02,attempt02,stage03.2_cache_incremental_attempt02,stage03.2_cache_incremental_attempt02,formal,__all__,__all__,"[""c101C5"", ""r105C5"", ""rc105C5"", ""c104C10"", ""r103C10"", ""rc102C10"", ""c106C15"", ""r105C15"", ""rc103C15"", ""c101_21"", ""r101_21"", ""rc101_21""]","[2014, 2015, 2016]",stage03_readiness,verified_legacy,results/stage03.2_cache_incremental_attempt02/review/stage03.2_cache_incremental_attempt02_stage03_readiness.csv,results/stage03.2_cache_incremental_attempt02/review/stage03_readiness.csv,feasible,,pass,READY_FOR_STAGE03_3,READY_FOR_STAGE03_3,pass,0934ee44cb4d1b7f0b3a41988983a03a3be5e7a38d52c52c80895ecb5613183a,review_manifest,9f624c82445a8c93a5339e9ec5c2a2efc6ea99023cd1c72e12eb247273f53a01,4da5f1da3791d1a2538874fb51d25bff691c1a4039faef054d655af94410d49f,,,b226b97e0e67288aaaf85726ad855df71cb81406685c57c8e8c40cd8996aa0da,468b2d71040b4d7e583c02ca2036c393a50a94c5,False,"{""VRP-EVRP-Project-Hub"": {""dirty"": false, ""path"": ""/Users/guoyiyang/Documents/GitHub/FURP-2026-Yiyang-GUO-EVRP-TW/reference/VRP-EVRP-Project-Hub"", ""revision"": ""e3a890065105f978187e532642c4442522215e02""}, ""py-ga-VRPTW"": {""dirty"": false, ""path"": ""/Users/guoyiyang/Documents/GitHub/FURP-2026-Yiyang-GUO-EVRP-TW/reference/py-ga-VRPTW"", ""revision"": ""8e005caaaf6471a4505588d88c7f0f5e0d4ebffa""}}",stage03.1_screening_attempt04,,preserve;see stage03_legacy_path_map.csv
stage03.2,cache_incremental,stage03.2_cache_incremental_attempt02,attempt02,stage03.2_cache_incremental_attempt02,stage03.2_cache_incremental_attempt02,formal,__all__,__all__,"[""c101C5"", ""r105C5"", ""rc105C5"", ""c104C10"", ""r103C10"", ""rc102C10"", ""c106C15"", ""r105C15"", ""rc103C15"", ""c101_21"", ""r101_21"", ""rc101_21""]","[2014, 2015, 2016]",summary_results,verified_legacy,results/stage03.2_cache_incremental_attempt02/review/stage03.2_cache_incremental_attempt02_summary_results.csv,results/stage03.2_cache_incremental_attempt02/review/summary_results.csv,feasible,,pass,READY_FOR_STAGE03_3,READY_FOR_STAGE03_3,pass,eb82e0f8f64d36848b09532dc83af78bfd0d8b9c579ad857d447100df454fdc3,review_manifest,9f624c82445a8c93a5339e9ec5c2a2efc6ea99023cd1c72e12eb247273f53a01,4da5f1da3791d1a2538874fb51d25bff691c1a4039faef054d655af94410d49f,,,b226b97e0e67288aaaf85726ad855df71cb81406685c57c8e8c40cd8996aa0da,468b2d71040b4d7e583c02ca2036c393a50a94c5,False,"{""VRP-EVRP-Project-Hub"": {""dirty"": false, ""path"": ""/Users/guoyiyang/Documents/GitHub/FURP-2026-Yiyang-GUO-EVRP-TW/reference/VRP-EVRP-Project-Hub"", ""revision"": ""e3a890065105f978187e532642c4442522215e02""}, ""py-ga-VRPTW"": {""dirty"": false, ""path"": ""/Users/guoyiyang/Documents/GitHub/FURP-2026-Yiyang-GUO-EVRP-TW/reference/py-ga-VRPTW"", ""revision"": ""8e005caaaf6471a4505588d88c7f0f5e0d4ebffa""}}",stage03.1_screening_attempt04,,preserve;see stage03_legacy_path_map.csv
stage03.2,cache_incremental,stage03.2_cache_incremental_attempt02,attempt02,stage03.2_cache_incremental_attempt02,stage03.2_cache_incremental_attempt02,formal,__all__,__all__,"[""c101C5"", ""r105C5"", ""rc105C5"", ""c104C10"", ""r103C10"", ""rc102C10"", ""c106C15"", ""r105C15"", ""rc103C15"", ""c101_21"", ""r101_21"", ""rc101_21""]","[2014, 2015, 2016]",trace_reconciliation,verified_legacy,results/stage03.2_cache_incremental_attempt02/review/stage03.2_cache_incremental_attempt02_trace_reconciliation.csv,results/stage03.2_cache_incremental_attempt02/review/trace_reconciliation.csv,feasible,,pass,READY_FOR_STAGE03_3,READY_FOR_STAGE03_3,pass,0ddfba573c521cac661061acf49268812c9bfa906921518bb92b8fcc2d5f3d1c,review_manifest,9f624c82445a8c93a5339e9ec5c2a2efc6ea99023cd1c72e12eb247273f53a01,4da5f1da3791d1a2538874fb51d25bff691c1a4039faef054d655af94410d49f,,,b226b97e0e67288aaaf85726ad855df71cb81406685c57c8e8c40cd8996aa0da,468b2d71040b4d7e583c02ca2036c393a50a94c5,False,"{""VRP-EVRP-Project-Hub"": {""dirty"": false, ""path"": ""/Users/guoyiyang/Documents/GitHub/FURP-2026-Yiyang-GUO-EVRP-TW/reference/VRP-EVRP-Project-Hub"", ""revision"": ""e3a890065105f978187e532642c4442522215e02""}, ""py-ga-VRPTW"": {""dirty"": false, ""path"": ""/Users/guoyiyang/Documents/GitHub/FURP-2026-Yiyang-GUO-EVRP-TW/reference/py-ga-VRPTW"", ""revision"": ""8e005caaaf6471a4505588d88c7f0f5e0d4ebffa""}}",stage03.1_screening_attempt04,,preserve;see stage03_legacy_path_map.csv
stage03.2,cache_incremental,stage03.2_cache_incremental_attempt02,attempt02,stage03.2_cache_incremental_attempt02,stage03.2_cache_incremental_attempt02,formal,__all__,__all__,"[""c101C5"", ""r105C5"", ""rc105C5"", ""c104C10"", ""r103C10"", ""rc102C10"", ""c106C15"", ""r105C15"", ""rc103C15"", ""c101_21"", ""r101_21"", ""rc101_21""]","[2014, 2015, 2016]",manifest_metadata,verified_legacy,results/stage03.2_cache_incremental_attempt02/control/stage03.2_cache_incremental_attempt02_manifest_metadata.json,results/stage03.2_cache_incremental_attempt02/run_metadata.json,feasible,,pass,READY_FOR_STAGE03_3,READY_FOR_STAGE03_3,pass,6ff29dfb38eb01830b441766ec2930d0518147b29443be5e8141517da0fb4724,raw_manifest,9f624c82445a8c93a5339e9ec5c2a2efc6ea99023cd1c72e12eb247273f53a01,4da5f1da3791d1a2538874fb51d25bff691c1a4039faef054d655af94410d49f,,,b226b97e0e67288aaaf85726ad855df71cb81406685c57c8e8c40cd8996aa0da,468b2d71040b4d7e583c02ca2036c393a50a94c5,False,"{""VRP-EVRP-Project-Hub"": {""dirty"": false, ""path"": ""/Users/guoyiyang/Documents/GitHub/FURP-2026-Yiyang-GUO-EVRP-TW/reference/VRP-EVRP-Project-Hub"", ""revision"": ""e3a890065105f978187e532642c4442522215e02""}, ""py-ga-VRPTW"": {""dirty"": false, ""path"": ""/Users/guoyiyang/Documents/GitHub/FURP-2026-Yiyang-GUO-EVRP-TW/reference/py-ga-VRPTW"", ""revision"": ""8e005caaaf6471a4505588d88c7f0f5e0d4ebffa""}}",stage03.1_screening_attempt04,,preserve;see stage03_legacy_path_map.csv
stage03.2,cache_incremental,stage03.2_cache_incremental_attempt02,attempt02,stage03.2_cache_incremental_attempt02,stage03.2_cache_incremental_attempt02,formal,c101C5,2014,"[""c101C5"", ""r105C5"", ""rc105C5"", ""c104C10"", ""r103C10"", ""rc102C10"", ""c106C15"", ""r105C15"", ""rc103C15"", ""c101_21"", ""r101_21"", ""rc101_21""]","[2014, 2015, 2016]",solution,verified_legacy,results/stage03.2_cache_incremental_attempt02/c101C5/2014/stage03.2_cache_incremental_attempt02_solution_c101C5_2014.json,results/stage03.2_cache_incremental_attempt02/solutions/c101C5-alns_stage02_constraint_guided-2014.json,feasible,,pass,READY_FOR_STAGE03_3,READY_FOR_STAGE03_3,pass,9bc8fee0911b09e57f4c1760425edda3cc71aa25ca5ca403fe05e225b211d7d0,raw_manifest,9f624c82445a8c93a5339e9ec5c2a2efc6ea99023cd1c72e12eb247273f53a01,4da5f1da3791d1a2538874fb51d25bff691c1a4039faef054d655af94410d49f,8612d6d9aad051776097a5e50c7408f39352b8107b0639d58e5eda713f9ff876,1ca247adfbd983affea8ba9b4cb915c4c34dcd0cda4debaba0869aa7ac720a59,b226b97e0e67288aaaf85726ad855df71cb81406685c57c8e8c40cd8996aa0da,468b2d71040b4d7e583c02ca2036c393a50a94c5,False,"{""VRP-EVRP-Project-Hub"": {""dirty"": false, ""path"": ""/Users/guoyiyang/Documents/GitHub/FURP-2026-Yiyang-GUO-EVRP-TW/reference/VRP-EVRP-Project-Hub"", ""revision"": ""e3a890065105f978187e532642c4442522215e02""}, ""py-ga-VRPTW"": {""dirty"": false, ""path"": ""/Users/guoyiyang/Documents/GitHub/FURP-2026-Yiyang-GUO-EVRP-TW/reference/py-ga-VRPTW"", ""revision"": ""8e005caaaf6471a4505588d88c7f0f5e0d4ebffa""}}",stage03.1_screening_attempt04,,preserve;see stage03_legacy_path_map.csv
stage03.2,cache_incremental,stage03.2_cache_incremental_attempt02,attempt02,stage03.2_cache_incremental_attempt02,stage03.2_cache_incremental_attempt02,formal,c101C5,2015,"[""c101C5"", ""r105C5"", ""rc105C5"", ""c104C10"", ""r103C10"", ""rc102C10"", ""c106C15"", ""r105C15"", ""rc103C15"", ""c101_21"", ""r101_21"", ""rc101_21""]","[2014, 2015, 2016]",solution,verified_legacy,results/stage03.2_cache_incremental_attempt02/c101C5/2015/stage03.2_cache_incremental_attempt02_solution_c101C5_2015.json,results/stage03.2_cache_incremental_attempt02/solutions/c101C5-alns_stage02_constraint_guided-2015.json,feasible,,pass,READY_FOR_STAGE03_3,READY_FOR_STAGE03_3,pass,b1855d6e454679257dcdf716439c863951f9a787db170ef0e33534d15ccfb467,raw_manifest,9f624c82445a8c93a5339e9ec5c2a2efc6ea99023cd1c72e12eb247273f53a01,4da5f1da3791d1a2538874fb51d25bff691c1a4039faef054d655af94410d49f,8612d6d9aad051776097a5e50c7408f39352b8107b0639d58e5eda713f9ff876,6d6c1dbed077a6bc2f23677b77f5ce5a32b326373148ae9d1a45b4d87e9948c9,b226b97e0e67288aaaf85726ad855df71cb81406685c57c8e8c40cd8996aa0da,468b2d71040b4d7e583c02ca2036c393a50a94c5,False,"{""VRP-EVRP-Project-Hub"": {""dirty"": false, ""path"": ""/Users/guoyiyang/Documents/GitHub/FURP-2026-Yiyang-GUO-EVRP-TW/reference/VRP-EVRP-Project-Hub"", ""revision"": ""e3a890065105f978187e532642c4442522215e02""}, ""py-ga-VRPTW"": {""dirty"": false, ""path"": ""/Users/guoyiyang/Documents/GitHub/FURP-2026-Yiyang-GUO-EVRP-TW/reference/py-ga-VRPTW"", ""revision"": ""8e005caaaf6471a4505588d88c7f0f5e0d4ebffa""}}",stage03.1_screening_attempt04,,preserve;see stage03_legacy_path_map.csv
stage03.2,cache_incremental,stage03.2_cache_incremental_attempt02,attempt02,stage03.2_cache_incremental_attempt02,stage03.2_cache_incremental_attempt02,formal,c101C5,2016,"[""c101C5"", ""r105C5"", ""rc105C5"", ""c104C10"", ""r103C10"", ""rc102C10"", ""c106C15"", ""r105C15"", ""rc103C15"", ""c101_21"", ""r101_21"", ""rc101_21""]","[2014, 2015, 2016]",solution,verified_legacy,results/stage03.2_cache_incremental_attempt02/c101C5/2016/stage03.2_cache_incremental_attempt02_solution_c101C5_2016.json,results/stage03.2_cache_incremental_attempt02/solutions/c101C5-alns_stage02_constraint_guided-2016.json,feasible,,pass,READY_FOR_STAGE03_3,READY_FOR_STAGE03_3,pass,f51c31019783882711b0321089a25ed837ee0dcece584f9264c1fe160ea9f5b1,raw_manifest,9f624c82445a8c93a5339e9ec5c2a2efc6ea99023cd1c72e12eb247273f53a01,4da5f1da3791d1a2538874fb51d25bff691c1a4039faef054d655af94410d49f,8612d6d9aad051776097a5e50c7408f39352b8107b0639d58e5eda713f9ff876,73fe7aaf279e9ed94d622534b9af8ed98f7f6fb9eac6f6abf59abe50a3aa3681,b226b97e0e67288aaaf85726ad855df71cb81406685c57c8e8c40cd8996aa0da,468b2d71040b4d7e583c02ca2036c393a50a94c5,False,"{""VRP-EVRP-Project-Hub"": {""dirty"": false, ""path"": ""/Users/guoyiyang/Documents/GitHub/FURP-2026-Yiyang-GUO-EVRP-TW/reference/VRP-EVRP-Project-Hub"", ""revision"": ""e3a890065105f978187e532642c4442522215e02""}, ""py-ga-VRPTW"": {""dirty"": false, ""path"": ""/Users/guoyiyang/Documents/GitHub/FURP-2026-Yiyang-GUO-EVRP-TW/reference/py-ga-VRPTW"", ""revision"": ""8e005caaaf6471a4505588d88c7f0f5e0d4ebffa""}}",stage03.1_screening_attempt04,,preserve;see stage03_legacy_path_map.csv
stage03.2,cache_incremental,stage03.2_cache_incremental_attempt02,attempt02,stage03.2_cache_incremental_attempt02,stage03.2_cache_incremental_attempt02,formal,c101_21,2014,"[""c101C5"", ""r105C5"", ""rc105C5"", ""c104C10"", ""r103C10"", ""rc102C10"", ""c106C15"", ""r105C15"", ""rc103C15"", ""c101_21"", ""r101_21"", ""rc101_21""]","[2014, 2015, 2016]",solution,verified_legacy,results/stage03.2_cache_incremental_attempt02/c101_21/2014/stage03.2_cache_incremental_attempt02_solution_c101_21_2014.json,results/stage03.2_cache_incremental_attempt02/solutions/c101_21-alns_stage02_constraint_guided-2014.json,feasible,,pass,READY_FOR_STAGE03_3,READY_FOR_STAGE03_3,pass,bfbebb5e3fba341e978d9498dc7826048950b3d058fa159e702be9e1832347c4,raw_manifest,9f624c82445a8c93a5339e9ec5c2a2efc6ea99023cd1c72e12eb247273f53a01,4da5f1da3791d1a2538874fb51d25bff691c1a4039faef054d655af94410d49f,c5cda6ca63a7d518902cf4b02d98b4aa0f373aaa0658d5c666d1c46d38871cb9,83f2d0e7feb61133cd470259212ce0483cbf05cf041490b03d2cfdd372b43371,b226b97e0e67288aaaf85726ad855df71cb81406685c57c8e8c40cd8996aa0da,468b2d71040b4d7e583c02ca2036c393a50a94c5,False,"{""VRP-EVRP-Project-Hub"": {""dirty"": false, ""path"": ""/Users/guoyiyang/Documents/GitHub/FURP-2026-Yiyang-GUO-EVRP-TW/reference/VRP-EVRP-Project-Hub"", ""revision"": ""e3a890065105f978187e532642c4442522215e02""}, ""py-ga-VRPTW"": {""dirty"": false, ""path"": ""/Users/guoyiyang/Documents/GitHub/FURP-2026-Yiyang-GUO-EVRP-TW/reference/py-ga-VRPTW"", ""revision"": ""8e005caaaf6471a4505588d88c7f0f5e0d4ebffa""}}",stage03.1_screening_attempt04,,preserve;see stage03_legacy_path_map.csv
stage03.2,cache_incremental,stage03.2_cache_incremental_attempt02,attempt02,stage03.2_cache_incremental_attempt02,stage03.2_cache_incremental_attempt02,formal,c101_21,2015,"[""c101C5"", ""r105C5"", ""rc105C5"", ""c104C10"", ""r103C10"", ""rc102C10"", ""c106C15"", ""r105C15"", ""rc103C15"", ""c101_21"", ""r101_21"", ""rc101_21""]","[2014, 2015, 2016]",solution,verified_legacy,results/stage03.2_cache_incremental_attempt02/c101_21/2015/stage03.2_cache_incremental_attempt02_solution_c101_21_2015.json,results/stage03.2_cache_incremental_attempt02/solutions/c101_21-alns_stage02_constraint_guided-2015.json,feasible,,pass,READY_FOR_STAGE03_3,READY_FOR_STAGE03_3,pass,89c49bdd2e8cc8070049c67b15872e39f34bb34e4b34893b07ab8d2d6b213208,raw_manifest,9f624c82445a8c93a5339e9ec5c2a2efc6ea99023cd1c72e12eb247273f53a01,4da5f1da3791d1a2538874fb51d25bff691c1a4039faef054d655af94410d49f,c5cda6ca63a7d518902cf4b02d98b4aa0f373aaa0658d5c666d1c46d38871cb9,2e285a1de3c08b0a28e51af3652c5eaab341a4f45752ebf698a3505afaacbfa0,b226b97e0e67288aaaf85726ad855df71cb81406685c57c8e8c40cd8996aa0da,468b2d71040b4d7e583c02ca2036c393a50a94c5,False,"{""VRP-EVRP-Project-Hub"": {""dirty"": false, ""path"": ""/Users/guoyiyang/Documents/GitHub/FURP-2026-Yiyang-GUO-EVRP-TW/reference/VRP-EVRP-Project-Hub"", ""revision"": ""e3a890065105f978187e532642c4442522215e02""}, ""py-ga-VRPTW"": {""dirty"": false, ""path"": ""/Users/guoyiyang/Documents/GitHub/FURP-2026-Yiyang-GUO-EVRP-TW/reference/py-ga-VRPTW"", ""revision"": ""8e005caaaf6471a4505588d88c7f0f5e0d4ebffa""}}",stage03.1_screening_attempt04,,preserve;see stage03_legacy_path_map.csv
stage03.2,cache_incremental,stage03.2_cache_incremental_attempt02,attempt02,stage03.2_cache_incremental_attempt02,stage03.2_cache_incremental_attempt02,formal,c101_21,2016,"[""c101C5"", ""r105C5"", ""rc105C5"", ""c104C10"", ""r103C10"", ""rc102C10"", ""c106C15"", ""r105C15"", ""rc103C15"", ""c101_21"", ""r101_21"", ""rc101_21""]","[2014, 2015, 2016]",solution,verified_legacy,results/stage03.2_cache_incremental_attempt02/c101_21/2016/stage03.2_cache_incremental_attempt02_solution_c101_21_2016.json,results/stage03.2_cache_incremental_attempt02/solutions/c101_21-alns_stage02_constraint_guided-2016.json,feasible,,pass,READY_FOR_STAGE03_3,READY_FOR_STAGE03_3,pass,bb81a5428e7df7d06b4651d35ec399223c9a5b9d76dafb3577158755a4b13a55,raw_manifest,9f624c82445a8c93a5339e9ec5c2a2efc6ea99023cd1c72e12eb247273f53a01,4da5f1da3791d1a2538874fb51d25bff691c1a4039faef054d655af94410d49f,c5cda6ca63a7d518902cf4b02d98b4aa0f373aaa0658d5c666d1c46d38871cb9,8861a820ac572db6557c5a53bb46eda5742b412729db71915afbdfc6930bdd93,b226b97e0e67288aaaf85726ad855df71cb81406685c57c8e8c40cd8996aa0da,468b2d71040b4d7e583c02ca2036c393a50a94c5,False,"{""VRP-EVRP-Project-Hub"": {""dirty"": false, ""path"": ""/Users/guoyiyang/Documents/GitHub/FURP-2026-Yiyang-GUO-EVRP-TW/reference/VRP-EVRP-Project-Hub"", ""revision"": ""e3a890065105f978187e532642c4442522215e02""}, ""py-ga-VRPTW"": {""dirty"": false, ""path"": ""/Users/guoyiyang/Documents/GitHub/FURP-2026-Yiyang-GUO-EVRP-TW/reference/py-ga-VRPTW"", ""revision"": ""8e005caaaf6471a4505588d88c7f0f5e0d4ebffa""}}",stage03.1_screening_attempt04,,preserve;see stage03_legacy_path_map.csv
stage03.2,cache_incremental,stage03.2_cache_incremental_attempt02,attempt02,stage03.2_cache_incremental_attempt02,stage03.2_cache_incremental_attempt02,formal,c104C10,2014,"[""c101C5"", ""r105C5"", ""rc105C5"", ""c104C10"", ""r103C10"", ""rc102C10"", ""c106C15"", ""r105C15"", ""rc103C15"", ""c101_21"", ""r101_21"", ""rc101_21""]","[2014, 2015, 2016]",solution,verified_legacy,results/stage03.2_cache_incremental_attempt02/c104C10/2014/stage03.2_cache_incremental_attempt02_solution_c104C10_2014.json,results/stage03.2_cache_incremental_attempt02/solutions/c104C10-alns_stage02_constraint_guided-2014.json,feasible,,pass,READY_FOR_STAGE03_3,READY_FOR_STAGE03_3,pass,a136065c79a8756f9c440fa88db5e0d80da980eac278548274ccbdc1c71f127c,raw_manifest,9f624c82445a8c93a5339e9ec5c2a2efc6ea99023cd1c72e12eb247273f53a01,4da5f1da3791d1a2538874fb51d25bff691c1a4039faef054d655af94410d49f,f7816af706c1cf32dacaee45c710ff93ce53c9b56d17df657044e61e63d2c04b,9b6ac5254f8d9c384e7af3ee1bcc746e59ccb15301bf15187af51ab5b03383b1,b226b97e0e67288aaaf85726ad855df71cb81406685c57c8e8c40cd8996aa0da,468b2d71040b4d7e583c02ca2036c393a50a94c5,False,"{""VRP-EVRP-Project-Hub"": {""dirty"": false, ""path"": ""/Users/guoyiyang/Documents/GitHub/FURP-2026-Yiyang-GUO-EVRP-TW/reference/VRP-EVRP-Project-Hub"", ""revision"": ""e3a890065105f978187e532642c4442522215e02""}, ""py-ga-VRPTW"": {""dirty"": false, ""path"": ""/Users/guoyiyang/Documents/GitHub/FURP-2026-Yiyang-GUO-EVRP-TW/reference/py-ga-VRPTW"", ""revision"": ""8e005caaaf6471a4505588d88c7f0f5e0d4ebffa""}}",stage03.1_screening_attempt04,,preserve;see stage03_legacy_path_map.csv
stage03.2,cache_incremental,stage03.2_cache_incremental_attempt02,attempt02,stage03.2_cache_incremental_attempt02,stage03.2_cache_incremental_attempt02,formal,c104C10,2015,"[""c101C5"", ""r105C5"", ""rc105C5"", ""c104C10"", ""r103C10"", ""rc102C10"", ""c106C15"", ""r105C15"", ""rc103C15"", ""c101_21"", ""r101_21"", ""rc101_21""]","[2014, 2015, 2016]",solution,verified_legacy,results/stage03.2_cache_incremental_attempt02/c104C10/2015/stage03.2_cache_incremental_attempt02_solution_c104C10_2015.json,results/stage03.2_cache_incremental_attempt02/solutions/c104C10-alns_stage02_constraint_guided-2015.json,feasible,,pass,READY_FOR_STAGE03_3,READY_FOR_STAGE03_3,pass,7d3379d154eeb11b9839d8d2aec53de303f0c1d78069fd388200b87b319cdbd4,raw_manifest,9f624c82445a8c93a5339e9ec5c2a2efc6ea99023cd1c72e12eb247273f53a01,4da5f1da3791d1a2538874fb51d25bff691c1a4039faef054d655af94410d49f,f7816af706c1cf32dacaee45c710ff93ce53c9b56d17df657044e61e63d2c04b,aecd483e676e23341f0094295bb6413de28268c1b1c0704f2d1b68970c13f13f,b226b97e0e67288aaaf85726ad855df71cb81406685c57c8e8c40cd8996aa0da,468b2d71040b4d7e583c02ca2036c393a50a94c5,False,"{""VRP-EVRP-Project-Hub"": {""dirty"": false, ""path"": ""/Users/guoyiyang/Documents/GitHub/FURP-2026-Yiyang-GUO-EVRP-TW/reference/VRP-EVRP-Project-Hub"", ""revision"": ""e3a890065105f978187e532642c4442522215e02""}, ""py-ga-VRPTW"": {""dirty"": false, ""path"": ""/Users/guoyiyang/Documents/GitHub/FURP-2026-Yiyang-GUO-EVRP-TW/reference/py-ga-VRPTW"", ""revision"": ""8e005caaaf6471a4505588d88c7f0f5e0d4ebffa""}}",stage03.1_screening_attempt04,,preserve;see stage03_legacy_path_map.csv
stage03.2,cache_incremental,stage03.2_cache_incremental_attempt02,attempt02,stage03.2_cache_incremental_attempt02,stage03.2_cache_incremental_attempt02,formal,c104C10,2016,"[""c101C5"", ""r105C5"", ""rc105C5"", ""c104C10"", ""r103C10"", ""rc102C10"", ""c106C15"", ""r105C15"", ""rc103C15"", ""c101_21"", ""r101_21"", ""rc101_21""]","[2014, 2015, 2016]",solution,verified_legacy,results/stage03.2_cache_incremental_attempt02/c104C10/2016/stage03.2_cache_incremental_attempt02_solution_c104C10_2016.json,results/stage03.2_cache_incremental_attempt02/solutions/c104C10-alns_stage02_constraint_guided-2016.json,feasible,,pass,READY_FOR_STAGE03_3,READY_FOR_STAGE03_3,pass,30e4f20e7e344c81f23a6245b8270424b4ba2535f69538cf70b75084bd16fc99,raw_manifest,9f624c82445a8c93a5339e9ec5c2a2efc6ea99023cd1c72e12eb247273f53a01,4da5f1da3791d1a2538874fb51d25bff691c1a4039faef054d655af94410d49f,f7816af706c1cf32dacaee45c710ff93ce53c9b56d17df657044e61e63d2c04b,14f3b8bbf88d7209330c70007414b987d308b0e71bb58e96da4c26989419a35f,b226b97e0e67288aaaf85726ad855df71cb81406685c57c8e8c40cd8996aa0da,468b2d71040b4d7e583c02ca2036c393a50a94c5,False,"{""VRP-EVRP-Project-Hub"": {""dirty"": false, ""path"": ""/Users/guoyiyang/Documents/GitHub/FURP-2026-Yiyang-GUO-EVRP-TW/reference/VRP-EVRP-Project-Hub"", ""revision"": ""e3a890065105f978187e532642c4442522215e02""}, ""py-ga-VRPTW"": {""dirty"": false, ""path"": ""/Users/guoyiyang/Documents/GitHub/FURP-2026-Yiyang-GUO-EVRP-TW/reference/py-ga-VRPTW"", ""revision"": ""8e005caaaf6471a4505588d88c7f0f5e0d4ebffa""}}",stage03.1_screening_attempt04,,preserve;see stage03_legacy_path_map.csv
stage03.2,cache_incremental,stage03.2_cache_incremental_attempt02,attempt02,stage03.2_cache_incremental_attempt02,stage03.2_cache_incremental_attempt02,formal,c106C15,2014,"[""c101C5"", ""r105C5"", ""rc105C5"", ""c104C10"", ""r103C10"", ""rc102C10"", ""c106C15"", ""r105C15"", ""rc103C15"", ""c101_21"", ""r101_21"", ""rc101_21""]","[2014, 2015, 2016]",solution,verified_legacy,results/stage03.2_cache_incremental_attempt02/c106C15/2014/stage03.2_cache_incremental_attempt02_solution_c106C15_2014.json,results/stage03.2_cache_incremental_attempt02/solutions/c106C15-alns_stage02_constraint_guided-2014.json,feasible,,pass,READY_FOR_STAGE03_3,READY_FOR_STAGE03_3,pass,2fe8a408ba3ded265322f82e22e749c4799eb520547c6d5548cba9dbfa18e3d9,raw_manifest,9f624c82445a8c93a5339e9ec5c2a2efc6ea99023cd1c72e12eb247273f53a01,4da5f1da3791d1a2538874fb51d25bff691c1a4039faef054d655af94410d49f,eba58a458a9fd13ae8fd404df8db1d04e49271326316256ee060468048881a86,0000fc2508670e7124d1157475f806ab658aa33b5801285059bdc10d2f9b0d5b,b226b97e0e67288aaaf85726ad855df71cb81406685c57c8e8c40cd8996aa0da,468b2d71040b4d7e583c02ca2036c393a50a94c5,False,"{""VRP-EVRP-Project-Hub"": {""dirty"": false, ""path"": ""/Users/guoyiyang/Documents/GitHub/FURP-2026-Yiyang-GUO-EVRP-TW/reference/VRP-EVRP-Project-Hub"", ""revision"": ""e3a890065105f978187e532642c4442522215e02""}, ""py-ga-VRPTW"": {""dirty"": false, ""path"": ""/Users/guoyiyang/Documents/GitHub/FURP-2026-Yiyang-GUO-EVRP-TW/reference/py-ga-VRPTW"", ""revision"": ""8e005caaaf6471a4505588d88c7f0f5e0d4ebffa""}}",stage03.1_screening_attempt04,,preserve;see stage03_legacy_path_map.csv
stage03.2,cache_incremental,stage03.2_cache_incremental_attempt02,attempt02,stage03.2_cache_incremental_attempt02,stage03.2_cache_incremental_attempt02,formal,c106C15,2015,"[""c101C5"", ""r105C5"", ""rc105C5"", ""c104C10"", ""r103C10"", ""rc102C10"", ""c106C15"", ""r105C15"", ""rc103C15"", ""c101_21"", ""r101_21"", ""rc101_21""]","[2014, 2015, 2016]",solution,verified_legacy,results/stage03.2_cache_incremental_attempt02/c106C15/2015/stage03.2_cache_incremental_attempt02_solution_c106C15_2015.json,results/stage03.2_cache_incremental_attempt02/solutions/c106C15-alns_stage02_constraint_guided-2015.json,feasible,,pass,READY_FOR_STAGE03_3,READY_FOR_STAGE03_3,pass,8c6062481fae24f9221286fd375b1954fe7e0da7ed47fac447f2fb0e93547f68,raw_manifest,9f624c82445a8c93a5339e9ec5c2a2efc6ea99023cd1c72e12eb247273f53a01,4da5f1da3791d1a2538874fb51d25bff691c1a4039faef054d655af94410d49f,eba58a458a9fd13ae8fd404df8db1d04e49271326316256ee060468048881a86,c3d3b01dfbaea3ca09fd568d8e0da81d2e4c7cc5a3aa4de53d5596931a0b70e3,b226b97e0e67288aaaf85726ad855df71cb81406685c57c8e8c40cd8996aa0da,468b2d71040b4d7e583c02ca2036c393a50a94c5,False,"{""VRP-EVRP-Project-Hub"": {""dirty"": false, ""path"": ""/Users/guoyiyang/Documents/GitHub/FURP-2026-Yiyang-GUO-EVRP-TW/reference/VRP-EVRP-Project-Hub"", ""revision"": ""e3a890065105f978187e532642c4442522215e02""}, ""py-ga-VRPTW"": {""dirty"": false, ""path"": ""/Users/guoyiyang/Documents/GitHub/FURP-2026-Yiyang-GUO-EVRP-TW/reference/py-ga-VRPTW"", ""revision"": ""8e005caaaf6471a4505588d88c7f0f5e0d4ebffa""}}",stage03.1_screening_attempt04,,preserve;see stage03_legacy_path_map.csv
stage03.2,cache_incremental,stage03.2_cache_incremental_attempt02,attempt02,stage03.2_cache_incremental_attempt02,stage03.2_cache_incremental_attempt02,formal,c106C15,2016,"[""c101C5"", ""r105C5"", ""rc105C5"", ""c104C10"", ""r103C10"", ""rc102C10"", ""c106C15"", ""r105C15"", ""rc103C15"", ""c101_21"", ""r101_21"", ""rc101_21""]","[2014, 2015, 2016]",solution,verified_legacy,results/stage03.2_cache_incremental_attempt02/c106C15/2016/stage03.2_cache_incremental_attempt02_solution_c106C15_2016.json,results/stage03.2_cache_incremental_attempt02/solutions/c106C15-alns_stage02_constraint_guided-2016.json,feasible,,pass,READY_FOR_STAGE03_3,READY_FOR_STAGE03_3,pass,9786a5eaf1adcdce429ed633b02b1880242327ab82079cab6f037373d6987704,raw_manifest,9f624c82445a8c93a5339e9ec5c2a2efc6ea99023cd1c72e12eb247273f53a01,4da5f1da3791d1a2538874fb51d25bff691c1a4039faef054d655af94410d49f,eba58a458a9fd13ae8fd404df8db1d04e49271326316256ee060468048881a86,a9fb488d01a954a0a8f9a9069e17d162b93be581a196c34e734740ef1bdf3bdc,b226b97e0e67288aaaf85726ad855df71cb81406685c57c8e8c40cd8996aa0da,468b2d71040b4d7e583c02ca2036c393a50a94c5,False,"{""VRP-EVRP-Project-Hub"": {""dirty"": false, ""path"": ""/Users/guoyiyang/Documents/GitHub/FURP-2026-Yiyang-GUO-EVRP-TW/reference/VRP-EVRP-Project-Hub"", ""revision"": ""e3a890065105f978187e532642c4442522215e02""}, ""py-ga-VRPTW"": {""dirty"": false, ""path"": ""/Users/guoyiyang/Documents/GitHub/FURP-2026-Yiyang-GUO-EVRP-TW/reference/py-ga-VRPTW"", ""revision"": ""8e005caaaf6471a4505588d88c7f0f5e0d4ebffa""}}",stage03.1_screening_attempt04,,preserve;see stage03_legacy_path_map.csv
stage03.2,cache_incremental,stage03.2_cache_incremental_attempt02,attempt02,stage03.2_cache_incremental_attempt02,stage03.2_cache_incremental_attempt02,formal,r101_21,2014,"[""c101C5"", ""r105C5"", ""rc105C5"", ""c104C10"", ""r103C10"", ""rc102C10"", ""c106C15"", ""r105C15"", ""rc103C15"", ""c101_21"", ""r101_21"", ""rc101_21""]","[2014, 2015, 2016]",solution,verified_legacy,results/stage03.2_cache_incremental_attempt02/r101_21/2014/stage03.2_cache_incremental_attempt02_solution_r101_21_2014.json,results/stage03.2_cache_incremental_attempt02/solutions/r101_21-alns_stage02_constraint_guided-2014.json,feasible,,pass,READY_FOR_STAGE03_3,READY_FOR_STAGE03_3,pass,0f6eb4be7e43a99055ce34539ddd8dc39da5f02524ad20fa07e2f02caffb82f5,raw_manifest,9f624c82445a8c93a5339e9ec5c2a2efc6ea99023cd1c72e12eb247273f53a01,4da5f1da3791d1a2538874fb51d25bff691c1a4039faef054d655af94410d49f,0e5a3dffffbd3c516b528ef32ba1a488b817d2f151fc3e8c81023814de1c103a,d38cfb1b7b8d10b557acf6d99b8eccf61f3718532defe40b26419237b5bd13ab,b226b97e0e67288aaaf85726ad855df71cb81406685c57c8e8c40cd8996aa0da,468b2d71040b4d7e583c02ca2036c393a50a94c5,False,"{""VRP-EVRP-Project-Hub"": {""dirty"": false, ""path"": ""/Users/guoyiyang/Documents/GitHub/FURP-2026-Yiyang-GUO-EVRP-TW/reference/VRP-EVRP-Project-Hub"", ""revision"": ""e3a890065105f978187e532642c4442522215e02""}, ""py-ga-VRPTW"": {""dirty"": false, ""path"": ""/Users/guoyiyang/Documents/GitHub/FURP-2026-Yiyang-GUO-EVRP-TW/reference/py-ga-VRPTW"", ""revision"": ""8e005caaaf6471a4505588d88c7f0f5e0d4ebffa""}}",stage03.1_screening_attempt04,,preserve;see stage03_legacy_path_map.csv
stage03.2,cache_incremental,stage03.2_cache_incremental_attempt02,attempt02,stage03.2_cache_incremental_attempt02,stage03.2_cache_incremental_attempt02,formal,r101_21,2015,"[""c101C5"", ""r105C5"", ""rc105C5"", ""c104C10"", ""r103C10"", ""rc102C10"", ""c106C15"", ""r105C15"", ""rc103C15"", ""c101_21"", ""r101_21"", ""rc101_21""]","[2014, 2015, 2016]",solution,verified_legacy,results/stage03.2_cache_incremental_attempt02/r101_21/2015/stage03.2_cache_incremental_attempt02_solution_r101_21_2015.json,results/stage03.2_cache_incremental_attempt02/solutions/r101_21-alns_stage02_constraint_guided-2015.json,feasible,,pass,READY_FOR_STAGE03_3,READY_FOR_STAGE03_3,pass,0598392691acb93e748b0a165cf3cf6af98be6aa556129dee7aecc542a158d6b,raw_manifest,9f624c82445a8c93a5339e9ec5c2a2efc6ea99023cd1c72e12eb247273f53a01,4da5f1da3791d1a2538874fb51d25bff691c1a4039faef054d655af94410d49f,0e5a3dffffbd3c516b528ef32ba1a488b817d2f151fc3e8c81023814de1c103a,48058e8af451a65568a9914b32deac20a0fa346ef09778b8cfde41e77baebcea,b226b97e0e67288aaaf85726ad855df71cb81406685c57c8e8c40cd8996aa0da,468b2d71040b4d7e583c02ca2036c393a50a94c5,False,"{""VRP-EVRP-Project-Hub"": {""dirty"": false, ""path"": ""/Users/guoyiyang/Documents/GitHub/FURP-2026-Yiyang-GUO-EVRP-TW/reference/VRP-EVRP-Project-Hub"", ""revision"": ""e3a890065105f978187e532642c4442522215e02""}, ""py-ga-VRPTW"": {""dirty"": false, ""path"": ""/Users/guoyiyang/Documents/GitHub/FURP-2026-Yiyang-GUO-EVRP-TW/reference/py-ga-VRPTW"", ""revision"": ""8e005caaaf6471a4505588d88c7f0f5e0d4ebffa""}}",stage03.1_screening_attempt04,,preserve;see stage03_legacy_path_map.csv
stage03.2,cache_incremental,stage03.2_cache_incremental_attempt02,attempt02,stage03.2_cache_incremental_attempt02,stage03.2_cache_incremental_attempt02,formal,r101_21,2016,"[""c101C5"", ""r105C5"", ""rc105C5"", ""c104C10"", ""r103C10"", ""rc102C10"", ""c106C15"", ""r105C15"", ""rc103C15"", ""c101_21"", ""r101_21"", ""rc101_21""]","[2014, 2015, 2016]",solution,verified_legacy,results/stage03.2_cache_incremental_attempt02/r101_21/2016/stage03.2_cache_incremental_attempt02_solution_r101_21_2016.json,results/stage03.2_cache_incremental_attempt02/solutions/r101_21-alns_stage02_constraint_guided-2016.json,feasible,,pass,READY_FOR_STAGE03_3,READY_FOR_STAGE03_3,pass,8c11ba54bd00d8e03dd04f927e2ee9c02174915748cd911c8f22aad016adf6d6,raw_manifest,9f624c82445a8c93a5339e9ec5c2a2efc6ea99023cd1c72e12eb247273f53a01,4da5f1da3791d1a2538874fb51d25bff691c1a4039faef054d655af94410d49f,0e5a3dffffbd3c516b528ef32ba1a488b817d2f151fc3e8c81023814de1c103a,36568d62600aa6b43b31a4d7db1c9ef1a1658e1381514e1faf9af5ac29df2833,b226b97e0e67288aaaf85726ad855df71cb81406685c57c8e8c40cd8996aa0da,468b2d71040b4d7e583c02ca2036c393a50a94c5,False,"{""VRP-EVRP-Project-Hub"": {""dirty"": false, ""path"": ""/Users/guoyiyang/Documents/GitHub/FURP-2026-Yiyang-GUO-EVRP-TW/reference/VRP-EVRP-Project-Hub"", ""revision"": ""e3a890065105f978187e532642c4442522215e02""}, ""py-ga-VRPTW"": {""dirty"": false, ""path"": ""/Users/guoyiyang/Documents/GitHub/FURP-2026-Yiyang-GUO-EVRP-TW/reference/py-ga-VRPTW"", ""revision"": ""8e005caaaf6471a4505588d88c7f0f5e0d4ebffa""}}",stage03.1_screening_attempt04,,preserve;see stage03_legacy_path_map.csv
stage03.2,cache_incremental,stage03.2_cache_incremental_attempt02,attempt02,stage03.2_cache_incremental_attempt02,stage03.2_cache_incremental_attempt02,formal,r103C10,2014,"[""c101C5"", ""r105C5"", ""rc105C5"", ""c104C10"", ""r103C10"", ""rc102C10"", ""c106C15"", ""r105C15"", ""rc103C15"", ""c101_21"", ""r101_21"", ""rc101_21""]","[2014, 2015, 2016]",solution,verified_legacy,results/stage03.2_cache_incremental_attempt02/r103C10/2014/stage03.2_cache_incremental_attempt02_solution_r103C10_2014.json,results/stage03.2_cache_incremental_attempt02/solutions/r103C10-alns_stage02_constraint_guided-2014.json,feasible,,pass,READY_FOR_STAGE03_3,READY_FOR_STAGE03_3,pass,02f87714b8ac90bb777df437bee0e0b27f869d8d8fe44d5934859980334656f3,raw_manifest,9f624c82445a8c93a5339e9ec5c2a2efc6ea99023cd1c72e12eb247273f53a01,4da5f1da3791d1a2538874fb51d25bff691c1a4039faef054d655af94410d49f,00debfb0e1fa34796b1644a045a064f52cb1f35052df9faa485db4b4f5ff512e,ae6067b977dc03a535fe6b9f98a2fa728c5bf424924461e8e57ef86aff1d1017,b226b97e0e67288aaaf85726ad855df71cb81406685c57c8e8c40cd8996aa0da,468b2d71040b4d7e583c02ca2036c393a50a94c5,False,"{""VRP-EVRP-Project-Hub"": {""dirty"": false, ""path"": ""/Users/guoyiyang/Documents/GitHub/FURP-2026-Yiyang-GUO-EVRP-TW/reference/VRP-EVRP-Project-Hub"", ""revision"": ""e3a890065105f978187e532642c4442522215e02""}, ""py-ga-VRPTW"": {""dirty"": false, ""path"": ""/Users/guoyiyang/Documents/GitHub/FURP-2026-Yiyang-GUO-EVRP-TW/reference/py-ga-VRPTW"", ""revision"": ""8e005caaaf6471a4505588d88c7f0f5e0d4ebffa""}}",stage03.1_screening_attempt04,,preserve;see stage03_legacy_path_map.csv
stage03.2,cache_incremental,stage03.2_cache_incremental_attempt02,attempt02,stage03.2_cache_incremental_attempt02,stage03.2_cache_incremental_attempt02,formal,r103C10,2015,"[""c101C5"", ""r105C5"", ""rc105C5"", ""c104C10"", ""r103C10"", ""rc102C10"", ""c106C15"", ""r105C15"", ""rc103C15"", ""c101_21"", ""r101_21"", ""rc101_21""]","[2014, 2015, 2016]",solution,verified_legacy,results/stage03.2_cache_incremental_attempt02/r103C10/2015/stage03.2_cache_incremental_attempt02_solution_r103C10_2015.json,results/stage03.2_cache_incremental_attempt02/solutions/r103C10-alns_stage02_constraint_guided-2015.json,feasible,,pass,READY_FOR_STAGE03_3,READY_FOR_STAGE03_3,pass,1ab599ed65ff97113320c777ac67ae91a59e63280f61b7cbf97d4b909da2312b,raw_manifest,9f624c82445a8c93a5339e9ec5c2a2efc6ea99023cd1c72e12eb247273f53a01,4da5f1da3791d1a2538874fb51d25bff691c1a4039faef054d655af94410d49f,00debfb0e1fa34796b1644a045a064f52cb1f35052df9faa485db4b4f5ff512e,846c4787de91aa9926220984ea0b8a0eb96705c1f36f8590e6758ab22402c5c7,b226b97e0e67288aaaf85726ad855df71cb81406685c57c8e8c40cd8996aa0da,468b2d71040b4d7e583c02ca2036c393a50a94c5,False,"{""VRP-EVRP-Project-Hub"": {""dirty"": false, ""path"": ""/Users/guoyiyang/Documents/GitHub/FURP-2026-Yiyang-GUO-EVRP-TW/reference/VRP-EVRP-Project-Hub"", ""revision"": ""e3a890065105f978187e532642c4442522215e02""}, ""py-ga-VRPTW"": {""dirty"": false, ""path"": ""/Users/guoyiyang/Documents/GitHub/FURP-2026-Yiyang-GUO-EVRP-TW/reference/py-ga-VRPTW"", ""revision"": ""8e005caaaf6471a4505588d88c7f0f5e0d4ebffa""}}",stage03.1_screening_attempt04,,preserve;see stage03_legacy_path_map.csv
stage03.2,cache_incremental,stage03.2_cache_incremental_attempt02,attempt02,stage03.2_cache_incremental_attempt02,stage03.2_cache_incremental_attempt02,formal,r103C10,2016,"[""c101C5"", ""r105C5"", ""rc105C5"", ""c104C10"", ""r103C10"", ""rc102C10"", ""c106C15"", ""r105C15"", ""rc103C15"", ""c101_21"", ""r101_21"", ""rc101_21""]","[2014, 2015, 2016]",solution,verified_legacy,results/stage03.2_cache_incremental_attempt02/r103C10/2016/stage03.2_cache_incremental_attempt02_solution_r103C10_2016.json,results/stage03.2_cache_incremental_attempt02/solutions/r103C10-alns_stage02_constraint_guided-2016.json,feasible,,pass,READY_FOR_STAGE03_3,READY_FOR_STAGE03_3,pass,06bdf17adf99c4e9bfbd0acbb472a45a03277a6adf3cac6bad7f2fad05b46ccf,raw_manifest,9f624c82445a8c93a5339e9ec5c2a2efc6ea99023cd1c72e12eb247273f53a01,4da5f1da3791d1a2538874fb51d25bff691c1a4039faef054d655af94410d49f,00debfb0e1fa34796b1644a045a064f52cb1f35052df9faa485db4b4f5ff512e,38850f52b7f96affe5887200ec04f55df31d96454c102b0e96b8da82521ab849,b226b97e0e67288aaaf85726ad855df71cb81406685c57c8e8c40cd8996aa0da,468b2d71040b4d7e583c02ca2036c393a50a94c5,False,"{""VRP-EVRP-Project-Hub"": {""dirty"": false, ""path"": ""/Users/guoyiyang/Documents/GitHub/FURP-2026-Yiyang-GUO-EVRP-TW/reference/VRP-EVRP-Project-Hub"", ""revision"": ""e3a890065105f978187e532642c4442522215e02""}, ""py-ga-VRPTW"": {""dirty"": false, ""path"": ""/Users/guoyiyang/Documents/GitHub/FURP-2026-Yiyang-GUO-EVRP-TW/reference/py-ga-VRPTW"", ""revision"": ""8e005caaaf6471a4505588d88c7f0f5e0d4ebffa""}}",stage03.1_screening_attempt04,,preserve;see stage03_legacy_path_map.csv
stage03.2,cache_incremental,stage03.2_cache_incremental_attempt02,attempt02,stage03.2_cache_incremental_attempt02,stage03.2_cache_incremental_attempt02,formal,r105C15,2014,"[""c101C5"", ""r105C5"", ""rc105C5"", ""c104C10"", ""r103C10"", ""rc102C10"", ""c106C15"", ""r105C15"", ""rc103C15"", ""c101_21"", ""r101_21"", ""rc101_21""]","[2014, 2015, 2016]",solution,verified_legacy,results/stage03.2_cache_incremental_attempt02/r105C15/2014/stage03.2_cache_incremental_attempt02_solution_r105C15_2014.json,results/stage03.2_cache_incremental_attempt02/solutions/r105C15-alns_stage02_constraint_guided-2014.json,feasible,,pass,READY_FOR_STAGE03_3,READY_FOR_STAGE03_3,pass,439761316128654a12d5f1e396730bd08754e1c15f8243882a5f4441718bcef7,raw_manifest,9f624c82445a8c93a5339e9ec5c2a2efc6ea99023cd1c72e12eb247273f53a01,4da5f1da3791d1a2538874fb51d25bff691c1a4039faef054d655af94410d49f,937f3e630e6afef1a148dc223dd1d6ad2d11cfff557803e68a50e981e3ceaa44,a0671ce5c4c6e19a1b3652bcb45a059e0af5a89a275e75f59dc44be529f48435,b226b97e0e67288aaaf85726ad855df71cb81406685c57c8e8c40cd8996aa0da,468b2d71040b4d7e583c02ca2036c393a50a94c5,False,"{""VRP-EVRP-Project-Hub"": {""dirty"": false, ""path"": ""/Users/guoyiyang/Documents/GitHub/FURP-2026-Yiyang-GUO-EVRP-TW/reference/VRP-EVRP-Project-Hub"", ""revision"": ""e3a890065105f978187e532642c4442522215e02""}, ""py-ga-VRPTW"": {""dirty"": false, ""path"": ""/Users/guoyiyang/Documents/GitHub/FURP-2026-Yiyang-GUO-EVRP-TW/reference/py-ga-VRPTW"", ""revision"": ""8e005caaaf6471a4505588d88c7f0f5e0d4ebffa""}}",stage03.1_screening_attempt04,,preserve;see stage03_legacy_path_map.csv
stage03.2,cache_incremental,stage03.2_cache_incremental_attempt02,attempt02,stage03.2_cache_incremental_attempt02,stage03.2_cache_incremental_attempt02,formal,r105C15,2015,"[""c101C5"", ""r105C5"", ""rc105C5"", ""c104C10"", ""r103C10"", ""rc102C10"", ""c106C15"", ""r105C15"", ""rc103C15"", ""c101_21"", ""r101_21"", ""rc101_21""]","[2014, 2015, 2016]",solution,verified_legacy,results/stage03.2_cache_incremental_attempt02/r105C15/2015/stage03.2_cache_incremental_attempt02_solution_r105C15_2015.json,results/stage03.2_cache_incremental_attempt02/solutions/r105C15-alns_stage02_constraint_guided-2015.json,feasible,,pass,READY_FOR_STAGE03_3,READY_FOR_STAGE03_3,pass,06dc542fca8f667155e09fb25dd8ef360283ba1e6c09efe2932d28793b44618d,raw_manifest,9f624c82445a8c93a5339e9ec5c2a2efc6ea99023cd1c72e12eb247273f53a01,4da5f1da3791d1a2538874fb51d25bff691c1a4039faef054d655af94410d49f,937f3e630e6afef1a148dc223dd1d6ad2d11cfff557803e68a50e981e3ceaa44,791534cce7436742127f6ded8db02548e513b063a0bf9ee13878af662235a24d,b226b97e0e67288aaaf85726ad855df71cb81406685c57c8e8c40cd8996aa0da,468b2d71040b4d7e583c02ca2036c393a50a94c5,False,"{""VRP-EVRP-Project-Hub"": {""dirty"": false, ""path"": ""/Users/guoyiyang/Documents/GitHub/FURP-2026-Yiyang-GUO-EVRP-TW/reference/VRP-EVRP-Project-Hub"", ""revision"": ""e3a890065105f978187e532642c4442522215e02""}, ""py-ga-VRPTW"": {""dirty"": false, ""path"": ""/Users/guoyiyang/Documents/GitHub/FURP-2026-Yiyang-GUO-EVRP-TW/reference/py-ga-VRPTW"", ""revision"": ""8e005caaaf6471a4505588d88c7f0f5e0d4ebffa""}}",stage03.1_screening_attempt04,,preserve;see stage03_legacy_path_map.csv
stage03.2,cache_incremental,stage03.2_cache_incremental_attempt02,attempt02,stage03.2_cache_incremental_attempt02,stage03.2_cache_incremental_attempt02,formal,r105C15,2016,"[""c101C5"", ""r105C5"", ""rc105C5"", ""c104C10"", ""r103C10"", ""rc102C10"", ""c106C15"", ""r105C15"", ""rc103C15"", ""c101_21"", ""r101_21"", ""rc101_21""]","[2014, 2015, 2016]",solution,verified_legacy,results/stage03.2_cache_incremental_attempt02/r105C15/2016/stage03.2_cache_incremental_attempt02_solution_r105C15_2016.json,results/stage03.2_cache_incremental_attempt02/solutions/r105C15-alns_stage02_constraint_guided-2016.json,feasible,,pass,READY_FOR_STAGE03_3,READY_FOR_STAGE03_3,pass,a4108ec5259c61f920c133ac3967ffae6ae849ac2694c93ff5b12bf4f3a373b4,raw_manifest,9f624c82445a8c93a5339e9ec5c2a2efc6ea99023cd1c72e12eb247273f53a01,4da5f1da3791d1a2538874fb51d25bff691c1a4039faef054d655af94410d49f,937f3e630e6afef1a148dc223dd1d6ad2d11cfff557803e68a50e981e3ceaa44,b87bcfe87b65e706e008299f59d9c26485908c2501ed3d557f6a4a173b07d56a,b226b97e0e67288aaaf85726ad855df71cb81406685c57c8e8c40cd8996aa0da,468b2d71040b4d7e583c02ca2036c393a50a94c5,False,"{""VRP-EVRP-Project-Hub"": {""dirty"": false, ""path"": ""/Users/guoyiyang/Documents/GitHub/FURP-2026-Yiyang-GUO-EVRP-TW/reference/VRP-EVRP-Project-Hub"", ""revision"": ""e3a890065105f978187e532642c4442522215e02""}, ""py-ga-VRPTW"": {""dirty"": false, ""path"": ""/Users/guoyiyang/Documents/GitHub/FURP-2026-Yiyang-GUO-EVRP-TW/reference/py-ga-VRPTW"", ""revision"": ""8e005caaaf6471a4505588d88c7f0f5e0d4ebffa""}}",stage03.1_screening_attempt04,,preserve;see stage03_legacy_path_map.csv
stage03.2,cache_incremental,stage03.2_cache_incremental_attempt02,attempt02,stage03.2_cache_incremental_attempt02,stage03.2_cache_incremental_attempt02,formal,r105C5,2014,"[""c101C5"", ""r105C5"", ""rc105C5"", ""c104C10"", ""r103C10"", ""rc102C10"", ""c106C15"", ""r105C15"", ""rc103C15"", ""c101_21"", ""r101_21"", ""rc101_21""]","[2014, 2015, 2016]",solution,verified_legacy,results/stage03.2_cache_incremental_attempt02/r105C5/2014/stage03.2_cache_incremental_attempt02_solution_r105C5_2014.json,results/stage03.2_cache_incremental_attempt02/solutions/r105C5-alns_stage02_constraint_guided-2014.json,feasible,,pass,READY_FOR_STAGE03_3,READY_FOR_STAGE03_3,pass,37f614411458fbc7802b1db8344ab4be5ef9dc9767d4851e1d3b65f343139676,raw_manifest,9f624c82445a8c93a5339e9ec5c2a2efc6ea99023cd1c72e12eb247273f53a01,4da5f1da3791d1a2538874fb51d25bff691c1a4039faef054d655af94410d49f,eb27ec04e799ee6d39dee3d66f15128e197811afa8c664295acbdf6444176434,687629b05d656ad59a732976c060addcffdb7b43ba8788586b64025c1ef6f952,b226b97e0e67288aaaf85726ad855df71cb81406685c57c8e8c40cd8996aa0da,468b2d71040b4d7e583c02ca2036c393a50a94c5,False,"{""VRP-EVRP-Project-Hub"": {""dirty"": false, ""path"": ""/Users/guoyiyang/Documents/GitHub/FURP-2026-Yiyang-GUO-EVRP-TW/reference/VRP-EVRP-Project-Hub"", ""revision"": ""e3a890065105f978187e532642c4442522215e02""}, ""py-ga-VRPTW"": {""dirty"": false, ""path"": ""/Users/guoyiyang/Documents/GitHub/FURP-2026-Yiyang-GUO-EVRP-TW/reference/py-ga-VRPTW"", ""revision"": ""8e005caaaf6471a4505588d88c7f0f5e0d4ebffa""}}",stage03.1_screening_attempt04,,preserve;see stage03_legacy_path_map.csv
stage03.2,cache_incremental,stage03.2_cache_incremental_attempt02,attempt02,stage03.2_cache_incremental_attempt02,stage03.2_cache_incremental_attempt02,formal,r105C5,2015,"[""c101C5"", ""r105C5"", ""rc105C5"", ""c104C10"", ""r103C10"", ""rc102C10"", ""c106C15"", ""r105C15"", ""rc103C15"", ""c101_21"", ""r101_21"", ""rc101_21""]","[2014, 2015, 2016]",solution,verified_legacy,results/stage03.2_cache_incremental_attempt02/r105C5/2015/stage03.2_cache_incremental_attempt02_solution_r105C5_2015.json,results/stage03.2_cache_incremental_attempt02/solutions/r105C5-alns_stage02_constraint_guided-2015.json,feasible,,pass,READY_FOR_STAGE03_3,READY_FOR_STAGE03_3,pass,5986d9d10e21f0dc93293751bd7d938a3769de674f21974964409251ce7e32ce,raw_manifest,9f624c82445a8c93a5339e9ec5c2a2efc6ea99023cd1c72e12eb247273f53a01,4da5f1da3791d1a2538874fb51d25bff691c1a4039faef054d655af94410d49f,eb27ec04e799ee6d39dee3d66f15128e197811afa8c664295acbdf6444176434,c53a41a4d826ee06c81e24c26ab939aeb20a1a4631d43f1bc72ec162cf574bd4,b226b97e0e67288aaaf85726ad855df71cb81406685c57c8e8c40cd8996aa0da,468b2d71040b4d7e583c02ca2036c393a50a94c5,False,"{""VRP-EVRP-Project-Hub"": {""dirty"": false, ""path"": ""/Users/guoyiyang/Documents/GitHub/FURP-2026-Yiyang-GUO-EVRP-TW/reference/VRP-EVRP-Project-Hub"", ""revision"": ""e3a890065105f978187e532642c4442522215e02""}, ""py-ga-VRPTW"": {""dirty"": false, ""path"": ""/Users/guoyiyang/Documents/GitHub/FURP-2026-Yiyang-GUO-EVRP-TW/reference/py-ga-VRPTW"", ""revision"": ""8e005caaaf6471a4505588d88c7f0f5e0d4ebffa""}}",stage03.1_screening_attempt04,,preserve;see stage03_legacy_path_map.csv
stage03.2,cache_incremental,stage03.2_cache_incremental_attempt02,attempt02,stage03.2_cache_incremental_attempt02,stage03.2_cache_incremental_attempt02,formal,r105C5,2016,"[""c101C5"", ""r105C5"", ""rc105C5"", ""c104C10"", ""r103C10"", ""rc102C10"", ""c106C15"", ""r105C15"", ""rc103C15"", ""c101_21"", ""r101_21"", ""rc101_21""]","[2014, 2015, 2016]",solution,verified_legacy,results/stage03.2_cache_incremental_attempt02/r105C5/2016/stage03.2_cache_incremental_attempt02_solution_r105C5_2016.json,results/stage03.2_cache_incremental_attempt02/solutions/r105C5-alns_stage02_constraint_guided-2016.json,feasible,,pass,READY_FOR_STAGE03_3,READY_FOR_STAGE03_3,pass,06501df94705311d988665f4a9a554aae7cbca6fdb7e497d6fd0161f382f29ab,raw_manifest,9f624c82445a8c93a5339e9ec5c2a2efc6ea99023cd1c72e12eb247273f53a01,4da5f1da3791d1a2538874fb51d25bff691c1a4039faef054d655af94410d49f,eb27ec04e799ee6d39dee3d66f15128e197811afa8c664295acbdf6444176434,17d5d56c56a32527b30c4ad1db5fd57846d63b6088fcaf88d84a6da33ebbbc30,b226b97e0e67288aaaf85726ad855df71cb81406685c57c8e8c40cd8996aa0da,468b2d71040b4d7e583c02ca2036c393a50a94c5,False,"{""VRP-EVRP-Project-Hub"": {""dirty"": false, ""path"": ""/Users/guoyiyang/Documents/GitHub/FURP-2026-Yiyang-GUO-EVRP-TW/reference/VRP-EVRP-Project-Hub"", ""revision"": ""e3a890065105f978187e532642c4442522215e02""}, ""py-ga-VRPTW"": {""dirty"": false, ""path"": ""/Users/guoyiyang/Documents/GitHub/FURP-2026-Yiyang-GUO-EVRP-TW/reference/py-ga-VRPTW"", ""revision"": ""8e005caaaf6471a4505588d88c7f0f5e0d4ebffa""}}",stage03.1_screening_attempt04,,preserve;see stage03_legacy_path_map.csv
stage03.2,cache_incremental,stage03.2_cache_incremental_attempt02,attempt02,stage03.2_cache_incremental_attempt02,stage03.2_cache_incremental_attempt02,formal,rc101_21,2014,"[""c101C5"", ""r105C5"", ""rc105C5"", ""c104C10"", ""r103C10"", ""rc102C10"", ""c106C15"", ""r105C15"", ""rc103C15"", ""c101_21"", ""r101_21"", ""rc101_21""]","[2014, 2015, 2016]",solution,verified_legacy,results/stage03.2_cache_incremental_attempt02/rc101_21/2014/stage03.2_cache_incremental_attempt02_solution_rc101_21_2014.json,results/stage03.2_cache_incremental_attempt02/solutions/rc101_21-alns_stage02_constraint_guided-2014.json,feasible,,pass,READY_FOR_STAGE03_3,READY_FOR_STAGE03_3,pass,78cd3d1d42cde1a0d2b26c56cd7d2d2d9261e09fcbc0af74e63c9a9ead2d9d30,raw_manifest,9f624c82445a8c93a5339e9ec5c2a2efc6ea99023cd1c72e12eb247273f53a01,4da5f1da3791d1a2538874fb51d25bff691c1a4039faef054d655af94410d49f,272a3e58d53d4ba9516f01506164cf8a9b98bfeeb8dbd1fd62f6557e4c98e3a1,1be1c9ad1b809d2ddbc8bd78bf0357d2346b8f0abf3ce9464eb84a30276cfe06,b226b97e0e67288aaaf85726ad855df71cb81406685c57c8e8c40cd8996aa0da,468b2d71040b4d7e583c02ca2036c393a50a94c5,False,"{""VRP-EVRP-Project-Hub"": {""dirty"": false, ""path"": ""/Users/guoyiyang/Documents/GitHub/FURP-2026-Yiyang-GUO-EVRP-TW/reference/VRP-EVRP-Project-Hub"", ""revision"": ""e3a890065105f978187e532642c4442522215e02""}, ""py-ga-VRPTW"": {""dirty"": false, ""path"": ""/Users/guoyiyang/Documents/GitHub/FURP-2026-Yiyang-GUO-EVRP-TW/reference/py-ga-VRPTW"", ""revision"": ""8e005caaaf6471a4505588d88c7f0f5e0d4ebffa""}}",stage03.1_screening_attempt04,,preserve;see stage03_legacy_path_map.csv
stage03.2,cache_incremental,stage03.2_cache_incremental_attempt02,attempt02,stage03.2_cache_incremental_attempt02,stage03.2_cache_incremental_attempt02,formal,rc101_21,2015,"[""c101C5"", ""r105C5"", ""rc105C5"", ""c104C10"", ""r103C10"", ""rc102C10"", ""c106C15"", ""r105C15"", ""rc103C15"", ""c101_21"", ""r101_21"", ""rc101_21""]","[2014, 2015, 2016]",solution,verified_legacy,results/stage03.2_cache_incremental_attempt02/rc101_21/2015/stage03.2_cache_incremental_attempt02_solution_rc101_21_2015.json,results/stage03.2_cache_incremental_attempt02/solutions/rc101_21-alns_stage02_constraint_guided-2015.json,feasible,,pass,READY_FOR_STAGE03_3,READY_FOR_STAGE03_3,pass,3e0fc1cd2dbad26b4d4c1c60e4a6df780aedcc46a58363747dfad8d487929ed2,raw_manifest,9f624c82445a8c93a5339e9ec5c2a2efc6ea99023cd1c72e12eb247273f53a01,4da5f1da3791d1a2538874fb51d25bff691c1a4039faef054d655af94410d49f,272a3e58d53d4ba9516f01506164cf8a9b98bfeeb8dbd1fd62f6557e4c98e3a1,d3cc33167d4b0c39f2e328a9f49bea12cdb6ffa1c8d325dab2da160c5e693623,b226b97e0e67288aaaf85726ad855df71cb81406685c57c8e8c40cd8996aa0da,468b2d71040b4d7e583c02ca2036c393a50a94c5,False,"{""VRP-EVRP-Project-Hub"": {""dirty"": false, ""path"": ""/Users/guoyiyang/Documents/GitHub/FURP-2026-Yiyang-GUO-EVRP-TW/reference/VRP-EVRP-Project-Hub"", ""revision"": ""e3a890065105f978187e532642c4442522215e02""}, ""py-ga-VRPTW"": {""dirty"": false, ""path"": ""/Users/guoyiyang/Documents/GitHub/FURP-2026-Yiyang-GUO-EVRP-TW/reference/py-ga-VRPTW"", ""revision"": ""8e005caaaf6471a4505588d88c7f0f5e0d4ebffa""}}",stage03.1_screening_attempt04,,preserve;see stage03_legacy_path_map.csv
stage03.2,cache_incremental,stage03.2_cache_incremental_attempt02,attempt02,stage03.2_cache_incremental_attempt02,stage03.2_cache_incremental_attempt02,formal,rc101_21,2016,"[""c101C5"", ""r105C5"", ""rc105C5"", ""c104C10"", ""r103C10"", ""rc102C10"", ""c106C15"", ""r105C15"", ""rc103C15"", ""c101_21"", ""r101_21"", ""rc101_21""]","[2014, 2015, 2016]",solution,verified_legacy,results/stage03.2_cache_incremental_attempt02/rc101_21/2016/stage03.2_cache_incremental_attempt02_solution_rc101_21_2016.json,results/stage03.2_cache_incremental_attempt02/solutions/rc101_21-alns_stage02_constraint_guided-2016.json,feasible,,pass,READY_FOR_STAGE03_3,READY_FOR_STAGE03_3,pass,93536c96f76729d0c1f813933a6a9e7f93e841be606659e00c07e5cbb1460293,raw_manifest,9f624c82445a8c93a5339e9ec5c2a2efc6ea99023cd1c72e12eb247273f53a01,4da5f1da3791d1a2538874fb51d25bff691c1a4039faef054d655af94410d49f,272a3e58d53d4ba9516f01506164cf8a9b98bfeeb8dbd1fd62f6557e4c98e3a1,868deb754a627a449c71c29391a1e1efff01cd82771b2a94a27d030db33a5ce2,b226b97e0e67288aaaf85726ad855df71cb81406685c57c8e8c40cd8996aa0da,468b2d71040b4d7e583c02ca2036c393a50a94c5,False,"{""VRP-EVRP-Project-Hub"": {""dirty"": false, ""path"": ""/Users/guoyiyang/Documents/GitHub/FURP-2026-Yiyang-GUO-EVRP-TW/reference/VRP-EVRP-Project-Hub"", ""revision"": ""e3a890065105f978187e532642c4442522215e02""}, ""py-ga-VRPTW"": {""dirty"": false, ""path"": ""/Users/guoyiyang/Documents/GitHub/FURP-2026-Yiyang-GUO-EVRP-TW/reference/py-ga-VRPTW"", ""revision"": ""8e005caaaf6471a4505588d88c7f0f5e0d4ebffa""}}",stage03.1_screening_attempt04,,preserve;see stage03_legacy_path_map.csv
stage03.2,cache_incremental,stage03.2_cache_incremental_attempt02,attempt02,stage03.2_cache_incremental_attempt02,stage03.2_cache_incremental_attempt02,formal,rc102C10,2014,"[""c101C5"", ""r105C5"", ""rc105C5"", ""c104C10"", ""r103C10"", ""rc102C10"", ""c106C15"", ""r105C15"", ""rc103C15"", ""c101_21"", ""r101_21"", ""rc101_21""]","[2014, 2015, 2016]",solution,verified_legacy,results/stage03.2_cache_incremental_attempt02/rc102C10/2014/stage03.2_cache_incremental_attempt02_solution_rc102C10_2014.json,results/stage03.2_cache_incremental_attempt02/solutions/rc102C10-alns_stage02_constraint_guided-2014.json,feasible,,pass,READY_FOR_STAGE03_3,READY_FOR_STAGE03_3,pass,f0c3d36337a1bab9c7c148562d32f233397b15aed4de08de7f3ba7c14bfa5800,raw_manifest,9f624c82445a8c93a5339e9ec5c2a2efc6ea99023cd1c72e12eb247273f53a01,4da5f1da3791d1a2538874fb51d25bff691c1a4039faef054d655af94410d49f,b85edffa9a896007203a8f6688731b66fcaeedada2b6deae0a3e3ca4a1a0d1a6,30592915a8e0540770b5787f2773e1913e3149b927826f82d6847e95d5cd8472,b226b97e0e67288aaaf85726ad855df71cb81406685c57c8e8c40cd8996aa0da,468b2d71040b4d7e583c02ca2036c393a50a94c5,False,"{""VRP-EVRP-Project-Hub"": {""dirty"": false, ""path"": ""/Users/guoyiyang/Documents/GitHub/FURP-2026-Yiyang-GUO-EVRP-TW/reference/VRP-EVRP-Project-Hub"", ""revision"": ""e3a890065105f978187e532642c4442522215e02""}, ""py-ga-VRPTW"": {""dirty"": false, ""path"": ""/Users/guoyiyang/Documents/GitHub/FURP-2026-Yiyang-GUO-EVRP-TW/reference/py-ga-VRPTW"", ""revision"": ""8e005caaaf6471a4505588d88c7f0f5e0d4ebffa""}}",stage03.1_screening_attempt04,,preserve;see stage03_legacy_path_map.csv
stage03.2,cache_incremental,stage03.2_cache_incremental_attempt02,attempt02,stage03.2_cache_incremental_attempt02,stage03.2_cache_incremental_attempt02,formal,rc102C10,2015,"[""c101C5"", ""r105C5"", ""rc105C5"", ""c104C10"", ""r103C10"", ""rc102C10"", ""c106C15"", ""r105C15"", ""rc103C15"", ""c101_21"", ""r101_21"", ""rc101_21""]","[2014, 2015, 2016]",solution,verified_legacy,results/stage03.2_cache_incremental_attempt02/rc102C10/2015/stage03.2_cache_incremental_attempt02_solution_rc102C10_2015.json,results/stage03.2_cache_incremental_attempt02/solutions/rc102C10-alns_stage02_constraint_guided-2015.json,feasible,,pass,READY_FOR_STAGE03_3,READY_FOR_STAGE03_3,pass,c4921612388bfd20300eb30dbf123e9684a62472706b3bec6b5b37e287db9b8a,raw_manifest,9f624c82445a8c93a5339e9ec5c2a2efc6ea99023cd1c72e12eb247273f53a01,4da5f1da3791d1a2538874fb51d25bff691c1a4039faef054d655af94410d49f,b85edffa9a896007203a8f6688731b66fcaeedada2b6deae0a3e3ca4a1a0d1a6,023f8e4be5f9e20c2232eaceb87f5f600147af515e60866a7c4c9f6d7dea7395,b226b97e0e67288aaaf85726ad855df71cb81406685c57c8e8c40cd8996aa0da,468b2d71040b4d7e583c02ca2036c393a50a94c5,False,"{""VRP-EVRP-Project-Hub"": {""dirty"": false, ""path"": ""/Users/guoyiyang/Documents/GitHub/FURP-2026-Yiyang-GUO-EVRP-TW/reference/VRP-EVRP-Project-Hub"", ""revision"": ""e3a890065105f978187e532642c4442522215e02""}, ""py-ga-VRPTW"": {""dirty"": false, ""path"": ""/Users/guoyiyang/Documents/GitHub/FURP-2026-Yiyang-GUO-EVRP-TW/reference/py-ga-VRPTW"", ""revision"": ""8e005caaaf6471a4505588d88c7f0f5e0d4ebffa""}}",stage03.1_screening_attempt04,,preserve;see stage03_legacy_path_map.csv
stage03.2,cache_incremental,stage03.2_cache_incremental_attempt02,attempt02,stage03.2_cache_incremental_attempt02,stage03.2_cache_incremental_attempt02,formal,rc102C10,2016,"[""c101C5"", ""r105C5"", ""rc105C5"", ""c104C10"", ""r103C10"", ""rc102C10"", ""c106C15"", ""r105C15"", ""rc103C15"", ""c101_21"", ""r101_21"", ""rc101_21""]","[2014, 2015, 2016]",solution,verified_legacy,results/stage03.2_cache_incremental_attempt02/rc102C10/2016/stage03.2_cache_incremental_attempt02_solution_rc102C10_2016.json,results/stage03.2_cache_incremental_attempt02/solutions/rc102C10-alns_stage02_constraint_guided-2016.json,feasible,,pass,READY_FOR_STAGE03_3,READY_FOR_STAGE03_3,pass,07736d16c717ba450ac4ddd8dbaa836f8f06336677e4056741a642f37556685a,raw_manifest,9f624c82445a8c93a5339e9ec5c2a2efc6ea99023cd1c72e12eb247273f53a01,4da5f1da3791d1a2538874fb51d25bff691c1a4039faef054d655af94410d49f,b85edffa9a896007203a8f6688731b66fcaeedada2b6deae0a3e3ca4a1a0d1a6,cdea0ebec70e6eb3005ab0d757e4ace590c1729aad135cdee956a74926aaf2b0,b226b97e0e67288aaaf85726ad855df71cb81406685c57c8e8c40cd8996aa0da,468b2d71040b4d7e583c02ca2036c393a50a94c5,False,"{""VRP-EVRP-Project-Hub"": {""dirty"": false, ""path"": ""/Users/guoyiyang/Documents/GitHub/FURP-2026-Yiyang-GUO-EVRP-TW/reference/VRP-EVRP-Project-Hub"", ""revision"": ""e3a890065105f978187e532642c4442522215e02""}, ""py-ga-VRPTW"": {""dirty"": false, ""path"": ""/Users/guoyiyang/Documents/GitHub/FURP-2026-Yiyang-GUO-EVRP-TW/reference/py-ga-VRPTW"", ""revision"": ""8e005caaaf6471a4505588d88c7f0f5e0d4ebffa""}}",stage03.1_screening_attempt04,,preserve;see stage03_legacy_path_map.csv
stage03.2,cache_incremental,stage03.2_cache_incremental_attempt02,attempt02,stage03.2_cache_incremental_attempt02,stage03.2_cache_incremental_attempt02,formal,rc103C15,2014,"[""c101C5"", ""r105C5"", ""rc105C5"", ""c104C10"", ""r103C10"", ""rc102C10"", ""c106C15"", ""r105C15"", ""rc103C15"", ""c101_21"", ""r101_21"", ""rc101_21""]","[2014, 2015, 2016]",solution,verified_legacy,results/stage03.2_cache_incremental_attempt02/rc103C15/2014/stage03.2_cache_incremental_attempt02_solution_rc103C15_2014.json,results/stage03.2_cache_incremental_attempt02/solutions/rc103C15-alns_stage02_constraint_guided-2014.json,feasible,,pass,READY_FOR_STAGE03_3,READY_FOR_STAGE03_3,pass,1b369b9cca5b6000a98b12944d2f82bc3272f37a3f4924f746093a488423f83d,raw_manifest,9f624c82445a8c93a5339e9ec5c2a2efc6ea99023cd1c72e12eb247273f53a01,4da5f1da3791d1a2538874fb51d25bff691c1a4039faef054d655af94410d49f,51cbd950e7a76acae3add1f93d4c5f3b906f1e0ca5b47f46b068ff4f52e43c4a,89ba61b279cc1205224a6646eb5fd210144a597584321fad929d2cb5592266ab,b226b97e0e67288aaaf85726ad855df71cb81406685c57c8e8c40cd8996aa0da,468b2d71040b4d7e583c02ca2036c393a50a94c5,False,"{""VRP-EVRP-Project-Hub"": {""dirty"": false, ""path"": ""/Users/guoyiyang/Documents/GitHub/FURP-2026-Yiyang-GUO-EVRP-TW/reference/VRP-EVRP-Project-Hub"", ""revision"": ""e3a890065105f978187e532642c4442522215e02""}, ""py-ga-VRPTW"": {""dirty"": false, ""path"": ""/Users/guoyiyang/Documents/GitHub/FURP-2026-Yiyang-GUO-EVRP-TW/reference/py-ga-VRPTW"", ""revision"": ""8e005caaaf6471a4505588d88c7f0f5e0d4ebffa""}}",stage03.1_screening_attempt04,,preserve;see stage03_legacy_path_map.csv
stage03.2,cache_incremental,stage03.2_cache_incremental_attempt02,attempt02,stage03.2_cache_incremental_attempt02,stage03.2_cache_incremental_attempt02,formal,rc103C15,2015,"[""c101C5"", ""r105C5"", ""rc105C5"", ""c104C10"", ""r103C10"", ""rc102C10"", ""c106C15"", ""r105C15"", ""rc103C15"", ""c101_21"", ""r101_21"", ""rc101_21""]","[2014, 2015, 2016]",solution,verified_legacy,results/stage03.2_cache_incremental_attempt02/rc103C15/2015/stage03.2_cache_incremental_attempt02_solution_rc103C15_2015.json,results/stage03.2_cache_incremental_attempt02/solutions/rc103C15-alns_stage02_constraint_guided-2015.json,feasible,,pass,READY_FOR_STAGE03_3,READY_FOR_STAGE03_3,pass,7bd7b0be8babb0819fc05010159ccdd0d7d31b03daa52d072305c37a497d779f,raw_manifest,9f624c82445a8c93a5339e9ec5c2a2efc6ea99023cd1c72e12eb247273f53a01,4da5f1da3791d1a2538874fb51d25bff691c1a4039faef054d655af94410d49f,51cbd950e7a76acae3add1f93d4c5f3b906f1e0ca5b47f46b068ff4f52e43c4a,c24d6db2ef9dead78e06ba5728ab5bec4c49acbe60fbb6879e6359a50bdc72f7,b226b97e0e67288aaaf85726ad855df71cb81406685c57c8e8c40cd8996aa0da,468b2d71040b4d7e583c02ca2036c393a50a94c5,False,"{""VRP-EVRP-Project-Hub"": {""dirty"": false, ""path"": ""/Users/guoyiyang/Documents/GitHub/FURP-2026-Yiyang-GUO-EVRP-TW/reference/VRP-EVRP-Project-Hub"", ""revision"": ""e3a890065105f978187e532642c4442522215e02""}, ""py-ga-VRPTW"": {""dirty"": false, ""path"": ""/Users/guoyiyang/Documents/GitHub/FURP-2026-Yiyang-GUO-EVRP-TW/reference/py-ga-VRPTW"", ""revision"": ""8e005caaaf6471a4505588d88c7f0f5e0d4ebffa""}}",stage03.1_screening_attempt04,,preserve;see stage03_legacy_path_map.csv
stage03.2,cache_incremental,stage03.2_cache_incremental_attempt02,attempt02,stage03.2_cache_incremental_attempt02,stage03.2_cache_incremental_attempt02,formal,rc103C15,2016,"[""c101C5"", ""r105C5"", ""rc105C5"", ""c104C10"", ""r103C10"", ""rc102C10"", ""c106C15"", ""r105C15"", ""rc103C15"", ""c101_21"", ""r101_21"", ""rc101_21""]","[2014, 2015, 2016]",solution,verified_legacy,results/stage03.2_cache_incremental_attempt02/rc103C15/2016/stage03.2_cache_incremental_attempt02_solution_rc103C15_2016.json,results/stage03.2_cache_incremental_attempt02/solutions/rc103C15-alns_stage02_constraint_guided-2016.json,feasible,,pass,READY_FOR_STAGE03_3,READY_FOR_STAGE03_3,pass,b77d321bf8b43605eb7a035b3005b3c647508f17099f836810f128e53f8e41c6,raw_manifest,9f624c82445a8c93a5339e9ec5c2a2efc6ea99023cd1c72e12eb247273f53a01,4da5f1da3791d1a2538874fb51d25bff691c1a4039faef054d655af94410d49f,51cbd950e7a76acae3add1f93d4c5f3b906f1e0ca5b47f46b068ff4f52e43c4a,feabe6bb15e9d264c60cfea8ba71300662d1c5b7fc14537178fb81e78948b3fb,b226b97e0e67288aaaf85726ad855df71cb81406685c57c8e8c40cd8996aa0da,468b2d71040b4d7e583c02ca2036c393a50a94c5,False,"{""VRP-EVRP-Project-Hub"": {""dirty"": false, ""path"": ""/Users/guoyiyang/Documents/GitHub/FURP-2026-Yiyang-GUO-EVRP-TW/reference/VRP-EVRP-Project-Hub"", ""revision"": ""e3a890065105f978187e532642c4442522215e02""}, ""py-ga-VRPTW"": {""dirty"": false, ""path"": ""/Users/guoyiyang/Documents/GitHub/FURP-2026-Yiyang-GUO-EVRP-TW/reference/py-ga-VRPTW"", ""revision"": ""8e005caaaf6471a4505588d88c7f0f5e0d4ebffa""}}",stage03.1_screening_attempt04,,preserve;see stage03_legacy_path_map.csv
stage03.2,cache_incremental,stage03.2_cache_incremental_attempt02,attempt02,stage03.2_cache_incremental_attempt02,stage03.2_cache_incremental_attempt02,formal,rc105C5,2014,"[""c101C5"", ""r105C5"", ""rc105C5"", ""c104C10"", ""r103C10"", ""rc102C10"", ""c106C15"", ""r105C15"", ""rc103C15"", ""c101_21"", ""r101_21"", ""rc101_21""]","[2014, 2015, 2016]",solution,verified_legacy,results/stage03.2_cache_incremental_attempt02/rc105C5/2014/stage03.2_cache_incremental_attempt02_solution_rc105C5_2014.json,results/stage03.2_cache_incremental_attempt02/solutions/rc105C5-alns_stage02_constraint_guided-2014.json,feasible,,pass,READY_FOR_STAGE03_3,READY_FOR_STAGE03_3,pass,707124f4dc787ca88f5388fa3b1cdac327b82829474633871b32b34f00b4026e,raw_manifest,9f624c82445a8c93a5339e9ec5c2a2efc6ea99023cd1c72e12eb247273f53a01,4da5f1da3791d1a2538874fb51d25bff691c1a4039faef054d655af94410d49f,2ccfba6c447fa43a994934690acb67c7355ca04d232394907ed6938bc362c643,5199da47f4b1484c30cc762bfbe4028bdd832a3773b723e52af5174b2f2091df,b226b97e0e67288aaaf85726ad855df71cb81406685c57c8e8c40cd8996aa0da,468b2d71040b4d7e583c02ca2036c393a50a94c5,False,"{""VRP-EVRP-Project-Hub"": {""dirty"": false, ""path"": ""/Users/guoyiyang/Documents/GitHub/FURP-2026-Yiyang-GUO-EVRP-TW/reference/VRP-EVRP-Project-Hub"", ""revision"": ""e3a890065105f978187e532642c4442522215e02""}, ""py-ga-VRPTW"": {""dirty"": false, ""path"": ""/Users/guoyiyang/Documents/GitHub/FURP-2026-Yiyang-GUO-EVRP-TW/reference/py-ga-VRPTW"", ""revision"": ""8e005caaaf6471a4505588d88c7f0f5e0d4ebffa""}}",stage03.1_screening_attempt04,,preserve;see stage03_legacy_path_map.csv
stage03.2,cache_incremental,stage03.2_cache_incremental_attempt02,attempt02,stage03.2_cache_incremental_attempt02,stage03.2_cache_incremental_attempt02,formal,rc105C5,2015,"[""c101C5"", ""r105C5"", ""rc105C5"", ""c104C10"", ""r103C10"", ""rc102C10"", ""c106C15"", ""r105C15"", ""rc103C15"", ""c101_21"", ""r101_21"", ""rc101_21""]","[2014, 2015, 2016]",solution,verified_legacy,results/stage03.2_cache_incremental_attempt02/rc105C5/2015/stage03.2_cache_incremental_attempt02_solution_rc105C5_2015.json,results/stage03.2_cache_incremental_attempt02/solutions/rc105C5-alns_stage02_constraint_guided-2015.json,feasible,,pass,READY_FOR_STAGE03_3,READY_FOR_STAGE03_3,pass,39653ab2e3da8a9d3aa50c89421d36a09ff96d491401b99036322816394b5b54,raw_manifest,9f624c82445a8c93a5339e9ec5c2a2efc6ea99023cd1c72e12eb247273f53a01,4da5f1da3791d1a2538874fb51d25bff691c1a4039faef054d655af94410d49f,2ccfba6c447fa43a994934690acb67c7355ca04d232394907ed6938bc362c643,c7cfb9824fbd971e896cdf395e576baa2ca05873fce87cc4357ac65e610044d4,b226b97e0e67288aaaf85726ad855df71cb81406685c57c8e8c40cd8996aa0da,468b2d71040b4d7e583c02ca2036c393a50a94c5,False,"{""VRP-EVRP-Project-Hub"": {""dirty"": false, ""path"": ""/Users/guoyiyang/Documents/GitHub/FURP-2026-Yiyang-GUO-EVRP-TW/reference/VRP-EVRP-Project-Hub"", ""revision"": ""e3a890065105f978187e532642c4442522215e02""}, ""py-ga-VRPTW"": {""dirty"": false, ""path"": ""/Users/guoyiyang/Documents/GitHub/FURP-2026-Yiyang-GUO-EVRP-TW/reference/py-ga-VRPTW"", ""revision"": ""8e005caaaf6471a4505588d88c7f0f5e0d4ebffa""}}",stage03.1_screening_attempt04,,preserve;see stage03_legacy_path_map.csv
stage03.2,cache_incremental,stage03.2_cache_incremental_attempt02,attempt02,stage03.2_cache_incremental_attempt02,stage03.2_cache_incremental_attempt02,formal,rc105C5,2016,"[""c101C5"", ""r105C5"", ""rc105C5"", ""c104C10"", ""r103C10"", ""rc102C10"", ""c106C15"", ""r105C15"", ""rc103C15"", ""c101_21"", ""r101_21"", ""rc101_21""]","[2014, 2015, 2016]",solution,verified_legacy,results/stage03.2_cache_incremental_attempt02/rc105C5/2016/stage03.2_cache_incremental_attempt02_solution_rc105C5_2016.json,results/stage03.2_cache_incremental_attempt02/solutions/rc105C5-alns_stage02_constraint_guided-2016.json,feasible,,pass,READY_FOR_STAGE03_3,READY_FOR_STAGE03_3,pass,07b1f3b11b045328517d98b2d0c40fa8775d963d24888b70296134d8c64c58e6,raw_manifest,9f624c82445a8c93a5339e9ec5c2a2efc6ea99023cd1c72e12eb247273f53a01,4da5f1da3791d1a2538874fb51d25bff691c1a4039faef054d655af94410d49f,2ccfba6c447fa43a994934690acb67c7355ca04d232394907ed6938bc362c643,4a93fd8f28581b1624029de249065d17745ddced424b84147c86d53a0ac0088d,b226b97e0e67288aaaf85726ad855df71cb81406685c57c8e8c40cd8996aa0da,468b2d71040b4d7e583c02ca2036c393a50a94c5,False,"{""VRP-EVRP-Project-Hub"": {""dirty"": false, ""path"": ""/Users/guoyiyang/Documents/GitHub/FURP-2026-Yiyang-GUO-EVRP-TW/reference/VRP-EVRP-Project-Hub"", ""revision"": ""e3a890065105f978187e532642c4442522215e02""}, ""py-ga-VRPTW"": {""dirty"": false, ""path"": ""/Users/guoyiyang/Documents/GitHub/FURP-2026-Yiyang-GUO-EVRP-TW/reference/py-ga-VRPTW"", ""revision"": ""8e005caaaf6471a4505588d88c7f0f5e0d4ebffa""}}",stage03.1_screening_attempt04,,preserve;see stage03_legacy_path_map.csv
stage03.2,cache_incremental,stage03.2_cache_incremental_attempt02,attempt02,stage03.2_cache_incremental_attempt02,stage03.2_cache_incremental_attempt02,formal,c101C5,2014,"[""c101C5"", ""r105C5"", ""rc105C5"", ""c104C10"", ""r103C10"", ""rc102C10"", ""c106C15"", ""r105C15"", ""rc103C15"", ""c101_21"", ""r101_21"", ""rc101_21""]","[2014, 2015, 2016]",trace,verified_legacy,results/stage03.2_cache_incremental_attempt02/c101C5/2014/stage03.2_cache_incremental_attempt02_trace_c101C5_2014.json,results/stage03.2_cache_incremental_attempt02/traces/c101C5-alns_stage02_constraint_guided-2014.json,feasible,,pass,READY_FOR_STAGE03_3,READY_FOR_STAGE03_3,pass,b4a7bdf28c260d15f0121f9d0187a122b5490a6539ebbac40f2fed09e1321f1e,raw_manifest,9f624c82445a8c93a5339e9ec5c2a2efc6ea99023cd1c72e12eb247273f53a01,4da5f1da3791d1a2538874fb51d25bff691c1a4039faef054d655af94410d49f,8612d6d9aad051776097a5e50c7408f39352b8107b0639d58e5eda713f9ff876,1ca247adfbd983affea8ba9b4cb915c4c34dcd0cda4debaba0869aa7ac720a59,b226b97e0e67288aaaf85726ad855df71cb81406685c57c8e8c40cd8996aa0da,468b2d71040b4d7e583c02ca2036c393a50a94c5,False,"{""VRP-EVRP-Project-Hub"": {""dirty"": false, ""path"": ""/Users/guoyiyang/Documents/GitHub/FURP-2026-Yiyang-GUO-EVRP-TW/reference/VRP-EVRP-Project-Hub"", ""revision"": ""e3a890065105f978187e532642c4442522215e02""}, ""py-ga-VRPTW"": {""dirty"": false, ""path"": ""/Users/guoyiyang/Documents/GitHub/FURP-2026-Yiyang-GUO-EVRP-TW/reference/py-ga-VRPTW"", ""revision"": ""8e005caaaf6471a4505588d88c7f0f5e0d4ebffa""}}",stage03.1_screening_attempt04,,preserve;see stage03_legacy_path_map.csv
stage03.2,cache_incremental,stage03.2_cache_incremental_attempt02,attempt02,stage03.2_cache_incremental_attempt02,stage03.2_cache_incremental_attempt02,formal,c101C5,2015,"[""c101C5"", ""r105C5"", ""rc105C5"", ""c104C10"", ""r103C10"", ""rc102C10"", ""c106C15"", ""r105C15"", ""rc103C15"", ""c101_21"", ""r101_21"", ""rc101_21""]","[2014, 2015, 2016]",trace,verified_legacy,results/stage03.2_cache_incremental_attempt02/c101C5/2015/stage03.2_cache_incremental_attempt02_trace_c101C5_2015.json,results/stage03.2_cache_incremental_attempt02/traces/c101C5-alns_stage02_constraint_guided-2015.json,feasible,,pass,READY_FOR_STAGE03_3,READY_FOR_STAGE03_3,pass,678d87252030f95855af742bcd7be65df913abe491f037a4eee02c6c67002104,raw_manifest,9f624c82445a8c93a5339e9ec5c2a2efc6ea99023cd1c72e12eb247273f53a01,4da5f1da3791d1a2538874fb51d25bff691c1a4039faef054d655af94410d49f,8612d6d9aad051776097a5e50c7408f39352b8107b0639d58e5eda713f9ff876,6d6c1dbed077a6bc2f23677b77f5ce5a32b326373148ae9d1a45b4d87e9948c9,b226b97e0e67288aaaf85726ad855df71cb81406685c57c8e8c40cd8996aa0da,468b2d71040b4d7e583c02ca2036c393a50a94c5,False,"{""VRP-EVRP-Project-Hub"": {""dirty"": false, ""path"": ""/Users/guoyiyang/Documents/GitHub/FURP-2026-Yiyang-GUO-EVRP-TW/reference/VRP-EVRP-Project-Hub"", ""revision"": ""e3a890065105f978187e532642c4442522215e02""}, ""py-ga-VRPTW"": {""dirty"": false, ""path"": ""/Users/guoyiyang/Documents/GitHub/FURP-2026-Yiyang-GUO-EVRP-TW/reference/py-ga-VRPTW"", ""revision"": ""8e005caaaf6471a4505588d88c7f0f5e0d4ebffa""}}",stage03.1_screening_attempt04,,preserve;see stage03_legacy_path_map.csv
stage03.2,cache_incremental,stage03.2_cache_incremental_attempt02,attempt02,stage03.2_cache_incremental_attempt02,stage03.2_cache_incremental_attempt02,formal,c101C5,2016,"[""c101C5"", ""r105C5"", ""rc105C5"", ""c104C10"", ""r103C10"", ""rc102C10"", ""c106C15"", ""r105C15"", ""rc103C15"", ""c101_21"", ""r101_21"", ""rc101_21""]","[2014, 2015, 2016]",trace,verified_legacy,results/stage03.2_cache_incremental_attempt02/c101C5/2016/stage03.2_cache_incremental_attempt02_trace_c101C5_2016.json,results/stage03.2_cache_incremental_attempt02/traces/c101C5-alns_stage02_constraint_guided-2016.json,feasible,,pass,READY_FOR_STAGE03_3,READY_FOR_STAGE03_3,pass,fe33c4fdc7f2619cb1a54d935a0b79c50c5a6080056ef6bfe31ecd7e9a0d72c0,raw_manifest,9f624c82445a8c93a5339e9ec5c2a2efc6ea99023cd1c72e12eb247273f53a01,4da5f1da3791d1a2538874fb51d25bff691c1a4039faef054d655af94410d49f,8612d6d9aad051776097a5e50c7408f39352b8107b0639d58e5eda713f9ff876,73fe7aaf279e9ed94d622534b9af8ed98f7f6fb9eac6f6abf59abe50a3aa3681,b226b97e0e67288aaaf85726ad855df71cb81406685c57c8e8c40cd8996aa0da,468b2d71040b4d7e583c02ca2036c393a50a94c5,False,"{""VRP-EVRP-Project-Hub"": {""dirty"": false, ""path"": ""/Users/guoyiyang/Documents/GitHub/FURP-2026-Yiyang-GUO-EVRP-TW/reference/VRP-EVRP-Project-Hub"", ""revision"": ""e3a890065105f978187e532642c4442522215e02""}, ""py-ga-VRPTW"": {""dirty"": false, ""path"": ""/Users/guoyiyang/Documents/GitHub/FURP-2026-Yiyang-GUO-EVRP-TW/reference/py-ga-VRPTW"", ""revision"": ""8e005caaaf6471a4505588d88c7f0f5e0d4ebffa""}}",stage03.1_screening_attempt04,,preserve;see stage03_legacy_path_map.csv
stage03.2,cache_incremental,stage03.2_cache_incremental_attempt02,attempt02,stage03.2_cache_incremental_attempt02,stage03.2_cache_incremental_attempt02,formal,c101_21,2014,"[""c101C5"", ""r105C5"", ""rc105C5"", ""c104C10"", ""r103C10"", ""rc102C10"", ""c106C15"", ""r105C15"", ""rc103C15"", ""c101_21"", ""r101_21"", ""rc101_21""]","[2014, 2015, 2016]",trace,verified_legacy,results/stage03.2_cache_incremental_attempt02/c101_21/2014/stage03.2_cache_incremental_attempt02_trace_c101_21_2014.json,results/stage03.2_cache_incremental_attempt02/traces/c101_21-alns_stage02_constraint_guided-2014.json,feasible,,pass,READY_FOR_STAGE03_3,READY_FOR_STAGE03_3,pass,db0e5f65eb2060530d5404fb50a4dc1f8b37cca54d0d0691f5aafa5e8b1e43c2,raw_manifest,9f624c82445a8c93a5339e9ec5c2a2efc6ea99023cd1c72e12eb247273f53a01,4da5f1da3791d1a2538874fb51d25bff691c1a4039faef054d655af94410d49f,c5cda6ca63a7d518902cf4b02d98b4aa0f373aaa0658d5c666d1c46d38871cb9,83f2d0e7feb61133cd470259212ce0483cbf05cf041490b03d2cfdd372b43371,b226b97e0e67288aaaf85726ad855df71cb81406685c57c8e8c40cd8996aa0da,468b2d71040b4d7e583c02ca2036c393a50a94c5,False,"{""VRP-EVRP-Project-Hub"": {""dirty"": false, ""path"": ""/Users/guoyiyang/Documents/GitHub/FURP-2026-Yiyang-GUO-EVRP-TW/reference/VRP-EVRP-Project-Hub"", ""revision"": ""e3a890065105f978187e532642c4442522215e02""}, ""py-ga-VRPTW"": {""dirty"": false, ""path"": ""/Users/guoyiyang/Documents/GitHub/FURP-2026-Yiyang-GUO-EVRP-TW/reference/py-ga-VRPTW"", ""revision"": ""8e005caaaf6471a4505588d88c7f0f5e0d4ebffa""}}",stage03.1_screening_attempt04,,preserve;see stage03_legacy_path_map.csv
stage03.2,cache_incremental,stage03.2_cache_incremental_attempt02,attempt02,stage03.2_cache_incremental_attempt02,stage03.2_cache_incremental_attempt02,formal,c101_21,2015,"[""c101C5"", ""r105C5"", ""rc105C5"", ""c104C10"", ""r103C10"", ""rc102C10"", ""c106C15"", ""r105C15"", ""rc103C15"", ""c101_21"", ""r101_21"", ""rc101_21""]","[2014, 2015, 2016]",trace,verified_legacy,results/stage03.2_cache_incremental_attempt02/c101_21/2015/stage03.2_cache_incremental_attempt02_trace_c101_21_2015.json,results/stage03.2_cache_incremental_attempt02/traces/c101_21-alns_stage02_constraint_guided-2015.json,feasible,,pass,READY_FOR_STAGE03_3,READY_FOR_STAGE03_3,pass,ac2189d3a20b3efa76313ed924a02afdf0c8db1d10c87e1d55198c40ecd395f2,raw_manifest,9f624c82445a8c93a5339e9ec5c2a2efc6ea99023cd1c72e12eb247273f53a01,4da5f1da3791d1a2538874fb51d25bff691c1a4039faef054d655af94410d49f,c5cda6ca63a7d518902cf4b02d98b4aa0f373aaa0658d5c666d1c46d38871cb9,2e285a1de3c08b0a28e51af3652c5eaab341a4f45752ebf698a3505afaacbfa0,b226b97e0e67288aaaf85726ad855df71cb81406685c57c8e8c40cd8996aa0da,468b2d71040b4d7e583c02ca2036c393a50a94c5,False,"{""VRP-EVRP-Project-Hub"": {""dirty"": false, ""path"": ""/Users/guoyiyang/Documents/GitHub/FURP-2026-Yiyang-GUO-EVRP-TW/reference/VRP-EVRP-Project-Hub"", ""revision"": ""e3a890065105f978187e532642c4442522215e02""}, ""py-ga-VRPTW"": {""dirty"": false, ""path"": ""/Users/guoyiyang/Documents/GitHub/FURP-2026-Yiyang-GUO-EVRP-TW/reference/py-ga-VRPTW"", ""revision"": ""8e005caaaf6471a4505588d88c7f0f5e0d4ebffa""}}",stage03.1_screening_attempt04,,preserve;see stage03_legacy_path_map.csv
stage03.2,cache_incremental,stage03.2_cache_incremental_attempt02,attempt02,stage03.2_cache_incremental_attempt02,stage03.2_cache_incremental_attempt02,formal,c101_21,2016,"[""c101C5"", ""r105C5"", ""rc105C5"", ""c104C10"", ""r103C10"", ""rc102C10"", ""c106C15"", ""r105C15"", ""rc103C15"", ""c101_21"", ""r101_21"", ""rc101_21""]","[2014, 2015, 2016]",trace,verified_legacy,results/stage03.2_cache_incremental_attempt02/c101_21/2016/stage03.2_cache_incremental_attempt02_trace_c101_21_2016.json,results/stage03.2_cache_incremental_attempt02/traces/c101_21-alns_stage02_constraint_guided-2016.json,feasible,,pass,READY_FOR_STAGE03_3,READY_FOR_STAGE03_3,pass,5a3822742737992692414fc7075e304bb4fac5dec839a695e35d50282f7ee627,raw_manifest,9f624c82445a8c93a5339e9ec5c2a2efc6ea99023cd1c72e12eb247273f53a01,4da5f1da3791d1a2538874fb51d25bff691c1a4039faef054d655af94410d49f,c5cda6ca63a7d518902cf4b02d98b4aa0f373aaa0658d5c666d1c46d38871cb9,8861a820ac572db6557c5a53bb46eda5742b412729db71915afbdfc6930bdd93,b226b97e0e67288aaaf85726ad855df71cb81406685c57c8e8c40cd8996aa0da,468b2d71040b4d7e583c02ca2036c393a50a94c5,False,"{""VRP-EVRP-Project-Hub"": {""dirty"": false, ""path"": ""/Users/guoyiyang/Documents/GitHub/FURP-2026-Yiyang-GUO-EVRP-TW/reference/VRP-EVRP-Project-Hub"", ""revision"": ""e3a890065105f978187e532642c4442522215e02""}, ""py-ga-VRPTW"": {""dirty"": false, ""path"": ""/Users/guoyiyang/Documents/GitHub/FURP-2026-Yiyang-GUO-EVRP-TW/reference/py-ga-VRPTW"", ""revision"": ""8e005caaaf6471a4505588d88c7f0f5e0d4ebffa""}}",stage03.1_screening_attempt04,,preserve;see stage03_legacy_path_map.csv
stage03.2,cache_incremental,stage03.2_cache_incremental_attempt02,attempt02,stage03.2_cache_incremental_attempt02,stage03.2_cache_incremental_attempt02,formal,c104C10,2014,"[""c101C5"", ""r105C5"", ""rc105C5"", ""c104C10"", ""r103C10"", ""rc102C10"", ""c106C15"", ""r105C15"", ""rc103C15"", ""c101_21"", ""r101_21"", ""rc101_21""]","[2014, 2015, 2016]",trace,verified_legacy,results/stage03.2_cache_incremental_attempt02/c104C10/2014/stage03.2_cache_incremental_attempt02_trace_c104C10_2014.json,results/stage03.2_cache_incremental_attempt02/traces/c104C10-alns_stage02_constraint_guided-2014.json,feasible,,pass,READY_FOR_STAGE03_3,READY_FOR_STAGE03_3,pass,ba4a6030960039182a3dc2b27a34b330ef9cda8c808a8465fcba5104266d9111,raw_manifest,9f624c82445a8c93a5339e9ec5c2a2efc6ea99023cd1c72e12eb247273f53a01,4da5f1da3791d1a2538874fb51d25bff691c1a4039faef054d655af94410d49f,f7816af706c1cf32dacaee45c710ff93ce53c9b56d17df657044e61e63d2c04b,9b6ac5254f8d9c384e7af3ee1bcc746e59ccb15301bf15187af51ab5b03383b1,b226b97e0e67288aaaf85726ad855df71cb81406685c57c8e8c40cd8996aa0da,468b2d71040b4d7e583c02ca2036c393a50a94c5,False,"{""VRP-EVRP-Project-Hub"": {""dirty"": false, ""path"": ""/Users/guoyiyang/Documents/GitHub/FURP-2026-Yiyang-GUO-EVRP-TW/reference/VRP-EVRP-Project-Hub"", ""revision"": ""e3a890065105f978187e532642c4442522215e02""}, ""py-ga-VRPTW"": {""dirty"": false, ""path"": ""/Users/guoyiyang/Documents/GitHub/FURP-2026-Yiyang-GUO-EVRP-TW/reference/py-ga-VRPTW"", ""revision"": ""8e005caaaf6471a4505588d88c7f0f5e0d4ebffa""}}",stage03.1_screening_attempt04,,preserve;see stage03_legacy_path_map.csv
stage03.2,cache_incremental,stage03.2_cache_incremental_attempt02,attempt02,stage03.2_cache_incremental_attempt02,stage03.2_cache_incremental_attempt02,formal,c104C10,2015,"[""c101C5"", ""r105C5"", ""rc105C5"", ""c104C10"", ""r103C10"", ""rc102C10"", ""c106C15"", ""r105C15"", ""rc103C15"", ""c101_21"", ""r101_21"", ""rc101_21""]","[2014, 2015, 2016]",trace,verified_legacy,results/stage03.2_cache_incremental_attempt02/c104C10/2015/stage03.2_cache_incremental_attempt02_trace_c104C10_2015.json,results/stage03.2_cache_incremental_attempt02/traces/c104C10-alns_stage02_constraint_guided-2015.json,feasible,,pass,READY_FOR_STAGE03_3,READY_FOR_STAGE03_3,pass,ec5721edbfd3e42dd8cbb61bcb2908158ac894c6ba20c2907e049be6e9e3e77b,raw_manifest,9f624c82445a8c93a5339e9ec5c2a2efc6ea99023cd1c72e12eb247273f53a01,4da5f1da3791d1a2538874fb51d25bff691c1a4039faef054d655af94410d49f,f7816af706c1cf32dacaee45c710ff93ce53c9b56d17df657044e61e63d2c04b,aecd483e676e23341f0094295bb6413de28268c1b1c0704f2d1b68970c13f13f,b226b97e0e67288aaaf85726ad855df71cb81406685c57c8e8c40cd8996aa0da,468b2d71040b4d7e583c02ca2036c393a50a94c5,False,"{""VRP-EVRP-Project-Hub"": {""dirty"": false, ""path"": ""/Users/guoyiyang/Documents/GitHub/FURP-2026-Yiyang-GUO-EVRP-TW/reference/VRP-EVRP-Project-Hub"", ""revision"": ""e3a890065105f978187e532642c4442522215e02""}, ""py-ga-VRPTW"": {""dirty"": false, ""path"": ""/Users/guoyiyang/Documents/GitHub/FURP-2026-Yiyang-GUO-EVRP-TW/reference/py-ga-VRPTW"", ""revision"": ""8e005caaaf6471a4505588d88c7f0f5e0d4ebffa""}}",stage03.1_screening_attempt04,,preserve;see stage03_legacy_path_map.csv
stage03.2,cache_incremental,stage03.2_cache_incremental_attempt02,attempt02,stage03.2_cache_incremental_attempt02,stage03.2_cache_incremental_attempt02,formal,c104C10,2016,"[""c101C5"", ""r105C5"", ""rc105C5"", ""c104C10"", ""r103C10"", ""rc102C10"", ""c106C15"", ""r105C15"", ""rc103C15"", ""c101_21"", ""r101_21"", ""rc101_21""]","[2014, 2015, 2016]",trace,verified_legacy,results/stage03.2_cache_incremental_attempt02/c104C10/2016/stage03.2_cache_incremental_attempt02_trace_c104C10_2016.json,results/stage03.2_cache_incremental_attempt02/traces/c104C10-alns_stage02_constraint_guided-2016.json,feasible,,pass,READY_FOR_STAGE03_3,READY_FOR_STAGE03_3,pass,86ba0bcf42187659b548b009886e4a356b64d944fd4530a13adb85d718963be5,raw_manifest,9f624c82445a8c93a5339e9ec5c2a2efc6ea99023cd1c72e12eb247273f53a01,4da5f1da3791d1a2538874fb51d25bff691c1a4039faef054d655af94410d49f,f7816af706c1cf32dacaee45c710ff93ce53c9b56d17df657044e61e63d2c04b,14f3b8bbf88d7209330c70007414b987d308b0e71bb58e96da4c26989419a35f,b226b97e0e67288aaaf85726ad855df71cb81406685c57c8e8c40cd8996aa0da,468b2d71040b4d7e583c02ca2036c393a50a94c5,False,"{""VRP-EVRP-Project-Hub"": {""dirty"": false, ""path"": ""/Users/guoyiyang/Documents/GitHub/FURP-2026-Yiyang-GUO-EVRP-TW/reference/VRP-EVRP-Project-Hub"", ""revision"": ""e3a890065105f978187e532642c4442522215e02""}, ""py-ga-VRPTW"": {""dirty"": false, ""path"": ""/Users/guoyiyang/Documents/GitHub/FURP-2026-Yiyang-GUO-EVRP-TW/reference/py-ga-VRPTW"", ""revision"": ""8e005caaaf6471a4505588d88c7f0f5e0d4ebffa""}}",stage03.1_screening_attempt04,,preserve;see stage03_legacy_path_map.csv
stage03.2,cache_incremental,stage03.2_cache_incremental_attempt02,attempt02,stage03.2_cache_incremental_attempt02,stage03.2_cache_incremental_attempt02,formal,c106C15,2014,"[""c101C5"", ""r105C5"", ""rc105C5"", ""c104C10"", ""r103C10"", ""rc102C10"", ""c106C15"", ""r105C15"", ""rc103C15"", ""c101_21"", ""r101_21"", ""rc101_21""]","[2014, 2015, 2016]",trace,verified_legacy,results/stage03.2_cache_incremental_attempt02/c106C15/2014/stage03.2_cache_incremental_attempt02_trace_c106C15_2014.json,results/stage03.2_cache_incremental_attempt02/traces/c106C15-alns_stage02_constraint_guided-2014.json,feasible,,pass,READY_FOR_STAGE03_3,READY_FOR_STAGE03_3,pass,7e495116273e86292fce7817981a5685c80b772c02e0d6120168ad71e8b3b45f,raw_manifest,9f624c82445a8c93a5339e9ec5c2a2efc6ea99023cd1c72e12eb247273f53a01,4da5f1da3791d1a2538874fb51d25bff691c1a4039faef054d655af94410d49f,eba58a458a9fd13ae8fd404df8db1d04e49271326316256ee060468048881a86,0000fc2508670e7124d1157475f806ab658aa33b5801285059bdc10d2f9b0d5b,b226b97e0e67288aaaf85726ad855df71cb81406685c57c8e8c40cd8996aa0da,468b2d71040b4d7e583c02ca2036c393a50a94c5,False,"{""VRP-EVRP-Project-Hub"": {""dirty"": false, ""path"": ""/Users/guoyiyang/Documents/GitHub/FURP-2026-Yiyang-GUO-EVRP-TW/reference/VRP-EVRP-Project-Hub"", ""revision"": ""e3a890065105f978187e532642c4442522215e02""}, ""py-ga-VRPTW"": {""dirty"": false, ""path"": ""/Users/guoyiyang/Documents/GitHub/FURP-2026-Yiyang-GUO-EVRP-TW/reference/py-ga-VRPTW"", ""revision"": ""8e005caaaf6471a4505588d88c7f0f5e0d4ebffa""}}",stage03.1_screening_attempt04,,preserve;see stage03_legacy_path_map.csv
stage03.2,cache_incremental,stage03.2_cache_incremental_attempt02,attempt02,stage03.2_cache_incremental_attempt02,stage03.2_cache_incremental_attempt02,formal,c106C15,2015,"[""c101C5"", ""r105C5"", ""rc105C5"", ""c104C10"", ""r103C10"", ""rc102C10"", ""c106C15"", ""r105C15"", ""rc103C15"", ""c101_21"", ""r101_21"", ""rc101_21""]","[2014, 2015, 2016]",trace,verified_legacy,results/stage03.2_cache_incremental_attempt02/c106C15/2015/stage03.2_cache_incremental_attempt02_trace_c106C15_2015.json,results/stage03.2_cache_incremental_attempt02/traces/c106C15-alns_stage02_constraint_guided-2015.json,feasible,,pass,READY_FOR_STAGE03_3,READY_FOR_STAGE03_3,pass,5292bd77d4c8b973bf2613100904d0837ddd4de2c853c35a1aa862be75185b0e,raw_manifest,9f624c82445a8c93a5339e9ec5c2a2efc6ea99023cd1c72e12eb247273f53a01,4da5f1da3791d1a2538874fb51d25bff691c1a4039faef054d655af94410d49f,eba58a458a9fd13ae8fd404df8db1d04e49271326316256ee060468048881a86,c3d3b01dfbaea3ca09fd568d8e0da81d2e4c7cc5a3aa4de53d5596931a0b70e3,b226b97e0e67288aaaf85726ad855df71cb81406685c57c8e8c40cd8996aa0da,468b2d71040b4d7e583c02ca2036c393a50a94c5,False,"{""VRP-EVRP-Project-Hub"": {""dirty"": false, ""path"": ""/Users/guoyiyang/Documents/GitHub/FURP-2026-Yiyang-GUO-EVRP-TW/reference/VRP-EVRP-Project-Hub"", ""revision"": ""e3a890065105f978187e532642c4442522215e02""}, ""py-ga-VRPTW"": {""dirty"": false, ""path"": ""/Users/guoyiyang/Documents/GitHub/FURP-2026-Yiyang-GUO-EVRP-TW/reference/py-ga-VRPTW"", ""revision"": ""8e005caaaf6471a4505588d88c7f0f5e0d4ebffa""}}",stage03.1_screening_attempt04,,preserve;see stage03_legacy_path_map.csv
stage03.2,cache_incremental,stage03.2_cache_incremental_attempt02,attempt02,stage03.2_cache_incremental_attempt02,stage03.2_cache_incremental_attempt02,formal,c106C15,2016,"[""c101C5"", ""r105C5"", ""rc105C5"", ""c104C10"", ""r103C10"", ""rc102C10"", ""c106C15"", ""r105C15"", ""rc103C15"", ""c101_21"", ""r101_21"", ""rc101_21""]","[2014, 2015, 2016]",trace,verified_legacy,results/stage03.2_cache_incremental_attempt02/c106C15/2016/stage03.2_cache_incremental_attempt02_trace_c106C15_2016.json,results/stage03.2_cache_incremental_attempt02/traces/c106C15-alns_stage02_constraint_guided-2016.json,feasible,,pass,READY_FOR_STAGE03_3,READY_FOR_STAGE03_3,pass,e54bd17166fbe7303790e95aac5af45259b7943037a5db2d280b8a0ccde3aac8,raw_manifest,9f624c82445a8c93a5339e9ec5c2a2efc6ea99023cd1c72e12eb247273f53a01,4da5f1da3791d1a2538874fb51d25bff691c1a4039faef054d655af94410d49f,eba58a458a9fd13ae8fd404df8db1d04e49271326316256ee060468048881a86,a9fb488d01a954a0a8f9a9069e17d162b93be581a196c34e734740ef1bdf3bdc,b226b97e0e67288aaaf85726ad855df71cb81406685c57c8e8c40cd8996aa0da,468b2d71040b4d7e583c02ca2036c393a50a94c5,False,"{""VRP-EVRP-Project-Hub"": {""dirty"": false, ""path"": ""/Users/guoyiyang/Documents/GitHub/FURP-2026-Yiyang-GUO-EVRP-TW/reference/VRP-EVRP-Project-Hub"", ""revision"": ""e3a890065105f978187e532642c4442522215e02""}, ""py-ga-VRPTW"": {""dirty"": false, ""path"": ""/Users/guoyiyang/Documents/GitHub/FURP-2026-Yiyang-GUO-EVRP-TW/reference/py-ga-VRPTW"", ""revision"": ""8e005caaaf6471a4505588d88c7f0f5e0d4ebffa""}}",stage03.1_screening_attempt04,,preserve;see stage03_legacy_path_map.csv
stage03.2,cache_incremental,stage03.2_cache_incremental_attempt02,attempt02,stage03.2_cache_incremental_attempt02,stage03.2_cache_incremental_attempt02,formal,r101_21,2014,"[""c101C5"", ""r105C5"", ""rc105C5"", ""c104C10"", ""r103C10"", ""rc102C10"", ""c106C15"", ""r105C15"", ""rc103C15"", ""c101_21"", ""r101_21"", ""rc101_21""]","[2014, 2015, 2016]",trace,verified_legacy,results/stage03.2_cache_incremental_attempt02/r101_21/2014/stage03.2_cache_incremental_attempt02_trace_r101_21_2014.json,results/stage03.2_cache_incremental_attempt02/traces/r101_21-alns_stage02_constraint_guided-2014.json,feasible,,pass,READY_FOR_STAGE03_3,READY_FOR_STAGE03_3,pass,79f187b5bf956d6b92476f34778db31d1a74662e9fcfdc6326de19ec276f9dad,raw_manifest,9f624c82445a8c93a5339e9ec5c2a2efc6ea99023cd1c72e12eb247273f53a01,4da5f1da3791d1a2538874fb51d25bff691c1a4039faef054d655af94410d49f,0e5a3dffffbd3c516b528ef32ba1a488b817d2f151fc3e8c81023814de1c103a,d38cfb1b7b8d10b557acf6d99b8eccf61f3718532defe40b26419237b5bd13ab,b226b97e0e67288aaaf85726ad855df71cb81406685c57c8e8c40cd8996aa0da,468b2d71040b4d7e583c02ca2036c393a50a94c5,False,"{""VRP-EVRP-Project-Hub"": {""dirty"": false, ""path"": ""/Users/guoyiyang/Documents/GitHub/FURP-2026-Yiyang-GUO-EVRP-TW/reference/VRP-EVRP-Project-Hub"", ""revision"": ""e3a890065105f978187e532642c4442522215e02""}, ""py-ga-VRPTW"": {""dirty"": false, ""path"": ""/Users/guoyiyang/Documents/GitHub/FURP-2026-Yiyang-GUO-EVRP-TW/reference/py-ga-VRPTW"", ""revision"": ""8e005caaaf6471a4505588d88c7f0f5e0d4ebffa""}}",stage03.1_screening_attempt04,,preserve;see stage03_legacy_path_map.csv
stage03.2,cache_incremental,stage03.2_cache_incremental_attempt02,attempt02,stage03.2_cache_incremental_attempt02,stage03.2_cache_incremental_attempt02,formal,r101_21,2015,"[""c101C5"", ""r105C5"", ""rc105C5"", ""c104C10"", ""r103C10"", ""rc102C10"", ""c106C15"", ""r105C15"", ""rc103C15"", ""c101_21"", ""r101_21"", ""rc101_21""]","[2014, 2015, 2016]",trace,verified_legacy,results/stage03.2_cache_incremental_attempt02/r101_21/2015/stage03.2_cache_incremental_attempt02_trace_r101_21_2015.json,results/stage03.2_cache_incremental_attempt02/traces/r101_21-alns_stage02_constraint_guided-2015.json,feasible,,pass,READY_FOR_STAGE03_3,READY_FOR_STAGE03_3,pass,18b02f745b239b373702011d25db4b309dcba878082b6571308b53545cc0dd02,raw_manifest,9f624c82445a8c93a5339e9ec5c2a2efc6ea99023cd1c72e12eb247273f53a01,4da5f1da3791d1a2538874fb51d25bff691c1a4039faef054d655af94410d49f,0e5a3dffffbd3c516b528ef32ba1a488b817d2f151fc3e8c81023814de1c103a,48058e8af451a65568a9914b32deac20a0fa346ef09778b8cfde41e77baebcea,b226b97e0e67288aaaf85726ad855df71cb81406685c57c8e8c40cd8996aa0da,468b2d71040b4d7e583c02ca2036c393a50a94c5,False,"{""VRP-EVRP-Project-Hub"": {""dirty"": false, ""path"": ""/Users/guoyiyang/Documents/GitHub/FURP-2026-Yiyang-GUO-EVRP-TW/reference/VRP-EVRP-Project-Hub"", ""revision"": ""e3a890065105f978187e532642c4442522215e02""}, ""py-ga-VRPTW"": {""dirty"": false, ""path"": ""/Users/guoyiyang/Documents/GitHub/FURP-2026-Yiyang-GUO-EVRP-TW/reference/py-ga-VRPTW"", ""revision"": ""8e005caaaf6471a4505588d88c7f0f5e0d4ebffa""}}",stage03.1_screening_attempt04,,preserve;see stage03_legacy_path_map.csv
stage03.2,cache_incremental,stage03.2_cache_incremental_attempt02,attempt02,stage03.2_cache_incremental_attempt02,stage03.2_cache_incremental_attempt02,formal,r101_21,2016,"[""c101C5"", ""r105C5"", ""rc105C5"", ""c104C10"", ""r103C10"", ""rc102C10"", ""c106C15"", ""r105C15"", ""rc103C15"", ""c101_21"", ""r101_21"", ""rc101_21""]","[2014, 2015, 2016]",trace,verified_legacy,results/stage03.2_cache_incremental_attempt02/r101_21/2016/stage03.2_cache_incremental_attempt02_trace_r101_21_2016.json,results/stage03.2_cache_incremental_attempt02/traces/r101_21-alns_stage02_constraint_guided-2016.json,feasible,,pass,READY_FOR_STAGE03_3,READY_FOR_STAGE03_3,pass,879978099be3516997c909aa967bac39d608fe65c5537ee0751fec2f2d9c366b,raw_manifest,9f624c82445a8c93a5339e9ec5c2a2efc6ea99023cd1c72e12eb247273f53a01,4da5f1da3791d1a2538874fb51d25bff691c1a4039faef054d655af94410d49f,0e5a3dffffbd3c516b528ef32ba1a488b817d2f151fc3e8c81023814de1c103a,36568d62600aa6b43b31a4d7db1c9ef1a1658e1381514e1faf9af5ac29df2833,b226b97e0e67288aaaf85726ad855df71cb81406685c57c8e8c40cd8996aa0da,468b2d71040b4d7e583c02ca2036c393a50a94c5,False,"{""VRP-EVRP-Project-Hub"": {""dirty"": false, ""path"": ""/Users/guoyiyang/Documents/GitHub/FURP-2026-Yiyang-GUO-EVRP-TW/reference/VRP-EVRP-Project-Hub"", ""revision"": ""e3a890065105f978187e532642c4442522215e02""}, ""py-ga-VRPTW"": {""dirty"": false, ""path"": ""/Users/guoyiyang/Documents/GitHub/FURP-2026-Yiyang-GUO-EVRP-TW/reference/py-ga-VRPTW"", ""revision"": ""8e005caaaf6471a4505588d88c7f0f5e0d4ebffa""}}",stage03.1_screening_attempt04,,preserve;see stage03_legacy_path_map.csv
stage03.2,cache_incremental,stage03.2_cache_incremental_attempt02,attempt02,stage03.2_cache_incremental_attempt02,stage03.2_cache_incremental_attempt02,formal,r103C10,2014,"[""c101C5"", ""r105C5"", ""rc105C5"", ""c104C10"", ""r103C10"", ""rc102C10"", ""c106C15"", ""r105C15"", ""rc103C15"", ""c101_21"", ""r101_21"", ""rc101_21""]","[2014, 2015, 2016]",trace,verified_legacy,results/stage03.2_cache_incremental_attempt02/r103C10/2014/stage03.2_cache_incremental_attempt02_trace_r103C10_2014.json,results/stage03.2_cache_incremental_attempt02/traces/r103C10-alns_stage02_constraint_guided-2014.json,feasible,,pass,READY_FOR_STAGE03_3,READY_FOR_STAGE03_3,pass,adcfa01539e0eef8774e761b2305fcda87fd1686b695e2824afe75470a72792b,raw_manifest,9f624c82445a8c93a5339e9ec5c2a2efc6ea99023cd1c72e12eb247273f53a01,4da5f1da3791d1a2538874fb51d25bff691c1a4039faef054d655af94410d49f,00debfb0e1fa34796b1644a045a064f52cb1f35052df9faa485db4b4f5ff512e,ae6067b977dc03a535fe6b9f98a2fa728c5bf424924461e8e57ef86aff1d1017,b226b97e0e67288aaaf85726ad855df71cb81406685c57c8e8c40cd8996aa0da,468b2d71040b4d7e583c02ca2036c393a50a94c5,False,"{""VRP-EVRP-Project-Hub"": {""dirty"": false, ""path"": ""/Users/guoyiyang/Documents/GitHub/FURP-2026-Yiyang-GUO-EVRP-TW/reference/VRP-EVRP-Project-Hub"", ""revision"": ""e3a890065105f978187e532642c4442522215e02""}, ""py-ga-VRPTW"": {""dirty"": false, ""path"": ""/Users/guoyiyang/Documents/GitHub/FURP-2026-Yiyang-GUO-EVRP-TW/reference/py-ga-VRPTW"", ""revision"": ""8e005caaaf6471a4505588d88c7f0f5e0d4ebffa""}}",stage03.1_screening_attempt04,,preserve;see stage03_legacy_path_map.csv
stage03.2,cache_incremental,stage03.2_cache_incremental_attempt02,attempt02,stage03.2_cache_incremental_attempt02,stage03.2_cache_incremental_attempt02,formal,r103C10,2015,"[""c101C5"", ""r105C5"", ""rc105C5"", ""c104C10"", ""r103C10"", ""rc102C10"", ""c106C15"", ""r105C15"", ""rc103C15"", ""c101_21"", ""r101_21"", ""rc101_21""]","[2014, 2015, 2016]",trace,verified_legacy,results/stage03.2_cache_incremental_attempt02/r103C10/2015/stage03.2_cache_incremental_attempt02_trace_r103C10_2015.json,results/stage03.2_cache_incremental_attempt02/traces/r103C10-alns_stage02_constraint_guided-2015.json,feasible,,pass,READY_FOR_STAGE03_3,READY_FOR_STAGE03_3,pass,4dbf938c217f69ed2ff0453efaf68bd6128819e2a74a00e174edc2a7a0d9b0df,raw_manifest,9f624c82445a8c93a5339e9ec5c2a2efc6ea99023cd1c72e12eb247273f53a01,4da5f1da3791d1a2538874fb51d25bff691c1a4039faef054d655af94410d49f,00debfb0e1fa34796b1644a045a064f52cb1f35052df9faa485db4b4f5ff512e,846c4787de91aa9926220984ea0b8a0eb96705c1f36f8590e6758ab22402c5c7,b226b97e0e67288aaaf85726ad855df71cb81406685c57c8e8c40cd8996aa0da,468b2d71040b4d7e583c02ca2036c393a50a94c5,False,"{""VRP-EVRP-Project-Hub"": {""dirty"": false, ""path"": ""/Users/guoyiyang/Documents/GitHub/FURP-2026-Yiyang-GUO-EVRP-TW/reference/VRP-EVRP-Project-Hub"", ""revision"": ""e3a890065105f978187e532642c4442522215e02""}, ""py-ga-VRPTW"": {""dirty"": false, ""path"": ""/Users/guoyiyang/Documents/GitHub/FURP-2026-Yiyang-GUO-EVRP-TW/reference/py-ga-VRPTW"", ""revision"": ""8e005caaaf6471a4505588d88c7f0f5e0d4ebffa""}}",stage03.1_screening_attempt04,,preserve;see stage03_legacy_path_map.csv
stage03.2,cache_incremental,stage03.2_cache_incremental_attempt02,attempt02,stage03.2_cache_incremental_attempt02,stage03.2_cache_incremental_attempt02,formal,r103C10,2016,"[""c101C5"", ""r105C5"", ""rc105C5"", ""c104C10"", ""r103C10"", ""rc102C10"", ""c106C15"", ""r105C15"", ""rc103C15"", ""c101_21"", ""r101_21"", ""rc101_21""]","[2014, 2015, 2016]",trace,verified_legacy,results/stage03.2_cache_incremental_attempt02/r103C10/2016/stage03.2_cache_incremental_attempt02_trace_r103C10_2016.json,results/stage03.2_cache_incremental_attempt02/traces/r103C10-alns_stage02_constraint_guided-2016.json,feasible,,pass,READY_FOR_STAGE03_3,READY_FOR_STAGE03_3,pass,a7c58b5cb0a60c0f5cefb91eca8f8e70619cdf45322555ef0606fff17d6b9f0d,raw_manifest,9f624c82445a8c93a5339e9ec5c2a2efc6ea99023cd1c72e12eb247273f53a01,4da5f1da3791d1a2538874fb51d25bff691c1a4039faef054d655af94410d49f,00debfb0e1fa34796b1644a045a064f52cb1f35052df9faa485db4b4f5ff512e,38850f52b7f96affe5887200ec04f55df31d96454c102b0e96b8da82521ab849,b226b97e0e67288aaaf85726ad855df71cb81406685c57c8e8c40cd8996aa0da,468b2d71040b4d7e583c02ca2036c393a50a94c5,False,"{""VRP-EVRP-Project-Hub"": {""dirty"": false, ""path"": ""/Users/guoyiyang/Documents/GitHub/FURP-2026-Yiyang-GUO-EVRP-TW/reference/VRP-EVRP-Project-Hub"", ""revision"": ""e3a890065105f978187e532642c4442522215e02""}, ""py-ga-VRPTW"": {""dirty"": false, ""path"": ""/Users/guoyiyang/Documents/GitHub/FURP-2026-Yiyang-GUO-EVRP-TW/reference/py-ga-VRPTW"", ""revision"": ""8e005caaaf6471a4505588d88c7f0f5e0d4ebffa""}}",stage03.1_screening_attempt04,,preserve;see stage03_legacy_path_map.csv
stage03.2,cache_incremental,stage03.2_cache_incremental_attempt02,attempt02,stage03.2_cache_incremental_attempt02,stage03.2_cache_incremental_attempt02,formal,r105C15,2014,"[""c101C5"", ""r105C5"", ""rc105C5"", ""c104C10"", ""r103C10"", ""rc102C10"", ""c106C15"", ""r105C15"", ""rc103C15"", ""c101_21"", ""r101_21"", ""rc101_21""]","[2014, 2015, 2016]",trace,verified_legacy,results/stage03.2_cache_incremental_attempt02/r105C15/2014/stage03.2_cache_incremental_attempt02_trace_r105C15_2014.json,results/stage03.2_cache_incremental_attempt02/traces/r105C15-alns_stage02_constraint_guided-2014.json,feasible,,pass,READY_FOR_STAGE03_3,READY_FOR_STAGE03_3,pass,bacd504c3677597afe8669bc0d2adcc19ebf83b97430958e5eeda3f0d72b1d0d,raw_manifest,9f624c82445a8c93a5339e9ec5c2a2efc6ea99023cd1c72e12eb247273f53a01,4da5f1da3791d1a2538874fb51d25bff691c1a4039faef054d655af94410d49f,937f3e630e6afef1a148dc223dd1d6ad2d11cfff557803e68a50e981e3ceaa44,a0671ce5c4c6e19a1b3652bcb45a059e0af5a89a275e75f59dc44be529f48435,b226b97e0e67288aaaf85726ad855df71cb81406685c57c8e8c40cd8996aa0da,468b2d71040b4d7e583c02ca2036c393a50a94c5,False,"{""VRP-EVRP-Project-Hub"": {""dirty"": false, ""path"": ""/Users/guoyiyang/Documents/GitHub/FURP-2026-Yiyang-GUO-EVRP-TW/reference/VRP-EVRP-Project-Hub"", ""revision"": ""e3a890065105f978187e532642c4442522215e02""}, ""py-ga-VRPTW"": {""dirty"": false, ""path"": ""/Users/guoyiyang/Documents/GitHub/FURP-2026-Yiyang-GUO-EVRP-TW/reference/py-ga-VRPTW"", ""revision"": ""8e005caaaf6471a4505588d88c7f0f5e0d4ebffa""}}",stage03.1_screening_attempt04,,preserve;see stage03_legacy_path_map.csv
stage03.2,cache_incremental,stage03.2_cache_incremental_attempt02,attempt02,stage03.2_cache_incremental_attempt02,stage03.2_cache_incremental_attempt02,formal,r105C15,2015,"[""c101C5"", ""r105C5"", ""rc105C5"", ""c104C10"", ""r103C10"", ""rc102C10"", ""c106C15"", ""r105C15"", ""rc103C15"", ""c101_21"", ""r101_21"", ""rc101_21""]","[2014, 2015, 2016]",trace,verified_legacy,results/stage03.2_cache_incremental_attempt02/r105C15/2015/stage03.2_cache_incremental_attempt02_trace_r105C15_2015.json,results/stage03.2_cache_incremental_attempt02/traces/r105C15-alns_stage02_constraint_guided-2015.json,feasible,,pass,READY_FOR_STAGE03_3,READY_FOR_STAGE03_3,pass,c2612fae4c5822cfb38ebddcac9b996567b52a0987222424e0d86e1e7f32392f,raw_manifest,9f624c82445a8c93a5339e9ec5c2a2efc6ea99023cd1c72e12eb247273f53a01,4da5f1da3791d1a2538874fb51d25bff691c1a4039faef054d655af94410d49f,937f3e630e6afef1a148dc223dd1d6ad2d11cfff557803e68a50e981e3ceaa44,791534cce7436742127f6ded8db02548e513b063a0bf9ee13878af662235a24d,b226b97e0e67288aaaf85726ad855df71cb81406685c57c8e8c40cd8996aa0da,468b2d71040b4d7e583c02ca2036c393a50a94c5,False,"{""VRP-EVRP-Project-Hub"": {""dirty"": false, ""path"": ""/Users/guoyiyang/Documents/GitHub/FURP-2026-Yiyang-GUO-EVRP-TW/reference/VRP-EVRP-Project-Hub"", ""revision"": ""e3a890065105f978187e532642c4442522215e02""}, ""py-ga-VRPTW"": {""dirty"": false, ""path"": ""/Users/guoyiyang/Documents/GitHub/FURP-2026-Yiyang-GUO-EVRP-TW/reference/py-ga-VRPTW"", ""revision"": ""8e005caaaf6471a4505588d88c7f0f5e0d4ebffa""}}",stage03.1_screening_attempt04,,preserve;see stage03_legacy_path_map.csv
stage03.2,cache_incremental,stage03.2_cache_incremental_attempt02,attempt02,stage03.2_cache_incremental_attempt02,stage03.2_cache_incremental_attempt02,formal,r105C15,2016,"[""c101C5"", ""r105C5"", ""rc105C5"", ""c104C10"", ""r103C10"", ""rc102C10"", ""c106C15"", ""r105C15"", ""rc103C15"", ""c101_21"", ""r101_21"", ""rc101_21""]","[2014, 2015, 2016]",trace,verified_legacy,results/stage03.2_cache_incremental_attempt02/r105C15/2016/stage03.2_cache_incremental_attempt02_trace_r105C15_2016.json,results/stage03.2_cache_incremental_attempt02/traces/r105C15-alns_stage02_constraint_guided-2016.json,feasible,,pass,READY_FOR_STAGE03_3,READY_FOR_STAGE03_3,pass,a23b96066854f520dc602f5270ca89be30ae8da3514d56e8f064216c76244886,raw_manifest,9f624c82445a8c93a5339e9ec5c2a2efc6ea99023cd1c72e12eb247273f53a01,4da5f1da3791d1a2538874fb51d25bff691c1a4039faef054d655af94410d49f,937f3e630e6afef1a148dc223dd1d6ad2d11cfff557803e68a50e981e3ceaa44,b87bcfe87b65e706e008299f59d9c26485908c2501ed3d557f6a4a173b07d56a,b226b97e0e67288aaaf85726ad855df71cb81406685c57c8e8c40cd8996aa0da,468b2d71040b4d7e583c02ca2036c393a50a94c5,False,"{""VRP-EVRP-Project-Hub"": {""dirty"": false, ""path"": ""/Users/guoyiyang/Documents/GitHub/FURP-2026-Yiyang-GUO-EVRP-TW/reference/VRP-EVRP-Project-Hub"", ""revision"": ""e3a890065105f978187e532642c4442522215e02""}, ""py-ga-VRPTW"": {""dirty"": false, ""path"": ""/Users/guoyiyang/Documents/GitHub/FURP-2026-Yiyang-GUO-EVRP-TW/reference/py-ga-VRPTW"", ""revision"": ""8e005caaaf6471a4505588d88c7f0f5e0d4ebffa""}}",stage03.1_screening_attempt04,,preserve;see stage03_legacy_path_map.csv
stage03.2,cache_incremental,stage03.2_cache_incremental_attempt02,attempt02,stage03.2_cache_incremental_attempt02,stage03.2_cache_incremental_attempt02,formal,r105C5,2014,"[""c101C5"", ""r105C5"", ""rc105C5"", ""c104C10"", ""r103C10"", ""rc102C10"", ""c106C15"", ""r105C15"", ""rc103C15"", ""c101_21"", ""r101_21"", ""rc101_21""]","[2014, 2015, 2016]",trace,verified_legacy,results/stage03.2_cache_incremental_attempt02/r105C5/2014/stage03.2_cache_incremental_attempt02_trace_r105C5_2014.json,results/stage03.2_cache_incremental_attempt02/traces/r105C5-alns_stage02_constraint_guided-2014.json,feasible,,pass,READY_FOR_STAGE03_3,READY_FOR_STAGE03_3,pass,8ea8478b5bb800f6df4ed3d5849163ccafee512f6d83a95c5ccbefa6c4d329b9,raw_manifest,9f624c82445a8c93a5339e9ec5c2a2efc6ea99023cd1c72e12eb247273f53a01,4da5f1da3791d1a2538874fb51d25bff691c1a4039faef054d655af94410d49f,eb27ec04e799ee6d39dee3d66f15128e197811afa8c664295acbdf6444176434,687629b05d656ad59a732976c060addcffdb7b43ba8788586b64025c1ef6f952,b226b97e0e67288aaaf85726ad855df71cb81406685c57c8e8c40cd8996aa0da,468b2d71040b4d7e583c02ca2036c393a50a94c5,False,"{""VRP-EVRP-Project-Hub"": {""dirty"": false, ""path"": ""/Users/guoyiyang/Documents/GitHub/FURP-2026-Yiyang-GUO-EVRP-TW/reference/VRP-EVRP-Project-Hub"", ""revision"": ""e3a890065105f978187e532642c4442522215e02""}, ""py-ga-VRPTW"": {""dirty"": false, ""path"": ""/Users/guoyiyang/Documents/GitHub/FURP-2026-Yiyang-GUO-EVRP-TW/reference/py-ga-VRPTW"", ""revision"": ""8e005caaaf6471a4505588d88c7f0f5e0d4ebffa""}}",stage03.1_screening_attempt04,,preserve;see stage03_legacy_path_map.csv
stage03.2,cache_incremental,stage03.2_cache_incremental_attempt02,attempt02,stage03.2_cache_incremental_attempt02,stage03.2_cache_incremental_attempt02,formal,r105C5,2015,"[""c101C5"", ""r105C5"", ""rc105C5"", ""c104C10"", ""r103C10"", ""rc102C10"", ""c106C15"", ""r105C15"", ""rc103C15"", ""c101_21"", ""r101_21"", ""rc101_21""]","[2014, 2015, 2016]",trace,verified_legacy,results/stage03.2_cache_incremental_attempt02/r105C5/2015/stage03.2_cache_incremental_attempt02_trace_r105C5_2015.json,results/stage03.2_cache_incremental_attempt02/traces/r105C5-alns_stage02_constraint_guided-2015.json,feasible,,pass,READY_FOR_STAGE03_3,READY_FOR_STAGE03_3,pass,4da824a798aefd46e1bdcc0e6bc90aca785093d387f4018934dea740b397e2ec,raw_manifest,9f624c82445a8c93a5339e9ec5c2a2efc6ea99023cd1c72e12eb247273f53a01,4da5f1da3791d1a2538874fb51d25bff691c1a4039faef054d655af94410d49f,eb27ec04e799ee6d39dee3d66f15128e197811afa8c664295acbdf6444176434,c53a41a4d826ee06c81e24c26ab939aeb20a1a4631d43f1bc72ec162cf574bd4,b226b97e0e67288aaaf85726ad855df71cb81406685c57c8e8c40cd8996aa0da,468b2d71040b4d7e583c02ca2036c393a50a94c5,False,"{""VRP-EVRP-Project-Hub"": {""dirty"": false, ""path"": ""/Users/guoyiyang/Documents/GitHub/FURP-2026-Yiyang-GUO-EVRP-TW/reference/VRP-EVRP-Project-Hub"", ""revision"": ""e3a890065105f978187e532642c4442522215e02""}, ""py-ga-VRPTW"": {""dirty"": false, ""path"": ""/Users/guoyiyang/Documents/GitHub/FURP-2026-Yiyang-GUO-EVRP-TW/reference/py-ga-VRPTW"", ""revision"": ""8e005caaaf6471a4505588d88c7f0f5e0d4ebffa""}}",stage03.1_screening_attempt04,,preserve;see stage03_legacy_path_map.csv
stage03.2,cache_incremental,stage03.2_cache_incremental_attempt02,attempt02,stage03.2_cache_incremental_attempt02,stage03.2_cache_incremental_attempt02,formal,r105C5,2016,"[""c101C5"", ""r105C5"", ""rc105C5"", ""c104C10"", ""r103C10"", ""rc102C10"", ""c106C15"", ""r105C15"", ""rc103C15"", ""c101_21"", ""r101_21"", ""rc101_21""]","[2014, 2015, 2016]",trace,verified_legacy,results/stage03.2_cache_incremental_attempt02/r105C5/2016/stage03.2_cache_incremental_attempt02_trace_r105C5_2016.json,results/stage03.2_cache_incremental_attempt02/traces/r105C5-alns_stage02_constraint_guided-2016.json,feasible,,pass,READY_FOR_STAGE03_3,READY_FOR_STAGE03_3,pass,1024f682a8be2cf7b756487250210d0a078fcd80321c66ec8be52596f366c9d9,raw_manifest,9f624c82445a8c93a5339e9ec5c2a2efc6ea99023cd1c72e12eb247273f53a01,4da5f1da3791d1a2538874fb51d25bff691c1a4039faef054d655af94410d49f,eb27ec04e799ee6d39dee3d66f15128e197811afa8c664295acbdf6444176434,17d5d56c56a32527b30c4ad1db5fd57846d63b6088fcaf88d84a6da33ebbbc30,b226b97e0e67288aaaf85726ad855df71cb81406685c57c8e8c40cd8996aa0da,468b2d71040b4d7e583c02ca2036c393a50a94c5,False,"{""VRP-EVRP-Project-Hub"": {""dirty"": false, ""path"": ""/Users/guoyiyang/Documents/GitHub/FURP-2026-Yiyang-GUO-EVRP-TW/reference/VRP-EVRP-Project-Hub"", ""revision"": ""e3a890065105f978187e532642c4442522215e02""}, ""py-ga-VRPTW"": {""dirty"": false, ""path"": ""/Users/guoyiyang/Documents/GitHub/FURP-2026-Yiyang-GUO-EVRP-TW/reference/py-ga-VRPTW"", ""revision"": ""8e005caaaf6471a4505588d88c7f0f5e0d4ebffa""}}",stage03.1_screening_attempt04,,preserve;see stage03_legacy_path_map.csv
stage03.2,cache_incremental,stage03.2_cache_incremental_attempt02,attempt02,stage03.2_cache_incremental_attempt02,stage03.2_cache_incremental_attempt02,formal,rc101_21,2014,"[""c101C5"", ""r105C5"", ""rc105C5"", ""c104C10"", ""r103C10"", ""rc102C10"", ""c106C15"", ""r105C15"", ""rc103C15"", ""c101_21"", ""r101_21"", ""rc101_21""]","[2014, 2015, 2016]",trace,verified_legacy,results/stage03.2_cache_incremental_attempt02/rc101_21/2014/stage03.2_cache_incremental_attempt02_trace_rc101_21_2014.json,results/stage03.2_cache_incremental_attempt02/traces/rc101_21-alns_stage02_constraint_guided-2014.json,feasible,,pass,READY_FOR_STAGE03_3,READY_FOR_STAGE03_3,pass,bbe370eb07b41a6fb28e6bbfa9f890db85df0b86a2b1a26be25969b1f0019942,raw_manifest,9f624c82445a8c93a5339e9ec5c2a2efc6ea99023cd1c72e12eb247273f53a01,4da5f1da3791d1a2538874fb51d25bff691c1a4039faef054d655af94410d49f,272a3e58d53d4ba9516f01506164cf8a9b98bfeeb8dbd1fd62f6557e4c98e3a1,1be1c9ad1b809d2ddbc8bd78bf0357d2346b8f0abf3ce9464eb84a30276cfe06,b226b97e0e67288aaaf85726ad855df71cb81406685c57c8e8c40cd8996aa0da,468b2d71040b4d7e583c02ca2036c393a50a94c5,False,"{""VRP-EVRP-Project-Hub"": {""dirty"": false, ""path"": ""/Users/guoyiyang/Documents/GitHub/FURP-2026-Yiyang-GUO-EVRP-TW/reference/VRP-EVRP-Project-Hub"", ""revision"": ""e3a890065105f978187e532642c4442522215e02""}, ""py-ga-VRPTW"": {""dirty"": false, ""path"": ""/Users/guoyiyang/Documents/GitHub/FURP-2026-Yiyang-GUO-EVRP-TW/reference/py-ga-VRPTW"", ""revision"": ""8e005caaaf6471a4505588d88c7f0f5e0d4ebffa""}}",stage03.1_screening_attempt04,,preserve;see stage03_legacy_path_map.csv
stage03.2,cache_incremental,stage03.2_cache_incremental_attempt02,attempt02,stage03.2_cache_incremental_attempt02,stage03.2_cache_incremental_attempt02,formal,rc101_21,2015,"[""c101C5"", ""r105C5"", ""rc105C5"", ""c104C10"", ""r103C10"", ""rc102C10"", ""c106C15"", ""r105C15"", ""rc103C15"", ""c101_21"", ""r101_21"", ""rc101_21""]","[2014, 2015, 2016]",trace,verified_legacy,results/stage03.2_cache_incremental_attempt02/rc101_21/2015/stage03.2_cache_incremental_attempt02_trace_rc101_21_2015.json,results/stage03.2_cache_incremental_attempt02/traces/rc101_21-alns_stage02_constraint_guided-2015.json,feasible,,pass,READY_FOR_STAGE03_3,READY_FOR_STAGE03_3,pass,1f2411aa0ca63441011b9fcc8ae26536556f5e98994b63bac3499410292274ca,raw_manifest,9f624c82445a8c93a5339e9ec5c2a2efc6ea99023cd1c72e12eb247273f53a01,4da5f1da3791d1a2538874fb51d25bff691c1a4039faef054d655af94410d49f,272a3e58d53d4ba9516f01506164cf8a9b98bfeeb8dbd1fd62f6557e4c98e3a1,d3cc33167d4b0c39f2e328a9f49bea12cdb6ffa1c8d325dab2da160c5e693623,b226b97e0e67288aaaf85726ad855df71cb81406685c57c8e8c40cd8996aa0da,468b2d71040b4d7e583c02ca2036c393a50a94c5,False,"{""VRP-EVRP-Project-Hub"": {""dirty"": false, ""path"": ""/Users/guoyiyang/Documents/GitHub/FURP-2026-Yiyang-GUO-EVRP-TW/reference/VRP-EVRP-Project-Hub"", ""revision"": ""e3a890065105f978187e532642c4442522215e02""}, ""py-ga-VRPTW"": {""dirty"": false, ""path"": ""/Users/guoyiyang/Documents/GitHub/FURP-2026-Yiyang-GUO-EVRP-TW/reference/py-ga-VRPTW"", ""revision"": ""8e005caaaf6471a4505588d88c7f0f5e0d4ebffa""}}",stage03.1_screening_attempt04,,preserve;see stage03_legacy_path_map.csv
stage03.2,cache_incremental,stage03.2_cache_incremental_attempt02,attempt02,stage03.2_cache_incremental_attempt02,stage03.2_cache_incremental_attempt02,formal,rc101_21,2016,"[""c101C5"", ""r105C5"", ""rc105C5"", ""c104C10"", ""r103C10"", ""rc102C10"", ""c106C15"", ""r105C15"", ""rc103C15"", ""c101_21"", ""r101_21"", ""rc101_21""]","[2014, 2015, 2016]",trace,verified_legacy,results/stage03.2_cache_incremental_attempt02/rc101_21/2016/stage03.2_cache_incremental_attempt02_trace_rc101_21_2016.json,results/stage03.2_cache_incremental_attempt02/traces/rc101_21-alns_stage02_constraint_guided-2016.json,feasible,,pass,READY_FOR_STAGE03_3,READY_FOR_STAGE03_3,pass,8ff1daacbc67e8071a5ca9fc52af621e7664f9e4e5da4507c5c8fcdc3deb2a67,raw_manifest,9f624c82445a8c93a5339e9ec5c2a2efc6ea99023cd1c72e12eb247273f53a01,4da5f1da3791d1a2538874fb51d25bff691c1a4039faef054d655af94410d49f,272a3e58d53d4ba9516f01506164cf8a9b98bfeeb8dbd1fd62f6557e4c98e3a1,868deb754a627a449c71c29391a1e1efff01cd82771b2a94a27d030db33a5ce2,b226b97e0e67288aaaf85726ad855df71cb81406685c57c8e8c40cd8996aa0da,468b2d71040b4d7e583c02ca2036c393a50a94c5,False,"{""VRP-EVRP-Project-Hub"": {""dirty"": false, ""path"": ""/Users/guoyiyang/Documents/GitHub/FURP-2026-Yiyang-GUO-EVRP-TW/reference/VRP-EVRP-Project-Hub"", ""revision"": ""e3a890065105f978187e532642c4442522215e02""}, ""py-ga-VRPTW"": {""dirty"": false, ""path"": ""/Users/guoyiyang/Documents/GitHub/FURP-2026-Yiyang-GUO-EVRP-TW/reference/py-ga-VRPTW"", ""revision"": ""8e005caaaf6471a4505588d88c7f0f5e0d4ebffa""}}",stage03.1_screening_attempt04,,preserve;see stage03_legacy_path_map.csv
stage03.2,cache_incremental,stage03.2_cache_incremental_attempt02,attempt02,stage03.2_cache_incremental_attempt02,stage03.2_cache_incremental_attempt02,formal,rc102C10,2014,"[""c101C5"", ""r105C5"", ""rc105C5"", ""c104C10"", ""r103C10"", ""rc102C10"", ""c106C15"", ""r105C15"", ""rc103C15"", ""c101_21"", ""r101_21"", ""rc101_21""]","[2014, 2015, 2016]",trace,verified_legacy,results/stage03.2_cache_incremental_attempt02/rc102C10/2014/stage03.2_cache_incremental_attempt02_trace_rc102C10_2014.json,results/stage03.2_cache_incremental_attempt02/traces/rc102C10-alns_stage02_constraint_guided-2014.json,feasible,,pass,READY_FOR_STAGE03_3,READY_FOR_STAGE03_3,pass,678c76d45b6b36e8238e2f63212ed302afe88398aceb6bc0b7902be0b535f9b5,raw_manifest,9f624c82445a8c93a5339e9ec5c2a2efc6ea99023cd1c72e12eb247273f53a01,4da5f1da3791d1a2538874fb51d25bff691c1a4039faef054d655af94410d49f,b85edffa9a896007203a8f6688731b66fcaeedada2b6deae0a3e3ca4a1a0d1a6,30592915a8e0540770b5787f2773e1913e3149b927826f82d6847e95d5cd8472,b226b97e0e67288aaaf85726ad855df71cb81406685c57c8e8c40cd8996aa0da,468b2d71040b4d7e583c02ca2036c393a50a94c5,False,"{""VRP-EVRP-Project-Hub"": {""dirty"": false, ""path"": ""/Users/guoyiyang/Documents/GitHub/FURP-2026-Yiyang-GUO-EVRP-TW/reference/VRP-EVRP-Project-Hub"", ""revision"": ""e3a890065105f978187e532642c4442522215e02""}, ""py-ga-VRPTW"": {""dirty"": false, ""path"": ""/Users/guoyiyang/Documents/GitHub/FURP-2026-Yiyang-GUO-EVRP-TW/reference/py-ga-VRPTW"", ""revision"": ""8e005caaaf6471a4505588d88c7f0f5e0d4ebffa""}}",stage03.1_screening_attempt04,,preserve;see stage03_legacy_path_map.csv
stage03.2,cache_incremental,stage03.2_cache_incremental_attempt02,attempt02,stage03.2_cache_incremental_attempt02,stage03.2_cache_incremental_attempt02,formal,rc102C10,2015,"[""c101C5"", ""r105C5"", ""rc105C5"", ""c104C10"", ""r103C10"", ""rc102C10"", ""c106C15"", ""r105C15"", ""rc103C15"", ""c101_21"", ""r101_21"", ""rc101_21""]","[2014, 2015, 2016]",trace,verified_legacy,results/stage03.2_cache_incremental_attempt02/rc102C10/2015/stage03.2_cache_incremental_attempt02_trace_rc102C10_2015.json,results/stage03.2_cache_incremental_attempt02/traces/rc102C10-alns_stage02_constraint_guided-2015.json,feasible,,pass,READY_FOR_STAGE03_3,READY_FOR_STAGE03_3,pass,ea84896721b9bddeee23f3a85de44b466c58a1a2bdbe13f7585d3a6c3c7b1f14,raw_manifest,9f624c82445a8c93a5339e9ec5c2a2efc6ea99023cd1c72e12eb247273f53a01,4da5f1da3791d1a2538874fb51d25bff691c1a4039faef054d655af94410d49f,b85edffa9a896007203a8f6688731b66fcaeedada2b6deae0a3e3ca4a1a0d1a6,023f8e4be5f9e20c2232eaceb87f5f600147af515e60866a7c4c9f6d7dea7395,b226b97e0e67288aaaf85726ad855df71cb81406685c57c8e8c40cd8996aa0da,468b2d71040b4d7e583c02ca2036c393a50a94c5,False,"{""VRP-EVRP-Project-Hub"": {""dirty"": false, ""path"": ""/Users/guoyiyang/Documents/GitHub/FURP-2026-Yiyang-GUO-EVRP-TW/reference/VRP-EVRP-Project-Hub"", ""revision"": ""e3a890065105f978187e532642c4442522215e02""}, ""py-ga-VRPTW"": {""dirty"": false, ""path"": ""/Users/guoyiyang/Documents/GitHub/FURP-2026-Yiyang-GUO-EVRP-TW/reference/py-ga-VRPTW"", ""revision"": ""8e005caaaf6471a4505588d88c7f0f5e0d4ebffa""}}",stage03.1_screening_attempt04,,preserve;see stage03_legacy_path_map.csv
stage03.2,cache_incremental,stage03.2_cache_incremental_attempt02,attempt02,stage03.2_cache_incremental_attempt02,stage03.2_cache_incremental_attempt02,formal,rc102C10,2016,"[""c101C5"", ""r105C5"", ""rc105C5"", ""c104C10"", ""r103C10"", ""rc102C10"", ""c106C15"", ""r105C15"", ""rc103C15"", ""c101_21"", ""r101_21"", ""rc101_21""]","[2014, 2015, 2016]",trace,verified_legacy,results/stage03.2_cache_incremental_attempt02/rc102C10/2016/stage03.2_cache_incremental_attempt02_trace_rc102C10_2016.json,results/stage03.2_cache_incremental_attempt02/traces/rc102C10-alns_stage02_constraint_guided-2016.json,feasible,,pass,READY_FOR_STAGE03_3,READY_FOR_STAGE03_3,pass,fee6542661e5ee909d7c5e9d4b23588660930ef409d5caab88e87b2b15dd4775,raw_manifest,9f624c82445a8c93a5339e9ec5c2a2efc6ea99023cd1c72e12eb247273f53a01,4da5f1da3791d1a2538874fb51d25bff691c1a4039faef054d655af94410d49f,b85edffa9a896007203a8f6688731b66fcaeedada2b6deae0a3e3ca4a1a0d1a6,cdea0ebec70e6eb3005ab0d757e4ace590c1729aad135cdee956a74926aaf2b0,b226b97e0e67288aaaf85726ad855df71cb81406685c57c8e8c40cd8996aa0da,468b2d71040b4d7e583c02ca2036c393a50a94c5,False,"{""VRP-EVRP-Project-Hub"": {""dirty"": false, ""path"": ""/Users/guoyiyang/Documents/GitHub/FURP-2026-Yiyang-GUO-EVRP-TW/reference/VRP-EVRP-Project-Hub"", ""revision"": ""e3a890065105f978187e532642c4442522215e02""}, ""py-ga-VRPTW"": {""dirty"": false, ""path"": ""/Users/guoyiyang/Documents/GitHub/FURP-2026-Yiyang-GUO-EVRP-TW/reference/py-ga-VRPTW"", ""revision"": ""8e005caaaf6471a4505588d88c7f0f5e0d4ebffa""}}",stage03.1_screening_attempt04,,preserve;see stage03_legacy_path_map.csv
stage03.2,cache_incremental,stage03.2_cache_incremental_attempt02,attempt02,stage03.2_cache_incremental_attempt02,stage03.2_cache_incremental_attempt02,formal,rc103C15,2014,"[""c101C5"", ""r105C5"", ""rc105C5"", ""c104C10"", ""r103C10"", ""rc102C10"", ""c106C15"", ""r105C15"", ""rc103C15"", ""c101_21"", ""r101_21"", ""rc101_21""]","[2014, 2015, 2016]",trace,verified_legacy,results/stage03.2_cache_incremental_attempt02/rc103C15/2014/stage03.2_cache_incremental_attempt02_trace_rc103C15_2014.json,results/stage03.2_cache_incremental_attempt02/traces/rc103C15-alns_stage02_constraint_guided-2014.json,feasible,,pass,READY_FOR_STAGE03_3,READY_FOR_STAGE03_3,pass,17fb64abe0a461a064e1821787b173020ed41f11d8ef691fe60a223d8f7bcf83,raw_manifest,9f624c82445a8c93a5339e9ec5c2a2efc6ea99023cd1c72e12eb247273f53a01,4da5f1da3791d1a2538874fb51d25bff691c1a4039faef054d655af94410d49f,51cbd950e7a76acae3add1f93d4c5f3b906f1e0ca5b47f46b068ff4f52e43c4a,89ba61b279cc1205224a6646eb5fd210144a597584321fad929d2cb5592266ab,b226b97e0e67288aaaf85726ad855df71cb81406685c57c8e8c40cd8996aa0da,468b2d71040b4d7e583c02ca2036c393a50a94c5,False,"{""VRP-EVRP-Project-Hub"": {""dirty"": false, ""path"": ""/Users/guoyiyang/Documents/GitHub/FURP-2026-Yiyang-GUO-EVRP-TW/reference/VRP-EVRP-Project-Hub"", ""revision"": ""e3a890065105f978187e532642c4442522215e02""}, ""py-ga-VRPTW"": {""dirty"": false, ""path"": ""/Users/guoyiyang/Documents/GitHub/FURP-2026-Yiyang-GUO-EVRP-TW/reference/py-ga-VRPTW"", ""revision"": ""8e005caaaf6471a4505588d88c7f0f5e0d4ebffa""}}",stage03.1_screening_attempt04,,preserve;see stage03_legacy_path_map.csv
stage03.2,cache_incremental,stage03.2_cache_incremental_attempt02,attempt02,stage03.2_cache_incremental_attempt02,stage03.2_cache_incremental_attempt02,formal,rc103C15,2015,"[""c101C5"", ""r105C5"", ""rc105C5"", ""c104C10"", ""r103C10"", ""rc102C10"", ""c106C15"", ""r105C15"", ""rc103C15"", ""c101_21"", ""r101_21"", ""rc101_21""]","[2014, 2015, 2016]",trace,verified_legacy,results/stage03.2_cache_incremental_attempt02/rc103C15/2015/stage03.2_cache_incremental_attempt02_trace_rc103C15_2015.json,results/stage03.2_cache_incremental_attempt02/traces/rc103C15-alns_stage02_constraint_guided-2015.json,feasible,,pass,READY_FOR_STAGE03_3,READY_FOR_STAGE03_3,pass,cc638964b093074119880aec5de4c0635ef0d51c730778c27dd73bb1c471da3d,raw_manifest,9f624c82445a8c93a5339e9ec5c2a2efc6ea99023cd1c72e12eb247273f53a01,4da5f1da3791d1a2538874fb51d25bff691c1a4039faef054d655af94410d49f,51cbd950e7a76acae3add1f93d4c5f3b906f1e0ca5b47f46b068ff4f52e43c4a,c24d6db2ef9dead78e06ba5728ab5bec4c49acbe60fbb6879e6359a50bdc72f7,b226b97e0e67288aaaf85726ad855df71cb81406685c57c8e8c40cd8996aa0da,468b2d71040b4d7e583c02ca2036c393a50a94c5,False,"{""VRP-EVRP-Project-Hub"": {""dirty"": false, ""path"": ""/Users/guoyiyang/Documents/GitHub/FURP-2026-Yiyang-GUO-EVRP-TW/reference/VRP-EVRP-Project-Hub"", ""revision"": ""e3a890065105f978187e532642c4442522215e02""}, ""py-ga-VRPTW"": {""dirty"": false, ""path"": ""/Users/guoyiyang/Documents/GitHub/FURP-2026-Yiyang-GUO-EVRP-TW/reference/py-ga-VRPTW"", ""revision"": ""8e005caaaf6471a4505588d88c7f0f5e0d4ebffa""}}",stage03.1_screening_attempt04,,preserve;see stage03_legacy_path_map.csv
stage03.2,cache_incremental,stage03.2_cache_incremental_attempt02,attempt02,stage03.2_cache_incremental_attempt02,stage03.2_cache_incremental_attempt02,formal,rc103C15,2016,"[""c101C5"", ""r105C5"", ""rc105C5"", ""c104C10"", ""r103C10"", ""rc102C10"", ""c106C15"", ""r105C15"", ""rc103C15"", ""c101_21"", ""r101_21"", ""rc101_21""]","[2014, 2015, 2016]",trace,verified_legacy,results/stage03.2_cache_incremental_attempt02/rc103C15/2016/stage03.2_cache_incremental_attempt02_trace_rc103C15_2016.json,results/stage03.2_cache_incremental_attempt02/traces/rc103C15-alns_stage02_constraint_guided-2016.json,feasible,,pass,READY_FOR_STAGE03_3,READY_FOR_STAGE03_3,pass,cb9ad0136fb7959b1b46e5dd6eb0efd48a640351ce80e4b55173af31d465f795,raw_manifest,9f624c82445a8c93a5339e9ec5c2a2efc6ea99023cd1c72e12eb247273f53a01,4da5f1da3791d1a2538874fb51d25bff691c1a4039faef054d655af94410d49f,51cbd950e7a76acae3add1f93d4c5f3b906f1e0ca5b47f46b068ff4f52e43c4a,feabe6bb15e9d264c60cfea8ba71300662d1c5b7fc14537178fb81e78948b3fb,b226b97e0e67288aaaf85726ad855df71cb81406685c57c8e8c40cd8996aa0da,468b2d71040b4d7e583c02ca2036c393a50a94c5,False,"{""VRP-EVRP-Project-Hub"": {""dirty"": false, ""path"": ""/Users/guoyiyang/Documents/GitHub/FURP-2026-Yiyang-GUO-EVRP-TW/reference/VRP-EVRP-Project-Hub"", ""revision"": ""e3a890065105f978187e532642c4442522215e02""}, ""py-ga-VRPTW"": {""dirty"": false, ""path"": ""/Users/guoyiyang/Documents/GitHub/FURP-2026-Yiyang-GUO-EVRP-TW/reference/py-ga-VRPTW"", ""revision"": ""8e005caaaf6471a4505588d88c7f0f5e0d4ebffa""}}",stage03.1_screening_attempt04,,preserve;see stage03_legacy_path_map.csv
stage03.2,cache_incremental,stage03.2_cache_incremental_attempt02,attempt02,stage03.2_cache_incremental_attempt02,stage03.2_cache_incremental_attempt02,formal,rc105C5,2014,"[""c101C5"", ""r105C5"", ""rc105C5"", ""c104C10"", ""r103C10"", ""rc102C10"", ""c106C15"", ""r105C15"", ""rc103C15"", ""c101_21"", ""r101_21"", ""rc101_21""]","[2014, 2015, 2016]",trace,verified_legacy,results/stage03.2_cache_incremental_attempt02/rc105C5/2014/stage03.2_cache_incremental_attempt02_trace_rc105C5_2014.json,results/stage03.2_cache_incremental_attempt02/traces/rc105C5-alns_stage02_constraint_guided-2014.json,feasible,,pass,READY_FOR_STAGE03_3,READY_FOR_STAGE03_3,pass,b7adc6f6105b0e5212aef29cd46b371ef11e707cfb4535c67c2a9cd9ae57c114,raw_manifest,9f624c82445a8c93a5339e9ec5c2a2efc6ea99023cd1c72e12eb247273f53a01,4da5f1da3791d1a2538874fb51d25bff691c1a4039faef054d655af94410d49f,2ccfba6c447fa43a994934690acb67c7355ca04d232394907ed6938bc362c643,5199da47f4b1484c30cc762bfbe4028bdd832a3773b723e52af5174b2f2091df,b226b97e0e67288aaaf85726ad855df71cb81406685c57c8e8c40cd8996aa0da,468b2d71040b4d7e583c02ca2036c393a50a94c5,False,"{""VRP-EVRP-Project-Hub"": {""dirty"": false, ""path"": ""/Users/guoyiyang/Documents/GitHub/FURP-2026-Yiyang-GUO-EVRP-TW/reference/VRP-EVRP-Project-Hub"", ""revision"": ""e3a890065105f978187e532642c4442522215e02""}, ""py-ga-VRPTW"": {""dirty"": false, ""path"": ""/Users/guoyiyang/Documents/GitHub/FURP-2026-Yiyang-GUO-EVRP-TW/reference/py-ga-VRPTW"", ""revision"": ""8e005caaaf6471a4505588d88c7f0f5e0d4ebffa""}}",stage03.1_screening_attempt04,,preserve;see stage03_legacy_path_map.csv
stage03.2,cache_incremental,stage03.2_cache_incremental_attempt02,attempt02,stage03.2_cache_incremental_attempt02,stage03.2_cache_incremental_attempt02,formal,rc105C5,2015,"[""c101C5"", ""r105C5"", ""rc105C5"", ""c104C10"", ""r103C10"", ""rc102C10"", ""c106C15"", ""r105C15"", ""rc103C15"", ""c101_21"", ""r101_21"", ""rc101_21""]","[2014, 2015, 2016]",trace,verified_legacy,results/stage03.2_cache_incremental_attempt02/rc105C5/2015/stage03.2_cache_incremental_attempt02_trace_rc105C5_2015.json,results/stage03.2_cache_incremental_attempt02/traces/rc105C5-alns_stage02_constraint_guided-2015.json,feasible,,pass,READY_FOR_STAGE03_3,READY_FOR_STAGE03_3,pass,37947c9b2c2409a30478dc7c73cf9612226fee9a1c17a0b5916fc20b9078daec,raw_manifest,9f624c82445a8c93a5339e9ec5c2a2efc6ea99023cd1c72e12eb247273f53a01,4da5f1da3791d1a2538874fb51d25bff691c1a4039faef054d655af94410d49f,2ccfba6c447fa43a994934690acb67c7355ca04d232394907ed6938bc362c643,c7cfb9824fbd971e896cdf395e576baa2ca05873fce87cc4357ac65e610044d4,b226b97e0e67288aaaf85726ad855df71cb81406685c57c8e8c40cd8996aa0da,468b2d71040b4d7e583c02ca2036c393a50a94c5,False,"{""VRP-EVRP-Project-Hub"": {""dirty"": false, ""path"": ""/Users/guoyiyang/Documents/GitHub/FURP-2026-Yiyang-GUO-EVRP-TW/reference/VRP-EVRP-Project-Hub"", ""revision"": ""e3a890065105f978187e532642c4442522215e02""}, ""py-ga-VRPTW"": {""dirty"": false, ""path"": ""/Users/guoyiyang/Documents/GitHub/FURP-2026-Yiyang-GUO-EVRP-TW/reference/py-ga-VRPTW"", ""revision"": ""8e005caaaf6471a4505588d88c7f0f5e0d4ebffa""}}",stage03.1_screening_attempt04,,preserve;see stage03_legacy_path_map.csv
stage03.2,cache_incremental,stage03.2_cache_incremental_attempt02,attempt02,stage03.2_cache_incremental_attempt02,stage03.2_cache_incremental_attempt02,formal,rc105C5,2016,"[""c101C5"", ""r105C5"", ""rc105C5"", ""c104C10"", ""r103C10"", ""rc102C10"", ""c106C15"", ""r105C15"", ""rc103C15"", ""c101_21"", ""r101_21"", ""rc101_21""]","[2014, 2015, 2016]",trace,verified_legacy,results/stage03.2_cache_incremental_attempt02/rc105C5/2016/stage03.2_cache_incremental_attempt02_trace_rc105C5_2016.json,results/stage03.2_cache_incremental_attempt02/traces/rc105C5-alns_stage02_constraint_guided-2016.json,feasible,,pass,READY_FOR_STAGE03_3,READY_FOR_STAGE03_3,pass,d19cc82310d6e874d0aae58d2ae0e77bc8e7de529437583baa19afff7281e0ed,raw_manifest,9f624c82445a8c93a5339e9ec5c2a2efc6ea99023cd1c72e12eb247273f53a01,4da5f1da3791d1a2538874fb51d25bff691c1a4039faef054d655af94410d49f,2ccfba6c447fa43a994934690acb67c7355ca04d232394907ed6938bc362c643,4a93fd8f28581b1624029de249065d17745ddced424b84147c86d53a0ac0088d,b226b97e0e67288aaaf85726ad855df71cb81406685c57c8e8c40cd8996aa0da,468b2d71040b4d7e583c02ca2036c393a50a94c5,False,"{""VRP-EVRP-Project-Hub"": {""dirty"": false, ""path"": ""/Users/guoyiyang/Documents/GitHub/FURP-2026-Yiyang-GUO-EVRP-TW/reference/VRP-EVRP-Project-Hub"", ""revision"": ""e3a890065105f978187e532642c4442522215e02""}, ""py-ga-VRPTW"": {""dirty"": false, ""path"": ""/Users/guoyiyang/Documents/GitHub/FURP-2026-Yiyang-GUO-EVRP-TW/reference/py-ga-VRPTW"", ""revision"": ""8e005caaaf6471a4505588d88c7f0f5e0d4ebffa""}}",stage03.1_screening_attempt04,,preserve;see stage03_legacy_path_map.csv
stage03.2,cache_incremental,stage03.2_cache_incremental_attempt02,attempt02,stage03.2_cache_incremental_attempt02,stage03.2_cache_incremental_attempt02,formal,__all__,__all__,"[""c101C5"", ""r105C5"", ""rc105C5"", ""c104C10"", ""r103C10"", ""rc102C10"", ""c106C15"", ""r105C15"", ""rc103C15"", ""c101_21"", ""r101_21"", ""rc101_21""]","[2014, 2015, 2016]",baseline_comparison,published_after_review,experiments/summaries/stage03.2_cache_incremental_attempt02_baseline_comparison.csv,experiments/summaries/stage03.2_cache_incremental_attempt02_baseline_comparison.csv,feasible,,pass,READY_FOR_STAGE03_3,READY_FOR_STAGE03_3,pass,5222aa4cac3b14572faf97ee6829c706a14447bb5b48a3b5e888f827a0a0ce6e,tracked_summary,9f624c82445a8c93a5339e9ec5c2a2efc6ea99023cd1c72e12eb247273f53a01,4da5f1da3791d1a2538874fb51d25bff691c1a4039faef054d655af94410d49f,,,b226b97e0e67288aaaf85726ad855df71cb81406685c57c8e8c40cd8996aa0da,468b2d71040b4d7e583c02ca2036c393a50a94c5,False,"{""VRP-EVRP-Project-Hub"": {""dirty"": false, ""path"": ""/Users/guoyiyang/Documents/GitHub/FURP-2026-Yiyang-GUO-EVRP-TW/reference/VRP-EVRP-Project-Hub"", ""revision"": ""e3a890065105f978187e532642c4442522215e02""}, ""py-ga-VRPTW"": {""dirty"": false, ""path"": ""/Users/guoyiyang/Documents/GitHub/FURP-2026-Yiyang-GUO-EVRP-TW/reference/py-ga-VRPTW"", ""revision"": ""8e005caaaf6471a4505588d88c7f0f5e0d4ebffa""}}",stage03.1_screening_attempt04,,preserve;canonical summary name is registry-only
stage03.2,cache_incremental,stage03.2_cache_incremental_attempt02,attempt02,stage03.2_cache_incremental_attempt02,stage03.2_cache_incremental_attempt02,formal,__all__,__all__,"[""c101C5"", ""r105C5"", ""rc105C5"", ""c104C10"", ""r103C10"", ""rc102C10"", ""c106C15"", ""r105C15"", ""rc103C15"", ""c101_21"", ""r101_21"", ""rc101_21""]","[2014, 2015, 2016]",cache_incremental_statistics,published_after_review,experiments/summaries/stage03.2_cache_incremental_attempt02_cache_incremental_statistics.csv,experiments/summaries/stage03.2_cache_incremental_attempt02_cache_incremental_statistics.csv,feasible,,pass,READY_FOR_STAGE03_3,READY_FOR_STAGE03_3,pass,2bd4a9821903946b799ce2ccf4cafc885cb5490a29cd1fa91e2c03b6a3396d9a,tracked_summary,9f624c82445a8c93a5339e9ec5c2a2efc6ea99023cd1c72e12eb247273f53a01,4da5f1da3791d1a2538874fb51d25bff691c1a4039faef054d655af94410d49f,,,b226b97e0e67288aaaf85726ad855df71cb81406685c57c8e8c40cd8996aa0da,468b2d71040b4d7e583c02ca2036c393a50a94c5,False,"{""VRP-EVRP-Project-Hub"": {""dirty"": false, ""path"": ""/Users/guoyiyang/Documents/GitHub/FURP-2026-Yiyang-GUO-EVRP-TW/reference/VRP-EVRP-Project-Hub"", ""revision"": ""e3a890065105f978187e532642c4442522215e02""}, ""py-ga-VRPTW"": {""dirty"": false, ""path"": ""/Users/guoyiyang/Documents/GitHub/FURP-2026-Yiyang-GUO-EVRP-TW/reference/py-ga-VRPTW"", ""revision"": ""8e005caaaf6471a4505588d88c7f0f5e0d4ebffa""}}",stage03.1_screening_attempt04,,preserve;canonical summary name is registry-only
stage03.2,cache_incremental,stage03.2_cache_incremental_attempt02,attempt02,stage03.2_cache_incremental_attempt02,stage03.2_cache_incremental_attempt02,formal,__all__,__all__,"[""c101C5"", ""r105C5"", ""rc105C5"", ""c104C10"", ""r103C10"", ""rc102C10"", ""c106C15"", ""r105C15"", ""rc103C15"", ""c101_21"", ""r101_21"", ""rc101_21""]","[2014, 2015, 2016]",deadline_report,published_after_review,experiments/summaries/stage03.2_cache_incremental_attempt02_deadline_report.csv,experiments/summaries/stage03.2_cache_incremental_attempt02_deadline_report.csv,feasible,,pass,READY_FOR_STAGE03_3,READY_FOR_STAGE03_3,pass,c02ac5992636ac2e3430f0613d551b3b35ab668f4d3568a918515b3fa5a3f182,tracked_summary,9f624c82445a8c93a5339e9ec5c2a2efc6ea99023cd1c72e12eb247273f53a01,4da5f1da3791d1a2538874fb51d25bff691c1a4039faef054d655af94410d49f,,,b226b97e0e67288aaaf85726ad855df71cb81406685c57c8e8c40cd8996aa0da,468b2d71040b4d7e583c02ca2036c393a50a94c5,False,"{""VRP-EVRP-Project-Hub"": {""dirty"": false, ""path"": ""/Users/guoyiyang/Documents/GitHub/FURP-2026-Yiyang-GUO-EVRP-TW/reference/VRP-EVRP-Project-Hub"", ""revision"": ""e3a890065105f978187e532642c4442522215e02""}, ""py-ga-VRPTW"": {""dirty"": false, ""path"": ""/Users/guoyiyang/Documents/GitHub/FURP-2026-Yiyang-GUO-EVRP-TW/reference/py-ga-VRPTW"", ""revision"": ""8e005caaaf6471a4505588d88c7f0f5e0d4ebffa""}}",stage03.1_screening_attempt04,,preserve;canonical summary name is registry-only
stage03.2,cache_incremental,stage03.2_cache_incremental_attempt02,attempt02,stage03.2_cache_incremental_attempt02,stage03.2_cache_incremental_attempt02,formal,__all__,__all__,"[""c101C5"", ""r105C5"", ""rc105C5"", ""c104C10"", ""r103C10"", ""rc102C10"", ""c106C15"", ""r105C15"", ""rc103C15"", ""c101_21"", ""r101_21"", ""rc101_21""]","[2014, 2015, 2016]",per_run_results,published_after_review,experiments/summaries/stage03.2_cache_incremental_attempt02_per_run_results.csv,experiments/summaries/stage03.2_cache_incremental_attempt02_per_run_results.csv,feasible,,pass,READY_FOR_STAGE03_3,READY_FOR_STAGE03_3,pass,9f4756f3600d42bd7e909254398fb98e85804f775184f6e5d6c8fb669e6cc723,tracked_summary,9f624c82445a8c93a5339e9ec5c2a2efc6ea99023cd1c72e12eb247273f53a01,4da5f1da3791d1a2538874fb51d25bff691c1a4039faef054d655af94410d49f,,,b226b97e0e67288aaaf85726ad855df71cb81406685c57c8e8c40cd8996aa0da,468b2d71040b4d7e583c02ca2036c393a50a94c5,False,"{""VRP-EVRP-Project-Hub"": {""dirty"": false, ""path"": ""/Users/guoyiyang/Documents/GitHub/FURP-2026-Yiyang-GUO-EVRP-TW/reference/VRP-EVRP-Project-Hub"", ""revision"": ""e3a890065105f978187e532642c4442522215e02""}, ""py-ga-VRPTW"": {""dirty"": false, ""path"": ""/Users/guoyiyang/Documents/GitHub/FURP-2026-Yiyang-GUO-EVRP-TW/reference/py-ga-VRPTW"", ""revision"": ""8e005caaaf6471a4505588d88c7f0f5e0d4ebffa""}}",stage03.1_screening_attempt04,,preserve;canonical summary name is registry-only
stage03.2,cache_incremental,stage03.2_cache_incremental_attempt02,attempt02,stage03.2_cache_incremental_attempt02,stage03.2_cache_incremental_attempt02,formal,__all__,__all__,"[""c101C5"", ""r105C5"", ""rc105C5"", ""c104C10"", ""r103C10"", ""rc102C10"", ""c106C15"", ""r105C15"", ""rc103C15"", ""c101_21"", ""r101_21"", ""rc101_21""]","[2014, 2015, 2016]",review_findings,published_after_review,experiments/summaries/stage03.2_cache_incremental_attempt02_review_findings.csv,experiments/summaries/stage03.2_cache_incremental_attempt02_review_findings.csv,feasible,,pass,READY_FOR_STAGE03_3,READY_FOR_STAGE03_3,pass,f1102c4a489bc583f195b9d743a16b8a6bcc07612aff081d3e87ba320f3e6f78,tracked_summary,9f624c82445a8c93a5339e9ec5c2a2efc6ea99023cd1c72e12eb247273f53a01,4da5f1da3791d1a2538874fb51d25bff691c1a4039faef054d655af94410d49f,,,b226b97e0e67288aaaf85726ad855df71cb81406685c57c8e8c40cd8996aa0da,468b2d71040b4d7e583c02ca2036c393a50a94c5,False,"{""VRP-EVRP-Project-Hub"": {""dirty"": false, ""path"": ""/Users/guoyiyang/Documents/GitHub/FURP-2026-Yiyang-GUO-EVRP-TW/reference/VRP-EVRP-Project-Hub"", ""revision"": ""e3a890065105f978187e532642c4442522215e02""}, ""py-ga-VRPTW"": {""dirty"": false, ""path"": ""/Users/guoyiyang/Documents/GitHub/FURP-2026-Yiyang-GUO-EVRP-TW/reference/py-ga-VRPTW"", ""revision"": ""8e005caaaf6471a4505588d88c7f0f5e0d4ebffa""}}",stage03.1_screening_attempt04,,preserve;canonical summary name is registry-only
stage03.2,cache_incremental,stage03.2_cache_incremental_attempt02,attempt02,stage03.2_cache_incremental_attempt02,stage03.2_cache_incremental_attempt02,formal,__all__,__all__,"[""c101C5"", ""r105C5"", ""rc105C5"", ""c104C10"", ""r103C10"", ""rc102C10"", ""c106C15"", ""r105C15"", ""rc103C15"", ""c101_21"", ""r101_21"", ""rc101_21""]","[2014, 2015, 2016]",manifest,published_after_review,experiments/summaries/stage03.2_cache_incremental_attempt02_manifest.json,experiments/summaries/stage03.2_cache_incremental_attempt02_review_manifest.json,feasible,,pass,READY_FOR_STAGE03_3,READY_FOR_STAGE03_3,pass,5209bcebd50fe784ad64101ff70721aa20de128ab40f547414d1bd0390ba3b29,tracked_summary,9f624c82445a8c93a5339e9ec5c2a2efc6ea99023cd1c72e12eb247273f53a01,4da5f1da3791d1a2538874fb51d25bff691c1a4039faef054d655af94410d49f,,,b226b97e0e67288aaaf85726ad855df71cb81406685c57c8e8c40cd8996aa0da,468b2d71040b4d7e583c02ca2036c393a50a94c5,False,"{""VRP-EVRP-Project-Hub"": {""dirty"": false, ""path"": ""/Users/guoyiyang/Documents/GitHub/FURP-2026-Yiyang-GUO-EVRP-TW/reference/VRP-EVRP-Project-Hub"", ""revision"": ""e3a890065105f978187e532642c4442522215e02""}, ""py-ga-VRPTW"": {""dirty"": false, ""path"": ""/Users/guoyiyang/Documents/GitHub/FURP-2026-Yiyang-GUO-EVRP-TW/reference/py-ga-VRPTW"", ""revision"": ""8e005caaaf6471a4505588d88c7f0f5e0d4ebffa""}}",stage03.1_screening_attempt04,,preserve;canonical summary name is registry-only
stage03.2,cache_incremental,stage03.2_cache_incremental_attempt02,attempt02,stage03.2_cache_incremental_attempt02,stage03.2_cache_incremental_attempt02,formal,__all__,__all__,"[""c101C5"", ""r105C5"", ""rc105C5"", ""c104C10"", ""r103C10"", ""rc102C10"", ""c106C15"", ""r105C15"", ""rc103C15"", ""c101_21"", ""r101_21"", ""rc101_21""]","[2014, 2015, 2016]",review_report,published_after_review,experiments/summaries/stage03.2_cache_incremental_attempt02_review_report.md,experiments/summaries/stage03.2_cache_incremental_attempt02_review_report.md,feasible,,pass,READY_FOR_STAGE03_3,READY_FOR_STAGE03_3,pass,f6240d779fca97d1b9b974c1e75cce1ce286c3a71084b9d4692bf8126c265e43,tracked_summary,9f624c82445a8c93a5339e9ec5c2a2efc6ea99023cd1c72e12eb247273f53a01,4da5f1da3791d1a2538874fb51d25bff691c1a4039faef054d655af94410d49f,,,b226b97e0e67288aaaf85726ad855df71cb81406685c57c8e8c40cd8996aa0da,468b2d71040b4d7e583c02ca2036c393a50a94c5,False,"{""VRP-EVRP-Project-Hub"": {""dirty"": false, ""path"": ""/Users/guoyiyang/Documents/GitHub/FURP-2026-Yiyang-GUO-EVRP-TW/reference/VRP-EVRP-Project-Hub"", ""revision"": ""e3a890065105f978187e532642c4442522215e02""}, ""py-ga-VRPTW"": {""dirty"": false, ""path"": ""/Users/guoyiyang/Documents/GitHub/FURP-2026-Yiyang-GUO-EVRP-TW/reference/py-ga-VRPTW"", ""revision"": ""8e005caaaf6471a4505588d88c7f0f5e0d4ebffa""}}",stage03.1_screening_attempt04,,preserve;canonical summary name is registry-only
stage03.2,cache_incremental,stage03.2_cache_incremental_attempt02,attempt02,stage03.2_cache_incremental_attempt02,stage03.2_cache_incremental_attempt02,formal,__all__,__all__,"[""c101C5"", ""r105C5"", ""rc105C5"", ""c104C10"", ""r103C10"", ""rc102C10"", ""c106C15"", ""r105C15"", ""rc103C15"", ""c101_21"", ""r101_21"", ""rc101_21""]","[2014, 2015, 2016]",screening_reason_statistics,published_after_review,experiments/summaries/stage03.2_cache_incremental_attempt02_screening_reason_statistics.csv,experiments/summaries/stage03.2_cache_incremental_attempt02_screening_reason_statistics.csv,feasible,,pass,READY_FOR_STAGE03_3,READY_FOR_STAGE03_3,pass,85f557dc4d1423af3286821c71efc336b5e73a2b6213440ee3288b619ffce18a,tracked_summary,9f624c82445a8c93a5339e9ec5c2a2efc6ea99023cd1c72e12eb247273f53a01,4da5f1da3791d1a2538874fb51d25bff691c1a4039faef054d655af94410d49f,,,b226b97e0e67288aaaf85726ad855df71cb81406685c57c8e8c40cd8996aa0da,468b2d71040b4d7e583c02ca2036c393a50a94c5,False,"{""VRP-EVRP-Project-Hub"": {""dirty"": false, ""path"": ""/Users/guoyiyang/Documents/GitHub/FURP-2026-Yiyang-GUO-EVRP-TW/reference/VRP-EVRP-Project-Hub"", ""revision"": ""e3a890065105f978187e532642c4442522215e02""}, ""py-ga-VRPTW"": {""dirty"": false, ""path"": ""/Users/guoyiyang/Documents/GitHub/FURP-2026-Yiyang-GUO-EVRP-TW/reference/py-ga-VRPTW"", ""revision"": ""8e005caaaf6471a4505588d88c7f0f5e0d4ebffa""}}",stage03.1_screening_attempt04,,preserve;canonical summary name is registry-only
stage03.2,cache_incremental,stage03.2_cache_incremental_attempt02,attempt02,stage03.2_cache_incremental_attempt02,stage03.2_cache_incremental_attempt02,formal,__all__,__all__,"[""c101C5"", ""r105C5"", ""rc105C5"", ""c104C10"", ""r103C10"", ""rc102C10"", ""c106C15"", ""r105C15"", ""rc103C15"", ""c101_21"", ""r101_21"", ""rc101_21""]","[2014, 2015, 2016]",stage03_formal_comparison,published_after_review,experiments/summaries/stage03.2_cache_incremental_attempt02_stage03_formal_comparison.csv,experiments/summaries/stage03.2_cache_incremental_attempt02_stage03_formal_comparison.csv,feasible,,pass,READY_FOR_STAGE03_3,READY_FOR_STAGE03_3,pass,b311b944ee6b7d9fe5a8312356d42d4829ef5b8cf2b92653c5676f16d6651116,tracked_summary,9f624c82445a8c93a5339e9ec5c2a2efc6ea99023cd1c72e12eb247273f53a01,4da5f1da3791d1a2538874fb51d25bff691c1a4039faef054d655af94410d49f,,,b226b97e0e67288aaaf85726ad855df71cb81406685c57c8e8c40cd8996aa0da,468b2d71040b4d7e583c02ca2036c393a50a94c5,False,"{""VRP-EVRP-Project-Hub"": {""dirty"": false, ""path"": ""/Users/guoyiyang/Documents/GitHub/FURP-2026-Yiyang-GUO-EVRP-TW/reference/VRP-EVRP-Project-Hub"", ""revision"": ""e3a890065105f978187e532642c4442522215e02""}, ""py-ga-VRPTW"": {""dirty"": false, ""path"": ""/Users/guoyiyang/Documents/GitHub/FURP-2026-Yiyang-GUO-EVRP-TW/reference/py-ga-VRPTW"", ""revision"": ""8e005caaaf6471a4505588d88c7f0f5e0d4ebffa""}}",stage03.1_screening_attempt04,,preserve;canonical summary name is registry-only
stage03.2,cache_incremental,stage03.2_cache_incremental_attempt02,attempt02,stage03.2_cache_incremental_attempt02,stage03.2_cache_incremental_attempt02,formal,__all__,__all__,"[""c101C5"", ""r105C5"", ""rc105C5"", ""c104C10"", ""r103C10"", ""rc102C10"", ""c106C15"", ""r105C15"", ""rc103C15"", ""c101_21"", ""r101_21"", ""rc101_21""]","[2014, 2015, 2016]",stage03_readiness,published_after_review,experiments/summaries/stage03.2_cache_incremental_attempt02_stage03_readiness.csv,experiments/summaries/stage03.2_cache_incremental_attempt02_stage03_readiness.csv,feasible,,pass,READY_FOR_STAGE03_3,READY_FOR_STAGE03_3,pass,0934ee44cb4d1b7f0b3a41988983a03a3be5e7a38d52c52c80895ecb5613183a,tracked_summary,9f624c82445a8c93a5339e9ec5c2a2efc6ea99023cd1c72e12eb247273f53a01,4da5f1da3791d1a2538874fb51d25bff691c1a4039faef054d655af94410d49f,,,b226b97e0e67288aaaf85726ad855df71cb81406685c57c8e8c40cd8996aa0da,468b2d71040b4d7e583c02ca2036c393a50a94c5,False,"{""VRP-EVRP-Project-Hub"": {""dirty"": false, ""path"": ""/Users/guoyiyang/Documents/GitHub/FURP-2026-Yiyang-GUO-EVRP-TW/reference/VRP-EVRP-Project-Hub"", ""revision"": ""e3a890065105f978187e532642c4442522215e02""}, ""py-ga-VRPTW"": {""dirty"": false, ""path"": ""/Users/guoyiyang/Documents/GitHub/FURP-2026-Yiyang-GUO-EVRP-TW/reference/py-ga-VRPTW"", ""revision"": ""8e005caaaf6471a4505588d88c7f0f5e0d4ebffa""}}",stage03.1_screening_attempt04,,preserve;canonical summary name is registry-only
stage03.2,cache_incremental,stage03.2_cache_incremental_attempt02,attempt02,stage03.2_cache_incremental_attempt02,stage03.2_cache_incremental_attempt02,formal,__all__,__all__,"[""c101C5"", ""r105C5"", ""rc105C5"", ""c104C10"", ""r103C10"", ""rc102C10"", ""c106C15"", ""r105C15"", ""rc103C15"", ""c101_21"", ""r101_21"", ""rc101_21""]","[2014, 2015, 2016]",summary_results,published_after_review,experiments/summaries/stage03.2_cache_incremental_attempt02_summary_results.csv,experiments/summaries/stage03.2_cache_incremental_attempt02_summary_results.csv,feasible,,pass,READY_FOR_STAGE03_3,READY_FOR_STAGE03_3,pass,eb82e0f8f64d36848b09532dc83af78bfd0d8b9c579ad857d447100df454fdc3,tracked_summary,9f624c82445a8c93a5339e9ec5c2a2efc6ea99023cd1c72e12eb247273f53a01,4da5f1da3791d1a2538874fb51d25bff691c1a4039faef054d655af94410d49f,,,b226b97e0e67288aaaf85726ad855df71cb81406685c57c8e8c40cd8996aa0da,468b2d71040b4d7e583c02ca2036c393a50a94c5,False,"{""VRP-EVRP-Project-Hub"": {""dirty"": false, ""path"": ""/Users/guoyiyang/Documents/GitHub/FURP-2026-Yiyang-GUO-EVRP-TW/reference/VRP-EVRP-Project-Hub"", ""revision"": ""e3a890065105f978187e532642c4442522215e02""}, ""py-ga-VRPTW"": {""dirty"": false, ""path"": ""/Users/guoyiyang/Documents/GitHub/FURP-2026-Yiyang-GUO-EVRP-TW/reference/py-ga-VRPTW"", ""revision"": ""8e005caaaf6471a4505588d88c7f0f5e0d4ebffa""}}",stage03.1_screening_attempt04,,preserve;canonical summary name is registry-only
stage03.2,cache_incremental,stage03.2_cache_incremental_attempt02,attempt02,stage03.2_cache_incremental_attempt02,stage03.2_cache_incremental_attempt02,formal,__all__,__all__,"[""c101C5"", ""r105C5"", ""rc105C5"", ""c104C10"", ""r103C10"", ""rc102C10"", ""c106C15"", ""r105C15"", ""rc103C15"", ""c101_21"", ""r101_21"", ""rc101_21""]","[2014, 2015, 2016]",trace_reconciliation,published_after_review,experiments/summaries/stage03.2_cache_incremental_attempt02_trace_reconciliation.csv,experiments/summaries/stage03.2_cache_incremental_attempt02_trace_reconciliation.csv,feasible,,pass,READY_FOR_STAGE03_3,READY_FOR_STAGE03_3,pass,0ddfba573c521cac661061acf49268812c9bfa906921518bb92b8fcc2d5f3d1c,tracked_summary,9f624c82445a8c93a5339e9ec5c2a2efc6ea99023cd1c72e12eb247273f53a01,4da5f1da3791d1a2538874fb51d25bff691c1a4039faef054d655af94410d49f,,,b226b97e0e67288aaaf85726ad855df71cb81406685c57c8e8c40cd8996aa0da,468b2d71040b4d7e583c02ca2036c393a50a94c5,False,"{""VRP-EVRP-Project-Hub"": {""dirty"": false, ""path"": ""/Users/guoyiyang/Documents/GitHub/FURP-2026-Yiyang-GUO-EVRP-TW/reference/VRP-EVRP-Project-Hub"", ""revision"": ""e3a890065105f978187e532642c4442522215e02""}, ""py-ga-VRPTW"": {""dirty"": false, ""path"": ""/Users/guoyiyang/Documents/GitHub/FURP-2026-Yiyang-GUO-EVRP-TW/reference/py-ga-VRPTW"", ""revision"": ""8e005caaaf6471a4505588d88c7f0f5e0d4ebffa""}}",stage03.1_screening_attempt04,,preserve;canonical summary name is registry-only
stage03.2,cache_incremental,stage03.2_cache_incremental_rerun01,rerun01,stage03.2_cache_incremental_rerun01,stage03.2_cache_incremental_rerun01,smoke,__all__,__all__,"[""c101C5"", ""r105C5"", ""rc105C5"", ""c101_21"", ""r101_21"", ""rc101_21""]","[2014, 2015, 2016]",environment,verified_legacy,results/stage03.2_cache_incremental_rerun01/control/stage03.2_cache_incremental_rerun01_environment.json,results/stage03.2_cache_incremental_rerun01/environment.json,feasible,,pass,READY_FOR_STAGE032_FORMAL_MEASUREMENT,not_applicable,not_published,3067d04df6cc8cd8f7a288d5549b3f3da8c3f41ace5496f80a4d2206033eb01d,raw_manifest,9f624c82445a8c93a5339e9ec5c2a2efc6ea99023cd1c72e12eb247273f53a01,4da5f1da3791d1a2538874fb51d25bff691c1a4039faef054d655af94410d49f,,,b226b97e0e67288aaaf85726ad855df71cb81406685c57c8e8c40cd8996aa0da,468b2d71040b4d7e583c02ca2036c393a50a94c5,False,"{""VRP-EVRP-Project-Hub"": {""dirty"": false, ""path"": ""/Users/guoyiyang/Documents/GitHub/FURP-2026-Yiyang-GUO-EVRP-TW/reference/VRP-EVRP-Project-Hub"", ""revision"": ""e3a890065105f978187e532642c4442522215e02""}, ""py-ga-VRPTW"": {""dirty"": false, ""path"": ""/Users/guoyiyang/Documents/GitHub/FURP-2026-Yiyang-GUO-EVRP-TW/reference/py-ga-VRPTW"", ""revision"": ""8e005caaaf6471a4505588d88c7f0f5e0d4ebffa""}}",stage03.1_screening_attempt04,,preserve;see stage03_legacy_path_map.csv
stage03.2,cache_incremental,stage03.2_cache_incremental_rerun01,rerun01,stage03.2_cache_incremental_rerun01,stage03.2_cache_incremental_rerun01,smoke,c101C5,2014,"[""c101C5"", ""r105C5"", ""rc105C5"", ""c101_21"", ""r101_21"", ""rc101_21""]","[2014, 2015, 2016]",environment,verified_legacy,results/stage03.2_cache_incremental_rerun01/c101C5/2014/stage03.2_cache_incremental_rerun01_environment_c101C5_2014.json,results/stage03.2_cache_incremental_rerun01/environments/c101C5-alns_stage02_constraint_guided-2014.json,feasible,,pass,READY_FOR_STAGE032_FORMAL_MEASUREMENT,not_applicable,not_published,6e0fe4d367643d9100c0b4ddcf9bfd73151623d424896121be6949442ae4453b,raw_manifest,9f624c82445a8c93a5339e9ec5c2a2efc6ea99023cd1c72e12eb247273f53a01,4da5f1da3791d1a2538874fb51d25bff691c1a4039faef054d655af94410d49f,8612d6d9aad051776097a5e50c7408f39352b8107b0639d58e5eda713f9ff876,cdcd3859716443f964ed0da481821dde35b6d5c22e0b032fd083b3b7d0ddd653,b226b97e0e67288aaaf85726ad855df71cb81406685c57c8e8c40cd8996aa0da,468b2d71040b4d7e583c02ca2036c393a50a94c5,False,"{""VRP-EVRP-Project-Hub"": {""dirty"": false, ""path"": ""/Users/guoyiyang/Documents/GitHub/FURP-2026-Yiyang-GUO-EVRP-TW/reference/VRP-EVRP-Project-Hub"", ""revision"": ""e3a890065105f978187e532642c4442522215e02""}, ""py-ga-VRPTW"": {""dirty"": false, ""path"": ""/Users/guoyiyang/Documents/GitHub/FURP-2026-Yiyang-GUO-EVRP-TW/reference/py-ga-VRPTW"", ""revision"": ""8e005caaaf6471a4505588d88c7f0f5e0d4ebffa""}}",stage03.1_screening_attempt04,,preserve;see stage03_legacy_path_map.csv
stage03.2,cache_incremental,stage03.2_cache_incremental_rerun01,rerun01,stage03.2_cache_incremental_rerun01,stage03.2_cache_incremental_rerun01,smoke,c101C5,2015,"[""c101C5"", ""r105C5"", ""rc105C5"", ""c101_21"", ""r101_21"", ""rc101_21""]","[2014, 2015, 2016]",environment,verified_legacy,results/stage03.2_cache_incremental_rerun01/c101C5/2015/stage03.2_cache_incremental_rerun01_environment_c101C5_2015.json,results/stage03.2_cache_incremental_rerun01/environments/c101C5-alns_stage02_constraint_guided-2015.json,feasible,,pass,READY_FOR_STAGE032_FORMAL_MEASUREMENT,not_applicable,not_published,cc3d77568a4968e0634d349771239feecdc2c2087b6680e97e62728a805fde35,raw_manifest,9f624c82445a8c93a5339e9ec5c2a2efc6ea99023cd1c72e12eb247273f53a01,4da5f1da3791d1a2538874fb51d25bff691c1a4039faef054d655af94410d49f,8612d6d9aad051776097a5e50c7408f39352b8107b0639d58e5eda713f9ff876,8df3cd049e2945401139c3a4a7c09a70860db34cf20db98fd0cab3f37837824b,b226b97e0e67288aaaf85726ad855df71cb81406685c57c8e8c40cd8996aa0da,468b2d71040b4d7e583c02ca2036c393a50a94c5,False,"{""VRP-EVRP-Project-Hub"": {""dirty"": false, ""path"": ""/Users/guoyiyang/Documents/GitHub/FURP-2026-Yiyang-GUO-EVRP-TW/reference/VRP-EVRP-Project-Hub"", ""revision"": ""e3a890065105f978187e532642c4442522215e02""}, ""py-ga-VRPTW"": {""dirty"": false, ""path"": ""/Users/guoyiyang/Documents/GitHub/FURP-2026-Yiyang-GUO-EVRP-TW/reference/py-ga-VRPTW"", ""revision"": ""8e005caaaf6471a4505588d88c7f0f5e0d4ebffa""}}",stage03.1_screening_attempt04,,preserve;see stage03_legacy_path_map.csv
stage03.2,cache_incremental,stage03.2_cache_incremental_rerun01,rerun01,stage03.2_cache_incremental_rerun01,stage03.2_cache_incremental_rerun01,smoke,c101C5,2016,"[""c101C5"", ""r105C5"", ""rc105C5"", ""c101_21"", ""r101_21"", ""rc101_21""]","[2014, 2015, 2016]",environment,verified_legacy,results/stage03.2_cache_incremental_rerun01/c101C5/2016/stage03.2_cache_incremental_rerun01_environment_c101C5_2016.json,results/stage03.2_cache_incremental_rerun01/environments/c101C5-alns_stage02_constraint_guided-2016.json,feasible,,pass,READY_FOR_STAGE032_FORMAL_MEASUREMENT,not_applicable,not_published,85a78233498b696f1e455870e4f11914602afe1b76912ede51902017944184b6,raw_manifest,9f624c82445a8c93a5339e9ec5c2a2efc6ea99023cd1c72e12eb247273f53a01,4da5f1da3791d1a2538874fb51d25bff691c1a4039faef054d655af94410d49f,8612d6d9aad051776097a5e50c7408f39352b8107b0639d58e5eda713f9ff876,8629b690ae4cca94f2660971202c883d7ca1fcfefbbf8d1affbb4ebd7657d254,b226b97e0e67288aaaf85726ad855df71cb81406685c57c8e8c40cd8996aa0da,468b2d71040b4d7e583c02ca2036c393a50a94c5,False,"{""VRP-EVRP-Project-Hub"": {""dirty"": false, ""path"": ""/Users/guoyiyang/Documents/GitHub/FURP-2026-Yiyang-GUO-EVRP-TW/reference/VRP-EVRP-Project-Hub"", ""revision"": ""e3a890065105f978187e532642c4442522215e02""}, ""py-ga-VRPTW"": {""dirty"": false, ""path"": ""/Users/guoyiyang/Documents/GitHub/FURP-2026-Yiyang-GUO-EVRP-TW/reference/py-ga-VRPTW"", ""revision"": ""8e005caaaf6471a4505588d88c7f0f5e0d4ebffa""}}",stage03.1_screening_attempt04,,preserve;see stage03_legacy_path_map.csv
stage03.2,cache_incremental,stage03.2_cache_incremental_rerun01,rerun01,stage03.2_cache_incremental_rerun01,stage03.2_cache_incremental_rerun01,smoke,c101_21,2014,"[""c101C5"", ""r105C5"", ""rc105C5"", ""c101_21"", ""r101_21"", ""rc101_21""]","[2014, 2015, 2016]",environment,verified_legacy,results/stage03.2_cache_incremental_rerun01/c101_21/2014/stage03.2_cache_incremental_rerun01_environment_c101_21_2014.json,results/stage03.2_cache_incremental_rerun01/environments/c101_21-alns_stage02_constraint_guided-2014.json,feasible,,pass,READY_FOR_STAGE032_FORMAL_MEASUREMENT,not_applicable,not_published,fbb7c7328afbd2c3fa87b1ec318560316e1da89c4a09b311f0a5903e73d90331,raw_manifest,9f624c82445a8c93a5339e9ec5c2a2efc6ea99023cd1c72e12eb247273f53a01,4da5f1da3791d1a2538874fb51d25bff691c1a4039faef054d655af94410d49f,c5cda6ca63a7d518902cf4b02d98b4aa0f373aaa0658d5c666d1c46d38871cb9,d34a3d627b3c9a3c7cfcf395d20b5aa9ff8076a0aea574d2a38a82d2232d9683,b226b97e0e67288aaaf85726ad855df71cb81406685c57c8e8c40cd8996aa0da,468b2d71040b4d7e583c02ca2036c393a50a94c5,False,"{""VRP-EVRP-Project-Hub"": {""dirty"": false, ""path"": ""/Users/guoyiyang/Documents/GitHub/FURP-2026-Yiyang-GUO-EVRP-TW/reference/VRP-EVRP-Project-Hub"", ""revision"": ""e3a890065105f978187e532642c4442522215e02""}, ""py-ga-VRPTW"": {""dirty"": false, ""path"": ""/Users/guoyiyang/Documents/GitHub/FURP-2026-Yiyang-GUO-EVRP-TW/reference/py-ga-VRPTW"", ""revision"": ""8e005caaaf6471a4505588d88c7f0f5e0d4ebffa""}}",stage03.1_screening_attempt04,,preserve;see stage03_legacy_path_map.csv
stage03.2,cache_incremental,stage03.2_cache_incremental_rerun01,rerun01,stage03.2_cache_incremental_rerun01,stage03.2_cache_incremental_rerun01,smoke,c101_21,2015,"[""c101C5"", ""r105C5"", ""rc105C5"", ""c101_21"", ""r101_21"", ""rc101_21""]","[2014, 2015, 2016]",environment,verified_legacy,results/stage03.2_cache_incremental_rerun01/c101_21/2015/stage03.2_cache_incremental_rerun01_environment_c101_21_2015.json,results/stage03.2_cache_incremental_rerun01/environments/c101_21-alns_stage02_constraint_guided-2015.json,feasible,,pass,READY_FOR_STAGE032_FORMAL_MEASUREMENT,not_applicable,not_published,d6e4471399bfc7ab3a37ac11b2ad4acde48b7c7702ba0245bde6b576800fd4f4,raw_manifest,9f624c82445a8c93a5339e9ec5c2a2efc6ea99023cd1c72e12eb247273f53a01,4da5f1da3791d1a2538874fb51d25bff691c1a4039faef054d655af94410d49f,c5cda6ca63a7d518902cf4b02d98b4aa0f373aaa0658d5c666d1c46d38871cb9,7dcd527a390af8e1cdbb3582d91d41695da94f7536f262603476f9ddd35c94df,b226b97e0e67288aaaf85726ad855df71cb81406685c57c8e8c40cd8996aa0da,468b2d71040b4d7e583c02ca2036c393a50a94c5,False,"{""VRP-EVRP-Project-Hub"": {""dirty"": false, ""path"": ""/Users/guoyiyang/Documents/GitHub/FURP-2026-Yiyang-GUO-EVRP-TW/reference/VRP-EVRP-Project-Hub"", ""revision"": ""e3a890065105f978187e532642c4442522215e02""}, ""py-ga-VRPTW"": {""dirty"": false, ""path"": ""/Users/guoyiyang/Documents/GitHub/FURP-2026-Yiyang-GUO-EVRP-TW/reference/py-ga-VRPTW"", ""revision"": ""8e005caaaf6471a4505588d88c7f0f5e0d4ebffa""}}",stage03.1_screening_attempt04,,preserve;see stage03_legacy_path_map.csv
stage03.2,cache_incremental,stage03.2_cache_incremental_rerun01,rerun01,stage03.2_cache_incremental_rerun01,stage03.2_cache_incremental_rerun01,smoke,c101_21,2016,"[""c101C5"", ""r105C5"", ""rc105C5"", ""c101_21"", ""r101_21"", ""rc101_21""]","[2014, 2015, 2016]",environment,verified_legacy,results/stage03.2_cache_incremental_rerun01/c101_21/2016/stage03.2_cache_incremental_rerun01_environment_c101_21_2016.json,results/stage03.2_cache_incremental_rerun01/environments/c101_21-alns_stage02_constraint_guided-2016.json,feasible,,pass,READY_FOR_STAGE032_FORMAL_MEASUREMENT,not_applicable,not_published,19ba4882060fdb8bcb55d79bb372bdaa7640cfe8b541a9d11eeb4fbeda6a1c56,raw_manifest,9f624c82445a8c93a5339e9ec5c2a2efc6ea99023cd1c72e12eb247273f53a01,4da5f1da3791d1a2538874fb51d25bff691c1a4039faef054d655af94410d49f,c5cda6ca63a7d518902cf4b02d98b4aa0f373aaa0658d5c666d1c46d38871cb9,7a4e7d3fdb4317b5baf6ee117f45d30b6447d3570492c7abe9c8323881aa856d,b226b97e0e67288aaaf85726ad855df71cb81406685c57c8e8c40cd8996aa0da,468b2d71040b4d7e583c02ca2036c393a50a94c5,False,"{""VRP-EVRP-Project-Hub"": {""dirty"": false, ""path"": ""/Users/guoyiyang/Documents/GitHub/FURP-2026-Yiyang-GUO-EVRP-TW/reference/VRP-EVRP-Project-Hub"", ""revision"": ""e3a890065105f978187e532642c4442522215e02""}, ""py-ga-VRPTW"": {""dirty"": false, ""path"": ""/Users/guoyiyang/Documents/GitHub/FURP-2026-Yiyang-GUO-EVRP-TW/reference/py-ga-VRPTW"", ""revision"": ""8e005caaaf6471a4505588d88c7f0f5e0d4ebffa""}}",stage03.1_screening_attempt04,,preserve;see stage03_legacy_path_map.csv
stage03.2,cache_incremental,stage03.2_cache_incremental_rerun01,rerun01,stage03.2_cache_incremental_rerun01,stage03.2_cache_incremental_rerun01,smoke,r101_21,2014,"[""c101C5"", ""r105C5"", ""rc105C5"", ""c101_21"", ""r101_21"", ""rc101_21""]","[2014, 2015, 2016]",environment,verified_legacy,results/stage03.2_cache_incremental_rerun01/r101_21/2014/stage03.2_cache_incremental_rerun01_environment_r101_21_2014.json,results/stage03.2_cache_incremental_rerun01/environments/r101_21-alns_stage02_constraint_guided-2014.json,feasible,,pass,READY_FOR_STAGE032_FORMAL_MEASUREMENT,not_applicable,not_published,1cd13c6819084bf5df14add3fa8212d25eae17ccb0550bf82f8547c491eee665,raw_manifest,9f624c82445a8c93a5339e9ec5c2a2efc6ea99023cd1c72e12eb247273f53a01,4da5f1da3791d1a2538874fb51d25bff691c1a4039faef054d655af94410d49f,0e5a3dffffbd3c516b528ef32ba1a488b817d2f151fc3e8c81023814de1c103a,63a5c00110062c994d9b45913847645140d8e335a0ecfe1e1fad18da4b42fc9b,b226b97e0e67288aaaf85726ad855df71cb81406685c57c8e8c40cd8996aa0da,468b2d71040b4d7e583c02ca2036c393a50a94c5,False,"{""VRP-EVRP-Project-Hub"": {""dirty"": false, ""path"": ""/Users/guoyiyang/Documents/GitHub/FURP-2026-Yiyang-GUO-EVRP-TW/reference/VRP-EVRP-Project-Hub"", ""revision"": ""e3a890065105f978187e532642c4442522215e02""}, ""py-ga-VRPTW"": {""dirty"": false, ""path"": ""/Users/guoyiyang/Documents/GitHub/FURP-2026-Yiyang-GUO-EVRP-TW/reference/py-ga-VRPTW"", ""revision"": ""8e005caaaf6471a4505588d88c7f0f5e0d4ebffa""}}",stage03.1_screening_attempt04,,preserve;see stage03_legacy_path_map.csv
stage03.2,cache_incremental,stage03.2_cache_incremental_rerun01,rerun01,stage03.2_cache_incremental_rerun01,stage03.2_cache_incremental_rerun01,smoke,r101_21,2015,"[""c101C5"", ""r105C5"", ""rc105C5"", ""c101_21"", ""r101_21"", ""rc101_21""]","[2014, 2015, 2016]",environment,verified_legacy,results/stage03.2_cache_incremental_rerun01/r101_21/2015/stage03.2_cache_incremental_rerun01_environment_r101_21_2015.json,results/stage03.2_cache_incremental_rerun01/environments/r101_21-alns_stage02_constraint_guided-2015.json,feasible,,pass,READY_FOR_STAGE032_FORMAL_MEASUREMENT,not_applicable,not_published,c6b34376cb049d1ffe684f13269c1e90f55ca6d7c7529306a3352efa2b333b7b,raw_manifest,9f624c82445a8c93a5339e9ec5c2a2efc6ea99023cd1c72e12eb247273f53a01,4da5f1da3791d1a2538874fb51d25bff691c1a4039faef054d655af94410d49f,0e5a3dffffbd3c516b528ef32ba1a488b817d2f151fc3e8c81023814de1c103a,8b64eebfa958d919afccaa9835e22698352c25eeb8e12ee784affdf67d895bee,b226b97e0e67288aaaf85726ad855df71cb81406685c57c8e8c40cd8996aa0da,468b2d71040b4d7e583c02ca2036c393a50a94c5,False,"{""VRP-EVRP-Project-Hub"": {""dirty"": false, ""path"": ""/Users/guoyiyang/Documents/GitHub/FURP-2026-Yiyang-GUO-EVRP-TW/reference/VRP-EVRP-Project-Hub"", ""revision"": ""e3a890065105f978187e532642c4442522215e02""}, ""py-ga-VRPTW"": {""dirty"": false, ""path"": ""/Users/guoyiyang/Documents/GitHub/FURP-2026-Yiyang-GUO-EVRP-TW/reference/py-ga-VRPTW"", ""revision"": ""8e005caaaf6471a4505588d88c7f0f5e0d4ebffa""}}",stage03.1_screening_attempt04,,preserve;see stage03_legacy_path_map.csv
stage03.2,cache_incremental,stage03.2_cache_incremental_rerun01,rerun01,stage03.2_cache_incremental_rerun01,stage03.2_cache_incremental_rerun01,smoke,r101_21,2016,"[""c101C5"", ""r105C5"", ""rc105C5"", ""c101_21"", ""r101_21"", ""rc101_21""]","[2014, 2015, 2016]",environment,verified_legacy,results/stage03.2_cache_incremental_rerun01/r101_21/2016/stage03.2_cache_incremental_rerun01_environment_r101_21_2016.json,results/stage03.2_cache_incremental_rerun01/environments/r101_21-alns_stage02_constraint_guided-2016.json,feasible,,pass,READY_FOR_STAGE032_FORMAL_MEASUREMENT,not_applicable,not_published,44a301c1ecc6a970155c8a5d82e94d916f35afca742fdffbc237c8c593360463,raw_manifest,9f624c82445a8c93a5339e9ec5c2a2efc6ea99023cd1c72e12eb247273f53a01,4da5f1da3791d1a2538874fb51d25bff691c1a4039faef054d655af94410d49f,0e5a3dffffbd3c516b528ef32ba1a488b817d2f151fc3e8c81023814de1c103a,8b8c3567a7ac88ac478c33da599dd0b0bdb25b9bcd5ab842e124403a661f5271,b226b97e0e67288aaaf85726ad855df71cb81406685c57c8e8c40cd8996aa0da,468b2d71040b4d7e583c02ca2036c393a50a94c5,False,"{""VRP-EVRP-Project-Hub"": {""dirty"": false, ""path"": ""/Users/guoyiyang/Documents/GitHub/FURP-2026-Yiyang-GUO-EVRP-TW/reference/VRP-EVRP-Project-Hub"", ""revision"": ""e3a890065105f978187e532642c4442522215e02""}, ""py-ga-VRPTW"": {""dirty"": false, ""path"": ""/Users/guoyiyang/Documents/GitHub/FURP-2026-Yiyang-GUO-EVRP-TW/reference/py-ga-VRPTW"", ""revision"": ""8e005caaaf6471a4505588d88c7f0f5e0d4ebffa""}}",stage03.1_screening_attempt04,,preserve;see stage03_legacy_path_map.csv
stage03.2,cache_incremental,stage03.2_cache_incremental_rerun01,rerun01,stage03.2_cache_incremental_rerun01,stage03.2_cache_incremental_rerun01,smoke,r105C5,2014,"[""c101C5"", ""r105C5"", ""rc105C5"", ""c101_21"", ""r101_21"", ""rc101_21""]","[2014, 2015, 2016]",environment,verified_legacy,results/stage03.2_cache_incremental_rerun01/r105C5/2014/stage03.2_cache_incremental_rerun01_environment_r105C5_2014.json,results/stage03.2_cache_incremental_rerun01/environments/r105C5-alns_stage02_constraint_guided-2014.json,feasible,,pass,READY_FOR_STAGE032_FORMAL_MEASUREMENT,not_applicable,not_published,d3d9a5f59562846c753762d1f975c2895b3900c5080752833fad7620ed1ca48c,raw_manifest,9f624c82445a8c93a5339e9ec5c2a2efc6ea99023cd1c72e12eb247273f53a01,4da5f1da3791d1a2538874fb51d25bff691c1a4039faef054d655af94410d49f,eb27ec04e799ee6d39dee3d66f15128e197811afa8c664295acbdf6444176434,0aae6642f42a33e92e1b26550de03b8d97cba70fce5f4ffd7bfec5f214522dc9,b226b97e0e67288aaaf85726ad855df71cb81406685c57c8e8c40cd8996aa0da,468b2d71040b4d7e583c02ca2036c393a50a94c5,False,"{""VRP-EVRP-Project-Hub"": {""dirty"": false, ""path"": ""/Users/guoyiyang/Documents/GitHub/FURP-2026-Yiyang-GUO-EVRP-TW/reference/VRP-EVRP-Project-Hub"", ""revision"": ""e3a890065105f978187e532642c4442522215e02""}, ""py-ga-VRPTW"": {""dirty"": false, ""path"": ""/Users/guoyiyang/Documents/GitHub/FURP-2026-Yiyang-GUO-EVRP-TW/reference/py-ga-VRPTW"", ""revision"": ""8e005caaaf6471a4505588d88c7f0f5e0d4ebffa""}}",stage03.1_screening_attempt04,,preserve;see stage03_legacy_path_map.csv
stage03.2,cache_incremental,stage03.2_cache_incremental_rerun01,rerun01,stage03.2_cache_incremental_rerun01,stage03.2_cache_incremental_rerun01,smoke,r105C5,2015,"[""c101C5"", ""r105C5"", ""rc105C5"", ""c101_21"", ""r101_21"", ""rc101_21""]","[2014, 2015, 2016]",environment,verified_legacy,results/stage03.2_cache_incremental_rerun01/r105C5/2015/stage03.2_cache_incremental_rerun01_environment_r105C5_2015.json,results/stage03.2_cache_incremental_rerun01/environments/r105C5-alns_stage02_constraint_guided-2015.json,feasible,,pass,READY_FOR_STAGE032_FORMAL_MEASUREMENT,not_applicable,not_published,9782d75384564299ac5cf634748a56029a33c3ff017a22a19bc7b591f89ddda5,raw_manifest,9f624c82445a8c93a5339e9ec5c2a2efc6ea99023cd1c72e12eb247273f53a01,4da5f1da3791d1a2538874fb51d25bff691c1a4039faef054d655af94410d49f,eb27ec04e799ee6d39dee3d66f15128e197811afa8c664295acbdf6444176434,ef3cc8747c15035c1ace65cab56e66872b637f40638b3da0936dde9c59e1eef5,b226b97e0e67288aaaf85726ad855df71cb81406685c57c8e8c40cd8996aa0da,468b2d71040b4d7e583c02ca2036c393a50a94c5,False,"{""VRP-EVRP-Project-Hub"": {""dirty"": false, ""path"": ""/Users/guoyiyang/Documents/GitHub/FURP-2026-Yiyang-GUO-EVRP-TW/reference/VRP-EVRP-Project-Hub"", ""revision"": ""e3a890065105f978187e532642c4442522215e02""}, ""py-ga-VRPTW"": {""dirty"": false, ""path"": ""/Users/guoyiyang/Documents/GitHub/FURP-2026-Yiyang-GUO-EVRP-TW/reference/py-ga-VRPTW"", ""revision"": ""8e005caaaf6471a4505588d88c7f0f5e0d4ebffa""}}",stage03.1_screening_attempt04,,preserve;see stage03_legacy_path_map.csv
stage03.2,cache_incremental,stage03.2_cache_incremental_rerun01,rerun01,stage03.2_cache_incremental_rerun01,stage03.2_cache_incremental_rerun01,smoke,r105C5,2016,"[""c101C5"", ""r105C5"", ""rc105C5"", ""c101_21"", ""r101_21"", ""rc101_21""]","[2014, 2015, 2016]",environment,verified_legacy,results/stage03.2_cache_incremental_rerun01/r105C5/2016/stage03.2_cache_incremental_rerun01_environment_r105C5_2016.json,results/stage03.2_cache_incremental_rerun01/environments/r105C5-alns_stage02_constraint_guided-2016.json,feasible,,pass,READY_FOR_STAGE032_FORMAL_MEASUREMENT,not_applicable,not_published,0e27d8a6a02da015c86111a6ab5b8af98d59f83444cabb41d489c3eb54210abd,raw_manifest,9f624c82445a8c93a5339e9ec5c2a2efc6ea99023cd1c72e12eb247273f53a01,4da5f1da3791d1a2538874fb51d25bff691c1a4039faef054d655af94410d49f,eb27ec04e799ee6d39dee3d66f15128e197811afa8c664295acbdf6444176434,20cef716800c16aa871e992e13647b9c83b8c0be42bb664b665150bacf6efc25,b226b97e0e67288aaaf85726ad855df71cb81406685c57c8e8c40cd8996aa0da,468b2d71040b4d7e583c02ca2036c393a50a94c5,False,"{""VRP-EVRP-Project-Hub"": {""dirty"": false, ""path"": ""/Users/guoyiyang/Documents/GitHub/FURP-2026-Yiyang-GUO-EVRP-TW/reference/VRP-EVRP-Project-Hub"", ""revision"": ""e3a890065105f978187e532642c4442522215e02""}, ""py-ga-VRPTW"": {""dirty"": false, ""path"": ""/Users/guoyiyang/Documents/GitHub/FURP-2026-Yiyang-GUO-EVRP-TW/reference/py-ga-VRPTW"", ""revision"": ""8e005caaaf6471a4505588d88c7f0f5e0d4ebffa""}}",stage03.1_screening_attempt04,,preserve;see stage03_legacy_path_map.csv
stage03.2,cache_incremental,stage03.2_cache_incremental_rerun01,rerun01,stage03.2_cache_incremental_rerun01,stage03.2_cache_incremental_rerun01,smoke,rc101_21,2014,"[""c101C5"", ""r105C5"", ""rc105C5"", ""c101_21"", ""r101_21"", ""rc101_21""]","[2014, 2015, 2016]",environment,verified_legacy,results/stage03.2_cache_incremental_rerun01/rc101_21/2014/stage03.2_cache_incremental_rerun01_environment_rc101_21_2014.json,results/stage03.2_cache_incremental_rerun01/environments/rc101_21-alns_stage02_constraint_guided-2014.json,feasible,,pass,READY_FOR_STAGE032_FORMAL_MEASUREMENT,not_applicable,not_published,78d0a8ee3d20b2bd9e25300ecf9549a21465f51ec6d52f4e4998cf4dbf13f057,raw_manifest,9f624c82445a8c93a5339e9ec5c2a2efc6ea99023cd1c72e12eb247273f53a01,4da5f1da3791d1a2538874fb51d25bff691c1a4039faef054d655af94410d49f,272a3e58d53d4ba9516f01506164cf8a9b98bfeeb8dbd1fd62f6557e4c98e3a1,9f9a2f9cacd5a3d804dc6d8b9e65b0ca12a30048f09190b79992cde73a19d820,b226b97e0e67288aaaf85726ad855df71cb81406685c57c8e8c40cd8996aa0da,468b2d71040b4d7e583c02ca2036c393a50a94c5,False,"{""VRP-EVRP-Project-Hub"": {""dirty"": false, ""path"": ""/Users/guoyiyang/Documents/GitHub/FURP-2026-Yiyang-GUO-EVRP-TW/reference/VRP-EVRP-Project-Hub"", ""revision"": ""e3a890065105f978187e532642c4442522215e02""}, ""py-ga-VRPTW"": {""dirty"": false, ""path"": ""/Users/guoyiyang/Documents/GitHub/FURP-2026-Yiyang-GUO-EVRP-TW/reference/py-ga-VRPTW"", ""revision"": ""8e005caaaf6471a4505588d88c7f0f5e0d4ebffa""}}",stage03.1_screening_attempt04,,preserve;see stage03_legacy_path_map.csv
stage03.2,cache_incremental,stage03.2_cache_incremental_rerun01,rerun01,stage03.2_cache_incremental_rerun01,stage03.2_cache_incremental_rerun01,smoke,rc101_21,2015,"[""c101C5"", ""r105C5"", ""rc105C5"", ""c101_21"", ""r101_21"", ""rc101_21""]","[2014, 2015, 2016]",environment,verified_legacy,results/stage03.2_cache_incremental_rerun01/rc101_21/2015/stage03.2_cache_incremental_rerun01_environment_rc101_21_2015.json,results/stage03.2_cache_incremental_rerun01/environments/rc101_21-alns_stage02_constraint_guided-2015.json,feasible,,pass,READY_FOR_STAGE032_FORMAL_MEASUREMENT,not_applicable,not_published,a44986dcef30ae2262ab6980e9a4fcc145c2f7ab2de43e198f644250ce91220b,raw_manifest,9f624c82445a8c93a5339e9ec5c2a2efc6ea99023cd1c72e12eb247273f53a01,4da5f1da3791d1a2538874fb51d25bff691c1a4039faef054d655af94410d49f,272a3e58d53d4ba9516f01506164cf8a9b98bfeeb8dbd1fd62f6557e4c98e3a1,7ee5a61e6a996d0d43266190c6ab4386754752b2733ff05ce8d5d8f737a4898e,b226b97e0e67288aaaf85726ad855df71cb81406685c57c8e8c40cd8996aa0da,468b2d71040b4d7e583c02ca2036c393a50a94c5,False,"{""VRP-EVRP-Project-Hub"": {""dirty"": false, ""path"": ""/Users/guoyiyang/Documents/GitHub/FURP-2026-Yiyang-GUO-EVRP-TW/reference/VRP-EVRP-Project-Hub"", ""revision"": ""e3a890065105f978187e532642c4442522215e02""}, ""py-ga-VRPTW"": {""dirty"": false, ""path"": ""/Users/guoyiyang/Documents/GitHub/FURP-2026-Yiyang-GUO-EVRP-TW/reference/py-ga-VRPTW"", ""revision"": ""8e005caaaf6471a4505588d88c7f0f5e0d4ebffa""}}",stage03.1_screening_attempt04,,preserve;see stage03_legacy_path_map.csv
stage03.2,cache_incremental,stage03.2_cache_incremental_rerun01,rerun01,stage03.2_cache_incremental_rerun01,stage03.2_cache_incremental_rerun01,smoke,rc101_21,2016,"[""c101C5"", ""r105C5"", ""rc105C5"", ""c101_21"", ""r101_21"", ""rc101_21""]","[2014, 2015, 2016]",environment,verified_legacy,results/stage03.2_cache_incremental_rerun01/rc101_21/2016/stage03.2_cache_incremental_rerun01_environment_rc101_21_2016.json,results/stage03.2_cache_incremental_rerun01/environments/rc101_21-alns_stage02_constraint_guided-2016.json,feasible,,pass,READY_FOR_STAGE032_FORMAL_MEASUREMENT,not_applicable,not_published,67ebfc8f459188c76fb892560cbaeff1b4b38ea2fe13d765c29f29266e3cab00,raw_manifest,9f624c82445a8c93a5339e9ec5c2a2efc6ea99023cd1c72e12eb247273f53a01,4da5f1da3791d1a2538874fb51d25bff691c1a4039faef054d655af94410d49f,272a3e58d53d4ba9516f01506164cf8a9b98bfeeb8dbd1fd62f6557e4c98e3a1,59cf23eab3ac0c5d8975793150fe7c371cff36657efb43839910e8eceaa9e3df,b226b97e0e67288aaaf85726ad855df71cb81406685c57c8e8c40cd8996aa0da,468b2d71040b4d7e583c02ca2036c393a50a94c5,False,"{""VRP-EVRP-Project-Hub"": {""dirty"": false, ""path"": ""/Users/guoyiyang/Documents/GitHub/FURP-2026-Yiyang-GUO-EVRP-TW/reference/VRP-EVRP-Project-Hub"", ""revision"": ""e3a890065105f978187e532642c4442522215e02""}, ""py-ga-VRPTW"": {""dirty"": false, ""path"": ""/Users/guoyiyang/Documents/GitHub/FURP-2026-Yiyang-GUO-EVRP-TW/reference/py-ga-VRPTW"", ""revision"": ""8e005caaaf6471a4505588d88c7f0f5e0d4ebffa""}}",stage03.1_screening_attempt04,,preserve;see stage03_legacy_path_map.csv
stage03.2,cache_incremental,stage03.2_cache_incremental_rerun01,rerun01,stage03.2_cache_incremental_rerun01,stage03.2_cache_incremental_rerun01,smoke,rc105C5,2014,"[""c101C5"", ""r105C5"", ""rc105C5"", ""c101_21"", ""r101_21"", ""rc101_21""]","[2014, 2015, 2016]",environment,verified_legacy,results/stage03.2_cache_incremental_rerun01/rc105C5/2014/stage03.2_cache_incremental_rerun01_environment_rc105C5_2014.json,results/stage03.2_cache_incremental_rerun01/environments/rc105C5-alns_stage02_constraint_guided-2014.json,feasible,,pass,READY_FOR_STAGE032_FORMAL_MEASUREMENT,not_applicable,not_published,94ddad6dcbc0b96de62e011ad9639b05e22f981d190ab08109d85693c4ba3df7,raw_manifest,9f624c82445a8c93a5339e9ec5c2a2efc6ea99023cd1c72e12eb247273f53a01,4da5f1da3791d1a2538874fb51d25bff691c1a4039faef054d655af94410d49f,2ccfba6c447fa43a994934690acb67c7355ca04d232394907ed6938bc362c643,a610eab738cf922da4bc30066b8fc59087e2fa83eb44786f5e3cab3b08015fdd,b226b97e0e67288aaaf85726ad855df71cb81406685c57c8e8c40cd8996aa0da,468b2d71040b4d7e583c02ca2036c393a50a94c5,False,"{""VRP-EVRP-Project-Hub"": {""dirty"": false, ""path"": ""/Users/guoyiyang/Documents/GitHub/FURP-2026-Yiyang-GUO-EVRP-TW/reference/VRP-EVRP-Project-Hub"", ""revision"": ""e3a890065105f978187e532642c4442522215e02""}, ""py-ga-VRPTW"": {""dirty"": false, ""path"": ""/Users/guoyiyang/Documents/GitHub/FURP-2026-Yiyang-GUO-EVRP-TW/reference/py-ga-VRPTW"", ""revision"": ""8e005caaaf6471a4505588d88c7f0f5e0d4ebffa""}}",stage03.1_screening_attempt04,,preserve;see stage03_legacy_path_map.csv
stage03.2,cache_incremental,stage03.2_cache_incremental_rerun01,rerun01,stage03.2_cache_incremental_rerun01,stage03.2_cache_incremental_rerun01,smoke,rc105C5,2015,"[""c101C5"", ""r105C5"", ""rc105C5"", ""c101_21"", ""r101_21"", ""rc101_21""]","[2014, 2015, 2016]",environment,verified_legacy,results/stage03.2_cache_incremental_rerun01/rc105C5/2015/stage03.2_cache_incremental_rerun01_environment_rc105C5_2015.json,results/stage03.2_cache_incremental_rerun01/environments/rc105C5-alns_stage02_constraint_guided-2015.json,feasible,,pass,READY_FOR_STAGE032_FORMAL_MEASUREMENT,not_applicable,not_published,315845e618889d4f1d166e86bb92efc517f4da084900f33d2c55cdde21aafbfe,raw_manifest,9f624c82445a8c93a5339e9ec5c2a2efc6ea99023cd1c72e12eb247273f53a01,4da5f1da3791d1a2538874fb51d25bff691c1a4039faef054d655af94410d49f,2ccfba6c447fa43a994934690acb67c7355ca04d232394907ed6938bc362c643,a0552ee834b7b8bffd8c8fc75152dfc39e3b1e198f5559a5262c1e2f19390954,b226b97e0e67288aaaf85726ad855df71cb81406685c57c8e8c40cd8996aa0da,468b2d71040b4d7e583c02ca2036c393a50a94c5,False,"{""VRP-EVRP-Project-Hub"": {""dirty"": false, ""path"": ""/Users/guoyiyang/Documents/GitHub/FURP-2026-Yiyang-GUO-EVRP-TW/reference/VRP-EVRP-Project-Hub"", ""revision"": ""e3a890065105f978187e532642c4442522215e02""}, ""py-ga-VRPTW"": {""dirty"": false, ""path"": ""/Users/guoyiyang/Documents/GitHub/FURP-2026-Yiyang-GUO-EVRP-TW/reference/py-ga-VRPTW"", ""revision"": ""8e005caaaf6471a4505588d88c7f0f5e0d4ebffa""}}",stage03.1_screening_attempt04,,preserve;see stage03_legacy_path_map.csv
stage03.2,cache_incremental,stage03.2_cache_incremental_rerun01,rerun01,stage03.2_cache_incremental_rerun01,stage03.2_cache_incremental_rerun01,smoke,rc105C5,2016,"[""c101C5"", ""r105C5"", ""rc105C5"", ""c101_21"", ""r101_21"", ""rc101_21""]","[2014, 2015, 2016]",environment,verified_legacy,results/stage03.2_cache_incremental_rerun01/rc105C5/2016/stage03.2_cache_incremental_rerun01_environment_rc105C5_2016.json,results/stage03.2_cache_incremental_rerun01/environments/rc105C5-alns_stage02_constraint_guided-2016.json,feasible,,pass,READY_FOR_STAGE032_FORMAL_MEASUREMENT,not_applicable,not_published,6c1590a6f12f002c95286cfee7ec246a4c49c636b02897edd2b7ef7c00aa624b,raw_manifest,9f624c82445a8c93a5339e9ec5c2a2efc6ea99023cd1c72e12eb247273f53a01,4da5f1da3791d1a2538874fb51d25bff691c1a4039faef054d655af94410d49f,2ccfba6c447fa43a994934690acb67c7355ca04d232394907ed6938bc362c643,3b6dd47bec06b2467e2cbf94f1fb919507512af4887b026f8b845c0d11ea01d4,b226b97e0e67288aaaf85726ad855df71cb81406685c57c8e8c40cd8996aa0da,468b2d71040b4d7e583c02ca2036c393a50a94c5,False,"{""VRP-EVRP-Project-Hub"": {""dirty"": false, ""path"": ""/Users/guoyiyang/Documents/GitHub/FURP-2026-Yiyang-GUO-EVRP-TW/reference/VRP-EVRP-Project-Hub"", ""revision"": ""e3a890065105f978187e532642c4442522215e02""}, ""py-ga-VRPTW"": {""dirty"": false, ""path"": ""/Users/guoyiyang/Documents/GitHub/FURP-2026-Yiyang-GUO-EVRP-TW/reference/py-ga-VRPTW"", ""revision"": ""8e005caaaf6471a4505588d88c7f0f5e0d4ebffa""}}",stage03.1_screening_attempt04,,preserve;see stage03_legacy_path_map.csv
stage03.2,cache_incremental,stage03.2_cache_incremental_rerun01,rerun01,stage03.2_cache_incremental_rerun01,stage03.2_cache_incremental_rerun01,smoke,c101C5,2014,"[""c101C5"", ""r105C5"", ""rc105C5"", ""c101_21"", ""r101_21"", ""rc101_21""]","[2014, 2015, 2016]",events,verified_legacy,results/stage03.2_cache_incremental_rerun01/c101C5/2014/stage03.2_cache_incremental_rerun01_events_c101C5_2014.jsonl,results/stage03.2_cache_incremental_rerun01/events/c101C5-alns_stage02_constraint_guided-2014.jsonl,feasible,,pass,READY_FOR_STAGE032_FORMAL_MEASUREMENT,not_applicable,not_published,b2363bf51ff7b61aa6c166fc1efcf7051f8b38bca6081854b31fc01e42d953d7,raw_manifest,9f624c82445a8c93a5339e9ec5c2a2efc6ea99023cd1c72e12eb247273f53a01,4da5f1da3791d1a2538874fb51d25bff691c1a4039faef054d655af94410d49f,8612d6d9aad051776097a5e50c7408f39352b8107b0639d58e5eda713f9ff876,cdcd3859716443f964ed0da481821dde35b6d5c22e0b032fd083b3b7d0ddd653,b226b97e0e67288aaaf85726ad855df71cb81406685c57c8e8c40cd8996aa0da,468b2d71040b4d7e583c02ca2036c393a50a94c5,False,"{""VRP-EVRP-Project-Hub"": {""dirty"": false, ""path"": ""/Users/guoyiyang/Documents/GitHub/FURP-2026-Yiyang-GUO-EVRP-TW/reference/VRP-EVRP-Project-Hub"", ""revision"": ""e3a890065105f978187e532642c4442522215e02""}, ""py-ga-VRPTW"": {""dirty"": false, ""path"": ""/Users/guoyiyang/Documents/GitHub/FURP-2026-Yiyang-GUO-EVRP-TW/reference/py-ga-VRPTW"", ""revision"": ""8e005caaaf6471a4505588d88c7f0f5e0d4ebffa""}}",stage03.1_screening_attempt04,,preserve;see stage03_legacy_path_map.csv
stage03.2,cache_incremental,stage03.2_cache_incremental_rerun01,rerun01,stage03.2_cache_incremental_rerun01,stage03.2_cache_incremental_rerun01,smoke,c101C5,2015,"[""c101C5"", ""r105C5"", ""rc105C5"", ""c101_21"", ""r101_21"", ""rc101_21""]","[2014, 2015, 2016]",events,verified_legacy,results/stage03.2_cache_incremental_rerun01/c101C5/2015/stage03.2_cache_incremental_rerun01_events_c101C5_2015.jsonl,results/stage03.2_cache_incremental_rerun01/events/c101C5-alns_stage02_constraint_guided-2015.jsonl,feasible,,pass,READY_FOR_STAGE032_FORMAL_MEASUREMENT,not_applicable,not_published,04797ae40843223d4d639ba5ed930bda1ec036c38e50e6cb05e48c0e99385aae,raw_manifest,9f624c82445a8c93a5339e9ec5c2a2efc6ea99023cd1c72e12eb247273f53a01,4da5f1da3791d1a2538874fb51d25bff691c1a4039faef054d655af94410d49f,8612d6d9aad051776097a5e50c7408f39352b8107b0639d58e5eda713f9ff876,8df3cd049e2945401139c3a4a7c09a70860db34cf20db98fd0cab3f37837824b,b226b97e0e67288aaaf85726ad855df71cb81406685c57c8e8c40cd8996aa0da,468b2d71040b4d7e583c02ca2036c393a50a94c5,False,"{""VRP-EVRP-Project-Hub"": {""dirty"": false, ""path"": ""/Users/guoyiyang/Documents/GitHub/FURP-2026-Yiyang-GUO-EVRP-TW/reference/VRP-EVRP-Project-Hub"", ""revision"": ""e3a890065105f978187e532642c4442522215e02""}, ""py-ga-VRPTW"": {""dirty"": false, ""path"": ""/Users/guoyiyang/Documents/GitHub/FURP-2026-Yiyang-GUO-EVRP-TW/reference/py-ga-VRPTW"", ""revision"": ""8e005caaaf6471a4505588d88c7f0f5e0d4ebffa""}}",stage03.1_screening_attempt04,,preserve;see stage03_legacy_path_map.csv
stage03.2,cache_incremental,stage03.2_cache_incremental_rerun01,rerun01,stage03.2_cache_incremental_rerun01,stage03.2_cache_incremental_rerun01,smoke,c101C5,2016,"[""c101C5"", ""r105C5"", ""rc105C5"", ""c101_21"", ""r101_21"", ""rc101_21""]","[2014, 2015, 2016]",events,verified_legacy,results/stage03.2_cache_incremental_rerun01/c101C5/2016/stage03.2_cache_incremental_rerun01_events_c101C5_2016.jsonl,results/stage03.2_cache_incremental_rerun01/events/c101C5-alns_stage02_constraint_guided-2016.jsonl,feasible,,pass,READY_FOR_STAGE032_FORMAL_MEASUREMENT,not_applicable,not_published,283a3e2675e991ec1cb45725cbe70a9bfa2a9710a738897ed98a020c8ecc7209,raw_manifest,9f624c82445a8c93a5339e9ec5c2a2efc6ea99023cd1c72e12eb247273f53a01,4da5f1da3791d1a2538874fb51d25bff691c1a4039faef054d655af94410d49f,8612d6d9aad051776097a5e50c7408f39352b8107b0639d58e5eda713f9ff876,8629b690ae4cca94f2660971202c883d7ca1fcfefbbf8d1affbb4ebd7657d254,b226b97e0e67288aaaf85726ad855df71cb81406685c57c8e8c40cd8996aa0da,468b2d71040b4d7e583c02ca2036c393a50a94c5,False,"{""VRP-EVRP-Project-Hub"": {""dirty"": false, ""path"": ""/Users/guoyiyang/Documents/GitHub/FURP-2026-Yiyang-GUO-EVRP-TW/reference/VRP-EVRP-Project-Hub"", ""revision"": ""e3a890065105f978187e532642c4442522215e02""}, ""py-ga-VRPTW"": {""dirty"": false, ""path"": ""/Users/guoyiyang/Documents/GitHub/FURP-2026-Yiyang-GUO-EVRP-TW/reference/py-ga-VRPTW"", ""revision"": ""8e005caaaf6471a4505588d88c7f0f5e0d4ebffa""}}",stage03.1_screening_attempt04,,preserve;see stage03_legacy_path_map.csv
stage03.2,cache_incremental,stage03.2_cache_incremental_rerun01,rerun01,stage03.2_cache_incremental_rerun01,stage03.2_cache_incremental_rerun01,smoke,c101_21,2014,"[""c101C5"", ""r105C5"", ""rc105C5"", ""c101_21"", ""r101_21"", ""rc101_21""]","[2014, 2015, 2016]",events,verified_legacy,results/stage03.2_cache_incremental_rerun01/c101_21/2014/stage03.2_cache_incremental_rerun01_events_c101_21_2014.jsonl,results/stage03.2_cache_incremental_rerun01/events/c101_21-alns_stage02_constraint_guided-2014.jsonl,feasible,,pass,READY_FOR_STAGE032_FORMAL_MEASUREMENT,not_applicable,not_published,7b6728655ae4654eb74fa1f44e7e68714bd29de18fb56838004a0853badb3d55,raw_manifest,9f624c82445a8c93a5339e9ec5c2a2efc6ea99023cd1c72e12eb247273f53a01,4da5f1da3791d1a2538874fb51d25bff691c1a4039faef054d655af94410d49f,c5cda6ca63a7d518902cf4b02d98b4aa0f373aaa0658d5c666d1c46d38871cb9,d34a3d627b3c9a3c7cfcf395d20b5aa9ff8076a0aea574d2a38a82d2232d9683,b226b97e0e67288aaaf85726ad855df71cb81406685c57c8e8c40cd8996aa0da,468b2d71040b4d7e583c02ca2036c393a50a94c5,False,"{""VRP-EVRP-Project-Hub"": {""dirty"": false, ""path"": ""/Users/guoyiyang/Documents/GitHub/FURP-2026-Yiyang-GUO-EVRP-TW/reference/VRP-EVRP-Project-Hub"", ""revision"": ""e3a890065105f978187e532642c4442522215e02""}, ""py-ga-VRPTW"": {""dirty"": false, ""path"": ""/Users/guoyiyang/Documents/GitHub/FURP-2026-Yiyang-GUO-EVRP-TW/reference/py-ga-VRPTW"", ""revision"": ""8e005caaaf6471a4505588d88c7f0f5e0d4ebffa""}}",stage03.1_screening_attempt04,,preserve;see stage03_legacy_path_map.csv
stage03.2,cache_incremental,stage03.2_cache_incremental_rerun01,rerun01,stage03.2_cache_incremental_rerun01,stage03.2_cache_incremental_rerun01,smoke,c101_21,2015,"[""c101C5"", ""r105C5"", ""rc105C5"", ""c101_21"", ""r101_21"", ""rc101_21""]","[2014, 2015, 2016]",events,verified_legacy,results/stage03.2_cache_incremental_rerun01/c101_21/2015/stage03.2_cache_incremental_rerun01_events_c101_21_2015.jsonl,results/stage03.2_cache_incremental_rerun01/events/c101_21-alns_stage02_constraint_guided-2015.jsonl,feasible,,pass,READY_FOR_STAGE032_FORMAL_MEASUREMENT,not_applicable,not_published,49bc9bb00a291800dc3f80eb41018c789abdb6c97eeef54a3ca1f8dca4a2fe1a,raw_manifest,9f624c82445a8c93a5339e9ec5c2a2efc6ea99023cd1c72e12eb247273f53a01,4da5f1da3791d1a2538874fb51d25bff691c1a4039faef054d655af94410d49f,c5cda6ca63a7d518902cf4b02d98b4aa0f373aaa0658d5c666d1c46d38871cb9,7dcd527a390af8e1cdbb3582d91d41695da94f7536f262603476f9ddd35c94df,b226b97e0e67288aaaf85726ad855df71cb81406685c57c8e8c40cd8996aa0da,468b2d71040b4d7e583c02ca2036c393a50a94c5,False,"{""VRP-EVRP-Project-Hub"": {""dirty"": false, ""path"": ""/Users/guoyiyang/Documents/GitHub/FURP-2026-Yiyang-GUO-EVRP-TW/reference/VRP-EVRP-Project-Hub"", ""revision"": ""e3a890065105f978187e532642c4442522215e02""}, ""py-ga-VRPTW"": {""dirty"": false, ""path"": ""/Users/guoyiyang/Documents/GitHub/FURP-2026-Yiyang-GUO-EVRP-TW/reference/py-ga-VRPTW"", ""revision"": ""8e005caaaf6471a4505588d88c7f0f5e0d4ebffa""}}",stage03.1_screening_attempt04,,preserve;see stage03_legacy_path_map.csv
stage03.2,cache_incremental,stage03.2_cache_incremental_rerun01,rerun01,stage03.2_cache_incremental_rerun01,stage03.2_cache_incremental_rerun01,smoke,c101_21,2016,"[""c101C5"", ""r105C5"", ""rc105C5"", ""c101_21"", ""r101_21"", ""rc101_21""]","[2014, 2015, 2016]",events,verified_legacy,results/stage03.2_cache_incremental_rerun01/c101_21/2016/stage03.2_cache_incremental_rerun01_events_c101_21_2016.jsonl,results/stage03.2_cache_incremental_rerun01/events/c101_21-alns_stage02_constraint_guided-2016.jsonl,feasible,,pass,READY_FOR_STAGE032_FORMAL_MEASUREMENT,not_applicable,not_published,01b377087c3e8e88dc104239c0b32a53aaba49e778e09360f65443bc5f272123,raw_manifest,9f624c82445a8c93a5339e9ec5c2a2efc6ea99023cd1c72e12eb247273f53a01,4da5f1da3791d1a2538874fb51d25bff691c1a4039faef054d655af94410d49f,c5cda6ca63a7d518902cf4b02d98b4aa0f373aaa0658d5c666d1c46d38871cb9,7a4e7d3fdb4317b5baf6ee117f45d30b6447d3570492c7abe9c8323881aa856d,b226b97e0e67288aaaf85726ad855df71cb81406685c57c8e8c40cd8996aa0da,468b2d71040b4d7e583c02ca2036c393a50a94c5,False,"{""VRP-EVRP-Project-Hub"": {""dirty"": false, ""path"": ""/Users/guoyiyang/Documents/GitHub/FURP-2026-Yiyang-GUO-EVRP-TW/reference/VRP-EVRP-Project-Hub"", ""revision"": ""e3a890065105f978187e532642c4442522215e02""}, ""py-ga-VRPTW"": {""dirty"": false, ""path"": ""/Users/guoyiyang/Documents/GitHub/FURP-2026-Yiyang-GUO-EVRP-TW/reference/py-ga-VRPTW"", ""revision"": ""8e005caaaf6471a4505588d88c7f0f5e0d4ebffa""}}",stage03.1_screening_attempt04,,preserve;see stage03_legacy_path_map.csv
stage03.2,cache_incremental,stage03.2_cache_incremental_rerun01,rerun01,stage03.2_cache_incremental_rerun01,stage03.2_cache_incremental_rerun01,smoke,r101_21,2014,"[""c101C5"", ""r105C5"", ""rc105C5"", ""c101_21"", ""r101_21"", ""rc101_21""]","[2014, 2015, 2016]",events,verified_legacy,results/stage03.2_cache_incremental_rerun01/r101_21/2014/stage03.2_cache_incremental_rerun01_events_r101_21_2014.jsonl,results/stage03.2_cache_incremental_rerun01/events/r101_21-alns_stage02_constraint_guided-2014.jsonl,feasible,,pass,READY_FOR_STAGE032_FORMAL_MEASUREMENT,not_applicable,not_published,f97642b67335193612db1fbcbb8d074e4d0c87f7a604dcb7db3e5083ceed02ad,raw_manifest,9f624c82445a8c93a5339e9ec5c2a2efc6ea99023cd1c72e12eb247273f53a01,4da5f1da3791d1a2538874fb51d25bff691c1a4039faef054d655af94410d49f,0e5a3dffffbd3c516b528ef32ba1a488b817d2f151fc3e8c81023814de1c103a,63a5c00110062c994d9b45913847645140d8e335a0ecfe1e1fad18da4b42fc9b,b226b97e0e67288aaaf85726ad855df71cb81406685c57c8e8c40cd8996aa0da,468b2d71040b4d7e583c02ca2036c393a50a94c5,False,"{""VRP-EVRP-Project-Hub"": {""dirty"": false, ""path"": ""/Users/guoyiyang/Documents/GitHub/FURP-2026-Yiyang-GUO-EVRP-TW/reference/VRP-EVRP-Project-Hub"", ""revision"": ""e3a890065105f978187e532642c4442522215e02""}, ""py-ga-VRPTW"": {""dirty"": false, ""path"": ""/Users/guoyiyang/Documents/GitHub/FURP-2026-Yiyang-GUO-EVRP-TW/reference/py-ga-VRPTW"", ""revision"": ""8e005caaaf6471a4505588d88c7f0f5e0d4ebffa""}}",stage03.1_screening_attempt04,,preserve;see stage03_legacy_path_map.csv
stage03.2,cache_incremental,stage03.2_cache_incremental_rerun01,rerun01,stage03.2_cache_incremental_rerun01,stage03.2_cache_incremental_rerun01,smoke,r101_21,2015,"[""c101C5"", ""r105C5"", ""rc105C5"", ""c101_21"", ""r101_21"", ""rc101_21""]","[2014, 2015, 2016]",events,verified_legacy,results/stage03.2_cache_incremental_rerun01/r101_21/2015/stage03.2_cache_incremental_rerun01_events_r101_21_2015.jsonl,results/stage03.2_cache_incremental_rerun01/events/r101_21-alns_stage02_constraint_guided-2015.jsonl,feasible,,pass,READY_FOR_STAGE032_FORMAL_MEASUREMENT,not_applicable,not_published,55a879592bee2fc56614a3ce27c0b890a93b271daea82467f29bea8268d7a249,raw_manifest,9f624c82445a8c93a5339e9ec5c2a2efc6ea99023cd1c72e12eb247273f53a01,4da5f1da3791d1a2538874fb51d25bff691c1a4039faef054d655af94410d49f,0e5a3dffffbd3c516b528ef32ba1a488b817d2f151fc3e8c81023814de1c103a,8b64eebfa958d919afccaa9835e22698352c25eeb8e12ee784affdf67d895bee,b226b97e0e67288aaaf85726ad855df71cb81406685c57c8e8c40cd8996aa0da,468b2d71040b4d7e583c02ca2036c393a50a94c5,False,"{""VRP-EVRP-Project-Hub"": {""dirty"": false, ""path"": ""/Users/guoyiyang/Documents/GitHub/FURP-2026-Yiyang-GUO-EVRP-TW/reference/VRP-EVRP-Project-Hub"", ""revision"": ""e3a890065105f978187e532642c4442522215e02""}, ""py-ga-VRPTW"": {""dirty"": false, ""path"": ""/Users/guoyiyang/Documents/GitHub/FURP-2026-Yiyang-GUO-EVRP-TW/reference/py-ga-VRPTW"", ""revision"": ""8e005caaaf6471a4505588d88c7f0f5e0d4ebffa""}}",stage03.1_screening_attempt04,,preserve;see stage03_legacy_path_map.csv
stage03.2,cache_incremental,stage03.2_cache_incremental_rerun01,rerun01,stage03.2_cache_incremental_rerun01,stage03.2_cache_incremental_rerun01,smoke,r101_21,2016,"[""c101C5"", ""r105C5"", ""rc105C5"", ""c101_21"", ""r101_21"", ""rc101_21""]","[2014, 2015, 2016]",events,verified_legacy,results/stage03.2_cache_incremental_rerun01/r101_21/2016/stage03.2_cache_incremental_rerun01_events_r101_21_2016.jsonl,results/stage03.2_cache_incremental_rerun01/events/r101_21-alns_stage02_constraint_guided-2016.jsonl,feasible,,pass,READY_FOR_STAGE032_FORMAL_MEASUREMENT,not_applicable,not_published,4f9f3cbb1684c57923e8c92cd7278ad721884f558f06abc34a61f1c69a91a904,raw_manifest,9f624c82445a8c93a5339e9ec5c2a2efc6ea99023cd1c72e12eb247273f53a01,4da5f1da3791d1a2538874fb51d25bff691c1a4039faef054d655af94410d49f,0e5a3dffffbd3c516b528ef32ba1a488b817d2f151fc3e8c81023814de1c103a,8b8c3567a7ac88ac478c33da599dd0b0bdb25b9bcd5ab842e124403a661f5271,b226b97e0e67288aaaf85726ad855df71cb81406685c57c8e8c40cd8996aa0da,468b2d71040b4d7e583c02ca2036c393a50a94c5,False,"{""VRP-EVRP-Project-Hub"": {""dirty"": false, ""path"": ""/Users/guoyiyang/Documents/GitHub/FURP-2026-Yiyang-GUO-EVRP-TW/reference/VRP-EVRP-Project-Hub"", ""revision"": ""e3a890065105f978187e532642c4442522215e02""}, ""py-ga-VRPTW"": {""dirty"": false, ""path"": ""/Users/guoyiyang/Documents/GitHub/FURP-2026-Yiyang-GUO-EVRP-TW/reference/py-ga-VRPTW"", ""revision"": ""8e005caaaf6471a4505588d88c7f0f5e0d4ebffa""}}",stage03.1_screening_attempt04,,preserve;see stage03_legacy_path_map.csv
stage03.2,cache_incremental,stage03.2_cache_incremental_rerun01,rerun01,stage03.2_cache_incremental_rerun01,stage03.2_cache_incremental_rerun01,smoke,r105C5,2014,"[""c101C5"", ""r105C5"", ""rc105C5"", ""c101_21"", ""r101_21"", ""rc101_21""]","[2014, 2015, 2016]",events,verified_legacy,results/stage03.2_cache_incremental_rerun01/r105C5/2014/stage03.2_cache_incremental_rerun01_events_r105C5_2014.jsonl,results/stage03.2_cache_incremental_rerun01/events/r105C5-alns_stage02_constraint_guided-2014.jsonl,feasible,,pass,READY_FOR_STAGE032_FORMAL_MEASUREMENT,not_applicable,not_published,83e23a9598d0ff992a8d4b9d6364e549d6db5e25f53154143d38d5640ba4983a,raw_manifest,9f624c82445a8c93a5339e9ec5c2a2efc6ea99023cd1c72e12eb247273f53a01,4da5f1da3791d1a2538874fb51d25bff691c1a4039faef054d655af94410d49f,eb27ec04e799ee6d39dee3d66f15128e197811afa8c664295acbdf6444176434,0aae6642f42a33e92e1b26550de03b8d97cba70fce5f4ffd7bfec5f214522dc9,b226b97e0e67288aaaf85726ad855df71cb81406685c57c8e8c40cd8996aa0da,468b2d71040b4d7e583c02ca2036c393a50a94c5,False,"{""VRP-EVRP-Project-Hub"": {""dirty"": false, ""path"": ""/Users/guoyiyang/Documents/GitHub/FURP-2026-Yiyang-GUO-EVRP-TW/reference/VRP-EVRP-Project-Hub"", ""revision"": ""e3a890065105f978187e532642c4442522215e02""}, ""py-ga-VRPTW"": {""dirty"": false, ""path"": ""/Users/guoyiyang/Documents/GitHub/FURP-2026-Yiyang-GUO-EVRP-TW/reference/py-ga-VRPTW"", ""revision"": ""8e005caaaf6471a4505588d88c7f0f5e0d4ebffa""}}",stage03.1_screening_attempt04,,preserve;see stage03_legacy_path_map.csv
stage03.2,cache_incremental,stage03.2_cache_incremental_rerun01,rerun01,stage03.2_cache_incremental_rerun01,stage03.2_cache_incremental_rerun01,smoke,r105C5,2015,"[""c101C5"", ""r105C5"", ""rc105C5"", ""c101_21"", ""r101_21"", ""rc101_21""]","[2014, 2015, 2016]",events,verified_legacy,results/stage03.2_cache_incremental_rerun01/r105C5/2015/stage03.2_cache_incremental_rerun01_events_r105C5_2015.jsonl,results/stage03.2_cache_incremental_rerun01/events/r105C5-alns_stage02_constraint_guided-2015.jsonl,feasible,,pass,READY_FOR_STAGE032_FORMAL_MEASUREMENT,not_applicable,not_published,d5bcdf52d0fb925107f5f156e55020479665994ae883c7f67013192ac42b399f,raw_manifest,9f624c82445a8c93a5339e9ec5c2a2efc6ea99023cd1c72e12eb247273f53a01,4da5f1da3791d1a2538874fb51d25bff691c1a4039faef054d655af94410d49f,eb27ec04e799ee6d39dee3d66f15128e197811afa8c664295acbdf6444176434,ef3cc8747c15035c1ace65cab56e66872b637f40638b3da0936dde9c59e1eef5,b226b97e0e67288aaaf85726ad855df71cb81406685c57c8e8c40cd8996aa0da,468b2d71040b4d7e583c02ca2036c393a50a94c5,False,"{""VRP-EVRP-Project-Hub"": {""dirty"": false, ""path"": ""/Users/guoyiyang/Documents/GitHub/FURP-2026-Yiyang-GUO-EVRP-TW/reference/VRP-EVRP-Project-Hub"", ""revision"": ""e3a890065105f978187e532642c4442522215e02""}, ""py-ga-VRPTW"": {""dirty"": false, ""path"": ""/Users/guoyiyang/Documents/GitHub/FURP-2026-Yiyang-GUO-EVRP-TW/reference/py-ga-VRPTW"", ""revision"": ""8e005caaaf6471a4505588d88c7f0f5e0d4ebffa""}}",stage03.1_screening_attempt04,,preserve;see stage03_legacy_path_map.csv
stage03.2,cache_incremental,stage03.2_cache_incremental_rerun01,rerun01,stage03.2_cache_incremental_rerun01,stage03.2_cache_incremental_rerun01,smoke,r105C5,2016,"[""c101C5"", ""r105C5"", ""rc105C5"", ""c101_21"", ""r101_21"", ""rc101_21""]","[2014, 2015, 2016]",events,verified_legacy,results/stage03.2_cache_incremental_rerun01/r105C5/2016/stage03.2_cache_incremental_rerun01_events_r105C5_2016.jsonl,results/stage03.2_cache_incremental_rerun01/events/r105C5-alns_stage02_constraint_guided-2016.jsonl,feasible,,pass,READY_FOR_STAGE032_FORMAL_MEASUREMENT,not_applicable,not_published,3c168f6d4fe39f5eca1e354669b1c918278ede231a0719fc1fb3de6fed6e59df,raw_manifest,9f624c82445a8c93a5339e9ec5c2a2efc6ea99023cd1c72e12eb247273f53a01,4da5f1da3791d1a2538874fb51d25bff691c1a4039faef054d655af94410d49f,eb27ec04e799ee6d39dee3d66f15128e197811afa8c664295acbdf6444176434,20cef716800c16aa871e992e13647b9c83b8c0be42bb664b665150bacf6efc25,b226b97e0e67288aaaf85726ad855df71cb81406685c57c8e8c40cd8996aa0da,468b2d71040b4d7e583c02ca2036c393a50a94c5,False,"{""VRP-EVRP-Project-Hub"": {""dirty"": false, ""path"": ""/Users/guoyiyang/Documents/GitHub/FURP-2026-Yiyang-GUO-EVRP-TW/reference/VRP-EVRP-Project-Hub"", ""revision"": ""e3a890065105f978187e532642c4442522215e02""}, ""py-ga-VRPTW"": {""dirty"": false, ""path"": ""/Users/guoyiyang/Documents/GitHub/FURP-2026-Yiyang-GUO-EVRP-TW/reference/py-ga-VRPTW"", ""revision"": ""8e005caaaf6471a4505588d88c7f0f5e0d4ebffa""}}",stage03.1_screening_attempt04,,preserve;see stage03_legacy_path_map.csv
stage03.2,cache_incremental,stage03.2_cache_incremental_rerun01,rerun01,stage03.2_cache_incremental_rerun01,stage03.2_cache_incremental_rerun01,smoke,rc101_21,2014,"[""c101C5"", ""r105C5"", ""rc105C5"", ""c101_21"", ""r101_21"", ""rc101_21""]","[2014, 2015, 2016]",events,verified_legacy,results/stage03.2_cache_incremental_rerun01/rc101_21/2014/stage03.2_cache_incremental_rerun01_events_rc101_21_2014.jsonl,results/stage03.2_cache_incremental_rerun01/events/rc101_21-alns_stage02_constraint_guided-2014.jsonl,feasible,,pass,READY_FOR_STAGE032_FORMAL_MEASUREMENT,not_applicable,not_published,d848cd4c99d7dc975b562c3571362211e58d80f79f5094c7c5c5e236d9d2bbcf,raw_manifest,9f624c82445a8c93a5339e9ec5c2a2efc6ea99023cd1c72e12eb247273f53a01,4da5f1da3791d1a2538874fb51d25bff691c1a4039faef054d655af94410d49f,272a3e58d53d4ba9516f01506164cf8a9b98bfeeb8dbd1fd62f6557e4c98e3a1,9f9a2f9cacd5a3d804dc6d8b9e65b0ca12a30048f09190b79992cde73a19d820,b226b97e0e67288aaaf85726ad855df71cb81406685c57c8e8c40cd8996aa0da,468b2d71040b4d7e583c02ca2036c393a50a94c5,False,"{""VRP-EVRP-Project-Hub"": {""dirty"": false, ""path"": ""/Users/guoyiyang/Documents/GitHub/FURP-2026-Yiyang-GUO-EVRP-TW/reference/VRP-EVRP-Project-Hub"", ""revision"": ""e3a890065105f978187e532642c4442522215e02""}, ""py-ga-VRPTW"": {""dirty"": false, ""path"": ""/Users/guoyiyang/Documents/GitHub/FURP-2026-Yiyang-GUO-EVRP-TW/reference/py-ga-VRPTW"", ""revision"": ""8e005caaaf6471a4505588d88c7f0f5e0d4ebffa""}}",stage03.1_screening_attempt04,,preserve;see stage03_legacy_path_map.csv
stage03.2,cache_incremental,stage03.2_cache_incremental_rerun01,rerun01,stage03.2_cache_incremental_rerun01,stage03.2_cache_incremental_rerun01,smoke,rc101_21,2015,"[""c101C5"", ""r105C5"", ""rc105C5"", ""c101_21"", ""r101_21"", ""rc101_21""]","[2014, 2015, 2016]",events,verified_legacy,results/stage03.2_cache_incremental_rerun01/rc101_21/2015/stage03.2_cache_incremental_rerun01_events_rc101_21_2015.jsonl,results/stage03.2_cache_incremental_rerun01/events/rc101_21-alns_stage02_constraint_guided-2015.jsonl,feasible,,pass,READY_FOR_STAGE032_FORMAL_MEASUREMENT,not_applicable,not_published,0ad97d779b7bbc06d28f969eb77389878e1406563c929004554f9f969ace3c43,raw_manifest,9f624c82445a8c93a5339e9ec5c2a2efc6ea99023cd1c72e12eb247273f53a01,4da5f1da3791d1a2538874fb51d25bff691c1a4039faef054d655af94410d49f,272a3e58d53d4ba9516f01506164cf8a9b98bfeeb8dbd1fd62f6557e4c98e3a1,7ee5a61e6a996d0d43266190c6ab4386754752b2733ff05ce8d5d8f737a4898e,b226b97e0e67288aaaf85726ad855df71cb81406685c57c8e8c40cd8996aa0da,468b2d71040b4d7e583c02ca2036c393a50a94c5,False,"{""VRP-EVRP-Project-Hub"": {""dirty"": false, ""path"": ""/Users/guoyiyang/Documents/GitHub/FURP-2026-Yiyang-GUO-EVRP-TW/reference/VRP-EVRP-Project-Hub"", ""revision"": ""e3a890065105f978187e532642c4442522215e02""}, ""py-ga-VRPTW"": {""dirty"": false, ""path"": ""/Users/guoyiyang/Documents/GitHub/FURP-2026-Yiyang-GUO-EVRP-TW/reference/py-ga-VRPTW"", ""revision"": ""8e005caaaf6471a4505588d88c7f0f5e0d4ebffa""}}",stage03.1_screening_attempt04,,preserve;see stage03_legacy_path_map.csv
stage03.2,cache_incremental,stage03.2_cache_incremental_rerun01,rerun01,stage03.2_cache_incremental_rerun01,stage03.2_cache_incremental_rerun01,smoke,rc101_21,2016,"[""c101C5"", ""r105C5"", ""rc105C5"", ""c101_21"", ""r101_21"", ""rc101_21""]","[2014, 2015, 2016]",events,verified_legacy,results/stage03.2_cache_incremental_rerun01/rc101_21/2016/stage03.2_cache_incremental_rerun01_events_rc101_21_2016.jsonl,results/stage03.2_cache_incremental_rerun01/events/rc101_21-alns_stage02_constraint_guided-2016.jsonl,feasible,,pass,READY_FOR_STAGE032_FORMAL_MEASUREMENT,not_applicable,not_published,9ec380969d8b0b1827e5a13956b3888abac2165d22dbb9eb623d59ec2577e659,raw_manifest,9f624c82445a8c93a5339e9ec5c2a2efc6ea99023cd1c72e12eb247273f53a01,4da5f1da3791d1a2538874fb51d25bff691c1a4039faef054d655af94410d49f,272a3e58d53d4ba9516f01506164cf8a9b98bfeeb8dbd1fd62f6557e4c98e3a1,59cf23eab3ac0c5d8975793150fe7c371cff36657efb43839910e8eceaa9e3df,b226b97e0e67288aaaf85726ad855df71cb81406685c57c8e8c40cd8996aa0da,468b2d71040b4d7e583c02ca2036c393a50a94c5,False,"{""VRP-EVRP-Project-Hub"": {""dirty"": false, ""path"": ""/Users/guoyiyang/Documents/GitHub/FURP-2026-Yiyang-GUO-EVRP-TW/reference/VRP-EVRP-Project-Hub"", ""revision"": ""e3a890065105f978187e532642c4442522215e02""}, ""py-ga-VRPTW"": {""dirty"": false, ""path"": ""/Users/guoyiyang/Documents/GitHub/FURP-2026-Yiyang-GUO-EVRP-TW/reference/py-ga-VRPTW"", ""revision"": ""8e005caaaf6471a4505588d88c7f0f5e0d4ebffa""}}",stage03.1_screening_attempt04,,preserve;see stage03_legacy_path_map.csv
stage03.2,cache_incremental,stage03.2_cache_incremental_rerun01,rerun01,stage03.2_cache_incremental_rerun01,stage03.2_cache_incremental_rerun01,smoke,rc105C5,2014,"[""c101C5"", ""r105C5"", ""rc105C5"", ""c101_21"", ""r101_21"", ""rc101_21""]","[2014, 2015, 2016]",events,verified_legacy,results/stage03.2_cache_incremental_rerun01/rc105C5/2014/stage03.2_cache_incremental_rerun01_events_rc105C5_2014.jsonl,results/stage03.2_cache_incremental_rerun01/events/rc105C5-alns_stage02_constraint_guided-2014.jsonl,feasible,,pass,READY_FOR_STAGE032_FORMAL_MEASUREMENT,not_applicable,not_published,8eadcc1a51ae6899fb591e92bc17e67ae575f12c5cd65e16e27cec7a36a203c3,raw_manifest,9f624c82445a8c93a5339e9ec5c2a2efc6ea99023cd1c72e12eb247273f53a01,4da5f1da3791d1a2538874fb51d25bff691c1a4039faef054d655af94410d49f,2ccfba6c447fa43a994934690acb67c7355ca04d232394907ed6938bc362c643,a610eab738cf922da4bc30066b8fc59087e2fa83eb44786f5e3cab3b08015fdd,b226b97e0e67288aaaf85726ad855df71cb81406685c57c8e8c40cd8996aa0da,468b2d71040b4d7e583c02ca2036c393a50a94c5,False,"{""VRP-EVRP-Project-Hub"": {""dirty"": false, ""path"": ""/Users/guoyiyang/Documents/GitHub/FURP-2026-Yiyang-GUO-EVRP-TW/reference/VRP-EVRP-Project-Hub"", ""revision"": ""e3a890065105f978187e532642c4442522215e02""}, ""py-ga-VRPTW"": {""dirty"": false, ""path"": ""/Users/guoyiyang/Documents/GitHub/FURP-2026-Yiyang-GUO-EVRP-TW/reference/py-ga-VRPTW"", ""revision"": ""8e005caaaf6471a4505588d88c7f0f5e0d4ebffa""}}",stage03.1_screening_attempt04,,preserve;see stage03_legacy_path_map.csv
stage03.2,cache_incremental,stage03.2_cache_incremental_rerun01,rerun01,stage03.2_cache_incremental_rerun01,stage03.2_cache_incremental_rerun01,smoke,rc105C5,2015,"[""c101C5"", ""r105C5"", ""rc105C5"", ""c101_21"", ""r101_21"", ""rc101_21""]","[2014, 2015, 2016]",events,verified_legacy,results/stage03.2_cache_incremental_rerun01/rc105C5/2015/stage03.2_cache_incremental_rerun01_events_rc105C5_2015.jsonl,results/stage03.2_cache_incremental_rerun01/events/rc105C5-alns_stage02_constraint_guided-2015.jsonl,feasible,,pass,READY_FOR_STAGE032_FORMAL_MEASUREMENT,not_applicable,not_published,40a898a098114d451e7dd1fd7c09f69e3514dceffa33da14c1da4b47cace62f5,raw_manifest,9f624c82445a8c93a5339e9ec5c2a2efc6ea99023cd1c72e12eb247273f53a01,4da5f1da3791d1a2538874fb51d25bff691c1a4039faef054d655af94410d49f,2ccfba6c447fa43a994934690acb67c7355ca04d232394907ed6938bc362c643,a0552ee834b7b8bffd8c8fc75152dfc39e3b1e198f5559a5262c1e2f19390954,b226b97e0e67288aaaf85726ad855df71cb81406685c57c8e8c40cd8996aa0da,468b2d71040b4d7e583c02ca2036c393a50a94c5,False,"{""VRP-EVRP-Project-Hub"": {""dirty"": false, ""path"": ""/Users/guoyiyang/Documents/GitHub/FURP-2026-Yiyang-GUO-EVRP-TW/reference/VRP-EVRP-Project-Hub"", ""revision"": ""e3a890065105f978187e532642c4442522215e02""}, ""py-ga-VRPTW"": {""dirty"": false, ""path"": ""/Users/guoyiyang/Documents/GitHub/FURP-2026-Yiyang-GUO-EVRP-TW/reference/py-ga-VRPTW"", ""revision"": ""8e005caaaf6471a4505588d88c7f0f5e0d4ebffa""}}",stage03.1_screening_attempt04,,preserve;see stage03_legacy_path_map.csv
stage03.2,cache_incremental,stage03.2_cache_incremental_rerun01,rerun01,stage03.2_cache_incremental_rerun01,stage03.2_cache_incremental_rerun01,smoke,rc105C5,2016,"[""c101C5"", ""r105C5"", ""rc105C5"", ""c101_21"", ""r101_21"", ""rc101_21""]","[2014, 2015, 2016]",events,verified_legacy,results/stage03.2_cache_incremental_rerun01/rc105C5/2016/stage03.2_cache_incremental_rerun01_events_rc105C5_2016.jsonl,results/stage03.2_cache_incremental_rerun01/events/rc105C5-alns_stage02_constraint_guided-2016.jsonl,feasible,,pass,READY_FOR_STAGE032_FORMAL_MEASUREMENT,not_applicable,not_published,4de8f78895c0d3854bb3657a2a97d0cc9d357fba6e6642ecbd545ceab74290c1,raw_manifest,9f624c82445a8c93a5339e9ec5c2a2efc6ea99023cd1c72e12eb247273f53a01,4da5f1da3791d1a2538874fb51d25bff691c1a4039faef054d655af94410d49f,2ccfba6c447fa43a994934690acb67c7355ca04d232394907ed6938bc362c643,3b6dd47bec06b2467e2cbf94f1fb919507512af4887b026f8b845c0d11ea01d4,b226b97e0e67288aaaf85726ad855df71cb81406685c57c8e8c40cd8996aa0da,468b2d71040b4d7e583c02ca2036c393a50a94c5,False,"{""VRP-EVRP-Project-Hub"": {""dirty"": false, ""path"": ""/Users/guoyiyang/Documents/GitHub/FURP-2026-Yiyang-GUO-EVRP-TW/reference/VRP-EVRP-Project-Hub"", ""revision"": ""e3a890065105f978187e532642c4442522215e02""}, ""py-ga-VRPTW"": {""dirty"": false, ""path"": ""/Users/guoyiyang/Documents/GitHub/FURP-2026-Yiyang-GUO-EVRP-TW/reference/py-ga-VRPTW"", ""revision"": ""8e005caaaf6471a4505588d88c7f0f5e0d4ebffa""}}",stage03.1_screening_attempt04,,preserve;see stage03_legacy_path_map.csv
stage03.2,cache_incremental,stage03.2_cache_incremental_rerun01,rerun01,stage03.2_cache_incremental_rerun01,stage03.2_cache_incremental_rerun01,smoke,__all__,__all__,"[""c101C5"", ""r105C5"", ""rc105C5"", ""c101_21"", ""r101_21"", ""rc101_21""]","[2014, 2015, 2016]",manifest,verified_legacy,results/stage03.2_cache_incremental_rerun01/control/stage03.2_cache_incremental_rerun01_manifest.json,results/stage03.2_cache_incremental_rerun01/manifest.json,feasible,,pass,READY_FOR_STAGE032_FORMAL_MEASUREMENT,not_applicable,not_published,469b28c719d2d91f489a4c5c97d1499bff70a9c0397dea22346cbeda15e765df,computed,9f624c82445a8c93a5339e9ec5c2a2efc6ea99023cd1c72e12eb247273f53a01,4da5f1da3791d1a2538874fb51d25bff691c1a4039faef054d655af94410d49f,,,b226b97e0e67288aaaf85726ad855df71cb81406685c57c8e8c40cd8996aa0da,468b2d71040b4d7e583c02ca2036c393a50a94c5,False,"{""VRP-EVRP-Project-Hub"": {""dirty"": false, ""path"": ""/Users/guoyiyang/Documents/GitHub/FURP-2026-Yiyang-GUO-EVRP-TW/reference/VRP-EVRP-Project-Hub"", ""revision"": ""e3a890065105f978187e532642c4442522215e02""}, ""py-ga-VRPTW"": {""dirty"": false, ""path"": ""/Users/guoyiyang/Documents/GitHub/FURP-2026-Yiyang-GUO-EVRP-TW/reference/py-ga-VRPTW"", ""revision"": ""8e005caaaf6471a4505588d88c7f0f5e0d4ebffa""}}",stage03.1_screening_attempt04,,preserve;see stage03_legacy_path_map.csv
stage03.2,cache_incremental,stage03.2_cache_incremental_rerun01,rerun01,stage03.2_cache_incremental_rerun01,stage03.2_cache_incremental_rerun01,smoke,__all__,__all__,"[""c101C5"", ""r105C5"", ""rc105C5"", ""c101_21"", ""r101_21"", ""rc101_21""]","[2014, 2015, 2016]",manifest_checksum,verified_legacy,results/stage03.2_cache_incremental_rerun01/control/stage03.2_cache_incremental_rerun01_manifest_checksum.sha256,results/stage03.2_cache_incremental_rerun01/manifest.sha256,feasible,,pass,READY_FOR_STAGE032_FORMAL_MEASUREMENT,not_applicable,not_published,835c6948d707022440d95b9febe220b3b8c07569e58c5d3514d44e9e5e47b1ef,computed,9f624c82445a8c93a5339e9ec5c2a2efc6ea99023cd1c72e12eb247273f53a01,4da5f1da3791d1a2538874fb51d25bff691c1a4039faef054d655af94410d49f,,,b226b97e0e67288aaaf85726ad855df71cb81406685c57c8e8c40cd8996aa0da,468b2d71040b4d7e583c02ca2036c393a50a94c5,False,"{""VRP-EVRP-Project-Hub"": {""dirty"": false, ""path"": ""/Users/guoyiyang/Documents/GitHub/FURP-2026-Yiyang-GUO-EVRP-TW/reference/VRP-EVRP-Project-Hub"", ""revision"": ""e3a890065105f978187e532642c4442522215e02""}, ""py-ga-VRPTW"": {""dirty"": false, ""path"": ""/Users/guoyiyang/Documents/GitHub/FURP-2026-Yiyang-GUO-EVRP-TW/reference/py-ga-VRPTW"", ""revision"": ""8e005caaaf6471a4505588d88c7f0f5e0d4ebffa""}}",stage03.1_screening_attempt04,,preserve;see stage03_legacy_path_map.csv
stage03.2,cache_incremental,stage03.2_cache_incremental_rerun01,rerun01,stage03.2_cache_incremental_rerun01,stage03.2_cache_incremental_rerun01,smoke,__all__,__all__,"[""c101C5"", ""r105C5"", ""rc105C5"", ""c101_21"", ""r101_21"", ""rc101_21""]","[2014, 2015, 2016]",config,verified_legacy,results/stage03.2_cache_incremental_rerun01/control/stage03.2_cache_incremental_rerun01_config.toml,results/stage03.2_cache_incremental_rerun01/parameters.toml,feasible,,pass,READY_FOR_STAGE032_FORMAL_MEASUREMENT,not_applicable,not_published,4da5f1da3791d1a2538874fb51d25bff691c1a4039faef054d655af94410d49f,raw_manifest,9f624c82445a8c93a5339e9ec5c2a2efc6ea99023cd1c72e12eb247273f53a01,4da5f1da3791d1a2538874fb51d25bff691c1a4039faef054d655af94410d49f,,,b226b97e0e67288aaaf85726ad855df71cb81406685c57c8e8c40cd8996aa0da,468b2d71040b4d7e583c02ca2036c393a50a94c5,False,"{""VRP-EVRP-Project-Hub"": {""dirty"": false, ""path"": ""/Users/guoyiyang/Documents/GitHub/FURP-2026-Yiyang-GUO-EVRP-TW/reference/VRP-EVRP-Project-Hub"", ""revision"": ""e3a890065105f978187e532642c4442522215e02""}, ""py-ga-VRPTW"": {""dirty"": false, ""path"": ""/Users/guoyiyang/Documents/GitHub/FURP-2026-Yiyang-GUO-EVRP-TW/reference/py-ga-VRPTW"", ""revision"": ""8e005caaaf6471a4505588d88c7f0f5e0d4ebffa""}}",stage03.1_screening_attempt04,,preserve;see stage03_legacy_path_map.csv
stage03.2,cache_incremental,stage03.2_cache_incremental_rerun01,rerun01,stage03.2_cache_incremental_rerun01,stage03.2_cache_incremental_rerun01,smoke,c101C5,2014,"[""c101C5"", ""r105C5"", ""rc105C5"", ""c101_21"", ""r101_21"", ""rc101_21""]","[2014, 2015, 2016]",raw,verified_legacy,results/stage03.2_cache_incremental_rerun01/c101C5/2014/stage03.2_cache_incremental_rerun01_raw_c101C5_2014.json,results/stage03.2_cache_incremental_rerun01/raw/c101C5-alns_stage02_constraint_guided-2014.json,feasible,,pass,READY_FOR_STAGE032_FORMAL_MEASUREMENT,not_applicable,not_published,d3c78f010d70339f8a3a1d6e85223ed439211c53e90d40d8b6926ac881ff5cb6,raw_manifest,9f624c82445a8c93a5339e9ec5c2a2efc6ea99023cd1c72e12eb247273f53a01,4da5f1da3791d1a2538874fb51d25bff691c1a4039faef054d655af94410d49f,8612d6d9aad051776097a5e50c7408f39352b8107b0639d58e5eda713f9ff876,cdcd3859716443f964ed0da481821dde35b6d5c22e0b032fd083b3b7d0ddd653,b226b97e0e67288aaaf85726ad855df71cb81406685c57c8e8c40cd8996aa0da,468b2d71040b4d7e583c02ca2036c393a50a94c5,False,"{""VRP-EVRP-Project-Hub"": {""dirty"": false, ""path"": ""/Users/guoyiyang/Documents/GitHub/FURP-2026-Yiyang-GUO-EVRP-TW/reference/VRP-EVRP-Project-Hub"", ""revision"": ""e3a890065105f978187e532642c4442522215e02""}, ""py-ga-VRPTW"": {""dirty"": false, ""path"": ""/Users/guoyiyang/Documents/GitHub/FURP-2026-Yiyang-GUO-EVRP-TW/reference/py-ga-VRPTW"", ""revision"": ""8e005caaaf6471a4505588d88c7f0f5e0d4ebffa""}}",stage03.1_screening_attempt04,,preserve;see stage03_legacy_path_map.csv
stage03.2,cache_incremental,stage03.2_cache_incremental_rerun01,rerun01,stage03.2_cache_incremental_rerun01,stage03.2_cache_incremental_rerun01,smoke,c101C5,2015,"[""c101C5"", ""r105C5"", ""rc105C5"", ""c101_21"", ""r101_21"", ""rc101_21""]","[2014, 2015, 2016]",raw,verified_legacy,results/stage03.2_cache_incremental_rerun01/c101C5/2015/stage03.2_cache_incremental_rerun01_raw_c101C5_2015.json,results/stage03.2_cache_incremental_rerun01/raw/c101C5-alns_stage02_constraint_guided-2015.json,feasible,,pass,READY_FOR_STAGE032_FORMAL_MEASUREMENT,not_applicable,not_published,86c16fdf0811bbd54d9aea7eaba9a2b1e052a0448388914d1300699a2d48d3c2,raw_manifest,9f624c82445a8c93a5339e9ec5c2a2efc6ea99023cd1c72e12eb247273f53a01,4da5f1da3791d1a2538874fb51d25bff691c1a4039faef054d655af94410d49f,8612d6d9aad051776097a5e50c7408f39352b8107b0639d58e5eda713f9ff876,8df3cd049e2945401139c3a4a7c09a70860db34cf20db98fd0cab3f37837824b,b226b97e0e67288aaaf85726ad855df71cb81406685c57c8e8c40cd8996aa0da,468b2d71040b4d7e583c02ca2036c393a50a94c5,False,"{""VRP-EVRP-Project-Hub"": {""dirty"": false, ""path"": ""/Users/guoyiyang/Documents/GitHub/FURP-2026-Yiyang-GUO-EVRP-TW/reference/VRP-EVRP-Project-Hub"", ""revision"": ""e3a890065105f978187e532642c4442522215e02""}, ""py-ga-VRPTW"": {""dirty"": false, ""path"": ""/Users/guoyiyang/Documents/GitHub/FURP-2026-Yiyang-GUO-EVRP-TW/reference/py-ga-VRPTW"", ""revision"": ""8e005caaaf6471a4505588d88c7f0f5e0d4ebffa""}}",stage03.1_screening_attempt04,,preserve;see stage03_legacy_path_map.csv
stage03.2,cache_incremental,stage03.2_cache_incremental_rerun01,rerun01,stage03.2_cache_incremental_rerun01,stage03.2_cache_incremental_rerun01,smoke,c101C5,2016,"[""c101C5"", ""r105C5"", ""rc105C5"", ""c101_21"", ""r101_21"", ""rc101_21""]","[2014, 2015, 2016]",raw,verified_legacy,results/stage03.2_cache_incremental_rerun01/c101C5/2016/stage03.2_cache_incremental_rerun01_raw_c101C5_2016.json,results/stage03.2_cache_incremental_rerun01/raw/c101C5-alns_stage02_constraint_guided-2016.json,feasible,,pass,READY_FOR_STAGE032_FORMAL_MEASUREMENT,not_applicable,not_published,92d058db1337e57b0f09c94de5528596b28fffcefb1c58204413a3c71f662d85,raw_manifest,9f624c82445a8c93a5339e9ec5c2a2efc6ea99023cd1c72e12eb247273f53a01,4da5f1da3791d1a2538874fb51d25bff691c1a4039faef054d655af94410d49f,8612d6d9aad051776097a5e50c7408f39352b8107b0639d58e5eda713f9ff876,8629b690ae4cca94f2660971202c883d7ca1fcfefbbf8d1affbb4ebd7657d254,b226b97e0e67288aaaf85726ad855df71cb81406685c57c8e8c40cd8996aa0da,468b2d71040b4d7e583c02ca2036c393a50a94c5,False,"{""VRP-EVRP-Project-Hub"": {""dirty"": false, ""path"": ""/Users/guoyiyang/Documents/GitHub/FURP-2026-Yiyang-GUO-EVRP-TW/reference/VRP-EVRP-Project-Hub"", ""revision"": ""e3a890065105f978187e532642c4442522215e02""}, ""py-ga-VRPTW"": {""dirty"": false, ""path"": ""/Users/guoyiyang/Documents/GitHub/FURP-2026-Yiyang-GUO-EVRP-TW/reference/py-ga-VRPTW"", ""revision"": ""8e005caaaf6471a4505588d88c7f0f5e0d4ebffa""}}",stage03.1_screening_attempt04,,preserve;see stage03_legacy_path_map.csv
stage03.2,cache_incremental,stage03.2_cache_incremental_rerun01,rerun01,stage03.2_cache_incremental_rerun01,stage03.2_cache_incremental_rerun01,smoke,c101_21,2014,"[""c101C5"", ""r105C5"", ""rc105C5"", ""c101_21"", ""r101_21"", ""rc101_21""]","[2014, 2015, 2016]",raw,verified_legacy,results/stage03.2_cache_incremental_rerun01/c101_21/2014/stage03.2_cache_incremental_rerun01_raw_c101_21_2014.json,results/stage03.2_cache_incremental_rerun01/raw/c101_21-alns_stage02_constraint_guided-2014.json,feasible,,pass,READY_FOR_STAGE032_FORMAL_MEASUREMENT,not_applicable,not_published,61c98b1b29e3a1bf1fbad45ddbe91e27138208719f21fa6fbc1ef41078b51357,raw_manifest,9f624c82445a8c93a5339e9ec5c2a2efc6ea99023cd1c72e12eb247273f53a01,4da5f1da3791d1a2538874fb51d25bff691c1a4039faef054d655af94410d49f,c5cda6ca63a7d518902cf4b02d98b4aa0f373aaa0658d5c666d1c46d38871cb9,d34a3d627b3c9a3c7cfcf395d20b5aa9ff8076a0aea574d2a38a82d2232d9683,b226b97e0e67288aaaf85726ad855df71cb81406685c57c8e8c40cd8996aa0da,468b2d71040b4d7e583c02ca2036c393a50a94c5,False,"{""VRP-EVRP-Project-Hub"": {""dirty"": false, ""path"": ""/Users/guoyiyang/Documents/GitHub/FURP-2026-Yiyang-GUO-EVRP-TW/reference/VRP-EVRP-Project-Hub"", ""revision"": ""e3a890065105f978187e532642c4442522215e02""}, ""py-ga-VRPTW"": {""dirty"": false, ""path"": ""/Users/guoyiyang/Documents/GitHub/FURP-2026-Yiyang-GUO-EVRP-TW/reference/py-ga-VRPTW"", ""revision"": ""8e005caaaf6471a4505588d88c7f0f5e0d4ebffa""}}",stage03.1_screening_attempt04,,preserve;see stage03_legacy_path_map.csv
stage03.2,cache_incremental,stage03.2_cache_incremental_rerun01,rerun01,stage03.2_cache_incremental_rerun01,stage03.2_cache_incremental_rerun01,smoke,c101_21,2015,"[""c101C5"", ""r105C5"", ""rc105C5"", ""c101_21"", ""r101_21"", ""rc101_21""]","[2014, 2015, 2016]",raw,verified_legacy,results/stage03.2_cache_incremental_rerun01/c101_21/2015/stage03.2_cache_incremental_rerun01_raw_c101_21_2015.json,results/stage03.2_cache_incremental_rerun01/raw/c101_21-alns_stage02_constraint_guided-2015.json,feasible,,pass,READY_FOR_STAGE032_FORMAL_MEASUREMENT,not_applicable,not_published,e9a93dad53b5637aa4d0c398b89c4578b3e7466843130cd5a8cd2657f4e53615,raw_manifest,9f624c82445a8c93a5339e9ec5c2a2efc6ea99023cd1c72e12eb247273f53a01,4da5f1da3791d1a2538874fb51d25bff691c1a4039faef054d655af94410d49f,c5cda6ca63a7d518902cf4b02d98b4aa0f373aaa0658d5c666d1c46d38871cb9,7dcd527a390af8e1cdbb3582d91d41695da94f7536f262603476f9ddd35c94df,b226b97e0e67288aaaf85726ad855df71cb81406685c57c8e8c40cd8996aa0da,468b2d71040b4d7e583c02ca2036c393a50a94c5,False,"{""VRP-EVRP-Project-Hub"": {""dirty"": false, ""path"": ""/Users/guoyiyang/Documents/GitHub/FURP-2026-Yiyang-GUO-EVRP-TW/reference/VRP-EVRP-Project-Hub"", ""revision"": ""e3a890065105f978187e532642c4442522215e02""}, ""py-ga-VRPTW"": {""dirty"": false, ""path"": ""/Users/guoyiyang/Documents/GitHub/FURP-2026-Yiyang-GUO-EVRP-TW/reference/py-ga-VRPTW"", ""revision"": ""8e005caaaf6471a4505588d88c7f0f5e0d4ebffa""}}",stage03.1_screening_attempt04,,preserve;see stage03_legacy_path_map.csv
stage03.2,cache_incremental,stage03.2_cache_incremental_rerun01,rerun01,stage03.2_cache_incremental_rerun01,stage03.2_cache_incremental_rerun01,smoke,c101_21,2016,"[""c101C5"", ""r105C5"", ""rc105C5"", ""c101_21"", ""r101_21"", ""rc101_21""]","[2014, 2015, 2016]",raw,verified_legacy,results/stage03.2_cache_incremental_rerun01/c101_21/2016/stage03.2_cache_incremental_rerun01_raw_c101_21_2016.json,results/stage03.2_cache_incremental_rerun01/raw/c101_21-alns_stage02_constraint_guided-2016.json,feasible,,pass,READY_FOR_STAGE032_FORMAL_MEASUREMENT,not_applicable,not_published,b8fb26cc92b071c1b8778aa8d09767324cc829ca6d4b391e73dcac3e7c91339b,raw_manifest,9f624c82445a8c93a5339e9ec5c2a2efc6ea99023cd1c72e12eb247273f53a01,4da5f1da3791d1a2538874fb51d25bff691c1a4039faef054d655af94410d49f,c5cda6ca63a7d518902cf4b02d98b4aa0f373aaa0658d5c666d1c46d38871cb9,7a4e7d3fdb4317b5baf6ee117f45d30b6447d3570492c7abe9c8323881aa856d,b226b97e0e67288aaaf85726ad855df71cb81406685c57c8e8c40cd8996aa0da,468b2d71040b4d7e583c02ca2036c393a50a94c5,False,"{""VRP-EVRP-Project-Hub"": {""dirty"": false, ""path"": ""/Users/guoyiyang/Documents/GitHub/FURP-2026-Yiyang-GUO-EVRP-TW/reference/VRP-EVRP-Project-Hub"", ""revision"": ""e3a890065105f978187e532642c4442522215e02""}, ""py-ga-VRPTW"": {""dirty"": false, ""path"": ""/Users/guoyiyang/Documents/GitHub/FURP-2026-Yiyang-GUO-EVRP-TW/reference/py-ga-VRPTW"", ""revision"": ""8e005caaaf6471a4505588d88c7f0f5e0d4ebffa""}}",stage03.1_screening_attempt04,,preserve;see stage03_legacy_path_map.csv
stage03.2,cache_incremental,stage03.2_cache_incremental_rerun01,rerun01,stage03.2_cache_incremental_rerun01,stage03.2_cache_incremental_rerun01,smoke,r101_21,2014,"[""c101C5"", ""r105C5"", ""rc105C5"", ""c101_21"", ""r101_21"", ""rc101_21""]","[2014, 2015, 2016]",raw,verified_legacy,results/stage03.2_cache_incremental_rerun01/r101_21/2014/stage03.2_cache_incremental_rerun01_raw_r101_21_2014.json,results/stage03.2_cache_incremental_rerun01/raw/r101_21-alns_stage02_constraint_guided-2014.json,feasible,,pass,READY_FOR_STAGE032_FORMAL_MEASUREMENT,not_applicable,not_published,d46ee0ba7c02853ecc552217dce1eafbc85ce45afc6f7f2ab57444a4c3a16de9,raw_manifest,9f624c82445a8c93a5339e9ec5c2a2efc6ea99023cd1c72e12eb247273f53a01,4da5f1da3791d1a2538874fb51d25bff691c1a4039faef054d655af94410d49f,0e5a3dffffbd3c516b528ef32ba1a488b817d2f151fc3e8c81023814de1c103a,63a5c00110062c994d9b45913847645140d8e335a0ecfe1e1fad18da4b42fc9b,b226b97e0e67288aaaf85726ad855df71cb81406685c57c8e8c40cd8996aa0da,468b2d71040b4d7e583c02ca2036c393a50a94c5,False,"{""VRP-EVRP-Project-Hub"": {""dirty"": false, ""path"": ""/Users/guoyiyang/Documents/GitHub/FURP-2026-Yiyang-GUO-EVRP-TW/reference/VRP-EVRP-Project-Hub"", ""revision"": ""e3a890065105f978187e532642c4442522215e02""}, ""py-ga-VRPTW"": {""dirty"": false, ""path"": ""/Users/guoyiyang/Documents/GitHub/FURP-2026-Yiyang-GUO-EVRP-TW/reference/py-ga-VRPTW"", ""revision"": ""8e005caaaf6471a4505588d88c7f0f5e0d4ebffa""}}",stage03.1_screening_attempt04,,preserve;see stage03_legacy_path_map.csv
stage03.2,cache_incremental,stage03.2_cache_incremental_rerun01,rerun01,stage03.2_cache_incremental_rerun01,stage03.2_cache_incremental_rerun01,smoke,r101_21,2015,"[""c101C5"", ""r105C5"", ""rc105C5"", ""c101_21"", ""r101_21"", ""rc101_21""]","[2014, 2015, 2016]",raw,verified_legacy,results/stage03.2_cache_incremental_rerun01/r101_21/2015/stage03.2_cache_incremental_rerun01_raw_r101_21_2015.json,results/stage03.2_cache_incremental_rerun01/raw/r101_21-alns_stage02_constraint_guided-2015.json,feasible,,pass,READY_FOR_STAGE032_FORMAL_MEASUREMENT,not_applicable,not_published,e918b9fe88fde0fbf186414621a5eaa1a5a8cc44c6ecb2dade49857f741e505f,raw_manifest,9f624c82445a8c93a5339e9ec5c2a2efc6ea99023cd1c72e12eb247273f53a01,4da5f1da3791d1a2538874fb51d25bff691c1a4039faef054d655af94410d49f,0e5a3dffffbd3c516b528ef32ba1a488b817d2f151fc3e8c81023814de1c103a,8b64eebfa958d919afccaa9835e22698352c25eeb8e12ee784affdf67d895bee,b226b97e0e67288aaaf85726ad855df71cb81406685c57c8e8c40cd8996aa0da,468b2d71040b4d7e583c02ca2036c393a50a94c5,False,"{""VRP-EVRP-Project-Hub"": {""dirty"": false, ""path"": ""/Users/guoyiyang/Documents/GitHub/FURP-2026-Yiyang-GUO-EVRP-TW/reference/VRP-EVRP-Project-Hub"", ""revision"": ""e3a890065105f978187e532642c4442522215e02""}, ""py-ga-VRPTW"": {""dirty"": false, ""path"": ""/Users/guoyiyang/Documents/GitHub/FURP-2026-Yiyang-GUO-EVRP-TW/reference/py-ga-VRPTW"", ""revision"": ""8e005caaaf6471a4505588d88c7f0f5e0d4ebffa""}}",stage03.1_screening_attempt04,,preserve;see stage03_legacy_path_map.csv
stage03.2,cache_incremental,stage03.2_cache_incremental_rerun01,rerun01,stage03.2_cache_incremental_rerun01,stage03.2_cache_incremental_rerun01,smoke,r101_21,2016,"[""c101C5"", ""r105C5"", ""rc105C5"", ""c101_21"", ""r101_21"", ""rc101_21""]","[2014, 2015, 2016]",raw,verified_legacy,results/stage03.2_cache_incremental_rerun01/r101_21/2016/stage03.2_cache_incremental_rerun01_raw_r101_21_2016.json,results/stage03.2_cache_incremental_rerun01/raw/r101_21-alns_stage02_constraint_guided-2016.json,feasible,,pass,READY_FOR_STAGE032_FORMAL_MEASUREMENT,not_applicable,not_published,d561c76694a9cc9d2276a8b4c3ed3f787e127ab969d873dfb53d500ee00838a4,raw_manifest,9f624c82445a8c93a5339e9ec5c2a2efc6ea99023cd1c72e12eb247273f53a01,4da5f1da3791d1a2538874fb51d25bff691c1a4039faef054d655af94410d49f,0e5a3dffffbd3c516b528ef32ba1a488b817d2f151fc3e8c81023814de1c103a,8b8c3567a7ac88ac478c33da599dd0b0bdb25b9bcd5ab842e124403a661f5271,b226b97e0e67288aaaf85726ad855df71cb81406685c57c8e8c40cd8996aa0da,468b2d71040b4d7e583c02ca2036c393a50a94c5,False,"{""VRP-EVRP-Project-Hub"": {""dirty"": false, ""path"": ""/Users/guoyiyang/Documents/GitHub/FURP-2026-Yiyang-GUO-EVRP-TW/reference/VRP-EVRP-Project-Hub"", ""revision"": ""e3a890065105f978187e532642c4442522215e02""}, ""py-ga-VRPTW"": {""dirty"": false, ""path"": ""/Users/guoyiyang/Documents/GitHub/FURP-2026-Yiyang-GUO-EVRP-TW/reference/py-ga-VRPTW"", ""revision"": ""8e005caaaf6471a4505588d88c7f0f5e0d4ebffa""}}",stage03.1_screening_attempt04,,preserve;see stage03_legacy_path_map.csv
stage03.2,cache_incremental,stage03.2_cache_incremental_rerun01,rerun01,stage03.2_cache_incremental_rerun01,stage03.2_cache_incremental_rerun01,smoke,r105C5,2014,"[""c101C5"", ""r105C5"", ""rc105C5"", ""c101_21"", ""r101_21"", ""rc101_21""]","[2014, 2015, 2016]",raw,verified_legacy,results/stage03.2_cache_incremental_rerun01/r105C5/2014/stage03.2_cache_incremental_rerun01_raw_r105C5_2014.json,results/stage03.2_cache_incremental_rerun01/raw/r105C5-alns_stage02_constraint_guided-2014.json,feasible,,pass,READY_FOR_STAGE032_FORMAL_MEASUREMENT,not_applicable,not_published,3eb927d7c12858a0b6db66f4485427997e1dce9db806330288f25b0285894179,raw_manifest,9f624c82445a8c93a5339e9ec5c2a2efc6ea99023cd1c72e12eb247273f53a01,4da5f1da3791d1a2538874fb51d25bff691c1a4039faef054d655af94410d49f,eb27ec04e799ee6d39dee3d66f15128e197811afa8c664295acbdf6444176434,0aae6642f42a33e92e1b26550de03b8d97cba70fce5f4ffd7bfec5f214522dc9,b226b97e0e67288aaaf85726ad855df71cb81406685c57c8e8c40cd8996aa0da,468b2d71040b4d7e583c02ca2036c393a50a94c5,False,"{""VRP-EVRP-Project-Hub"": {""dirty"": false, ""path"": ""/Users/guoyiyang/Documents/GitHub/FURP-2026-Yiyang-GUO-EVRP-TW/reference/VRP-EVRP-Project-Hub"", ""revision"": ""e3a890065105f978187e532642c4442522215e02""}, ""py-ga-VRPTW"": {""dirty"": false, ""path"": ""/Users/guoyiyang/Documents/GitHub/FURP-2026-Yiyang-GUO-EVRP-TW/reference/py-ga-VRPTW"", ""revision"": ""8e005caaaf6471a4505588d88c7f0f5e0d4ebffa""}}",stage03.1_screening_attempt04,,preserve;see stage03_legacy_path_map.csv
stage03.2,cache_incremental,stage03.2_cache_incremental_rerun01,rerun01,stage03.2_cache_incremental_rerun01,stage03.2_cache_incremental_rerun01,smoke,r105C5,2015,"[""c101C5"", ""r105C5"", ""rc105C5"", ""c101_21"", ""r101_21"", ""rc101_21""]","[2014, 2015, 2016]",raw,verified_legacy,results/stage03.2_cache_incremental_rerun01/r105C5/2015/stage03.2_cache_incremental_rerun01_raw_r105C5_2015.json,results/stage03.2_cache_incremental_rerun01/raw/r105C5-alns_stage02_constraint_guided-2015.json,feasible,,pass,READY_FOR_STAGE032_FORMAL_MEASUREMENT,not_applicable,not_published,5d57939d094173cbcb1e22ff5461d753c30fd2768bad715d38d3dfd4622c8587,raw_manifest,9f624c82445a8c93a5339e9ec5c2a2efc6ea99023cd1c72e12eb247273f53a01,4da5f1da3791d1a2538874fb51d25bff691c1a4039faef054d655af94410d49f,eb27ec04e799ee6d39dee3d66f15128e197811afa8c664295acbdf6444176434,ef3cc8747c15035c1ace65cab56e66872b637f40638b3da0936dde9c59e1eef5,b226b97e0e67288aaaf85726ad855df71cb81406685c57c8e8c40cd8996aa0da,468b2d71040b4d7e583c02ca2036c393a50a94c5,False,"{""VRP-EVRP-Project-Hub"": {""dirty"": false, ""path"": ""/Users/guoyiyang/Documents/GitHub/FURP-2026-Yiyang-GUO-EVRP-TW/reference/VRP-EVRP-Project-Hub"", ""revision"": ""e3a890065105f978187e532642c4442522215e02""}, ""py-ga-VRPTW"": {""dirty"": false, ""path"": ""/Users/guoyiyang/Documents/GitHub/FURP-2026-Yiyang-GUO-EVRP-TW/reference/py-ga-VRPTW"", ""revision"": ""8e005caaaf6471a4505588d88c7f0f5e0d4ebffa""}}",stage03.1_screening_attempt04,,preserve;see stage03_legacy_path_map.csv
stage03.2,cache_incremental,stage03.2_cache_incremental_rerun01,rerun01,stage03.2_cache_incremental_rerun01,stage03.2_cache_incremental_rerun01,smoke,r105C5,2016,"[""c101C5"", ""r105C5"", ""rc105C5"", ""c101_21"", ""r101_21"", ""rc101_21""]","[2014, 2015, 2016]",raw,verified_legacy,results/stage03.2_cache_incremental_rerun01/r105C5/2016/stage03.2_cache_incremental_rerun01_raw_r105C5_2016.json,results/stage03.2_cache_incremental_rerun01/raw/r105C5-alns_stage02_constraint_guided-2016.json,feasible,,pass,READY_FOR_STAGE032_FORMAL_MEASUREMENT,not_applicable,not_published,9e8885892d5cad87278b6cca0cdc309bd231d53286dfbf05a7c55cf701d2fae0,raw_manifest,9f624c82445a8c93a5339e9ec5c2a2efc6ea99023cd1c72e12eb247273f53a01,4da5f1da3791d1a2538874fb51d25bff691c1a4039faef054d655af94410d49f,eb27ec04e799ee6d39dee3d66f15128e197811afa8c664295acbdf6444176434,20cef716800c16aa871e992e13647b9c83b8c0be42bb664b665150bacf6efc25,b226b97e0e67288aaaf85726ad855df71cb81406685c57c8e8c40cd8996aa0da,468b2d71040b4d7e583c02ca2036c393a50a94c5,False,"{""VRP-EVRP-Project-Hub"": {""dirty"": false, ""path"": ""/Users/guoyiyang/Documents/GitHub/FURP-2026-Yiyang-GUO-EVRP-TW/reference/VRP-EVRP-Project-Hub"", ""revision"": ""e3a890065105f978187e532642c4442522215e02""}, ""py-ga-VRPTW"": {""dirty"": false, ""path"": ""/Users/guoyiyang/Documents/GitHub/FURP-2026-Yiyang-GUO-EVRP-TW/reference/py-ga-VRPTW"", ""revision"": ""8e005caaaf6471a4505588d88c7f0f5e0d4ebffa""}}",stage03.1_screening_attempt04,,preserve;see stage03_legacy_path_map.csv
stage03.2,cache_incremental,stage03.2_cache_incremental_rerun01,rerun01,stage03.2_cache_incremental_rerun01,stage03.2_cache_incremental_rerun01,smoke,rc101_21,2014,"[""c101C5"", ""r105C5"", ""rc105C5"", ""c101_21"", ""r101_21"", ""rc101_21""]","[2014, 2015, 2016]",raw,verified_legacy,results/stage03.2_cache_incremental_rerun01/rc101_21/2014/stage03.2_cache_incremental_rerun01_raw_rc101_21_2014.json,results/stage03.2_cache_incremental_rerun01/raw/rc101_21-alns_stage02_constraint_guided-2014.json,feasible,,pass,READY_FOR_STAGE032_FORMAL_MEASUREMENT,not_applicable,not_published,3d26af124284472d4659597ff6f07d7a0ad88a00e4e42974cba0110aa57437bc,raw_manifest,9f624c82445a8c93a5339e9ec5c2a2efc6ea99023cd1c72e12eb247273f53a01,4da5f1da3791d1a2538874fb51d25bff691c1a4039faef054d655af94410d49f,272a3e58d53d4ba9516f01506164cf8a9b98bfeeb8dbd1fd62f6557e4c98e3a1,9f9a2f9cacd5a3d804dc6d8b9e65b0ca12a30048f09190b79992cde73a19d820,b226b97e0e67288aaaf85726ad855df71cb81406685c57c8e8c40cd8996aa0da,468b2d71040b4d7e583c02ca2036c393a50a94c5,False,"{""VRP-EVRP-Project-Hub"": {""dirty"": false, ""path"": ""/Users/guoyiyang/Documents/GitHub/FURP-2026-Yiyang-GUO-EVRP-TW/reference/VRP-EVRP-Project-Hub"", ""revision"": ""e3a890065105f978187e532642c4442522215e02""}, ""py-ga-VRPTW"": {""dirty"": false, ""path"": ""/Users/guoyiyang/Documents/GitHub/FURP-2026-Yiyang-GUO-EVRP-TW/reference/py-ga-VRPTW"", ""revision"": ""8e005caaaf6471a4505588d88c7f0f5e0d4ebffa""}}",stage03.1_screening_attempt04,,preserve;see stage03_legacy_path_map.csv
stage03.2,cache_incremental,stage03.2_cache_incremental_rerun01,rerun01,stage03.2_cache_incremental_rerun01,stage03.2_cache_incremental_rerun01,smoke,rc101_21,2015,"[""c101C5"", ""r105C5"", ""rc105C5"", ""c101_21"", ""r101_21"", ""rc101_21""]","[2014, 2015, 2016]",raw,verified_legacy,results/stage03.2_cache_incremental_rerun01/rc101_21/2015/stage03.2_cache_incremental_rerun01_raw_rc101_21_2015.json,results/stage03.2_cache_incremental_rerun01/raw/rc101_21-alns_stage02_constraint_guided-2015.json,feasible,,pass,READY_FOR_STAGE032_FORMAL_MEASUREMENT,not_applicable,not_published,e96ce1a52627bc01fb6bed0feb8b80c03a834a5ac1d34e24132f925d0ae213c9,raw_manifest,9f624c82445a8c93a5339e9ec5c2a2efc6ea99023cd1c72e12eb247273f53a01,4da5f1da3791d1a2538874fb51d25bff691c1a4039faef054d655af94410d49f,272a3e58d53d4ba9516f01506164cf8a9b98bfeeb8dbd1fd62f6557e4c98e3a1,7ee5a61e6a996d0d43266190c6ab4386754752b2733ff05ce8d5d8f737a4898e,b226b97e0e67288aaaf85726ad855df71cb81406685c57c8e8c40cd8996aa0da,468b2d71040b4d7e583c02ca2036c393a50a94c5,False,"{""VRP-EVRP-Project-Hub"": {""dirty"": false, ""path"": ""/Users/guoyiyang/Documents/GitHub/FURP-2026-Yiyang-GUO-EVRP-TW/reference/VRP-EVRP-Project-Hub"", ""revision"": ""e3a890065105f978187e532642c4442522215e02""}, ""py-ga-VRPTW"": {""dirty"": false, ""path"": ""/Users/guoyiyang/Documents/GitHub/FURP-2026-Yiyang-GUO-EVRP-TW/reference/py-ga-VRPTW"", ""revision"": ""8e005caaaf6471a4505588d88c7f0f5e0d4ebffa""}}",stage03.1_screening_attempt04,,preserve;see stage03_legacy_path_map.csv
stage03.2,cache_incremental,stage03.2_cache_incremental_rerun01,rerun01,stage03.2_cache_incremental_rerun01,stage03.2_cache_incremental_rerun01,smoke,rc101_21,2016,"[""c101C5"", ""r105C5"", ""rc105C5"", ""c101_21"", ""r101_21"", ""rc101_21""]","[2014, 2015, 2016]",raw,verified_legacy,results/stage03.2_cache_incremental_rerun01/rc101_21/2016/stage03.2_cache_incremental_rerun01_raw_rc101_21_2016.json,results/stage03.2_cache_incremental_rerun01/raw/rc101_21-alns_stage02_constraint_guided-2016.json,feasible,,pass,READY_FOR_STAGE032_FORMAL_MEASUREMENT,not_applicable,not_published,b94df7740b648d34b67ee23c5590778aa374f6bb7735ccb2d438fe6f983a793b,raw_manifest,9f624c82445a8c93a5339e9ec5c2a2efc6ea99023cd1c72e12eb247273f53a01,4da5f1da3791d1a2538874fb51d25bff691c1a4039faef054d655af94410d49f,272a3e58d53d4ba9516f01506164cf8a9b98bfeeb8dbd1fd62f6557e4c98e3a1,59cf23eab3ac0c5d8975793150fe7c371cff36657efb43839910e8eceaa9e3df,b226b97e0e67288aaaf85726ad855df71cb81406685c57c8e8c40cd8996aa0da,468b2d71040b4d7e583c02ca2036c393a50a94c5,False,"{""VRP-EVRP-Project-Hub"": {""dirty"": false, ""path"": ""/Users/guoyiyang/Documents/GitHub/FURP-2026-Yiyang-GUO-EVRP-TW/reference/VRP-EVRP-Project-Hub"", ""revision"": ""e3a890065105f978187e532642c4442522215e02""}, ""py-ga-VRPTW"": {""dirty"": false, ""path"": ""/Users/guoyiyang/Documents/GitHub/FURP-2026-Yiyang-GUO-EVRP-TW/reference/py-ga-VRPTW"", ""revision"": ""8e005caaaf6471a4505588d88c7f0f5e0d4ebffa""}}",stage03.1_screening_attempt04,,preserve;see stage03_legacy_path_map.csv
stage03.2,cache_incremental,stage03.2_cache_incremental_rerun01,rerun01,stage03.2_cache_incremental_rerun01,stage03.2_cache_incremental_rerun01,smoke,rc105C5,2014,"[""c101C5"", ""r105C5"", ""rc105C5"", ""c101_21"", ""r101_21"", ""rc101_21""]","[2014, 2015, 2016]",raw,verified_legacy,results/stage03.2_cache_incremental_rerun01/rc105C5/2014/stage03.2_cache_incremental_rerun01_raw_rc105C5_2014.json,results/stage03.2_cache_incremental_rerun01/raw/rc105C5-alns_stage02_constraint_guided-2014.json,feasible,,pass,READY_FOR_STAGE032_FORMAL_MEASUREMENT,not_applicable,not_published,76ec3f6575496280ea945b2a201682e1c0cb7b7e3c5284565a195032bff169d2,raw_manifest,9f624c82445a8c93a5339e9ec5c2a2efc6ea99023cd1c72e12eb247273f53a01,4da5f1da3791d1a2538874fb51d25bff691c1a4039faef054d655af94410d49f,2ccfba6c447fa43a994934690acb67c7355ca04d232394907ed6938bc362c643,a610eab738cf922da4bc30066b8fc59087e2fa83eb44786f5e3cab3b08015fdd,b226b97e0e67288aaaf85726ad855df71cb81406685c57c8e8c40cd8996aa0da,468b2d71040b4d7e583c02ca2036c393a50a94c5,False,"{""VRP-EVRP-Project-Hub"": {""dirty"": false, ""path"": ""/Users/guoyiyang/Documents/GitHub/FURP-2026-Yiyang-GUO-EVRP-TW/reference/VRP-EVRP-Project-Hub"", ""revision"": ""e3a890065105f978187e532642c4442522215e02""}, ""py-ga-VRPTW"": {""dirty"": false, ""path"": ""/Users/guoyiyang/Documents/GitHub/FURP-2026-Yiyang-GUO-EVRP-TW/reference/py-ga-VRPTW"", ""revision"": ""8e005caaaf6471a4505588d88c7f0f5e0d4ebffa""}}",stage03.1_screening_attempt04,,preserve;see stage03_legacy_path_map.csv
stage03.2,cache_incremental,stage03.2_cache_incremental_rerun01,rerun01,stage03.2_cache_incremental_rerun01,stage03.2_cache_incremental_rerun01,smoke,rc105C5,2015,"[""c101C5"", ""r105C5"", ""rc105C5"", ""c101_21"", ""r101_21"", ""rc101_21""]","[2014, 2015, 2016]",raw,verified_legacy,results/stage03.2_cache_incremental_rerun01/rc105C5/2015/stage03.2_cache_incremental_rerun01_raw_rc105C5_2015.json,results/stage03.2_cache_incremental_rerun01/raw/rc105C5-alns_stage02_constraint_guided-2015.json,feasible,,pass,READY_FOR_STAGE032_FORMAL_MEASUREMENT,not_applicable,not_published,f2f66c70630ed7b7fab5d748762d4d1f0452e07375b6c4c8dcf60fe13dec3450,raw_manifest,9f624c82445a8c93a5339e9ec5c2a2efc6ea99023cd1c72e12eb247273f53a01,4da5f1da3791d1a2538874fb51d25bff691c1a4039faef054d655af94410d49f,2ccfba6c447fa43a994934690acb67c7355ca04d232394907ed6938bc362c643,a0552ee834b7b8bffd8c8fc75152dfc39e3b1e198f5559a5262c1e2f19390954,b226b97e0e67288aaaf85726ad855df71cb81406685c57c8e8c40cd8996aa0da,468b2d71040b4d7e583c02ca2036c393a50a94c5,False,"{""VRP-EVRP-Project-Hub"": {""dirty"": false, ""path"": ""/Users/guoyiyang/Documents/GitHub/FURP-2026-Yiyang-GUO-EVRP-TW/reference/VRP-EVRP-Project-Hub"", ""revision"": ""e3a890065105f978187e532642c4442522215e02""}, ""py-ga-VRPTW"": {""dirty"": false, ""path"": ""/Users/guoyiyang/Documents/GitHub/FURP-2026-Yiyang-GUO-EVRP-TW/reference/py-ga-VRPTW"", ""revision"": ""8e005caaaf6471a4505588d88c7f0f5e0d4ebffa""}}",stage03.1_screening_attempt04,,preserve;see stage03_legacy_path_map.csv
stage03.2,cache_incremental,stage03.2_cache_incremental_rerun01,rerun01,stage03.2_cache_incremental_rerun01,stage03.2_cache_incremental_rerun01,smoke,rc105C5,2016,"[""c101C5"", ""r105C5"", ""rc105C5"", ""c101_21"", ""r101_21"", ""rc101_21""]","[2014, 2015, 2016]",raw,verified_legacy,results/stage03.2_cache_incremental_rerun01/rc105C5/2016/stage03.2_cache_incremental_rerun01_raw_rc105C5_2016.json,results/stage03.2_cache_incremental_rerun01/raw/rc105C5-alns_stage02_constraint_guided-2016.json,feasible,,pass,READY_FOR_STAGE032_FORMAL_MEASUREMENT,not_applicable,not_published,c2fb90eedd9db9c0a9a9d2e61f4d6f53b53d5f05f7650bfa4924074995156a33,raw_manifest,9f624c82445a8c93a5339e9ec5c2a2efc6ea99023cd1c72e12eb247273f53a01,4da5f1da3791d1a2538874fb51d25bff691c1a4039faef054d655af94410d49f,2ccfba6c447fa43a994934690acb67c7355ca04d232394907ed6938bc362c643,3b6dd47bec06b2467e2cbf94f1fb919507512af4887b026f8b845c0d11ea01d4,b226b97e0e67288aaaf85726ad855df71cb81406685c57c8e8c40cd8996aa0da,468b2d71040b4d7e583c02ca2036c393a50a94c5,False,"{""VRP-EVRP-Project-Hub"": {""dirty"": false, ""path"": ""/Users/guoyiyang/Documents/GitHub/FURP-2026-Yiyang-GUO-EVRP-TW/reference/VRP-EVRP-Project-Hub"", ""revision"": ""e3a890065105f978187e532642c4442522215e02""}, ""py-ga-VRPTW"": {""dirty"": false, ""path"": ""/Users/guoyiyang/Documents/GitHub/FURP-2026-Yiyang-GUO-EVRP-TW/reference/py-ga-VRPTW"", ""revision"": ""8e005caaaf6471a4505588d88c7f0f5e0d4ebffa""}}",stage03.1_screening_attempt04,,preserve;see stage03_legacy_path_map.csv
stage03.2,cache_incremental,stage03.2_cache_incremental_rerun01,rerun01,stage03.2_cache_incremental_rerun01,stage03.2_cache_incremental_rerun01,smoke,__all__,__all__,"[""c101C5"", ""r105C5"", ""rc105C5"", ""c101_21"", ""r101_21"", ""rc101_21""]","[2014, 2015, 2016]",raw_per_run_results,verified_legacy,results/stage03.2_cache_incremental_rerun01/all/all/stage03.2_cache_incremental_rerun01_raw_per_run_results.csv,results/stage03.2_cache_incremental_rerun01/raw_per_run_results.csv,feasible,,pass,READY_FOR_STAGE032_FORMAL_MEASUREMENT,not_applicable,not_published,31f247128a3b23b2602d1a1e0e5fa787aa3954215779d7607f2e67700a4f32b3,raw_manifest,9f624c82445a8c93a5339e9ec5c2a2efc6ea99023cd1c72e12eb247273f53a01,4da5f1da3791d1a2538874fb51d25bff691c1a4039faef054d655af94410d49f,,,b226b97e0e67288aaaf85726ad855df71cb81406685c57c8e8c40cd8996aa0da,468b2d71040b4d7e583c02ca2036c393a50a94c5,False,"{""VRP-EVRP-Project-Hub"": {""dirty"": false, ""path"": ""/Users/guoyiyang/Documents/GitHub/FURP-2026-Yiyang-GUO-EVRP-TW/reference/VRP-EVRP-Project-Hub"", ""revision"": ""e3a890065105f978187e532642c4442522215e02""}, ""py-ga-VRPTW"": {""dirty"": false, ""path"": ""/Users/guoyiyang/Documents/GitHub/FURP-2026-Yiyang-GUO-EVRP-TW/reference/py-ga-VRPTW"", ""revision"": ""8e005caaaf6471a4505588d88c7f0f5e0d4ebffa""}}",stage03.1_screening_attempt04,,preserve;see stage03_legacy_path_map.csv
stage03.2,cache_incremental,stage03.2_cache_incremental_rerun01,rerun01,stage03.2_cache_incremental_rerun01,stage03.2_cache_incremental_rerun01,smoke,__all__,__all__,"[""c101C5"", ""r105C5"", ""rc105C5"", ""c101_21"", ""r101_21"", ""rc101_21""]","[2014, 2015, 2016]",baseline_comparison,verified_legacy,results/stage03.2_cache_incremental_rerun01/review/stage03.2_cache_incremental_rerun01_baseline_comparison.csv,results/stage03.2_cache_incremental_rerun01/review/baseline_comparison.csv,feasible,,pass,READY_FOR_STAGE032_FORMAL_MEASUREMENT,not_applicable,not_published,5a3db34c9b2e03390b08d81eacf4308ea32acbe018855566aa7afd556dafb156,review_manifest,9f624c82445a8c93a5339e9ec5c2a2efc6ea99023cd1c72e12eb247273f53a01,4da5f1da3791d1a2538874fb51d25bff691c1a4039faef054d655af94410d49f,,,b226b97e0e67288aaaf85726ad855df71cb81406685c57c8e8c40cd8996aa0da,468b2d71040b4d7e583c02ca2036c393a50a94c5,False,"{""VRP-EVRP-Project-Hub"": {""dirty"": false, ""path"": ""/Users/guoyiyang/Documents/GitHub/FURP-2026-Yiyang-GUO-EVRP-TW/reference/VRP-EVRP-Project-Hub"", ""revision"": ""e3a890065105f978187e532642c4442522215e02""}, ""py-ga-VRPTW"": {""dirty"": false, ""path"": ""/Users/guoyiyang/Documents/GitHub/FURP-2026-Yiyang-GUO-EVRP-TW/reference/py-ga-VRPTW"", ""revision"": ""8e005caaaf6471a4505588d88c7f0f5e0d4ebffa""}}",stage03.1_screening_attempt04,,preserve;see stage03_legacy_path_map.csv
stage03.2,cache_incremental,stage03.2_cache_incremental_rerun01,rerun01,stage03.2_cache_incremental_rerun01,stage03.2_cache_incremental_rerun01,smoke,__all__,__all__,"[""c101C5"", ""r105C5"", ""rc105C5"", ""c101_21"", ""r101_21"", ""rc101_21""]","[2014, 2015, 2016]",review,verified_legacy,results/stage03.2_cache_incremental_rerun01/review/stage03.2_cache_incremental_rerun01_review.csv,results/stage03.2_cache_incremental_rerun01/review/cache_incremental_statistics.csv,feasible,,pass,READY_FOR_STAGE032_FORMAL_MEASUREMENT,not_applicable,not_published,bc2ddb6d77a83e4c1b06475ffd8062ccf87dd0716d7bfcacbd9f7f53e7814df3,review_manifest,9f624c82445a8c93a5339e9ec5c2a2efc6ea99023cd1c72e12eb247273f53a01,4da5f1da3791d1a2538874fb51d25bff691c1a4039faef054d655af94410d49f,,,b226b97e0e67288aaaf85726ad855df71cb81406685c57c8e8c40cd8996aa0da,468b2d71040b4d7e583c02ca2036c393a50a94c5,False,"{""VRP-EVRP-Project-Hub"": {""dirty"": false, ""path"": ""/Users/guoyiyang/Documents/GitHub/FURP-2026-Yiyang-GUO-EVRP-TW/reference/VRP-EVRP-Project-Hub"", ""revision"": ""e3a890065105f978187e532642c4442522215e02""}, ""py-ga-VRPTW"": {""dirty"": false, ""path"": ""/Users/guoyiyang/Documents/GitHub/FURP-2026-Yiyang-GUO-EVRP-TW/reference/py-ga-VRPTW"", ""revision"": ""8e005caaaf6471a4505588d88c7f0f5e0d4ebffa""}}",stage03.1_screening_attempt04,,preserve;see stage03_legacy_path_map.csv
stage03.2,cache_incremental,stage03.2_cache_incremental_rerun01,rerun01,stage03.2_cache_incremental_rerun01,stage03.2_cache_incremental_rerun01,smoke,__all__,__all__,"[""c101C5"", ""r105C5"", ""rc105C5"", ""c101_21"", ""r101_21"", ""rc101_21""]","[2014, 2015, 2016]",deadline_report,verified_legacy,results/stage03.2_cache_incremental_rerun01/review/stage03.2_cache_incremental_rerun01_deadline_report.csv,results/stage03.2_cache_incremental_rerun01/review/deadline_report.csv,feasible,,pass,READY_FOR_STAGE032_FORMAL_MEASUREMENT,not_applicable,not_published,34fa0ee4cd73c36b8a2de96c40bd866b3ce36e1bb3a29fad63d1f82048197735,review_manifest,9f624c82445a8c93a5339e9ec5c2a2efc6ea99023cd1c72e12eb247273f53a01,4da5f1da3791d1a2538874fb51d25bff691c1a4039faef054d655af94410d49f,,,b226b97e0e67288aaaf85726ad855df71cb81406685c57c8e8c40cd8996aa0da,468b2d71040b4d7e583c02ca2036c393a50a94c5,False,"{""VRP-EVRP-Project-Hub"": {""dirty"": false, ""path"": ""/Users/guoyiyang/Documents/GitHub/FURP-2026-Yiyang-GUO-EVRP-TW/reference/VRP-EVRP-Project-Hub"", ""revision"": ""e3a890065105f978187e532642c4442522215e02""}, ""py-ga-VRPTW"": {""dirty"": false, ""path"": ""/Users/guoyiyang/Documents/GitHub/FURP-2026-Yiyang-GUO-EVRP-TW/reference/py-ga-VRPTW"", ""revision"": ""8e005caaaf6471a4505588d88c7f0f5e0d4ebffa""}}",stage03.1_screening_attempt04,,preserve;see stage03_legacy_path_map.csv
stage03.2,cache_incremental,stage03.2_cache_incremental_rerun01,rerun01,stage03.2_cache_incremental_rerun01,stage03.2_cache_incremental_rerun01,smoke,__all__,__all__,"[""c101C5"", ""r105C5"", ""rc105C5"", ""c101_21"", ""r101_21"", ""rc101_21""]","[2014, 2015, 2016]",recomputed_per_run_results,verified_legacy,results/stage03.2_cache_incremental_rerun01/review/stage03.2_cache_incremental_rerun01_recomputed_per_run_results.csv,results/stage03.2_cache_incremental_rerun01/review/recomputed_per_run_results.csv,feasible,,pass,READY_FOR_STAGE032_FORMAL_MEASUREMENT,not_applicable,not_published,7aa3d4b3806e177fbc80806905699650beaf17e8f1cba4621ea2a9173199eb0c,review_manifest,9f624c82445a8c93a5339e9ec5c2a2efc6ea99023cd1c72e12eb247273f53a01,4da5f1da3791d1a2538874fb51d25bff691c1a4039faef054d655af94410d49f,,,b226b97e0e67288aaaf85726ad855df71cb81406685c57c8e8c40cd8996aa0da,468b2d71040b4d7e583c02ca2036c393a50a94c5,False,"{""VRP-EVRP-Project-Hub"": {""dirty"": false, ""path"": ""/Users/guoyiyang/Documents/GitHub/FURP-2026-Yiyang-GUO-EVRP-TW/reference/VRP-EVRP-Project-Hub"", ""revision"": ""e3a890065105f978187e532642c4442522215e02""}, ""py-ga-VRPTW"": {""dirty"": false, ""path"": ""/Users/guoyiyang/Documents/GitHub/FURP-2026-Yiyang-GUO-EVRP-TW/reference/py-ga-VRPTW"", ""revision"": ""8e005caaaf6471a4505588d88c7f0f5e0d4ebffa""}}",stage03.1_screening_attempt04,,preserve;see stage03_legacy_path_map.csv
stage03.2,cache_incremental,stage03.2_cache_incremental_rerun01,rerun01,stage03.2_cache_incremental_rerun01,stage03.2_cache_incremental_rerun01,smoke,__all__,__all__,"[""c101C5"", ""r105C5"", ""rc105C5"", ""c101_21"", ""r101_21"", ""rc101_21""]","[2014, 2015, 2016]",review_findings,verified_legacy,results/stage03.2_cache_incremental_rerun01/review/stage03.2_cache_incremental_rerun01_review_findings.csv,results/stage03.2_cache_incremental_rerun01/review/review_findings.csv,feasible,,pass,READY_FOR_STAGE032_FORMAL_MEASUREMENT,not_applicable,not_published,dee368c482c6c2e83ba358732e90f8086121523f19e67da9f040a3b736ef491f,review_manifest,9f624c82445a8c93a5339e9ec5c2a2efc6ea99023cd1c72e12eb247273f53a01,4da5f1da3791d1a2538874fb51d25bff691c1a4039faef054d655af94410d49f,,,b226b97e0e67288aaaf85726ad855df71cb81406685c57c8e8c40cd8996aa0da,468b2d71040b4d7e583c02ca2036c393a50a94c5,False,"{""VRP-EVRP-Project-Hub"": {""dirty"": false, ""path"": ""/Users/guoyiyang/Documents/GitHub/FURP-2026-Yiyang-GUO-EVRP-TW/reference/VRP-EVRP-Project-Hub"", ""revision"": ""e3a890065105f978187e532642c4442522215e02""}, ""py-ga-VRPTW"": {""dirty"": false, ""path"": ""/Users/guoyiyang/Documents/GitHub/FURP-2026-Yiyang-GUO-EVRP-TW/reference/py-ga-VRPTW"", ""revision"": ""8e005caaaf6471a4505588d88c7f0f5e0d4ebffa""}}",stage03.1_screening_attempt04,,preserve;see stage03_legacy_path_map.csv
stage03.2,cache_incremental,stage03.2_cache_incremental_rerun01,rerun01,stage03.2_cache_incremental_rerun01,stage03.2_cache_incremental_rerun01,smoke,__all__,__all__,"[""c101C5"", ""r105C5"", ""rc105C5"", ""c101_21"", ""r101_21"", ""rc101_21""]","[2014, 2015, 2016]",manifest,verified_legacy,results/stage03.2_cache_incremental_rerun01/review/stage03.2_cache_incremental_rerun01_manifest.json,results/stage03.2_cache_incremental_rerun01/review/review_manifest.json,feasible,,pass,READY_FOR_STAGE032_FORMAL_MEASUREMENT,not_applicable,not_published,3a58982b2ad279619fbd359e513462a4bfbab1d805d61ffb46c6f9806ea4b117,computed,9f624c82445a8c93a5339e9ec5c2a2efc6ea99023cd1c72e12eb247273f53a01,4da5f1da3791d1a2538874fb51d25bff691c1a4039faef054d655af94410d49f,,,b226b97e0e67288aaaf85726ad855df71cb81406685c57c8e8c40cd8996aa0da,468b2d71040b4d7e583c02ca2036c393a50a94c5,False,"{""VRP-EVRP-Project-Hub"": {""dirty"": false, ""path"": ""/Users/guoyiyang/Documents/GitHub/FURP-2026-Yiyang-GUO-EVRP-TW/reference/VRP-EVRP-Project-Hub"", ""revision"": ""e3a890065105f978187e532642c4442522215e02""}, ""py-ga-VRPTW"": {""dirty"": false, ""path"": ""/Users/guoyiyang/Documents/GitHub/FURP-2026-Yiyang-GUO-EVRP-TW/reference/py-ga-VRPTW"", ""revision"": ""8e005caaaf6471a4505588d88c7f0f5e0d4ebffa""}}",stage03.1_screening_attempt04,,preserve;see stage03_legacy_path_map.csv
stage03.2,cache_incremental,stage03.2_cache_incremental_rerun01,rerun01,stage03.2_cache_incremental_rerun01,stage03.2_cache_incremental_rerun01,smoke,__all__,__all__,"[""c101C5"", ""r105C5"", ""rc105C5"", ""c101_21"", ""r101_21"", ""rc101_21""]","[2014, 2015, 2016]",review_report,verified_legacy,results/stage03.2_cache_incremental_rerun01/review/stage03.2_cache_incremental_rerun01_review_report.md,results/stage03.2_cache_incremental_rerun01/review/review_report.md,feasible,,pass,READY_FOR_STAGE032_FORMAL_MEASUREMENT,not_applicable,not_published,b5ce9dffea273347c0bc1e4c88a3fe7a2abf7cbd4a86e833392ef605ab6ac6a9,review_manifest,9f624c82445a8c93a5339e9ec5c2a2efc6ea99023cd1c72e12eb247273f53a01,4da5f1da3791d1a2538874fb51d25bff691c1a4039faef054d655af94410d49f,,,b226b97e0e67288aaaf85726ad855df71cb81406685c57c8e8c40cd8996aa0da,468b2d71040b4d7e583c02ca2036c393a50a94c5,False,"{""VRP-EVRP-Project-Hub"": {""dirty"": false, ""path"": ""/Users/guoyiyang/Documents/GitHub/FURP-2026-Yiyang-GUO-EVRP-TW/reference/VRP-EVRP-Project-Hub"", ""revision"": ""e3a890065105f978187e532642c4442522215e02""}, ""py-ga-VRPTW"": {""dirty"": false, ""path"": ""/Users/guoyiyang/Documents/GitHub/FURP-2026-Yiyang-GUO-EVRP-TW/reference/py-ga-VRPTW"", ""revision"": ""8e005caaaf6471a4505588d88c7f0f5e0d4ebffa""}}",stage03.1_screening_attempt04,,preserve;see stage03_legacy_path_map.csv
stage03.2,cache_incremental,stage03.2_cache_incremental_rerun01,rerun01,stage03.2_cache_incremental_rerun01,stage03.2_cache_incremental_rerun01,smoke,__all__,__all__,"[""c101C5"", ""r105C5"", ""rc105C5"", ""c101_21"", ""r101_21"", ""rc101_21""]","[2014, 2015, 2016]",screening_reason_statistics,verified_legacy,results/stage03.2_cache_incremental_rerun01/review/stage03.2_cache_incremental_rerun01_screening_reason_statistics.csv,results/stage03.2_cache_incremental_rerun01/review/screening_reason_statistics.csv,feasible,,pass,READY_FOR_STAGE032_FORMAL_MEASUREMENT,not_applicable,not_published,498725b5c2b7e7ec41251e39241a832338c3ce0cbc3da442a7241368b3b48412,review_manifest,9f624c82445a8c93a5339e9ec5c2a2efc6ea99023cd1c72e12eb247273f53a01,4da5f1da3791d1a2538874fb51d25bff691c1a4039faef054d655af94410d49f,,,b226b97e0e67288aaaf85726ad855df71cb81406685c57c8e8c40cd8996aa0da,468b2d71040b4d7e583c02ca2036c393a50a94c5,False,"{""VRP-EVRP-Project-Hub"": {""dirty"": false, ""path"": ""/Users/guoyiyang/Documents/GitHub/FURP-2026-Yiyang-GUO-EVRP-TW/reference/VRP-EVRP-Project-Hub"", ""revision"": ""e3a890065105f978187e532642c4442522215e02""}, ""py-ga-VRPTW"": {""dirty"": false, ""path"": ""/Users/guoyiyang/Documents/GitHub/FURP-2026-Yiyang-GUO-EVRP-TW/reference/py-ga-VRPTW"", ""revision"": ""8e005caaaf6471a4505588d88c7f0f5e0d4ebffa""}}",stage03.1_screening_attempt04,,preserve;see stage03_legacy_path_map.csv
stage03.2,cache_incremental,stage03.2_cache_incremental_rerun01,rerun01,stage03.2_cache_incremental_rerun01,stage03.2_cache_incremental_rerun01,smoke,__all__,__all__,"[""c101C5"", ""r105C5"", ""rc105C5"", ""c101_21"", ""r101_21"", ""rc101_21""]","[2014, 2015, 2016]",stage03_formal_comparison,verified_legacy,results/stage03.2_cache_incremental_rerun01/review/stage03.2_cache_incremental_rerun01_stage03_formal_comparison.csv,results/stage03.2_cache_incremental_rerun01/review/stage03_formal_comparison.csv,feasible,,pass,READY_FOR_STAGE032_FORMAL_MEASUREMENT,not_applicable,not_published,daab0e5c55668d9829de5c4284a21a0a94e618c621f2b10bfb1664e98c425a86,review_manifest,9f624c82445a8c93a5339e9ec5c2a2efc6ea99023cd1c72e12eb247273f53a01,4da5f1da3791d1a2538874fb51d25bff691c1a4039faef054d655af94410d49f,,,b226b97e0e67288aaaf85726ad855df71cb81406685c57c8e8c40cd8996aa0da,468b2d71040b4d7e583c02ca2036c393a50a94c5,False,"{""VRP-EVRP-Project-Hub"": {""dirty"": false, ""path"": ""/Users/guoyiyang/Documents/GitHub/FURP-2026-Yiyang-GUO-EVRP-TW/reference/VRP-EVRP-Project-Hub"", ""revision"": ""e3a890065105f978187e532642c4442522215e02""}, ""py-ga-VRPTW"": {""dirty"": false, ""path"": ""/Users/guoyiyang/Documents/GitHub/FURP-2026-Yiyang-GUO-EVRP-TW/reference/py-ga-VRPTW"", ""revision"": ""8e005caaaf6471a4505588d88c7f0f5e0d4ebffa""}}",stage03.1_screening_attempt04,,preserve;see stage03_legacy_path_map.csv
stage03.2,cache_incremental,stage03.2_cache_incremental_rerun01,rerun01,stage03.2_cache_incremental_rerun01,stage03.2_cache_incremental_rerun01,smoke,__all__,__all__,"[""c101C5"", ""r105C5"", ""rc105C5"", ""c101_21"", ""r101_21"", ""rc101_21""]","[2014, 2015, 2016]",stage03_readiness,verified_legacy,results/stage03.2_cache_incremental_rerun01/review/stage03.2_cache_incremental_rerun01_stage03_readiness.csv,results/stage03.2_cache_incremental_rerun01/review/stage03_readiness.csv,feasible,,pass,READY_FOR_STAGE032_FORMAL_MEASUREMENT,not_applicable,not_published,7e69660faea98869b2461c738d1521e28cd93a5a66c389a13e76c7240c59372d,review_manifest,9f624c82445a8c93a5339e9ec5c2a2efc6ea99023cd1c72e12eb247273f53a01,4da5f1da3791d1a2538874fb51d25bff691c1a4039faef054d655af94410d49f,,,b226b97e0e67288aaaf85726ad855df71cb81406685c57c8e8c40cd8996aa0da,468b2d71040b4d7e583c02ca2036c393a50a94c5,False,"{""VRP-EVRP-Project-Hub"": {""dirty"": false, ""path"": ""/Users/guoyiyang/Documents/GitHub/FURP-2026-Yiyang-GUO-EVRP-TW/reference/VRP-EVRP-Project-Hub"", ""revision"": ""e3a890065105f978187e532642c4442522215e02""}, ""py-ga-VRPTW"": {""dirty"": false, ""path"": ""/Users/guoyiyang/Documents/GitHub/FURP-2026-Yiyang-GUO-EVRP-TW/reference/py-ga-VRPTW"", ""revision"": ""8e005caaaf6471a4505588d88c7f0f5e0d4ebffa""}}",stage03.1_screening_attempt04,,preserve;see stage03_legacy_path_map.csv
stage03.2,cache_incremental,stage03.2_cache_incremental_rerun01,rerun01,stage03.2_cache_incremental_rerun01,stage03.2_cache_incremental_rerun01,smoke,__all__,__all__,"[""c101C5"", ""r105C5"", ""rc105C5"", ""c101_21"", ""r101_21"", ""rc101_21""]","[2014, 2015, 2016]",summary_results,verified_legacy,results/stage03.2_cache_incremental_rerun01/review/stage03.2_cache_incremental_rerun01_summary_results.csv,results/stage03.2_cache_incremental_rerun01/review/summary_results.csv,feasible,,pass,READY_FOR_STAGE032_FORMAL_MEASUREMENT,not_applicable,not_published,01cf95c8d2120dcc11322a0d825c2634bf97302b7a625ab0ef78c147c6327c37,review_manifest,9f624c82445a8c93a5339e9ec5c2a2efc6ea99023cd1c72e12eb247273f53a01,4da5f1da3791d1a2538874fb51d25bff691c1a4039faef054d655af94410d49f,,,b226b97e0e67288aaaf85726ad855df71cb81406685c57c8e8c40cd8996aa0da,468b2d71040b4d7e583c02ca2036c393a50a94c5,False,"{""VRP-EVRP-Project-Hub"": {""dirty"": false, ""path"": ""/Users/guoyiyang/Documents/GitHub/FURP-2026-Yiyang-GUO-EVRP-TW/reference/VRP-EVRP-Project-Hub"", ""revision"": ""e3a890065105f978187e532642c4442522215e02""}, ""py-ga-VRPTW"": {""dirty"": false, ""path"": ""/Users/guoyiyang/Documents/GitHub/FURP-2026-Yiyang-GUO-EVRP-TW/reference/py-ga-VRPTW"", ""revision"": ""8e005caaaf6471a4505588d88c7f0f5e0d4ebffa""}}",stage03.1_screening_attempt04,,preserve;see stage03_legacy_path_map.csv
stage03.2,cache_incremental,stage03.2_cache_incremental_rerun01,rerun01,stage03.2_cache_incremental_rerun01,stage03.2_cache_incremental_rerun01,smoke,__all__,__all__,"[""c101C5"", ""r105C5"", ""rc105C5"", ""c101_21"", ""r101_21"", ""rc101_21""]","[2014, 2015, 2016]",trace_reconciliation,verified_legacy,results/stage03.2_cache_incremental_rerun01/review/stage03.2_cache_incremental_rerun01_trace_reconciliation.csv,results/stage03.2_cache_incremental_rerun01/review/trace_reconciliation.csv,feasible,,pass,READY_FOR_STAGE032_FORMAL_MEASUREMENT,not_applicable,not_published,ca276d2392d885aae50cf70b8b365ec81480ec23311a828f01db79d4aa3b16c4,review_manifest,9f624c82445a8c93a5339e9ec5c2a2efc6ea99023cd1c72e12eb247273f53a01,4da5f1da3791d1a2538874fb51d25bff691c1a4039faef054d655af94410d49f,,,b226b97e0e67288aaaf85726ad855df71cb81406685c57c8e8c40cd8996aa0da,468b2d71040b4d7e583c02ca2036c393a50a94c5,False,"{""VRP-EVRP-Project-Hub"": {""dirty"": false, ""path"": ""/Users/guoyiyang/Documents/GitHub/FURP-2026-Yiyang-GUO-EVRP-TW/reference/VRP-EVRP-Project-Hub"", ""revision"": ""e3a890065105f978187e532642c4442522215e02""}, ""py-ga-VRPTW"": {""dirty"": false, ""path"": ""/Users/guoyiyang/Documents/GitHub/FURP-2026-Yiyang-GUO-EVRP-TW/reference/py-ga-VRPTW"", ""revision"": ""8e005caaaf6471a4505588d88c7f0f5e0d4ebffa""}}",stage03.1_screening_attempt04,,preserve;see stage03_legacy_path_map.csv
stage03.2,cache_incremental,stage03.2_cache_incremental_rerun01,rerun01,stage03.2_cache_incremental_rerun01,stage03.2_cache_incremental_rerun01,smoke,__all__,__all__,"[""c101C5"", ""r105C5"", ""rc105C5"", ""c101_21"", ""r101_21"", ""rc101_21""]","[2014, 2015, 2016]",manifest_metadata,verified_legacy,results/stage03.2_cache_incremental_rerun01/control/stage03.2_cache_incremental_rerun01_manifest_metadata.json,results/stage03.2_cache_incremental_rerun01/run_metadata.json,feasible,,pass,READY_FOR_STAGE032_FORMAL_MEASUREMENT,not_applicable,not_published,d670ada81f6b33c302fb73cd3698ea204c8e62bea44be3abdbee407477ebe12a,raw_manifest,9f624c82445a8c93a5339e9ec5c2a2efc6ea99023cd1c72e12eb247273f53a01,4da5f1da3791d1a2538874fb51d25bff691c1a4039faef054d655af94410d49f,,,b226b97e0e67288aaaf85726ad855df71cb81406685c57c8e8c40cd8996aa0da,468b2d71040b4d7e583c02ca2036c393a50a94c5,False,"{""VRP-EVRP-Project-Hub"": {""dirty"": false, ""path"": ""/Users/guoyiyang/Documents/GitHub/FURP-2026-Yiyang-GUO-EVRP-TW/reference/VRP-EVRP-Project-Hub"", ""revision"": ""e3a890065105f978187e532642c4442522215e02""}, ""py-ga-VRPTW"": {""dirty"": false, ""path"": ""/Users/guoyiyang/Documents/GitHub/FURP-2026-Yiyang-GUO-EVRP-TW/reference/py-ga-VRPTW"", ""revision"": ""8e005caaaf6471a4505588d88c7f0f5e0d4ebffa""}}",stage03.1_screening_attempt04,,preserve;see stage03_legacy_path_map.csv
stage03.2,cache_incremental,stage03.2_cache_incremental_rerun01,rerun01,stage03.2_cache_incremental_rerun01,stage03.2_cache_incremental_rerun01,smoke,c101C5,2014,"[""c101C5"", ""r105C5"", ""rc105C5"", ""c101_21"", ""r101_21"", ""rc101_21""]","[2014, 2015, 2016]",solution,verified_legacy,results/stage03.2_cache_incremental_rerun01/c101C5/2014/stage03.2_cache_incremental_rerun01_solution_c101C5_2014.json,results/stage03.2_cache_incremental_rerun01/solutions/c101C5-alns_stage02_constraint_guided-2014.json,feasible,,pass,READY_FOR_STAGE032_FORMAL_MEASUREMENT,not_applicable,not_published,9bc8fee0911b09e57f4c1760425edda3cc71aa25ca5ca403fe05e225b211d7d0,raw_manifest,9f624c82445a8c93a5339e9ec5c2a2efc6ea99023cd1c72e12eb247273f53a01,4da5f1da3791d1a2538874fb51d25bff691c1a4039faef054d655af94410d49f,8612d6d9aad051776097a5e50c7408f39352b8107b0639d58e5eda713f9ff876,cdcd3859716443f964ed0da481821dde35b6d5c22e0b032fd083b3b7d0ddd653,b226b97e0e67288aaaf85726ad855df71cb81406685c57c8e8c40cd8996aa0da,468b2d71040b4d7e583c02ca2036c393a50a94c5,False,"{""VRP-EVRP-Project-Hub"": {""dirty"": false, ""path"": ""/Users/guoyiyang/Documents/GitHub/FURP-2026-Yiyang-GUO-EVRP-TW/reference/VRP-EVRP-Project-Hub"", ""revision"": ""e3a890065105f978187e532642c4442522215e02""}, ""py-ga-VRPTW"": {""dirty"": false, ""path"": ""/Users/guoyiyang/Documents/GitHub/FURP-2026-Yiyang-GUO-EVRP-TW/reference/py-ga-VRPTW"", ""revision"": ""8e005caaaf6471a4505588d88c7f0f5e0d4ebffa""}}",stage03.1_screening_attempt04,,preserve;see stage03_legacy_path_map.csv
stage03.2,cache_incremental,stage03.2_cache_incremental_rerun01,rerun01,stage03.2_cache_incremental_rerun01,stage03.2_cache_incremental_rerun01,smoke,c101C5,2015,"[""c101C5"", ""r105C5"", ""rc105C5"", ""c101_21"", ""r101_21"", ""rc101_21""]","[2014, 2015, 2016]",solution,verified_legacy,results/stage03.2_cache_incremental_rerun01/c101C5/2015/stage03.2_cache_incremental_rerun01_solution_c101C5_2015.json,results/stage03.2_cache_incremental_rerun01/solutions/c101C5-alns_stage02_constraint_guided-2015.json,feasible,,pass,READY_FOR_STAGE032_FORMAL_MEASUREMENT,not_applicable,not_published,b1855d6e454679257dcdf716439c863951f9a787db170ef0e33534d15ccfb467,raw_manifest,9f624c82445a8c93a5339e9ec5c2a2efc6ea99023cd1c72e12eb247273f53a01,4da5f1da3791d1a2538874fb51d25bff691c1a4039faef054d655af94410d49f,8612d6d9aad051776097a5e50c7408f39352b8107b0639d58e5eda713f9ff876,8df3cd049e2945401139c3a4a7c09a70860db34cf20db98fd0cab3f37837824b,b226b97e0e67288aaaf85726ad855df71cb81406685c57c8e8c40cd8996aa0da,468b2d71040b4d7e583c02ca2036c393a50a94c5,False,"{""VRP-EVRP-Project-Hub"": {""dirty"": false, ""path"": ""/Users/guoyiyang/Documents/GitHub/FURP-2026-Yiyang-GUO-EVRP-TW/reference/VRP-EVRP-Project-Hub"", ""revision"": ""e3a890065105f978187e532642c4442522215e02""}, ""py-ga-VRPTW"": {""dirty"": false, ""path"": ""/Users/guoyiyang/Documents/GitHub/FURP-2026-Yiyang-GUO-EVRP-TW/reference/py-ga-VRPTW"", ""revision"": ""8e005caaaf6471a4505588d88c7f0f5e0d4ebffa""}}",stage03.1_screening_attempt04,,preserve;see stage03_legacy_path_map.csv
stage03.2,cache_incremental,stage03.2_cache_incremental_rerun01,rerun01,stage03.2_cache_incremental_rerun01,stage03.2_cache_incremental_rerun01,smoke,c101C5,2016,"[""c101C5"", ""r105C5"", ""rc105C5"", ""c101_21"", ""r101_21"", ""rc101_21""]","[2014, 2015, 2016]",solution,verified_legacy,results/stage03.2_cache_incremental_rerun01/c101C5/2016/stage03.2_cache_incremental_rerun01_solution_c101C5_2016.json,results/stage03.2_cache_incremental_rerun01/solutions/c101C5-alns_stage02_constraint_guided-2016.json,feasible,,pass,READY_FOR_STAGE032_FORMAL_MEASUREMENT,not_applicable,not_published,f51c31019783882711b0321089a25ed837ee0dcece584f9264c1fe160ea9f5b1,raw_manifest,9f624c82445a8c93a5339e9ec5c2a2efc6ea99023cd1c72e12eb247273f53a01,4da5f1da3791d1a2538874fb51d25bff691c1a4039faef054d655af94410d49f,8612d6d9aad051776097a5e50c7408f39352b8107b0639d58e5eda713f9ff876,8629b690ae4cca94f2660971202c883d7ca1fcfefbbf8d1affbb4ebd7657d254,b226b97e0e67288aaaf85726ad855df71cb81406685c57c8e8c40cd8996aa0da,468b2d71040b4d7e583c02ca2036c393a50a94c5,False,"{""VRP-EVRP-Project-Hub"": {""dirty"": false, ""path"": ""/Users/guoyiyang/Documents/GitHub/FURP-2026-Yiyang-GUO-EVRP-TW/reference/VRP-EVRP-Project-Hub"", ""revision"": ""e3a890065105f978187e532642c4442522215e02""}, ""py-ga-VRPTW"": {""dirty"": false, ""path"": ""/Users/guoyiyang/Documents/GitHub/FURP-2026-Yiyang-GUO-EVRP-TW/reference/py-ga-VRPTW"", ""revision"": ""8e005caaaf6471a4505588d88c7f0f5e0d4ebffa""}}",stage03.1_screening_attempt04,,preserve;see stage03_legacy_path_map.csv
stage03.2,cache_incremental,stage03.2_cache_incremental_rerun01,rerun01,stage03.2_cache_incremental_rerun01,stage03.2_cache_incremental_rerun01,smoke,c101_21,2014,"[""c101C5"", ""r105C5"", ""rc105C5"", ""c101_21"", ""r101_21"", ""rc101_21""]","[2014, 2015, 2016]",solution,verified_legacy,results/stage03.2_cache_incremental_rerun01/c101_21/2014/stage03.2_cache_incremental_rerun01_solution_c101_21_2014.json,results/stage03.2_cache_incremental_rerun01/solutions/c101_21-alns_stage02_constraint_guided-2014.json,feasible,,pass,READY_FOR_STAGE032_FORMAL_MEASUREMENT,not_applicable,not_published,bfbebb5e3fba341e978d9498dc7826048950b3d058fa159e702be9e1832347c4,raw_manifest,9f624c82445a8c93a5339e9ec5c2a2efc6ea99023cd1c72e12eb247273f53a01,4da5f1da3791d1a2538874fb51d25bff691c1a4039faef054d655af94410d49f,c5cda6ca63a7d518902cf4b02d98b4aa0f373aaa0658d5c666d1c46d38871cb9,d34a3d627b3c9a3c7cfcf395d20b5aa9ff8076a0aea574d2a38a82d2232d9683,b226b97e0e67288aaaf85726ad855df71cb81406685c57c8e8c40cd8996aa0da,468b2d71040b4d7e583c02ca2036c393a50a94c5,False,"{""VRP-EVRP-Project-Hub"": {""dirty"": false, ""path"": ""/Users/guoyiyang/Documents/GitHub/FURP-2026-Yiyang-GUO-EVRP-TW/reference/VRP-EVRP-Project-Hub"", ""revision"": ""e3a890065105f978187e532642c4442522215e02""}, ""py-ga-VRPTW"": {""dirty"": false, ""path"": ""/Users/guoyiyang/Documents/GitHub/FURP-2026-Yiyang-GUO-EVRP-TW/reference/py-ga-VRPTW"", ""revision"": ""8e005caaaf6471a4505588d88c7f0f5e0d4ebffa""}}",stage03.1_screening_attempt04,,preserve;see stage03_legacy_path_map.csv
stage03.2,cache_incremental,stage03.2_cache_incremental_rerun01,rerun01,stage03.2_cache_incremental_rerun01,stage03.2_cache_incremental_rerun01,smoke,c101_21,2015,"[""c101C5"", ""r105C5"", ""rc105C5"", ""c101_21"", ""r101_21"", ""rc101_21""]","[2014, 2015, 2016]",solution,verified_legacy,results/stage03.2_cache_incremental_rerun01/c101_21/2015/stage03.2_cache_incremental_rerun01_solution_c101_21_2015.json,results/stage03.2_cache_incremental_rerun01/solutions/c101_21-alns_stage02_constraint_guided-2015.json,feasible,,pass,READY_FOR_STAGE032_FORMAL_MEASUREMENT,not_applicable,not_published,89c49bdd2e8cc8070049c67b15872e39f34bb34e4b34893b07ab8d2d6b213208,raw_manifest,9f624c82445a8c93a5339e9ec5c2a2efc6ea99023cd1c72e12eb247273f53a01,4da5f1da3791d1a2538874fb51d25bff691c1a4039faef054d655af94410d49f,c5cda6ca63a7d518902cf4b02d98b4aa0f373aaa0658d5c666d1c46d38871cb9,7dcd527a390af8e1cdbb3582d91d41695da94f7536f262603476f9ddd35c94df,b226b97e0e67288aaaf85726ad855df71cb81406685c57c8e8c40cd8996aa0da,468b2d71040b4d7e583c02ca2036c393a50a94c5,False,"{""VRP-EVRP-Project-Hub"": {""dirty"": false, ""path"": ""/Users/guoyiyang/Documents/GitHub/FURP-2026-Yiyang-GUO-EVRP-TW/reference/VRP-EVRP-Project-Hub"", ""revision"": ""e3a890065105f978187e532642c4442522215e02""}, ""py-ga-VRPTW"": {""dirty"": false, ""path"": ""/Users/guoyiyang/Documents/GitHub/FURP-2026-Yiyang-GUO-EVRP-TW/reference/py-ga-VRPTW"", ""revision"": ""8e005caaaf6471a4505588d88c7f0f5e0d4ebffa""}}",stage03.1_screening_attempt04,,preserve;see stage03_legacy_path_map.csv
stage03.2,cache_incremental,stage03.2_cache_incremental_rerun01,rerun01,stage03.2_cache_incremental_rerun01,stage03.2_cache_incremental_rerun01,smoke,c101_21,2016,"[""c101C5"", ""r105C5"", ""rc105C5"", ""c101_21"", ""r101_21"", ""rc101_21""]","[2014, 2015, 2016]",solution,verified_legacy,results/stage03.2_cache_incremental_rerun01/c101_21/2016/stage03.2_cache_incremental_rerun01_solution_c101_21_2016.json,results/stage03.2_cache_incremental_rerun01/solutions/c101_21-alns_stage02_constraint_guided-2016.json,feasible,,pass,READY_FOR_STAGE032_FORMAL_MEASUREMENT,not_applicable,not_published,bb81a5428e7df7d06b4651d35ec399223c9a5b9d76dafb3577158755a4b13a55,raw_manifest,9f624c82445a8c93a5339e9ec5c2a2efc6ea99023cd1c72e12eb247273f53a01,4da5f1da3791d1a2538874fb51d25bff691c1a4039faef054d655af94410d49f,c5cda6ca63a7d518902cf4b02d98b4aa0f373aaa0658d5c666d1c46d38871cb9,7a4e7d3fdb4317b5baf6ee117f45d30b6447d3570492c7abe9c8323881aa856d,b226b97e0e67288aaaf85726ad855df71cb81406685c57c8e8c40cd8996aa0da,468b2d71040b4d7e583c02ca2036c393a50a94c5,False,"{""VRP-EVRP-Project-Hub"": {""dirty"": false, ""path"": ""/Users/guoyiyang/Documents/GitHub/FURP-2026-Yiyang-GUO-EVRP-TW/reference/VRP-EVRP-Project-Hub"", ""revision"": ""e3a890065105f978187e532642c4442522215e02""}, ""py-ga-VRPTW"": {""dirty"": false, ""path"": ""/Users/guoyiyang/Documents/GitHub/FURP-2026-Yiyang-GUO-EVRP-TW/reference/py-ga-VRPTW"", ""revision"": ""8e005caaaf6471a4505588d88c7f0f5e0d4ebffa""}}",stage03.1_screening_attempt04,,preserve;see stage03_legacy_path_map.csv
stage03.2,cache_incremental,stage03.2_cache_incremental_rerun01,rerun01,stage03.2_cache_incremental_rerun01,stage03.2_cache_incremental_rerun01,smoke,r101_21,2014,"[""c101C5"", ""r105C5"", ""rc105C5"", ""c101_21"", ""r101_21"", ""rc101_21""]","[2014, 2015, 2016]",solution,verified_legacy,results/stage03.2_cache_incremental_rerun01/r101_21/2014/stage03.2_cache_incremental_rerun01_solution_r101_21_2014.json,results/stage03.2_cache_incremental_rerun01/solutions/r101_21-alns_stage02_constraint_guided-2014.json,feasible,,pass,READY_FOR_STAGE032_FORMAL_MEASUREMENT,not_applicable,not_published,0f6eb4be7e43a99055ce34539ddd8dc39da5f02524ad20fa07e2f02caffb82f5,raw_manifest,9f624c82445a8c93a5339e9ec5c2a2efc6ea99023cd1c72e12eb247273f53a01,4da5f1da3791d1a2538874fb51d25bff691c1a4039faef054d655af94410d49f,0e5a3dffffbd3c516b528ef32ba1a488b817d2f151fc3e8c81023814de1c103a,63a5c00110062c994d9b45913847645140d8e335a0ecfe1e1fad18da4b42fc9b,b226b97e0e67288aaaf85726ad855df71cb81406685c57c8e8c40cd8996aa0da,468b2d71040b4d7e583c02ca2036c393a50a94c5,False,"{""VRP-EVRP-Project-Hub"": {""dirty"": false, ""path"": ""/Users/guoyiyang/Documents/GitHub/FURP-2026-Yiyang-GUO-EVRP-TW/reference/VRP-EVRP-Project-Hub"", ""revision"": ""e3a890065105f978187e532642c4442522215e02""}, ""py-ga-VRPTW"": {""dirty"": false, ""path"": ""/Users/guoyiyang/Documents/GitHub/FURP-2026-Yiyang-GUO-EVRP-TW/reference/py-ga-VRPTW"", ""revision"": ""8e005caaaf6471a4505588d88c7f0f5e0d4ebffa""}}",stage03.1_screening_attempt04,,preserve;see stage03_legacy_path_map.csv
stage03.2,cache_incremental,stage03.2_cache_incremental_rerun01,rerun01,stage03.2_cache_incremental_rerun01,stage03.2_cache_incremental_rerun01,smoke,r101_21,2015,"[""c101C5"", ""r105C5"", ""rc105C5"", ""c101_21"", ""r101_21"", ""rc101_21""]","[2014, 2015, 2016]",solution,verified_legacy,results/stage03.2_cache_incremental_rerun01/r101_21/2015/stage03.2_cache_incremental_rerun01_solution_r101_21_2015.json,results/stage03.2_cache_incremental_rerun01/solutions/r101_21-alns_stage02_constraint_guided-2015.json,feasible,,pass,READY_FOR_STAGE032_FORMAL_MEASUREMENT,not_applicable,not_published,0598392691acb93e748b0a165cf3cf6af98be6aa556129dee7aecc542a158d6b,raw_manifest,9f624c82445a8c93a5339e9ec5c2a2efc6ea99023cd1c72e12eb247273f53a01,4da5f1da3791d1a2538874fb51d25bff691c1a4039faef054d655af94410d49f,0e5a3dffffbd3c516b528ef32ba1a488b817d2f151fc3e8c81023814de1c103a,8b64eebfa958d919afccaa9835e22698352c25eeb8e12ee784affdf67d895bee,b226b97e0e67288aaaf85726ad855df71cb81406685c57c8e8c40cd8996aa0da,468b2d71040b4d7e583c02ca2036c393a50a94c5,False,"{""VRP-EVRP-Project-Hub"": {""dirty"": false, ""path"": ""/Users/guoyiyang/Documents/GitHub/FURP-2026-Yiyang-GUO-EVRP-TW/reference/VRP-EVRP-Project-Hub"", ""revision"": ""e3a890065105f978187e532642c4442522215e02""}, ""py-ga-VRPTW"": {""dirty"": false, ""path"": ""/Users/guoyiyang/Documents/GitHub/FURP-2026-Yiyang-GUO-EVRP-TW/reference/py-ga-VRPTW"", ""revision"": ""8e005caaaf6471a4505588d88c7f0f5e0d4ebffa""}}",stage03.1_screening_attempt04,,preserve;see stage03_legacy_path_map.csv
stage03.2,cache_incremental,stage03.2_cache_incremental_rerun01,rerun01,stage03.2_cache_incremental_rerun01,stage03.2_cache_incremental_rerun01,smoke,r101_21,2016,"[""c101C5"", ""r105C5"", ""rc105C5"", ""c101_21"", ""r101_21"", ""rc101_21""]","[2014, 2015, 2016]",solution,verified_legacy,results/stage03.2_cache_incremental_rerun01/r101_21/2016/stage03.2_cache_incremental_rerun01_solution_r101_21_2016.json,results/stage03.2_cache_incremental_rerun01/solutions/r101_21-alns_stage02_constraint_guided-2016.json,feasible,,pass,READY_FOR_STAGE032_FORMAL_MEASUREMENT,not_applicable,not_published,8c11ba54bd00d8e03dd04f927e2ee9c02174915748cd911c8f22aad016adf6d6,raw_manifest,9f624c82445a8c93a5339e9ec5c2a2efc6ea99023cd1c72e12eb247273f53a01,4da5f1da3791d1a2538874fb51d25bff691c1a4039faef054d655af94410d49f,0e5a3dffffbd3c516b528ef32ba1a488b817d2f151fc3e8c81023814de1c103a,8b8c3567a7ac88ac478c33da599dd0b0bdb25b9bcd5ab842e124403a661f5271,b226b97e0e67288aaaf85726ad855df71cb81406685c57c8e8c40cd8996aa0da,468b2d71040b4d7e583c02ca2036c393a50a94c5,False,"{""VRP-EVRP-Project-Hub"": {""dirty"": false, ""path"": ""/Users/guoyiyang/Documents/GitHub/FURP-2026-Yiyang-GUO-EVRP-TW/reference/VRP-EVRP-Project-Hub"", ""revision"": ""e3a890065105f978187e532642c4442522215e02""}, ""py-ga-VRPTW"": {""dirty"": false, ""path"": ""/Users/guoyiyang/Documents/GitHub/FURP-2026-Yiyang-GUO-EVRP-TW/reference/py-ga-VRPTW"", ""revision"": ""8e005caaaf6471a4505588d88c7f0f5e0d4ebffa""}}",stage03.1_screening_attempt04,,preserve;see stage03_legacy_path_map.csv
stage03.2,cache_incremental,stage03.2_cache_incremental_rerun01,rerun01,stage03.2_cache_incremental_rerun01,stage03.2_cache_incremental_rerun01,smoke,r105C5,2014,"[""c101C5"", ""r105C5"", ""rc105C5"", ""c101_21"", ""r101_21"", ""rc101_21""]","[2014, 2015, 2016]",solution,verified_legacy,results/stage03.2_cache_incremental_rerun01/r105C5/2014/stage03.2_cache_incremental_rerun01_solution_r105C5_2014.json,results/stage03.2_cache_incremental_rerun01/solutions/r105C5-alns_stage02_constraint_guided-2014.json,feasible,,pass,READY_FOR_STAGE032_FORMAL_MEASUREMENT,not_applicable,not_published,37f614411458fbc7802b1db8344ab4be5ef9dc9767d4851e1d3b65f343139676,raw_manifest,9f624c82445a8c93a5339e9ec5c2a2efc6ea99023cd1c72e12eb247273f53a01,4da5f1da3791d1a2538874fb51d25bff691c1a4039faef054d655af94410d49f,eb27ec04e799ee6d39dee3d66f15128e197811afa8c664295acbdf6444176434,0aae6642f42a33e92e1b26550de03b8d97cba70fce5f4ffd7bfec5f214522dc9,b226b97e0e67288aaaf85726ad855df71cb81406685c57c8e8c40cd8996aa0da,468b2d71040b4d7e583c02ca2036c393a50a94c5,False,"{""VRP-EVRP-Project-Hub"": {""dirty"": false, ""path"": ""/Users/guoyiyang/Documents/GitHub/FURP-2026-Yiyang-GUO-EVRP-TW/reference/VRP-EVRP-Project-Hub"", ""revision"": ""e3a890065105f978187e532642c4442522215e02""}, ""py-ga-VRPTW"": {""dirty"": false, ""path"": ""/Users/guoyiyang/Documents/GitHub/FURP-2026-Yiyang-GUO-EVRP-TW/reference/py-ga-VRPTW"", ""revision"": ""8e005caaaf6471a4505588d88c7f0f5e0d4ebffa""}}",stage03.1_screening_attempt04,,preserve;see stage03_legacy_path_map.csv
stage03.2,cache_incremental,stage03.2_cache_incremental_rerun01,rerun01,stage03.2_cache_incremental_rerun01,stage03.2_cache_incremental_rerun01,smoke,r105C5,2015,"[""c101C5"", ""r105C5"", ""rc105C5"", ""c101_21"", ""r101_21"", ""rc101_21""]","[2014, 2015, 2016]",solution,verified_legacy,results/stage03.2_cache_incremental_rerun01/r105C5/2015/stage03.2_cache_incremental_rerun01_solution_r105C5_2015.json,results/stage03.2_cache_incremental_rerun01/solutions/r105C5-alns_stage02_constraint_guided-2015.json,feasible,,pass,READY_FOR_STAGE032_FORMAL_MEASUREMENT,not_applicable,not_published,5986d9d10e21f0dc93293751bd7d938a3769de674f21974964409251ce7e32ce,raw_manifest,9f624c82445a8c93a5339e9ec5c2a2efc6ea99023cd1c72e12eb247273f53a01,4da5f1da3791d1a2538874fb51d25bff691c1a4039faef054d655af94410d49f,eb27ec04e799ee6d39dee3d66f15128e197811afa8c664295acbdf6444176434,ef3cc8747c15035c1ace65cab56e66872b637f40638b3da0936dde9c59e1eef5,b226b97e0e67288aaaf85726ad855df71cb81406685c57c8e8c40cd8996aa0da,468b2d71040b4d7e583c02ca2036c393a50a94c5,False,"{""VRP-EVRP-Project-Hub"": {""dirty"": false, ""path"": ""/Users/guoyiyang/Documents/GitHub/FURP-2026-Yiyang-GUO-EVRP-TW/reference/VRP-EVRP-Project-Hub"", ""revision"": ""e3a890065105f978187e532642c4442522215e02""}, ""py-ga-VRPTW"": {""dirty"": false, ""path"": ""/Users/guoyiyang/Documents/GitHub/FURP-2026-Yiyang-GUO-EVRP-TW/reference/py-ga-VRPTW"", ""revision"": ""8e005caaaf6471a4505588d88c7f0f5e0d4ebffa""}}",stage03.1_screening_attempt04,,preserve;see stage03_legacy_path_map.csv
stage03.2,cache_incremental,stage03.2_cache_incremental_rerun01,rerun01,stage03.2_cache_incremental_rerun01,stage03.2_cache_incremental_rerun01,smoke,r105C5,2016,"[""c101C5"", ""r105C5"", ""rc105C5"", ""c101_21"", ""r101_21"", ""rc101_21""]","[2014, 2015, 2016]",solution,verified_legacy,results/stage03.2_cache_incremental_rerun01/r105C5/2016/stage03.2_cache_incremental_rerun01_solution_r105C5_2016.json,results/stage03.2_cache_incremental_rerun01/solutions/r105C5-alns_stage02_constraint_guided-2016.json,feasible,,pass,READY_FOR_STAGE032_FORMAL_MEASUREMENT,not_applicable,not_published,06501df94705311d988665f4a9a554aae7cbca6fdb7e497d6fd0161f382f29ab,raw_manifest,9f624c82445a8c93a5339e9ec5c2a2efc6ea99023cd1c72e12eb247273f53a01,4da5f1da3791d1a2538874fb51d25bff691c1a4039faef054d655af94410d49f,eb27ec04e799ee6d39dee3d66f15128e197811afa8c664295acbdf6444176434,20cef716800c16aa871e992e13647b9c83b8c0be42bb664b665150bacf6efc25,b226b97e0e67288aaaf85726ad855df71cb81406685c57c8e8c40cd8996aa0da,468b2d71040b4d7e583c02ca2036c393a50a94c5,False,"{""VRP-EVRP-Project-Hub"": {""dirty"": false, ""path"": ""/Users/guoyiyang/Documents/GitHub/FURP-2026-Yiyang-GUO-EVRP-TW/reference/VRP-EVRP-Project-Hub"", ""revision"": ""e3a890065105f978187e532642c4442522215e02""}, ""py-ga-VRPTW"": {""dirty"": false, ""path"": ""/Users/guoyiyang/Documents/GitHub/FURP-2026-Yiyang-GUO-EVRP-TW/reference/py-ga-VRPTW"", ""revision"": ""8e005caaaf6471a4505588d88c7f0f5e0d4ebffa""}}",stage03.1_screening_attempt04,,preserve;see stage03_legacy_path_map.csv
stage03.2,cache_incremental,stage03.2_cache_incremental_rerun01,rerun01,stage03.2_cache_incremental_rerun01,stage03.2_cache_incremental_rerun01,smoke,rc101_21,2014,"[""c101C5"", ""r105C5"", ""rc105C5"", ""c101_21"", ""r101_21"", ""rc101_21""]","[2014, 2015, 2016]",solution,verified_legacy,results/stage03.2_cache_incremental_rerun01/rc101_21/2014/stage03.2_cache_incremental_rerun01_solution_rc101_21_2014.json,results/stage03.2_cache_incremental_rerun01/solutions/rc101_21-alns_stage02_constraint_guided-2014.json,feasible,,pass,READY_FOR_STAGE032_FORMAL_MEASUREMENT,not_applicable,not_published,78cd3d1d42cde1a0d2b26c56cd7d2d2d9261e09fcbc0af74e63c9a9ead2d9d30,raw_manifest,9f624c82445a8c93a5339e9ec5c2a2efc6ea99023cd1c72e12eb247273f53a01,4da5f1da3791d1a2538874fb51d25bff691c1a4039faef054d655af94410d49f,272a3e58d53d4ba9516f01506164cf8a9b98bfeeb8dbd1fd62f6557e4c98e3a1,9f9a2f9cacd5a3d804dc6d8b9e65b0ca12a30048f09190b79992cde73a19d820,b226b97e0e67288aaaf85726ad855df71cb81406685c57c8e8c40cd8996aa0da,468b2d71040b4d7e583c02ca2036c393a50a94c5,False,"{""VRP-EVRP-Project-Hub"": {""dirty"": false, ""path"": ""/Users/guoyiyang/Documents/GitHub/FURP-2026-Yiyang-GUO-EVRP-TW/reference/VRP-EVRP-Project-Hub"", ""revision"": ""e3a890065105f978187e532642c4442522215e02""}, ""py-ga-VRPTW"": {""dirty"": false, ""path"": ""/Users/guoyiyang/Documents/GitHub/FURP-2026-Yiyang-GUO-EVRP-TW/reference/py-ga-VRPTW"", ""revision"": ""8e005caaaf6471a4505588d88c7f0f5e0d4ebffa""}}",stage03.1_screening_attempt04,,preserve;see stage03_legacy_path_map.csv
stage03.2,cache_incremental,stage03.2_cache_incremental_rerun01,rerun01,stage03.2_cache_incremental_rerun01,stage03.2_cache_incremental_rerun01,smoke,rc101_21,2015,"[""c101C5"", ""r105C5"", ""rc105C5"", ""c101_21"", ""r101_21"", ""rc101_21""]","[2014, 2015, 2016]",solution,verified_legacy,results/stage03.2_cache_incremental_rerun01/rc101_21/2015/stage03.2_cache_incremental_rerun01_solution_rc101_21_2015.json,results/stage03.2_cache_incremental_rerun01/solutions/rc101_21-alns_stage02_constraint_guided-2015.json,feasible,,pass,READY_FOR_STAGE032_FORMAL_MEASUREMENT,not_applicable,not_published,3e0fc1cd2dbad26b4d4c1c60e4a6df780aedcc46a58363747dfad8d487929ed2,raw_manifest,9f624c82445a8c93a5339e9ec5c2a2efc6ea99023cd1c72e12eb247273f53a01,4da5f1da3791d1a2538874fb51d25bff691c1a4039faef054d655af94410d49f,272a3e58d53d4ba9516f01506164cf8a9b98bfeeb8dbd1fd62f6557e4c98e3a1,7ee5a61e6a996d0d43266190c6ab4386754752b2733ff05ce8d5d8f737a4898e,b226b97e0e67288aaaf85726ad855df71cb81406685c57c8e8c40cd8996aa0da,468b2d71040b4d7e583c02ca2036c393a50a94c5,False,"{""VRP-EVRP-Project-Hub"": {""dirty"": false, ""path"": ""/Users/guoyiyang/Documents/GitHub/FURP-2026-Yiyang-GUO-EVRP-TW/reference/VRP-EVRP-Project-Hub"", ""revision"": ""e3a890065105f978187e532642c4442522215e02""}, ""py-ga-VRPTW"": {""dirty"": false, ""path"": ""/Users/guoyiyang/Documents/GitHub/FURP-2026-Yiyang-GUO-EVRP-TW/reference/py-ga-VRPTW"", ""revision"": ""8e005caaaf6471a4505588d88c7f0f5e0d4ebffa""}}",stage03.1_screening_attempt04,,preserve;see stage03_legacy_path_map.csv
stage03.2,cache_incremental,stage03.2_cache_incremental_rerun01,rerun01,stage03.2_cache_incremental_rerun01,stage03.2_cache_incremental_rerun01,smoke,rc101_21,2016,"[""c101C5"", ""r105C5"", ""rc105C5"", ""c101_21"", ""r101_21"", ""rc101_21""]","[2014, 2015, 2016]",solution,verified_legacy,results/stage03.2_cache_incremental_rerun01/rc101_21/2016/stage03.2_cache_incremental_rerun01_solution_rc101_21_2016.json,results/stage03.2_cache_incremental_rerun01/solutions/rc101_21-alns_stage02_constraint_guided-2016.json,feasible,,pass,READY_FOR_STAGE032_FORMAL_MEASUREMENT,not_applicable,not_published,93536c96f76729d0c1f813933a6a9e7f93e841be606659e00c07e5cbb1460293,raw_manifest,9f624c82445a8c93a5339e9ec5c2a2efc6ea99023cd1c72e12eb247273f53a01,4da5f1da3791d1a2538874fb51d25bff691c1a4039faef054d655af94410d49f,272a3e58d53d4ba9516f01506164cf8a9b98bfeeb8dbd1fd62f6557e4c98e3a1,59cf23eab3ac0c5d8975793150fe7c371cff36657efb43839910e8eceaa9e3df,b226b97e0e67288aaaf85726ad855df71cb81406685c57c8e8c40cd8996aa0da,468b2d71040b4d7e583c02ca2036c393a50a94c5,False,"{""VRP-EVRP-Project-Hub"": {""dirty"": false, ""path"": ""/Users/guoyiyang/Documents/GitHub/FURP-2026-Yiyang-GUO-EVRP-TW/reference/VRP-EVRP-Project-Hub"", ""revision"": ""e3a890065105f978187e532642c4442522215e02""}, ""py-ga-VRPTW"": {""dirty"": false, ""path"": ""/Users/guoyiyang/Documents/GitHub/FURP-2026-Yiyang-GUO-EVRP-TW/reference/py-ga-VRPTW"", ""revision"": ""8e005caaaf6471a4505588d88c7f0f5e0d4ebffa""}}",stage03.1_screening_attempt04,,preserve;see stage03_legacy_path_map.csv
stage03.2,cache_incremental,stage03.2_cache_incremental_rerun01,rerun01,stage03.2_cache_incremental_rerun01,stage03.2_cache_incremental_rerun01,smoke,rc105C5,2014,"[""c101C5"", ""r105C5"", ""rc105C5"", ""c101_21"", ""r101_21"", ""rc101_21""]","[2014, 2015, 2016]",solution,verified_legacy,results/stage03.2_cache_incremental_rerun01/rc105C5/2014/stage03.2_cache_incremental_rerun01_solution_rc105C5_2014.json,results/stage03.2_cache_incremental_rerun01/solutions/rc105C5-alns_stage02_constraint_guided-2014.json,feasible,,pass,READY_FOR_STAGE032_FORMAL_MEASUREMENT,not_applicable,not_published,707124f4dc787ca88f5388fa3b1cdac327b82829474633871b32b34f00b4026e,raw_manifest,9f624c82445a8c93a5339e9ec5c2a2efc6ea99023cd1c72e12eb247273f53a01,4da5f1da3791d1a2538874fb51d25bff691c1a4039faef054d655af94410d49f,2ccfba6c447fa43a994934690acb67c7355ca04d232394907ed6938bc362c643,a610eab738cf922da4bc30066b8fc59087e2fa83eb44786f5e3cab3b08015fdd,b226b97e0e67288aaaf85726ad855df71cb81406685c57c8e8c40cd8996aa0da,468b2d71040b4d7e583c02ca2036c393a50a94c5,False,"{""VRP-EVRP-Project-Hub"": {""dirty"": false, ""path"": ""/Users/guoyiyang/Documents/GitHub/FURP-2026-Yiyang-GUO-EVRP-TW/reference/VRP-EVRP-Project-Hub"", ""revision"": ""e3a890065105f978187e532642c4442522215e02""}, ""py-ga-VRPTW"": {""dirty"": false, ""path"": ""/Users/guoyiyang/Documents/GitHub/FURP-2026-Yiyang-GUO-EVRP-TW/reference/py-ga-VRPTW"", ""revision"": ""8e005caaaf6471a4505588d88c7f0f5e0d4ebffa""}}",stage03.1_screening_attempt04,,preserve;see stage03_legacy_path_map.csv
stage03.2,cache_incremental,stage03.2_cache_incremental_rerun01,rerun01,stage03.2_cache_incremental_rerun01,stage03.2_cache_incremental_rerun01,smoke,rc105C5,2015,"[""c101C5"", ""r105C5"", ""rc105C5"", ""c101_21"", ""r101_21"", ""rc101_21""]","[2014, 2015, 2016]",solution,verified_legacy,results/stage03.2_cache_incremental_rerun01/rc105C5/2015/stage03.2_cache_incremental_rerun01_solution_rc105C5_2015.json,results/stage03.2_cache_incremental_rerun01/solutions/rc105C5-alns_stage02_constraint_guided-2015.json,feasible,,pass,READY_FOR_STAGE032_FORMAL_MEASUREMENT,not_applicable,not_published,39653ab2e3da8a9d3aa50c89421d36a09ff96d491401b99036322816394b5b54,raw_manifest,9f624c82445a8c93a5339e9ec5c2a2efc6ea99023cd1c72e12eb247273f53a01,4da5f1da3791d1a2538874fb51d25bff691c1a4039faef054d655af94410d49f,2ccfba6c447fa43a994934690acb67c7355ca04d232394907ed6938bc362c643,a0552ee834b7b8bffd8c8fc75152dfc39e3b1e198f5559a5262c1e2f19390954,b226b97e0e67288aaaf85726ad855df71cb81406685c57c8e8c40cd8996aa0da,468b2d71040b4d7e583c02ca2036c393a50a94c5,False,"{""VRP-EVRP-Project-Hub"": {""dirty"": false, ""path"": ""/Users/guoyiyang/Documents/GitHub/FURP-2026-Yiyang-GUO-EVRP-TW/reference/VRP-EVRP-Project-Hub"", ""revision"": ""e3a890065105f978187e532642c4442522215e02""}, ""py-ga-VRPTW"": {""dirty"": false, ""path"": ""/Users/guoyiyang/Documents/GitHub/FURP-2026-Yiyang-GUO-EVRP-TW/reference/py-ga-VRPTW"", ""revision"": ""8e005caaaf6471a4505588d88c7f0f5e0d4ebffa""}}",stage03.1_screening_attempt04,,preserve;see stage03_legacy_path_map.csv
stage03.2,cache_incremental,stage03.2_cache_incremental_rerun01,rerun01,stage03.2_cache_incremental_rerun01,stage03.2_cache_incremental_rerun01,smoke,rc105C5,2016,"[""c101C5"", ""r105C5"", ""rc105C5"", ""c101_21"", ""r101_21"", ""rc101_21""]","[2014, 2015, 2016]",solution,verified_legacy,results/stage03.2_cache_incremental_rerun01/rc105C5/2016/stage03.2_cache_incremental_rerun01_solution_rc105C5_2016.json,results/stage03.2_cache_incremental_rerun01/solutions/rc105C5-alns_stage02_constraint_guided-2016.json,feasible,,pass,READY_FOR_STAGE032_FORMAL_MEASUREMENT,not_applicable,not_published,07b1f3b11b045328517d98b2d0c40fa8775d963d24888b70296134d8c64c58e6,raw_manifest,9f624c82445a8c93a5339e9ec5c2a2efc6ea99023cd1c72e12eb247273f53a01,4da5f1da3791d1a2538874fb51d25bff691c1a4039faef054d655af94410d49f,2ccfba6c447fa43a994934690acb67c7355ca04d232394907ed6938bc362c643,3b6dd47bec06b2467e2cbf94f1fb919507512af4887b026f8b845c0d11ea01d4,b226b97e0e67288aaaf85726ad855df71cb81406685c57c8e8c40cd8996aa0da,468b2d71040b4d7e583c02ca2036c393a50a94c5,False,"{""VRP-EVRP-Project-Hub"": {""dirty"": false, ""path"": ""/Users/guoyiyang/Documents/GitHub/FURP-2026-Yiyang-GUO-EVRP-TW/reference/VRP-EVRP-Project-Hub"", ""revision"": ""e3a890065105f978187e532642c4442522215e02""}, ""py-ga-VRPTW"": {""dirty"": false, ""path"": ""/Users/guoyiyang/Documents/GitHub/FURP-2026-Yiyang-GUO-EVRP-TW/reference/py-ga-VRPTW"", ""revision"": ""8e005caaaf6471a4505588d88c7f0f5e0d4ebffa""}}",stage03.1_screening_attempt04,,preserve;see stage03_legacy_path_map.csv
stage03.2,cache_incremental,stage03.2_cache_incremental_rerun01,rerun01,stage03.2_cache_incremental_rerun01,stage03.2_cache_incremental_rerun01,smoke,c101C5,2014,"[""c101C5"", ""r105C5"", ""rc105C5"", ""c101_21"", ""r101_21"", ""rc101_21""]","[2014, 2015, 2016]",trace,verified_legacy,results/stage03.2_cache_incremental_rerun01/c101C5/2014/stage03.2_cache_incremental_rerun01_trace_c101C5_2014.json,results/stage03.2_cache_incremental_rerun01/traces/c101C5-alns_stage02_constraint_guided-2014.json,feasible,,pass,READY_FOR_STAGE032_FORMAL_MEASUREMENT,not_applicable,not_published,c47bc2429575a40ba985e6c62e3c32ad555b4b1f99de6e5ccdcd74a0eeeb7b46,raw_manifest,9f624c82445a8c93a5339e9ec5c2a2efc6ea99023cd1c72e12eb247273f53a01,4da5f1da3791d1a2538874fb51d25bff691c1a4039faef054d655af94410d49f,8612d6d9aad051776097a5e50c7408f39352b8107b0639d58e5eda713f9ff876,cdcd3859716443f964ed0da481821dde35b6d5c22e0b032fd083b3b7d0ddd653,b226b97e0e67288aaaf85726ad855df71cb81406685c57c8e8c40cd8996aa0da,468b2d71040b4d7e583c02ca2036c393a50a94c5,False,"{""VRP-EVRP-Project-Hub"": {""dirty"": false, ""path"": ""/Users/guoyiyang/Documents/GitHub/FURP-2026-Yiyang-GUO-EVRP-TW/reference/VRP-EVRP-Project-Hub"", ""revision"": ""e3a890065105f978187e532642c4442522215e02""}, ""py-ga-VRPTW"": {""dirty"": false, ""path"": ""/Users/guoyiyang/Documents/GitHub/FURP-2026-Yiyang-GUO-EVRP-TW/reference/py-ga-VRPTW"", ""revision"": ""8e005caaaf6471a4505588d88c7f0f5e0d4ebffa""}}",stage03.1_screening_attempt04,,preserve;see stage03_legacy_path_map.csv
stage03.2,cache_incremental,stage03.2_cache_incremental_rerun01,rerun01,stage03.2_cache_incremental_rerun01,stage03.2_cache_incremental_rerun01,smoke,c101C5,2015,"[""c101C5"", ""r105C5"", ""rc105C5"", ""c101_21"", ""r101_21"", ""rc101_21""]","[2014, 2015, 2016]",trace,verified_legacy,results/stage03.2_cache_incremental_rerun01/c101C5/2015/stage03.2_cache_incremental_rerun01_trace_c101C5_2015.json,results/stage03.2_cache_incremental_rerun01/traces/c101C5-alns_stage02_constraint_guided-2015.json,feasible,,pass,READY_FOR_STAGE032_FORMAL_MEASUREMENT,not_applicable,not_published,27f6b599e5bf4ed6a58a4fedf34be6307977fc5f4e8b6c918ea6ac5f4c31ecfc,raw_manifest,9f624c82445a8c93a5339e9ec5c2a2efc6ea99023cd1c72e12eb247273f53a01,4da5f1da3791d1a2538874fb51d25bff691c1a4039faef054d655af94410d49f,8612d6d9aad051776097a5e50c7408f39352b8107b0639d58e5eda713f9ff876,8df3cd049e2945401139c3a4a7c09a70860db34cf20db98fd0cab3f37837824b,b226b97e0e67288aaaf85726ad855df71cb81406685c57c8e8c40cd8996aa0da,468b2d71040b4d7e583c02ca2036c393a50a94c5,False,"{""VRP-EVRP-Project-Hub"": {""dirty"": false, ""path"": ""/Users/guoyiyang/Documents/GitHub/FURP-2026-Yiyang-GUO-EVRP-TW/reference/VRP-EVRP-Project-Hub"", ""revision"": ""e3a890065105f978187e532642c4442522215e02""}, ""py-ga-VRPTW"": {""dirty"": false, ""path"": ""/Users/guoyiyang/Documents/GitHub/FURP-2026-Yiyang-GUO-EVRP-TW/reference/py-ga-VRPTW"", ""revision"": ""8e005caaaf6471a4505588d88c7f0f5e0d4ebffa""}}",stage03.1_screening_attempt04,,preserve;see stage03_legacy_path_map.csv
stage03.2,cache_incremental,stage03.2_cache_incremental_rerun01,rerun01,stage03.2_cache_incremental_rerun01,stage03.2_cache_incremental_rerun01,smoke,c101C5,2016,"[""c101C5"", ""r105C5"", ""rc105C5"", ""c101_21"", ""r101_21"", ""rc101_21""]","[2014, 2015, 2016]",trace,verified_legacy,results/stage03.2_cache_incremental_rerun01/c101C5/2016/stage03.2_cache_incremental_rerun01_trace_c101C5_2016.json,results/stage03.2_cache_incremental_rerun01/traces/c101C5-alns_stage02_constraint_guided-2016.json,feasible,,pass,READY_FOR_STAGE032_FORMAL_MEASUREMENT,not_applicable,not_published,d3b91312ceae2e3467073041b1a47767040228a742befc0d218aa842466c6e28,raw_manifest,9f624c82445a8c93a5339e9ec5c2a2efc6ea99023cd1c72e12eb247273f53a01,4da5f1da3791d1a2538874fb51d25bff691c1a4039faef054d655af94410d49f,8612d6d9aad051776097a5e50c7408f39352b8107b0639d58e5eda713f9ff876,8629b690ae4cca94f2660971202c883d7ca1fcfefbbf8d1affbb4ebd7657d254,b226b97e0e67288aaaf85726ad855df71cb81406685c57c8e8c40cd8996aa0da,468b2d71040b4d7e583c02ca2036c393a50a94c5,False,"{""VRP-EVRP-Project-Hub"": {""dirty"": false, ""path"": ""/Users/guoyiyang/Documents/GitHub/FURP-2026-Yiyang-GUO-EVRP-TW/reference/VRP-EVRP-Project-Hub"", ""revision"": ""e3a890065105f978187e532642c4442522215e02""}, ""py-ga-VRPTW"": {""dirty"": false, ""path"": ""/Users/guoyiyang/Documents/GitHub/FURP-2026-Yiyang-GUO-EVRP-TW/reference/py-ga-VRPTW"", ""revision"": ""8e005caaaf6471a4505588d88c7f0f5e0d4ebffa""}}",stage03.1_screening_attempt04,,preserve;see stage03_legacy_path_map.csv
stage03.2,cache_incremental,stage03.2_cache_incremental_rerun01,rerun01,stage03.2_cache_incremental_rerun01,stage03.2_cache_incremental_rerun01,smoke,c101_21,2014,"[""c101C5"", ""r105C5"", ""rc105C5"", ""c101_21"", ""r101_21"", ""rc101_21""]","[2014, 2015, 2016]",trace,verified_legacy,results/stage03.2_cache_incremental_rerun01/c101_21/2014/stage03.2_cache_incremental_rerun01_trace_c101_21_2014.json,results/stage03.2_cache_incremental_rerun01/traces/c101_21-alns_stage02_constraint_guided-2014.json,feasible,,pass,READY_FOR_STAGE032_FORMAL_MEASUREMENT,not_applicable,not_published,91328bc01bfceaa77c5ce3656f41fe0ccb8a49f642a6f40263d450c0afd7a5e5,raw_manifest,9f624c82445a8c93a5339e9ec5c2a2efc6ea99023cd1c72e12eb247273f53a01,4da5f1da3791d1a2538874fb51d25bff691c1a4039faef054d655af94410d49f,c5cda6ca63a7d518902cf4b02d98b4aa0f373aaa0658d5c666d1c46d38871cb9,d34a3d627b3c9a3c7cfcf395d20b5aa9ff8076a0aea574d2a38a82d2232d9683,b226b97e0e67288aaaf85726ad855df71cb81406685c57c8e8c40cd8996aa0da,468b2d71040b4d7e583c02ca2036c393a50a94c5,False,"{""VRP-EVRP-Project-Hub"": {""dirty"": false, ""path"": ""/Users/guoyiyang/Documents/GitHub/FURP-2026-Yiyang-GUO-EVRP-TW/reference/VRP-EVRP-Project-Hub"", ""revision"": ""e3a890065105f978187e532642c4442522215e02""}, ""py-ga-VRPTW"": {""dirty"": false, ""path"": ""/Users/guoyiyang/Documents/GitHub/FURP-2026-Yiyang-GUO-EVRP-TW/reference/py-ga-VRPTW"", ""revision"": ""8e005caaaf6471a4505588d88c7f0f5e0d4ebffa""}}",stage03.1_screening_attempt04,,preserve;see stage03_legacy_path_map.csv
stage03.2,cache_incremental,stage03.2_cache_incremental_rerun01,rerun01,stage03.2_cache_incremental_rerun01,stage03.2_cache_incremental_rerun01,smoke,c101_21,2015,"[""c101C5"", ""r105C5"", ""rc105C5"", ""c101_21"", ""r101_21"", ""rc101_21""]","[2014, 2015, 2016]",trace,verified_legacy,results/stage03.2_cache_incremental_rerun01/c101_21/2015/stage03.2_cache_incremental_rerun01_trace_c101_21_2015.json,results/stage03.2_cache_incremental_rerun01/traces/c101_21-alns_stage02_constraint_guided-2015.json,feasible,,pass,READY_FOR_STAGE032_FORMAL_MEASUREMENT,not_applicable,not_published,ecfd811ee49a34a7b69e2ee0b7527711e850004597e0c4ba3e410907e9317973,raw_manifest,9f624c82445a8c93a5339e9ec5c2a2efc6ea99023cd1c72e12eb247273f53a01,4da5f1da3791d1a2538874fb51d25bff691c1a4039faef054d655af94410d49f,c5cda6ca63a7d518902cf4b02d98b4aa0f373aaa0658d5c666d1c46d38871cb9,7dcd527a390af8e1cdbb3582d91d41695da94f7536f262603476f9ddd35c94df,b226b97e0e67288aaaf85726ad855df71cb81406685c57c8e8c40cd8996aa0da,468b2d71040b4d7e583c02ca2036c393a50a94c5,False,"{""VRP-EVRP-Project-Hub"": {""dirty"": false, ""path"": ""/Users/guoyiyang/Documents/GitHub/FURP-2026-Yiyang-GUO-EVRP-TW/reference/VRP-EVRP-Project-Hub"", ""revision"": ""e3a890065105f978187e532642c4442522215e02""}, ""py-ga-VRPTW"": {""dirty"": false, ""path"": ""/Users/guoyiyang/Documents/GitHub/FURP-2026-Yiyang-GUO-EVRP-TW/reference/py-ga-VRPTW"", ""revision"": ""8e005caaaf6471a4505588d88c7f0f5e0d4ebffa""}}",stage03.1_screening_attempt04,,preserve;see stage03_legacy_path_map.csv
stage03.2,cache_incremental,stage03.2_cache_incremental_rerun01,rerun01,stage03.2_cache_incremental_rerun01,stage03.2_cache_incremental_rerun01,smoke,c101_21,2016,"[""c101C5"", ""r105C5"", ""rc105C5"", ""c101_21"", ""r101_21"", ""rc101_21""]","[2014, 2015, 2016]",trace,verified_legacy,results/stage03.2_cache_incremental_rerun01/c101_21/2016/stage03.2_cache_incremental_rerun01_trace_c101_21_2016.json,results/stage03.2_cache_incremental_rerun01/traces/c101_21-alns_stage02_constraint_guided-2016.json,feasible,,pass,READY_FOR_STAGE032_FORMAL_MEASUREMENT,not_applicable,not_published,775ad9129449ca29062515ef58a14bfc7abaf8c2f6c1521a122be04eb1970285,raw_manifest,9f624c82445a8c93a5339e9ec5c2a2efc6ea99023cd1c72e12eb247273f53a01,4da5f1da3791d1a2538874fb51d25bff691c1a4039faef054d655af94410d49f,c5cda6ca63a7d518902cf4b02d98b4aa0f373aaa0658d5c666d1c46d38871cb9,7a4e7d3fdb4317b5baf6ee117f45d30b6447d3570492c7abe9c8323881aa856d,b226b97e0e67288aaaf85726ad855df71cb81406685c57c8e8c40cd8996aa0da,468b2d71040b4d7e583c02ca2036c393a50a94c5,False,"{""VRP-EVRP-Project-Hub"": {""dirty"": false, ""path"": ""/Users/guoyiyang/Documents/GitHub/FURP-2026-Yiyang-GUO-EVRP-TW/reference/VRP-EVRP-Project-Hub"", ""revision"": ""e3a890065105f978187e532642c4442522215e02""}, ""py-ga-VRPTW"": {""dirty"": false, ""path"": ""/Users/guoyiyang/Documents/GitHub/FURP-2026-Yiyang-GUO-EVRP-TW/reference/py-ga-VRPTW"", ""revision"": ""8e005caaaf6471a4505588d88c7f0f5e0d4ebffa""}}",stage03.1_screening_attempt04,,preserve;see stage03_legacy_path_map.csv
stage03.2,cache_incremental,stage03.2_cache_incremental_rerun01,rerun01,stage03.2_cache_incremental_rerun01,stage03.2_cache_incremental_rerun01,smoke,r101_21,2014,"[""c101C5"", ""r105C5"", ""rc105C5"", ""c101_21"", ""r101_21"", ""rc101_21""]","[2014, 2015, 2016]",trace,verified_legacy,results/stage03.2_cache_incremental_rerun01/r101_21/2014/stage03.2_cache_incremental_rerun01_trace_r101_21_2014.json,results/stage03.2_cache_incremental_rerun01/traces/r101_21-alns_stage02_constraint_guided-2014.json,feasible,,pass,READY_FOR_STAGE032_FORMAL_MEASUREMENT,not_applicable,not_published,8d8a293b7551456a44817e0f892325cea19e5e23fa2dbfc0c51b3904b2d7433d,raw_manifest,9f624c82445a8c93a5339e9ec5c2a2efc6ea99023cd1c72e12eb247273f53a01,4da5f1da3791d1a2538874fb51d25bff691c1a4039faef054d655af94410d49f,0e5a3dffffbd3c516b528ef32ba1a488b817d2f151fc3e8c81023814de1c103a,63a5c00110062c994d9b45913847645140d8e335a0ecfe1e1fad18da4b42fc9b,b226b97e0e67288aaaf85726ad855df71cb81406685c57c8e8c40cd8996aa0da,468b2d71040b4d7e583c02ca2036c393a50a94c5,False,"{""VRP-EVRP-Project-Hub"": {""dirty"": false, ""path"": ""/Users/guoyiyang/Documents/GitHub/FURP-2026-Yiyang-GUO-EVRP-TW/reference/VRP-EVRP-Project-Hub"", ""revision"": ""e3a890065105f978187e532642c4442522215e02""}, ""py-ga-VRPTW"": {""dirty"": false, ""path"": ""/Users/guoyiyang/Documents/GitHub/FURP-2026-Yiyang-GUO-EVRP-TW/reference/py-ga-VRPTW"", ""revision"": ""8e005caaaf6471a4505588d88c7f0f5e0d4ebffa""}}",stage03.1_screening_attempt04,,preserve;see stage03_legacy_path_map.csv
stage03.2,cache_incremental,stage03.2_cache_incremental_rerun01,rerun01,stage03.2_cache_incremental_rerun01,stage03.2_cache_incremental_rerun01,smoke,r101_21,2015,"[""c101C5"", ""r105C5"", ""rc105C5"", ""c101_21"", ""r101_21"", ""rc101_21""]","[2014, 2015, 2016]",trace,verified_legacy,results/stage03.2_cache_incremental_rerun01/r101_21/2015/stage03.2_cache_incremental_rerun01_trace_r101_21_2015.json,results/stage03.2_cache_incremental_rerun01/traces/r101_21-alns_stage02_constraint_guided-2015.json,feasible,,pass,READY_FOR_STAGE032_FORMAL_MEASUREMENT,not_applicable,not_published,0243a57a54fc58dac51fa0a95c8648967ddc1c1fef1c702da8fe7ffd3f64af06,raw_manifest,9f624c82445a8c93a5339e9ec5c2a2efc6ea99023cd1c72e12eb247273f53a01,4da5f1da3791d1a2538874fb51d25bff691c1a4039faef054d655af94410d49f,0e5a3dffffbd3c516b528ef32ba1a488b817d2f151fc3e8c81023814de1c103a,8b64eebfa958d919afccaa9835e22698352c25eeb8e12ee784affdf67d895bee,b226b97e0e67288aaaf85726ad855df71cb81406685c57c8e8c40cd8996aa0da,468b2d71040b4d7e583c02ca2036c393a50a94c5,False,"{""VRP-EVRP-Project-Hub"": {""dirty"": false, ""path"": ""/Users/guoyiyang/Documents/GitHub/FURP-2026-Yiyang-GUO-EVRP-TW/reference/VRP-EVRP-Project-Hub"", ""revision"": ""e3a890065105f978187e532642c4442522215e02""}, ""py-ga-VRPTW"": {""dirty"": false, ""path"": ""/Users/guoyiyang/Documents/GitHub/FURP-2026-Yiyang-GUO-EVRP-TW/reference/py-ga-VRPTW"", ""revision"": ""8e005caaaf6471a4505588d88c7f0f5e0d4ebffa""}}",stage03.1_screening_attempt04,,preserve;see stage03_legacy_path_map.csv
stage03.2,cache_incremental,stage03.2_cache_incremental_rerun01,rerun01,stage03.2_cache_incremental_rerun01,stage03.2_cache_incremental_rerun01,smoke,r101_21,2016,"[""c101C5"", ""r105C5"", ""rc105C5"", ""c101_21"", ""r101_21"", ""rc101_21""]","[2014, 2015, 2016]",trace,verified_legacy,results/stage03.2_cache_incremental_rerun01/r101_21/2016/stage03.2_cache_incremental_rerun01_trace_r101_21_2016.json,results/stage03.2_cache_incremental_rerun01/traces/r101_21-alns_stage02_constraint_guided-2016.json,feasible,,pass,READY_FOR_STAGE032_FORMAL_MEASUREMENT,not_applicable,not_published,35f8e7f027981070d55dc1f97aaa79a7680178357d7acbe0a8c46f9f35d28cb0,raw_manifest,9f624c82445a8c93a5339e9ec5c2a2efc6ea99023cd1c72e12eb247273f53a01,4da5f1da3791d1a2538874fb51d25bff691c1a4039faef054d655af94410d49f,0e5a3dffffbd3c516b528ef32ba1a488b817d2f151fc3e8c81023814de1c103a,8b8c3567a7ac88ac478c33da599dd0b0bdb25b9bcd5ab842e124403a661f5271,b226b97e0e67288aaaf85726ad855df71cb81406685c57c8e8c40cd8996aa0da,468b2d71040b4d7e583c02ca2036c393a50a94c5,False,"{""VRP-EVRP-Project-Hub"": {""dirty"": false, ""path"": ""/Users/guoyiyang/Documents/GitHub/FURP-2026-Yiyang-GUO-EVRP-TW/reference/VRP-EVRP-Project-Hub"", ""revision"": ""e3a890065105f978187e532642c4442522215e02""}, ""py-ga-VRPTW"": {""dirty"": false, ""path"": ""/Users/guoyiyang/Documents/GitHub/FURP-2026-Yiyang-GUO-EVRP-TW/reference/py-ga-VRPTW"", ""revision"": ""8e005caaaf6471a4505588d88c7f0f5e0d4ebffa""}}",stage03.1_screening_attempt04,,preserve;see stage03_legacy_path_map.csv
stage03.2,cache_incremental,stage03.2_cache_incremental_rerun01,rerun01,stage03.2_cache_incremental_rerun01,stage03.2_cache_incremental_rerun01,smoke,r105C5,2014,"[""c101C5"", ""r105C5"", ""rc105C5"", ""c101_21"", ""r101_21"", ""rc101_21""]","[2014, 2015, 2016]",trace,verified_legacy,results/stage03.2_cache_incremental_rerun01/r105C5/2014/stage03.2_cache_incremental_rerun01_trace_r105C5_2014.json,results/stage03.2_cache_incremental_rerun01/traces/r105C5-alns_stage02_constraint_guided-2014.json,feasible,,pass,READY_FOR_STAGE032_FORMAL_MEASUREMENT,not_applicable,not_published,8b8b27a83150585f5fb3ab059960e4d9f5efb8addb32bb38898deb61acc2275d,raw_manifest,9f624c82445a8c93a5339e9ec5c2a2efc6ea99023cd1c72e12eb247273f53a01,4da5f1da3791d1a2538874fb51d25bff691c1a4039faef054d655af94410d49f,eb27ec04e799ee6d39dee3d66f15128e197811afa8c664295acbdf6444176434,0aae6642f42a33e92e1b26550de03b8d97cba70fce5f4ffd7bfec5f214522dc9,b226b97e0e67288aaaf85726ad855df71cb81406685c57c8e8c40cd8996aa0da,468b2d71040b4d7e583c02ca2036c393a50a94c5,False,"{""VRP-EVRP-Project-Hub"": {""dirty"": false, ""path"": ""/Users/guoyiyang/Documents/GitHub/FURP-2026-Yiyang-GUO-EVRP-TW/reference/VRP-EVRP-Project-Hub"", ""revision"": ""e3a890065105f978187e532642c4442522215e02""}, ""py-ga-VRPTW"": {""dirty"": false, ""path"": ""/Users/guoyiyang/Documents/GitHub/FURP-2026-Yiyang-GUO-EVRP-TW/reference/py-ga-VRPTW"", ""revision"": ""8e005caaaf6471a4505588d88c7f0f5e0d4ebffa""}}",stage03.1_screening_attempt04,,preserve;see stage03_legacy_path_map.csv
stage03.2,cache_incremental,stage03.2_cache_incremental_rerun01,rerun01,stage03.2_cache_incremental_rerun01,stage03.2_cache_incremental_rerun01,smoke,r105C5,2015,"[""c101C5"", ""r105C5"", ""rc105C5"", ""c101_21"", ""r101_21"", ""rc101_21""]","[2014, 2015, 2016]",trace,verified_legacy,results/stage03.2_cache_incremental_rerun01/r105C5/2015/stage03.2_cache_incremental_rerun01_trace_r105C5_2015.json,results/stage03.2_cache_incremental_rerun01/traces/r105C5-alns_stage02_constraint_guided-2015.json,feasible,,pass,READY_FOR_STAGE032_FORMAL_MEASUREMENT,not_applicable,not_published,5a09e51a2176758eac6d360ae50110c7f9623f8dd8cd8fe6b0f6f3da01bd5622,raw_manifest,9f624c82445a8c93a5339e9ec5c2a2efc6ea99023cd1c72e12eb247273f53a01,4da5f1da3791d1a2538874fb51d25bff691c1a4039faef054d655af94410d49f,eb27ec04e799ee6d39dee3d66f15128e197811afa8c664295acbdf6444176434,ef3cc8747c15035c1ace65cab56e66872b637f40638b3da0936dde9c59e1eef5,b226b97e0e67288aaaf85726ad855df71cb81406685c57c8e8c40cd8996aa0da,468b2d71040b4d7e583c02ca2036c393a50a94c5,False,"{""VRP-EVRP-Project-Hub"": {""dirty"": false, ""path"": ""/Users/guoyiyang/Documents/GitHub/FURP-2026-Yiyang-GUO-EVRP-TW/reference/VRP-EVRP-Project-Hub"", ""revision"": ""e3a890065105f978187e532642c4442522215e02""}, ""py-ga-VRPTW"": {""dirty"": false, ""path"": ""/Users/guoyiyang/Documents/GitHub/FURP-2026-Yiyang-GUO-EVRP-TW/reference/py-ga-VRPTW"", ""revision"": ""8e005caaaf6471a4505588d88c7f0f5e0d4ebffa""}}",stage03.1_screening_attempt04,,preserve;see stage03_legacy_path_map.csv
stage03.2,cache_incremental,stage03.2_cache_incremental_rerun01,rerun01,stage03.2_cache_incremental_rerun01,stage03.2_cache_incremental_rerun01,smoke,r105C5,2016,"[""c101C5"", ""r105C5"", ""rc105C5"", ""c101_21"", ""r101_21"", ""rc101_21""]","[2014, 2015, 2016]",trace,verified_legacy,results/stage03.2_cache_incremental_rerun01/r105C5/2016/stage03.2_cache_incremental_rerun01_trace_r105C5_2016.json,results/stage03.2_cache_incremental_rerun01/traces/r105C5-alns_stage02_constraint_guided-2016.json,feasible,,pass,READY_FOR_STAGE032_FORMAL_MEASUREMENT,not_applicable,not_published,2add856f215fddf004c1ae2bf777604cef6b9fd52b48212591cec1cd6e0edf5e,raw_manifest,9f624c82445a8c93a5339e9ec5c2a2efc6ea99023cd1c72e12eb247273f53a01,4da5f1da3791d1a2538874fb51d25bff691c1a4039faef054d655af94410d49f,eb27ec04e799ee6d39dee3d66f15128e197811afa8c664295acbdf6444176434,20cef716800c16aa871e992e13647b9c83b8c0be42bb664b665150bacf6efc25,b226b97e0e67288aaaf85726ad855df71cb81406685c57c8e8c40cd8996aa0da,468b2d71040b4d7e583c02ca2036c393a50a94c5,False,"{""VRP-EVRP-Project-Hub"": {""dirty"": false, ""path"": ""/Users/guoyiyang/Documents/GitHub/FURP-2026-Yiyang-GUO-EVRP-TW/reference/VRP-EVRP-Project-Hub"", ""revision"": ""e3a890065105f978187e532642c4442522215e02""}, ""py-ga-VRPTW"": {""dirty"": false, ""path"": ""/Users/guoyiyang/Documents/GitHub/FURP-2026-Yiyang-GUO-EVRP-TW/reference/py-ga-VRPTW"", ""revision"": ""8e005caaaf6471a4505588d88c7f0f5e0d4ebffa""}}",stage03.1_screening_attempt04,,preserve;see stage03_legacy_path_map.csv
stage03.2,cache_incremental,stage03.2_cache_incremental_rerun01,rerun01,stage03.2_cache_incremental_rerun01,stage03.2_cache_incremental_rerun01,smoke,rc101_21,2014,"[""c101C5"", ""r105C5"", ""rc105C5"", ""c101_21"", ""r101_21"", ""rc101_21""]","[2014, 2015, 2016]",trace,verified_legacy,results/stage03.2_cache_incremental_rerun01/rc101_21/2014/stage03.2_cache_incremental_rerun01_trace_rc101_21_2014.json,results/stage03.2_cache_incremental_rerun01/traces/rc101_21-alns_stage02_constraint_guided-2014.json,feasible,,pass,READY_FOR_STAGE032_FORMAL_MEASUREMENT,not_applicable,not_published,b4359d84f54d0dde13824c501db45c376fb7b3136818d2ddae0571a108126d76,raw_manifest,9f624c82445a8c93a5339e9ec5c2a2efc6ea99023cd1c72e12eb247273f53a01,4da5f1da3791d1a2538874fb51d25bff691c1a4039faef054d655af94410d49f,272a3e58d53d4ba9516f01506164cf8a9b98bfeeb8dbd1fd62f6557e4c98e3a1,9f9a2f9cacd5a3d804dc6d8b9e65b0ca12a30048f09190b79992cde73a19d820,b226b97e0e67288aaaf85726ad855df71cb81406685c57c8e8c40cd8996aa0da,468b2d71040b4d7e583c02ca2036c393a50a94c5,False,"{""VRP-EVRP-Project-Hub"": {""dirty"": false, ""path"": ""/Users/guoyiyang/Documents/GitHub/FURP-2026-Yiyang-GUO-EVRP-TW/reference/VRP-EVRP-Project-Hub"", ""revision"": ""e3a890065105f978187e532642c4442522215e02""}, ""py-ga-VRPTW"": {""dirty"": false, ""path"": ""/Users/guoyiyang/Documents/GitHub/FURP-2026-Yiyang-GUO-EVRP-TW/reference/py-ga-VRPTW"", ""revision"": ""8e005caaaf6471a4505588d88c7f0f5e0d4ebffa""}}",stage03.1_screening_attempt04,,preserve;see stage03_legacy_path_map.csv
stage03.2,cache_incremental,stage03.2_cache_incremental_rerun01,rerun01,stage03.2_cache_incremental_rerun01,stage03.2_cache_incremental_rerun01,smoke,rc101_21,2015,"[""c101C5"", ""r105C5"", ""rc105C5"", ""c101_21"", ""r101_21"", ""rc101_21""]","[2014, 2015, 2016]",trace,verified_legacy,results/stage03.2_cache_incremental_rerun01/rc101_21/2015/stage03.2_cache_incremental_rerun01_trace_rc101_21_2015.json,results/stage03.2_cache_incremental_rerun01/traces/rc101_21-alns_stage02_constraint_guided-2015.json,feasible,,pass,READY_FOR_STAGE032_FORMAL_MEASUREMENT,not_applicable,not_published,2195a9918b4bcf2649e69310b639ac286a124e42c55fd2b939b63c45fe1a0a1f,raw_manifest,9f624c82445a8c93a5339e9ec5c2a2efc6ea99023cd1c72e12eb247273f53a01,4da5f1da3791d1a2538874fb51d25bff691c1a4039faef054d655af94410d49f,272a3e58d53d4ba9516f01506164cf8a9b98bfeeb8dbd1fd62f6557e4c98e3a1,7ee5a61e6a996d0d43266190c6ab4386754752b2733ff05ce8d5d8f737a4898e,b226b97e0e67288aaaf85726ad855df71cb81406685c57c8e8c40cd8996aa0da,468b2d71040b4d7e583c02ca2036c393a50a94c5,False,"{""VRP-EVRP-Project-Hub"": {""dirty"": false, ""path"": ""/Users/guoyiyang/Documents/GitHub/FURP-2026-Yiyang-GUO-EVRP-TW/reference/VRP-EVRP-Project-Hub"", ""revision"": ""e3a890065105f978187e532642c4442522215e02""}, ""py-ga-VRPTW"": {""dirty"": false, ""path"": ""/Users/guoyiyang/Documents/GitHub/FURP-2026-Yiyang-GUO-EVRP-TW/reference/py-ga-VRPTW"", ""revision"": ""8e005caaaf6471a4505588d88c7f0f5e0d4ebffa""}}",stage03.1_screening_attempt04,,preserve;see stage03_legacy_path_map.csv
stage03.2,cache_incremental,stage03.2_cache_incremental_rerun01,rerun01,stage03.2_cache_incremental_rerun01,stage03.2_cache_incremental_rerun01,smoke,rc101_21,2016,"[""c101C5"", ""r105C5"", ""rc105C5"", ""c101_21"", ""r101_21"", ""rc101_21""]","[2014, 2015, 2016]",trace,verified_legacy,results/stage03.2_cache_incremental_rerun01/rc101_21/2016/stage03.2_cache_incremental_rerun01_trace_rc101_21_2016.json,results/stage03.2_cache_incremental_rerun01/traces/rc101_21-alns_stage02_constraint_guided-2016.json,feasible,,pass,READY_FOR_STAGE032_FORMAL_MEASUREMENT,not_applicable,not_published,a760fb5f5f965abfd6bc32025cf6bd6dc2224f0acf38a3b084475c97820647b0,raw_manifest,9f624c82445a8c93a5339e9ec5c2a2efc6ea99023cd1c72e12eb247273f53a01,4da5f1da3791d1a2538874fb51d25bff691c1a4039faef054d655af94410d49f,272a3e58d53d4ba9516f01506164cf8a9b98bfeeb8dbd1fd62f6557e4c98e3a1,59cf23eab3ac0c5d8975793150fe7c371cff36657efb43839910e8eceaa9e3df,b226b97e0e67288aaaf85726ad855df71cb81406685c57c8e8c40cd8996aa0da,468b2d71040b4d7e583c02ca2036c393a50a94c5,False,"{""VRP-EVRP-Project-Hub"": {""dirty"": false, ""path"": ""/Users/guoyiyang/Documents/GitHub/FURP-2026-Yiyang-GUO-EVRP-TW/reference/VRP-EVRP-Project-Hub"", ""revision"": ""e3a890065105f978187e532642c4442522215e02""}, ""py-ga-VRPTW"": {""dirty"": false, ""path"": ""/Users/guoyiyang/Documents/GitHub/FURP-2026-Yiyang-GUO-EVRP-TW/reference/py-ga-VRPTW"", ""revision"": ""8e005caaaf6471a4505588d88c7f0f5e0d4ebffa""}}",stage03.1_screening_attempt04,,preserve;see stage03_legacy_path_map.csv
stage03.2,cache_incremental,stage03.2_cache_incremental_rerun01,rerun01,stage03.2_cache_incremental_rerun01,stage03.2_cache_incremental_rerun01,smoke,rc105C5,2014,"[""c101C5"", ""r105C5"", ""rc105C5"", ""c101_21"", ""r101_21"", ""rc101_21""]","[2014, 2015, 2016]",trace,verified_legacy,results/stage03.2_cache_incremental_rerun01/rc105C5/2014/stage03.2_cache_incremental_rerun01_trace_rc105C5_2014.json,results/stage03.2_cache_incremental_rerun01/traces/rc105C5-alns_stage02_constraint_guided-2014.json,feasible,,pass,READY_FOR_STAGE032_FORMAL_MEASUREMENT,not_applicable,not_published,9bfe27d49aaa4cc08dd33703fccf2163da22871b6e68445ca27a5dc3338fc03d,raw_manifest,9f624c82445a8c93a5339e9ec5c2a2efc6ea99023cd1c72e12eb247273f53a01,4da5f1da3791d1a2538874fb51d25bff691c1a4039faef054d655af94410d49f,2ccfba6c447fa43a994934690acb67c7355ca04d232394907ed6938bc362c643,a610eab738cf922da4bc30066b8fc59087e2fa83eb44786f5e3cab3b08015fdd,b226b97e0e67288aaaf85726ad855df71cb81406685c57c8e8c40cd8996aa0da,468b2d71040b4d7e583c02ca2036c393a50a94c5,False,"{""VRP-EVRP-Project-Hub"": {""dirty"": false, ""path"": ""/Users/guoyiyang/Documents/GitHub/FURP-2026-Yiyang-GUO-EVRP-TW/reference/VRP-EVRP-Project-Hub"", ""revision"": ""e3a890065105f978187e532642c4442522215e02""}, ""py-ga-VRPTW"": {""dirty"": false, ""path"": ""/Users/guoyiyang/Documents/GitHub/FURP-2026-Yiyang-GUO-EVRP-TW/reference/py-ga-VRPTW"", ""revision"": ""8e005caaaf6471a4505588d88c7f0f5e0d4ebffa""}}",stage03.1_screening_attempt04,,preserve;see stage03_legacy_path_map.csv
stage03.2,cache_incremental,stage03.2_cache_incremental_rerun01,rerun01,stage03.2_cache_incremental_rerun01,stage03.2_cache_incremental_rerun01,smoke,rc105C5,2015,"[""c101C5"", ""r105C5"", ""rc105C5"", ""c101_21"", ""r101_21"", ""rc101_21""]","[2014, 2015, 2016]",trace,verified_legacy,results/stage03.2_cache_incremental_rerun01/rc105C5/2015/stage03.2_cache_incremental_rerun01_trace_rc105C5_2015.json,results/stage03.2_cache_incremental_rerun01/traces/rc105C5-alns_stage02_constraint_guided-2015.json,feasible,,pass,READY_FOR_STAGE032_FORMAL_MEASUREMENT,not_applicable,not_published,c9e4b361469c8c507576155b8bead356e8bcf8a6545d68184de33bc4ff646b78,raw_manifest,9f624c82445a8c93a5339e9ec5c2a2efc6ea99023cd1c72e12eb247273f53a01,4da5f1da3791d1a2538874fb51d25bff691c1a4039faef054d655af94410d49f,2ccfba6c447fa43a994934690acb67c7355ca04d232394907ed6938bc362c643,a0552ee834b7b8bffd8c8fc75152dfc39e3b1e198f5559a5262c1e2f19390954,b226b97e0e67288aaaf85726ad855df71cb81406685c57c8e8c40cd8996aa0da,468b2d71040b4d7e583c02ca2036c393a50a94c5,False,"{""VRP-EVRP-Project-Hub"": {""dirty"": false, ""path"": ""/Users/guoyiyang/Documents/GitHub/FURP-2026-Yiyang-GUO-EVRP-TW/reference/VRP-EVRP-Project-Hub"", ""revision"": ""e3a890065105f978187e532642c4442522215e02""}, ""py-ga-VRPTW"": {""dirty"": false, ""path"": ""/Users/guoyiyang/Documents/GitHub/FURP-2026-Yiyang-GUO-EVRP-TW/reference/py-ga-VRPTW"", ""revision"": ""8e005caaaf6471a4505588d88c7f0f5e0d4ebffa""}}",stage03.1_screening_attempt04,,preserve;see stage03_legacy_path_map.csv
stage03.2,cache_incremental,stage03.2_cache_incremental_rerun01,rerun01,stage03.2_cache_incremental_rerun01,stage03.2_cache_incremental_rerun01,smoke,rc105C5,2016,"[""c101C5"", ""r105C5"", ""rc105C5"", ""c101_21"", ""r101_21"", ""rc101_21""]","[2014, 2015, 2016]",trace,verified_legacy,results/stage03.2_cache_incremental_rerun01/rc105C5/2016/stage03.2_cache_incremental_rerun01_trace_rc105C5_2016.json,results/stage03.2_cache_incremental_rerun01/traces/rc105C5-alns_stage02_constraint_guided-2016.json,feasible,,pass,READY_FOR_STAGE032_FORMAL_MEASUREMENT,not_applicable,not_published,d77ad034e09759b6e1a86c1f0a540932f7214b0faf607a154dde87a46104eede,raw_manifest,9f624c82445a8c93a5339e9ec5c2a2efc6ea99023cd1c72e12eb247273f53a01,4da5f1da3791d1a2538874fb51d25bff691c1a4039faef054d655af94410d49f,2ccfba6c447fa43a994934690acb67c7355ca04d232394907ed6938bc362c643,3b6dd47bec06b2467e2cbf94f1fb919507512af4887b026f8b845c0d11ea01d4,b226b97e0e67288aaaf85726ad855df71cb81406685c57c8e8c40cd8996aa0da,468b2d71040b4d7e583c02ca2036c393a50a94c5,False,"{""VRP-EVRP-Project-Hub"": {""dirty"": false, ""path"": ""/Users/guoyiyang/Documents/GitHub/FURP-2026-Yiyang-GUO-EVRP-TW/reference/VRP-EVRP-Project-Hub"", ""revision"": ""e3a890065105f978187e532642c4442522215e02""}, ""py-ga-VRPTW"": {""dirty"": false, ""path"": ""/Users/guoyiyang/Documents/GitHub/FURP-2026-Yiyang-GUO-EVRP-TW/reference/py-ga-VRPTW"", ""revision"": ""8e005caaaf6471a4505588d88c7f0f5e0d4ebffa""}}",stage03.1_screening_attempt04,,preserve;see stage03_legacy_path_map.csv
