stage_id,component,run_label,attempt_or_rerun,canonical_run_label,legacy_run_label,scope,instance,seed,instance_scope,seed_scope,artifact_type,artifact_status,canonical_path,legacy_path,run_status,failure_reason,validator_status,raw_review_status,trusted_review_status,raw_to_summary_status,checksum,checksum_source,source_hash,configuration_hash,instance_hash,environment_hash,stage00_manifest_hash,repository_revision,repository_dirty,reference_repositories,comparison_baseline,supersedes,legacy_path_mapping,storage_policy_version,storage_format,compression,retention_class,evidence_completeness,schema_fingerprint,row_count,byte_size,policy_compliance
stage03.1,screening,stage03.1_screening_attempt01,attempt01,stage03.1_screening_attempt01,stage031_cheap_screening_smoke01,smoke,__all__,__all__,"[""c101C5"", ""r105C5"", ""rc105C5"", ""c101_21"", ""r101_21"", ""rc101_21""]","[2014, 2015, 2016]",environment,verified_legacy,results/stage03.1_screening_attempt01/control/stage03.1_screening_attempt01_environment.json,results/stage031-cheap-screening_smoke01/environment.json,feasible,,not_verified,not_present,not_applicable,not_published,0451b8ca55b873d4d25f4b7547550b71091c17d5e6d74bad3e5fe940bb022a7f,raw_manifest,1fa977d05817b402c279b2546069578175e3b4531c53b435c0d41f712d5d8904,e1840ebd3945bac63a1a1db5e13438dc2d1aad0b75fff316f3a4685d50583551,,,b226b97e0e67288aaaf85726ad855df71cb81406685c57c8e8c40cd8996aa0da,9a409f8b62a7fe04b4083ef0a7784b7de3c783a6,False,"{""VRP-EVRP-Project-Hub"": {""dirty"": false, ""path"": ""/Users/guoyiyang/Documents/GitHub/FURP-2026-Yiyang-GUO-EVRP-TW/reference/VRP-EVRP-Project-Hub"", ""revision"": ""e3a890065105f978187e532642c4442522215e02""}, ""py-ga-VRPTW"": {""dirty"": false, ""path"": ""/Users/guoyiyang/Documents/GitHub/FURP-2026-Yiyang-GUO-EVRP-TW/reference/py-ga-VRPTW"", ""revision"": ""8e005caaaf6471a4505588d88c7f0f5e0d4ebffa""}}",stage03.0_measurement_attempt05,,preserve;see stage03_legacy_path_map.csv,legacy,legacy_json_or_jsonl,none,legacy,legacy_unknown,,,9784,legacy_compatible
stage03.1,screening,stage03.1_screening_attempt01,attempt01,stage03.1_screening_attempt01,stage031_cheap_screening_smoke01,smoke,c101C5,2014,"[""c101C5"", ""r105C5"", ""rc105C5"", ""c101_21"", ""r101_21"", ""rc101_21""]","[2014, 2015, 2016]",environment,verified_legacy,results/stage03.1_screening_attempt01/c101C5/2014/stage03.1_screening_attempt01_environment_c101C5_2014.json,results/stage031-cheap-screening_smoke01/environments/c101C5-alns_stage02_constraint_guided-2014.json,feasible,,not_verified,not_present,not_applicable,not_published,223b49f675fd5ee839de6aa32a3212e84bb0206392ac7fe4b741a30e1a4a8901,raw_manifest,1fa977d05817b402c279b2546069578175e3b4531c53b435c0d41f712d5d8904,e1840ebd3945bac63a1a1db5e13438dc2d1aad0b75fff316f3a4685d50583551,8612d6d9aad051776097a5e50c7408f39352b8107b0639d58e5eda713f9ff876,e177b8e5ab88cc50a856e4c60b70ba3f218483cc20cf0420cd9325530ea8b108,b226b97e0e67288aaaf85726ad855df71cb81406685c57c8e8c40cd8996aa0da,9a409f8b62a7fe04b4083ef0a7784b7de3c783a6,False,"{""VRP-EVRP-Project-Hub"": {""dirty"": false, ""path"": ""/Users/guoyiyang/Documents/GitHub/FURP-2026-Yiyang-GUO-EVRP-TW/reference/VRP-EVRP-Project-Hub"", ""revision"": ""e3a890065105f978187e532642c4442522215e02""}, ""py-ga-VRPTW"": {""dirty"": false, ""path"": ""/Users/guoyiyang/Documents/GitHub/FURP-2026-Yiyang-GUO-EVRP-TW/reference/py-ga-VRPTW"", ""revision"": ""8e005caaaf6471a4505588d88c7f0f5e0d4ebffa""}}",stage03.0_measurement_attempt05,,preserve;see stage03_legacy_path_map.csv,legacy,legacy_json_or_jsonl,none,legacy,legacy_unknown,,,2715,legacy_compatible
stage03.1,screening,stage03.1_screening_attempt01,attempt01,stage03.1_screening_attempt01,stage031_cheap_screening_smoke01,smoke,c101C5,2015,"[""c101C5"", ""r105C5"", ""rc105C5"", ""c101_21"", ""r101_21"", ""rc101_21""]","[2014, 2015, 2016]",environment,verified_legacy,results/stage03.1_screening_attempt01/c101C5/2015/stage03.1_screening_attempt01_environment_c101C5_2015.json,results/stage031-cheap-screening_smoke01/environments/c101C5-alns_stage02_constraint_guided-2015.json,feasible,,not_verified,not_present,not_applicable,not_published,301db3618029d8d09e476cf0179a9e97f6bcb26cb456e0188cd3e42bb9ed5506,raw_manifest,1fa977d05817b402c279b2546069578175e3b4531c53b435c0d41f712d5d8904,e1840ebd3945bac63a1a1db5e13438dc2d1aad0b75fff316f3a4685d50583551,8612d6d9aad051776097a5e50c7408f39352b8107b0639d58e5eda713f9ff876,d9d9a539edbdf58ed34cdc271e830a5db4bce418daf03a506cfbd116bc7a1200,b226b97e0e67288aaaf85726ad855df71cb81406685c57c8e8c40cd8996aa0da,9a409f8b62a7fe04b4083ef0a7784b7de3c783a6,False,"{""VRP-EVRP-Project-Hub"": {""dirty"": false, ""path"": ""/Users/guoyiyang/Documents/GitHub/FURP-2026-Yiyang-GUO-EVRP-TW/reference/VRP-EVRP-Project-Hub"", ""revision"": ""e3a890065105f978187e532642c4442522215e02""}, ""py-ga-VRPTW"": {""dirty"": false, ""path"": ""/Users/guoyiyang/Documents/GitHub/FURP-2026-Yiyang-GUO-EVRP-TW/reference/py-ga-VRPTW"", ""revision"": ""8e005caaaf6471a4505588d88c7f0f5e0d4ebffa""}}",stage03.0_measurement_attempt05,,preserve;see stage03_legacy_path_map.csv,legacy,legacy_json_or_jsonl,none,legacy,legacy_unknown,,,2716,legacy_compatible
stage03.1,screening,stage03.1_screening_attempt01,attempt01,stage03.1_screening_attempt01,stage031_cheap_screening_smoke01,smoke,c101C5,2016,"[""c101C5"", ""r105C5"", ""rc105C5"", ""c101_21"", ""r101_21"", ""rc101_21""]","[2014, 2015, 2016]",environment,verified_legacy,results/stage03.1_screening_attempt01/c101C5/2016/stage03.1_screening_attempt01_environment_c101C5_2016.json,results/stage031-cheap-screening_smoke01/environments/c101C5-alns_stage02_constraint_guided-2016.json,feasible,,not_verified,not_present,not_applicable,not_published,34cf89d2ba6ab51d5fa13cce067fe95d9082e0134c73de2d3e58a18e9be0f2cc,raw_manifest,1fa977d05817b402c279b2546069578175e3b4531c53b435c0d41f712d5d8904,e1840ebd3945bac63a1a1db5e13438dc2d1aad0b75fff316f3a4685d50583551,8612d6d9aad051776097a5e50c7408f39352b8107b0639d58e5eda713f9ff876,8ae58b7ef980f22621db707f8da0202d737fe2dcdbe7f88fb31ca865166be895,b226b97e0e67288aaaf85726ad855df71cb81406685c57c8e8c40cd8996aa0da,9a409f8b62a7fe04b4083ef0a7784b7de3c783a6,False,"{""VRP-EVRP-Project-Hub"": {""dirty"": false, ""path"": ""/Users/guoyiyang/Documents/GitHub/FURP-2026-Yiyang-GUO-EVRP-TW/reference/VRP-EVRP-Project-Hub"", ""revision"": ""e3a890065105f978187e532642c4442522215e02""}, ""py-ga-VRPTW"": {""dirty"": false, ""path"": ""/Users/guoyiyang/Documents/GitHub/FURP-2026-Yiyang-GUO-EVRP-TW/reference/py-ga-VRPTW"", ""revision"": ""8e005caaaf6471a4505588d88c7f0f5e0d4ebffa""}}",stage03.0_measurement_attempt05,,preserve;see stage03_legacy_path_map.csv,legacy,legacy_json_or_jsonl,none,legacy,legacy_unknown,,,2716,legacy_compatible
stage03.1,screening,stage03.1_screening_attempt01,attempt01,stage03.1_screening_attempt01,stage031_cheap_screening_smoke01,smoke,c101_21,2014,"[""c101C5"", ""r105C5"", ""rc105C5"", ""c101_21"", ""r101_21"", ""rc101_21""]","[2014, 2015, 2016]",environment,verified_legacy,results/stage03.1_screening_attempt01/c101_21/2014/stage03.1_screening_attempt01_environment_c101_21_2014.json,results/stage031-cheap-screening_smoke01/environments/c101_21-alns_stage02_constraint_guided-2014.json,feasible,,not_verified,not_present,not_applicable,not_published,f938c72351812f6f57dbc81b8a52332fd0813a0dfca5a110ed109612a5dea636,raw_manifest,1fa977d05817b402c279b2546069578175e3b4531c53b435c0d41f712d5d8904,e1840ebd3945bac63a1a1db5e13438dc2d1aad0b75fff316f3a4685d50583551,c5cda6ca63a7d518902cf4b02d98b4aa0f373aaa0658d5c666d1c46d38871cb9,a091529c79245d265108a5bcb196056e3055af0745cfe6f37be3753ad0709ede,b226b97e0e67288aaaf85726ad855df71cb81406685c57c8e8c40cd8996aa0da,9a409f8b62a7fe04b4083ef0a7784b7de3c783a6,False,"{""VRP-EVRP-Project-Hub"": {""dirty"": false, ""path"": ""/Users/guoyiyang/Documents/GitHub/FURP-2026-Yiyang-GUO-EVRP-TW/reference/VRP-EVRP-Project-Hub"", ""revision"": ""e3a890065105f978187e532642c4442522215e02""}, ""py-ga-VRPTW"": {""dirty"": false, ""path"": ""/Users/guoyiyang/Documents/GitHub/FURP-2026-Yiyang-GUO-EVRP-TW/reference/py-ga-VRPTW"", ""revision"": ""8e005caaaf6471a4505588d88c7f0f5e0d4ebffa""}}",stage03.0_measurement_attempt05,,preserve;see stage03_legacy_path_map.csv,legacy,legacy_json_or_jsonl,none,legacy,legacy_unknown,,,2717,legacy_compatible
stage03.1,screening,stage03.1_screening_attempt01,attempt01,stage03.1_screening_attempt01,stage031_cheap_screening_smoke01,smoke,c101_21,2015,"[""c101C5"", ""r105C5"", ""rc105C5"", ""c101_21"", ""r101_21"", ""rc101_21""]","[2014, 2015, 2016]",environment,verified_legacy,results/stage03.1_screening_attempt01/c101_21/2015/stage03.1_screening_attempt01_environment_c101_21_2015.json,results/stage031-cheap-screening_smoke01/environments/c101_21-alns_stage02_constraint_guided-2015.json,feasible,,not_verified,not_present,not_applicable,not_published,3e4b8e1bc7c0feed5e2cb0df8665303a44b959d92962be567879a82e4c13ea5c,raw_manifest,1fa977d05817b402c279b2546069578175e3b4531c53b435c0d41f712d5d8904,e1840ebd3945bac63a1a1db5e13438dc2d1aad0b75fff316f3a4685d50583551,c5cda6ca63a7d518902cf4b02d98b4aa0f373aaa0658d5c666d1c46d38871cb9,9040d6babbbeae842db4a73d4c5e2c046f37e4d41771dd90d6ff23b1cb7c1da3,b226b97e0e67288aaaf85726ad855df71cb81406685c57c8e8c40cd8996aa0da,9a409f8b62a7fe04b4083ef0a7784b7de3c783a6,False,"{""VRP-EVRP-Project-Hub"": {""dirty"": false, ""path"": ""/Users/guoyiyang/Documents/GitHub/FURP-2026-Yiyang-GUO-EVRP-TW/reference/VRP-EVRP-Project-Hub"", ""revision"": ""e3a890065105f978187e532642c4442522215e02""}, ""py-ga-VRPTW"": {""dirty"": false, ""path"": ""/Users/guoyiyang/Documents/GitHub/FURP-2026-Yiyang-GUO-EVRP-TW/reference/py-ga-VRPTW"", ""revision"": ""8e005caaaf6471a4505588d88c7f0f5e0d4ebffa""}}",stage03.0_measurement_attempt05,,preserve;see stage03_legacy_path_map.csv,legacy,legacy_json_or_jsonl,none,legacy,legacy_unknown,,,2718,legacy_compatible
stage03.1,screening,stage03.1_screening_attempt01,attempt01,stage03.1_screening_attempt01,stage031_cheap_screening_smoke01,smoke,c101_21,2016,"[""c101C5"", ""r105C5"", ""rc105C5"", ""c101_21"", ""r101_21"", ""rc101_21""]","[2014, 2015, 2016]",environment,verified_legacy,results/stage03.1_screening_attempt01/c101_21/2016/stage03.1_screening_attempt01_environment_c101_21_2016.json,results/stage031-cheap-screening_smoke01/environments/c101_21-alns_stage02_constraint_guided-2016.json,feasible,,not_verified,not_present,not_applicable,not_published,35181194f501fe7e938df25bc2d24bec880f7527aaa2429f88a8da17c40be8af,raw_manifest,1fa977d05817b402c279b2546069578175e3b4531c53b435c0d41f712d5d8904,e1840ebd3945bac63a1a1db5e13438dc2d1aad0b75fff316f3a4685d50583551,c5cda6ca63a7d518902cf4b02d98b4aa0f373aaa0658d5c666d1c46d38871cb9,18b29bffc06b4e23f55ec956ae75042987afbd4cfaeb575fdf908822703f35b2,b226b97e0e67288aaaf85726ad855df71cb81406685c57c8e8c40cd8996aa0da,9a409f8b62a7fe04b4083ef0a7784b7de3c783a6,False,"{""VRP-EVRP-Project-Hub"": {""dirty"": false, ""path"": ""/Users/guoyiyang/Documents/GitHub/FURP-2026-Yiyang-GUO-EVRP-TW/reference/VRP-EVRP-Project-Hub"", ""revision"": ""e3a890065105f978187e532642c4442522215e02""}, ""py-ga-VRPTW"": {""dirty"": false, ""path"": ""/Users/guoyiyang/Documents/GitHub/FURP-2026-Yiyang-GUO-EVRP-TW/reference/py-ga-VRPTW"", ""revision"": ""8e005caaaf6471a4505588d88c7f0f5e0d4ebffa""}}",stage03.0_measurement_attempt05,,preserve;see stage03_legacy_path_map.csv,legacy,legacy_json_or_jsonl,none,legacy,legacy_unknown,,,2718,legacy_compatible
stage03.1,screening,stage03.1_screening_attempt01,attempt01,stage03.1_screening_attempt01,stage031_cheap_screening_smoke01,smoke,r101_21,2014,"[""c101C5"", ""r105C5"", ""rc105C5"", ""c101_21"", ""r101_21"", ""rc101_21""]","[2014, 2015, 2016]",environment,verified_legacy,results/stage03.1_screening_attempt01/r101_21/2014/stage03.1_screening_attempt01_environment_r101_21_2014.json,results/stage031-cheap-screening_smoke01/environments/r101_21-alns_stage02_constraint_guided-2014.json,feasible,,not_verified,not_present,not_applicable,not_published,abc2eacd12f32827488d80cb11913c3622e97c7ce19cf3162b6cf499915b9a62,raw_manifest,1fa977d05817b402c279b2546069578175e3b4531c53b435c0d41f712d5d8904,e1840ebd3945bac63a1a1db5e13438dc2d1aad0b75fff316f3a4685d50583551,0e5a3dffffbd3c516b528ef32ba1a488b817d2f151fc3e8c81023814de1c103a,23994eb1c61dffdcc3117df981a584f085d32141a63e2910f323f5291f9bb688,b226b97e0e67288aaaf85726ad855df71cb81406685c57c8e8c40cd8996aa0da,9a409f8b62a7fe04b4083ef0a7784b7de3c783a6,False,"{""VRP-EVRP-Project-Hub"": {""dirty"": false, ""path"": ""/Users/guoyiyang/Documents/GitHub/FURP-2026-Yiyang-GUO-EVRP-TW/reference/VRP-EVRP-Project-Hub"", ""revision"": ""e3a890065105f978187e532642c4442522215e02""}, ""py-ga-VRPTW"": {""dirty"": false, ""path"": ""/Users/guoyiyang/Documents/GitHub/FURP-2026-Yiyang-GUO-EVRP-TW/reference/py-ga-VRPTW"", ""revision"": ""8e005caaaf6471a4505588d88c7f0f5e0d4ebffa""}}",stage03.0_measurement_attempt05,,preserve;see stage03_legacy_path_map.csv,legacy,legacy_json_or_jsonl,none,legacy,legacy_unknown,,,2718,legacy_compatible
stage03.1,screening,stage03.1_screening_attempt01,attempt01,stage03.1_screening_attempt01,stage031_cheap_screening_smoke01,smoke,r101_21,2015,"[""c101C5"", ""r105C5"", ""rc105C5"", ""c101_21"", ""r101_21"", ""rc101_21""]","[2014, 2015, 2016]",environment,verified_legacy,results/stage03.1_screening_attempt01/r101_21/2015/stage03.1_screening_attempt01_environment_r101_21_2015.json,results/stage031-cheap-screening_smoke01/environments/r101_21-alns_stage02_constraint_guided-2015.json,feasible,,not_verified,not_present,not_applicable,not_published,14e661221f09a8147b38a97e558cc05ecac7a25425910d9d08eb665f997461e9,raw_manifest,1fa977d05817b402c279b2546069578175e3b4531c53b435c0d41f712d5d8904,e1840ebd3945bac63a1a1db5e13438dc2d1aad0b75fff316f3a4685d50583551,0e5a3dffffbd3c516b528ef32ba1a488b817d2f151fc3e8c81023814de1c103a,da737dee24232503a65f5b918d9b768967e23c59455cf4fc5b7a9b5ad034f23c,b226b97e0e67288aaaf85726ad855df71cb81406685c57c8e8c40cd8996aa0da,9a409f8b62a7fe04b4083ef0a7784b7de3c783a6,False,"{""VRP-EVRP-Project-Hub"": {""dirty"": false, ""path"": ""/Users/guoyiyang/Documents/GitHub/FURP-2026-Yiyang-GUO-EVRP-TW/reference/VRP-EVRP-Project-Hub"", ""revision"": ""e3a890065105f978187e532642c4442522215e02""}, ""py-ga-VRPTW"": {""dirty"": false, ""path"": ""/Users/guoyiyang/Documents/GitHub/FURP-2026-Yiyang-GUO-EVRP-TW/reference/py-ga-VRPTW"", ""revision"": ""8e005caaaf6471a4505588d88c7f0f5e0d4ebffa""}}",stage03.0_measurement_attempt05,,preserve;see stage03_legacy_path_map.csv,legacy,legacy_json_or_jsonl,none,legacy,legacy_unknown,,,2718,legacy_compatible
stage03.1,screening,stage03.1_screening_attempt01,attempt01,stage03.1_screening_attempt01,stage031_cheap_screening_smoke01,smoke,r101_21,2016,"[""c101C5"", ""r105C5"", ""rc105C5"", ""c101_21"", ""r101_21"", ""rc101_21""]","[2014, 2015, 2016]",environment,verified_legacy,results/stage03.1_screening_attempt01/r101_21/2016/stage03.1_screening_attempt01_environment_r101_21_2016.json,results/stage031-cheap-screening_smoke01/environments/r101_21-alns_stage02_constraint_guided-2016.json,feasible,,not_verified,not_present,not_applicable,not_published,cd509c82a2b4136e1d94a31f8f499fc2b2a03fc3d665722fa026e4ffa231ceb2,raw_manifest,1fa977d05817b402c279b2546069578175e3b4531c53b435c0d41f712d5d8904,e1840ebd3945bac63a1a1db5e13438dc2d1aad0b75fff316f3a4685d50583551,0e5a3dffffbd3c516b528ef32ba1a488b817d2f151fc3e8c81023814de1c103a,1adf832a1101c113cec37e7784408db7071dd2daf8b8e94c283e7e9d709974a3,b226b97e0e67288aaaf85726ad855df71cb81406685c57c8e8c40cd8996aa0da,9a409f8b62a7fe04b4083ef0a7784b7de3c783a6,False,"{""VRP-EVRP-Project-Hub"": {""dirty"": false, ""path"": ""/Users/guoyiyang/Documents/GitHub/FURP-2026-Yiyang-GUO-EVRP-TW/reference/VRP-EVRP-Project-Hub"", ""revision"": ""e3a890065105f978187e532642c4442522215e02""}, ""py-ga-VRPTW"": {""dirty"": false, ""path"": ""/Users/guoyiyang/Documents/GitHub/FURP-2026-Yiyang-GUO-EVRP-TW/reference/py-ga-VRPTW"", ""revision"": ""8e005caaaf6471a4505588d88c7f0f5e0d4ebffa""}}",stage03.0_measurement_attempt05,,preserve;see stage03_legacy_path_map.csv,legacy,legacy_json_or_jsonl,none,legacy,legacy_unknown,,,2718,legacy_compatible
stage03.1,screening,stage03.1_screening_attempt01,attempt01,stage03.1_screening_attempt01,stage031_cheap_screening_smoke01,smoke,r105C5,2014,"[""c101C5"", ""r105C5"", ""rc105C5"", ""c101_21"", ""r101_21"", ""rc101_21""]","[2014, 2015, 2016]",environment,verified_legacy,results/stage03.1_screening_attempt01/r105C5/2014/stage03.1_screening_attempt01_environment_r105C5_2014.json,results/stage031-cheap-screening_smoke01/environments/r105C5-alns_stage02_constraint_guided-2014.json,feasible,,not_verified,not_present,not_applicable,not_published,70d247c8e12c3c0efade45a2f99056b500bddab10aa753d641c45a388b4b3da1,raw_manifest,1fa977d05817b402c279b2546069578175e3b4531c53b435c0d41f712d5d8904,e1840ebd3945bac63a1a1db5e13438dc2d1aad0b75fff316f3a4685d50583551,eb27ec04e799ee6d39dee3d66f15128e197811afa8c664295acbdf6444176434,77462b724af05fd8728e0f6c98ae6989e3ed98235a6b02fa0b425c2d607c895e,b226b97e0e67288aaaf85726ad855df71cb81406685c57c8e8c40cd8996aa0da,9a409f8b62a7fe04b4083ef0a7784b7de3c783a6,False,"{""VRP-EVRP-Project-Hub"": {""dirty"": false, ""path"": ""/Users/guoyiyang/Documents/GitHub/FURP-2026-Yiyang-GUO-EVRP-TW/reference/VRP-EVRP-Project-Hub"", ""revision"": ""e3a890065105f978187e532642c4442522215e02""}, ""py-ga-VRPTW"": {""dirty"": false, ""path"": ""/Users/guoyiyang/Documents/GitHub/FURP-2026-Yiyang-GUO-EVRP-TW/reference/py-ga-VRPTW"", ""revision"": ""8e005caaaf6471a4505588d88c7f0f5e0d4ebffa""}}",stage03.0_measurement_attempt05,,preserve;see stage03_legacy_path_map.csv,legacy,legacy_json_or_jsonl,none,legacy,legacy_unknown,,,2716,legacy_compatible
stage03.1,screening,stage03.1_screening_attempt01,attempt01,stage03.1_screening_attempt01,stage031_cheap_screening_smoke01,smoke,r105C5,2015,"[""c101C5"", ""r105C5"", ""rc105C5"", ""c101_21"", ""r101_21"", ""rc101_21""]","[2014, 2015, 2016]",environment,verified_legacy,results/stage03.1_screening_attempt01/r105C5/2015/stage03.1_screening_attempt01_environment_r105C5_2015.json,results/stage031-cheap-screening_smoke01/environments/r105C5-alns_stage02_constraint_guided-2015.json,feasible,,not_verified,not_present,not_applicable,not_published,739264f097af3ae648ae070811f1da9e84daedb5cfa9a1fac60e1f342080b4df,raw_manifest,1fa977d05817b402c279b2546069578175e3b4531c53b435c0d41f712d5d8904,e1840ebd3945bac63a1a1db5e13438dc2d1aad0b75fff316f3a4685d50583551,eb27ec04e799ee6d39dee3d66f15128e197811afa8c664295acbdf6444176434,ac0c7e8c5526a0cc4fe5c0ed316b8cb2f14aa76eb483090bbaa4004cc57ae70f,b226b97e0e67288aaaf85726ad855df71cb81406685c57c8e8c40cd8996aa0da,9a409f8b62a7fe04b4083ef0a7784b7de3c783a6,False,"{""VRP-EVRP-Project-Hub"": {""dirty"": false, ""path"": ""/Users/guoyiyang/Documents/GitHub/FURP-2026-Yiyang-GUO-EVRP-TW/reference/VRP-EVRP-Project-Hub"", ""revision"": ""e3a890065105f978187e532642c4442522215e02""}, ""py-ga-VRPTW"": {""dirty"": false, ""path"": ""/Users/guoyiyang/Documents/GitHub/FURP-2026-Yiyang-GUO-EVRP-TW/reference/py-ga-VRPTW"", ""revision"": ""8e005caaaf6471a4505588d88c7f0f5e0d4ebffa""}}",stage03.0_measurement_attempt05,,preserve;see stage03_legacy_path_map.csv,legacy,legacy_json_or_jsonl,none,legacy,legacy_unknown,,,2716,legacy_compatible
stage03.1,screening,stage03.1_screening_attempt01,attempt01,stage03.1_screening_attempt01,stage031_cheap_screening_smoke01,smoke,r105C5,2016,"[""c101C5"", ""r105C5"", ""rc105C5"", ""c101_21"", ""r101_21"", ""rc101_21""]","[2014, 2015, 2016]",environment,verified_legacy,results/stage03.1_screening_attempt01/r105C5/2016/stage03.1_screening_attempt01_environment_r105C5_2016.json,results/stage031-cheap-screening_smoke01/environments/r105C5-alns_stage02_constraint_guided-2016.json,feasible,,not_verified,not_present,not_applicable,not_published,7f102650a6ed06f43aa5af9e3c0c632616c8e6f9c7674b94d1de7ea5e32d1533,raw_manifest,1fa977d05817b402c279b2546069578175e3b4531c53b435c0d41f712d5d8904,e1840ebd3945bac63a1a1db5e13438dc2d1aad0b75fff316f3a4685d50583551,eb27ec04e799ee6d39dee3d66f15128e197811afa8c664295acbdf6444176434,b8b681aed2b5c7ea9e287dcf85c0e2b77ef5f1dd99d67c213985e20558e4e339,b226b97e0e67288aaaf85726ad855df71cb81406685c57c8e8c40cd8996aa0da,9a409f8b62a7fe04b4083ef0a7784b7de3c783a6,False,"{""VRP-EVRP-Project-Hub"": {""dirty"": false, ""path"": ""/Users/guoyiyang/Documents/GitHub/FURP-2026-Yiyang-GUO-EVRP-TW/reference/VRP-EVRP-Project-Hub"", ""revision"": ""e3a890065105f978187e532642c4442522215e02""}, ""py-ga-VRPTW"": {""dirty"": false, ""path"": ""/Users/guoyiyang/Documents/GitHub/FURP-2026-Yiyang-GUO-EVRP-TW/reference/py-ga-VRPTW"", ""revision"": ""8e005caaaf6471a4505588d88c7f0f5e0d4ebffa""}}",stage03.0_measurement_attempt05,,preserve;see stage03_legacy_path_map.csv,legacy,legacy_json_or_jsonl,none,legacy,legacy_unknown,,,2716,legacy_compatible
stage03.1,screening,stage03.1_screening_attempt01,attempt01,stage03.1_screening_attempt01,stage031_cheap_screening_smoke01,smoke,rc101_21,2014,"[""c101C5"", ""r105C5"", ""rc105C5"", ""c101_21"", ""r101_21"", ""rc101_21""]","[2014, 2015, 2016]",environment,verified_legacy,results/stage03.1_screening_attempt01/rc101_21/2014/stage03.1_screening_attempt01_environment_rc101_21_2014.json,results/stage031-cheap-screening_smoke01/environments/rc101_21-alns_stage02_constraint_guided-2014.json,feasible,,not_verified,not_present,not_applicable,not_published,0c542f385200a5c90782056a1d22dbab9d938bd99f7c1f21503eb7c1ace1b437,raw_manifest,1fa977d05817b402c279b2546069578175e3b4531c53b435c0d41f712d5d8904,e1840ebd3945bac63a1a1db5e13438dc2d1aad0b75fff316f3a4685d50583551,272a3e58d53d4ba9516f01506164cf8a9b98bfeeb8dbd1fd62f6557e4c98e3a1,ee4a098ac7ed6a9fb2b432e6ca7673c3ce09d863c2e147752f356af15d0cf8f8,b226b97e0e67288aaaf85726ad855df71cb81406685c57c8e8c40cd8996aa0da,9a409f8b62a7fe04b4083ef0a7784b7de3c783a6,False,"{""VRP-EVRP-Project-Hub"": {""dirty"": false, ""path"": ""/Users/guoyiyang/Documents/GitHub/FURP-2026-Yiyang-GUO-EVRP-TW/reference/VRP-EVRP-Project-Hub"", ""revision"": ""e3a890065105f978187e532642c4442522215e02""}, ""py-ga-VRPTW"": {""dirty"": false, ""path"": ""/Users/guoyiyang/Documents/GitHub/FURP-2026-Yiyang-GUO-EVRP-TW/reference/py-ga-VRPTW"", ""revision"": ""8e005caaaf6471a4505588d88c7f0f5e0d4ebffa""}}",stage03.0_measurement_attempt05,,preserve;see stage03_legacy_path_map.csv,legacy,legacy_json_or_jsonl,none,legacy,legacy_unknown,,,2719,legacy_compatible
stage03.1,screening,stage03.1_screening_attempt01,attempt01,stage03.1_screening_attempt01,stage031_cheap_screening_smoke01,smoke,rc101_21,2015,"[""c101C5"", ""r105C5"", ""rc105C5"", ""c101_21"", ""r101_21"", ""rc101_21""]","[2014, 2015, 2016]",environment,verified_legacy,results/stage03.1_screening_attempt01/rc101_21/2015/stage03.1_screening_attempt01_environment_rc101_21_2015.json,results/stage031-cheap-screening_smoke01/environments/rc101_21-alns_stage02_constraint_guided-2015.json,feasible,,not_verified,not_present,not_applicable,not_published,70c0e405e06ab9422ecb8a957b8ae3aefb94c291b0ab68a61fbb9410f5f25699,raw_manifest,1fa977d05817b402c279b2546069578175e3b4531c53b435c0d41f712d5d8904,e1840ebd3945bac63a1a1db5e13438dc2d1aad0b75fff316f3a4685d50583551,272a3e58d53d4ba9516f01506164cf8a9b98bfeeb8dbd1fd62f6557e4c98e3a1,5d446a56bed08e8c9ffaea6107d35b8a5998ddce7ade9616e62c25cc62fab89b,b226b97e0e67288aaaf85726ad855df71cb81406685c57c8e8c40cd8996aa0da,9a409f8b62a7fe04b4083ef0a7784b7de3c783a6,False,"{""VRP-EVRP-Project-Hub"": {""dirty"": false, ""path"": ""/Users/guoyiyang/Documents/GitHub/FURP-2026-Yiyang-GUO-EVRP-TW/reference/VRP-EVRP-Project-Hub"", ""revision"": ""e3a890065105f978187e532642c4442522215e02""}, ""py-ga-VRPTW"": {""dirty"": false, ""path"": ""/Users/guoyiyang/Documents/GitHub/FURP-2026-Yiyang-GUO-EVRP-TW/reference/py-ga-VRPTW"", ""revision"": ""8e005caaaf6471a4505588d88c7f0f5e0d4ebffa""}}",stage03.0_measurement_attempt05,,preserve;see stage03_legacy_path_map.csv,legacy,legacy_json_or_jsonl,none,legacy,legacy_unknown,,,2719,legacy_compatible
stage03.1,screening,stage03.1_screening_attempt01,attempt01,stage03.1_screening_attempt01,stage031_cheap_screening_smoke01,smoke,rc101_21,2016,"[""c101C5"", ""r105C5"", ""rc105C5"", ""c101_21"", ""r101_21"", ""rc101_21""]","[2014, 2015, 2016]",environment,verified_legacy,results/stage03.1_screening_attempt01/rc101_21/2016/stage03.1_screening_attempt01_environment_rc101_21_2016.json,results/stage031-cheap-screening_smoke01/environments/rc101_21-alns_stage02_constraint_guided-2016.json,feasible,,not_verified,not_present,not_applicable,not_published,515beb23e7da99c6f7fd841b8f5f1d88f092966db64801db01d2f7e8fef196a0,raw_manifest,1fa977d05817b402c279b2546069578175e3b4531c53b435c0d41f712d5d8904,e1840ebd3945bac63a1a1db5e13438dc2d1aad0b75fff316f3a4685d50583551,272a3e58d53d4ba9516f01506164cf8a9b98bfeeb8dbd1fd62f6557e4c98e3a1,3b5625b9ceb4e6d6afcb96697c2a47e2a78c9c7f036fa935fcf27b5aff9f7662,b226b97e0e67288aaaf85726ad855df71cb81406685c57c8e8c40cd8996aa0da,9a409f8b62a7fe04b4083ef0a7784b7de3c783a6,False,"{""VRP-EVRP-Project-Hub"": {""dirty"": false, ""path"": ""/Users/guoyiyang/Documents/GitHub/FURP-2026-Yiyang-GUO-EVRP-TW/reference/VRP-EVRP-Project-Hub"", ""revision"": ""e3a890065105f978187e532642c4442522215e02""}, ""py-ga-VRPTW"": {""dirty"": false, ""path"": ""/Users/guoyiyang/Documents/GitHub/FURP-2026-Yiyang-GUO-EVRP-TW/reference/py-ga-VRPTW"", ""revision"": ""8e005caaaf6471a4505588d88c7f0f5e0d4ebffa""}}",stage03.0_measurement_attempt05,,preserve;see stage03_legacy_path_map.csv,legacy,legacy_json_or_jsonl,none,legacy,legacy_unknown,,,2719,legacy_compatible
stage03.1,screening,stage03.1_screening_attempt01,attempt01,stage03.1_screening_attempt01,stage031_cheap_screening_smoke01,smoke,rc105C5,2014,"[""c101C5"", ""r105C5"", ""rc105C5"", ""c101_21"", ""r101_21"", ""rc101_21""]","[2014, 2015, 2016]",environment,verified_legacy,results/stage03.1_screening_attempt01/rc105C5/2014/stage03.1_screening_attempt01_environment_rc105C5_2014.json,results/stage031-cheap-screening_smoke01/environments/rc105C5-alns_stage02_constraint_guided-2014.json,feasible,,not_verified,not_present,not_applicable,not_published,3da480fde9d20a00a3d6a471fca04d1eb184baf1cc01afe462e2c996b9dce15f,raw_manifest,1fa977d05817b402c279b2546069578175e3b4531c53b435c0d41f712d5d8904,e1840ebd3945bac63a1a1db5e13438dc2d1aad0b75fff316f3a4685d50583551,2ccfba6c447fa43a994934690acb67c7355ca04d232394907ed6938bc362c643,65441851bc4fe961fb12dd02b1596d6579e5d7e668d468151d44d0bd71168bf9,b226b97e0e67288aaaf85726ad855df71cb81406685c57c8e8c40cd8996aa0da,9a409f8b62a7fe04b4083ef0a7784b7de3c783a6,False,"{""VRP-EVRP-Project-Hub"": {""dirty"": false, ""path"": ""/Users/guoyiyang/Documents/GitHub/FURP-2026-Yiyang-GUO-EVRP-TW/reference/VRP-EVRP-Project-Hub"", ""revision"": ""e3a890065105f978187e532642c4442522215e02""}, ""py-ga-VRPTW"": {""dirty"": false, ""path"": ""/Users/guoyiyang/Documents/GitHub/FURP-2026-Yiyang-GUO-EVRP-TW/reference/py-ga-VRPTW"", ""revision"": ""8e005caaaf6471a4505588d88c7f0f5e0d4ebffa""}}",stage03.0_measurement_attempt05,,preserve;see stage03_legacy_path_map.csv,legacy,legacy_json_or_jsonl,none,legacy,legacy_unknown,,,2717,legacy_compatible
stage03.1,screening,stage03.1_screening_attempt01,attempt01,stage03.1_screening_attempt01,stage031_cheap_screening_smoke01,smoke,rc105C5,2015,"[""c101C5"", ""r105C5"", ""rc105C5"", ""c101_21"", ""r101_21"", ""rc101_21""]","[2014, 2015, 2016]",environment,verified_legacy,results/stage03.1_screening_attempt01/rc105C5/2015/stage03.1_screening_attempt01_environment_rc105C5_2015.json,results/stage031-cheap-screening_smoke01/environments/rc105C5-alns_stage02_constraint_guided-2015.json,feasible,,not_verified,not_present,not_applicable,not_published,c323811e00eb9361581c1f51d44d63c18cfb1196cd3916149f53f671af8c0f12,raw_manifest,1fa977d05817b402c279b2546069578175e3b4531c53b435c0d41f712d5d8904,e1840ebd3945bac63a1a1db5e13438dc2d1aad0b75fff316f3a4685d50583551,2ccfba6c447fa43a994934690acb67c7355ca04d232394907ed6938bc362c643,5d829d5e04c6ad8cf045082843a86ec6c0d65651cbeb62f300137d271c34bf0c,b226b97e0e67288aaaf85726ad855df71cb81406685c57c8e8c40cd8996aa0da,9a409f8b62a7fe04b4083ef0a7784b7de3c783a6,False,"{""VRP-EVRP-Project-Hub"": {""dirty"": false, ""path"": ""/Users/guoyiyang/Documents/GitHub/FURP-2026-Yiyang-GUO-EVRP-TW/reference/VRP-EVRP-Project-Hub"", ""revision"": ""e3a890065105f978187e532642c4442522215e02""}, ""py-ga-VRPTW"": {""dirty"": false, ""path"": ""/Users/guoyiyang/Documents/GitHub/FURP-2026-Yiyang-GUO-EVRP-TW/reference/py-ga-VRPTW"", ""revision"": ""8e005caaaf6471a4505588d88c7f0f5e0d4ebffa""}}",stage03.0_measurement_attempt05,,preserve;see stage03_legacy_path_map.csv,legacy,legacy_json_or_jsonl,none,legacy,legacy_unknown,,,2717,legacy_compatible
stage03.1,screening,stage03.1_screening_attempt01,attempt01,stage03.1_screening_attempt01,stage031_cheap_screening_smoke01,smoke,rc105C5,2016,"[""c101C5"", ""r105C5"", ""rc105C5"", ""c101_21"", ""r101_21"", ""rc101_21""]","[2014, 2015, 2016]",environment,verified_legacy,results/stage03.1_screening_attempt01/rc105C5/2016/stage03.1_screening_attempt01_environment_rc105C5_2016.json,results/stage031-cheap-screening_smoke01/environments/rc105C5-alns_stage02_constraint_guided-2016.json,feasible,,not_verified,not_present,not_applicable,not_published,20ef0c4aafa60a79f760b307089513985c9716ae4911fdffb2669ac21d035894,raw_manifest,1fa977d05817b402c279b2546069578175e3b4531c53b435c0d41f712d5d8904,e1840ebd3945bac63a1a1db5e13438dc2d1aad0b75fff316f3a4685d50583551,2ccfba6c447fa43a994934690acb67c7355ca04d232394907ed6938bc362c643,8ef7e563939cf22a93c37e1d61ec745121d685c4c6b7c3accb3a06d6434df190,b226b97e0e67288aaaf85726ad855df71cb81406685c57c8e8c40cd8996aa0da,9a409f8b62a7fe04b4083ef0a7784b7de3c783a6,False,"{""VRP-EVRP-Project-Hub"": {""dirty"": false, ""path"": ""/Users/guoyiyang/Documents/GitHub/FURP-2026-Yiyang-GUO-EVRP-TW/reference/VRP-EVRP-Project-Hub"", ""revision"": ""e3a890065105f978187e532642c4442522215e02""}, ""py-ga-VRPTW"": {""dirty"": false, ""path"": ""/Users/guoyiyang/Documents/GitHub/FURP-2026-Yiyang-GUO-EVRP-TW/reference/py-ga-VRPTW"", ""revision"": ""8e005caaaf6471a4505588d88c7f0f5e0d4ebffa""}}",stage03.0_measurement_attempt05,,preserve;see stage03_legacy_path_map.csv,legacy,legacy_json_or_jsonl,none,legacy,legacy_unknown,,,2717,legacy_compatible
stage03.1,screening,stage03.1_screening_attempt01,attempt01,stage03.1_screening_attempt01,stage031_cheap_screening_smoke01,smoke,c101C5,2014,"[""c101C5"", ""r105C5"", ""rc105C5"", ""c101_21"", ""r101_21"", ""rc101_21""]","[2014, 2015, 2016]",events,verified_legacy,results/stage03.1_screening_attempt01/c101C5/2014/stage03.1_screening_attempt01_events_c101C5_2014.jsonl,results/stage031-cheap-screening_smoke01/events/c101C5-alns_stage02_constraint_guided-2014.jsonl,feasible,,not_verified,not_present,not_applicable,not_published,85d83db4cf2f6fda337556a4052e3516a7235b895f929d33bb0aeef3661098a7,raw_manifest,1fa977d05817b402c279b2546069578175e3b4531c53b435c0d41f712d5d8904,e1840ebd3945bac63a1a1db5e13438dc2d1aad0b75fff316f3a4685d50583551,8612d6d9aad051776097a5e50c7408f39352b8107b0639d58e5eda713f9ff876,e177b8e5ab88cc50a856e4c60b70ba3f218483cc20cf0420cd9325530ea8b108,b226b97e0e67288aaaf85726ad855df71cb81406685c57c8e8c40cd8996aa0da,9a409f8b62a7fe04b4083ef0a7784b7de3c783a6,False,"{""VRP-EVRP-Project-Hub"": {""dirty"": false, ""path"": ""/Users/guoyiyang/Documents/GitHub/FURP-2026-Yiyang-GUO-EVRP-TW/reference/VRP-EVRP-Project-Hub"", ""revision"": ""e3a890065105f978187e532642c4442522215e02""}, ""py-ga-VRPTW"": {""dirty"": false, ""path"": ""/Users/guoyiyang/Documents/GitHub/FURP-2026-Yiyang-GUO-EVRP-TW/reference/py-ga-VRPTW"", ""revision"": ""8e005caaaf6471a4505588d88c7f0f5e0d4ebffa""}}",stage03.0_measurement_attempt05,,preserve;see stage03_legacy_path_map.csv,legacy,legacy_json_or_jsonl,none,legacy,legacy_unknown,,,12381044,legacy_compatible
stage03.1,screening,stage03.1_screening_attempt01,attempt01,stage03.1_screening_attempt01,stage031_cheap_screening_smoke01,smoke,c101C5,2015,"[""c101C5"", ""r105C5"", ""rc105C5"", ""c101_21"", ""r101_21"", ""rc101_21""]","[2014, 2015, 2016]",events,verified_legacy,results/stage03.1_screening_attempt01/c101C5/2015/stage03.1_screening_attempt01_events_c101C5_2015.jsonl,results/stage031-cheap-screening_smoke01/events/c101C5-alns_stage02_constraint_guided-2015.jsonl,feasible,,not_verified,not_present,not_applicable,not_published,b6142723caa368901868070344e6850ba7c1cdd4e4125c5e4a799cef1a7779e1,raw_manifest,1fa977d05817b402c279b2546069578175e3b4531c53b435c0d41f712d5d8904,e1840ebd3945bac63a1a1db5e13438dc2d1aad0b75fff316f3a4685d50583551,8612d6d9aad051776097a5e50c7408f39352b8107b0639d58e5eda713f9ff876,d9d9a539edbdf58ed34cdc271e830a5db4bce418daf03a506cfbd116bc7a1200,b226b97e0e67288aaaf85726ad855df71cb81406685c57c8e8c40cd8996aa0da,9a409f8b62a7fe04b4083ef0a7784b7de3c783a6,False,"{""VRP-EVRP-Project-Hub"": {""dirty"": false, ""path"": ""/Users/guoyiyang/Documents/GitHub/FURP-2026-Yiyang-GUO-EVRP-TW/reference/VRP-EVRP-Project-Hub"", ""revision"": ""e3a890065105f978187e532642c4442522215e02""}, ""py-ga-VRPTW"": {""dirty"": false, ""path"": ""/Users/guoyiyang/Documents/GitHub/FURP-2026-Yiyang-GUO-EVRP-TW/reference/py-ga-VRPTW"", ""revision"": ""8e005caaaf6471a4505588d88c7f0f5e0d4ebffa""}}",stage03.0_measurement_attempt05,,preserve;see stage03_legacy_path_map.csv,legacy,legacy_json_or_jsonl,none,legacy,legacy_unknown,,,12058895,legacy_compatible
stage03.1,screening,stage03.1_screening_attempt01,attempt01,stage03.1_screening_attempt01,stage031_cheap_screening_smoke01,smoke,c101C5,2016,"[""c101C5"", ""r105C5"", ""rc105C5"", ""c101_21"", ""r101_21"", ""rc101_21""]","[2014, 2015, 2016]",events,verified_legacy,results/stage03.1_screening_attempt01/c101C5/2016/stage03.1_screening_attempt01_events_c101C5_2016.jsonl,results/stage031-cheap-screening_smoke01/events/c101C5-alns_stage02_constraint_guided-2016.jsonl,feasible,,not_verified,not_present,not_applicable,not_published,2003a53d885d90ff6a35e6b4f31171530bde035d3bfbb9595ffd1451c07d5895,raw_manifest,1fa977d05817b402c279b2546069578175e3b4531c53b435c0d41f712d5d8904,e1840ebd3945bac63a1a1db5e13438dc2d1aad0b75fff316f3a4685d50583551,8612d6d9aad051776097a5e50c7408f39352b8107b0639d58e5eda713f9ff876,8ae58b7ef980f22621db707f8da0202d737fe2dcdbe7f88fb31ca865166be895,b226b97e0e67288aaaf85726ad855df71cb81406685c57c8e8c40cd8996aa0da,9a409f8b62a7fe04b4083ef0a7784b7de3c783a6,False,"{""VRP-EVRP-Project-Hub"": {""dirty"": false, ""path"": ""/Users/guoyiyang/Documents/GitHub/FURP-2026-Yiyang-GUO-EVRP-TW/reference/VRP-EVRP-Project-Hub"", ""revision"": ""e3a890065105f978187e532642c4442522215e02""}, ""py-ga-VRPTW"": {""dirty"": false, ""path"": ""/Users/guoyiyang/Documents/GitHub/FURP-2026-Yiyang-GUO-EVRP-TW/reference/py-ga-VRPTW"", ""revision"": ""8e005caaaf6471a4505588d88c7f0f5e0d4ebffa""}}",stage03.0_measurement_attempt05,,preserve;see stage03_legacy_path_map.csv,legacy,legacy_json_or_jsonl,none,legacy,legacy_unknown,,,12254318,legacy_compatible
stage03.1,screening,stage03.1_screening_attempt01,attempt01,stage03.1_screening_attempt01,stage031_cheap_screening_smoke01,smoke,c101_21,2014,"[""c101C5"", ""r105C5"", ""rc105C5"", ""c101_21"", ""r101_21"", ""rc101_21""]","[2014, 2015, 2016]",events,verified_legacy,results/stage03.1_screening_attempt01/c101_21/2014/stage03.1_screening_attempt01_events_c101_21_2014.jsonl,results/stage031-cheap-screening_smoke01/events/c101_21-alns_stage02_constraint_guided-2014.jsonl,feasible,,not_verified,not_present,not_applicable,not_published,24eaabc0a380b003e6443fe8bbe74d8b59925a6f62f4ec1e271949b12d7ed0f9,raw_manifest,1fa977d05817b402c279b2546069578175e3b4531c53b435c0d41f712d5d8904,e1840ebd3945bac63a1a1db5e13438dc2d1aad0b75fff316f3a4685d50583551,c5cda6ca63a7d518902cf4b02d98b4aa0f373aaa0658d5c666d1c46d38871cb9,a091529c79245d265108a5bcb196056e3055af0745cfe6f37be3753ad0709ede,b226b97e0e67288aaaf85726ad855df71cb81406685c57c8e8c40cd8996aa0da,9a409f8b62a7fe04b4083ef0a7784b7de3c783a6,False,"{""VRP-EVRP-Project-Hub"": {""dirty"": false, ""path"": ""/Users/guoyiyang/Documents/GitHub/FURP-2026-Yiyang-GUO-EVRP-TW/reference/VRP-EVRP-Project-Hub"", ""revision"": ""e3a890065105f978187e532642c4442522215e02""}, ""py-ga-VRPTW"": {""dirty"": false, ""path"": ""/Users/guoyiyang/Documents/GitHub/FURP-2026-Yiyang-GUO-EVRP-TW/reference/py-ga-VRPTW"", ""revision"": ""8e005caaaf6471a4505588d88c7f0f5e0d4ebffa""}}",stage03.0_measurement_attempt05,,preserve;see stage03_legacy_path_map.csv,legacy,legacy_json_or_jsonl,none,legacy,legacy_unknown,,,146021210,legacy_compatible
stage03.1,screening,stage03.1_screening_attempt01,attempt01,stage03.1_screening_attempt01,stage031_cheap_screening_smoke01,smoke,c101_21,2015,"[""c101C5"", ""r105C5"", ""rc105C5"", ""c101_21"", ""r101_21"", ""rc101_21""]","[2014, 2015, 2016]",events,verified_legacy,results/stage03.1_screening_attempt01/c101_21/2015/stage03.1_screening_attempt01_events_c101_21_2015.jsonl,results/stage031-cheap-screening_smoke01/events/c101_21-alns_stage02_constraint_guided-2015.jsonl,feasible,,not_verified,not_present,not_applicable,not_published,f8dd597a6f4d60024d02438ee591555398780b6d3f21dda9071326625740f3a6,raw_manifest,1fa977d05817b402c279b2546069578175e3b4531c53b435c0d41f712d5d8904,e1840ebd3945bac63a1a1db5e13438dc2d1aad0b75fff316f3a4685d50583551,c5cda6ca63a7d518902cf4b02d98b4aa0f373aaa0658d5c666d1c46d38871cb9,9040d6babbbeae842db4a73d4c5e2c046f37e4d41771dd90d6ff23b1cb7c1da3,b226b97e0e67288aaaf85726ad855df71cb81406685c57c8e8c40cd8996aa0da,9a409f8b62a7fe04b4083ef0a7784b7de3c783a6,False,"{""VRP-EVRP-Project-Hub"": {""dirty"": false, ""path"": ""/Users/guoyiyang/Documents/GitHub/FURP-2026-Yiyang-GUO-EVRP-TW/reference/VRP-EVRP-Project-Hub"", ""revision"": ""e3a890065105f978187e532642c4442522215e02""}, ""py-ga-VRPTW"": {""dirty"": false, ""path"": ""/Users/guoyiyang/Documents/GitHub/FURP-2026-Yiyang-GUO-EVRP-TW/reference/py-ga-VRPTW"", ""revision"": ""8e005caaaf6471a4505588d88c7f0f5e0d4ebffa""}}",stage03.0_measurement_attempt05,,preserve;see stage03_legacy_path_map.csv,legacy,legacy_json_or_jsonl,none,legacy,legacy_unknown,,,162320821,legacy_compatible
stage03.1,screening,stage03.1_screening_attempt01,attempt01,stage03.1_screening_attempt01,stage031_cheap_screening_smoke01,smoke,c101_21,2016,"[""c101C5"", ""r105C5"", ""rc105C5"", ""c101_21"", ""r101_21"", ""rc101_21""]","[2014, 2015, 2016]",events,verified_legacy,results/stage03.1_screening_attempt01/c101_21/2016/stage03.1_screening_attempt01_events_c101_21_2016.jsonl,results/stage031-cheap-screening_smoke01/events/c101_21-alns_stage02_constraint_guided-2016.jsonl,feasible,,not_verified,not_present,not_applicable,not_published,e2319bee0c3c347a5e4ff8cd46b30a824d114d665584a0c4f436025536f74451,raw_manifest,1fa977d05817b402c279b2546069578175e3b4531c53b435c0d41f712d5d8904,e1840ebd3945bac63a1a1db5e13438dc2d1aad0b75fff316f3a4685d50583551,c5cda6ca63a7d518902cf4b02d98b4aa0f373aaa0658d5c666d1c46d38871cb9,18b29bffc06b4e23f55ec956ae75042987afbd4cfaeb575fdf908822703f35b2,b226b97e0e67288aaaf85726ad855df71cb81406685c57c8e8c40cd8996aa0da,9a409f8b62a7fe04b4083ef0a7784b7de3c783a6,False,"{""VRP-EVRP-Project-Hub"": {""dirty"": false, ""path"": ""/Users/guoyiyang/Documents/GitHub/FURP-2026-Yiyang-GUO-EVRP-TW/reference/VRP-EVRP-Project-Hub"", ""revision"": ""e3a890065105f978187e532642c4442522215e02""}, ""py-ga-VRPTW"": {""dirty"": false, ""path"": ""/Users/guoyiyang/Documents/GitHub/FURP-2026-Yiyang-GUO-EVRP-TW/reference/py-ga-VRPTW"", ""revision"": ""8e005caaaf6471a4505588d88c7f0f5e0d4ebffa""}}",stage03.0_measurement_attempt05,,preserve;see stage03_legacy_path_map.csv,legacy,legacy_json_or_jsonl,none,legacy,legacy_unknown,,,131553623,legacy_compatible
stage03.1,screening,stage03.1_screening_attempt01,attempt01,stage03.1_screening_attempt01,stage031_cheap_screening_smoke01,smoke,r101_21,2014,"[""c101C5"", ""r105C5"", ""rc105C5"", ""c101_21"", ""r101_21"", ""rc101_21""]","[2014, 2015, 2016]",events,verified_legacy,results/stage03.1_screening_attempt01/r101_21/2014/stage03.1_screening_attempt01_events_r101_21_2014.jsonl,results/stage031-cheap-screening_smoke01/events/r101_21-alns_stage02_constraint_guided-2014.jsonl,feasible,,not_verified,not_present,not_applicable,not_published,e0537111d435bc2fd2f272d07ffbda7faac4c7446ed4da8f8b21117f4758e164,raw_manifest,1fa977d05817b402c279b2546069578175e3b4531c53b435c0d41f712d5d8904,e1840ebd3945bac63a1a1db5e13438dc2d1aad0b75fff316f3a4685d50583551,0e5a3dffffbd3c516b528ef32ba1a488b817d2f151fc3e8c81023814de1c103a,23994eb1c61dffdcc3117df981a584f085d32141a63e2910f323f5291f9bb688,b226b97e0e67288aaaf85726ad855df71cb81406685c57c8e8c40cd8996aa0da,9a409f8b62a7fe04b4083ef0a7784b7de3c783a6,False,"{""VRP-EVRP-Project-Hub"": {""dirty"": false, ""path"": ""/Users/guoyiyang/Documents/GitHub/FURP-2026-Yiyang-GUO-EVRP-TW/reference/VRP-EVRP-Project-Hub"", ""revision"": ""e3a890065105f978187e532642c4442522215e02""}, ""py-ga-VRPTW"": {""dirty"": false, ""path"": ""/Users/guoyiyang/Documents/GitHub/FURP-2026-Yiyang-GUO-EVRP-TW/reference/py-ga-VRPTW"", ""revision"": ""8e005caaaf6471a4505588d88c7f0f5e0d4ebffa""}}",stage03.0_measurement_attempt05,,preserve;see stage03_legacy_path_map.csv,legacy,legacy_json_or_jsonl,none,legacy,legacy_unknown,,,240387507,legacy_compatible
stage03.1,screening,stage03.1_screening_attempt01,attempt01,stage03.1_screening_attempt01,stage031_cheap_screening_smoke01,smoke,r101_21,2015,"[""c101C5"", ""r105C5"", ""rc105C5"", ""c101_21"", ""r101_21"", ""rc101_21""]","[2014, 2015, 2016]",events,verified_legacy,results/stage03.1_screening_attempt01/r101_21/2015/stage03.1_screening_attempt01_events_r101_21_2015.jsonl,results/stage031-cheap-screening_smoke01/events/r101_21-alns_stage02_constraint_guided-2015.jsonl,feasible,,not_verified,not_present,not_applicable,not_published,34b4fa5f77b810d462745014dcbe005c2c911d4eadedcac6979ed09e62c07be7,raw_manifest,1fa977d05817b402c279b2546069578175e3b4531c53b435c0d41f712d5d8904,e1840ebd3945bac63a1a1db5e13438dc2d1aad0b75fff316f3a4685d50583551,0e5a3dffffbd3c516b528ef32ba1a488b817d2f151fc3e8c81023814de1c103a,da737dee24232503a65f5b918d9b768967e23c59455cf4fc5b7a9b5ad034f23c,b226b97e0e67288aaaf85726ad855df71cb81406685c57c8e8c40cd8996aa0da,9a409f8b62a7fe04b4083ef0a7784b7de3c783a6,False,"{""VRP-EVRP-Project-Hub"": {""dirty"": false, ""path"": ""/Users/guoyiyang/Documents/GitHub/FURP-2026-Yiyang-GUO-EVRP-TW/reference/VRP-EVRP-Project-Hub"", ""revision"": ""e3a890065105f978187e532642c4442522215e02""}, ""py-ga-VRPTW"": {""dirty"": false, ""path"": ""/Users/guoyiyang/Documents/GitHub/FURP-2026-Yiyang-GUO-EVRP-TW/reference/py-ga-VRPTW"", ""revision"": ""8e005caaaf6471a4505588d88c7f0f5e0d4ebffa""}}",stage03.0_measurement_attempt05,,preserve;see stage03_legacy_path_map.csv,legacy,legacy_json_or_jsonl,none,legacy,legacy_unknown,,,275039891,legacy_compatible
stage03.1,screening,stage03.1_screening_attempt01,attempt01,stage03.1_screening_attempt01,stage031_cheap_screening_smoke01,smoke,r101_21,2016,"[""c101C5"", ""r105C5"", ""rc105C5"", ""c101_21"", ""r101_21"", ""rc101_21""]","[2014, 2015, 2016]",events,verified_legacy,results/stage03.1_screening_attempt01/r101_21/2016/stage03.1_screening_attempt01_events_r101_21_2016.jsonl,results/stage031-cheap-screening_smoke01/events/r101_21-alns_stage02_constraint_guided-2016.jsonl,feasible,,not_verified,not_present,not_applicable,not_published,6076fd04116ba50d5221ff1fec3177c529e0c80c13f6a068827ee5c31a1cfc00,raw_manifest,1fa977d05817b402c279b2546069578175e3b4531c53b435c0d41f712d5d8904,e1840ebd3945bac63a1a1db5e13438dc2d1aad0b75fff316f3a4685d50583551,0e5a3dffffbd3c516b528ef32ba1a488b817d2f151fc3e8c81023814de1c103a,1adf832a1101c113cec37e7784408db7071dd2daf8b8e94c283e7e9d709974a3,b226b97e0e67288aaaf85726ad855df71cb81406685c57c8e8c40cd8996aa0da,9a409f8b62a7fe04b4083ef0a7784b7de3c783a6,False,"{""VRP-EVRP-Project-Hub"": {""dirty"": false, ""path"": ""/Users/guoyiyang/Documents/GitHub/FURP-2026-Yiyang-GUO-EVRP-TW/reference/VRP-EVRP-Project-Hub"", ""revision"": ""e3a890065105f978187e532642c4442522215e02""}, ""py-ga-VRPTW"": {""dirty"": false, ""path"": ""/Users/guoyiyang/Documents/GitHub/FURP-2026-Yiyang-GUO-EVRP-TW/reference/py-ga-VRPTW"", ""revision"": ""8e005caaaf6471a4505588d88c7f0f5e0d4ebffa""}}",stage03.0_measurement_attempt05,,preserve;see stage03_legacy_path_map.csv,legacy,legacy_json_or_jsonl,none,legacy,legacy_unknown,,,252512603,legacy_compatible
stage03.1,screening,stage03.1_screening_attempt01,attempt01,stage03.1_screening_attempt01,stage031_cheap_screening_smoke01,smoke,r105C5,2014,"[""c101C5"", ""r105C5"", ""rc105C5"", ""c101_21"", ""r101_21"", ""rc101_21""]","[2014, 2015, 2016]",events,verified_legacy,results/stage03.1_screening_attempt01/r105C5/2014/stage03.1_screening_attempt01_events_r105C5_2014.jsonl,results/stage031-cheap-screening_smoke01/events/r105C5-alns_stage02_constraint_guided-2014.jsonl,feasible,,not_verified,not_present,not_applicable,not_published,a2974a40eaa4d8b426450631a8846dbe38721fe2eef8b7c0dd77977300c74e35,raw_manifest,1fa977d05817b402c279b2546069578175e3b4531c53b435c0d41f712d5d8904,e1840ebd3945bac63a1a1db5e13438dc2d1aad0b75fff316f3a4685d50583551,eb27ec04e799ee6d39dee3d66f15128e197811afa8c664295acbdf6444176434,77462b724af05fd8728e0f6c98ae6989e3ed98235a6b02fa0b425c2d607c895e,b226b97e0e67288aaaf85726ad855df71cb81406685c57c8e8c40cd8996aa0da,9a409f8b62a7fe04b4083ef0a7784b7de3c783a6,False,"{""VRP-EVRP-Project-Hub"": {""dirty"": false, ""path"": ""/Users/guoyiyang/Documents/GitHub/FURP-2026-Yiyang-GUO-EVRP-TW/reference/VRP-EVRP-Project-Hub"", ""revision"": ""e3a890065105f978187e532642c4442522215e02""}, ""py-ga-VRPTW"": {""dirty"": false, ""path"": ""/Users/guoyiyang/Documents/GitHub/FURP-2026-Yiyang-GUO-EVRP-TW/reference/py-ga-VRPTW"", ""revision"": ""8e005caaaf6471a4505588d88c7f0f5e0d4ebffa""}}",stage03.0_measurement_attempt05,,preserve;see stage03_legacy_path_map.csv,legacy,legacy_json_or_jsonl,none,legacy,legacy_unknown,,,15829501,legacy_compatible
stage03.1,screening,stage03.1_screening_attempt01,attempt01,stage03.1_screening_attempt01,stage031_cheap_screening_smoke01,smoke,r105C5,2015,"[""c101C5"", ""r105C5"", ""rc105C5"", ""c101_21"", ""r101_21"", ""rc101_21""]","[2014, 2015, 2016]",events,verified_legacy,results/stage03.1_screening_attempt01/r105C5/2015/stage03.1_screening_attempt01_events_r105C5_2015.jsonl,results/stage031-cheap-screening_smoke01/events/r105C5-alns_stage02_constraint_guided-2015.jsonl,feasible,,not_verified,not_present,not_applicable,not_published,db19796c990324f0fe82f842913f1feb4d369b80f658dec5949670f418451911,raw_manifest,1fa977d05817b402c279b2546069578175e3b4531c53b435c0d41f712d5d8904,e1840ebd3945bac63a1a1db5e13438dc2d1aad0b75fff316f3a4685d50583551,eb27ec04e799ee6d39dee3d66f15128e197811afa8c664295acbdf6444176434,ac0c7e8c5526a0cc4fe5c0ed316b8cb2f14aa76eb483090bbaa4004cc57ae70f,b226b97e0e67288aaaf85726ad855df71cb81406685c57c8e8c40cd8996aa0da,9a409f8b62a7fe04b4083ef0a7784b7de3c783a6,False,"{""VRP-EVRP-Project-Hub"": {""dirty"": false, ""path"": ""/Users/guoyiyang/Documents/GitHub/FURP-2026-Yiyang-GUO-EVRP-TW/reference/VRP-EVRP-Project-Hub"", ""revision"": ""e3a890065105f978187e532642c4442522215e02""}, ""py-ga-VRPTW"": {""dirty"": false, ""path"": ""/Users/guoyiyang/Documents/GitHub/FURP-2026-Yiyang-GUO-EVRP-TW/reference/py-ga-VRPTW"", ""revision"": ""8e005caaaf6471a4505588d88c7f0f5e0d4ebffa""}}",stage03.0_measurement_attempt05,,preserve;see stage03_legacy_path_map.csv,legacy,legacy_json_or_jsonl,none,legacy,legacy_unknown,,,15750527,legacy_compatible
stage03.1,screening,stage03.1_screening_attempt01,attempt01,stage03.1_screening_attempt01,stage031_cheap_screening_smoke01,smoke,r105C5,2016,"[""c101C5"", ""r105C5"", ""rc105C5"", ""c101_21"", ""r101_21"", ""rc101_21""]","[2014, 2015, 2016]",events,verified_legacy,results/stage03.1_screening_attempt01/r105C5/2016/stage03.1_screening_attempt01_events_r105C5_2016.jsonl,results/stage031-cheap-screening_smoke01/events/r105C5-alns_stage02_constraint_guided-2016.jsonl,feasible,,not_verified,not_present,not_applicable,not_published,cf729090d97061eaa84dac06d96b9d3fb7bb2bf03214e429861b9a0002b600d7,raw_manifest,1fa977d05817b402c279b2546069578175e3b4531c53b435c0d41f712d5d8904,e1840ebd3945bac63a1a1db5e13438dc2d1aad0b75fff316f3a4685d50583551,eb27ec04e799ee6d39dee3d66f15128e197811afa8c664295acbdf6444176434,b8b681aed2b5c7ea9e287dcf85c0e2b77ef5f1dd99d67c213985e20558e4e339,b226b97e0e67288aaaf85726ad855df71cb81406685c57c8e8c40cd8996aa0da,9a409f8b62a7fe04b4083ef0a7784b7de3c783a6,False,"{""VRP-EVRP-Project-Hub"": {""dirty"": false, ""path"": ""/Users/guoyiyang/Documents/GitHub/FURP-2026-Yiyang-GUO-EVRP-TW/reference/VRP-EVRP-Project-Hub"", ""revision"": ""e3a890065105f978187e532642c4442522215e02""}, ""py-ga-VRPTW"": {""dirty"": false, ""path"": ""/Users/guoyiyang/Documents/GitHub/FURP-2026-Yiyang-GUO-EVRP-TW/reference/py-ga-VRPTW"", ""revision"": ""8e005caaaf6471a4505588d88c7f0f5e0d4ebffa""}}",stage03.0_measurement_attempt05,,preserve;see stage03_legacy_path_map.csv,legacy,legacy_json_or_jsonl,none,legacy,legacy_unknown,,,15848320,legacy_compatible
stage03.1,screening,stage03.1_screening_attempt01,attempt01,stage03.1_screening_attempt01,stage031_cheap_screening_smoke01,smoke,rc101_21,2014,"[""c101C5"", ""r105C5"", ""rc105C5"", ""c101_21"", ""r101_21"", ""rc101_21""]","[2014, 2015, 2016]",events,verified_legacy,results/stage03.1_screening_attempt01/rc101_21/2014/stage03.1_screening_attempt01_events_rc101_21_2014.jsonl,results/stage031-cheap-screening_smoke01/events/rc101_21-alns_stage02_constraint_guided-2014.jsonl,feasible,,not_verified,not_present,not_applicable,not_published,429d9c4ddcda89779a35fe7240a1f9a435d2a77a11c96637552dcf4c5fa19da0,raw_manifest,1fa977d05817b402c279b2546069578175e3b4531c53b435c0d41f712d5d8904,e1840ebd3945bac63a1a1db5e13438dc2d1aad0b75fff316f3a4685d50583551,272a3e58d53d4ba9516f01506164cf8a9b98bfeeb8dbd1fd62f6557e4c98e3a1,ee4a098ac7ed6a9fb2b432e6ca7673c3ce09d863c2e147752f356af15d0cf8f8,b226b97e0e67288aaaf85726ad855df71cb81406685c57c8e8c40cd8996aa0da,9a409f8b62a7fe04b4083ef0a7784b7de3c783a6,False,"{""VRP-EVRP-Project-Hub"": {""dirty"": false, ""path"": ""/Users/guoyiyang/Documents/GitHub/FURP-2026-Yiyang-GUO-EVRP-TW/reference/VRP-EVRP-Project-Hub"", ""revision"": ""e3a890065105f978187e532642c4442522215e02""}, ""py-ga-VRPTW"": {""dirty"": false, ""path"": ""/Users/guoyiyang/Documents/GitHub/FURP-2026-Yiyang-GUO-EVRP-TW/reference/py-ga-VRPTW"", ""revision"": ""8e005caaaf6471a4505588d88c7f0f5e0d4ebffa""}}",stage03.0_measurement_attempt05,,preserve;see stage03_legacy_path_map.csv,legacy,legacy_json_or_jsonl,none,legacy,legacy_unknown,,,128285307,legacy_compatible
stage03.1,screening,stage03.1_screening_attempt01,attempt01,stage03.1_screening_attempt01,stage031_cheap_screening_smoke01,smoke,rc101_21,2015,"[""c101C5"", ""r105C5"", ""rc105C5"", ""c101_21"", ""r101_21"", ""rc101_21""]","[2014, 2015, 2016]",events,verified_legacy,results/stage03.1_screening_attempt01/rc101_21/2015/stage03.1_screening_attempt01_events_rc101_21_2015.jsonl,results/stage031-cheap-screening_smoke01/events/rc101_21-alns_stage02_constraint_guided-2015.jsonl,feasible,,not_verified,not_present,not_applicable,not_published,f5c9fe86f5302e260efc0b9b2bc7a016884160296c6c3e3646ed1f29a7f4e16a,raw_manifest,1fa977d05817b402c279b2546069578175e3b4531c53b435c0d41f712d5d8904,e1840ebd3945bac63a1a1db5e13438dc2d1aad0b75fff316f3a4685d50583551,272a3e58d53d4ba9516f01506164cf8a9b98bfeeb8dbd1fd62f6557e4c98e3a1,5d446a56bed08e8c9ffaea6107d35b8a5998ddce7ade9616e62c25cc62fab89b,b226b97e0e67288aaaf85726ad855df71cb81406685c57c8e8c40cd8996aa0da,9a409f8b62a7fe04b4083ef0a7784b7de3c783a6,False,"{""VRP-EVRP-Project-Hub"": {""dirty"": false, ""path"": ""/Users/guoyiyang/Documents/GitHub/FURP-2026-Yiyang-GUO-EVRP-TW/reference/VRP-EVRP-Project-Hub"", ""revision"": ""e3a890065105f978187e532642c4442522215e02""}, ""py-ga-VRPTW"": {""dirty"": false, ""path"": ""/Users/guoyiyang/Documents/GitHub/FURP-2026-Yiyang-GUO-EVRP-TW/reference/py-ga-VRPTW"", ""revision"": ""8e005caaaf6471a4505588d88c7f0f5e0d4ebffa""}}",stage03.0_measurement_attempt05,,preserve;see stage03_legacy_path_map.csv,legacy,legacy_json_or_jsonl,none,legacy,legacy_unknown,,,150637036,legacy_compatible
stage03.1,screening,stage03.1_screening_attempt01,attempt01,stage03.1_screening_attempt01,stage031_cheap_screening_smoke01,smoke,rc101_21,2016,"[""c101C5"", ""r105C5"", ""rc105C5"", ""c101_21"", ""r101_21"", ""rc101_21""]","[2014, 2015, 2016]",events,verified_legacy,results/stage03.1_screening_attempt01/rc101_21/2016/stage03.1_screening_attempt01_events_rc101_21_2016.jsonl,results/stage031-cheap-screening_smoke01/events/rc101_21-alns_stage02_constraint_guided-2016.jsonl,feasible,,not_verified,not_present,not_applicable,not_published,030bc405d5e34fdc28e7158b2219d952350a975b3f34a2b0b81039c424a82ee0,raw_manifest,1fa977d05817b402c279b2546069578175e3b4531c53b435c0d41f712d5d8904,e1840ebd3945bac63a1a1db5e13438dc2d1aad0b75fff316f3a4685d50583551,272a3e58d53d4ba9516f01506164cf8a9b98bfeeb8dbd1fd62f6557e4c98e3a1,3b5625b9ceb4e6d6afcb96697c2a47e2a78c9c7f036fa935fcf27b5aff9f7662,b226b97e0e67288aaaf85726ad855df71cb81406685c57c8e8c40cd8996aa0da,9a409f8b62a7fe04b4083ef0a7784b7de3c783a6,False,"{""VRP-EVRP-Project-Hub"": {""dirty"": false, ""path"": ""/Users/guoyiyang/Documents/GitHub/FURP-2026-Yiyang-GUO-EVRP-TW/reference/VRP-EVRP-Project-Hub"", ""revision"": ""e3a890065105f978187e532642c4442522215e02""}, ""py-ga-VRPTW"": {""dirty"": false, ""path"": ""/Users/guoyiyang/Documents/GitHub/FURP-2026-Yiyang-GUO-EVRP-TW/reference/py-ga-VRPTW"", ""revision"": ""8e005caaaf6471a4505588d88c7f0f5e0d4ebffa""}}",stage03.0_measurement_attempt05,,preserve;see stage03_legacy_path_map.csv,legacy,legacy_json_or_jsonl,none,legacy,legacy_unknown,,,136650161,legacy_compatible
stage03.1,screening,stage03.1_screening_attempt01,attempt01,stage03.1_screening_attempt01,stage031_cheap_screening_smoke01,smoke,rc105C5,2014,"[""c101C5"", ""r105C5"", ""rc105C5"", ""c101_21"", ""r101_21"", ""rc101_21""]","[2014, 2015, 2016]",events,verified_legacy,results/stage03.1_screening_attempt01/rc105C5/2014/stage03.1_screening_attempt01_events_rc105C5_2014.jsonl,results/stage031-cheap-screening_smoke01/events/rc105C5-alns_stage02_constraint_guided-2014.jsonl,feasible,,not_verified,not_present,not_applicable,not_published,f1fb19911dddb5d436262a700e23cd646c0d4014cbdc3a42322575efb8bbdf43,raw_manifest,1fa977d05817b402c279b2546069578175e3b4531c53b435c0d41f712d5d8904,e1840ebd3945bac63a1a1db5e13438dc2d1aad0b75fff316f3a4685d50583551,2ccfba6c447fa43a994934690acb67c7355ca04d232394907ed6938bc362c643,65441851bc4fe961fb12dd02b1596d6579e5d7e668d468151d44d0bd71168bf9,b226b97e0e67288aaaf85726ad855df71cb81406685c57c8e8c40cd8996aa0da,9a409f8b62a7fe04b4083ef0a7784b7de3c783a6,False,"{""VRP-EVRP-Project-Hub"": {""dirty"": false, ""path"": ""/Users/guoyiyang/Documents/GitHub/FURP-2026-Yiyang-GUO-EVRP-TW/reference/VRP-EVRP-Project-Hub"", ""revision"": ""e3a890065105f978187e532642c4442522215e02""}, ""py-ga-VRPTW"": {""dirty"": false, ""path"": ""/Users/guoyiyang/Documents/GitHub/FURP-2026-Yiyang-GUO-EVRP-TW/reference/py-ga-VRPTW"", ""revision"": ""8e005caaaf6471a4505588d88c7f0f5e0d4ebffa""}}",stage03.0_measurement_attempt05,,preserve;see stage03_legacy_path_map.csv,legacy,legacy_json_or_jsonl,none,legacy,legacy_unknown,,,15014197,legacy_compatible
stage03.1,screening,stage03.1_screening_attempt01,attempt01,stage03.1_screening_attempt01,stage031_cheap_screening_smoke01,smoke,rc105C5,2015,"[""c101C5"", ""r105C5"", ""rc105C5"", ""c101_21"", ""r101_21"", ""rc101_21""]","[2014, 2015, 2016]",events,verified_legacy,results/stage03.1_screening_attempt01/rc105C5/2015/stage03.1_screening_attempt01_events_rc105C5_2015.jsonl,results/stage031-cheap-screening_smoke01/events/rc105C5-alns_stage02_constraint_guided-2015.jsonl,feasible,,not_verified,not_present,not_applicable,not_published,3d4392d4c60c8c5186979c805b02e5cdb9de664a42f958bcdfb688190c8f6a46,raw_manifest,1fa977d05817b402c279b2546069578175e3b4531c53b435c0d41f712d5d8904,e1840ebd3945bac63a1a1db5e13438dc2d1aad0b75fff316f3a4685d50583551,2ccfba6c447fa43a994934690acb67c7355ca04d232394907ed6938bc362c643,5d829d5e04c6ad8cf045082843a86ec6c0d65651cbeb62f300137d271c34bf0c,b226b97e0e67288aaaf85726ad855df71cb81406685c57c8e8c40cd8996aa0da,9a409f8b62a7fe04b4083ef0a7784b7de3c783a6,False,"{""VRP-EVRP-Project-Hub"": {""dirty"": false, ""path"": ""/Users/guoyiyang/Documents/GitHub/FURP-2026-Yiyang-GUO-EVRP-TW/reference/VRP-EVRP-Project-Hub"", ""revision"": ""e3a890065105f978187e532642c4442522215e02""}, ""py-ga-VRPTW"": {""dirty"": false, ""path"": ""/Users/guoyiyang/Documents/GitHub/FURP-2026-Yiyang-GUO-EVRP-TW/reference/py-ga-VRPTW"", ""revision"": ""8e005caaaf6471a4505588d88c7f0f5e0d4ebffa""}}",stage03.0_measurement_attempt05,,preserve;see stage03_legacy_path_map.csv,legacy,legacy_json_or_jsonl,none,legacy,legacy_unknown,,,14970300,legacy_compatible
stage03.1,screening,stage03.1_screening_attempt01,attempt01,stage03.1_screening_attempt01,stage031_cheap_screening_smoke01,smoke,rc105C5,2016,"[""c101C5"", ""r105C5"", ""rc105C5"", ""c101_21"", ""r101_21"", ""rc101_21""]","[2014, 2015, 2016]",events,verified_legacy,results/stage03.1_screening_attempt01/rc105C5/2016/stage03.1_screening_attempt01_events_rc105C5_2016.jsonl,results/stage031-cheap-screening_smoke01/events/rc105C5-alns_stage02_constraint_guided-2016.jsonl,feasible,,not_verified,not_present,not_applicable,not_published,eb5d446ce2b4605937f2a75bdcd258f3bdff6c85e132f739bd4664365bd9c30a,raw_manifest,1fa977d05817b402c279b2546069578175e3b4531c53b435c0d41f712d5d8904,e1840ebd3945bac63a1a1db5e13438dc2d1aad0b75fff316f3a4685d50583551,2ccfba6c447fa43a994934690acb67c7355ca04d232394907ed6938bc362c643,8ef7e563939cf22a93c37e1d61ec745121d685c4c6b7c3accb3a06d6434df190,b226b97e0e67288aaaf85726ad855df71cb81406685c57c8e8c40cd8996aa0da,9a409f8b62a7fe04b4083ef0a7784b7de3c783a6,False,"{""VRP-EVRP-Project-Hub"": {""dirty"": false, ""path"": ""/Users/guoyiyang/Documents/GitHub/FURP-2026-Yiyang-GUO-EVRP-TW/reference/VRP-EVRP-Project-Hub"", ""revision"": ""e3a890065105f978187e532642c4442522215e02""}, ""py-ga-VRPTW"": {""dirty"": false, ""path"": ""/Users/guoyiyang/Documents/GitHub/FURP-2026-Yiyang-GUO-EVRP-TW/reference/py-ga-VRPTW"", ""revision"": ""8e005caaaf6471a4505588d88c7f0f5e0d4ebffa""}}",stage03.0_measurement_attempt05,,preserve;see stage03_legacy_path_map.csv,legacy,legacy_json_or_jsonl,none,legacy,legacy_unknown,,,15137106,legacy_compatible
stage03.1,screening,stage03.1_screening_attempt01,attempt01,stage03.1_screening_attempt01,stage031_cheap_screening_smoke01,smoke,__all__,__all__,"[""c101C5"", ""r105C5"", ""rc105C5"", ""c101_21"", ""r101_21"", ""rc101_21""]","[2014, 2015, 2016]",manifest,verified_legacy,results/stage03.1_screening_attempt01/control/stage03.1_screening_attempt01_manifest.json,results/stage031-cheap-screening_smoke01/manifest.json,feasible,,not_verified,not_present,not_applicable,not_published,74fb6b791ec3b197dc391544f8656380c19b4088cfceef23f069163cdd62e918,computed,1fa977d05817b402c279b2546069578175e3b4531c53b435c0d41f712d5d8904,e1840ebd3945bac63a1a1db5e13438dc2d1aad0b75fff316f3a4685d50583551,,,b226b97e0e67288aaaf85726ad855df71cb81406685c57c8e8c40cd8996aa0da,9a409f8b62a7fe04b4083ef0a7784b7de3c783a6,False,"{""VRP-EVRP-Project-Hub"": {""dirty"": false, ""path"": ""/Users/guoyiyang/Documents/GitHub/FURP-2026-Yiyang-GUO-EVRP-TW/reference/VRP-EVRP-Project-Hub"", ""revision"": ""e3a890065105f978187e532642c4442522215e02""}, ""py-ga-VRPTW"": {""dirty"": false, ""path"": ""/Users/guoyiyang/Documents/GitHub/FURP-2026-Yiyang-GUO-EVRP-TW/reference/py-ga-VRPTW"", ""revision"": ""8e005caaaf6471a4505588d88c7f0f5e0d4ebffa""}}",stage03.0_measurement_attempt05,,preserve;see stage03_legacy_path_map.csv,legacy,legacy_json_or_jsonl,none,legacy,legacy_unknown,,,12321,legacy_compatible
stage03.1,screening,stage03.1_screening_attempt01,attempt01,stage03.1_screening_attempt01,stage031_cheap_screening_smoke01,smoke,__all__,__all__,"[""c101C5"", ""r105C5"", ""rc105C5"", ""c101_21"", ""r101_21"", ""rc101_21""]","[2014, 2015, 2016]",manifest_checksum,verified_legacy,results/stage03.1_screening_attempt01/control/stage03.1_screening_attempt01_manifest.sha256,results/stage031-cheap-screening_smoke01/manifest.sha256,feasible,,not_verified,not_present,not_applicable,not_published,39cf8f47fd2d656d823fe912afce4b3f7471e0425903f384fe19b8a75a2fbf18,computed,1fa977d05817b402c279b2546069578175e3b4531c53b435c0d41f712d5d8904,e1840ebd3945bac63a1a1db5e13438dc2d1aad0b75fff316f3a4685d50583551,,,b226b97e0e67288aaaf85726ad855df71cb81406685c57c8e8c40cd8996aa0da,9a409f8b62a7fe04b4083ef0a7784b7de3c783a6,False,"{""VRP-EVRP-Project-Hub"": {""dirty"": false, ""path"": ""/Users/guoyiyang/Documents/GitHub/FURP-2026-Yiyang-GUO-EVRP-TW/reference/VRP-EVRP-Project-Hub"", ""revision"": ""e3a890065105f978187e532642c4442522215e02""}, ""py-ga-VRPTW"": {""dirty"": false, ""path"": ""/Users/guoyiyang/Documents/GitHub/FURP-2026-Yiyang-GUO-EVRP-TW/reference/py-ga-VRPTW"", ""revision"": ""8e005caaaf6471a4505588d88c7f0f5e0d4ebffa""}}",stage03.0_measurement_attempt05,,preserve;see stage03_legacy_path_map.csv,legacy,legacy_json_or_jsonl,none,legacy,legacy_unknown,,,65,legacy_compatible
stage03.1,screening,stage03.1_screening_attempt01,attempt01,stage03.1_screening_attempt01,stage031_cheap_screening_smoke01,smoke,__all__,__all__,"[""c101C5"", ""r105C5"", ""rc105C5"", ""c101_21"", ""r101_21"", ""rc101_21""]","[2014, 2015, 2016]",config,verified_legacy,results/stage03.1_screening_attempt01/control/stage03.1_screening_attempt01_config.toml,results/stage031-cheap-screening_smoke01/parameters.toml,feasible,,not_verified,not_present,not_applicable,not_published,e1840ebd3945bac63a1a1db5e13438dc2d1aad0b75fff316f3a4685d50583551,raw_manifest,1fa977d05817b402c279b2546069578175e3b4531c53b435c0d41f712d5d8904,e1840ebd3945bac63a1a1db5e13438dc2d1aad0b75fff316f3a4685d50583551,,,b226b97e0e67288aaaf85726ad855df71cb81406685c57c8e8c40cd8996aa0da,9a409f8b62a7fe04b4083ef0a7784b7de3c783a6,False,"{""VRP-EVRP-Project-Hub"": {""dirty"": false, ""path"": ""/Users/guoyiyang/Documents/GitHub/FURP-2026-Yiyang-GUO-EVRP-TW/reference/VRP-EVRP-Project-Hub"", ""revision"": ""e3a890065105f978187e532642c4442522215e02""}, ""py-ga-VRPTW"": {""dirty"": false, ""path"": ""/Users/guoyiyang/Documents/GitHub/FURP-2026-Yiyang-GUO-EVRP-TW/reference/py-ga-VRPTW"", ""revision"": ""8e005caaaf6471a4505588d88c7f0f5e0d4ebffa""}}",stage03.0_measurement_attempt05,,preserve;see stage03_legacy_path_map.csv,legacy,legacy_json_or_jsonl,none,legacy,legacy_unknown,,,1052,legacy_compatible
stage03.1,screening,stage03.1_screening_attempt01,attempt01,stage03.1_screening_attempt01,stage031_cheap_screening_smoke01,smoke,c101C5,2014,"[""c101C5"", ""r105C5"", ""rc105C5"", ""c101_21"", ""r101_21"", ""rc101_21""]","[2014, 2015, 2016]",raw,verified_legacy,results/stage03.1_screening_attempt01/c101C5/2014/stage03.1_screening_attempt01_raw_c101C5_2014.json,results/stage031-cheap-screening_smoke01/raw/c101C5-alns_stage02_constraint_guided-2014.json,feasible,,not_verified,not_present,not_applicable,not_published,6927695ef56aa787805456f1a591c0bc9a458b45ff0f2f833dbfbc421f484b99,raw_manifest,1fa977d05817b402c279b2546069578175e3b4531c53b435c0d41f712d5d8904,e1840ebd3945bac63a1a1db5e13438dc2d1aad0b75fff316f3a4685d50583551,8612d6d9aad051776097a5e50c7408f39352b8107b0639d58e5eda713f9ff876,e177b8e5ab88cc50a856e4c60b70ba3f218483cc20cf0420cd9325530ea8b108,b226b97e0e67288aaaf85726ad855df71cb81406685c57c8e8c40cd8996aa0da,9a409f8b62a7fe04b4083ef0a7784b7de3c783a6,False,"{""VRP-EVRP-Project-Hub"": {""dirty"": false, ""path"": ""/Users/guoyiyang/Documents/GitHub/FURP-2026-Yiyang-GUO-EVRP-TW/reference/VRP-EVRP-Project-Hub"", ""revision"": ""e3a890065105f978187e532642c4442522215e02""}, ""py-ga-VRPTW"": {""dirty"": false, ""path"": ""/Users/guoyiyang/Documents/GitHub/FURP-2026-Yiyang-GUO-EVRP-TW/reference/py-ga-VRPTW"", ""revision"": ""8e005caaaf6471a4505588d88c7f0f5e0d4ebffa""}}",stage03.0_measurement_attempt05,,preserve;see stage03_legacy_path_map.csv,legacy,legacy_json_or_jsonl,none,legacy,legacy_unknown,,,2395077,legacy_compatible
stage03.1,screening,stage03.1_screening_attempt01,attempt01,stage03.1_screening_attempt01,stage031_cheap_screening_smoke01,smoke,c101C5,2015,"[""c101C5"", ""r105C5"", ""rc105C5"", ""c101_21"", ""r101_21"", ""rc101_21""]","[2014, 2015, 2016]",raw,verified_legacy,results/stage03.1_screening_attempt01/c101C5/2015/stage03.1_screening_attempt01_raw_c101C5_2015.json,results/stage031-cheap-screening_smoke01/raw/c101C5-alns_stage02_constraint_guided-2015.json,feasible,,not_verified,not_present,not_applicable,not_published,d5052b8b125588081f45664cd03ebf7d29ed12c4372a053704a4230dc4fd63da,raw_manifest,1fa977d05817b402c279b2546069578175e3b4531c53b435c0d41f712d5d8904,e1840ebd3945bac63a1a1db5e13438dc2d1aad0b75fff316f3a4685d50583551,8612d6d9aad051776097a5e50c7408f39352b8107b0639d58e5eda713f9ff876,d9d9a539edbdf58ed34cdc271e830a5db4bce418daf03a506cfbd116bc7a1200,b226b97e0e67288aaaf85726ad855df71cb81406685c57c8e8c40cd8996aa0da,9a409f8b62a7fe04b4083ef0a7784b7de3c783a6,False,"{""VRP-EVRP-Project-Hub"": {""dirty"": false, ""path"": ""/Users/guoyiyang/Documents/GitHub/FURP-2026-Yiyang-GUO-EVRP-TW/reference/VRP-EVRP-Project-Hub"", ""revision"": ""e3a890065105f978187e532642c4442522215e02""}, ""py-ga-VRPTW"": {""dirty"": false, ""path"": ""/Users/guoyiyang/Documents/GitHub/FURP-2026-Yiyang-GUO-EVRP-TW/reference/py-ga-VRPTW"", ""revision"": ""8e005caaaf6471a4505588d88c7f0f5e0d4ebffa""}}",stage03.0_measurement_attempt05,,preserve;see stage03_legacy_path_map.csv,legacy,legacy_json_or_jsonl,none,legacy,legacy_unknown,,,2378101,legacy_compatible
stage03.1,screening,stage03.1_screening_attempt01,attempt01,stage03.1_screening_attempt01,stage031_cheap_screening_smoke01,smoke,c101C5,2016,"[""c101C5"", ""r105C5"", ""rc105C5"", ""c101_21"", ""r101_21"", ""rc101_21""]","[2014, 2015, 2016]",raw,verified_legacy,results/stage03.1_screening_attempt01/c101C5/2016/stage03.1_screening_attempt01_raw_c101C5_2016.json,results/stage031-cheap-screening_smoke01/raw/c101C5-alns_stage02_constraint_guided-2016.json,feasible,,not_verified,not_present,not_applicable,not_published,7af2a77818168fa130b45d50631411ad4b917466a0c264609c6f37c049b8ab60,raw_manifest,1fa977d05817b402c279b2546069578175e3b4531c53b435c0d41f712d5d8904,e1840ebd3945bac63a1a1db5e13438dc2d1aad0b75fff316f3a4685d50583551,8612d6d9aad051776097a5e50c7408f39352b8107b0639d58e5eda713f9ff876,8ae58b7ef980f22621db707f8da0202d737fe2dcdbe7f88fb31ca865166be895,b226b97e0e67288aaaf85726ad855df71cb81406685c57c8e8c40cd8996aa0da,9a409f8b62a7fe04b4083ef0a7784b7de3c783a6,False,"{""VRP-EVRP-Project-Hub"": {""dirty"": false, ""path"": ""/Users/guoyiyang/Documents/GitHub/FURP-2026-Yiyang-GUO-EVRP-TW/reference/VRP-EVRP-Project-Hub"", ""revision"": ""e3a890065105f978187e532642c4442522215e02""}, ""py-ga-VRPTW"": {""dirty"": false, ""path"": ""/Users/guoyiyang/Documents/GitHub/FURP-2026-Yiyang-GUO-EVRP-TW/reference/py-ga-VRPTW"", ""revision"": ""8e005caaaf6471a4505588d88c7f0f5e0d4ebffa""}}",stage03.0_measurement_attempt05,,preserve;see stage03_legacy_path_map.csv,legacy,legacy_json_or_jsonl,none,legacy,legacy_unknown,,,2358796,legacy_compatible
stage03.1,screening,stage03.1_screening_attempt01,attempt01,stage03.1_screening_attempt01,stage031_cheap_screening_smoke01,smoke,c101_21,2014,"[""c101C5"", ""r105C5"", ""rc105C5"", ""c101_21"", ""r101_21"", ""rc101_21""]","[2014, 2015, 2016]",raw,verified_legacy,results/stage03.1_screening_attempt01/c101_21/2014/stage03.1_screening_attempt01_raw_c101_21_2014.json,results/stage031-cheap-screening_smoke01/raw/c101_21-alns_stage02_constraint_guided-2014.json,feasible,,not_verified,not_present,not_applicable,not_published,2b46df1cdd20ac33d20b6c3eb8f39a67cdb635db688ce0c38473d92840ef5661,raw_manifest,1fa977d05817b402c279b2546069578175e3b4531c53b435c0d41f712d5d8904,e1840ebd3945bac63a1a1db5e13438dc2d1aad0b75fff316f3a4685d50583551,c5cda6ca63a7d518902cf4b02d98b4aa0f373aaa0658d5c666d1c46d38871cb9,a091529c79245d265108a5bcb196056e3055af0745cfe6f37be3753ad0709ede,b226b97e0e67288aaaf85726ad855df71cb81406685c57c8e8c40cd8996aa0da,9a409f8b62a7fe04b4083ef0a7784b7de3c783a6,False,"{""VRP-EVRP-Project-Hub"": {""dirty"": false, ""path"": ""/Users/guoyiyang/Documents/GitHub/FURP-2026-Yiyang-GUO-EVRP-TW/reference/VRP-EVRP-Project-Hub"", ""revision"": ""e3a890065105f978187e532642c4442522215e02""}, ""py-ga-VRPTW"": {""dirty"": false, ""path"": ""/Users/guoyiyang/Documents/GitHub/FURP-2026-Yiyang-GUO-EVRP-TW/reference/py-ga-VRPTW"", ""revision"": ""8e005caaaf6471a4505588d88c7f0f5e0d4ebffa""}}",stage03.0_measurement_attempt05,,preserve;see stage03_legacy_path_map.csv,legacy,legacy_json_or_jsonl,none,legacy,legacy_unknown,,,29253128,legacy_compatible
stage03.1,screening,stage03.1_screening_attempt01,attempt01,stage03.1_screening_attempt01,stage031_cheap_screening_smoke01,smoke,c101_21,2015,"[""c101C5"", ""r105C5"", ""rc105C5"", ""c101_21"", ""r101_21"", ""rc101_21""]","[2014, 2015, 2016]",raw,verified_legacy,results/stage03.1_screening_attempt01/c101_21/2015/stage03.1_screening_attempt01_raw_c101_21_2015.json,results/stage031-cheap-screening_smoke01/raw/c101_21-alns_stage02_constraint_guided-2015.json,feasible,,not_verified,not_present,not_applicable,not_published,7a1b8a2a2f0f6f1545fff6d12d6758723753ece00036afd40b58a96d68360e0e,raw_manifest,1fa977d05817b402c279b2546069578175e3b4531c53b435c0d41f712d5d8904,e1840ebd3945bac63a1a1db5e13438dc2d1aad0b75fff316f3a4685d50583551,c5cda6ca63a7d518902cf4b02d98b4aa0f373aaa0658d5c666d1c46d38871cb9,9040d6babbbeae842db4a73d4c5e2c046f37e4d41771dd90d6ff23b1cb7c1da3,b226b97e0e67288aaaf85726ad855df71cb81406685c57c8e8c40cd8996aa0da,9a409f8b62a7fe04b4083ef0a7784b7de3c783a6,False,"{""VRP-EVRP-Project-Hub"": {""dirty"": false, ""path"": ""/Users/guoyiyang/Documents/GitHub/FURP-2026-Yiyang-GUO-EVRP-TW/reference/VRP-EVRP-Project-Hub"", ""revision"": ""e3a890065105f978187e532642c4442522215e02""}, ""py-ga-VRPTW"": {""dirty"": false, ""path"": ""/Users/guoyiyang/Documents/GitHub/FURP-2026-Yiyang-GUO-EVRP-TW/reference/py-ga-VRPTW"", ""revision"": ""8e005caaaf6471a4505588d88c7f0f5e0d4ebffa""}}",stage03.0_measurement_attempt05,,preserve;see stage03_legacy_path_map.csv,legacy,legacy_json_or_jsonl,none,legacy,legacy_unknown,,,25481921,legacy_compatible
stage03.1,screening,stage03.1_screening_attempt01,attempt01,stage03.1_screening_attempt01,stage031_cheap_screening_smoke01,smoke,c101_21,2016,"[""c101C5"", ""r105C5"", ""rc105C5"", ""c101_21"", ""r101_21"", ""rc101_21""]","[2014, 2015, 2016]",raw,verified_legacy,results/stage03.1_screening_attempt01/c101_21/2016/stage03.1_screening_attempt01_raw_c101_21_2016.json,results/stage031-cheap-screening_smoke01/raw/c101_21-alns_stage02_constraint_guided-2016.json,feasible,,not_verified,not_present,not_applicable,not_published,cad6042e37a9ed8104da172be9f02cd982fc9d1fcdb08d13317df593d0809271,raw_manifest,1fa977d05817b402c279b2546069578175e3b4531c53b435c0d41f712d5d8904,e1840ebd3945bac63a1a1db5e13438dc2d1aad0b75fff316f3a4685d50583551,c5cda6ca63a7d518902cf4b02d98b4aa0f373aaa0658d5c666d1c46d38871cb9,18b29bffc06b4e23f55ec956ae75042987afbd4cfaeb575fdf908822703f35b2,b226b97e0e67288aaaf85726ad855df71cb81406685c57c8e8c40cd8996aa0da,9a409f8b62a7fe04b4083ef0a7784b7de3c783a6,False,"{""VRP-EVRP-Project-Hub"": {""dirty"": false, ""path"": ""/Users/guoyiyang/Documents/GitHub/FURP-2026-Yiyang-GUO-EVRP-TW/reference/VRP-EVRP-Project-Hub"", ""revision"": ""e3a890065105f978187e532642c4442522215e02""}, ""py-ga-VRPTW"": {""dirty"": false, ""path"": ""/Users/guoyiyang/Documents/GitHub/FURP-2026-Yiyang-GUO-EVRP-TW/reference/py-ga-VRPTW"", ""revision"": ""8e005caaaf6471a4505588d88c7f0f5e0d4ebffa""}}",stage03.0_measurement_attempt05,,preserve;see stage03_legacy_path_map.csv,legacy,legacy_json_or_jsonl,none,legacy,legacy_unknown,,,25529769,legacy_compatible
stage03.1,screening,stage03.1_screening_attempt01,attempt01,stage03.1_screening_attempt01,stage031_cheap_screening_smoke01,smoke,r101_21,2014,"[""c101C5"", ""r105C5"", ""rc105C5"", ""c101_21"", ""r101_21"", ""rc101_21""]","[2014, 2015, 2016]",raw,verified_legacy,results/stage03.1_screening_attempt01/r101_21/2014/stage03.1_screening_attempt01_raw_r101_21_2014.json,results/stage031-cheap-screening_smoke01/raw/r101_21-alns_stage02_constraint_guided-2014.json,feasible,,not_verified,not_present,not_applicable,not_published,d2ee4c11b9477a1677fe08ca5ba523ea6c28fd480a962166ad98277444c207fa,raw_manifest,1fa977d05817b402c279b2546069578175e3b4531c53b435c0d41f712d5d8904,e1840ebd3945bac63a1a1db5e13438dc2d1aad0b75fff316f3a4685d50583551,0e5a3dffffbd3c516b528ef32ba1a488b817d2f151fc3e8c81023814de1c103a,23994eb1c61dffdcc3117df981a584f085d32141a63e2910f323f5291f9bb688,b226b97e0e67288aaaf85726ad855df71cb81406685c57c8e8c40cd8996aa0da,9a409f8b62a7fe04b4083ef0a7784b7de3c783a6,False,"{""VRP-EVRP-Project-Hub"": {""dirty"": false, ""path"": ""/Users/guoyiyang/Documents/GitHub/FURP-2026-Yiyang-GUO-EVRP-TW/reference/VRP-EVRP-Project-Hub"", ""revision"": ""e3a890065105f978187e532642c4442522215e02""}, ""py-ga-VRPTW"": {""dirty"": false, ""path"": ""/Users/guoyiyang/Documents/GitHub/FURP-2026-Yiyang-GUO-EVRP-TW/reference/py-ga-VRPTW"", ""revision"": ""8e005caaaf6471a4505588d88c7f0f5e0d4ebffa""}}",stage03.0_measurement_attempt05,,preserve;see stage03_legacy_path_map.csv,legacy,legacy_json_or_jsonl,none,legacy,legacy_unknown,,,91496433,legacy_compatible
stage03.1,screening,stage03.1_screening_attempt01,attempt01,stage03.1_screening_attempt01,stage031_cheap_screening_smoke01,smoke,r101_21,2015,"[""c101C5"", ""r105C5"", ""rc105C5"", ""c101_21"", ""r101_21"", ""rc101_21""]","[2014, 2015, 2016]",raw,verified_legacy,results/stage03.1_screening_attempt01/r101_21/2015/stage03.1_screening_attempt01_raw_r101_21_2015.json,results/stage031-cheap-screening_smoke01/raw/r101_21-alns_stage02_constraint_guided-2015.json,feasible,,not_verified,not_present,not_applicable,not_published,2fc45b408baff079a32b2d077b30f7c808767e593352065f983909eb089ff1d5,raw_manifest,1fa977d05817b402c279b2546069578175e3b4531c53b435c0d41f712d5d8904,e1840ebd3945bac63a1a1db5e13438dc2d1aad0b75fff316f3a4685d50583551,0e5a3dffffbd3c516b528ef32ba1a488b817d2f151fc3e8c81023814de1c103a,da737dee24232503a65f5b918d9b768967e23c59455cf4fc5b7a9b5ad034f23c,b226b97e0e67288aaaf85726ad855df71cb81406685c57c8e8c40cd8996aa0da,9a409f8b62a7fe04b4083ef0a7784b7de3c783a6,False,"{""VRP-EVRP-Project-Hub"": {""dirty"": false, ""path"": ""/Users/guoyiyang/Documents/GitHub/FURP-2026-Yiyang-GUO-EVRP-TW/reference/VRP-EVRP-Project-Hub"", ""revision"": ""e3a890065105f978187e532642c4442522215e02""}, ""py-ga-VRPTW"": {""dirty"": false, ""path"": ""/Users/guoyiyang/Documents/GitHub/FURP-2026-Yiyang-GUO-EVRP-TW/reference/py-ga-VRPTW"", ""revision"": ""8e005caaaf6471a4505588d88c7f0f5e0d4ebffa""}}",stage03.0_measurement_attempt05,,preserve;see stage03_legacy_path_map.csv,legacy,legacy_json_or_jsonl,none,legacy,legacy_unknown,,,70605880,legacy_compatible
stage03.1,screening,stage03.1_screening_attempt01,attempt01,stage03.1_screening_attempt01,stage031_cheap_screening_smoke01,smoke,r101_21,2016,"[""c101C5"", ""r105C5"", ""rc105C5"", ""c101_21"", ""r101_21"", ""rc101_21""]","[2014, 2015, 2016]",raw,verified_legacy,results/stage03.1_screening_attempt01/r101_21/2016/stage03.1_screening_attempt01_raw_r101_21_2016.json,results/stage031-cheap-screening_smoke01/raw/r101_21-alns_stage02_constraint_guided-2016.json,feasible,,not_verified,not_present,not_applicable,not_published,8d9bc99f04b4d01cb66dd5117c08ad1bf8153a3f227b8fef0e76b2ddf8a2cc18,raw_manifest,1fa977d05817b402c279b2546069578175e3b4531c53b435c0d41f712d5d8904,e1840ebd3945bac63a1a1db5e13438dc2d1aad0b75fff316f3a4685d50583551,0e5a3dffffbd3c516b528ef32ba1a488b817d2f151fc3e8c81023814de1c103a,1adf832a1101c113cec37e7784408db7071dd2daf8b8e94c283e7e9d709974a3,b226b97e0e67288aaaf85726ad855df71cb81406685c57c8e8c40cd8996aa0da,9a409f8b62a7fe04b4083ef0a7784b7de3c783a6,False,"{""VRP-EVRP-Project-Hub"": {""dirty"": false, ""path"": ""/Users/guoyiyang/Documents/GitHub/FURP-2026-Yiyang-GUO-EVRP-TW/reference/VRP-EVRP-Project-Hub"", ""revision"": ""e3a890065105f978187e532642c4442522215e02""}, ""py-ga-VRPTW"": {""dirty"": false, ""path"": ""/Users/guoyiyang/Documents/GitHub/FURP-2026-Yiyang-GUO-EVRP-TW/reference/py-ga-VRPTW"", ""revision"": ""8e005caaaf6471a4505588d88c7f0f5e0d4ebffa""}}",stage03.0_measurement_attempt05,,preserve;see stage03_legacy_path_map.csv,legacy,legacy_json_or_jsonl,none,legacy,legacy_unknown,,,65845844,legacy_compatible
stage03.1,screening,stage03.1_screening_attempt01,attempt01,stage03.1_screening_attempt01,stage031_cheap_screening_smoke01,smoke,r105C5,2014,"[""c101C5"", ""r105C5"", ""rc105C5"", ""c101_21"", ""r101_21"", ""rc101_21""]","[2014, 2015, 2016]",raw,verified_legacy,results/stage03.1_screening_attempt01/r105C5/2014/stage03.1_screening_attempt01_raw_r105C5_2014.json,results/stage031-cheap-screening_smoke01/raw/r105C5-alns_stage02_constraint_guided-2014.json,feasible,,not_verified,not_present,not_applicable,not_published,68b7f102ce9650f28bfe374ffccc8bb633a1212caf239f00e4ac7df0063dfc1e,raw_manifest,1fa977d05817b402c279b2546069578175e3b4531c53b435c0d41f712d5d8904,e1840ebd3945bac63a1a1db5e13438dc2d1aad0b75fff316f3a4685d50583551,eb27ec04e799ee6d39dee3d66f15128e197811afa8c664295acbdf6444176434,77462b724af05fd8728e0f6c98ae6989e3ed98235a6b02fa0b425c2d607c895e,b226b97e0e67288aaaf85726ad855df71cb81406685c57c8e8c40cd8996aa0da,9a409f8b62a7fe04b4083ef0a7784b7de3c783a6,False,"{""VRP-EVRP-Project-Hub"": {""dirty"": false, ""path"": ""/Users/guoyiyang/Documents/GitHub/FURP-2026-Yiyang-GUO-EVRP-TW/reference/VRP-EVRP-Project-Hub"", ""revision"": ""e3a890065105f978187e532642c4442522215e02""}, ""py-ga-VRPTW"": {""dirty"": false, ""path"": ""/Users/guoyiyang/Documents/GitHub/FURP-2026-Yiyang-GUO-EVRP-TW/reference/py-ga-VRPTW"", ""revision"": ""8e005caaaf6471a4505588d88c7f0f5e0d4ebffa""}}",stage03.0_measurement_attempt05,,preserve;see stage03_legacy_path_map.csv,legacy,legacy_json_or_jsonl,none,legacy,legacy_unknown,,,2353722,legacy_compatible
stage03.1,screening,stage03.1_screening_attempt01,attempt01,stage03.1_screening_attempt01,stage031_cheap_screening_smoke01,smoke,r105C5,2015,"[""c101C5"", ""r105C5"", ""rc105C5"", ""c101_21"", ""r101_21"", ""rc101_21""]","[2014, 2015, 2016]",raw,verified_legacy,results/stage03.1_screening_attempt01/r105C5/2015/stage03.1_screening_attempt01_raw_r105C5_2015.json,results/stage031-cheap-screening_smoke01/raw/r105C5-alns_stage02_constraint_guided-2015.json,feasible,,not_verified,not_present,not_applicable,not_published,1e0fb6a70a39ec878e4652dd3d25ee1d887e63538c9a600906c362f0040314ef,raw_manifest,1fa977d05817b402c279b2546069578175e3b4531c53b435c0d41f712d5d8904,e1840ebd3945bac63a1a1db5e13438dc2d1aad0b75fff316f3a4685d50583551,eb27ec04e799ee6d39dee3d66f15128e197811afa8c664295acbdf6444176434,ac0c7e8c5526a0cc4fe5c0ed316b8cb2f14aa76eb483090bbaa4004cc57ae70f,b226b97e0e67288aaaf85726ad855df71cb81406685c57c8e8c40cd8996aa0da,9a409f8b62a7fe04b4083ef0a7784b7de3c783a6,False,"{""VRP-EVRP-Project-Hub"": {""dirty"": false, ""path"": ""/Users/guoyiyang/Documents/GitHub/FURP-2026-Yiyang-GUO-EVRP-TW/reference/VRP-EVRP-Project-Hub"", ""revision"": ""e3a890065105f978187e532642c4442522215e02""}, ""py-ga-VRPTW"": {""dirty"": false, ""path"": ""/Users/guoyiyang/Documents/GitHub/FURP-2026-Yiyang-GUO-EVRP-TW/reference/py-ga-VRPTW"", ""revision"": ""8e005caaaf6471a4505588d88c7f0f5e0d4ebffa""}}",stage03.0_measurement_attempt05,,preserve;see stage03_legacy_path_map.csv,legacy,legacy_json_or_jsonl,none,legacy,legacy_unknown,,,2287292,legacy_compatible
stage03.1,screening,stage03.1_screening_attempt01,attempt01,stage03.1_screening_attempt01,stage031_cheap_screening_smoke01,smoke,r105C5,2016,"[""c101C5"", ""r105C5"", ""rc105C5"", ""c101_21"", ""r101_21"", ""rc101_21""]","[2014, 2015, 2016]",raw,verified_legacy,results/stage03.1_screening_attempt01/r105C5/2016/stage03.1_screening_attempt01_raw_r105C5_2016.json,results/stage031-cheap-screening_smoke01/raw/r105C5-alns_stage02_constraint_guided-2016.json,feasible,,not_verified,not_present,not_applicable,not_published,655fb6283a560ed076a2f7cdf2facb5de482644a82e532a01740b71f583008e8,raw_manifest,1fa977d05817b402c279b2546069578175e3b4531c53b435c0d41f712d5d8904,e1840ebd3945bac63a1a1db5e13438dc2d1aad0b75fff316f3a4685d50583551,eb27ec04e799ee6d39dee3d66f15128e197811afa8c664295acbdf6444176434,b8b681aed2b5c7ea9e287dcf85c0e2b77ef5f1dd99d67c213985e20558e4e339,b226b97e0e67288aaaf85726ad855df71cb81406685c57c8e8c40cd8996aa0da,9a409f8b62a7fe04b4083ef0a7784b7de3c783a6,False,"{""VRP-EVRP-Project-Hub"": {""dirty"": false, ""path"": ""/Users/guoyiyang/Documents/GitHub/FURP-2026-Yiyang-GUO-EVRP-TW/reference/VRP-EVRP-Project-Hub"", ""revision"": ""e3a890065105f978187e532642c4442522215e02""}, ""py-ga-VRPTW"": {""dirty"": false, ""path"": ""/Users/guoyiyang/Documents/GitHub/FURP-2026-Yiyang-GUO-EVRP-TW/reference/py-ga-VRPTW"", ""revision"": ""8e005caaaf6471a4505588d88c7f0f5e0d4ebffa""}}",stage03.0_measurement_attempt05,,preserve;see stage03_legacy_path_map.csv,legacy,legacy_json_or_jsonl,none,legacy,legacy_unknown,,,2265476,legacy_compatible
stage03.1,screening,stage03.1_screening_attempt01,attempt01,stage03.1_screening_attempt01,stage031_cheap_screening_smoke01,smoke,rc101_21,2014,"[""c101C5"", ""r105C5"", ""rc105C5"", ""c101_21"", ""r101_21"", ""rc101_21""]","[2014, 2015, 2016]",raw,verified_legacy,results/stage03.1_screening_attempt01/rc101_21/2014/stage03.1_screening_attempt01_raw_rc101_21_2014.json,results/stage031-cheap-screening_smoke01/raw/rc101_21-alns_stage02_constraint_guided-2014.json,feasible,,not_verified,not_present,not_applicable,not_published,fd730d5346c5456b5900436d9220e7e41ece104319645eb15a2e7a1c2e864073,raw_manifest,1fa977d05817b402c279b2546069578175e3b4531c53b435c0d41f712d5d8904,e1840ebd3945bac63a1a1db5e13438dc2d1aad0b75fff316f3a4685d50583551,272a3e58d53d4ba9516f01506164cf8a9b98bfeeb8dbd1fd62f6557e4c98e3a1,ee4a098ac7ed6a9fb2b432e6ca7673c3ce09d863c2e147752f356af15d0cf8f8,b226b97e0e67288aaaf85726ad855df71cb81406685c57c8e8c40cd8996aa0da,9a409f8b62a7fe04b4083ef0a7784b7de3c783a6,False,"{""VRP-EVRP-Project-Hub"": {""dirty"": false, ""path"": ""/Users/guoyiyang/Documents/GitHub/FURP-2026-Yiyang-GUO-EVRP-TW/reference/VRP-EVRP-Project-Hub"", ""revision"": ""e3a890065105f978187e532642c4442522215e02""}, ""py-ga-VRPTW"": {""dirty"": false, ""path"": ""/Users/guoyiyang/Documents/GitHub/FURP-2026-Yiyang-GUO-EVRP-TW/reference/py-ga-VRPTW"", ""revision"": ""8e005caaaf6471a4505588d88c7f0f5e0d4ebffa""}}",stage03.0_measurement_attempt05,,preserve;see stage03_legacy_path_map.csv,legacy,legacy_json_or_jsonl,none,legacy,legacy_unknown,,,49006659,legacy_compatible
stage03.1,screening,stage03.1_screening_attempt01,attempt01,stage03.1_screening_attempt01,stage031_cheap_screening_smoke01,smoke,rc101_21,2015,"[""c101C5"", ""r105C5"", ""rc105C5"", ""c101_21"", ""r101_21"", ""rc101_21""]","[2014, 2015, 2016]",raw,verified_legacy,results/stage03.1_screening_attempt01/rc101_21/2015/stage03.1_screening_attempt01_raw_rc101_21_2015.json,results/stage031-cheap-screening_smoke01/raw/rc101_21-alns_stage02_constraint_guided-2015.json,feasible,,not_verified,not_present,not_applicable,not_published,d26517ff5844bd312abad6d872a6e4f40e8530d08afe99d28ee8c6903765b54b,raw_manifest,1fa977d05817b402c279b2546069578175e3b4531c53b435c0d41f712d5d8904,e1840ebd3945bac63a1a1db5e13438dc2d1aad0b75fff316f3a4685d50583551,272a3e58d53d4ba9516f01506164cf8a9b98bfeeb8dbd1fd62f6557e4c98e3a1,5d446a56bed08e8c9ffaea6107d35b8a5998ddce7ade9616e62c25cc62fab89b,b226b97e0e67288aaaf85726ad855df71cb81406685c57c8e8c40cd8996aa0da,9a409f8b62a7fe04b4083ef0a7784b7de3c783a6,False,"{""VRP-EVRP-Project-Hub"": {""dirty"": false, ""path"": ""/Users/guoyiyang/Documents/GitHub/FURP-2026-Yiyang-GUO-EVRP-TW/reference/VRP-EVRP-Project-Hub"", ""revision"": ""e3a890065105f978187e532642c4442522215e02""}, ""py-ga-VRPTW"": {""dirty"": false, ""path"": ""/Users/guoyiyang/Documents/GitHub/FURP-2026-Yiyang-GUO-EVRP-TW/reference/py-ga-VRPTW"", ""revision"": ""8e005caaaf6471a4505588d88c7f0f5e0d4ebffa""}}",stage03.0_measurement_attempt05,,preserve;see stage03_legacy_path_map.csv,legacy,legacy_json_or_jsonl,none,legacy,legacy_unknown,,,67109244,legacy_compatible
stage03.1,screening,stage03.1_screening_attempt01,attempt01,stage03.1_screening_attempt01,stage031_cheap_screening_smoke01,smoke,rc101_21,2016,"[""c101C5"", ""r105C5"", ""rc105C5"", ""c101_21"", ""r101_21"", ""rc101_21""]","[2014, 2015, 2016]",raw,verified_legacy,results/stage03.1_screening_attempt01/rc101_21/2016/stage03.1_screening_attempt01_raw_rc101_21_2016.json,results/stage031-cheap-screening_smoke01/raw/rc101_21-alns_stage02_constraint_guided-2016.json,feasible,,not_verified,not_present,not_applicable,not_published,ed663db7f9cc5caebc81ca0c36a5de8028022ac5e54a6e450f83506c37fed92d,raw_manifest,1fa977d05817b402c279b2546069578175e3b4531c53b435c0d41f712d5d8904,e1840ebd3945bac63a1a1db5e13438dc2d1aad0b75fff316f3a4685d50583551,272a3e58d53d4ba9516f01506164cf8a9b98bfeeb8dbd1fd62f6557e4c98e3a1,3b5625b9ceb4e6d6afcb96697c2a47e2a78c9c7f036fa935fcf27b5aff9f7662,b226b97e0e67288aaaf85726ad855df71cb81406685c57c8e8c40cd8996aa0da,9a409f8b62a7fe04b4083ef0a7784b7de3c783a6,False,"{""VRP-EVRP-Project-Hub"": {""dirty"": false, ""path"": ""/Users/guoyiyang/Documents/GitHub/FURP-2026-Yiyang-GUO-EVRP-TW/reference/VRP-EVRP-Project-Hub"", ""revision"": ""e3a890065105f978187e532642c4442522215e02""}, ""py-ga-VRPTW"": {""dirty"": false, ""path"": ""/Users/guoyiyang/Documents/GitHub/FURP-2026-Yiyang-GUO-EVRP-TW/reference/py-ga-VRPTW"", ""revision"": ""8e005caaaf6471a4505588d88c7f0f5e0d4ebffa""}}",stage03.0_measurement_attempt05,,preserve;see stage03_legacy_path_map.csv,legacy,legacy_json_or_jsonl,none,legacy,legacy_unknown,,,49026480,legacy_compatible
stage03.1,screening,stage03.1_screening_attempt01,attempt01,stage03.1_screening_attempt01,stage031_cheap_screening_smoke01,smoke,rc105C5,2014,"[""c101C5"", ""r105C5"", ""rc105C5"", ""c101_21"", ""r101_21"", ""rc101_21""]","[2014, 2015, 2016]",raw,verified_legacy,results/stage03.1_screening_attempt01/rc105C5/2014/stage03.1_screening_attempt01_raw_rc105C5_2014.json,results/stage031-cheap-screening_smoke01/raw/rc105C5-alns_stage02_constraint_guided-2014.json,feasible,,not_verified,not_present,not_applicable,not_published,b26c53be3fb53c6dad37d951a83da95afc65333eb7b484ebf169072159d5d89e,raw_manifest,1fa977d05817b402c279b2546069578175e3b4531c53b435c0d41f712d5d8904,e1840ebd3945bac63a1a1db5e13438dc2d1aad0b75fff316f3a4685d50583551,2ccfba6c447fa43a994934690acb67c7355ca04d232394907ed6938bc362c643,65441851bc4fe961fb12dd02b1596d6579e5d7e668d468151d44d0bd71168bf9,b226b97e0e67288aaaf85726ad855df71cb81406685c57c8e8c40cd8996aa0da,9a409f8b62a7fe04b4083ef0a7784b7de3c783a6,False,"{""VRP-EVRP-Project-Hub"": {""dirty"": false, ""path"": ""/Users/guoyiyang/Documents/GitHub/FURP-2026-Yiyang-GUO-EVRP-TW/reference/VRP-EVRP-Project-Hub"", ""revision"": ""e3a890065105f978187e532642c4442522215e02""}, ""py-ga-VRPTW"": {""dirty"": false, ""path"": ""/Users/guoyiyang/Documents/GitHub/FURP-2026-Yiyang-GUO-EVRP-TW/reference/py-ga-VRPTW"", ""revision"": ""8e005caaaf6471a4505588d88c7f0f5e0d4ebffa""}}",stage03.0_measurement_attempt05,,preserve;see stage03_legacy_path_map.csv,legacy,legacy_json_or_jsonl,none,legacy,legacy_unknown,,,2287122,legacy_compatible
stage03.1,screening,stage03.1_screening_attempt01,attempt01,stage03.1_screening_attempt01,stage031_cheap_screening_smoke01,smoke,rc105C5,2015,"[""c101C5"", ""r105C5"", ""rc105C5"", ""c101_21"", ""r101_21"", ""rc101_21""]","[2014, 2015, 2016]",raw,verified_legacy,results/stage03.1_screening_attempt01/rc105C5/2015/stage03.1_screening_attempt01_raw_rc105C5_2015.json,results/stage031-cheap-screening_smoke01/raw/rc105C5-alns_stage02_constraint_guided-2015.json,feasible,,not_verified,not_present,not_applicable,not_published,d6641d53612d7ff711fee72efc57287445e3eb06d8d99154a107d8ed7f258b84,raw_manifest,1fa977d05817b402c279b2546069578175e3b4531c53b435c0d41f712d5d8904,e1840ebd3945bac63a1a1db5e13438dc2d1aad0b75fff316f3a4685d50583551,2ccfba6c447fa43a994934690acb67c7355ca04d232394907ed6938bc362c643,5d829d5e04c6ad8cf045082843a86ec6c0d65651cbeb62f300137d271c34bf0c,b226b97e0e67288aaaf85726ad855df71cb81406685c57c8e8c40cd8996aa0da,9a409f8b62a7fe04b4083ef0a7784b7de3c783a6,False,"{""VRP-EVRP-Project-Hub"": {""dirty"": false, ""path"": ""/Users/guoyiyang/Documents/GitHub/FURP-2026-Yiyang-GUO-EVRP-TW/reference/VRP-EVRP-Project-Hub"", ""revision"": ""e3a890065105f978187e532642c4442522215e02""}, ""py-ga-VRPTW"": {""dirty"": false, ""path"": ""/Users/guoyiyang/Documents/GitHub/FURP-2026-Yiyang-GUO-EVRP-TW/reference/py-ga-VRPTW"", ""revision"": ""8e005caaaf6471a4505588d88c7f0f5e0d4ebffa""}}",stage03.0_measurement_attempt05,,preserve;see stage03_legacy_path_map.csv,legacy,legacy_json_or_jsonl,none,legacy,legacy_unknown,,,2294232,legacy_compatible
stage03.1,screening,stage03.1_screening_attempt01,attempt01,stage03.1_screening_attempt01,stage031_cheap_screening_smoke01,smoke,rc105C5,2016,"[""c101C5"", ""r105C5"", ""rc105C5"", ""c101_21"", ""r101_21"", ""rc101_21""]","[2014, 2015, 2016]",raw,verified_legacy,results/stage03.1_screening_attempt01/rc105C5/2016/stage03.1_screening_attempt01_raw_rc105C5_2016.json,results/stage031-cheap-screening_smoke01/raw/rc105C5-alns_stage02_constraint_guided-2016.json,feasible,,not_verified,not_present,not_applicable,not_published,5804c145664b1359fa2160c31f0a3b687b955696e627aadebbb3a893a89cd527,raw_manifest,1fa977d05817b402c279b2546069578175e3b4531c53b435c0d41f712d5d8904,e1840ebd3945bac63a1a1db5e13438dc2d1aad0b75fff316f3a4685d50583551,2ccfba6c447fa43a994934690acb67c7355ca04d232394907ed6938bc362c643,8ef7e563939cf22a93c37e1d61ec745121d685c4c6b7c3accb3a06d6434df190,b226b97e0e67288aaaf85726ad855df71cb81406685c57c8e8c40cd8996aa0da,9a409f8b62a7fe04b4083ef0a7784b7de3c783a6,False,"{""VRP-EVRP-Project-Hub"": {""dirty"": false, ""path"": ""/Users/guoyiyang/Documents/GitHub/FURP-2026-Yiyang-GUO-EVRP-TW/reference/VRP-EVRP-Project-Hub"", ""revision"": ""e3a890065105f978187e532642c4442522215e02""}, ""py-ga-VRPTW"": {""dirty"": false, ""path"": ""/Users/guoyiyang/Documents/GitHub/FURP-2026-Yiyang-GUO-EVRP-TW/reference/py-ga-VRPTW"", ""revision"": ""8e005caaaf6471a4505588d88c7f0f5e0d4ebffa""}}",stage03.0_measurement_attempt05,,preserve;see stage03_legacy_path_map.csv,legacy,legacy_json_or_jsonl,none,legacy,legacy_unknown,,,2295037,legacy_compatible
stage03.1,screening,stage03.1_screening_attempt01,attempt01,stage03.1_screening_attempt01,stage031_cheap_screening_smoke01,smoke,__all__,__all__,"[""c101C5"", ""r105C5"", ""rc105C5"", ""c101_21"", ""r101_21"", ""rc101_21""]","[2014, 2015, 2016]",raw_per_run_results,verified_legacy,results/stage03.1_screening_attempt01/all/all/stage03.1_screening_attempt01_raw_per_run_results.csv,results/stage031-cheap-screening_smoke01/raw_per_run_results.csv,feasible,,not_verified,not_present,not_applicable,not_published,a0d48fdf04a36dd1c9f95419ab3f9a60bb862509e7f81f7c86f1a2751232d907,raw_manifest,1fa977d05817b402c279b2546069578175e3b4531c53b435c0d41f712d5d8904,e1840ebd3945bac63a1a1db5e13438dc2d1aad0b75fff316f3a4685d50583551,,,b226b97e0e67288aaaf85726ad855df71cb81406685c57c8e8c40cd8996aa0da,9a409f8b62a7fe04b4083ef0a7784b7de3c783a6,False,"{""VRP-EVRP-Project-Hub"": {""dirty"": false, ""path"": ""/Users/guoyiyang/Documents/GitHub/FURP-2026-Yiyang-GUO-EVRP-TW/reference/VRP-EVRP-Project-Hub"", ""revision"": ""e3a890065105f978187e532642c4442522215e02""}, ""py-ga-VRPTW"": {""dirty"": false, ""path"": ""/Users/guoyiyang/Documents/GitHub/FURP-2026-Yiyang-GUO-EVRP-TW/reference/py-ga-VRPTW"", ""revision"": ""8e005caaaf6471a4505588d88c7f0f5e0d4ebffa""}}",stage03.0_measurement_attempt05,,preserve;see stage03_legacy_path_map.csv,legacy,legacy_json_or_jsonl,none,legacy,legacy_unknown,,,25162,legacy_compatible
stage03.1,screening,stage03.1_screening_attempt01,attempt01,stage03.1_screening_attempt01,stage031_cheap_screening_smoke01,smoke,__all__,__all__,"[""c101C5"", ""r105C5"", ""rc105C5"", ""c101_21"", ""r101_21"", ""rc101_21""]","[2014, 2015, 2016]",manifest_metadata,verified_legacy,results/stage03.1_screening_attempt01/control/stage03.1_screening_attempt01_run_metadata.json,results/stage031-cheap-screening_smoke01/run_metadata.json,feasible,,not_verified,not_present,not_applicable,not_published,7f873eeabd6ba9bc67a143dade66808ea829a04a6b244fa3d638c701237b2056,raw_manifest,1fa977d05817b402c279b2546069578175e3b4531c53b435c0d41f712d5d8904,e1840ebd3945bac63a1a1db5e13438dc2d1aad0b75fff316f3a4685d50583551,,,b226b97e0e67288aaaf85726ad855df71cb81406685c57c8e8c40cd8996aa0da,9a409f8b62a7fe04b4083ef0a7784b7de3c783a6,False,"{""VRP-EVRP-Project-Hub"": {""dirty"": false, ""path"": ""/Users/guoyiyang/Documents/GitHub/FURP-2026-Yiyang-GUO-EVRP-TW/reference/VRP-EVRP-Project-Hub"", ""revision"": ""e3a890065105f978187e532642c4442522215e02""}, ""py-ga-VRPTW"": {""dirty"": false, ""path"": ""/Users/guoyiyang/Documents/GitHub/FURP-2026-Yiyang-GUO-EVRP-TW/reference/py-ga-VRPTW"", ""revision"": ""8e005caaaf6471a4505588d88c7f0f5e0d4ebffa""}}",stage03.0_measurement_attempt05,,preserve;see stage03_legacy_path_map.csv,legacy,legacy_json_or_jsonl,none,legacy,legacy_unknown,,,7611,legacy_compatible
stage03.1,screening,stage03.1_screening_attempt01,attempt01,stage03.1_screening_attempt01,stage031_cheap_screening_smoke01,smoke,c101C5,2014,"[""c101C5"", ""r105C5"", ""rc105C5"", ""c101_21"", ""r101_21"", ""rc101_21""]","[2014, 2015, 2016]",solution,verified_legacy,results/stage03.1_screening_attempt01/c101C5/2014/stage03.1_screening_attempt01_solution_c101C5_2014.json,results/stage031-cheap-screening_smoke01/solutions/c101C5-alns_stage02_constraint_guided-2014.json,feasible,,not_verified,not_present,not_applicable,not_published,9bc8fee0911b09e57f4c1760425edda3cc71aa25ca5ca403fe05e225b211d7d0,raw_manifest,1fa977d05817b402c279b2546069578175e3b4531c53b435c0d41f712d5d8904,e1840ebd3945bac63a1a1db5e13438dc2d1aad0b75fff316f3a4685d50583551,8612d6d9aad051776097a5e50c7408f39352b8107b0639d58e5eda713f9ff876,e177b8e5ab88cc50a856e4c60b70ba3f218483cc20cf0420cd9325530ea8b108,b226b97e0e67288aaaf85726ad855df71cb81406685c57c8e8c40cd8996aa0da,9a409f8b62a7fe04b4083ef0a7784b7de3c783a6,False,"{""VRP-EVRP-Project-Hub"": {""dirty"": false, ""path"": ""/Users/guoyiyang/Documents/GitHub/FURP-2026-Yiyang-GUO-EVRP-TW/reference/VRP-EVRP-Project-Hub"", ""revision"": ""e3a890065105f978187e532642c4442522215e02""}, ""py-ga-VRPTW"": {""dirty"": false, ""path"": ""/Users/guoyiyang/Documents/GitHub/FURP-2026-Yiyang-GUO-EVRP-TW/reference/py-ga-VRPTW"", ""revision"": ""8e005caaaf6471a4505588d88c7f0f5e0d4ebffa""}}",stage03.0_measurement_attempt05,,preserve;see stage03_legacy_path_map.csv,legacy,legacy_json_or_jsonl,none,legacy,legacy_unknown,,,365,legacy_compatible
stage03.1,screening,stage03.1_screening_attempt01,attempt01,stage03.1_screening_attempt01,stage031_cheap_screening_smoke01,smoke,c101C5,2015,"[""c101C5"", ""r105C5"", ""rc105C5"", ""c101_21"", ""r101_21"", ""rc101_21""]","[2014, 2015, 2016]",solution,verified_legacy,results/stage03.1_screening_attempt01/c101C5/2015/stage03.1_screening_attempt01_solution_c101C5_2015.json,results/stage031-cheap-screening_smoke01/solutions/c101C5-alns_stage02_constraint_guided-2015.json,feasible,,not_verified,not_present,not_applicable,not_published,b1855d6e454679257dcdf716439c863951f9a787db170ef0e33534d15ccfb467,raw_manifest,1fa977d05817b402c279b2546069578175e3b4531c53b435c0d41f712d5d8904,e1840ebd3945bac63a1a1db5e13438dc2d1aad0b75fff316f3a4685d50583551,8612d6d9aad051776097a5e50c7408f39352b8107b0639d58e5eda713f9ff876,d9d9a539edbdf58ed34cdc271e830a5db4bce418daf03a506cfbd116bc7a1200,b226b97e0e67288aaaf85726ad855df71cb81406685c57c8e8c40cd8996aa0da,9a409f8b62a7fe04b4083ef0a7784b7de3c783a6,False,"{""VRP-EVRP-Project-Hub"": {""dirty"": false, ""path"": ""/Users/guoyiyang/Documents/GitHub/FURP-2026-Yiyang-GUO-EVRP-TW/reference/VRP-EVRP-Project-Hub"", ""revision"": ""e3a890065105f978187e532642c4442522215e02""}, ""py-ga-VRPTW"": {""dirty"": false, ""path"": ""/Users/guoyiyang/Documents/GitHub/FURP-2026-Yiyang-GUO-EVRP-TW/reference/py-ga-VRPTW"", ""revision"": ""8e005caaaf6471a4505588d88c7f0f5e0d4ebffa""}}",stage03.0_measurement_attempt05,,preserve;see stage03_legacy_path_map.csv,legacy,legacy_json_or_jsonl,none,legacy,legacy_unknown,,,365,legacy_compatible
stage03.1,screening,stage03.1_screening_attempt01,attempt01,stage03.1_screening_attempt01,stage031_cheap_screening_smoke01,smoke,c101C5,2016,"[""c101C5"", ""r105C5"", ""rc105C5"", ""c101_21"", ""r101_21"", ""rc101_21""]","[2014, 2015, 2016]",solution,verified_legacy,results/stage03.1_screening_attempt01/c101C5/2016/stage03.1_screening_attempt01_solution_c101C5_2016.json,results/stage031-cheap-screening_smoke01/solutions/c101C5-alns_stage02_constraint_guided-2016.json,feasible,,not_verified,not_present,not_applicable,not_published,f51c31019783882711b0321089a25ed837ee0dcece584f9264c1fe160ea9f5b1,raw_manifest,1fa977d05817b402c279b2546069578175e3b4531c53b435c0d41f712d5d8904,e1840ebd3945bac63a1a1db5e13438dc2d1aad0b75fff316f3a4685d50583551,8612d6d9aad051776097a5e50c7408f39352b8107b0639d58e5eda713f9ff876,8ae58b7ef980f22621db707f8da0202d737fe2dcdbe7f88fb31ca865166be895,b226b97e0e67288aaaf85726ad855df71cb81406685c57c8e8c40cd8996aa0da,9a409f8b62a7fe04b4083ef0a7784b7de3c783a6,False,"{""VRP-EVRP-Project-Hub"": {""dirty"": false, ""path"": ""/Users/guoyiyang/Documents/GitHub/FURP-2026-Yiyang-GUO-EVRP-TW/reference/VRP-EVRP-Project-Hub"", ""revision"": ""e3a890065105f978187e532642c4442522215e02""}, ""py-ga-VRPTW"": {""dirty"": false, ""path"": ""/Users/guoyiyang/Documents/GitHub/FURP-2026-Yiyang-GUO-EVRP-TW/reference/py-ga-VRPTW"", ""revision"": ""8e005caaaf6471a4505588d88c7f0f5e0d4ebffa""}}",stage03.0_measurement_attempt05,,preserve;see stage03_legacy_path_map.csv,legacy,legacy_json_or_jsonl,none,legacy,legacy_unknown,,,365,legacy_compatible
stage03.1,screening,stage03.1_screening_attempt01,attempt01,stage03.1_screening_attempt01,stage031_cheap_screening_smoke01,smoke,c101_21,2014,"[""c101C5"", ""r105C5"", ""rc105C5"", ""c101_21"", ""r101_21"", ""rc101_21""]","[2014, 2015, 2016]",solution,verified_legacy,results/stage03.1_screening_attempt01/c101_21/2014/stage03.1_screening_attempt01_solution_c101_21_2014.json,results/stage031-cheap-screening_smoke01/solutions/c101_21-alns_stage02_constraint_guided-2014.json,feasible,,not_verified,not_present,not_applicable,not_published,bfbebb5e3fba341e978d9498dc7826048950b3d058fa159e702be9e1832347c4,raw_manifest,1fa977d05817b402c279b2546069578175e3b4531c53b435c0d41f712d5d8904,e1840ebd3945bac63a1a1db5e13438dc2d1aad0b75fff316f3a4685d50583551,c5cda6ca63a7d518902cf4b02d98b4aa0f373aaa0658d5c666d1c46d38871cb9,a091529c79245d265108a5bcb196056e3055af0745cfe6f37be3753ad0709ede,b226b97e0e67288aaaf85726ad855df71cb81406685c57c8e8c40cd8996aa0da,9a409f8b62a7fe04b4083ef0a7784b7de3c783a6,False,"{""VRP-EVRP-Project-Hub"": {""dirty"": false, ""path"": ""/Users/guoyiyang/Documents/GitHub/FURP-2026-Yiyang-GUO-EVRP-TW/reference/VRP-EVRP-Project-Hub"", ""revision"": ""e3a890065105f978187e532642c4442522215e02""}, ""py-ga-VRPTW"": {""dirty"": false, ""path"": ""/Users/guoyiyang/Documents/GitHub/FURP-2026-Yiyang-GUO-EVRP-TW/reference/py-ga-VRPTW"", ""revision"": ""8e005caaaf6471a4505588d88c7f0f5e0d4ebffa""}}",stage03.0_measurement_attempt05,,preserve;see stage03_legacy_path_map.csv,legacy,legacy_json_or_jsonl,none,legacy,legacy_unknown,,,2020,legacy_compatible
stage03.1,screening,stage03.1_screening_attempt01,attempt01,stage03.1_screening_attempt01,stage031_cheap_screening_smoke01,smoke,c101_21,2015,"[""c101C5"", ""r105C5"", ""rc105C5"", ""c101_21"", ""r101_21"", ""rc101_21""]","[2014, 2015, 2016]",solution,verified_legacy,results/stage03.1_screening_attempt01/c101_21/2015/stage03.1_screening_attempt01_solution_c101_21_2015.json,results/stage031-cheap-screening_smoke01/solutions/c101_21-alns_stage02_constraint_guided-2015.json,feasible,,not_verified,not_present,not_applicable,not_published,89c49bdd2e8cc8070049c67b15872e39f34bb34e4b34893b07ab8d2d6b213208,raw_manifest,1fa977d05817b402c279b2546069578175e3b4531c53b435c0d41f712d5d8904,e1840ebd3945bac63a1a1db5e13438dc2d1aad0b75fff316f3a4685d50583551,c5cda6ca63a7d518902cf4b02d98b4aa0f373aaa0658d5c666d1c46d38871cb9,9040d6babbbeae842db4a73d4c5e2c046f37e4d41771dd90d6ff23b1cb7c1da3,b226b97e0e67288aaaf85726ad855df71cb81406685c57c8e8c40cd8996aa0da,9a409f8b62a7fe04b4083ef0a7784b7de3c783a6,False,"{""VRP-EVRP-Project-Hub"": {""dirty"": false, ""path"": ""/Users/guoyiyang/Documents/GitHub/FURP-2026-Yiyang-GUO-EVRP-TW/reference/VRP-EVRP-Project-Hub"", ""revision"": ""e3a890065105f978187e532642c4442522215e02""}, ""py-ga-VRPTW"": {""dirty"": false, ""path"": ""/Users/guoyiyang/Documents/GitHub/FURP-2026-Yiyang-GUO-EVRP-TW/reference/py-ga-VRPTW"", ""revision"": ""8e005caaaf6471a4505588d88c7f0f5e0d4ebffa""}}",stage03.0_measurement_attempt05,,preserve;see stage03_legacy_path_map.csv,legacy,legacy_json_or_jsonl,none,legacy,legacy_unknown,,,2020,legacy_compatible
stage03.1,screening,stage03.1_screening_attempt01,attempt01,stage03.1_screening_attempt01,stage031_cheap_screening_smoke01,smoke,c101_21,2016,"[""c101C5"", ""r105C5"", ""rc105C5"", ""c101_21"", ""r101_21"", ""rc101_21""]","[2014, 2015, 2016]",solution,verified_legacy,results/stage03.1_screening_attempt01/c101_21/2016/stage03.1_screening_attempt01_solution_c101_21_2016.json,results/stage031-cheap-screening_smoke01/solutions/c101_21-alns_stage02_constraint_guided-2016.json,feasible,,not_verified,not_present,not_applicable,not_published,bb81a5428e7df7d06b4651d35ec399223c9a5b9d76dafb3577158755a4b13a55,raw_manifest,1fa977d05817b402c279b2546069578175e3b4531c53b435c0d41f712d5d8904,e1840ebd3945bac63a1a1db5e13438dc2d1aad0b75fff316f3a4685d50583551,c5cda6ca63a7d518902cf4b02d98b4aa0f373aaa0658d5c666d1c46d38871cb9,18b29bffc06b4e23f55ec956ae75042987afbd4cfaeb575fdf908822703f35b2,b226b97e0e67288aaaf85726ad855df71cb81406685c57c8e8c40cd8996aa0da,9a409f8b62a7fe04b4083ef0a7784b7de3c783a6,False,"{""VRP-EVRP-Project-Hub"": {""dirty"": false, ""path"": ""/Users/guoyiyang/Documents/GitHub/FURP-2026-Yiyang-GUO-EVRP-TW/reference/VRP-EVRP-Project-Hub"", ""revision"": ""e3a890065105f978187e532642c4442522215e02""}, ""py-ga-VRPTW"": {""dirty"": false, ""path"": ""/Users/guoyiyang/Documents/GitHub/FURP-2026-Yiyang-GUO-EVRP-TW/reference/py-ga-VRPTW"", ""revision"": ""8e005caaaf6471a4505588d88c7f0f5e0d4ebffa""}}",stage03.0_measurement_attempt05,,preserve;see stage03_legacy_path_map.csv,legacy,legacy_json_or_jsonl,none,legacy,legacy_unknown,,,2020,legacy_compatible
stage03.1,screening,stage03.1_screening_attempt01,attempt01,stage03.1_screening_attempt01,stage031_cheap_screening_smoke01,smoke,r101_21,2014,"[""c101C5"", ""r105C5"", ""rc105C5"", ""c101_21"", ""r101_21"", ""rc101_21""]","[2014, 2015, 2016]",solution,verified_legacy,results/stage03.1_screening_attempt01/r101_21/2014/stage03.1_screening_attempt01_solution_r101_21_2014.json,results/stage031-cheap-screening_smoke01/solutions/r101_21-alns_stage02_constraint_guided-2014.json,feasible,,not_verified,not_present,not_applicable,not_published,0f6eb4be7e43a99055ce34539ddd8dc39da5f02524ad20fa07e2f02caffb82f5,raw_manifest,1fa977d05817b402c279b2546069578175e3b4531c53b435c0d41f712d5d8904,e1840ebd3945bac63a1a1db5e13438dc2d1aad0b75fff316f3a4685d50583551,0e5a3dffffbd3c516b528ef32ba1a488b817d2f151fc3e8c81023814de1c103a,23994eb1c61dffdcc3117df981a584f085d32141a63e2910f323f5291f9bb688,b226b97e0e67288aaaf85726ad855df71cb81406685c57c8e8c40cd8996aa0da,9a409f8b62a7fe04b4083ef0a7784b7de3c783a6,False,"{""VRP-EVRP-Project-Hub"": {""dirty"": false, ""path"": ""/Users/guoyiyang/Documents/GitHub/FURP-2026-Yiyang-GUO-EVRP-TW/reference/VRP-EVRP-Project-Hub"", ""revision"": ""e3a890065105f978187e532642c4442522215e02""}, ""py-ga-VRPTW"": {""dirty"": false, ""path"": ""/Users/guoyiyang/Documents/GitHub/FURP-2026-Yiyang-GUO-EVRP-TW/reference/py-ga-VRPTW"", ""revision"": ""8e005caaaf6471a4505588d88c7f0f5e0d4ebffa""}}",stage03.0_measurement_attempt05,,preserve;see stage03_legacy_path_map.csv,legacy,legacy_json_or_jsonl,none,legacy,legacy_unknown,,,2491,legacy_compatible
stage03.1,screening,stage03.1_screening_attempt01,attempt01,stage03.1_screening_attempt01,stage031_cheap_screening_smoke01,smoke,r101_21,2015,"[""c101C5"", ""r105C5"", ""rc105C5"", ""c101_21"", ""r101_21"", ""rc101_21""]","[2014, 2015, 2016]",solution,verified_legacy,results/stage03.1_screening_attempt01/r101_21/2015/stage03.1_screening_attempt01_solution_r101_21_2015.json,results/stage031-cheap-screening_smoke01/solutions/r101_21-alns_stage02_constraint_guided-2015.json,feasible,,not_verified,not_present,not_applicable,not_published,0598392691acb93e748b0a165cf3cf6af98be6aa556129dee7aecc542a158d6b,raw_manifest,1fa977d05817b402c279b2546069578175e3b4531c53b435c0d41f712d5d8904,e1840ebd3945bac63a1a1db5e13438dc2d1aad0b75fff316f3a4685d50583551,0e5a3dffffbd3c516b528ef32ba1a488b817d2f151fc3e8c81023814de1c103a,da737dee24232503a65f5b918d9b768967e23c59455cf4fc5b7a9b5ad034f23c,b226b97e0e67288aaaf85726ad855df71cb81406685c57c8e8c40cd8996aa0da,9a409f8b62a7fe04b4083ef0a7784b7de3c783a6,False,"{""VRP-EVRP-Project-Hub"": {""dirty"": false, ""path"": ""/Users/guoyiyang/Documents/GitHub/FURP-2026-Yiyang-GUO-EVRP-TW/reference/VRP-EVRP-Project-Hub"", ""revision"": ""e3a890065105f978187e532642c4442522215e02""}, ""py-ga-VRPTW"": {""dirty"": false, ""path"": ""/Users/guoyiyang/Documents/GitHub/FURP-2026-Yiyang-GUO-EVRP-TW/reference/py-ga-VRPTW"", ""revision"": ""8e005caaaf6471a4505588d88c7f0f5e0d4ebffa""}}",stage03.0_measurement_attempt05,,preserve;see stage03_legacy_path_map.csv,legacy,legacy_json_or_jsonl,none,legacy,legacy_unknown,,,2492,legacy_compatible
stage03.1,screening,stage03.1_screening_attempt01,attempt01,stage03.1_screening_attempt01,stage031_cheap_screening_smoke01,smoke,r101_21,2016,"[""c101C5"", ""r105C5"", ""rc105C5"", ""c101_21"", ""r101_21"", ""rc101_21""]","[2014, 2015, 2016]",solution,verified_legacy,results/stage03.1_screening_attempt01/r101_21/2016/stage03.1_screening_attempt01_solution_r101_21_2016.json,results/stage031-cheap-screening_smoke01/solutions/r101_21-alns_stage02_constraint_guided-2016.json,feasible,,not_verified,not_present,not_applicable,not_published,8c11ba54bd00d8e03dd04f927e2ee9c02174915748cd911c8f22aad016adf6d6,raw_manifest,1fa977d05817b402c279b2546069578175e3b4531c53b435c0d41f712d5d8904,e1840ebd3945bac63a1a1db5e13438dc2d1aad0b75fff316f3a4685d50583551,0e5a3dffffbd3c516b528ef32ba1a488b817d2f151fc3e8c81023814de1c103a,1adf832a1101c113cec37e7784408db7071dd2daf8b8e94c283e7e9d709974a3,b226b97e0e67288aaaf85726ad855df71cb81406685c57c8e8c40cd8996aa0da,9a409f8b62a7fe04b4083ef0a7784b7de3c783a6,False,"{""VRP-EVRP-Project-Hub"": {""dirty"": false, ""path"": ""/Users/guoyiyang/Documents/GitHub/FURP-2026-Yiyang-GUO-EVRP-TW/reference/VRP-EVRP-Project-Hub"", ""revision"": ""e3a890065105f978187e532642c4442522215e02""}, ""py-ga-VRPTW"": {""dirty"": false, ""path"": ""/Users/guoyiyang/Documents/GitHub/FURP-2026-Yiyang-GUO-EVRP-TW/reference/py-ga-VRPTW"", ""revision"": ""8e005caaaf6471a4505588d88c7f0f5e0d4ebffa""}}",stage03.0_measurement_attempt05,,preserve;see stage03_legacy_path_map.csv,legacy,legacy_json_or_jsonl,none,legacy,legacy_unknown,,,2506,legacy_compatible
stage03.1,screening,stage03.1_screening_attempt01,attempt01,stage03.1_screening_attempt01,stage031_cheap_screening_smoke01,smoke,r105C5,2014,"[""c101C5"", ""r105C5"", ""rc105C5"", ""c101_21"", ""r101_21"", ""rc101_21""]","[2014, 2015, 2016]",solution,verified_legacy,results/stage03.1_screening_attempt01/r105C5/2014/stage03.1_screening_attempt01_solution_r105C5_2014.json,results/stage031-cheap-screening_smoke01/solutions/r105C5-alns_stage02_constraint_guided-2014.json,feasible,,not_verified,not_present,not_applicable,not_published,37f614411458fbc7802b1db8344ab4be5ef9dc9767d4851e1d3b65f343139676,raw_manifest,1fa977d05817b402c279b2546069578175e3b4531c53b435c0d41f712d5d8904,e1840ebd3945bac63a1a1db5e13438dc2d1aad0b75fff316f3a4685d50583551,eb27ec04e799ee6d39dee3d66f15128e197811afa8c664295acbdf6444176434,77462b724af05fd8728e0f6c98ae6989e3ed98235a6b02fa0b425c2d607c895e,b226b97e0e67288aaaf85726ad855df71cb81406685c57c8e8c40cd8996aa0da,9a409f8b62a7fe04b4083ef0a7784b7de3c783a6,False,"{""VRP-EVRP-Project-Hub"": {""dirty"": false, ""path"": ""/Users/guoyiyang/Documents/GitHub/FURP-2026-Yiyang-GUO-EVRP-TW/reference/VRP-EVRP-Project-Hub"", ""revision"": ""e3a890065105f978187e532642c4442522215e02""}, ""py-ga-VRPTW"": {""dirty"": false, ""path"": ""/Users/guoyiyang/Documents/GitHub/FURP-2026-Yiyang-GUO-EVRP-TW/reference/py-ga-VRPTW"", ""revision"": ""8e005caaaf6471a4505588d88c7f0f5e0d4ebffa""}}",stage03.0_measurement_attempt05,,preserve;see stage03_legacy_path_map.csv,legacy,legacy_json_or_jsonl,none,legacy,legacy_unknown,,,351,legacy_compatible
stage03.1,screening,stage03.1_screening_attempt01,attempt01,stage03.1_screening_attempt01,stage031_cheap_screening_smoke01,smoke,r105C5,2015,"[""c101C5"", ""r105C5"", ""rc105C5"", ""c101_21"", ""r101_21"", ""rc101_21""]","[2014, 2015, 2016]",solution,verified_legacy,results/stage03.1_screening_attempt01/r105C5/2015/stage03.1_screening_attempt01_solution_r105C5_2015.json,results/stage031-cheap-screening_smoke01/solutions/r105C5-alns_stage02_constraint_guided-2015.json,feasible,,not_verified,not_present,not_applicable,not_published,5986d9d10e21f0dc93293751bd7d938a3769de674f21974964409251ce7e32ce,raw_manifest,1fa977d05817b402c279b2546069578175e3b4531c53b435c0d41f712d5d8904,e1840ebd3945bac63a1a1db5e13438dc2d1aad0b75fff316f3a4685d50583551,eb27ec04e799ee6d39dee3d66f15128e197811afa8c664295acbdf6444176434,ac0c7e8c5526a0cc4fe5c0ed316b8cb2f14aa76eb483090bbaa4004cc57ae70f,b226b97e0e67288aaaf85726ad855df71cb81406685c57c8e8c40cd8996aa0da,9a409f8b62a7fe04b4083ef0a7784b7de3c783a6,False,"{""VRP-EVRP-Project-Hub"": {""dirty"": false, ""path"": ""/Users/guoyiyang/Documents/GitHub/FURP-2026-Yiyang-GUO-EVRP-TW/reference/VRP-EVRP-Project-Hub"", ""revision"": ""e3a890065105f978187e532642c4442522215e02""}, ""py-ga-VRPTW"": {""dirty"": false, ""path"": ""/Users/guoyiyang/Documents/GitHub/FURP-2026-Yiyang-GUO-EVRP-TW/reference/py-ga-VRPTW"", ""revision"": ""8e005caaaf6471a4505588d88c7f0f5e0d4ebffa""}}",stage03.0_measurement_attempt05,,preserve;see stage03_legacy_path_map.csv,legacy,legacy_json_or_jsonl,none,legacy,legacy_unknown,,,351,legacy_compatible
stage03.1,screening,stage03.1_screening_attempt01,attempt01,stage03.1_screening_attempt01,stage031_cheap_screening_smoke01,smoke,r105C5,2016,"[""c101C5"", ""r105C5"", ""rc105C5"", ""c101_21"", ""r101_21"", ""rc101_21""]","[2014, 2015, 2016]",solution,verified_legacy,results/stage03.1_screening_attempt01/r105C5/2016/stage03.1_screening_attempt01_solution_r105C5_2016.json,results/stage031-cheap-screening_smoke01/solutions/r105C5-alns_stage02_constraint_guided-2016.json,feasible,,not_verified,not_present,not_applicable,not_published,06501df94705311d988665f4a9a554aae7cbca6fdb7e497d6fd0161f382f29ab,raw_manifest,1fa977d05817b402c279b2546069578175e3b4531c53b435c0d41f712d5d8904,e1840ebd3945bac63a1a1db5e13438dc2d1aad0b75fff316f3a4685d50583551,eb27ec04e799ee6d39dee3d66f15128e197811afa8c664295acbdf6444176434,b8b681aed2b5c7ea9e287dcf85c0e2b77ef5f1dd99d67c213985e20558e4e339,b226b97e0e67288aaaf85726ad855df71cb81406685c57c8e8c40cd8996aa0da,9a409f8b62a7fe04b4083ef0a7784b7de3c783a6,False,"{""VRP-EVRP-Project-Hub"": {""dirty"": false, ""path"": ""/Users/guoyiyang/Documents/GitHub/FURP-2026-Yiyang-GUO-EVRP-TW/reference/VRP-EVRP-Project-Hub"", ""revision"": ""e3a890065105f978187e532642c4442522215e02""}, ""py-ga-VRPTW"": {""dirty"": false, ""path"": ""/Users/guoyiyang/Documents/GitHub/FURP-2026-Yiyang-GUO-EVRP-TW/reference/py-ga-VRPTW"", ""revision"": ""8e005caaaf6471a4505588d88c7f0f5e0d4ebffa""}}",stage03.0_measurement_attempt05,,preserve;see stage03_legacy_path_map.csv,legacy,legacy_json_or_jsonl,none,legacy,legacy_unknown,,,351,legacy_compatible
stage03.1,screening,stage03.1_screening_attempt01,attempt01,stage03.1_screening_attempt01,stage031_cheap_screening_smoke01,smoke,rc101_21,2014,"[""c101C5"", ""r105C5"", ""rc105C5"", ""c101_21"", ""r101_21"", ""rc101_21""]","[2014, 2015, 2016]",solution,verified_legacy,results/stage03.1_screening_attempt01/rc101_21/2014/stage03.1_screening_attempt01_solution_rc101_21_2014.json,results/stage031-cheap-screening_smoke01/solutions/rc101_21-alns_stage02_constraint_guided-2014.json,feasible,,not_verified,not_present,not_applicable,not_published,78cd3d1d42cde1a0d2b26c56cd7d2d2d9261e09fcbc0af74e63c9a9ead2d9d30,raw_manifest,1fa977d05817b402c279b2546069578175e3b4531c53b435c0d41f712d5d8904,e1840ebd3945bac63a1a1db5e13438dc2d1aad0b75fff316f3a4685d50583551,272a3e58d53d4ba9516f01506164cf8a9b98bfeeb8dbd1fd62f6557e4c98e3a1,ee4a098ac7ed6a9fb2b432e6ca7673c3ce09d863c2e147752f356af15d0cf8f8,b226b97e0e67288aaaf85726ad855df71cb81406685c57c8e8c40cd8996aa0da,9a409f8b62a7fe04b4083ef0a7784b7de3c783a6,False,"{""VRP-EVRP-Project-Hub"": {""dirty"": false, ""path"": ""/Users/guoyiyang/Documents/GitHub/FURP-2026-Yiyang-GUO-EVRP-TW/reference/VRP-EVRP-Project-Hub"", ""revision"": ""e3a890065105f978187e532642c4442522215e02""}, ""py-ga-VRPTW"": {""dirty"": false, ""path"": ""/Users/guoyiyang/Documents/GitHub/FURP-2026-Yiyang-GUO-EVRP-TW/reference/py-ga-VRPTW"", ""revision"": ""8e005caaaf6471a4505588d88c7f0f5e0d4ebffa""}}",stage03.0_measurement_attempt05,,preserve;see stage03_legacy_path_map.csv,legacy,legacy_json_or_jsonl,none,legacy,legacy_unknown,,,2400,legacy_compatible
stage03.1,screening,stage03.1_screening_attempt01,attempt01,stage03.1_screening_attempt01,stage031_cheap_screening_smoke01,smoke,rc101_21,2015,"[""c101C5"", ""r105C5"", ""rc105C5"", ""c101_21"", ""r101_21"", ""rc101_21""]","[2014, 2015, 2016]",solution,verified_legacy,results/stage03.1_screening_attempt01/rc101_21/2015/stage03.1_screening_attempt01_solution_rc101_21_2015.json,results/stage031-cheap-screening_smoke01/solutions/rc101_21-alns_stage02_constraint_guided-2015.json,feasible,,not_verified,not_present,not_applicable,not_published,362609c7cecf099b1e4b4cecb98bcd26bd544c63502640b713b1afc6a29e84ea,raw_manifest,1fa977d05817b402c279b2546069578175e3b4531c53b435c0d41f712d5d8904,e1840ebd3945bac63a1a1db5e13438dc2d1aad0b75fff316f3a4685d50583551,272a3e58d53d4ba9516f01506164cf8a9b98bfeeb8dbd1fd62f6557e4c98e3a1,5d446a56bed08e8c9ffaea6107d35b8a5998ddce7ade9616e62c25cc62fab89b,b226b97e0e67288aaaf85726ad855df71cb81406685c57c8e8c40cd8996aa0da,9a409f8b62a7fe04b4083ef0a7784b7de3c783a6,False,"{""VRP-EVRP-Project-Hub"": {""dirty"": false, ""path"": ""/Users/guoyiyang/Documents/GitHub/FURP-2026-Yiyang-GUO-EVRP-TW/reference/VRP-EVRP-Project-Hub"", ""revision"": ""e3a890065105f978187e532642c4442522215e02""}, ""py-ga-VRPTW"": {""dirty"": false, ""path"": ""/Users/guoyiyang/Documents/GitHub/FURP-2026-Yiyang-GUO-EVRP-TW/reference/py-ga-VRPTW"", ""revision"": ""8e005caaaf6471a4505588d88c7f0f5e0d4ebffa""}}",stage03.0_measurement_attempt05,,preserve;see stage03_legacy_path_map.csv,legacy,legacy_json_or_jsonl,none,legacy,legacy_unknown,,,2339,legacy_compatible
stage03.1,screening,stage03.1_screening_attempt01,attempt01,stage03.1_screening_attempt01,stage031_cheap_screening_smoke01,smoke,rc101_21,2016,"[""c101C5"", ""r105C5"", ""rc105C5"", ""c101_21"", ""r101_21"", ""rc101_21""]","[2014, 2015, 2016]",solution,verified_legacy,results/stage03.1_screening_attempt01/rc101_21/2016/stage03.1_screening_attempt01_solution_rc101_21_2016.json,results/stage031-cheap-screening_smoke01/solutions/rc101_21-alns_stage02_constraint_guided-2016.json,feasible,,not_verified,not_present,not_applicable,not_published,a8888907b2cd244e5ed9ec48ae093b7a677c14dd03b8cdfc96827d8845098564,raw_manifest,1fa977d05817b402c279b2546069578175e3b4531c53b435c0d41f712d5d8904,e1840ebd3945bac63a1a1db5e13438dc2d1aad0b75fff316f3a4685d50583551,272a3e58d53d4ba9516f01506164cf8a9b98bfeeb8dbd1fd62f6557e4c98e3a1,3b5625b9ceb4e6d6afcb96697c2a47e2a78c9c7f036fa935fcf27b5aff9f7662,b226b97e0e67288aaaf85726ad855df71cb81406685c57c8e8c40cd8996aa0da,9a409f8b62a7fe04b4083ef0a7784b7de3c783a6,False,"{""VRP-EVRP-Project-Hub"": {""dirty"": false, ""path"": ""/Users/guoyiyang/Documents/GitHub/FURP-2026-Yiyang-GUO-EVRP-TW/reference/VRP-EVRP-Project-Hub"", ""revision"": ""e3a890065105f978187e532642c4442522215e02""}, ""py-ga-VRPTW"": {""dirty"": false, ""path"": ""/Users/guoyiyang/Documents/GitHub/FURP-2026-Yiyang-GUO-EVRP-TW/reference/py-ga-VRPTW"", ""revision"": ""8e005caaaf6471a4505588d88c7f0f5e0d4ebffa""}}",stage03.0_measurement_attempt05,,preserve;see stage03_legacy_path_map.csv,legacy,legacy_json_or_jsonl,none,legacy,legacy_unknown,,,2425,legacy_compatible
stage03.1,screening,stage03.1_screening_attempt01,attempt01,stage03.1_screening_attempt01,stage031_cheap_screening_smoke01,smoke,rc105C5,2014,"[""c101C5"", ""r105C5"", ""rc105C5"", ""c101_21"", ""r101_21"", ""rc101_21""]","[2014, 2015, 2016]",solution,verified_legacy,results/stage03.1_screening_attempt01/rc105C5/2014/stage03.1_screening_attempt01_solution_rc105C5_2014.json,results/stage031-cheap-screening_smoke01/solutions/rc105C5-alns_stage02_constraint_guided-2014.json,feasible,,not_verified,not_present,not_applicable,not_published,707124f4dc787ca88f5388fa3b1cdac327b82829474633871b32b34f00b4026e,raw_manifest,1fa977d05817b402c279b2546069578175e3b4531c53b435c0d41f712d5d8904,e1840ebd3945bac63a1a1db5e13438dc2d1aad0b75fff316f3a4685d50583551,2ccfba6c447fa43a994934690acb67c7355ca04d232394907ed6938bc362c643,65441851bc4fe961fb12dd02b1596d6579e5d7e668d468151d44d0bd71168bf9,b226b97e0e67288aaaf85726ad855df71cb81406685c57c8e8c40cd8996aa0da,9a409f8b62a7fe04b4083ef0a7784b7de3c783a6,False,"{""VRP-EVRP-Project-Hub"": {""dirty"": false, ""path"": ""/Users/guoyiyang/Documents/GitHub/FURP-2026-Yiyang-GUO-EVRP-TW/reference/VRP-EVRP-Project-Hub"", ""revision"": ""e3a890065105f978187e532642c4442522215e02""}, ""py-ga-VRPTW"": {""dirty"": false, ""path"": ""/Users/guoyiyang/Documents/GitHub/FURP-2026-Yiyang-GUO-EVRP-TW/reference/py-ga-VRPTW"", ""revision"": ""8e005caaaf6471a4505588d88c7f0f5e0d4ebffa""}}",stage03.0_measurement_attempt05,,preserve;see stage03_legacy_path_map.csv,legacy,legacy_json_or_jsonl,none,legacy,legacy_unknown,,,364,legacy_compatible
stage03.1,screening,stage03.1_screening_attempt01,attempt01,stage03.1_screening_attempt01,stage031_cheap_screening_smoke01,smoke,rc105C5,2015,"[""c101C5"", ""r105C5"", ""rc105C5"", ""c101_21"", ""r101_21"", ""rc101_21""]","[2014, 2015, 2016]",solution,verified_legacy,results/stage03.1_screening_attempt01/rc105C5/2015/stage03.1_screening_attempt01_solution_rc105C5_2015.json,results/stage031-cheap-screening_smoke01/solutions/rc105C5-alns_stage02_constraint_guided-2015.json,feasible,,not_verified,not_present,not_applicable,not_published,39653ab2e3da8a9d3aa50c89421d36a09ff96d491401b99036322816394b5b54,raw_manifest,1fa977d05817b402c279b2546069578175e3b4531c53b435c0d41f712d5d8904,e1840ebd3945bac63a1a1db5e13438dc2d1aad0b75fff316f3a4685d50583551,2ccfba6c447fa43a994934690acb67c7355ca04d232394907ed6938bc362c643,5d829d5e04c6ad8cf045082843a86ec6c0d65651cbeb62f300137d271c34bf0c,b226b97e0e67288aaaf85726ad855df71cb81406685c57c8e8c40cd8996aa0da,9a409f8b62a7fe04b4083ef0a7784b7de3c783a6,False,"{""VRP-EVRP-Project-Hub"": {""dirty"": false, ""path"": ""/Users/guoyiyang/Documents/GitHub/FURP-2026-Yiyang-GUO-EVRP-TW/reference/VRP-EVRP-Project-Hub"", ""revision"": ""e3a890065105f978187e532642c4442522215e02""}, ""py-ga-VRPTW"": {""dirty"": false, ""path"": ""/Users/guoyiyang/Documents/GitHub/FURP-2026-Yiyang-GUO-EVRP-TW/reference/py-ga-VRPTW"", ""revision"": ""8e005caaaf6471a4505588d88c7f0f5e0d4ebffa""}}",stage03.0_measurement_attempt05,,preserve;see stage03_legacy_path_map.csv,legacy,legacy_json_or_jsonl,none,legacy,legacy_unknown,,,364,legacy_compatible
stage03.1,screening,stage03.1_screening_attempt01,attempt01,stage03.1_screening_attempt01,stage031_cheap_screening_smoke01,smoke,rc105C5,2016,"[""c101C5"", ""r105C5"", ""rc105C5"", ""c101_21"", ""r101_21"", ""rc101_21""]","[2014, 2015, 2016]",solution,verified_legacy,results/stage03.1_screening_attempt01/rc105C5/2016/stage03.1_screening_attempt01_solution_rc105C5_2016.json,results/stage031-cheap-screening_smoke01/solutions/rc105C5-alns_stage02_constraint_guided-2016.json,feasible,,not_verified,not_present,not_applicable,not_published,07b1f3b11b045328517d98b2d0c40fa8775d963d24888b70296134d8c64c58e6,raw_manifest,1fa977d05817b402c279b2546069578175e3b4531c53b435c0d41f712d5d8904,e1840ebd3945bac63a1a1db5e13438dc2d1aad0b75fff316f3a4685d50583551,2ccfba6c447fa43a994934690acb67c7355ca04d232394907ed6938bc362c643,8ef7e563939cf22a93c37e1d61ec745121d685c4c6b7c3accb3a06d6434df190,b226b97e0e67288aaaf85726ad855df71cb81406685c57c8e8c40cd8996aa0da,9a409f8b62a7fe04b4083ef0a7784b7de3c783a6,False,"{""VRP-EVRP-Project-Hub"": {""dirty"": false, ""path"": ""/Users/guoyiyang/Documents/GitHub/FURP-2026-Yiyang-GUO-EVRP-TW/reference/VRP-EVRP-Project-Hub"", ""revision"": ""e3a890065105f978187e532642c4442522215e02""}, ""py-ga-VRPTW"": {""dirty"": false, ""path"": ""/Users/guoyiyang/Documents/GitHub/FURP-2026-Yiyang-GUO-EVRP-TW/reference/py-ga-VRPTW"", ""revision"": ""8e005caaaf6471a4505588d88c7f0f5e0d4ebffa""}}",stage03.0_measurement_attempt05,,preserve;see stage03_legacy_path_map.csv,legacy,legacy_json_or_jsonl,none,legacy,legacy_unknown,,,364,legacy_compatible
stage03.1,screening,stage03.1_screening_attempt01,attempt01,stage03.1_screening_attempt01,stage031_cheap_screening_smoke01,smoke,c101C5,2014,"[""c101C5"", ""r105C5"", ""rc105C5"", ""c101_21"", ""r101_21"", ""rc101_21""]","[2014, 2015, 2016]",trace,verified_legacy,results/stage03.1_screening_attempt01/c101C5/2014/stage03.1_screening_attempt01_trace_c101C5_2014.json,results/stage031-cheap-screening_smoke01/traces/c101C5-alns_stage02_constraint_guided-2014.json,feasible,,not_verified,not_present,not_applicable,not_published,c068f4a6c781f8a81c04da050da83305091279799e9fc651504748adfac4f1b1,raw_manifest,1fa977d05817b402c279b2546069578175e3b4531c53b435c0d41f712d5d8904,e1840ebd3945bac63a1a1db5e13438dc2d1aad0b75fff316f3a4685d50583551,8612d6d9aad051776097a5e50c7408f39352b8107b0639d58e5eda713f9ff876,e177b8e5ab88cc50a856e4c60b70ba3f218483cc20cf0420cd9325530ea8b108,b226b97e0e67288aaaf85726ad855df71cb81406685c57c8e8c40cd8996aa0da,9a409f8b62a7fe04b4083ef0a7784b7de3c783a6,False,"{""VRP-EVRP-Project-Hub"": {""dirty"": false, ""path"": ""/Users/guoyiyang/Documents/GitHub/FURP-2026-Yiyang-GUO-EVRP-TW/reference/VRP-EVRP-Project-Hub"", ""revision"": ""e3a890065105f978187e532642c4442522215e02""}, ""py-ga-VRPTW"": {""dirty"": false, ""path"": ""/Users/guoyiyang/Documents/GitHub/FURP-2026-Yiyang-GUO-EVRP-TW/reference/py-ga-VRPTW"", ""revision"": ""8e005caaaf6471a4505588d88c7f0f5e0d4ebffa""}}",stage03.0_measurement_attempt05,,preserve;see stage03_legacy_path_map.csv,legacy,legacy_json_or_jsonl,none,legacy,legacy_unknown,,,15775471,legacy_compatible
stage03.1,screening,stage03.1_screening_attempt01,attempt01,stage03.1_screening_attempt01,stage031_cheap_screening_smoke01,smoke,c101C5,2015,"[""c101C5"", ""r105C5"", ""rc105C5"", ""c101_21"", ""r101_21"", ""rc101_21""]","[2014, 2015, 2016]",trace,verified_legacy,results/stage03.1_screening_attempt01/c101C5/2015/stage03.1_screening_attempt01_trace_c101C5_2015.json,results/stage031-cheap-screening_smoke01/traces/c101C5-alns_stage02_constraint_guided-2015.json,feasible,,not_verified,not_present,not_applicable,not_published,227e0d509e0412d979ed2a0b29cdf6b9057785cbe4418989e89a2f4c5f0c26cd,raw_manifest,1fa977d05817b402c279b2546069578175e3b4531c53b435c0d41f712d5d8904,e1840ebd3945bac63a1a1db5e13438dc2d1aad0b75fff316f3a4685d50583551,8612d6d9aad051776097a5e50c7408f39352b8107b0639d58e5eda713f9ff876,d9d9a539edbdf58ed34cdc271e830a5db4bce418daf03a506cfbd116bc7a1200,b226b97e0e67288aaaf85726ad855df71cb81406685c57c8e8c40cd8996aa0da,9a409f8b62a7fe04b4083ef0a7784b7de3c783a6,False,"{""VRP-EVRP-Project-Hub"": {""dirty"": false, ""path"": ""/Users/guoyiyang/Documents/GitHub/FURP-2026-Yiyang-GUO-EVRP-TW/reference/VRP-EVRP-Project-Hub"", ""revision"": ""e3a890065105f978187e532642c4442522215e02""}, ""py-ga-VRPTW"": {""dirty"": false, ""path"": ""/Users/guoyiyang/Documents/GitHub/FURP-2026-Yiyang-GUO-EVRP-TW/reference/py-ga-VRPTW"", ""revision"": ""8e005caaaf6471a4505588d88c7f0f5e0d4ebffa""}}",stage03.0_measurement_attempt05,,preserve;see stage03_legacy_path_map.csv,legacy,legacy_json_or_jsonl,none,legacy,legacy_unknown,,,15335923,legacy_compatible
stage03.1,screening,stage03.1_screening_attempt01,attempt01,stage03.1_screening_attempt01,stage031_cheap_screening_smoke01,smoke,c101C5,2016,"[""c101C5"", ""r105C5"", ""rc105C5"", ""c101_21"", ""r101_21"", ""rc101_21""]","[2014, 2015, 2016]",trace,verified_legacy,results/stage03.1_screening_attempt01/c101C5/2016/stage03.1_screening_attempt01_trace_c101C5_2016.json,results/stage031-cheap-screening_smoke01/traces/c101C5-alns_stage02_constraint_guided-2016.json,feasible,,not_verified,not_present,not_applicable,not_published,3b89a9ccb9219c5afeb7cdf90f5b86815dae11e919d9c914963912a4dfc7298b,raw_manifest,1fa977d05817b402c279b2546069578175e3b4531c53b435c0d41f712d5d8904,e1840ebd3945bac63a1a1db5e13438dc2d1aad0b75fff316f3a4685d50583551,8612d6d9aad051776097a5e50c7408f39352b8107b0639d58e5eda713f9ff876,8ae58b7ef980f22621db707f8da0202d737fe2dcdbe7f88fb31ca865166be895,b226b97e0e67288aaaf85726ad855df71cb81406685c57c8e8c40cd8996aa0da,9a409f8b62a7fe04b4083ef0a7784b7de3c783a6,False,"{""VRP-EVRP-Project-Hub"": {""dirty"": false, ""path"": ""/Users/guoyiyang/Documents/GitHub/FURP-2026-Yiyang-GUO-EVRP-TW/reference/VRP-EVRP-Project-Hub"", ""revision"": ""e3a890065105f978187e532642c4442522215e02""}, ""py-ga-VRPTW"": {""dirty"": false, ""path"": ""/Users/guoyiyang/Documents/GitHub/FURP-2026-Yiyang-GUO-EVRP-TW/reference/py-ga-VRPTW"", ""revision"": ""8e005caaaf6471a4505588d88c7f0f5e0d4ebffa""}}",stage03.0_measurement_attempt05,,preserve;see stage03_legacy_path_map.csv,legacy,legacy_json_or_jsonl,none,legacy,legacy_unknown,,,15649043,legacy_compatible
stage03.1,screening,stage03.1_screening_attempt01,attempt01,stage03.1_screening_attempt01,stage031_cheap_screening_smoke01,smoke,c101_21,2014,"[""c101C5"", ""r105C5"", ""rc105C5"", ""c101_21"", ""r101_21"", ""rc101_21""]","[2014, 2015, 2016]",trace,verified_legacy,results/stage03.1_screening_attempt01/c101_21/2014/stage03.1_screening_attempt01_trace_c101_21_2014.json,results/stage031-cheap-screening_smoke01/traces/c101_21-alns_stage02_constraint_guided-2014.json,feasible,,not_verified,not_present,not_applicable,not_published,b5d5d6bf46c7bd9f270fc734e853a4e13e27e39ec89e8502e56dd4dbaa19f332,raw_manifest,1fa977d05817b402c279b2546069578175e3b4531c53b435c0d41f712d5d8904,e1840ebd3945bac63a1a1db5e13438dc2d1aad0b75fff316f3a4685d50583551,c5cda6ca63a7d518902cf4b02d98b4aa0f373aaa0658d5c666d1c46d38871cb9,a091529c79245d265108a5bcb196056e3055af0745cfe6f37be3753ad0709ede,b226b97e0e67288aaaf85726ad855df71cb81406685c57c8e8c40cd8996aa0da,9a409f8b62a7fe04b4083ef0a7784b7de3c783a6,False,"{""VRP-EVRP-Project-Hub"": {""dirty"": false, ""path"": ""/Users/guoyiyang/Documents/GitHub/FURP-2026-Yiyang-GUO-EVRP-TW/reference/VRP-EVRP-Project-Hub"", ""revision"": ""e3a890065105f978187e532642c4442522215e02""}, ""py-ga-VRPTW"": {""dirty"": false, ""path"": ""/Users/guoyiyang/Documents/GitHub/FURP-2026-Yiyang-GUO-EVRP-TW/reference/py-ga-VRPTW"", ""revision"": ""8e005caaaf6471a4505588d88c7f0f5e0d4ebffa""}}",stage03.0_measurement_attempt05,,preserve;see stage03_legacy_path_map.csv,legacy,legacy_json_or_jsonl,none,legacy,legacy_unknown,,,175060732,legacy_compatible
stage03.1,screening,stage03.1_screening_attempt01,attempt01,stage03.1_screening_attempt01,stage031_cheap_screening_smoke01,smoke,c101_21,2015,"[""c101C5"", ""r105C5"", ""rc105C5"", ""c101_21"", ""r101_21"", ""rc101_21""]","[2014, 2015, 2016]",trace,verified_legacy,results/stage03.1_screening_attempt01/c101_21/2015/stage03.1_screening_attempt01_trace_c101_21_2015.json,results/stage031-cheap-screening_smoke01/traces/c101_21-alns_stage02_constraint_guided-2015.json,feasible,,not_verified,not_present,not_applicable,not_published,3872b131b00bbe30629dbd8d5f44d091899cfee0b8caa2d9a52873861fcc5ba8,raw_manifest,1fa977d05817b402c279b2546069578175e3b4531c53b435c0d41f712d5d8904,e1840ebd3945bac63a1a1db5e13438dc2d1aad0b75fff316f3a4685d50583551,c5cda6ca63a7d518902cf4b02d98b4aa0f373aaa0658d5c666d1c46d38871cb9,9040d6babbbeae842db4a73d4c5e2c046f37e4d41771dd90d6ff23b1cb7c1da3,b226b97e0e67288aaaf85726ad855df71cb81406685c57c8e8c40cd8996aa0da,9a409f8b62a7fe04b4083ef0a7784b7de3c783a6,False,"{""VRP-EVRP-Project-Hub"": {""dirty"": false, ""path"": ""/Users/guoyiyang/Documents/GitHub/FURP-2026-Yiyang-GUO-EVRP-TW/reference/VRP-EVRP-Project-Hub"", ""revision"": ""e3a890065105f978187e532642c4442522215e02""}, ""py-ga-VRPTW"": {""dirty"": false, ""path"": ""/Users/guoyiyang/Documents/GitHub/FURP-2026-Yiyang-GUO-EVRP-TW/reference/py-ga-VRPTW"", ""revision"": ""8e005caaaf6471a4505588d88c7f0f5e0d4ebffa""}}",stage03.0_measurement_attempt05,,preserve;see stage03_legacy_path_map.csv,legacy,legacy_json_or_jsonl,none,legacy,legacy_unknown,,,201275803,legacy_compatible
stage03.1,screening,stage03.1_screening_attempt01,attempt01,stage03.1_screening_attempt01,stage031_cheap_screening_smoke01,smoke,c101_21,2016,"[""c101C5"", ""r105C5"", ""rc105C5"", ""c101_21"", ""r101_21"", ""rc101_21""]","[2014, 2015, 2016]",trace,verified_legacy,results/stage03.1_screening_attempt01/c101_21/2016/stage03.1_screening_attempt01_trace_c101_21_2016.json,results/stage031-cheap-screening_smoke01/traces/c101_21-alns_stage02_constraint_guided-2016.json,feasible,,not_verified,not_present,not_applicable,not_published,44e6bf15e780f57597aab895211a59b11e5135837a2d940864ae44f31495b1e7,raw_manifest,1fa977d05817b402c279b2546069578175e3b4531c53b435c0d41f712d5d8904,e1840ebd3945bac63a1a1db5e13438dc2d1aad0b75fff316f3a4685d50583551,c5cda6ca63a7d518902cf4b02d98b4aa0f373aaa0658d5c666d1c46d38871cb9,18b29bffc06b4e23f55ec956ae75042987afbd4cfaeb575fdf908822703f35b2,b226b97e0e67288aaaf85726ad855df71cb81406685c57c8e8c40cd8996aa0da,9a409f8b62a7fe04b4083ef0a7784b7de3c783a6,False,"{""VRP-EVRP-Project-Hub"": {""dirty"": false, ""path"": ""/Users/guoyiyang/Documents/GitHub/FURP-2026-Yiyang-GUO-EVRP-TW/reference/VRP-EVRP-Project-Hub"", ""revision"": ""e3a890065105f978187e532642c4442522215e02""}, ""py-ga-VRPTW"": {""dirty"": false, ""path"": ""/Users/guoyiyang/Documents/GitHub/FURP-2026-Yiyang-GUO-EVRP-TW/reference/py-ga-VRPTW"", ""revision"": ""8e005caaaf6471a4505588d88c7f0f5e0d4ebffa""}}",stage03.0_measurement_attempt05,,preserve;see stage03_legacy_path_map.csv,legacy,legacy_json_or_jsonl,none,legacy,legacy_unknown,,,159814570,legacy_compatible
stage03.1,screening,stage03.1_screening_attempt01,attempt01,stage03.1_screening_attempt01,stage031_cheap_screening_smoke01,smoke,r101_21,2014,"[""c101C5"", ""r105C5"", ""rc105C5"", ""c101_21"", ""r101_21"", ""rc101_21""]","[2014, 2015, 2016]",trace,verified_legacy,results/stage03.1_screening_attempt01/r101_21/2014/stage03.1_screening_attempt01_trace_r101_21_2014.json,results/stage031-cheap-screening_smoke01/traces/r101_21-alns_stage02_constraint_guided-2014.json,feasible,,not_verified,not_present,not_applicable,not_published,0661138e14e17fff356f8f28851f97d5ff35eb75e998bf1c4538e18f99840eaf,raw_manifest,1fa977d05817b402c279b2546069578175e3b4531c53b435c0d41f712d5d8904,e1840ebd3945bac63a1a1db5e13438dc2d1aad0b75fff316f3a4685d50583551,0e5a3dffffbd3c516b528ef32ba1a488b817d2f151fc3e8c81023814de1c103a,23994eb1c61dffdcc3117df981a584f085d32141a63e2910f323f5291f9bb688,b226b97e0e67288aaaf85726ad855df71cb81406685c57c8e8c40cd8996aa0da,9a409f8b62a7fe04b4083ef0a7784b7de3c783a6,False,"{""VRP-EVRP-Project-Hub"": {""dirty"": false, ""path"": ""/Users/guoyiyang/Documents/GitHub/FURP-2026-Yiyang-GUO-EVRP-TW/reference/VRP-EVRP-Project-Hub"", ""revision"": ""e3a890065105f978187e532642c4442522215e02""}, ""py-ga-VRPTW"": {""dirty"": false, ""path"": ""/Users/guoyiyang/Documents/GitHub/FURP-2026-Yiyang-GUO-EVRP-TW/reference/py-ga-VRPTW"", ""revision"": ""8e005caaaf6471a4505588d88c7f0f5e0d4ebffa""}}",stage03.0_measurement_attempt05,,preserve;see stage03_legacy_path_map.csv,legacy,legacy_json_or_jsonl,none,legacy,legacy_unknown,,,243196072,legacy_compatible
stage03.1,screening,stage03.1_screening_attempt01,attempt01,stage03.1_screening_attempt01,stage031_cheap_screening_smoke01,smoke,r101_21,2015,"[""c101C5"", ""r105C5"", ""rc105C5"", ""c101_21"", ""r101_21"", ""rc101_21""]","[2014, 2015, 2016]",trace,verified_legacy,results/stage03.1_screening_attempt01/r101_21/2015/stage03.1_screening_attempt01_trace_r101_21_2015.json,results/stage031-cheap-screening_smoke01/traces/r101_21-alns_stage02_constraint_guided-2015.json,feasible,,not_verified,not_present,not_applicable,not_published,e514d4e47b553ae0e2eee8f339332a7938759fd5419381a1a32fa73d34e14985,raw_manifest,1fa977d05817b402c279b2546069578175e3b4531c53b435c0d41f712d5d8904,e1840ebd3945bac63a1a1db5e13438dc2d1aad0b75fff316f3a4685d50583551,0e5a3dffffbd3c516b528ef32ba1a488b817d2f151fc3e8c81023814de1c103a,da737dee24232503a65f5b918d9b768967e23c59455cf4fc5b7a9b5ad034f23c,b226b97e0e67288aaaf85726ad855df71cb81406685c57c8e8c40cd8996aa0da,9a409f8b62a7fe04b4083ef0a7784b7de3c783a6,False,"{""VRP-EVRP-Project-Hub"": {""dirty"": false, ""path"": ""/Users/guoyiyang/Documents/GitHub/FURP-2026-Yiyang-GUO-EVRP-TW/reference/VRP-EVRP-Project-Hub"", ""revision"": ""e3a890065105f978187e532642c4442522215e02""}, ""py-ga-VRPTW"": {""dirty"": false, ""path"": ""/Users/guoyiyang/Documents/GitHub/FURP-2026-Yiyang-GUO-EVRP-TW/reference/py-ga-VRPTW"", ""revision"": ""8e005caaaf6471a4505588d88c7f0f5e0d4ebffa""}}",stage03.0_measurement_attempt05,,preserve;see stage03_legacy_path_map.csv,legacy,legacy_json_or_jsonl,none,legacy,legacy_unknown,,,313411536,legacy_compatible
stage03.1,screening,stage03.1_screening_attempt01,attempt01,stage03.1_screening_attempt01,stage031_cheap_screening_smoke01,smoke,r101_21,2016,"[""c101C5"", ""r105C5"", ""rc105C5"", ""c101_21"", ""r101_21"", ""rc101_21""]","[2014, 2015, 2016]",trace,verified_legacy,results/stage03.1_screening_attempt01/r101_21/2016/stage03.1_screening_attempt01_trace_r101_21_2016.json,results/stage031-cheap-screening_smoke01/traces/r101_21-alns_stage02_constraint_guided-2016.json,feasible,,not_verified,not_present,not_applicable,not_published,2d0cf04bb7a9afd4aed464a361bdf548b19bbd423aacbc811628164b969ddc28,raw_manifest,1fa977d05817b402c279b2546069578175e3b4531c53b435c0d41f712d5d8904,e1840ebd3945bac63a1a1db5e13438dc2d1aad0b75fff316f3a4685d50583551,0e5a3dffffbd3c516b528ef32ba1a488b817d2f151fc3e8c81023814de1c103a,1adf832a1101c113cec37e7784408db7071dd2daf8b8e94c283e7e9d709974a3,b226b97e0e67288aaaf85726ad855df71cb81406685c57c8e8c40cd8996aa0da,9a409f8b62a7fe04b4083ef0a7784b7de3c783a6,False,"{""VRP-EVRP-Project-Hub"": {""dirty"": false, ""path"": ""/Users/guoyiyang/Documents/GitHub/FURP-2026-Yiyang-GUO-EVRP-TW/reference/VRP-EVRP-Project-Hub"", ""revision"": ""e3a890065105f978187e532642c4442522215e02""}, ""py-ga-VRPTW"": {""dirty"": false, ""path"": ""/Users/guoyiyang/Documents/GitHub/FURP-2026-Yiyang-GUO-EVRP-TW/reference/py-ga-VRPTW"", ""revision"": ""8e005caaaf6471a4505588d88c7f0f5e0d4ebffa""}}",stage03.0_measurement_attempt05,,preserve;see stage03_legacy_path_map.csv,legacy,legacy_json_or_jsonl,none,legacy,legacy_unknown,,,284570864,legacy_compatible
stage03.1,screening,stage03.1_screening_attempt01,attempt01,stage03.1_screening_attempt01,stage031_cheap_screening_smoke01,smoke,r105C5,2014,"[""c101C5"", ""r105C5"", ""rc105C5"", ""c101_21"", ""r101_21"", ""rc101_21""]","[2014, 2015, 2016]",trace,verified_legacy,results/stage03.1_screening_attempt01/r105C5/2014/stage03.1_screening_attempt01_trace_r105C5_2014.json,results/stage031-cheap-screening_smoke01/traces/r105C5-alns_stage02_constraint_guided-2014.json,feasible,,not_verified,not_present,not_applicable,not_published,6f1ec71b3adc3a5e0bedb58081b54a93cd489247e8817f41933a3c3f2df5437b,raw_manifest,1fa977d05817b402c279b2546069578175e3b4531c53b435c0d41f712d5d8904,e1840ebd3945bac63a1a1db5e13438dc2d1aad0b75fff316f3a4685d50583551,eb27ec04e799ee6d39dee3d66f15128e197811afa8c664295acbdf6444176434,77462b724af05fd8728e0f6c98ae6989e3ed98235a6b02fa0b425c2d607c895e,b226b97e0e67288aaaf85726ad855df71cb81406685c57c8e8c40cd8996aa0da,9a409f8b62a7fe04b4083ef0a7784b7de3c783a6,False,"{""VRP-EVRP-Project-Hub"": {""dirty"": false, ""path"": ""/Users/guoyiyang/Documents/GitHub/FURP-2026-Yiyang-GUO-EVRP-TW/reference/VRP-EVRP-Project-Hub"", ""revision"": ""e3a890065105f978187e532642c4442522215e02""}, ""py-ga-VRPTW"": {""dirty"": false, ""path"": ""/Users/guoyiyang/Documents/GitHub/FURP-2026-Yiyang-GUO-EVRP-TW/reference/py-ga-VRPTW"", ""revision"": ""8e005caaaf6471a4505588d88c7f0f5e0d4ebffa""}}",stage03.0_measurement_attempt05,,preserve;see stage03_legacy_path_map.csv,legacy,legacy_json_or_jsonl,none,legacy,legacy_unknown,,,21138357,legacy_compatible
stage03.1,screening,stage03.1_screening_attempt01,attempt01,stage03.1_screening_attempt01,stage031_cheap_screening_smoke01,smoke,r105C5,2015,"[""c101C5"", ""r105C5"", ""rc105C5"", ""c101_21"", ""r101_21"", ""rc101_21""]","[2014, 2015, 2016]",trace,verified_legacy,results/stage03.1_screening_attempt01/r105C5/2015/stage03.1_screening_attempt01_trace_r105C5_2015.json,results/stage031-cheap-screening_smoke01/traces/r105C5-alns_stage02_constraint_guided-2015.json,feasible,,not_verified,not_present,not_applicable,not_published,3801344ae1b9d1f1b0fd59db4019ff4a2e59f46833fa4fe8d7b192e588eb4e69,raw_manifest,1fa977d05817b402c279b2546069578175e3b4531c53b435c0d41f712d5d8904,e1840ebd3945bac63a1a1db5e13438dc2d1aad0b75fff316f3a4685d50583551,eb27ec04e799ee6d39dee3d66f15128e197811afa8c664295acbdf6444176434,ac0c7e8c5526a0cc4fe5c0ed316b8cb2f14aa76eb483090bbaa4004cc57ae70f,b226b97e0e67288aaaf85726ad855df71cb81406685c57c8e8c40cd8996aa0da,9a409f8b62a7fe04b4083ef0a7784b7de3c783a6,False,"{""VRP-EVRP-Project-Hub"": {""dirty"": false, ""path"": ""/Users/guoyiyang/Documents/GitHub/FURP-2026-Yiyang-GUO-EVRP-TW/reference/VRP-EVRP-Project-Hub"", ""revision"": ""e3a890065105f978187e532642c4442522215e02""}, ""py-ga-VRPTW"": {""dirty"": false, ""path"": ""/Users/guoyiyang/Documents/GitHub/FURP-2026-Yiyang-GUO-EVRP-TW/reference/py-ga-VRPTW"", ""revision"": ""8e005caaaf6471a4505588d88c7f0f5e0d4ebffa""}}",stage03.0_measurement_attempt05,,preserve;see stage03_legacy_path_map.csv,legacy,legacy_json_or_jsonl,none,legacy,legacy_unknown,,,21093829,legacy_compatible
stage03.1,screening,stage03.1_screening_attempt01,attempt01,stage03.1_screening_attempt01,stage031_cheap_screening_smoke01,smoke,r105C5,2016,"[""c101C5"", ""r105C5"", ""rc105C5"", ""c101_21"", ""r101_21"", ""rc101_21""]","[2014, 2015, 2016]",trace,verified_legacy,results/stage03.1_screening_attempt01/r105C5/2016/stage03.1_screening_attempt01_trace_r105C5_2016.json,results/stage031-cheap-screening_smoke01/traces/r105C5-alns_stage02_constraint_guided-2016.json,feasible,,not_verified,not_present,not_applicable,not_published,61c60a4ac755b4a91f93d8637fe00f17abda7f8c24cdac90458e8348dd1a7a7c,raw_manifest,1fa977d05817b402c279b2546069578175e3b4531c53b435c0d41f712d5d8904,e1840ebd3945bac63a1a1db5e13438dc2d1aad0b75fff316f3a4685d50583551,eb27ec04e799ee6d39dee3d66f15128e197811afa8c664295acbdf6444176434,b8b681aed2b5c7ea9e287dcf85c0e2b77ef5f1dd99d67c213985e20558e4e339,b226b97e0e67288aaaf85726ad855df71cb81406685c57c8e8c40cd8996aa0da,9a409f8b62a7fe04b4083ef0a7784b7de3c783a6,False,"{""VRP-EVRP-Project-Hub"": {""dirty"": false, ""path"": ""/Users/guoyiyang/Documents/GitHub/FURP-2026-Yiyang-GUO-EVRP-TW/reference/VRP-EVRP-Project-Hub"", ""revision"": ""e3a890065105f978187e532642c4442522215e02""}, ""py-ga-VRPTW"": {""dirty"": false, ""path"": ""/Users/guoyiyang/Documents/GitHub/FURP-2026-Yiyang-GUO-EVRP-TW/reference/py-ga-VRPTW"", ""revision"": ""8e005caaaf6471a4505588d88c7f0f5e0d4ebffa""}}",stage03.0_measurement_attempt05,,preserve;see stage03_legacy_path_map.csv,legacy,legacy_json_or_jsonl,none,legacy,legacy_unknown,,,21281749,legacy_compatible
stage03.1,screening,stage03.1_screening_attempt01,attempt01,stage03.1_screening_attempt01,stage031_cheap_screening_smoke01,smoke,rc101_21,2014,"[""c101C5"", ""r105C5"", ""rc105C5"", ""c101_21"", ""r101_21"", ""rc101_21""]","[2014, 2015, 2016]",trace,verified_legacy,results/stage03.1_screening_attempt01/rc101_21/2014/stage03.1_screening_attempt01_trace_rc101_21_2014.json,results/stage031-cheap-screening_smoke01/traces/rc101_21-alns_stage02_constraint_guided-2014.json,feasible,,not_verified,not_present,not_applicable,not_published,6d51ae0bdbaffae5cb7c37775c051e5936a4089740b5a5f5b8eebce7553567fa,raw_manifest,1fa977d05817b402c279b2546069578175e3b4531c53b435c0d41f712d5d8904,e1840ebd3945bac63a1a1db5e13438dc2d1aad0b75fff316f3a4685d50583551,272a3e58d53d4ba9516f01506164cf8a9b98bfeeb8dbd1fd62f6557e4c98e3a1,ee4a098ac7ed6a9fb2b432e6ca7673c3ce09d863c2e147752f356af15d0cf8f8,b226b97e0e67288aaaf85726ad855df71cb81406685c57c8e8c40cd8996aa0da,9a409f8b62a7fe04b4083ef0a7784b7de3c783a6,False,"{""VRP-EVRP-Project-Hub"": {""dirty"": false, ""path"": ""/Users/guoyiyang/Documents/GitHub/FURP-2026-Yiyang-GUO-EVRP-TW/reference/VRP-EVRP-Project-Hub"", ""revision"": ""e3a890065105f978187e532642c4442522215e02""}, ""py-ga-VRPTW"": {""dirty"": false, ""path"": ""/Users/guoyiyang/Documents/GitHub/FURP-2026-Yiyang-GUO-EVRP-TW/reference/py-ga-VRPTW"", ""revision"": ""8e005caaaf6471a4505588d88c7f0f5e0d4ebffa""}}",stage03.0_measurement_attempt05,,preserve;see stage03_legacy_path_map.csv,legacy,legacy_json_or_jsonl,none,legacy,legacy_unknown,,,132019284,legacy_compatible
stage03.1,screening,stage03.1_screening_attempt01,attempt01,stage03.1_screening_attempt01,stage031_cheap_screening_smoke01,smoke,rc101_21,2015,"[""c101C5"", ""r105C5"", ""rc105C5"", ""c101_21"", ""r101_21"", ""rc101_21""]","[2014, 2015, 2016]",trace,verified_legacy,results/stage03.1_screening_attempt01/rc101_21/2015/stage03.1_screening_attempt01_trace_rc101_21_2015.json,results/stage031-cheap-screening_smoke01/traces/rc101_21-alns_stage02_constraint_guided-2015.json,feasible,,not_verified,not_present,not_applicable,not_published,fe512a78c751577d159ed9771bec90f01db4987049ba9fd19bc756d80c981afc,raw_manifest,1fa977d05817b402c279b2546069578175e3b4531c53b435c0d41f712d5d8904,e1840ebd3945bac63a1a1db5e13438dc2d1aad0b75fff316f3a4685d50583551,272a3e58d53d4ba9516f01506164cf8a9b98bfeeb8dbd1fd62f6557e4c98e3a1,5d446a56bed08e8c9ffaea6107d35b8a5998ddce7ade9616e62c25cc62fab89b,b226b97e0e67288aaaf85726ad855df71cb81406685c57c8e8c40cd8996aa0da,9a409f8b62a7fe04b4083ef0a7784b7de3c783a6,False,"{""VRP-EVRP-Project-Hub"": {""dirty"": false, ""path"": ""/Users/guoyiyang/Documents/GitHub/FURP-2026-Yiyang-GUO-EVRP-TW/reference/VRP-EVRP-Project-Hub"", ""revision"": ""e3a890065105f978187e532642c4442522215e02""}, ""py-ga-VRPTW"": {""dirty"": false, ""path"": ""/Users/guoyiyang/Documents/GitHub/FURP-2026-Yiyang-GUO-EVRP-TW/reference/py-ga-VRPTW"", ""revision"": ""8e005caaaf6471a4505588d88c7f0f5e0d4ebffa""}}",stage03.0_measurement_attempt05,,preserve;see stage03_legacy_path_map.csv,legacy,legacy_json_or_jsonl,none,legacy,legacy_unknown,,,145234387,legacy_compatible
stage03.1,screening,stage03.1_screening_attempt01,attempt01,stage03.1_screening_attempt01,stage031_cheap_screening_smoke01,smoke,rc101_21,2016,"[""c101C5"", ""r105C5"", ""rc105C5"", ""c101_21"", ""r101_21"", ""rc101_21""]","[2014, 2015, 2016]",trace,verified_legacy,results/stage03.1_screening_attempt01/rc101_21/2016/stage03.1_screening_attempt01_trace_rc101_21_2016.json,results/stage031-cheap-screening_smoke01/traces/rc101_21-alns_stage02_constraint_guided-2016.json,feasible,,not_verified,not_present,not_applicable,not_published,d63925f51db570703397cf26e724806ca926804bbcf79da16b07cae1cfd84adc,raw_manifest,1fa977d05817b402c279b2546069578175e3b4531c53b435c0d41f712d5d8904,e1840ebd3945bac63a1a1db5e13438dc2d1aad0b75fff316f3a4685d50583551,272a3e58d53d4ba9516f01506164cf8a9b98bfeeb8dbd1fd62f6557e4c98e3a1,3b5625b9ceb4e6d6afcb96697c2a47e2a78c9c7f036fa935fcf27b5aff9f7662,b226b97e0e67288aaaf85726ad855df71cb81406685c57c8e8c40cd8996aa0da,9a409f8b62a7fe04b4083ef0a7784b7de3c783a6,False,"{""VRP-EVRP-Project-Hub"": {""dirty"": false, ""path"": ""/Users/guoyiyang/Documents/GitHub/FURP-2026-Yiyang-GUO-EVRP-TW/reference/VRP-EVRP-Project-Hub"", ""revision"": ""e3a890065105f978187e532642c4442522215e02""}, ""py-ga-VRPTW"": {""dirty"": false, ""path"": ""/Users/guoyiyang/Documents/GitHub/FURP-2026-Yiyang-GUO-EVRP-TW/reference/py-ga-VRPTW"", ""revision"": ""8e005caaaf6471a4505588d88c7f0f5e0d4ebffa""}}",stage03.0_measurement_attempt05,,preserve;see stage03_legacy_path_map.csv,legacy,legacy_json_or_jsonl,none,legacy,legacy_unknown,,,143097089,legacy_compatible
stage03.1,screening,stage03.1_screening_attempt01,attempt01,stage03.1_screening_attempt01,stage031_cheap_screening_smoke01,smoke,rc105C5,2014,"[""c101C5"", ""r105C5"", ""rc105C5"", ""c101_21"", ""r101_21"", ""rc101_21""]","[2014, 2015, 2016]",trace,verified_legacy,results/stage03.1_screening_attempt01/rc105C5/2014/stage03.1_screening_attempt01_trace_rc105C5_2014.json,results/stage031-cheap-screening_smoke01/traces/rc105C5-alns_stage02_constraint_guided-2014.json,feasible,,not_verified,not_present,not_applicable,not_published,181467320ea64395f031e7f4196526dfbd48788549405e05ec988675692afc65,raw_manifest,1fa977d05817b402c279b2546069578175e3b4531c53b435c0d41f712d5d8904,e1840ebd3945bac63a1a1db5e13438dc2d1aad0b75fff316f3a4685d50583551,2ccfba6c447fa43a994934690acb67c7355ca04d232394907ed6938bc362c643,65441851bc4fe961fb12dd02b1596d6579e5d7e668d468151d44d0bd71168bf9,b226b97e0e67288aaaf85726ad855df71cb81406685c57c8e8c40cd8996aa0da,9a409f8b62a7fe04b4083ef0a7784b7de3c783a6,False,"{""VRP-EVRP-Project-Hub"": {""dirty"": false, ""path"": ""/Users/guoyiyang/Documents/GitHub/FURP-2026-Yiyang-GUO-EVRP-TW/reference/VRP-EVRP-Project-Hub"", ""revision"": ""e3a890065105f978187e532642c4442522215e02""}, ""py-ga-VRPTW"": {""dirty"": false, ""path"": ""/Users/guoyiyang/Documents/GitHub/FURP-2026-Yiyang-GUO-EVRP-TW/reference/py-ga-VRPTW"", ""revision"": ""8e005caaaf6471a4505588d88c7f0f5e0d4ebffa""}}",stage03.0_measurement_attempt05,,preserve;see stage03_legacy_path_map.csv,legacy,legacy_json_or_jsonl,none,legacy,legacy_unknown,,,19752528,legacy_compatible
stage03.1,screening,stage03.1_screening_attempt01,attempt01,stage03.1_screening_attempt01,stage031_cheap_screening_smoke01,smoke,rc105C5,2015,"[""c101C5"", ""r105C5"", ""rc105C5"", ""c101_21"", ""r101_21"", ""rc101_21""]","[2014, 2015, 2016]",trace,verified_legacy,results/stage03.1_screening_attempt01/rc105C5/2015/stage03.1_screening_attempt01_trace_rc105C5_2015.json,results/stage031-cheap-screening_smoke01/traces/rc105C5-alns_stage02_constraint_guided-2015.json,feasible,,not_verified,not_present,not_applicable,not_published,fc77c092d97e1b44e9a3677b0a907d7bed6188927803c9af8f5c4a5c46d9afe6,raw_manifest,1fa977d05817b402c279b2546069578175e3b4531c53b435c0d41f712d5d8904,e1840ebd3945bac63a1a1db5e13438dc2d1aad0b75fff316f3a4685d50583551,2ccfba6c447fa43a994934690acb67c7355ca04d232394907ed6938bc362c643,5d829d5e04c6ad8cf045082843a86ec6c0d65651cbeb62f300137d271c34bf0c,b226b97e0e67288aaaf85726ad855df71cb81406685c57c8e8c40cd8996aa0da,9a409f8b62a7fe04b4083ef0a7784b7de3c783a6,False,"{""VRP-EVRP-Project-Hub"": {""dirty"": false, ""path"": ""/Users/guoyiyang/Documents/GitHub/FURP-2026-Yiyang-GUO-EVRP-TW/reference/VRP-EVRP-Project-Hub"", ""revision"": ""e3a890065105f978187e532642c4442522215e02""}, ""py-ga-VRPTW"": {""dirty"": false, ""path"": ""/Users/guoyiyang/Documents/GitHub/FURP-2026-Yiyang-GUO-EVRP-TW/reference/py-ga-VRPTW"", ""revision"": ""8e005caaaf6471a4505588d88c7f0f5e0d4ebffa""}}",stage03.0_measurement_attempt05,,preserve;see stage03_legacy_path_map.csv,legacy,legacy_json_or_jsonl,none,legacy,legacy_unknown,,,19687713,legacy_compatible
stage03.1,screening,stage03.1_screening_attempt01,attempt01,stage03.1_screening_attempt01,stage031_cheap_screening_smoke01,smoke,rc105C5,2016,"[""c101C5"", ""r105C5"", ""rc105C5"", ""c101_21"", ""r101_21"", ""rc101_21""]","[2014, 2015, 2016]",trace,verified_legacy,results/stage03.1_screening_attempt01/rc105C5/2016/stage03.1_screening_attempt01_trace_rc105C5_2016.json,results/stage031-cheap-screening_smoke01/traces/rc105C5-alns_stage02_constraint_guided-2016.json,feasible,,not_verified,not_present,not_applicable,not_published,911ef970b751ed9dc4f544d6051c3a3fbde8438ed16b875c1a451d8c39fac64f,raw_manifest,1fa977d05817b402c279b2546069578175e3b4531c53b435c0d41f712d5d8904,e1840ebd3945bac63a1a1db5e13438dc2d1aad0b75fff316f3a4685d50583551,2ccfba6c447fa43a994934690acb67c7355ca04d232394907ed6938bc362c643,8ef7e563939cf22a93c37e1d61ec745121d685c4c6b7c3accb3a06d6434df190,b226b97e0e67288aaaf85726ad855df71cb81406685c57c8e8c40cd8996aa0da,9a409f8b62a7fe04b4083ef0a7784b7de3c783a6,False,"{""VRP-EVRP-Project-Hub"": {""dirty"": false, ""path"": ""/Users/guoyiyang/Documents/GitHub/FURP-2026-Yiyang-GUO-EVRP-TW/reference/VRP-EVRP-Project-Hub"", ""revision"": ""e3a890065105f978187e532642c4442522215e02""}, ""py-ga-VRPTW"": {""dirty"": false, ""path"": ""/Users/guoyiyang/Documents/GitHub/FURP-2026-Yiyang-GUO-EVRP-TW/reference/py-ga-VRPTW"", ""revision"": ""8e005caaaf6471a4505588d88c7f0f5e0d4ebffa""}}",stage03.0_measurement_attempt05,,preserve;see stage03_legacy_path_map.csv,legacy,legacy_json_or_jsonl,none,legacy,legacy_unknown,,,19917500,legacy_compatible
stage03.1,screening,stage03.1_screening_attempt02,attempt02,stage03.1_screening_attempt02,stage031_cheap_screening_smoke02,smoke,__all__,__all__,"[""c101C5"", ""r105C5"", ""rc105C5"", ""c101_21"", ""r101_21"", ""rc101_21""]","[2014, 2015, 2016]",environment,verified_legacy,results/stage03.1_screening_attempt02/control/stage03.1_screening_attempt02_environment.json,results/stage031-cheap-screening_smoke02/environment.json,feasible,,not_verified,not_present,not_applicable,not_published,1e3d254ca4b357b86679fc6196e418f22ec61a2b02e3c329b6f46643d9e9cab6,raw_manifest,a57023d4dbe08dbe7b10a21ce522a4a38d115b318c6b97b99c848b1f7927243d,e1840ebd3945bac63a1a1db5e13438dc2d1aad0b75fff316f3a4685d50583551,,,b226b97e0e67288aaaf85726ad855df71cb81406685c57c8e8c40cd8996aa0da,7795e513917e401340cdb217b3f5ac30011cf67e,False,"{""VRP-EVRP-Project-Hub"": {""dirty"": false, ""path"": ""/Users/guoyiyang/Documents/GitHub/FURP-2026-Yiyang-GUO-EVRP-TW/reference/VRP-EVRP-Project-Hub"", ""revision"": ""e3a890065105f978187e532642c4442522215e02""}, ""py-ga-VRPTW"": {""dirty"": false, ""path"": ""/Users/guoyiyang/Documents/GitHub/FURP-2026-Yiyang-GUO-EVRP-TW/reference/py-ga-VRPTW"", ""revision"": ""8e005caaaf6471a4505588d88c7f0f5e0d4ebffa""}}",stage03.0_measurement_attempt05,,preserve;see stage03_legacy_path_map.csv,legacy,legacy_json_or_jsonl,none,legacy,legacy_unknown,,,9784,legacy_compatible
stage03.1,screening,stage03.1_screening_attempt02,attempt02,stage03.1_screening_attempt02,stage031_cheap_screening_smoke02,smoke,c101C5,2014,"[""c101C5"", ""r105C5"", ""rc105C5"", ""c101_21"", ""r101_21"", ""rc101_21""]","[2014, 2015, 2016]",environment,verified_legacy,results/stage03.1_screening_attempt02/c101C5/2014/stage03.1_screening_attempt02_environment_c101C5_2014.json,results/stage031-cheap-screening_smoke02/environments/c101C5-alns_stage02_constraint_guided-2014.json,feasible,,not_verified,not_present,not_applicable,not_published,00afa7e29766cfd582b0f5eb62f1f09ae6daddd5937ee69cee7b1e0a23f7142f,raw_manifest,a57023d4dbe08dbe7b10a21ce522a4a38d115b318c6b97b99c848b1f7927243d,e1840ebd3945bac63a1a1db5e13438dc2d1aad0b75fff316f3a4685d50583551,8612d6d9aad051776097a5e50c7408f39352b8107b0639d58e5eda713f9ff876,99ab571bb93d20f61f4a07fe68108f7a37d8a871d723c80d71ac575b8073cd2b,b226b97e0e67288aaaf85726ad855df71cb81406685c57c8e8c40cd8996aa0da,7795e513917e401340cdb217b3f5ac30011cf67e,False,"{""VRP-EVRP-Project-Hub"": {""dirty"": false, ""path"": ""/Users/guoyiyang/Documents/GitHub/FURP-2026-Yiyang-GUO-EVRP-TW/reference/VRP-EVRP-Project-Hub"", ""revision"": ""e3a890065105f978187e532642c4442522215e02""}, ""py-ga-VRPTW"": {""dirty"": false, ""path"": ""/Users/guoyiyang/Documents/GitHub/FURP-2026-Yiyang-GUO-EVRP-TW/reference/py-ga-VRPTW"", ""revision"": ""8e005caaaf6471a4505588d88c7f0f5e0d4ebffa""}}",stage03.0_measurement_attempt05,,preserve;see stage03_legacy_path_map.csv,legacy,legacy_json_or_jsonl,none,legacy,legacy_unknown,,,2715,legacy_compatible
stage03.1,screening,stage03.1_screening_attempt02,attempt02,stage03.1_screening_attempt02,stage031_cheap_screening_smoke02,smoke,c101C5,2015,"[""c101C5"", ""r105C5"", ""rc105C5"", ""c101_21"", ""r101_21"", ""rc101_21""]","[2014, 2015, 2016]",environment,verified_legacy,results/stage03.1_screening_attempt02/c101C5/2015/stage03.1_screening_attempt02_environment_c101C5_2015.json,results/stage031-cheap-screening_smoke02/environments/c101C5-alns_stage02_constraint_guided-2015.json,feasible,,not_verified,not_present,not_applicable,not_published,3e10b1a3d5ea35d36e1f2d6a31cc86ba75a03121fcac82b050ee126bbf2057c6,raw_manifest,a57023d4dbe08dbe7b10a21ce522a4a38d115b318c6b97b99c848b1f7927243d,e1840ebd3945bac63a1a1db5e13438dc2d1aad0b75fff316f3a4685d50583551,8612d6d9aad051776097a5e50c7408f39352b8107b0639d58e5eda713f9ff876,b0fe902c2afab0b0a7c94c4b0e393da1d4d94990d99387d24e821920e6454816,b226b97e0e67288aaaf85726ad855df71cb81406685c57c8e8c40cd8996aa0da,7795e513917e401340cdb217b3f5ac30011cf67e,False,"{""VRP-EVRP-Project-Hub"": {""dirty"": false, ""path"": ""/Users/guoyiyang/Documents/GitHub/FURP-2026-Yiyang-GUO-EVRP-TW/reference/VRP-EVRP-Project-Hub"", ""revision"": ""e3a890065105f978187e532642c4442522215e02""}, ""py-ga-VRPTW"": {""dirty"": false, ""path"": ""/Users/guoyiyang/Documents/GitHub/FURP-2026-Yiyang-GUO-EVRP-TW/reference/py-ga-VRPTW"", ""revision"": ""8e005caaaf6471a4505588d88c7f0f5e0d4ebffa""}}",stage03.0_measurement_attempt05,,preserve;see stage03_legacy_path_map.csv,legacy,legacy_json_or_jsonl,none,legacy,legacy_unknown,,,2716,legacy_compatible
stage03.1,screening,stage03.1_screening_attempt02,attempt02,stage03.1_screening_attempt02,stage031_cheap_screening_smoke02,smoke,c101C5,2016,"[""c101C5"", ""r105C5"", ""rc105C5"", ""c101_21"", ""r101_21"", ""rc101_21""]","[2014, 2015, 2016]",environment,verified_legacy,results/stage03.1_screening_attempt02/c101C5/2016/stage03.1_screening_attempt02_environment_c101C5_2016.json,results/stage031-cheap-screening_smoke02/environments/c101C5-alns_stage02_constraint_guided-2016.json,feasible,,not_verified,not_present,not_applicable,not_published,d0a335b89e2d90309d4c084aaeb98cd75f6fd7195f81e6f9b4f07fc893a58fb2,raw_manifest,a57023d4dbe08dbe7b10a21ce522a4a38d115b318c6b97b99c848b1f7927243d,e1840ebd3945bac63a1a1db5e13438dc2d1aad0b75fff316f3a4685d50583551,8612d6d9aad051776097a5e50c7408f39352b8107b0639d58e5eda713f9ff876,a18a5a418661b6f53097653ebf3d03cce8232e304de569cf03c7aef4c954a33d,b226b97e0e67288aaaf85726ad855df71cb81406685c57c8e8c40cd8996aa0da,7795e513917e401340cdb217b3f5ac30011cf67e,False,"{""VRP-EVRP-Project-Hub"": {""dirty"": false, ""path"": ""/Users/guoyiyang/Documents/GitHub/FURP-2026-Yiyang-GUO-EVRP-TW/reference/VRP-EVRP-Project-Hub"", ""revision"": ""e3a890065105f978187e532642c4442522215e02""}, ""py-ga-VRPTW"": {""dirty"": false, ""path"": ""/Users/guoyiyang/Documents/GitHub/FURP-2026-Yiyang-GUO-EVRP-TW/reference/py-ga-VRPTW"", ""revision"": ""8e005caaaf6471a4505588d88c7f0f5e0d4ebffa""}}",stage03.0_measurement_attempt05,,preserve;see stage03_legacy_path_map.csv,legacy,legacy_json_or_jsonl,none,legacy,legacy_unknown,,,2716,legacy_compatible
stage03.1,screening,stage03.1_screening_attempt02,attempt02,stage03.1_screening_attempt02,stage031_cheap_screening_smoke02,smoke,c101_21,2014,"[""c101C5"", ""r105C5"", ""rc105C5"", ""c101_21"", ""r101_21"", ""rc101_21""]","[2014, 2015, 2016]",environment,verified_legacy,results/stage03.1_screening_attempt02/c101_21/2014/stage03.1_screening_attempt02_environment_c101_21_2014.json,results/stage031-cheap-screening_smoke02/environments/c101_21-alns_stage02_constraint_guided-2014.json,feasible,,not_verified,not_present,not_applicable,not_published,687fdf70b02747c91978f53dd2612fbfa059cb5b9899160a1c4302e6df6bd239,raw_manifest,a57023d4dbe08dbe7b10a21ce522a4a38d115b318c6b97b99c848b1f7927243d,e1840ebd3945bac63a1a1db5e13438dc2d1aad0b75fff316f3a4685d50583551,c5cda6ca63a7d518902cf4b02d98b4aa0f373aaa0658d5c666d1c46d38871cb9,2112f160e5be332b6dae801d359768ec535f08cbae31a1b0cefd069fc170c844,b226b97e0e67288aaaf85726ad855df71cb81406685c57c8e8c40cd8996aa0da,7795e513917e401340cdb217b3f5ac30011cf67e,False,"{""VRP-EVRP-Project-Hub"": {""dirty"": false, ""path"": ""/Users/guoyiyang/Documents/GitHub/FURP-2026-Yiyang-GUO-EVRP-TW/reference/VRP-EVRP-Project-Hub"", ""revision"": ""e3a890065105f978187e532642c4442522215e02""}, ""py-ga-VRPTW"": {""dirty"": false, ""path"": ""/Users/guoyiyang/Documents/GitHub/FURP-2026-Yiyang-GUO-EVRP-TW/reference/py-ga-VRPTW"", ""revision"": ""8e005caaaf6471a4505588d88c7f0f5e0d4ebffa""}}",stage03.0_measurement_attempt05,,preserve;see stage03_legacy_path_map.csv,legacy,legacy_json_or_jsonl,none,legacy,legacy_unknown,,,2717,legacy_compatible
stage03.1,screening,stage03.1_screening_attempt02,attempt02,stage03.1_screening_attempt02,stage031_cheap_screening_smoke02,smoke,c101_21,2015,"[""c101C5"", ""r105C5"", ""rc105C5"", ""c101_21"", ""r101_21"", ""rc101_21""]","[2014, 2015, 2016]",environment,verified_legacy,results/stage03.1_screening_attempt02/c101_21/2015/stage03.1_screening_attempt02_environment_c101_21_2015.json,results/stage031-cheap-screening_smoke02/environments/c101_21-alns_stage02_constraint_guided-2015.json,feasible,,not_verified,not_present,not_applicable,not_published,7fce8fc4fa7eb2babfbcce6e5941515af904a528c6ec0fdb0201bc62905edb97,raw_manifest,a57023d4dbe08dbe7b10a21ce522a4a38d115b318c6b97b99c848b1f7927243d,e1840ebd3945bac63a1a1db5e13438dc2d1aad0b75fff316f3a4685d50583551,c5cda6ca63a7d518902cf4b02d98b4aa0f373aaa0658d5c666d1c46d38871cb9,191e236d0deae5c5f0f50bf28607d9e5edcb912fc7ad419a11774b21d065fc12,b226b97e0e67288aaaf85726ad855df71cb81406685c57c8e8c40cd8996aa0da,7795e513917e401340cdb217b3f5ac30011cf67e,False,"{""VRP-EVRP-Project-Hub"": {""dirty"": false, ""path"": ""/Users/guoyiyang/Documents/GitHub/FURP-2026-Yiyang-GUO-EVRP-TW/reference/VRP-EVRP-Project-Hub"", ""revision"": ""e3a890065105f978187e532642c4442522215e02""}, ""py-ga-VRPTW"": {""dirty"": false, ""path"": ""/Users/guoyiyang/Documents/GitHub/FURP-2026-Yiyang-GUO-EVRP-TW/reference/py-ga-VRPTW"", ""revision"": ""8e005caaaf6471a4505588d88c7f0f5e0d4ebffa""}}",stage03.0_measurement_attempt05,,preserve;see stage03_legacy_path_map.csv,legacy,legacy_json_or_jsonl,none,legacy,legacy_unknown,,,2717,legacy_compatible
stage03.1,screening,stage03.1_screening_attempt02,attempt02,stage03.1_screening_attempt02,stage031_cheap_screening_smoke02,smoke,c101_21,2016,"[""c101C5"", ""r105C5"", ""rc105C5"", ""c101_21"", ""r101_21"", ""rc101_21""]","[2014, 2015, 2016]",environment,verified_legacy,results/stage03.1_screening_attempt02/c101_21/2016/stage03.1_screening_attempt02_environment_c101_21_2016.json,results/stage031-cheap-screening_smoke02/environments/c101_21-alns_stage02_constraint_guided-2016.json,feasible,,not_verified,not_present,not_applicable,not_published,7bc8735fd97d9650c9e6889265a119fb15cddcb80d3d0b409a7bcef0c6e1f099,raw_manifest,a57023d4dbe08dbe7b10a21ce522a4a38d115b318c6b97b99c848b1f7927243d,e1840ebd3945bac63a1a1db5e13438dc2d1aad0b75fff316f3a4685d50583551,c5cda6ca63a7d518902cf4b02d98b4aa0f373aaa0658d5c666d1c46d38871cb9,a2d3a4f69b160f6944a27851fa99ff1ec18c966b28a263751294e14c2abbbcb7,b226b97e0e67288aaaf85726ad855df71cb81406685c57c8e8c40cd8996aa0da,7795e513917e401340cdb217b3f5ac30011cf67e,False,"{""VRP-EVRP-Project-Hub"": {""dirty"": false, ""path"": ""/Users/guoyiyang/Documents/GitHub/FURP-2026-Yiyang-GUO-EVRP-TW/reference/VRP-EVRP-Project-Hub"", ""revision"": ""e3a890065105f978187e532642c4442522215e02""}, ""py-ga-VRPTW"": {""dirty"": false, ""path"": ""/Users/guoyiyang/Documents/GitHub/FURP-2026-Yiyang-GUO-EVRP-TW/reference/py-ga-VRPTW"", ""revision"": ""8e005caaaf6471a4505588d88c7f0f5e0d4ebffa""}}",stage03.0_measurement_attempt05,,preserve;see stage03_legacy_path_map.csv,legacy,legacy_json_or_jsonl,none,legacy,legacy_unknown,,,2717,legacy_compatible
stage03.1,screening,stage03.1_screening_attempt02,attempt02,stage03.1_screening_attempt02,stage031_cheap_screening_smoke02,smoke,r101_21,2014,"[""c101C5"", ""r105C5"", ""rc105C5"", ""c101_21"", ""r101_21"", ""rc101_21""]","[2014, 2015, 2016]",environment,verified_legacy,results/stage03.1_screening_attempt02/r101_21/2014/stage03.1_screening_attempt02_environment_r101_21_2014.json,results/stage031-cheap-screening_smoke02/environments/r101_21-alns_stage02_constraint_guided-2014.json,feasible,,not_verified,not_present,not_applicable,not_published,5ea8ce1d90ca563767a29ad906d30ccb282ca995c85f183b2e7ad3458984ffe7,raw_manifest,a57023d4dbe08dbe7b10a21ce522a4a38d115b318c6b97b99c848b1f7927243d,e1840ebd3945bac63a1a1db5e13438dc2d1aad0b75fff316f3a4685d50583551,0e5a3dffffbd3c516b528ef32ba1a488b817d2f151fc3e8c81023814de1c103a,6741f48868dd3a5a782cee5083874cd5a2366f1b9e93fb626f4128090fe4ca07,b226b97e0e67288aaaf85726ad855df71cb81406685c57c8e8c40cd8996aa0da,7795e513917e401340cdb217b3f5ac30011cf67e,False,"{""VRP-EVRP-Project-Hub"": {""dirty"": false, ""path"": ""/Users/guoyiyang/Documents/GitHub/FURP-2026-Yiyang-GUO-EVRP-TW/reference/VRP-EVRP-Project-Hub"", ""revision"": ""e3a890065105f978187e532642c4442522215e02""}, ""py-ga-VRPTW"": {""dirty"": false, ""path"": ""/Users/guoyiyang/Documents/GitHub/FURP-2026-Yiyang-GUO-EVRP-TW/reference/py-ga-VRPTW"", ""revision"": ""8e005caaaf6471a4505588d88c7f0f5e0d4ebffa""}}",stage03.0_measurement_attempt05,,preserve;see stage03_legacy_path_map.csv,legacy,legacy_json_or_jsonl,none,legacy,legacy_unknown,,,2717,legacy_compatible
stage03.1,screening,stage03.1_screening_attempt02,attempt02,stage03.1_screening_attempt02,stage031_cheap_screening_smoke02,smoke,r101_21,2015,"[""c101C5"", ""r105C5"", ""rc105C5"", ""c101_21"", ""r101_21"", ""rc101_21""]","[2014, 2015, 2016]",environment,verified_legacy,results/stage03.1_screening_attempt02/r101_21/2015/stage03.1_screening_attempt02_environment_r101_21_2015.json,results/stage031-cheap-screening_smoke02/environments/r101_21-alns_stage02_constraint_guided-2015.json,feasible,,not_verified,not_present,not_applicable,not_published,460230618193827df24779f4257bfb1a8d478679e0b669c7a079a13800146a61,raw_manifest,a57023d4dbe08dbe7b10a21ce522a4a38d115b318c6b97b99c848b1f7927243d,e1840ebd3945bac63a1a1db5e13438dc2d1aad0b75fff316f3a4685d50583551,0e5a3dffffbd3c516b528ef32ba1a488b817d2f151fc3e8c81023814de1c103a,1aa9cf66c5980a6d8b21e348957bdb10b3f5b9672e5afb4bc949f7ebbe055fd9,b226b97e0e67288aaaf85726ad855df71cb81406685c57c8e8c40cd8996aa0da,7795e513917e401340cdb217b3f5ac30011cf67e,False,"{""VRP-EVRP-Project-Hub"": {""dirty"": false, ""path"": ""/Users/guoyiyang/Documents/GitHub/FURP-2026-Yiyang-GUO-EVRP-TW/reference/VRP-EVRP-Project-Hub"", ""revision"": ""e3a890065105f978187e532642c4442522215e02""}, ""py-ga-VRPTW"": {""dirty"": false, ""path"": ""/Users/guoyiyang/Documents/GitHub/FURP-2026-Yiyang-GUO-EVRP-TW/reference/py-ga-VRPTW"", ""revision"": ""8e005caaaf6471a4505588d88c7f0f5e0d4ebffa""}}",stage03.0_measurement_attempt05,,preserve;see stage03_legacy_path_map.csv,legacy,legacy_json_or_jsonl,none,legacy,legacy_unknown,,,2718,legacy_compatible
stage03.1,screening,stage03.1_screening_attempt02,attempt02,stage03.1_screening_attempt02,stage031_cheap_screening_smoke02,smoke,r101_21,2016,"[""c101C5"", ""r105C5"", ""rc105C5"", ""c101_21"", ""r101_21"", ""rc101_21""]","[2014, 2015, 2016]",environment,verified_legacy,results/stage03.1_screening_attempt02/r101_21/2016/stage03.1_screening_attempt02_environment_r101_21_2016.json,results/stage031-cheap-screening_smoke02/environments/r101_21-alns_stage02_constraint_guided-2016.json,feasible,,not_verified,not_present,not_applicable,not_published,274caf7aa054ec0be4c0d6de069ff78bd1e7783e92a671812e6a7a91e3f5f60f,raw_manifest,a57023d4dbe08dbe7b10a21ce522a4a38d115b318c6b97b99c848b1f7927243d,e1840ebd3945bac63a1a1db5e13438dc2d1aad0b75fff316f3a4685d50583551,0e5a3dffffbd3c516b528ef32ba1a488b817d2f151fc3e8c81023814de1c103a,f550201bdd671f54a839300061d30a4d0885c467be5bfcc2447c27c10baf525d,b226b97e0e67288aaaf85726ad855df71cb81406685c57c8e8c40cd8996aa0da,7795e513917e401340cdb217b3f5ac30011cf67e,False,"{""VRP-EVRP-Project-Hub"": {""dirty"": false, ""path"": ""/Users/guoyiyang/Documents/GitHub/FURP-2026-Yiyang-GUO-EVRP-TW/reference/VRP-EVRP-Project-Hub"", ""revision"": ""e3a890065105f978187e532642c4442522215e02""}, ""py-ga-VRPTW"": {""dirty"": false, ""path"": ""/Users/guoyiyang/Documents/GitHub/FURP-2026-Yiyang-GUO-EVRP-TW/reference/py-ga-VRPTW"", ""revision"": ""8e005caaaf6471a4505588d88c7f0f5e0d4ebffa""}}",stage03.0_measurement_attempt05,,preserve;see stage03_legacy_path_map.csv,legacy,legacy_json_or_jsonl,none,legacy,legacy_unknown,,,2718,legacy_compatible
stage03.1,screening,stage03.1_screening_attempt02,attempt02,stage03.1_screening_attempt02,stage031_cheap_screening_smoke02,smoke,r105C5,2014,"[""c101C5"", ""r105C5"", ""rc105C5"", ""c101_21"", ""r101_21"", ""rc101_21""]","[2014, 2015, 2016]",environment,verified_legacy,results/stage03.1_screening_attempt02/r105C5/2014/stage03.1_screening_attempt02_environment_r105C5_2014.json,results/stage031-cheap-screening_smoke02/environments/r105C5-alns_stage02_constraint_guided-2014.json,feasible,,not_verified,not_present,not_applicable,not_published,6d07ffec5ae651fff31d332450f3e2c8fb92643cd8133f9254560d0d18d529b2,raw_manifest,a57023d4dbe08dbe7b10a21ce522a4a38d115b318c6b97b99c848b1f7927243d,e1840ebd3945bac63a1a1db5e13438dc2d1aad0b75fff316f3a4685d50583551,eb27ec04e799ee6d39dee3d66f15128e197811afa8c664295acbdf6444176434,66f513b9b825a33d8815be7cd4bd762fd3ca985317a37c9446f45014c6e0b333,b226b97e0e67288aaaf85726ad855df71cb81406685c57c8e8c40cd8996aa0da,7795e513917e401340cdb217b3f5ac30011cf67e,False,"{""VRP-EVRP-Project-Hub"": {""dirty"": false, ""path"": ""/Users/guoyiyang/Documents/GitHub/FURP-2026-Yiyang-GUO-EVRP-TW/reference/VRP-EVRP-Project-Hub"", ""revision"": ""e3a890065105f978187e532642c4442522215e02""}, ""py-ga-VRPTW"": {""dirty"": false, ""path"": ""/Users/guoyiyang/Documents/GitHub/FURP-2026-Yiyang-GUO-EVRP-TW/reference/py-ga-VRPTW"", ""revision"": ""8e005caaaf6471a4505588d88c7f0f5e0d4ebffa""}}",stage03.0_measurement_attempt05,,preserve;see stage03_legacy_path_map.csv,legacy,legacy_json_or_jsonl,none,legacy,legacy_unknown,,,2716,legacy_compatible
stage03.1,screening,stage03.1_screening_attempt02,attempt02,stage03.1_screening_attempt02,stage031_cheap_screening_smoke02,smoke,r105C5,2015,"[""c101C5"", ""r105C5"", ""rc105C5"", ""c101_21"", ""r101_21"", ""rc101_21""]","[2014, 2015, 2016]",environment,verified_legacy,results/stage03.1_screening_attempt02/r105C5/2015/stage03.1_screening_attempt02_environment_r105C5_2015.json,results/stage031-cheap-screening_smoke02/environments/r105C5-alns_stage02_constraint_guided-2015.json,feasible,,not_verified,not_present,not_applicable,not_published,daeabcf61ab6542197d593b47b564a4474ff0fe497050d4efa45f7d2a969785a,raw_manifest,a57023d4dbe08dbe7b10a21ce522a4a38d115b318c6b97b99c848b1f7927243d,e1840ebd3945bac63a1a1db5e13438dc2d1aad0b75fff316f3a4685d50583551,eb27ec04e799ee6d39dee3d66f15128e197811afa8c664295acbdf6444176434,b8fdd626c80cea2fb85a55cb1a593880423983868eb002cc2ce2ea0ff4c02366,b226b97e0e67288aaaf85726ad855df71cb81406685c57c8e8c40cd8996aa0da,7795e513917e401340cdb217b3f5ac30011cf67e,False,"{""VRP-EVRP-Project-Hub"": {""dirty"": false, ""path"": ""/Users/guoyiyang/Documents/GitHub/FURP-2026-Yiyang-GUO-EVRP-TW/reference/VRP-EVRP-Project-Hub"", ""revision"": ""e3a890065105f978187e532642c4442522215e02""}, ""py-ga-VRPTW"": {""dirty"": false, ""path"": ""/Users/guoyiyang/Documents/GitHub/FURP-2026-Yiyang-GUO-EVRP-TW/reference/py-ga-VRPTW"", ""revision"": ""8e005caaaf6471a4505588d88c7f0f5e0d4ebffa""}}",stage03.0_measurement_attempt05,,preserve;see stage03_legacy_path_map.csv,legacy,legacy_json_or_jsonl,none,legacy,legacy_unknown,,,2716,legacy_compatible
stage03.1,screening,stage03.1_screening_attempt02,attempt02,stage03.1_screening_attempt02,stage031_cheap_screening_smoke02,smoke,r105C5,2016,"[""c101C5"", ""r105C5"", ""rc105C5"", ""c101_21"", ""r101_21"", ""rc101_21""]","[2014, 2015, 2016]",environment,verified_legacy,results/stage03.1_screening_attempt02/r105C5/2016/stage03.1_screening_attempt02_environment_r105C5_2016.json,results/stage031-cheap-screening_smoke02/environments/r105C5-alns_stage02_constraint_guided-2016.json,feasible,,not_verified,not_present,not_applicable,not_published,d898dd5cc9444324e831922a1a940130f0fca3724a619de23cdfe8607b4f1ce4,raw_manifest,a57023d4dbe08dbe7b10a21ce522a4a38d115b318c6b97b99c848b1f7927243d,e1840ebd3945bac63a1a1db5e13438dc2d1aad0b75fff316f3a4685d50583551,eb27ec04e799ee6d39dee3d66f15128e197811afa8c664295acbdf6444176434,102c31340a1b5c0d72606cdd4fed856fa1749896d01f73702dd6ee71ac9c34cf,b226b97e0e67288aaaf85726ad855df71cb81406685c57c8e8c40cd8996aa0da,7795e513917e401340cdb217b3f5ac30011cf67e,False,"{""VRP-EVRP-Project-Hub"": {""dirty"": false, ""path"": ""/Users/guoyiyang/Documents/GitHub/FURP-2026-Yiyang-GUO-EVRP-TW/reference/VRP-EVRP-Project-Hub"", ""revision"": ""e3a890065105f978187e532642c4442522215e02""}, ""py-ga-VRPTW"": {""dirty"": false, ""path"": ""/Users/guoyiyang/Documents/GitHub/FURP-2026-Yiyang-GUO-EVRP-TW/reference/py-ga-VRPTW"", ""revision"": ""8e005caaaf6471a4505588d88c7f0f5e0d4ebffa""}}",stage03.0_measurement_attempt05,,preserve;see stage03_legacy_path_map.csv,legacy,legacy_json_or_jsonl,none,legacy,legacy_unknown,,,2716,legacy_compatible
stage03.1,screening,stage03.1_screening_attempt02,attempt02,stage03.1_screening_attempt02,stage031_cheap_screening_smoke02,smoke,rc101_21,2014,"[""c101C5"", ""r105C5"", ""rc105C5"", ""c101_21"", ""r101_21"", ""rc101_21""]","[2014, 2015, 2016]",environment,verified_legacy,results/stage03.1_screening_attempt02/rc101_21/2014/stage03.1_screening_attempt02_environment_rc101_21_2014.json,results/stage031-cheap-screening_smoke02/environments/rc101_21-alns_stage02_constraint_guided-2014.json,feasible,,not_verified,not_present,not_applicable,not_published,738249955ed527a0185cdc7f8ecb804e3165a304aad24cf8a672a2a54059199e,raw_manifest,a57023d4dbe08dbe7b10a21ce522a4a38d115b318c6b97b99c848b1f7927243d,e1840ebd3945bac63a1a1db5e13438dc2d1aad0b75fff316f3a4685d50583551,272a3e58d53d4ba9516f01506164cf8a9b98bfeeb8dbd1fd62f6557e4c98e3a1,74afe3a289307873d6e2fc1db47a170be88e4fcf1f15c1f3eeb889dbe5fd193f,b226b97e0e67288aaaf85726ad855df71cb81406685c57c8e8c40cd8996aa0da,7795e513917e401340cdb217b3f5ac30011cf67e,False,"{""VRP-EVRP-Project-Hub"": {""dirty"": false, ""path"": ""/Users/guoyiyang/Documents/GitHub/FURP-2026-Yiyang-GUO-EVRP-TW/reference/VRP-EVRP-Project-Hub"", ""revision"": ""e3a890065105f978187e532642c4442522215e02""}, ""py-ga-VRPTW"": {""dirty"": false, ""path"": ""/Users/guoyiyang/Documents/GitHub/FURP-2026-Yiyang-GUO-EVRP-TW/reference/py-ga-VRPTW"", ""revision"": ""8e005caaaf6471a4505588d88c7f0f5e0d4ebffa""}}",stage03.0_measurement_attempt05,,preserve;see stage03_legacy_path_map.csv,legacy,legacy_json_or_jsonl,none,legacy,legacy_unknown,,,2719,legacy_compatible
stage03.1,screening,stage03.1_screening_attempt02,attempt02,stage03.1_screening_attempt02,stage031_cheap_screening_smoke02,smoke,rc101_21,2015,"[""c101C5"", ""r105C5"", ""rc105C5"", ""c101_21"", ""r101_21"", ""rc101_21""]","[2014, 2015, 2016]",environment,verified_legacy,results/stage03.1_screening_attempt02/rc101_21/2015/stage03.1_screening_attempt02_environment_rc101_21_2015.json,results/stage031-cheap-screening_smoke02/environments/rc101_21-alns_stage02_constraint_guided-2015.json,feasible,,not_verified,not_present,not_applicable,not_published,3a952eb4bcf4de09f6a6242d6bfce4067ec8624f04eed8d2086ecd5fb2d9f3b4,raw_manifest,a57023d4dbe08dbe7b10a21ce522a4a38d115b318c6b97b99c848b1f7927243d,e1840ebd3945bac63a1a1db5e13438dc2d1aad0b75fff316f3a4685d50583551,272a3e58d53d4ba9516f01506164cf8a9b98bfeeb8dbd1fd62f6557e4c98e3a1,80364d4f067ab60ccd8d79342f83ff6aef072b6721e99892d29528c5059b2136,b226b97e0e67288aaaf85726ad855df71cb81406685c57c8e8c40cd8996aa0da,7795e513917e401340cdb217b3f5ac30011cf67e,False,"{""VRP-EVRP-Project-Hub"": {""dirty"": false, ""path"": ""/Users/guoyiyang/Documents/GitHub/FURP-2026-Yiyang-GUO-EVRP-TW/reference/VRP-EVRP-Project-Hub"", ""revision"": ""e3a890065105f978187e532642c4442522215e02""}, ""py-ga-VRPTW"": {""dirty"": false, ""path"": ""/Users/guoyiyang/Documents/GitHub/FURP-2026-Yiyang-GUO-EVRP-TW/reference/py-ga-VRPTW"", ""revision"": ""8e005caaaf6471a4505588d88c7f0f5e0d4ebffa""}}",stage03.0_measurement_attempt05,,preserve;see stage03_legacy_path_map.csv,legacy,legacy_json_or_jsonl,none,legacy,legacy_unknown,,,2719,legacy_compatible
stage03.1,screening,stage03.1_screening_attempt02,attempt02,stage03.1_screening_attempt02,stage031_cheap_screening_smoke02,smoke,rc101_21,2016,"[""c101C5"", ""r105C5"", ""rc105C5"", ""c101_21"", ""r101_21"", ""rc101_21""]","[2014, 2015, 2016]",environment,verified_legacy,results/stage03.1_screening_attempt02/rc101_21/2016/stage03.1_screening_attempt02_environment_rc101_21_2016.json,results/stage031-cheap-screening_smoke02/environments/rc101_21-alns_stage02_constraint_guided-2016.json,feasible,,not_verified,not_present,not_applicable,not_published,867b1c2431f132140bea432de7485ede0411fb38623830cef0181e507a5981c9,raw_manifest,a57023d4dbe08dbe7b10a21ce522a4a38d115b318c6b97b99c848b1f7927243d,e1840ebd3945bac63a1a1db5e13438dc2d1aad0b75fff316f3a4685d50583551,272a3e58d53d4ba9516f01506164cf8a9b98bfeeb8dbd1fd62f6557e4c98e3a1,7a6c4a82edc46d37930c9177b299a32d7f19190d510ca8a4eb9651dce64aa32f,b226b97e0e67288aaaf85726ad855df71cb81406685c57c8e8c40cd8996aa0da,7795e513917e401340cdb217b3f5ac30011cf67e,False,"{""VRP-EVRP-Project-Hub"": {""dirty"": false, ""path"": ""/Users/guoyiyang/Documents/GitHub/FURP-2026-Yiyang-GUO-EVRP-TW/reference/VRP-EVRP-Project-Hub"", ""revision"": ""e3a890065105f978187e532642c4442522215e02""}, ""py-ga-VRPTW"": {""dirty"": false, ""path"": ""/Users/guoyiyang/Documents/GitHub/FURP-2026-Yiyang-GUO-EVRP-TW/reference/py-ga-VRPTW"", ""revision"": ""8e005caaaf6471a4505588d88c7f0f5e0d4ebffa""}}",stage03.0_measurement_attempt05,,preserve;see stage03_legacy_path_map.csv,legacy,legacy_json_or_jsonl,none,legacy,legacy_unknown,,,2719,legacy_compatible
stage03.1,screening,stage03.1_screening_attempt02,attempt02,stage03.1_screening_attempt02,stage031_cheap_screening_smoke02,smoke,rc105C5,2014,"[""c101C5"", ""r105C5"", ""rc105C5"", ""c101_21"", ""r101_21"", ""rc101_21""]","[2014, 2015, 2016]",environment,verified_legacy,results/stage03.1_screening_attempt02/rc105C5/2014/stage03.1_screening_attempt02_environment_rc105C5_2014.json,results/stage031-cheap-screening_smoke02/environments/rc105C5-alns_stage02_constraint_guided-2014.json,feasible,,not_verified,not_present,not_applicable,not_published,97ae75df70a0734fcb6cc68119bb2354b28d7a4c7e107966d70f570f28ee1bac,raw_manifest,a57023d4dbe08dbe7b10a21ce522a4a38d115b318c6b97b99c848b1f7927243d,e1840ebd3945bac63a1a1db5e13438dc2d1aad0b75fff316f3a4685d50583551,2ccfba6c447fa43a994934690acb67c7355ca04d232394907ed6938bc362c643,4bcc8624c750e5fd061e59044ec20de6f242253d30cde2d0b28649e6be21aff5,b226b97e0e67288aaaf85726ad855df71cb81406685c57c8e8c40cd8996aa0da,7795e513917e401340cdb217b3f5ac30011cf67e,False,"{""VRP-EVRP-Project-Hub"": {""dirty"": false, ""path"": ""/Users/guoyiyang/Documents/GitHub/FURP-2026-Yiyang-GUO-EVRP-TW/reference/VRP-EVRP-Project-Hub"", ""revision"": ""e3a890065105f978187e532642c4442522215e02""}, ""py-ga-VRPTW"": {""dirty"": false, ""path"": ""/Users/guoyiyang/Documents/GitHub/FURP-2026-Yiyang-GUO-EVRP-TW/reference/py-ga-VRPTW"", ""revision"": ""8e005caaaf6471a4505588d88c7f0f5e0d4ebffa""}}",stage03.0_measurement_attempt05,,preserve;see stage03_legacy_path_map.csv,legacy,legacy_json_or_jsonl,none,legacy,legacy_unknown,,,2717,legacy_compatible
stage03.1,screening,stage03.1_screening_attempt02,attempt02,stage03.1_screening_attempt02,stage031_cheap_screening_smoke02,smoke,rc105C5,2015,"[""c101C5"", ""r105C5"", ""rc105C5"", ""c101_21"", ""r101_21"", ""rc101_21""]","[2014, 2015, 2016]",environment,verified_legacy,results/stage03.1_screening_attempt02/rc105C5/2015/stage03.1_screening_attempt02_environment_rc105C5_2015.json,results/stage031-cheap-screening_smoke02/environments/rc105C5-alns_stage02_constraint_guided-2015.json,feasible,,not_verified,not_present,not_applicable,not_published,a4d52c22fe346765d168700c24fe2fee37bbdf5b99f7c3d059e66bd574059211,raw_manifest,a57023d4dbe08dbe7b10a21ce522a4a38d115b318c6b97b99c848b1f7927243d,e1840ebd3945bac63a1a1db5e13438dc2d1aad0b75fff316f3a4685d50583551,2ccfba6c447fa43a994934690acb67c7355ca04d232394907ed6938bc362c643,164bf8401ecaf8f0304b5fd83a0687d25e59bde25fcecc162984a43a1a0d62cb,b226b97e0e67288aaaf85726ad855df71cb81406685c57c8e8c40cd8996aa0da,7795e513917e401340cdb217b3f5ac30011cf67e,False,"{""VRP-EVRP-Project-Hub"": {""dirty"": false, ""path"": ""/Users/guoyiyang/Documents/GitHub/FURP-2026-Yiyang-GUO-EVRP-TW/reference/VRP-EVRP-Project-Hub"", ""revision"": ""e3a890065105f978187e532642c4442522215e02""}, ""py-ga-VRPTW"": {""dirty"": false, ""path"": ""/Users/guoyiyang/Documents/GitHub/FURP-2026-Yiyang-GUO-EVRP-TW/reference/py-ga-VRPTW"", ""revision"": ""8e005caaaf6471a4505588d88c7f0f5e0d4ebffa""}}",stage03.0_measurement_attempt05,,preserve;see stage03_legacy_path_map.csv,legacy,legacy_json_or_jsonl,none,legacy,legacy_unknown,,,2717,legacy_compatible
stage03.1,screening,stage03.1_screening_attempt02,attempt02,stage03.1_screening_attempt02,stage031_cheap_screening_smoke02,smoke,rc105C5,2016,"[""c101C5"", ""r105C5"", ""rc105C5"", ""c101_21"", ""r101_21"", ""rc101_21""]","[2014, 2015, 2016]",environment,verified_legacy,results/stage03.1_screening_attempt02/rc105C5/2016/stage03.1_screening_attempt02_environment_rc105C5_2016.json,results/stage031-cheap-screening_smoke02/environments/rc105C5-alns_stage02_constraint_guided-2016.json,feasible,,not_verified,not_present,not_applicable,not_published,76bc4b31d54db62d992fb92ed2a3750fe528a7dc55739f3f10a79b4877e71324,raw_manifest,a57023d4dbe08dbe7b10a21ce522a4a38d115b318c6b97b99c848b1f7927243d,e1840ebd3945bac63a1a1db5e13438dc2d1aad0b75fff316f3a4685d50583551,2ccfba6c447fa43a994934690acb67c7355ca04d232394907ed6938bc362c643,388624e1ecb55c45efd6435bd47b6a2e747106615779c608b36c4679f6cb0a73,b226b97e0e67288aaaf85726ad855df71cb81406685c57c8e8c40cd8996aa0da,7795e513917e401340cdb217b3f5ac30011cf67e,False,"{""VRP-EVRP-Project-Hub"": {""dirty"": false, ""path"": ""/Users/guoyiyang/Documents/GitHub/FURP-2026-Yiyang-GUO-EVRP-TW/reference/VRP-EVRP-Project-Hub"", ""revision"": ""e3a890065105f978187e532642c4442522215e02""}, ""py-ga-VRPTW"": {""dirty"": false, ""path"": ""/Users/guoyiyang/Documents/GitHub/FURP-2026-Yiyang-GUO-EVRP-TW/reference/py-ga-VRPTW"", ""revision"": ""8e005caaaf6471a4505588d88c7f0f5e0d4ebffa""}}",stage03.0_measurement_attempt05,,preserve;see stage03_legacy_path_map.csv,legacy,legacy_json_or_jsonl,none,legacy,legacy_unknown,,,2717,legacy_compatible
stage03.1,screening,stage03.1_screening_attempt02,attempt02,stage03.1_screening_attempt02,stage031_cheap_screening_smoke02,smoke,c101C5,2014,"[""c101C5"", ""r105C5"", ""rc105C5"", ""c101_21"", ""r101_21"", ""rc101_21""]","[2014, 2015, 2016]",events,verified_legacy,results/stage03.1_screening_attempt02/c101C5/2014/stage03.1_screening_attempt02_events_c101C5_2014.jsonl,results/stage031-cheap-screening_smoke02/events/c101C5-alns_stage02_constraint_guided-2014.jsonl,feasible,,not_verified,not_present,not_applicable,not_published,c375c936d2b0e878781c94370f23f506c026196df951e893679f68980291e722,raw_manifest,a57023d4dbe08dbe7b10a21ce522a4a38d115b318c6b97b99c848b1f7927243d,e1840ebd3945bac63a1a1db5e13438dc2d1aad0b75fff316f3a4685d50583551,8612d6d9aad051776097a5e50c7408f39352b8107b0639d58e5eda713f9ff876,99ab571bb93d20f61f4a07fe68108f7a37d8a871d723c80d71ac575b8073cd2b,b226b97e0e67288aaaf85726ad855df71cb81406685c57c8e8c40cd8996aa0da,7795e513917e401340cdb217b3f5ac30011cf67e,False,"{""VRP-EVRP-Project-Hub"": {""dirty"": false, ""path"": ""/Users/guoyiyang/Documents/GitHub/FURP-2026-Yiyang-GUO-EVRP-TW/reference/VRP-EVRP-Project-Hub"", ""revision"": ""e3a890065105f978187e532642c4442522215e02""}, ""py-ga-VRPTW"": {""dirty"": false, ""path"": ""/Users/guoyiyang/Documents/GitHub/FURP-2026-Yiyang-GUO-EVRP-TW/reference/py-ga-VRPTW"", ""revision"": ""8e005caaaf6471a4505588d88c7f0f5e0d4ebffa""}}",stage03.0_measurement_attempt05,,preserve;see stage03_legacy_path_map.csv,legacy,legacy_json_or_jsonl,none,legacy,legacy_unknown,,,3521030,legacy_compatible
stage03.1,screening,stage03.1_screening_attempt02,attempt02,stage03.1_screening_attempt02,stage031_cheap_screening_smoke02,smoke,c101C5,2015,"[""c101C5"", ""r105C5"", ""rc105C5"", ""c101_21"", ""r101_21"", ""rc101_21""]","[2014, 2015, 2016]",events,verified_legacy,results/stage03.1_screening_attempt02/c101C5/2015/stage03.1_screening_attempt02_events_c101C5_2015.jsonl,results/stage031-cheap-screening_smoke02/events/c101C5-alns_stage02_constraint_guided-2015.jsonl,feasible,,not_verified,not_present,not_applicable,not_published,51cb090fc96893ee4808f73609dff40dcaf02efe1095207513a8026844faa988,raw_manifest,a57023d4dbe08dbe7b10a21ce522a4a38d115b318c6b97b99c848b1f7927243d,e1840ebd3945bac63a1a1db5e13438dc2d1aad0b75fff316f3a4685d50583551,8612d6d9aad051776097a5e50c7408f39352b8107b0639d58e5eda713f9ff876,b0fe902c2afab0b0a7c94c4b0e393da1d4d94990d99387d24e821920e6454816,b226b97e0e67288aaaf85726ad855df71cb81406685c57c8e8c40cd8996aa0da,7795e513917e401340cdb217b3f5ac30011cf67e,False,"{""VRP-EVRP-Project-Hub"": {""dirty"": false, ""path"": ""/Users/guoyiyang/Documents/GitHub/FURP-2026-Yiyang-GUO-EVRP-TW/reference/VRP-EVRP-Project-Hub"", ""revision"": ""e3a890065105f978187e532642c4442522215e02""}, ""py-ga-VRPTW"": {""dirty"": false, ""path"": ""/Users/guoyiyang/Documents/GitHub/FURP-2026-Yiyang-GUO-EVRP-TW/reference/py-ga-VRPTW"", ""revision"": ""8e005caaaf6471a4505588d88c7f0f5e0d4ebffa""}}",stage03.0_measurement_attempt05,,preserve;see stage03_legacy_path_map.csv,legacy,legacy_json_or_jsonl,none,legacy,legacy_unknown,,,3511746,legacy_compatible
stage03.1,screening,stage03.1_screening_attempt02,attempt02,stage03.1_screening_attempt02,stage031_cheap_screening_smoke02,smoke,c101C5,2016,"[""c101C5"", ""r105C5"", ""rc105C5"", ""c101_21"", ""r101_21"", ""rc101_21""]","[2014, 2015, 2016]",events,verified_legacy,results/stage03.1_screening_attempt02/c101C5/2016/stage03.1_screening_attempt02_events_c101C5_2016.jsonl,results/stage031-cheap-screening_smoke02/events/c101C5-alns_stage02_constraint_guided-2016.jsonl,feasible,,not_verified,not_present,not_applicable,not_published,658696afd4c885694f238d9d169feb1aa274ae194413e66903e4418d13f94fb1,raw_manifest,a57023d4dbe08dbe7b10a21ce522a4a38d115b318c6b97b99c848b1f7927243d,e1840ebd3945bac63a1a1db5e13438dc2d1aad0b75fff316f3a4685d50583551,8612d6d9aad051776097a5e50c7408f39352b8107b0639d58e5eda713f9ff876,a18a5a418661b6f53097653ebf3d03cce8232e304de569cf03c7aef4c954a33d,b226b97e0e67288aaaf85726ad855df71cb81406685c57c8e8c40cd8996aa0da,7795e513917e401340cdb217b3f5ac30011cf67e,False,"{""VRP-EVRP-Project-Hub"": {""dirty"": false, ""path"": ""/Users/guoyiyang/Documents/GitHub/FURP-2026-Yiyang-GUO-EVRP-TW/reference/VRP-EVRP-Project-Hub"", ""revision"": ""e3a890065105f978187e532642c4442522215e02""}, ""py-ga-VRPTW"": {""dirty"": false, ""path"": ""/Users/guoyiyang/Documents/GitHub/FURP-2026-Yiyang-GUO-EVRP-TW/reference/py-ga-VRPTW"", ""revision"": ""8e005caaaf6471a4505588d88c7f0f5e0d4ebffa""}}",stage03.0_measurement_attempt05,,preserve;see stage03_legacy_path_map.csv,legacy,legacy_json_or_jsonl,none,legacy,legacy_unknown,,,3497807,legacy_compatible
stage03.1,screening,stage03.1_screening_attempt02,attempt02,stage03.1_screening_attempt02,stage031_cheap_screening_smoke02,smoke,c101_21,2014,"[""c101C5"", ""r105C5"", ""rc105C5"", ""c101_21"", ""r101_21"", ""rc101_21""]","[2014, 2015, 2016]",events,verified_legacy,results/stage03.1_screening_attempt02/c101_21/2014/stage03.1_screening_attempt02_events_c101_21_2014.jsonl,results/stage031-cheap-screening_smoke02/events/c101_21-alns_stage02_constraint_guided-2014.jsonl,feasible,,not_verified,not_present,not_applicable,not_published,241b8f0dcae564c24335f8dbc30fc5101419539ae28f8a9e6bb1430d486769c4,raw_manifest,a57023d4dbe08dbe7b10a21ce522a4a38d115b318c6b97b99c848b1f7927243d,e1840ebd3945bac63a1a1db5e13438dc2d1aad0b75fff316f3a4685d50583551,c5cda6ca63a7d518902cf4b02d98b4aa0f373aaa0658d5c666d1c46d38871cb9,2112f160e5be332b6dae801d359768ec535f08cbae31a1b0cefd069fc170c844,b226b97e0e67288aaaf85726ad855df71cb81406685c57c8e8c40cd8996aa0da,7795e513917e401340cdb217b3f5ac30011cf67e,False,"{""VRP-EVRP-Project-Hub"": {""dirty"": false, ""path"": ""/Users/guoyiyang/Documents/GitHub/FURP-2026-Yiyang-GUO-EVRP-TW/reference/VRP-EVRP-Project-Hub"", ""revision"": ""e3a890065105f978187e532642c4442522215e02""}, ""py-ga-VRPTW"": {""dirty"": false, ""path"": ""/Users/guoyiyang/Documents/GitHub/FURP-2026-Yiyang-GUO-EVRP-TW/reference/py-ga-VRPTW"", ""revision"": ""8e005caaaf6471a4505588d88c7f0f5e0d4ebffa""}}",stage03.0_measurement_attempt05,,preserve;see stage03_legacy_path_map.csv,legacy,legacy_json_or_jsonl,none,legacy,legacy_unknown,,,20724636,legacy_compatible
stage03.1,screening,stage03.1_screening_attempt02,attempt02,stage03.1_screening_attempt02,stage031_cheap_screening_smoke02,smoke,c101_21,2015,"[""c101C5"", ""r105C5"", ""rc105C5"", ""c101_21"", ""r101_21"", ""rc101_21""]","[2014, 2015, 2016]",events,verified_legacy,results/stage03.1_screening_attempt02/c101_21/2015/stage03.1_screening_attempt02_events_c101_21_2015.jsonl,results/stage031-cheap-screening_smoke02/events/c101_21-alns_stage02_constraint_guided-2015.jsonl,feasible,,not_verified,not_present,not_applicable,not_published,d18598fcc49ade9582c16a7a22a208a8c798b5c4a88666a5a23a481e14f505bd,raw_manifest,a57023d4dbe08dbe7b10a21ce522a4a38d115b318c6b97b99c848b1f7927243d,e1840ebd3945bac63a1a1db5e13438dc2d1aad0b75fff316f3a4685d50583551,c5cda6ca63a7d518902cf4b02d98b4aa0f373aaa0658d5c666d1c46d38871cb9,191e236d0deae5c5f0f50bf28607d9e5edcb912fc7ad419a11774b21d065fc12,b226b97e0e67288aaaf85726ad855df71cb81406685c57c8e8c40cd8996aa0da,7795e513917e401340cdb217b3f5ac30011cf67e,False,"{""VRP-EVRP-Project-Hub"": {""dirty"": false, ""path"": ""/Users/guoyiyang/Documents/GitHub/FURP-2026-Yiyang-GUO-EVRP-TW/reference/VRP-EVRP-Project-Hub"", ""revision"": ""e3a890065105f978187e532642c4442522215e02""}, ""py-ga-VRPTW"": {""dirty"": false, ""path"": ""/Users/guoyiyang/Documents/GitHub/FURP-2026-Yiyang-GUO-EVRP-TW/reference/py-ga-VRPTW"", ""revision"": ""8e005caaaf6471a4505588d88c7f0f5e0d4ebffa""}}",stage03.0_measurement_attempt05,,preserve;see stage03_legacy_path_map.csv,legacy,legacy_json_or_jsonl,none,legacy,legacy_unknown,,,18155693,legacy_compatible
stage03.1,screening,stage03.1_screening_attempt02,attempt02,stage03.1_screening_attempt02,stage031_cheap_screening_smoke02,smoke,c101_21,2016,"[""c101C5"", ""r105C5"", ""rc105C5"", ""c101_21"", ""r101_21"", ""rc101_21""]","[2014, 2015, 2016]",events,verified_legacy,results/stage03.1_screening_attempt02/c101_21/2016/stage03.1_screening_attempt02_events_c101_21_2016.jsonl,results/stage031-cheap-screening_smoke02/events/c101_21-alns_stage02_constraint_guided-2016.jsonl,feasible,,not_verified,not_present,not_applicable,not_published,fba6040c7e63c8a6392c2f02ab207252d54144f09413f1ca1eb648a0e5971e42,raw_manifest,a57023d4dbe08dbe7b10a21ce522a4a38d115b318c6b97b99c848b1f7927243d,e1840ebd3945bac63a1a1db5e13438dc2d1aad0b75fff316f3a4685d50583551,c5cda6ca63a7d518902cf4b02d98b4aa0f373aaa0658d5c666d1c46d38871cb9,a2d3a4f69b160f6944a27851fa99ff1ec18c966b28a263751294e14c2abbbcb7,b226b97e0e67288aaaf85726ad855df71cb81406685c57c8e8c40cd8996aa0da,7795e513917e401340cdb217b3f5ac30011cf67e,False,"{""VRP-EVRP-Project-Hub"": {""dirty"": false, ""path"": ""/Users/guoyiyang/Documents/GitHub/FURP-2026-Yiyang-GUO-EVRP-TW/reference/VRP-EVRP-Project-Hub"", ""revision"": ""e3a890065105f978187e532642c4442522215e02""}, ""py-ga-VRPTW"": {""dirty"": false, ""path"": ""/Users/guoyiyang/Documents/GitHub/FURP-2026-Yiyang-GUO-EVRP-TW/reference/py-ga-VRPTW"", ""revision"": ""8e005caaaf6471a4505588d88c7f0f5e0d4ebffa""}}",stage03.0_measurement_attempt05,,preserve;see stage03_legacy_path_map.csv,legacy,legacy_json_or_jsonl,none,legacy,legacy_unknown,,,18092223,legacy_compatible
stage03.1,screening,stage03.1_screening_attempt02,attempt02,stage03.1_screening_attempt02,stage031_cheap_screening_smoke02,smoke,r101_21,2014,"[""c101C5"", ""r105C5"", ""rc105C5"", ""c101_21"", ""r101_21"", ""rc101_21""]","[2014, 2015, 2016]",events,verified_legacy,results/stage03.1_screening_attempt02/r101_21/2014/stage03.1_screening_attempt02_events_r101_21_2014.jsonl,results/stage031-cheap-screening_smoke02/events/r101_21-alns_stage02_constraint_guided-2014.jsonl,feasible,,not_verified,not_present,not_applicable,not_published,4c3e82dddcabf9fecc2161178113eb3a172c21c93831230ada1583067e3d7161,raw_manifest,a57023d4dbe08dbe7b10a21ce522a4a38d115b318c6b97b99c848b1f7927243d,e1840ebd3945bac63a1a1db5e13438dc2d1aad0b75fff316f3a4685d50583551,0e5a3dffffbd3c516b528ef32ba1a488b817d2f151fc3e8c81023814de1c103a,6741f48868dd3a5a782cee5083874cd5a2366f1b9e93fb626f4128090fe4ca07,b226b97e0e67288aaaf85726ad855df71cb81406685c57c8e8c40cd8996aa0da,7795e513917e401340cdb217b3f5ac30011cf67e,False,"{""VRP-EVRP-Project-Hub"": {""dirty"": false, ""path"": ""/Users/guoyiyang/Documents/GitHub/FURP-2026-Yiyang-GUO-EVRP-TW/reference/VRP-EVRP-Project-Hub"", ""revision"": ""e3a890065105f978187e532642c4442522215e02""}, ""py-ga-VRPTW"": {""dirty"": false, ""path"": ""/Users/guoyiyang/Documents/GitHub/FURP-2026-Yiyang-GUO-EVRP-TW/reference/py-ga-VRPTW"", ""revision"": ""8e005caaaf6471a4505588d88c7f0f5e0d4ebffa""}}",stage03.0_measurement_attempt05,,preserve;see stage03_legacy_path_map.csv,legacy,legacy_json_or_jsonl,none,legacy,legacy_unknown,,,66394211,legacy_compatible
stage03.1,screening,stage03.1_screening_attempt02,attempt02,stage03.1_screening_attempt02,stage031_cheap_screening_smoke02,smoke,r101_21,2015,"[""c101C5"", ""r105C5"", ""rc105C5"", ""c101_21"", ""r101_21"", ""rc101_21""]","[2014, 2015, 2016]",events,verified_legacy,results/stage03.1_screening_attempt02/r101_21/2015/stage03.1_screening_attempt02_events_r101_21_2015.jsonl,results/stage031-cheap-screening_smoke02/events/r101_21-alns_stage02_constraint_guided-2015.jsonl,feasible,,not_verified,not_present,not_applicable,not_published,3b2e0ea406306373a89ceca8871f8660ab6cc3b09539fabc6ab9e224ef73806a,raw_manifest,a57023d4dbe08dbe7b10a21ce522a4a38d115b318c6b97b99c848b1f7927243d,e1840ebd3945bac63a1a1db5e13438dc2d1aad0b75fff316f3a4685d50583551,0e5a3dffffbd3c516b528ef32ba1a488b817d2f151fc3e8c81023814de1c103a,1aa9cf66c5980a6d8b21e348957bdb10b3f5b9672e5afb4bc949f7ebbe055fd9,b226b97e0e67288aaaf85726ad855df71cb81406685c57c8e8c40cd8996aa0da,7795e513917e401340cdb217b3f5ac30011cf67e,False,"{""VRP-EVRP-Project-Hub"": {""dirty"": false, ""path"": ""/Users/guoyiyang/Documents/GitHub/FURP-2026-Yiyang-GUO-EVRP-TW/reference/VRP-EVRP-Project-Hub"", ""revision"": ""e3a890065105f978187e532642c4442522215e02""}, ""py-ga-VRPTW"": {""dirty"": false, ""path"": ""/Users/guoyiyang/Documents/GitHub/FURP-2026-Yiyang-GUO-EVRP-TW/reference/py-ga-VRPTW"", ""revision"": ""8e005caaaf6471a4505588d88c7f0f5e0d4ebffa""}}",stage03.0_measurement_attempt05,,preserve;see stage03_legacy_path_map.csv,legacy,legacy_json_or_jsonl,none,legacy,legacy_unknown,,,49354505,legacy_compatible
stage03.1,screening,stage03.1_screening_attempt02,attempt02,stage03.1_screening_attempt02,stage031_cheap_screening_smoke02,smoke,r101_21,2016,"[""c101C5"", ""r105C5"", ""rc105C5"", ""c101_21"", ""r101_21"", ""rc101_21""]","[2014, 2015, 2016]",events,verified_legacy,results/stage03.1_screening_attempt02/r101_21/2016/stage03.1_screening_attempt02_events_r101_21_2016.jsonl,results/stage031-cheap-screening_smoke02/events/r101_21-alns_stage02_constraint_guided-2016.jsonl,feasible,,not_verified,not_present,not_applicable,not_published,af85e23cdf01249fdbe53507fbde9c2bbd18f119ed8a1ae0c714a17e2c6143d5,raw_manifest,a57023d4dbe08dbe7b10a21ce522a4a38d115b318c6b97b99c848b1f7927243d,e1840ebd3945bac63a1a1db5e13438dc2d1aad0b75fff316f3a4685d50583551,0e5a3dffffbd3c516b528ef32ba1a488b817d2f151fc3e8c81023814de1c103a,f550201bdd671f54a839300061d30a4d0885c467be5bfcc2447c27c10baf525d,b226b97e0e67288aaaf85726ad855df71cb81406685c57c8e8c40cd8996aa0da,7795e513917e401340cdb217b3f5ac30011cf67e,False,"{""VRP-EVRP-Project-Hub"": {""dirty"": false, ""path"": ""/Users/guoyiyang/Documents/GitHub/FURP-2026-Yiyang-GUO-EVRP-TW/reference/VRP-EVRP-Project-Hub"", ""revision"": ""e3a890065105f978187e532642c4442522215e02""}, ""py-ga-VRPTW"": {""dirty"": false, ""path"": ""/Users/guoyiyang/Documents/GitHub/FURP-2026-Yiyang-GUO-EVRP-TW/reference/py-ga-VRPTW"", ""revision"": ""8e005caaaf6471a4505588d88c7f0f5e0d4ebffa""}}",stage03.0_measurement_attempt05,,preserve;see stage03_legacy_path_map.csv,legacy,legacy_json_or_jsonl,none,legacy,legacy_unknown,,,45962291,legacy_compatible
stage03.1,screening,stage03.1_screening_attempt02,attempt02,stage03.1_screening_attempt02,stage031_cheap_screening_smoke02,smoke,r105C5,2014,"[""c101C5"", ""r105C5"", ""rc105C5"", ""c101_21"", ""r101_21"", ""rc101_21""]","[2014, 2015, 2016]",events,verified_legacy,results/stage03.1_screening_attempt02/r105C5/2014/stage03.1_screening_attempt02_events_r105C5_2014.jsonl,results/stage031-cheap-screening_smoke02/events/r105C5-alns_stage02_constraint_guided-2014.jsonl,feasible,,not_verified,not_present,not_applicable,not_published,81c485e6be8428700fe7924edaac84d4a2e737c437c9e7482404b83a1bfbaf5c,raw_manifest,a57023d4dbe08dbe7b10a21ce522a4a38d115b318c6b97b99c848b1f7927243d,e1840ebd3945bac63a1a1db5e13438dc2d1aad0b75fff316f3a4685d50583551,eb27ec04e799ee6d39dee3d66f15128e197811afa8c664295acbdf6444176434,66f513b9b825a33d8815be7cd4bd762fd3ca985317a37c9446f45014c6e0b333,b226b97e0e67288aaaf85726ad855df71cb81406685c57c8e8c40cd8996aa0da,7795e513917e401340cdb217b3f5ac30011cf67e,False,"{""VRP-EVRP-Project-Hub"": {""dirty"": false, ""path"": ""/Users/guoyiyang/Documents/GitHub/FURP-2026-Yiyang-GUO-EVRP-TW/reference/VRP-EVRP-Project-Hub"", ""revision"": ""e3a890065105f978187e532642c4442522215e02""}, ""py-ga-VRPTW"": {""dirty"": false, ""path"": ""/Users/guoyiyang/Documents/GitHub/FURP-2026-Yiyang-GUO-EVRP-TW/reference/py-ga-VRPTW"", ""revision"": ""8e005caaaf6471a4505588d88c7f0f5e0d4ebffa""}}",stage03.0_measurement_attempt05,,preserve;see stage03_legacy_path_map.csv,legacy,legacy_json_or_jsonl,none,legacy,legacy_unknown,,,3472309,legacy_compatible
stage03.1,screening,stage03.1_screening_attempt02,attempt02,stage03.1_screening_attempt02,stage031_cheap_screening_smoke02,smoke,r105C5,2015,"[""c101C5"", ""r105C5"", ""rc105C5"", ""c101_21"", ""r101_21"", ""rc101_21""]","[2014, 2015, 2016]",events,verified_legacy,results/stage03.1_screening_attempt02/r105C5/2015/stage03.1_screening_attempt02_events_r105C5_2015.jsonl,results/stage031-cheap-screening_smoke02/events/r105C5-alns_stage02_constraint_guided-2015.jsonl,feasible,,not_verified,not_present,not_applicable,not_published,c942cb5b1a73846ce5436d129e90e7eb5db72f1c5476edc30f93033a29a63278,raw_manifest,a57023d4dbe08dbe7b10a21ce522a4a38d115b318c6b97b99c848b1f7927243d,e1840ebd3945bac63a1a1db5e13438dc2d1aad0b75fff316f3a4685d50583551,eb27ec04e799ee6d39dee3d66f15128e197811afa8c664295acbdf6444176434,b8fdd626c80cea2fb85a55cb1a593880423983868eb002cc2ce2ea0ff4c02366,b226b97e0e67288aaaf85726ad855df71cb81406685c57c8e8c40cd8996aa0da,7795e513917e401340cdb217b3f5ac30011cf67e,False,"{""VRP-EVRP-Project-Hub"": {""dirty"": false, ""path"": ""/Users/guoyiyang/Documents/GitHub/FURP-2026-Yiyang-GUO-EVRP-TW/reference/VRP-EVRP-Project-Hub"", ""revision"": ""e3a890065105f978187e532642c4442522215e02""}, ""py-ga-VRPTW"": {""dirty"": false, ""path"": ""/Users/guoyiyang/Documents/GitHub/FURP-2026-Yiyang-GUO-EVRP-TW/reference/py-ga-VRPTW"", ""revision"": ""8e005caaaf6471a4505588d88c7f0f5e0d4ebffa""}}",stage03.0_measurement_attempt05,,preserve;see stage03_legacy_path_map.csv,legacy,legacy_json_or_jsonl,none,legacy,legacy_unknown,,,3431110,legacy_compatible
stage03.1,screening,stage03.1_screening_attempt02,attempt02,stage03.1_screening_attempt02,stage031_cheap_screening_smoke02,smoke,r105C5,2016,"[""c101C5"", ""r105C5"", ""rc105C5"", ""c101_21"", ""r101_21"", ""rc101_21""]","[2014, 2015, 2016]",events,verified_legacy,results/stage03.1_screening_attempt02/r105C5/2016/stage03.1_screening_attempt02_events_r105C5_2016.jsonl,results/stage031-cheap-screening_smoke02/events/r105C5-alns_stage02_constraint_guided-2016.jsonl,feasible,,not_verified,not_present,not_applicable,not_published,e5e662de2bbe76c04aa3c09104cac1d6ccbc94262298baf08cb398aa0674a18a,raw_manifest,a57023d4dbe08dbe7b10a21ce522a4a38d115b318c6b97b99c848b1f7927243d,e1840ebd3945bac63a1a1db5e13438dc2d1aad0b75fff316f3a4685d50583551,eb27ec04e799ee6d39dee3d66f15128e197811afa8c664295acbdf6444176434,102c31340a1b5c0d72606cdd4fed856fa1749896d01f73702dd6ee71ac9c34cf,b226b97e0e67288aaaf85726ad855df71cb81406685c57c8e8c40cd8996aa0da,7795e513917e401340cdb217b3f5ac30011cf67e,False,"{""VRP-EVRP-Project-Hub"": {""dirty"": false, ""path"": ""/Users/guoyiyang/Documents/GitHub/FURP-2026-Yiyang-GUO-EVRP-TW/reference/VRP-EVRP-Project-Hub"", ""revision"": ""e3a890065105f978187e532642c4442522215e02""}, ""py-ga-VRPTW"": {""dirty"": false, ""path"": ""/Users/guoyiyang/Documents/GitHub/FURP-2026-Yiyang-GUO-EVRP-TW/reference/py-ga-VRPTW"", ""revision"": ""8e005caaaf6471a4505588d88c7f0f5e0d4ebffa""}}",stage03.0_measurement_attempt05,,preserve;see stage03_legacy_path_map.csv,legacy,legacy_json_or_jsonl,none,legacy,legacy_unknown,,,3411047,legacy_compatible
stage03.1,screening,stage03.1_screening_attempt02,attempt02,stage03.1_screening_attempt02,stage031_cheap_screening_smoke02,smoke,rc101_21,2014,"[""c101C5"", ""r105C5"", ""rc105C5"", ""c101_21"", ""r101_21"", ""rc101_21""]","[2014, 2015, 2016]",events,verified_legacy,results/stage03.1_screening_attempt02/rc101_21/2014/stage03.1_screening_attempt02_events_rc101_21_2014.jsonl,results/stage031-cheap-screening_smoke02/events/rc101_21-alns_stage02_constraint_guided-2014.jsonl,feasible,,not_verified,not_present,not_applicable,not_published,2130fb069ae3837c9c445290ecc38d8a4a8b1dcb9f7b6ca7e6109a0804d062c8,raw_manifest,a57023d4dbe08dbe7b10a21ce522a4a38d115b318c6b97b99c848b1f7927243d,e1840ebd3945bac63a1a1db5e13438dc2d1aad0b75fff316f3a4685d50583551,272a3e58d53d4ba9516f01506164cf8a9b98bfeeb8dbd1fd62f6557e4c98e3a1,74afe3a289307873d6e2fc1db47a170be88e4fcf1f15c1f3eeb889dbe5fd193f,b226b97e0e67288aaaf85726ad855df71cb81406685c57c8e8c40cd8996aa0da,7795e513917e401340cdb217b3f5ac30011cf67e,False,"{""VRP-EVRP-Project-Hub"": {""dirty"": false, ""path"": ""/Users/guoyiyang/Documents/GitHub/FURP-2026-Yiyang-GUO-EVRP-TW/reference/VRP-EVRP-Project-Hub"", ""revision"": ""e3a890065105f978187e532642c4442522215e02""}, ""py-ga-VRPTW"": {""dirty"": false, ""path"": ""/Users/guoyiyang/Documents/GitHub/FURP-2026-Yiyang-GUO-EVRP-TW/reference/py-ga-VRPTW"", ""revision"": ""8e005caaaf6471a4505588d88c7f0f5e0d4ebffa""}}",stage03.0_measurement_attempt05,,preserve;see stage03_legacy_path_map.csv,legacy,legacy_json_or_jsonl,none,legacy,legacy_unknown,,,35358428,legacy_compatible
stage03.1,screening,stage03.1_screening_attempt02,attempt02,stage03.1_screening_attempt02,stage031_cheap_screening_smoke02,smoke,rc101_21,2015,"[""c101C5"", ""r105C5"", ""rc105C5"", ""c101_21"", ""r101_21"", ""rc101_21""]","[2014, 2015, 2016]",events,verified_legacy,results/stage03.1_screening_attempt02/rc101_21/2015/stage03.1_screening_attempt02_events_rc101_21_2015.jsonl,results/stage031-cheap-screening_smoke02/events/rc101_21-alns_stage02_constraint_guided-2015.jsonl,feasible,,not_verified,not_present,not_applicable,not_published,396edd5e9a8ced992e8854d30becac16c4dc18d72e8d971ea7abacf7c274785b,raw_manifest,a57023d4dbe08dbe7b10a21ce522a4a38d115b318c6b97b99c848b1f7927243d,e1840ebd3945bac63a1a1db5e13438dc2d1aad0b75fff316f3a4685d50583551,272a3e58d53d4ba9516f01506164cf8a9b98bfeeb8dbd1fd62f6557e4c98e3a1,80364d4f067ab60ccd8d79342f83ff6aef072b6721e99892d29528c5059b2136,b226b97e0e67288aaaf85726ad855df71cb81406685c57c8e8c40cd8996aa0da,7795e513917e401340cdb217b3f5ac30011cf67e,False,"{""VRP-EVRP-Project-Hub"": {""dirty"": false, ""path"": ""/Users/guoyiyang/Documents/GitHub/FURP-2026-Yiyang-GUO-EVRP-TW/reference/VRP-EVRP-Project-Hub"", ""revision"": ""e3a890065105f978187e532642c4442522215e02""}, ""py-ga-VRPTW"": {""dirty"": false, ""path"": ""/Users/guoyiyang/Documents/GitHub/FURP-2026-Yiyang-GUO-EVRP-TW/reference/py-ga-VRPTW"", ""revision"": ""8e005caaaf6471a4505588d88c7f0f5e0d4ebffa""}}",stage03.0_measurement_attempt05,,preserve;see stage03_legacy_path_map.csv,legacy,legacy_json_or_jsonl,none,legacy,legacy_unknown,,,48145163,legacy_compatible
stage03.1,screening,stage03.1_screening_attempt02,attempt02,stage03.1_screening_attempt02,stage031_cheap_screening_smoke02,smoke,rc101_21,2016,"[""c101C5"", ""r105C5"", ""rc105C5"", ""c101_21"", ""r101_21"", ""rc101_21""]","[2014, 2015, 2016]",events,verified_legacy,results/stage03.1_screening_attempt02/rc101_21/2016/stage03.1_screening_attempt02_events_rc101_21_2016.jsonl,results/stage031-cheap-screening_smoke02/events/rc101_21-alns_stage02_constraint_guided-2016.jsonl,feasible,,not_verified,not_present,not_applicable,not_published,f1c372cdcebffc902339ccb09ab2e19670cb5d52b5b10c18a6c19bdfe8eda264,raw_manifest,a57023d4dbe08dbe7b10a21ce522a4a38d115b318c6b97b99c848b1f7927243d,e1840ebd3945bac63a1a1db5e13438dc2d1aad0b75fff316f3a4685d50583551,272a3e58d53d4ba9516f01506164cf8a9b98bfeeb8dbd1fd62f6557e4c98e3a1,7a6c4a82edc46d37930c9177b299a32d7f19190d510ca8a4eb9651dce64aa32f,b226b97e0e67288aaaf85726ad855df71cb81406685c57c8e8c40cd8996aa0da,7795e513917e401340cdb217b3f5ac30011cf67e,False,"{""VRP-EVRP-Project-Hub"": {""dirty"": false, ""path"": ""/Users/guoyiyang/Documents/GitHub/FURP-2026-Yiyang-GUO-EVRP-TW/reference/VRP-EVRP-Project-Hub"", ""revision"": ""e3a890065105f978187e532642c4442522215e02""}, ""py-ga-VRPTW"": {""dirty"": false, ""path"": ""/Users/guoyiyang/Documents/GitHub/FURP-2026-Yiyang-GUO-EVRP-TW/reference/py-ga-VRPTW"", ""revision"": ""8e005caaaf6471a4505588d88c7f0f5e0d4ebffa""}}",stage03.0_measurement_attempt05,,preserve;see stage03_legacy_path_map.csv,legacy,legacy_json_or_jsonl,none,legacy,legacy_unknown,,,35446278,legacy_compatible
stage03.1,screening,stage03.1_screening_attempt02,attempt02,stage03.1_screening_attempt02,stage031_cheap_screening_smoke02,smoke,rc105C5,2014,"[""c101C5"", ""r105C5"", ""rc105C5"", ""c101_21"", ""r101_21"", ""rc101_21""]","[2014, 2015, 2016]",events,verified_legacy,results/stage03.1_screening_attempt02/rc105C5/2014/stage03.1_screening_attempt02_events_rc105C5_2014.jsonl,results/stage031-cheap-screening_smoke02/events/rc105C5-alns_stage02_constraint_guided-2014.jsonl,feasible,,not_verified,not_present,not_applicable,not_published,e1084c85686cc8b23398b0d3994644cc30a2e75c05789de3e5c0c604cce6d81e,raw_manifest,a57023d4dbe08dbe7b10a21ce522a4a38d115b318c6b97b99c848b1f7927243d,e1840ebd3945bac63a1a1db5e13438dc2d1aad0b75fff316f3a4685d50583551,2ccfba6c447fa43a994934690acb67c7355ca04d232394907ed6938bc362c643,4bcc8624c750e5fd061e59044ec20de6f242253d30cde2d0b28649e6be21aff5,b226b97e0e67288aaaf85726ad855df71cb81406685c57c8e8c40cd8996aa0da,7795e513917e401340cdb217b3f5ac30011cf67e,False,"{""VRP-EVRP-Project-Hub"": {""dirty"": false, ""path"": ""/Users/guoyiyang/Documents/GitHub/FURP-2026-Yiyang-GUO-EVRP-TW/reference/VRP-EVRP-Project-Hub"", ""revision"": ""e3a890065105f978187e532642c4442522215e02""}, ""py-ga-VRPTW"": {""dirty"": false, ""path"": ""/Users/guoyiyang/Documents/GitHub/FURP-2026-Yiyang-GUO-EVRP-TW/reference/py-ga-VRPTW"", ""revision"": ""8e005caaaf6471a4505588d88c7f0f5e0d4ebffa""}}",stage03.0_measurement_attempt05,,preserve;see stage03_legacy_path_map.csv,legacy,legacy_json_or_jsonl,none,legacy,legacy_unknown,,,3426303,legacy_compatible
stage03.1,screening,stage03.1_screening_attempt02,attempt02,stage03.1_screening_attempt02,stage031_cheap_screening_smoke02,smoke,rc105C5,2015,"[""c101C5"", ""r105C5"", ""rc105C5"", ""c101_21"", ""r101_21"", ""rc101_21""]","[2014, 2015, 2016]",events,verified_legacy,results/stage03.1_screening_attempt02/rc105C5/2015/stage03.1_screening_attempt02_events_rc105C5_2015.jsonl,results/stage031-cheap-screening_smoke02/events/rc105C5-alns_stage02_constraint_guided-2015.jsonl,feasible,,not_verified,not_present,not_applicable,not_published,3e689a621d0b33753d1896d7f1c0b32b32ab0a88865f4aa41a95f163381dcef9,raw_manifest,a57023d4dbe08dbe7b10a21ce522a4a38d115b318c6b97b99c848b1f7927243d,e1840ebd3945bac63a1a1db5e13438dc2d1aad0b75fff316f3a4685d50583551,2ccfba6c447fa43a994934690acb67c7355ca04d232394907ed6938bc362c643,164bf8401ecaf8f0304b5fd83a0687d25e59bde25fcecc162984a43a1a0d62cb,b226b97e0e67288aaaf85726ad855df71cb81406685c57c8e8c40cd8996aa0da,7795e513917e401340cdb217b3f5ac30011cf67e,False,"{""VRP-EVRP-Project-Hub"": {""dirty"": false, ""path"": ""/Users/guoyiyang/Documents/GitHub/FURP-2026-Yiyang-GUO-EVRP-TW/reference/VRP-EVRP-Project-Hub"", ""revision"": ""e3a890065105f978187e532642c4442522215e02""}, ""py-ga-VRPTW"": {""dirty"": false, ""path"": ""/Users/guoyiyang/Documents/GitHub/FURP-2026-Yiyang-GUO-EVRP-TW/reference/py-ga-VRPTW"", ""revision"": ""8e005caaaf6471a4505588d88c7f0f5e0d4ebffa""}}",stage03.0_measurement_attempt05,,preserve;see stage03_legacy_path_map.csv,legacy,legacy_json_or_jsonl,none,legacy,legacy_unknown,,,3431863,legacy_compatible
stage03.1,screening,stage03.1_screening_attempt02,attempt02,stage03.1_screening_attempt02,stage031_cheap_screening_smoke02,smoke,rc105C5,2016,"[""c101C5"", ""r105C5"", ""rc105C5"", ""c101_21"", ""r101_21"", ""rc101_21""]","[2014, 2015, 2016]",events,verified_legacy,results/stage03.1_screening_attempt02/rc105C5/2016/stage03.1_screening_attempt02_events_rc105C5_2016.jsonl,results/stage031-cheap-screening_smoke02/events/rc105C5-alns_stage02_constraint_guided-2016.jsonl,feasible,,not_verified,not_present,not_applicable,not_published,aa58d221ed2d551c6f571e7537ee858c0b9921088ce32a4876a455037bb43562,raw_manifest,a57023d4dbe08dbe7b10a21ce522a4a38d115b318c6b97b99c848b1f7927243d,e1840ebd3945bac63a1a1db5e13438dc2d1aad0b75fff316f3a4685d50583551,2ccfba6c447fa43a994934690acb67c7355ca04d232394907ed6938bc362c643,388624e1ecb55c45efd6435bd47b6a2e747106615779c608b36c4679f6cb0a73,b226b97e0e67288aaaf85726ad855df71cb81406685c57c8e8c40cd8996aa0da,7795e513917e401340cdb217b3f5ac30011cf67e,False,"{""VRP-EVRP-Project-Hub"": {""dirty"": false, ""path"": ""/Users/guoyiyang/Documents/GitHub/FURP-2026-Yiyang-GUO-EVRP-TW/reference/VRP-EVRP-Project-Hub"", ""revision"": ""e3a890065105f978187e532642c4442522215e02""}, ""py-ga-VRPTW"": {""dirty"": false, ""path"": ""/Users/guoyiyang/Documents/GitHub/FURP-2026-Yiyang-GUO-EVRP-TW/reference/py-ga-VRPTW"", ""revision"": ""8e005caaaf6471a4505588d88c7f0f5e0d4ebffa""}}",stage03.0_measurement_attempt05,,preserve;see stage03_legacy_path_map.csv,legacy,legacy_json_or_jsonl,none,legacy,legacy_unknown,,,3429304,legacy_compatible
stage03.1,screening,stage03.1_screening_attempt02,attempt02,stage03.1_screening_attempt02,stage031_cheap_screening_smoke02,smoke,__all__,__all__,"[""c101C5"", ""r105C5"", ""rc105C5"", ""c101_21"", ""r101_21"", ""rc101_21""]","[2014, 2015, 2016]",manifest,verified_legacy,results/stage03.1_screening_attempt02/control/stage03.1_screening_attempt02_manifest.json,results/stage031-cheap-screening_smoke02/manifest.json,feasible,,not_verified,not_present,not_applicable,not_published,d310b19844c5612c584208dab6a289ac7b2c24ec091859ebe22d8ecb9f56ad21,computed,a57023d4dbe08dbe7b10a21ce522a4a38d115b318c6b97b99c848b1f7927243d,e1840ebd3945bac63a1a1db5e13438dc2d1aad0b75fff316f3a4685d50583551,,,b226b97e0e67288aaaf85726ad855df71cb81406685c57c8e8c40cd8996aa0da,7795e513917e401340cdb217b3f5ac30011cf67e,False,"{""VRP-EVRP-Project-Hub"": {""dirty"": false, ""path"": ""/Users/guoyiyang/Documents/GitHub/FURP-2026-Yiyang-GUO-EVRP-TW/reference/VRP-EVRP-Project-Hub"", ""revision"": ""e3a890065105f978187e532642c4442522215e02""}, ""py-ga-VRPTW"": {""dirty"": false, ""path"": ""/Users/guoyiyang/Documents/GitHub/FURP-2026-Yiyang-GUO-EVRP-TW/reference/py-ga-VRPTW"", ""revision"": ""8e005caaaf6471a4505588d88c7f0f5e0d4ebffa""}}",stage03.0_measurement_attempt05,,preserve;see stage03_legacy_path_map.csv,legacy,legacy_json_or_jsonl,none,legacy,legacy_unknown,,,12321,legacy_compatible
stage03.1,screening,stage03.1_screening_attempt02,attempt02,stage03.1_screening_attempt02,stage031_cheap_screening_smoke02,smoke,__all__,__all__,"[""c101C5"", ""r105C5"", ""rc105C5"", ""c101_21"", ""r101_21"", ""rc101_21""]","[2014, 2015, 2016]",manifest_checksum,verified_legacy,results/stage03.1_screening_attempt02/control/stage03.1_screening_attempt02_manifest.sha256,results/stage031-cheap-screening_smoke02/manifest.sha256,feasible,,not_verified,not_present,not_applicable,not_published,14393f49cab3b6b38bfbfb220e806f43689432248c8d35226ad4c92c67137d4c,computed,a57023d4dbe08dbe7b10a21ce522a4a38d115b318c6b97b99c848b1f7927243d,e1840ebd3945bac63a1a1db5e13438dc2d1aad0b75fff316f3a4685d50583551,,,b226b97e0e67288aaaf85726ad855df71cb81406685c57c8e8c40cd8996aa0da,7795e513917e401340cdb217b3f5ac30011cf67e,False,"{""VRP-EVRP-Project-Hub"": {""dirty"": false, ""path"": ""/Users/guoyiyang/Documents/GitHub/FURP-2026-Yiyang-GUO-EVRP-TW/reference/VRP-EVRP-Project-Hub"", ""revision"": ""e3a890065105f978187e532642c4442522215e02""}, ""py-ga-VRPTW"": {""dirty"": false, ""path"": ""/Users/guoyiyang/Documents/GitHub/FURP-2026-Yiyang-GUO-EVRP-TW/reference/py-ga-VRPTW"", ""revision"": ""8e005caaaf6471a4505588d88c7f0f5e0d4ebffa""}}",stage03.0_measurement_attempt05,,preserve;see stage03_legacy_path_map.csv,legacy,legacy_json_or_jsonl,none,legacy,legacy_unknown,,,65,legacy_compatible
stage03.1,screening,stage03.1_screening_attempt02,attempt02,stage03.1_screening_attempt02,stage031_cheap_screening_smoke02,smoke,__all__,__all__,"[""c101C5"", ""r105C5"", ""rc105C5"", ""c101_21"", ""r101_21"", ""rc101_21""]","[2014, 2015, 2016]",config,verified_legacy,results/stage03.1_screening_attempt02/control/stage03.1_screening_attempt02_config.toml,results/stage031-cheap-screening_smoke02/parameters.toml,feasible,,not_verified,not_present,not_applicable,not_published,e1840ebd3945bac63a1a1db5e13438dc2d1aad0b75fff316f3a4685d50583551,raw_manifest,a57023d4dbe08dbe7b10a21ce522a4a38d115b318c6b97b99c848b1f7927243d,e1840ebd3945bac63a1a1db5e13438dc2d1aad0b75fff316f3a4685d50583551,,,b226b97e0e67288aaaf85726ad855df71cb81406685c57c8e8c40cd8996aa0da,7795e513917e401340cdb217b3f5ac30011cf67e,False,"{""VRP-EVRP-Project-Hub"": {""dirty"": false, ""path"": ""/Users/guoyiyang/Documents/GitHub/FURP-2026-Yiyang-GUO-EVRP-TW/reference/VRP-EVRP-Project-Hub"", ""revision"": ""e3a890065105f978187e532642c4442522215e02""}, ""py-ga-VRPTW"": {""dirty"": false, ""path"": ""/Users/guoyiyang/Documents/GitHub/FURP-2026-Yiyang-GUO-EVRP-TW/reference/py-ga-VRPTW"", ""revision"": ""8e005caaaf6471a4505588d88c7f0f5e0d4ebffa""}}",stage03.0_measurement_attempt05,,preserve;see stage03_legacy_path_map.csv,legacy,legacy_json_or_jsonl,none,legacy,legacy_unknown,,,1052,legacy_compatible
stage03.1,screening,stage03.1_screening_attempt02,attempt02,stage03.1_screening_attempt02,stage031_cheap_screening_smoke02,smoke,c101C5,2014,"[""c101C5"", ""r105C5"", ""rc105C5"", ""c101_21"", ""r101_21"", ""rc101_21""]","[2014, 2015, 2016]",raw,verified_legacy,results/stage03.1_screening_attempt02/c101C5/2014/stage03.1_screening_attempt02_raw_c101C5_2014.json,results/stage031-cheap-screening_smoke02/raw/c101C5-alns_stage02_constraint_guided-2014.json,feasible,,not_verified,not_present,not_applicable,not_published,50e8d6e711299569808037873e114b84223466d4c3e7a4a0bd6d2c8456aaf3a5,raw_manifest,a57023d4dbe08dbe7b10a21ce522a4a38d115b318c6b97b99c848b1f7927243d,e1840ebd3945bac63a1a1db5e13438dc2d1aad0b75fff316f3a4685d50583551,8612d6d9aad051776097a5e50c7408f39352b8107b0639d58e5eda713f9ff876,99ab571bb93d20f61f4a07fe68108f7a37d8a871d723c80d71ac575b8073cd2b,b226b97e0e67288aaaf85726ad855df71cb81406685c57c8e8c40cd8996aa0da,7795e513917e401340cdb217b3f5ac30011cf67e,False,"{""VRP-EVRP-Project-Hub"": {""dirty"": false, ""path"": ""/Users/guoyiyang/Documents/GitHub/FURP-2026-Yiyang-GUO-EVRP-TW/reference/VRP-EVRP-Project-Hub"", ""revision"": ""e3a890065105f978187e532642c4442522215e02""}, ""py-ga-VRPTW"": {""dirty"": false, ""path"": ""/Users/guoyiyang/Documents/GitHub/FURP-2026-Yiyang-GUO-EVRP-TW/reference/py-ga-VRPTW"", ""revision"": ""8e005caaaf6471a4505588d88c7f0f5e0d4ebffa""}}",stage03.0_measurement_attempt05,,preserve;see stage03_legacy_path_map.csv,legacy,legacy_json_or_jsonl,none,legacy,legacy_unknown,,,2395080,legacy_compatible
stage03.1,screening,stage03.1_screening_attempt02,attempt02,stage03.1_screening_attempt02,stage031_cheap_screening_smoke02,smoke,c101C5,2015,"[""c101C5"", ""r105C5"", ""rc105C5"", ""c101_21"", ""r101_21"", ""rc101_21""]","[2014, 2015, 2016]",raw,verified_legacy,results/stage03.1_screening_attempt02/c101C5/2015/stage03.1_screening_attempt02_raw_c101C5_2015.json,results/stage031-cheap-screening_smoke02/raw/c101C5-alns_stage02_constraint_guided-2015.json,feasible,,not_verified,not_present,not_applicable,not_published,bbf0e322cf59a71c7fd55bde96a0dfec9d306455728181ee8ab1f0b78de99562,raw_manifest,a57023d4dbe08dbe7b10a21ce522a4a38d115b318c6b97b99c848b1f7927243d,e1840ebd3945bac63a1a1db5e13438dc2d1aad0b75fff316f3a4685d50583551,8612d6d9aad051776097a5e50c7408f39352b8107b0639d58e5eda713f9ff876,b0fe902c2afab0b0a7c94c4b0e393da1d4d94990d99387d24e821920e6454816,b226b97e0e67288aaaf85726ad855df71cb81406685c57c8e8c40cd8996aa0da,7795e513917e401340cdb217b3f5ac30011cf67e,False,"{""VRP-EVRP-Project-Hub"": {""dirty"": false, ""path"": ""/Users/guoyiyang/Documents/GitHub/FURP-2026-Yiyang-GUO-EVRP-TW/reference/VRP-EVRP-Project-Hub"", ""revision"": ""e3a890065105f978187e532642c4442522215e02""}, ""py-ga-VRPTW"": {""dirty"": false, ""path"": ""/Users/guoyiyang/Documents/GitHub/FURP-2026-Yiyang-GUO-EVRP-TW/reference/py-ga-VRPTW"", ""revision"": ""8e005caaaf6471a4505588d88c7f0f5e0d4ebffa""}}",stage03.0_measurement_attempt05,,preserve;see stage03_legacy_path_map.csv,legacy,legacy_json_or_jsonl,none,legacy,legacy_unknown,,,2378101,legacy_compatible
stage03.1,screening,stage03.1_screening_attempt02,attempt02,stage03.1_screening_attempt02,stage031_cheap_screening_smoke02,smoke,c101C5,2016,"[""c101C5"", ""r105C5"", ""rc105C5"", ""c101_21"", ""r101_21"", ""rc101_21""]","[2014, 2015, 2016]",raw,verified_legacy,results/stage03.1_screening_attempt02/c101C5/2016/stage03.1_screening_attempt02_raw_c101C5_2016.json,results/stage031-cheap-screening_smoke02/raw/c101C5-alns_stage02_constraint_guided-2016.json,feasible,,not_verified,not_present,not_applicable,not_published,9785257b4e597a460ccebd8df1b2c02589da19736b792a4126fbe32f76afc7d1,raw_manifest,a57023d4dbe08dbe7b10a21ce522a4a38d115b318c6b97b99c848b1f7927243d,e1840ebd3945bac63a1a1db5e13438dc2d1aad0b75fff316f3a4685d50583551,8612d6d9aad051776097a5e50c7408f39352b8107b0639d58e5eda713f9ff876,a18a5a418661b6f53097653ebf3d03cce8232e304de569cf03c7aef4c954a33d,b226b97e0e67288aaaf85726ad855df71cb81406685c57c8e8c40cd8996aa0da,7795e513917e401340cdb217b3f5ac30011cf67e,False,"{""VRP-EVRP-Project-Hub"": {""dirty"": false, ""path"": ""/Users/guoyiyang/Documents/GitHub/FURP-2026-Yiyang-GUO-EVRP-TW/reference/VRP-EVRP-Project-Hub"", ""revision"": ""e3a890065105f978187e532642c4442522215e02""}, ""py-ga-VRPTW"": {""dirty"": false, ""path"": ""/Users/guoyiyang/Documents/GitHub/FURP-2026-Yiyang-GUO-EVRP-TW/reference/py-ga-VRPTW"", ""revision"": ""8e005caaaf6471a4505588d88c7f0f5e0d4ebffa""}}",stage03.0_measurement_attempt05,,preserve;see stage03_legacy_path_map.csv,legacy,legacy_json_or_jsonl,none,legacy,legacy_unknown,,,2358791,legacy_compatible
stage03.1,screening,stage03.1_screening_attempt02,attempt02,stage03.1_screening_attempt02,stage031_cheap_screening_smoke02,smoke,c101_21,2014,"[""c101C5"", ""r105C5"", ""rc105C5"", ""c101_21"", ""r101_21"", ""rc101_21""]","[2014, 2015, 2016]",raw,verified_legacy,results/stage03.1_screening_attempt02/c101_21/2014/stage03.1_screening_attempt02_raw_c101_21_2014.json,results/stage031-cheap-screening_smoke02/raw/c101_21-alns_stage02_constraint_guided-2014.json,feasible,,not_verified,not_present,not_applicable,not_published,a33021d707373fec7c1b742129ba85f0c575a25785e6de07588e456be5dac220,raw_manifest,a57023d4dbe08dbe7b10a21ce522a4a38d115b318c6b97b99c848b1f7927243d,e1840ebd3945bac63a1a1db5e13438dc2d1aad0b75fff316f3a4685d50583551,c5cda6ca63a7d518902cf4b02d98b4aa0f373aaa0658d5c666d1c46d38871cb9,2112f160e5be332b6dae801d359768ec535f08cbae31a1b0cefd069fc170c844,b226b97e0e67288aaaf85726ad855df71cb81406685c57c8e8c40cd8996aa0da,7795e513917e401340cdb217b3f5ac30011cf67e,False,"{""VRP-EVRP-Project-Hub"": {""dirty"": false, ""path"": ""/Users/guoyiyang/Documents/GitHub/FURP-2026-Yiyang-GUO-EVRP-TW/reference/VRP-EVRP-Project-Hub"", ""revision"": ""e3a890065105f978187e532642c4442522215e02""}, ""py-ga-VRPTW"": {""dirty"": false, ""path"": ""/Users/guoyiyang/Documents/GitHub/FURP-2026-Yiyang-GUO-EVRP-TW/reference/py-ga-VRPTW"", ""revision"": ""8e005caaaf6471a4505588d88c7f0f5e0d4ebffa""}}",stage03.0_measurement_attempt05,,preserve;see stage03_legacy_path_map.csv,legacy,legacy_json_or_jsonl,none,legacy,legacy_unknown,,,29321175,legacy_compatible
stage03.1,screening,stage03.1_screening_attempt02,attempt02,stage03.1_screening_attempt02,stage031_cheap_screening_smoke02,smoke,c101_21,2015,"[""c101C5"", ""r105C5"", ""rc105C5"", ""c101_21"", ""r101_21"", ""rc101_21""]","[2014, 2015, 2016]",raw,verified_legacy,results/stage03.1_screening_attempt02/c101_21/2015/stage03.1_screening_attempt02_raw_c101_21_2015.json,results/stage031-cheap-screening_smoke02/raw/c101_21-alns_stage02_constraint_guided-2015.json,feasible,,not_verified,not_present,not_applicable,not_published,6151954a154a2b050a02f0132554987f71d8c7b8bea5f619a9c953ec32925984,raw_manifest,a57023d4dbe08dbe7b10a21ce522a4a38d115b318c6b97b99c848b1f7927243d,e1840ebd3945bac63a1a1db5e13438dc2d1aad0b75fff316f3a4685d50583551,c5cda6ca63a7d518902cf4b02d98b4aa0f373aaa0658d5c666d1c46d38871cb9,191e236d0deae5c5f0f50bf28607d9e5edcb912fc7ad419a11774b21d065fc12,b226b97e0e67288aaaf85726ad855df71cb81406685c57c8e8c40cd8996aa0da,7795e513917e401340cdb217b3f5ac30011cf67e,False,"{""VRP-EVRP-Project-Hub"": {""dirty"": false, ""path"": ""/Users/guoyiyang/Documents/GitHub/FURP-2026-Yiyang-GUO-EVRP-TW/reference/VRP-EVRP-Project-Hub"", ""revision"": ""e3a890065105f978187e532642c4442522215e02""}, ""py-ga-VRPTW"": {""dirty"": false, ""path"": ""/Users/guoyiyang/Documents/GitHub/FURP-2026-Yiyang-GUO-EVRP-TW/reference/py-ga-VRPTW"", ""revision"": ""8e005caaaf6471a4505588d88c7f0f5e0d4ebffa""}}",stage03.0_measurement_attempt05,,preserve;see stage03_legacy_path_map.csv,legacy,legacy_json_or_jsonl,none,legacy,legacy_unknown,,,25488840,legacy_compatible
stage03.1,screening,stage03.1_screening_attempt02,attempt02,stage03.1_screening_attempt02,stage031_cheap_screening_smoke02,smoke,c101_21,2016,"[""c101C5"", ""r105C5"", ""rc105C5"", ""c101_21"", ""r101_21"", ""rc101_21""]","[2014, 2015, 2016]",raw,verified_legacy,results/stage03.1_screening_attempt02/c101_21/2016/stage03.1_screening_attempt02_raw_c101_21_2016.json,results/stage031-cheap-screening_smoke02/raw/c101_21-alns_stage02_constraint_guided-2016.json,feasible,,not_verified,not_present,not_applicable,not_published,8d261b3a7c5a4bd6cef6e6009ab4d55252b4477dc4c56db15cc115051938b10d,raw_manifest,a57023d4dbe08dbe7b10a21ce522a4a38d115b318c6b97b99c848b1f7927243d,e1840ebd3945bac63a1a1db5e13438dc2d1aad0b75fff316f3a4685d50583551,c5cda6ca63a7d518902cf4b02d98b4aa0f373aaa0658d5c666d1c46d38871cb9,a2d3a4f69b160f6944a27851fa99ff1ec18c966b28a263751294e14c2abbbcb7,b226b97e0e67288aaaf85726ad855df71cb81406685c57c8e8c40cd8996aa0da,7795e513917e401340cdb217b3f5ac30011cf67e,False,"{""VRP-EVRP-Project-Hub"": {""dirty"": false, ""path"": ""/Users/guoyiyang/Documents/GitHub/FURP-2026-Yiyang-GUO-EVRP-TW/reference/VRP-EVRP-Project-Hub"", ""revision"": ""e3a890065105f978187e532642c4442522215e02""}, ""py-ga-VRPTW"": {""dirty"": false, ""path"": ""/Users/guoyiyang/Documents/GitHub/FURP-2026-Yiyang-GUO-EVRP-TW/reference/py-ga-VRPTW"", ""revision"": ""8e005caaaf6471a4505588d88c7f0f5e0d4ebffa""}}",stage03.0_measurement_attempt05,,preserve;see stage03_legacy_path_map.csv,legacy,legacy_json_or_jsonl,none,legacy,legacy_unknown,,,25529766,legacy_compatible
stage03.1,screening,stage03.1_screening_attempt02,attempt02,stage03.1_screening_attempt02,stage031_cheap_screening_smoke02,smoke,r101_21,2014,"[""c101C5"", ""r105C5"", ""rc105C5"", ""c101_21"", ""r101_21"", ""rc101_21""]","[2014, 2015, 2016]",raw,verified_legacy,results/stage03.1_screening_attempt02/r101_21/2014/stage03.1_screening_attempt02_raw_r101_21_2014.json,results/stage031-cheap-screening_smoke02/raw/r101_21-alns_stage02_constraint_guided-2014.json,feasible,,not_verified,not_present,not_applicable,not_published,6e12714b30bd31b2f28c6d915b08981b7ff5b921831c214bedefdadb40fdb565,raw_manifest,a57023d4dbe08dbe7b10a21ce522a4a38d115b318c6b97b99c848b1f7927243d,e1840ebd3945bac63a1a1db5e13438dc2d1aad0b75fff316f3a4685d50583551,0e5a3dffffbd3c516b528ef32ba1a488b817d2f151fc3e8c81023814de1c103a,6741f48868dd3a5a782cee5083874cd5a2366f1b9e93fb626f4128090fe4ca07,b226b97e0e67288aaaf85726ad855df71cb81406685c57c8e8c40cd8996aa0da,7795e513917e401340cdb217b3f5ac30011cf67e,False,"{""VRP-EVRP-Project-Hub"": {""dirty"": false, ""path"": ""/Users/guoyiyang/Documents/GitHub/FURP-2026-Yiyang-GUO-EVRP-TW/reference/VRP-EVRP-Project-Hub"", ""revision"": ""e3a890065105f978187e532642c4442522215e02""}, ""py-ga-VRPTW"": {""dirty"": false, ""path"": ""/Users/guoyiyang/Documents/GitHub/FURP-2026-Yiyang-GUO-EVRP-TW/reference/py-ga-VRPTW"", ""revision"": ""8e005caaaf6471a4505588d88c7f0f5e0d4ebffa""}}",stage03.0_measurement_attempt05,,preserve;see stage03_legacy_path_map.csv,legacy,legacy_json_or_jsonl,none,legacy,legacy_unknown,,,91478386,legacy_compatible
stage03.1,screening,stage03.1_screening_attempt02,attempt02,stage03.1_screening_attempt02,stage031_cheap_screening_smoke02,smoke,r101_21,2015,"[""c101C5"", ""r105C5"", ""rc105C5"", ""c101_21"", ""r101_21"", ""rc101_21""]","[2014, 2015, 2016]",raw,verified_legacy,results/stage03.1_screening_attempt02/r101_21/2015/stage03.1_screening_attempt02_raw_r101_21_2015.json,results/stage031-cheap-screening_smoke02/raw/r101_21-alns_stage02_constraint_guided-2015.json,feasible,,not_verified,not_present,not_applicable,not_published,132cd88efc6914979bc89114887ec6d854087ca1dc3b3945b0b4dba799d6c75d,raw_manifest,a57023d4dbe08dbe7b10a21ce522a4a38d115b318c6b97b99c848b1f7927243d,e1840ebd3945bac63a1a1db5e13438dc2d1aad0b75fff316f3a4685d50583551,0e5a3dffffbd3c516b528ef32ba1a488b817d2f151fc3e8c81023814de1c103a,1aa9cf66c5980a6d8b21e348957bdb10b3f5b9672e5afb4bc949f7ebbe055fd9,b226b97e0e67288aaaf85726ad855df71cb81406685c57c8e8c40cd8996aa0da,7795e513917e401340cdb217b3f5ac30011cf67e,False,"{""VRP-EVRP-Project-Hub"": {""dirty"": false, ""path"": ""/Users/guoyiyang/Documents/GitHub/FURP-2026-Yiyang-GUO-EVRP-TW/reference/VRP-EVRP-Project-Hub"", ""revision"": ""e3a890065105f978187e532642c4442522215e02""}, ""py-ga-VRPTW"": {""dirty"": false, ""path"": ""/Users/guoyiyang/Documents/GitHub/FURP-2026-Yiyang-GUO-EVRP-TW/reference/py-ga-VRPTW"", ""revision"": ""8e005caaaf6471a4505588d88c7f0f5e0d4ebffa""}}",stage03.0_measurement_attempt05,,preserve;see stage03_legacy_path_map.csv,legacy,legacy_json_or_jsonl,none,legacy,legacy_unknown,,,67476812,legacy_compatible
stage03.1,screening,stage03.1_screening_attempt02,attempt02,stage03.1_screening_attempt02,stage031_cheap_screening_smoke02,smoke,r101_21,2016,"[""c101C5"", ""r105C5"", ""rc105C5"", ""c101_21"", ""r101_21"", ""rc101_21""]","[2014, 2015, 2016]",raw,verified_legacy,results/stage03.1_screening_attempt02/r101_21/2016/stage03.1_screening_attempt02_raw_r101_21_2016.json,results/stage031-cheap-screening_smoke02/raw/r101_21-alns_stage02_constraint_guided-2016.json,feasible,,not_verified,not_present,not_applicable,not_published,d2c1339984a6ce80a56fa9fc212960f05e44b1b611740f6ff522fc7dd042947a,raw_manifest,a57023d4dbe08dbe7b10a21ce522a4a38d115b318c6b97b99c848b1f7927243d,e1840ebd3945bac63a1a1db5e13438dc2d1aad0b75fff316f3a4685d50583551,0e5a3dffffbd3c516b528ef32ba1a488b817d2f151fc3e8c81023814de1c103a,f550201bdd671f54a839300061d30a4d0885c467be5bfcc2447c27c10baf525d,b226b97e0e67288aaaf85726ad855df71cb81406685c57c8e8c40cd8996aa0da,7795e513917e401340cdb217b3f5ac30011cf67e,False,"{""VRP-EVRP-Project-Hub"": {""dirty"": false, ""path"": ""/Users/guoyiyang/Documents/GitHub/FURP-2026-Yiyang-GUO-EVRP-TW/reference/VRP-EVRP-Project-Hub"", ""revision"": ""e3a890065105f978187e532642c4442522215e02""}, ""py-ga-VRPTW"": {""dirty"": false, ""path"": ""/Users/guoyiyang/Documents/GitHub/FURP-2026-Yiyang-GUO-EVRP-TW/reference/py-ga-VRPTW"", ""revision"": ""8e005caaaf6471a4505588d88c7f0f5e0d4ebffa""}}",stage03.0_measurement_attempt05,,preserve;see stage03_legacy_path_map.csv,legacy,legacy_json_or_jsonl,none,legacy,legacy_unknown,,,62737580,legacy_compatible
stage03.1,screening,stage03.1_screening_attempt02,attempt02,stage03.1_screening_attempt02,stage031_cheap_screening_smoke02,smoke,r105C5,2014,"[""c101C5"", ""r105C5"", ""rc105C5"", ""c101_21"", ""r101_21"", ""rc101_21""]","[2014, 2015, 2016]",raw,verified_legacy,results/stage03.1_screening_attempt02/r105C5/2014/stage03.1_screening_attempt02_raw_r105C5_2014.json,results/stage031-cheap-screening_smoke02/raw/r105C5-alns_stage02_constraint_guided-2014.json,feasible,,not_verified,not_present,not_applicable,not_published,93269998c516b741ce4da1a900286e121dbe6aec4fa7b77822a606cd30ecbffd,raw_manifest,a57023d4dbe08dbe7b10a21ce522a4a38d115b318c6b97b99c848b1f7927243d,e1840ebd3945bac63a1a1db5e13438dc2d1aad0b75fff316f3a4685d50583551,eb27ec04e799ee6d39dee3d66f15128e197811afa8c664295acbdf6444176434,66f513b9b825a33d8815be7cd4bd762fd3ca985317a37c9446f45014c6e0b333,b226b97e0e67288aaaf85726ad855df71cb81406685c57c8e8c40cd8996aa0da,7795e513917e401340cdb217b3f5ac30011cf67e,False,"{""VRP-EVRP-Project-Hub"": {""dirty"": false, ""path"": ""/Users/guoyiyang/Documents/GitHub/FURP-2026-Yiyang-GUO-EVRP-TW/reference/VRP-EVRP-Project-Hub"", ""revision"": ""e3a890065105f978187e532642c4442522215e02""}, ""py-ga-VRPTW"": {""dirty"": false, ""path"": ""/Users/guoyiyang/Documents/GitHub/FURP-2026-Yiyang-GUO-EVRP-TW/reference/py-ga-VRPTW"", ""revision"": ""8e005caaaf6471a4505588d88c7f0f5e0d4ebffa""}}",stage03.0_measurement_attempt05,,preserve;see stage03_legacy_path_map.csv,legacy,legacy_json_or_jsonl,none,legacy,legacy_unknown,,,2353724,legacy_compatible
stage03.1,screening,stage03.1_screening_attempt02,attempt02,stage03.1_screening_attempt02,stage031_cheap_screening_smoke02,smoke,r105C5,2015,"[""c101C5"", ""r105C5"", ""rc105C5"", ""c101_21"", ""r101_21"", ""rc101_21""]","[2014, 2015, 2016]",raw,verified_legacy,results/stage03.1_screening_attempt02/r105C5/2015/stage03.1_screening_attempt02_raw_r105C5_2015.json,results/stage031-cheap-screening_smoke02/raw/r105C5-alns_stage02_constraint_guided-2015.json,feasible,,not_verified,not_present,not_applicable,not_published,d2551f875611e1f12b8333b246e0259dcd8b91890dd16a4ce5bf080e0c389ee2,raw_manifest,a57023d4dbe08dbe7b10a21ce522a4a38d115b318c6b97b99c848b1f7927243d,e1840ebd3945bac63a1a1db5e13438dc2d1aad0b75fff316f3a4685d50583551,eb27ec04e799ee6d39dee3d66f15128e197811afa8c664295acbdf6444176434,b8fdd626c80cea2fb85a55cb1a593880423983868eb002cc2ce2ea0ff4c02366,b226b97e0e67288aaaf85726ad855df71cb81406685c57c8e8c40cd8996aa0da,7795e513917e401340cdb217b3f5ac30011cf67e,False,"{""VRP-EVRP-Project-Hub"": {""dirty"": false, ""path"": ""/Users/guoyiyang/Documents/GitHub/FURP-2026-Yiyang-GUO-EVRP-TW/reference/VRP-EVRP-Project-Hub"", ""revision"": ""e3a890065105f978187e532642c4442522215e02""}, ""py-ga-VRPTW"": {""dirty"": false, ""path"": ""/Users/guoyiyang/Documents/GitHub/FURP-2026-Yiyang-GUO-EVRP-TW/reference/py-ga-VRPTW"", ""revision"": ""8e005caaaf6471a4505588d88c7f0f5e0d4ebffa""}}",stage03.0_measurement_attempt05,,preserve;see stage03_legacy_path_map.csv,legacy,legacy_json_or_jsonl,none,legacy,legacy_unknown,,,2287295,legacy_compatible
stage03.1,screening,stage03.1_screening_attempt02,attempt02,stage03.1_screening_attempt02,stage031_cheap_screening_smoke02,smoke,r105C5,2016,"[""c101C5"", ""r105C5"", ""rc105C5"", ""c101_21"", ""r101_21"", ""rc101_21""]","[2014, 2015, 2016]",raw,verified_legacy,results/stage03.1_screening_attempt02/r105C5/2016/stage03.1_screening_attempt02_raw_r105C5_2016.json,results/stage031-cheap-screening_smoke02/raw/r105C5-alns_stage02_constraint_guided-2016.json,feasible,,not_verified,not_present,not_applicable,not_published,7bacb0bb57a9d944b490cd60803cfd23fc809941480d0b309f5908a710b6db48,raw_manifest,a57023d4dbe08dbe7b10a21ce522a4a38d115b318c6b97b99c848b1f7927243d,e1840ebd3945bac63a1a1db5e13438dc2d1aad0b75fff316f3a4685d50583551,eb27ec04e799ee6d39dee3d66f15128e197811afa8c664295acbdf6444176434,102c31340a1b5c0d72606cdd4fed856fa1749896d01f73702dd6ee71ac9c34cf,b226b97e0e67288aaaf85726ad855df71cb81406685c57c8e8c40cd8996aa0da,7795e513917e401340cdb217b3f5ac30011cf67e,False,"{""VRP-EVRP-Project-Hub"": {""dirty"": false, ""path"": ""/Users/guoyiyang/Documents/GitHub/FURP-2026-Yiyang-GUO-EVRP-TW/reference/VRP-EVRP-Project-Hub"", ""revision"": ""e3a890065105f978187e532642c4442522215e02""}, ""py-ga-VRPTW"": {""dirty"": false, ""path"": ""/Users/guoyiyang/Documents/GitHub/FURP-2026-Yiyang-GUO-EVRP-TW/reference/py-ga-VRPTW"", ""revision"": ""8e005caaaf6471a4505588d88c7f0f5e0d4ebffa""}}",stage03.0_measurement_attempt05,,preserve;see stage03_legacy_path_map.csv,legacy,legacy_json_or_jsonl,none,legacy,legacy_unknown,,,2265477,legacy_compatible
stage03.1,screening,stage03.1_screening_attempt02,attempt02,stage03.1_screening_attempt02,stage031_cheap_screening_smoke02,smoke,rc101_21,2014,"[""c101C5"", ""r105C5"", ""rc105C5"", ""c101_21"", ""r101_21"", ""rc101_21""]","[2014, 2015, 2016]",raw,verified_legacy,results/stage03.1_screening_attempt02/rc101_21/2014/stage03.1_screening_attempt02_raw_rc101_21_2014.json,results/stage031-cheap-screening_smoke02/raw/rc101_21-alns_stage02_constraint_guided-2014.json,feasible,,not_verified,not_present,not_applicable,not_published,8f36b18204691141b6c4692bd9157e1d779183d5aa24c18d334fa12bc0576189,raw_manifest,a57023d4dbe08dbe7b10a21ce522a4a38d115b318c6b97b99c848b1f7927243d,e1840ebd3945bac63a1a1db5e13438dc2d1aad0b75fff316f3a4685d50583551,272a3e58d53d4ba9516f01506164cf8a9b98bfeeb8dbd1fd62f6557e4c98e3a1,74afe3a289307873d6e2fc1db47a170be88e4fcf1f15c1f3eeb889dbe5fd193f,b226b97e0e67288aaaf85726ad855df71cb81406685c57c8e8c40cd8996aa0da,7795e513917e401340cdb217b3f5ac30011cf67e,False,"{""VRP-EVRP-Project-Hub"": {""dirty"": false, ""path"": ""/Users/guoyiyang/Documents/GitHub/FURP-2026-Yiyang-GUO-EVRP-TW/reference/VRP-EVRP-Project-Hub"", ""revision"": ""e3a890065105f978187e532642c4442522215e02""}, ""py-ga-VRPTW"": {""dirty"": false, ""path"": ""/Users/guoyiyang/Documents/GitHub/FURP-2026-Yiyang-GUO-EVRP-TW/reference/py-ga-VRPTW"", ""revision"": ""8e005caaaf6471a4505588d88c7f0f5e0d4ebffa""}}",stage03.0_measurement_attempt05,,preserve;see stage03_legacy_path_map.csv,legacy,legacy_json_or_jsonl,none,legacy,legacy_unknown,,,49024991,legacy_compatible
stage03.1,screening,stage03.1_screening_attempt02,attempt02,stage03.1_screening_attempt02,stage031_cheap_screening_smoke02,smoke,rc101_21,2015,"[""c101C5"", ""r105C5"", ""rc105C5"", ""c101_21"", ""r101_21"", ""rc101_21""]","[2014, 2015, 2016]",raw,verified_legacy,results/stage03.1_screening_attempt02/rc101_21/2015/stage03.1_screening_attempt02_raw_rc101_21_2015.json,results/stage031-cheap-screening_smoke02/raw/rc101_21-alns_stage02_constraint_guided-2015.json,feasible,,not_verified,not_present,not_applicable,not_published,f8107f717c0c04330601726ccb42847416700a228cefc4dd8a0efeb85f062596,raw_manifest,a57023d4dbe08dbe7b10a21ce522a4a38d115b318c6b97b99c848b1f7927243d,e1840ebd3945bac63a1a1db5e13438dc2d1aad0b75fff316f3a4685d50583551,272a3e58d53d4ba9516f01506164cf8a9b98bfeeb8dbd1fd62f6557e4c98e3a1,80364d4f067ab60ccd8d79342f83ff6aef072b6721e99892d29528c5059b2136,b226b97e0e67288aaaf85726ad855df71cb81406685c57c8e8c40cd8996aa0da,7795e513917e401340cdb217b3f5ac30011cf67e,False,"{""VRP-EVRP-Project-Hub"": {""dirty"": false, ""path"": ""/Users/guoyiyang/Documents/GitHub/FURP-2026-Yiyang-GUO-EVRP-TW/reference/VRP-EVRP-Project-Hub"", ""revision"": ""e3a890065105f978187e532642c4442522215e02""}, ""py-ga-VRPTW"": {""dirty"": false, ""path"": ""/Users/guoyiyang/Documents/GitHub/FURP-2026-Yiyang-GUO-EVRP-TW/reference/py-ga-VRPTW"", ""revision"": ""8e005caaaf6471a4505588d88c7f0f5e0d4ebffa""}}",stage03.0_measurement_attempt05,,preserve;see stage03_legacy_path_map.csv,legacy,legacy_json_or_jsonl,none,legacy,legacy_unknown,,,67125649,legacy_compatible
stage03.1,screening,stage03.1_screening_attempt02,attempt02,stage03.1_screening_attempt02,stage031_cheap_screening_smoke02,smoke,rc101_21,2016,"[""c101C5"", ""r105C5"", ""rc105C5"", ""c101_21"", ""r101_21"", ""rc101_21""]","[2014, 2015, 2016]",raw,verified_legacy,results/stage03.1_screening_attempt02/rc101_21/2016/stage03.1_screening_attempt02_raw_rc101_21_2016.json,results/stage031-cheap-screening_smoke02/raw/rc101_21-alns_stage02_constraint_guided-2016.json,feasible,,not_verified,not_present,not_applicable,not_published,6b246473b7d2014b30452c3badab7bc730a6443d9202cbae86a29cdf5396ba4f,raw_manifest,a57023d4dbe08dbe7b10a21ce522a4a38d115b318c6b97b99c848b1f7927243d,e1840ebd3945bac63a1a1db5e13438dc2d1aad0b75fff316f3a4685d50583551,272a3e58d53d4ba9516f01506164cf8a9b98bfeeb8dbd1fd62f6557e4c98e3a1,7a6c4a82edc46d37930c9177b299a32d7f19190d510ca8a4eb9651dce64aa32f,b226b97e0e67288aaaf85726ad855df71cb81406685c57c8e8c40cd8996aa0da,7795e513917e401340cdb217b3f5ac30011cf67e,False,"{""VRP-EVRP-Project-Hub"": {""dirty"": false, ""path"": ""/Users/guoyiyang/Documents/GitHub/FURP-2026-Yiyang-GUO-EVRP-TW/reference/VRP-EVRP-Project-Hub"", ""revision"": ""e3a890065105f978187e532642c4442522215e02""}, ""py-ga-VRPTW"": {""dirty"": false, ""path"": ""/Users/guoyiyang/Documents/GitHub/FURP-2026-Yiyang-GUO-EVRP-TW/reference/py-ga-VRPTW"", ""revision"": ""8e005caaaf6471a4505588d88c7f0f5e0d4ebffa""}}",stage03.0_measurement_attempt05,,preserve;see stage03_legacy_path_map.csv,legacy,legacy_json_or_jsonl,none,legacy,legacy_unknown,,,49035378,legacy_compatible
stage03.1,screening,stage03.1_screening_attempt02,attempt02,stage03.1_screening_attempt02,stage031_cheap_screening_smoke02,smoke,rc105C5,2014,"[""c101C5"", ""r105C5"", ""rc105C5"", ""c101_21"", ""r101_21"", ""rc101_21""]","[2014, 2015, 2016]",raw,verified_legacy,results/stage03.1_screening_attempt02/rc105C5/2014/stage03.1_screening_attempt02_raw_rc105C5_2014.json,results/stage031-cheap-screening_smoke02/raw/rc105C5-alns_stage02_constraint_guided-2014.json,feasible,,not_verified,not_present,not_applicable,not_published,db5ee6ace66dfd82e248e7113a9c950bec9272df92fbf236c6b26980429a6179,raw_manifest,a57023d4dbe08dbe7b10a21ce522a4a38d115b318c6b97b99c848b1f7927243d,e1840ebd3945bac63a1a1db5e13438dc2d1aad0b75fff316f3a4685d50583551,2ccfba6c447fa43a994934690acb67c7355ca04d232394907ed6938bc362c643,4bcc8624c750e5fd061e59044ec20de6f242253d30cde2d0b28649e6be21aff5,b226b97e0e67288aaaf85726ad855df71cb81406685c57c8e8c40cd8996aa0da,7795e513917e401340cdb217b3f5ac30011cf67e,False,"{""VRP-EVRP-Project-Hub"": {""dirty"": false, ""path"": ""/Users/guoyiyang/Documents/GitHub/FURP-2026-Yiyang-GUO-EVRP-TW/reference/VRP-EVRP-Project-Hub"", ""revision"": ""e3a890065105f978187e532642c4442522215e02""}, ""py-ga-VRPTW"": {""dirty"": false, ""path"": ""/Users/guoyiyang/Documents/GitHub/FURP-2026-Yiyang-GUO-EVRP-TW/reference/py-ga-VRPTW"", ""revision"": ""8e005caaaf6471a4505588d88c7f0f5e0d4ebffa""}}",stage03.0_measurement_attempt05,,preserve;see stage03_legacy_path_map.csv,legacy,legacy_json_or_jsonl,none,legacy,legacy_unknown,,,2287124,legacy_compatible
stage03.1,screening,stage03.1_screening_attempt02,attempt02,stage03.1_screening_attempt02,stage031_cheap_screening_smoke02,smoke,rc105C5,2015,"[""c101C5"", ""r105C5"", ""rc105C5"", ""c101_21"", ""r101_21"", ""rc101_21""]","[2014, 2015, 2016]",raw,verified_legacy,results/stage03.1_screening_attempt02/rc105C5/2015/stage03.1_screening_attempt02_raw_rc105C5_2015.json,results/stage031-cheap-screening_smoke02/raw/rc105C5-alns_stage02_constraint_guided-2015.json,feasible,,not_verified,not_present,not_applicable,not_published,9703a61168f60cd1b27b2866620cedeb5b38e04abf761745c24cc3efdeac39bc,raw_manifest,a57023d4dbe08dbe7b10a21ce522a4a38d115b318c6b97b99c848b1f7927243d,e1840ebd3945bac63a1a1db5e13438dc2d1aad0b75fff316f3a4685d50583551,2ccfba6c447fa43a994934690acb67c7355ca04d232394907ed6938bc362c643,164bf8401ecaf8f0304b5fd83a0687d25e59bde25fcecc162984a43a1a0d62cb,b226b97e0e67288aaaf85726ad855df71cb81406685c57c8e8c40cd8996aa0da,7795e513917e401340cdb217b3f5ac30011cf67e,False,"{""VRP-EVRP-Project-Hub"": {""dirty"": false, ""path"": ""/Users/guoyiyang/Documents/GitHub/FURP-2026-Yiyang-GUO-EVRP-TW/reference/VRP-EVRP-Project-Hub"", ""revision"": ""e3a890065105f978187e532642c4442522215e02""}, ""py-ga-VRPTW"": {""dirty"": false, ""path"": ""/Users/guoyiyang/Documents/GitHub/FURP-2026-Yiyang-GUO-EVRP-TW/reference/py-ga-VRPTW"", ""revision"": ""8e005caaaf6471a4505588d88c7f0f5e0d4ebffa""}}",stage03.0_measurement_attempt05,,preserve;see stage03_legacy_path_map.csv,legacy,legacy_json_or_jsonl,none,legacy,legacy_unknown,,,2294233,legacy_compatible
stage03.1,screening,stage03.1_screening_attempt02,attempt02,stage03.1_screening_attempt02,stage031_cheap_screening_smoke02,smoke,rc105C5,2016,"[""c101C5"", ""r105C5"", ""rc105C5"", ""c101_21"", ""r101_21"", ""rc101_21""]","[2014, 2015, 2016]",raw,verified_legacy,results/stage03.1_screening_attempt02/rc105C5/2016/stage03.1_screening_attempt02_raw_rc105C5_2016.json,results/stage031-cheap-screening_smoke02/raw/rc105C5-alns_stage02_constraint_guided-2016.json,feasible,,not_verified,not_present,not_applicable,not_published,d1a5b35979793aa2058354284c7e5e3d3339fe58dd7fcc6c61f3de6effdeebd9,raw_manifest,a57023d4dbe08dbe7b10a21ce522a4a38d115b318c6b97b99c848b1f7927243d,e1840ebd3945bac63a1a1db5e13438dc2d1aad0b75fff316f3a4685d50583551,2ccfba6c447fa43a994934690acb67c7355ca04d232394907ed6938bc362c643,388624e1ecb55c45efd6435bd47b6a2e747106615779c608b36c4679f6cb0a73,b226b97e0e67288aaaf85726ad855df71cb81406685c57c8e8c40cd8996aa0da,7795e513917e401340cdb217b3f5ac30011cf67e,False,"{""VRP-EVRP-Project-Hub"": {""dirty"": false, ""path"": ""/Users/guoyiyang/Documents/GitHub/FURP-2026-Yiyang-GUO-EVRP-TW/reference/VRP-EVRP-Project-Hub"", ""revision"": ""e3a890065105f978187e532642c4442522215e02""}, ""py-ga-VRPTW"": {""dirty"": false, ""path"": ""/Users/guoyiyang/Documents/GitHub/FURP-2026-Yiyang-GUO-EVRP-TW/reference/py-ga-VRPTW"", ""revision"": ""8e005caaaf6471a4505588d88c7f0f5e0d4ebffa""}}",stage03.0_measurement_attempt05,,preserve;see stage03_legacy_path_map.csv,legacy,legacy_json_or_jsonl,none,legacy,legacy_unknown,,,2295039,legacy_compatible
stage03.1,screening,stage03.1_screening_attempt02,attempt02,stage03.1_screening_attempt02,stage031_cheap_screening_smoke02,smoke,__all__,__all__,"[""c101C5"", ""r105C5"", ""rc105C5"", ""c101_21"", ""r101_21"", ""rc101_21""]","[2014, 2015, 2016]",raw_per_run_results,verified_legacy,results/stage03.1_screening_attempt02/all/all/stage03.1_screening_attempt02_raw_per_run_results.csv,results/stage031-cheap-screening_smoke02/raw_per_run_results.csv,feasible,,not_verified,not_present,not_applicable,not_published,19c129d399f0621f2e19b07960d9efa8667d2d20d5ccfc5c10b5c167cfc27135,raw_manifest,a57023d4dbe08dbe7b10a21ce522a4a38d115b318c6b97b99c848b1f7927243d,e1840ebd3945bac63a1a1db5e13438dc2d1aad0b75fff316f3a4685d50583551,,,b226b97e0e67288aaaf85726ad855df71cb81406685c57c8e8c40cd8996aa0da,7795e513917e401340cdb217b3f5ac30011cf67e,False,"{""VRP-EVRP-Project-Hub"": {""dirty"": false, ""path"": ""/Users/guoyiyang/Documents/GitHub/FURP-2026-Yiyang-GUO-EVRP-TW/reference/VRP-EVRP-Project-Hub"", ""revision"": ""e3a890065105f978187e532642c4442522215e02""}, ""py-ga-VRPTW"": {""dirty"": false, ""path"": ""/Users/guoyiyang/Documents/GitHub/FURP-2026-Yiyang-GUO-EVRP-TW/reference/py-ga-VRPTW"", ""revision"": ""8e005caaaf6471a4505588d88c7f0f5e0d4ebffa""}}",stage03.0_measurement_attempt05,,preserve;see stage03_legacy_path_map.csv,legacy,legacy_json_or_jsonl,none,legacy,legacy_unknown,,,25166,legacy_compatible
stage03.1,screening,stage03.1_screening_attempt02,attempt02,stage03.1_screening_attempt02,stage031_cheap_screening_smoke02,smoke,__all__,__all__,"[""c101C5"", ""r105C5"", ""rc105C5"", ""c101_21"", ""r101_21"", ""rc101_21""]","[2014, 2015, 2016]",manifest_metadata,verified_legacy,results/stage03.1_screening_attempt02/control/stage03.1_screening_attempt02_run_metadata.json,results/stage031-cheap-screening_smoke02/run_metadata.json,feasible,,not_verified,not_present,not_applicable,not_published,1df43a61a3cfc928f74bdee40545c930d2937f84ed94d12e5db9885591a38f89,raw_manifest,a57023d4dbe08dbe7b10a21ce522a4a38d115b318c6b97b99c848b1f7927243d,e1840ebd3945bac63a1a1db5e13438dc2d1aad0b75fff316f3a4685d50583551,,,b226b97e0e67288aaaf85726ad855df71cb81406685c57c8e8c40cd8996aa0da,7795e513917e401340cdb217b3f5ac30011cf67e,False,"{""VRP-EVRP-Project-Hub"": {""dirty"": false, ""path"": ""/Users/guoyiyang/Documents/GitHub/FURP-2026-Yiyang-GUO-EVRP-TW/reference/VRP-EVRP-Project-Hub"", ""revision"": ""e3a890065105f978187e532642c4442522215e02""}, ""py-ga-VRPTW"": {""dirty"": false, ""path"": ""/Users/guoyiyang/Documents/GitHub/FURP-2026-Yiyang-GUO-EVRP-TW/reference/py-ga-VRPTW"", ""revision"": ""8e005caaaf6471a4505588d88c7f0f5e0d4ebffa""}}",stage03.0_measurement_attempt05,,preserve;see stage03_legacy_path_map.csv,legacy,legacy_json_or_jsonl,none,legacy,legacy_unknown,,,7611,legacy_compatible
stage03.1,screening,stage03.1_screening_attempt02,attempt02,stage03.1_screening_attempt02,stage031_cheap_screening_smoke02,smoke,c101C5,2014,"[""c101C5"", ""r105C5"", ""rc105C5"", ""c101_21"", ""r101_21"", ""rc101_21""]","[2014, 2015, 2016]",solution,verified_legacy,results/stage03.1_screening_attempt02/c101C5/2014/stage03.1_screening_attempt02_solution_c101C5_2014.json,results/stage031-cheap-screening_smoke02/solutions/c101C5-alns_stage02_constraint_guided-2014.json,feasible,,not_verified,not_present,not_applicable,not_published,9bc8fee0911b09e57f4c1760425edda3cc71aa25ca5ca403fe05e225b211d7d0,raw_manifest,a57023d4dbe08dbe7b10a21ce522a4a38d115b318c6b97b99c848b1f7927243d,e1840ebd3945bac63a1a1db5e13438dc2d1aad0b75fff316f3a4685d50583551,8612d6d9aad051776097a5e50c7408f39352b8107b0639d58e5eda713f9ff876,99ab571bb93d20f61f4a07fe68108f7a37d8a871d723c80d71ac575b8073cd2b,b226b97e0e67288aaaf85726ad855df71cb81406685c57c8e8c40cd8996aa0da,7795e513917e401340cdb217b3f5ac30011cf67e,False,"{""VRP-EVRP-Project-Hub"": {""dirty"": false, ""path"": ""/Users/guoyiyang/Documents/GitHub/FURP-2026-Yiyang-GUO-EVRP-TW/reference/VRP-EVRP-Project-Hub"", ""revision"": ""e3a890065105f978187e532642c4442522215e02""}, ""py-ga-VRPTW"": {""dirty"": false, ""path"": ""/Users/guoyiyang/Documents/GitHub/FURP-2026-Yiyang-GUO-EVRP-TW/reference/py-ga-VRPTW"", ""revision"": ""8e005caaaf6471a4505588d88c7f0f5e0d4ebffa""}}",stage03.0_measurement_attempt05,,preserve;see stage03_legacy_path_map.csv,legacy,legacy_json_or_jsonl,none,legacy,legacy_unknown,,,365,legacy_compatible
stage03.1,screening,stage03.1_screening_attempt02,attempt02,stage03.1_screening_attempt02,stage031_cheap_screening_smoke02,smoke,c101C5,2015,"[""c101C5"", ""r105C5"", ""rc105C5"", ""c101_21"", ""r101_21"", ""rc101_21""]","[2014, 2015, 2016]",solution,verified_legacy,results/stage03.1_screening_attempt02/c101C5/2015/stage03.1_screening_attempt02_solution_c101C5_2015.json,results/stage031-cheap-screening_smoke02/solutions/c101C5-alns_stage02_constraint_guided-2015.json,feasible,,not_verified,not_present,not_applicable,not_published,b1855d6e454679257dcdf716439c863951f9a787db170ef0e33534d15ccfb467,raw_manifest,a57023d4dbe08dbe7b10a21ce522a4a38d115b318c6b97b99c848b1f7927243d,e1840ebd3945bac63a1a1db5e13438dc2d1aad0b75fff316f3a4685d50583551,8612d6d9aad051776097a5e50c7408f39352b8107b0639d58e5eda713f9ff876,b0fe902c2afab0b0a7c94c4b0e393da1d4d94990d99387d24e821920e6454816,b226b97e0e67288aaaf85726ad855df71cb81406685c57c8e8c40cd8996aa0da,7795e513917e401340cdb217b3f5ac30011cf67e,False,"{""VRP-EVRP-Project-Hub"": {""dirty"": false, ""path"": ""/Users/guoyiyang/Documents/GitHub/FURP-2026-Yiyang-GUO-EVRP-TW/reference/VRP-EVRP-Project-Hub"", ""revision"": ""e3a890065105f978187e532642c4442522215e02""}, ""py-ga-VRPTW"": {""dirty"": false, ""path"": ""/Users/guoyiyang/Documents/GitHub/FURP-2026-Yiyang-GUO-EVRP-TW/reference/py-ga-VRPTW"", ""revision"": ""8e005caaaf6471a4505588d88c7f0f5e0d4ebffa""}}",stage03.0_measurement_attempt05,,preserve;see stage03_legacy_path_map.csv,legacy,legacy_json_or_jsonl,none,legacy,legacy_unknown,,,365,legacy_compatible
stage03.1,screening,stage03.1_screening_attempt02,attempt02,stage03.1_screening_attempt02,stage031_cheap_screening_smoke02,smoke,c101C5,2016,"[""c101C5"", ""r105C5"", ""rc105C5"", ""c101_21"", ""r101_21"", ""rc101_21""]","[2014, 2015, 2016]",solution,verified_legacy,results/stage03.1_screening_attempt02/c101C5/2016/stage03.1_screening_attempt02_solution_c101C5_2016.json,results/stage031-cheap-screening_smoke02/solutions/c101C5-alns_stage02_constraint_guided-2016.json,feasible,,not_verified,not_present,not_applicable,not_published,f51c31019783882711b0321089a25ed837ee0dcece584f9264c1fe160ea9f5b1,raw_manifest,a57023d4dbe08dbe7b10a21ce522a4a38d115b318c6b97b99c848b1f7927243d,e1840ebd3945bac63a1a1db5e13438dc2d1aad0b75fff316f3a4685d50583551,8612d6d9aad051776097a5e50c7408f39352b8107b0639d58e5eda713f9ff876,a18a5a418661b6f53097653ebf3d03cce8232e304de569cf03c7aef4c954a33d,b226b97e0e67288aaaf85726ad855df71cb81406685c57c8e8c40cd8996aa0da,7795e513917e401340cdb217b3f5ac30011cf67e,False,"{""VRP-EVRP-Project-Hub"": {""dirty"": false, ""path"": ""/Users/guoyiyang/Documents/GitHub/FURP-2026-Yiyang-GUO-EVRP-TW/reference/VRP-EVRP-Project-Hub"", ""revision"": ""e3a890065105f978187e532642c4442522215e02""}, ""py-ga-VRPTW"": {""dirty"": false, ""path"": ""/Users/guoyiyang/Documents/GitHub/FURP-2026-Yiyang-GUO-EVRP-TW/reference/py-ga-VRPTW"", ""revision"": ""8e005caaaf6471a4505588d88c7f0f5e0d4ebffa""}}",stage03.0_measurement_attempt05,,preserve;see stage03_legacy_path_map.csv,legacy,legacy_json_or_jsonl,none,legacy,legacy_unknown,,,365,legacy_compatible
stage03.1,screening,stage03.1_screening_attempt02,attempt02,stage03.1_screening_attempt02,stage031_cheap_screening_smoke02,smoke,c101_21,2014,"[""c101C5"", ""r105C5"", ""rc105C5"", ""c101_21"", ""r101_21"", ""rc101_21""]","[2014, 2015, 2016]",solution,verified_legacy,results/stage03.1_screening_attempt02/c101_21/2014/stage03.1_screening_attempt02_solution_c101_21_2014.json,results/stage031-cheap-screening_smoke02/solutions/c101_21-alns_stage02_constraint_guided-2014.json,feasible,,not_verified,not_present,not_applicable,not_published,bfbebb5e3fba341e978d9498dc7826048950b3d058fa159e702be9e1832347c4,raw_manifest,a57023d4dbe08dbe7b10a21ce522a4a38d115b318c6b97b99c848b1f7927243d,e1840ebd3945bac63a1a1db5e13438dc2d1aad0b75fff316f3a4685d50583551,c5cda6ca63a7d518902cf4b02d98b4aa0f373aaa0658d5c666d1c46d38871cb9,2112f160e5be332b6dae801d359768ec535f08cbae31a1b0cefd069fc170c844,b226b97e0e67288aaaf85726ad855df71cb81406685c57c8e8c40cd8996aa0da,7795e513917e401340cdb217b3f5ac30011cf67e,False,"{""VRP-EVRP-Project-Hub"": {""dirty"": false, ""path"": ""/Users/guoyiyang/Documents/GitHub/FURP-2026-Yiyang-GUO-EVRP-TW/reference/VRP-EVRP-Project-Hub"", ""revision"": ""e3a890065105f978187e532642c4442522215e02""}, ""py-ga-VRPTW"": {""dirty"": false, ""path"": ""/Users/guoyiyang/Documents/GitHub/FURP-2026-Yiyang-GUO-EVRP-TW/reference/py-ga-VRPTW"", ""revision"": ""8e005caaaf6471a4505588d88c7f0f5e0d4ebffa""}}",stage03.0_measurement_attempt05,,preserve;see stage03_legacy_path_map.csv,legacy,legacy_json_or_jsonl,none,legacy,legacy_unknown,,,2020,legacy_compatible
stage03.1,screening,stage03.1_screening_attempt02,attempt02,stage03.1_screening_attempt02,stage031_cheap_screening_smoke02,smoke,c101_21,2015,"[""c101C5"", ""r105C5"", ""rc105C5"", ""c101_21"", ""r101_21"", ""rc101_21""]","[2014, 2015, 2016]",solution,verified_legacy,results/stage03.1_screening_attempt02/c101_21/2015/stage03.1_screening_attempt02_solution_c101_21_2015.json,results/stage031-cheap-screening_smoke02/solutions/c101_21-alns_stage02_constraint_guided-2015.json,feasible,,not_verified,not_present,not_applicable,not_published,89c49bdd2e8cc8070049c67b15872e39f34bb34e4b34893b07ab8d2d6b213208,raw_manifest,a57023d4dbe08dbe7b10a21ce522a4a38d115b318c6b97b99c848b1f7927243d,e1840ebd3945bac63a1a1db5e13438dc2d1aad0b75fff316f3a4685d50583551,c5cda6ca63a7d518902cf4b02d98b4aa0f373aaa0658d5c666d1c46d38871cb9,191e236d0deae5c5f0f50bf28607d9e5edcb912fc7ad419a11774b21d065fc12,b226b97e0e67288aaaf85726ad855df71cb81406685c57c8e8c40cd8996aa0da,7795e513917e401340cdb217b3f5ac30011cf67e,False,"{""VRP-EVRP-Project-Hub"": {""dirty"": false, ""path"": ""/Users/guoyiyang/Documents/GitHub/FURP-2026-Yiyang-GUO-EVRP-TW/reference/VRP-EVRP-Project-Hub"", ""revision"": ""e3a890065105f978187e532642c4442522215e02""}, ""py-ga-VRPTW"": {""dirty"": false, ""path"": ""/Users/guoyiyang/Documents/GitHub/FURP-2026-Yiyang-GUO-EVRP-TW/reference/py-ga-VRPTW"", ""revision"": ""8e005caaaf6471a4505588d88c7f0f5e0d4ebffa""}}",stage03.0_measurement_attempt05,,preserve;see stage03_legacy_path_map.csv,legacy,legacy_json_or_jsonl,none,legacy,legacy_unknown,,,2020,legacy_compatible
stage03.1,screening,stage03.1_screening_attempt02,attempt02,stage03.1_screening_attempt02,stage031_cheap_screening_smoke02,smoke,c101_21,2016,"[""c101C5"", ""r105C5"", ""rc105C5"", ""c101_21"", ""r101_21"", ""rc101_21""]","[2014, 2015, 2016]",solution,verified_legacy,results/stage03.1_screening_attempt02/c101_21/2016/stage03.1_screening_attempt02_solution_c101_21_2016.json,results/stage031-cheap-screening_smoke02/solutions/c101_21-alns_stage02_constraint_guided-2016.json,feasible,,not_verified,not_present,not_applicable,not_published,bb81a5428e7df7d06b4651d35ec399223c9a5b9d76dafb3577158755a4b13a55,raw_manifest,a57023d4dbe08dbe7b10a21ce522a4a38d115b318c6b97b99c848b1f7927243d,e1840ebd3945bac63a1a1db5e13438dc2d1aad0b75fff316f3a4685d50583551,c5cda6ca63a7d518902cf4b02d98b4aa0f373aaa0658d5c666d1c46d38871cb9,a2d3a4f69b160f6944a27851fa99ff1ec18c966b28a263751294e14c2abbbcb7,b226b97e0e67288aaaf85726ad855df71cb81406685c57c8e8c40cd8996aa0da,7795e513917e401340cdb217b3f5ac30011cf67e,False,"{""VRP-EVRP-Project-Hub"": {""dirty"": false, ""path"": ""/Users/guoyiyang/Documents/GitHub/FURP-2026-Yiyang-GUO-EVRP-TW/reference/VRP-EVRP-Project-Hub"", ""revision"": ""e3a890065105f978187e532642c4442522215e02""}, ""py-ga-VRPTW"": {""dirty"": false, ""path"": ""/Users/guoyiyang/Documents/GitHub/FURP-2026-Yiyang-GUO-EVRP-TW/reference/py-ga-VRPTW"", ""revision"": ""8e005caaaf6471a4505588d88c7f0f5e0d4ebffa""}}",stage03.0_measurement_attempt05,,preserve;see stage03_legacy_path_map.csv,legacy,legacy_json_or_jsonl,none,legacy,legacy_unknown,,,2020,legacy_compatible
stage03.1,screening,stage03.1_screening_attempt02,attempt02,stage03.1_screening_attempt02,stage031_cheap_screening_smoke02,smoke,r101_21,2014,"[""c101C5"", ""r105C5"", ""rc105C5"", ""c101_21"", ""r101_21"", ""rc101_21""]","[2014, 2015, 2016]",solution,verified_legacy,results/stage03.1_screening_attempt02/r101_21/2014/stage03.1_screening_attempt02_solution_r101_21_2014.json,results/stage031-cheap-screening_smoke02/solutions/r101_21-alns_stage02_constraint_guided-2014.json,feasible,,not_verified,not_present,not_applicable,not_published,0f6eb4be7e43a99055ce34539ddd8dc39da5f02524ad20fa07e2f02caffb82f5,raw_manifest,a57023d4dbe08dbe7b10a21ce522a4a38d115b318c6b97b99c848b1f7927243d,e1840ebd3945bac63a1a1db5e13438dc2d1aad0b75fff316f3a4685d50583551,0e5a3dffffbd3c516b528ef32ba1a488b817d2f151fc3e8c81023814de1c103a,6741f48868dd3a5a782cee5083874cd5a2366f1b9e93fb626f4128090fe4ca07,b226b97e0e67288aaaf85726ad855df71cb81406685c57c8e8c40cd8996aa0da,7795e513917e401340cdb217b3f5ac30011cf67e,False,"{""VRP-EVRP-Project-Hub"": {""dirty"": false, ""path"": ""/Users/guoyiyang/Documents/GitHub/FURP-2026-Yiyang-GUO-EVRP-TW/reference/VRP-EVRP-Project-Hub"", ""revision"": ""e3a890065105f978187e532642c4442522215e02""}, ""py-ga-VRPTW"": {""dirty"": false, ""path"": ""/Users/guoyiyang/Documents/GitHub/FURP-2026-Yiyang-GUO-EVRP-TW/reference/py-ga-VRPTW"", ""revision"": ""8e005caaaf6471a4505588d88c7f0f5e0d4ebffa""}}",stage03.0_measurement_attempt05,,preserve;see stage03_legacy_path_map.csv,legacy,legacy_json_or_jsonl,none,legacy,legacy_unknown,,,2491,legacy_compatible
stage03.1,screening,stage03.1_screening_attempt02,attempt02,stage03.1_screening_attempt02,stage031_cheap_screening_smoke02,smoke,r101_21,2015,"[""c101C5"", ""r105C5"", ""rc105C5"", ""c101_21"", ""r101_21"", ""rc101_21""]","[2014, 2015, 2016]",solution,verified_legacy,results/stage03.1_screening_attempt02/r101_21/2015/stage03.1_screening_attempt02_solution_r101_21_2015.json,results/stage031-cheap-screening_smoke02/solutions/r101_21-alns_stage02_constraint_guided-2015.json,feasible,,not_verified,not_present,not_applicable,not_published,0598392691acb93e748b0a165cf3cf6af98be6aa556129dee7aecc542a158d6b,raw_manifest,a57023d4dbe08dbe7b10a21ce522a4a38d115b318c6b97b99c848b1f7927243d,e1840ebd3945bac63a1a1db5e13438dc2d1aad0b75fff316f3a4685d50583551,0e5a3dffffbd3c516b528ef32ba1a488b817d2f151fc3e8c81023814de1c103a,1aa9cf66c5980a6d8b21e348957bdb10b3f5b9672e5afb4bc949f7ebbe055fd9,b226b97e0e67288aaaf85726ad855df71cb81406685c57c8e8c40cd8996aa0da,7795e513917e401340cdb217b3f5ac30011cf67e,False,"{""VRP-EVRP-Project-Hub"": {""dirty"": false, ""path"": ""/Users/guoyiyang/Documents/GitHub/FURP-2026-Yiyang-GUO-EVRP-TW/reference/VRP-EVRP-Project-Hub"", ""revision"": ""e3a890065105f978187e532642c4442522215e02""}, ""py-ga-VRPTW"": {""dirty"": false, ""path"": ""/Users/guoyiyang/Documents/GitHub/FURP-2026-Yiyang-GUO-EVRP-TW/reference/py-ga-VRPTW"", ""revision"": ""8e005caaaf6471a4505588d88c7f0f5e0d4ebffa""}}",stage03.0_measurement_attempt05,,preserve;see stage03_legacy_path_map.csv,legacy,legacy_json_or_jsonl,none,legacy,legacy_unknown,,,2492,legacy_compatible
stage03.1,screening,stage03.1_screening_attempt02,attempt02,stage03.1_screening_attempt02,stage031_cheap_screening_smoke02,smoke,r101_21,2016,"[""c101C5"", ""r105C5"", ""rc105C5"", ""c101_21"", ""r101_21"", ""rc101_21""]","[2014, 2015, 2016]",solution,verified_legacy,results/stage03.1_screening_attempt02/r101_21/2016/stage03.1_screening_attempt02_solution_r101_21_2016.json,results/stage031-cheap-screening_smoke02/solutions/r101_21-alns_stage02_constraint_guided-2016.json,feasible,,not_verified,not_present,not_applicable,not_published,8c11ba54bd00d8e03dd04f927e2ee9c02174915748cd911c8f22aad016adf6d6,raw_manifest,a57023d4dbe08dbe7b10a21ce522a4a38d115b318c6b97b99c848b1f7927243d,e1840ebd3945bac63a1a1db5e13438dc2d1aad0b75fff316f3a4685d50583551,0e5a3dffffbd3c516b528ef32ba1a488b817d2f151fc3e8c81023814de1c103a,f550201bdd671f54a839300061d30a4d0885c467be5bfcc2447c27c10baf525d,b226b97e0e67288aaaf85726ad855df71cb81406685c57c8e8c40cd8996aa0da,7795e513917e401340cdb217b3f5ac30011cf67e,False,"{""VRP-EVRP-Project-Hub"": {""dirty"": false, ""path"": ""/Users/guoyiyang/Documents/GitHub/FURP-2026-Yiyang-GUO-EVRP-TW/reference/VRP-EVRP-Project-Hub"", ""revision"": ""e3a890065105f978187e532642c4442522215e02""}, ""py-ga-VRPTW"": {""dirty"": false, ""path"": ""/Users/guoyiyang/Documents/GitHub/FURP-2026-Yiyang-GUO-EVRP-TW/reference/py-ga-VRPTW"", ""revision"": ""8e005caaaf6471a4505588d88c7f0f5e0d4ebffa""}}",stage03.0_measurement_attempt05,,preserve;see stage03_legacy_path_map.csv,legacy,legacy_json_or_jsonl,none,legacy,legacy_unknown,,,2506,legacy_compatible
stage03.1,screening,stage03.1_screening_attempt02,attempt02,stage03.1_screening_attempt02,stage031_cheap_screening_smoke02,smoke,r105C5,2014,"[""c101C5"", ""r105C5"", ""rc105C5"", ""c101_21"", ""r101_21"", ""rc101_21""]","[2014, 2015, 2016]",solution,verified_legacy,results/stage03.1_screening_attempt02/r105C5/2014/stage03.1_screening_attempt02_solution_r105C5_2014.json,results/stage031-cheap-screening_smoke02/solutions/r105C5-alns_stage02_constraint_guided-2014.json,feasible,,not_verified,not_present,not_applicable,not_published,37f614411458fbc7802b1db8344ab4be5ef9dc9767d4851e1d3b65f343139676,raw_manifest,a57023d4dbe08dbe7b10a21ce522a4a38d115b318c6b97b99c848b1f7927243d,e1840ebd3945bac63a1a1db5e13438dc2d1aad0b75fff316f3a4685d50583551,eb27ec04e799ee6d39dee3d66f15128e197811afa8c664295acbdf6444176434,66f513b9b825a33d8815be7cd4bd762fd3ca985317a37c9446f45014c6e0b333,b226b97e0e67288aaaf85726ad855df71cb81406685c57c8e8c40cd8996aa0da,7795e513917e401340cdb217b3f5ac30011cf67e,False,"{""VRP-EVRP-Project-Hub"": {""dirty"": false, ""path"": ""/Users/guoyiyang/Documents/GitHub/FURP-2026-Yiyang-GUO-EVRP-TW/reference/VRP-EVRP-Project-Hub"", ""revision"": ""e3a890065105f978187e532642c4442522215e02""}, ""py-ga-VRPTW"": {""dirty"": false, ""path"": ""/Users/guoyiyang/Documents/GitHub/FURP-2026-Yiyang-GUO-EVRP-TW/reference/py-ga-VRPTW"", ""revision"": ""8e005caaaf6471a4505588d88c7f0f5e0d4ebffa""}}",stage03.0_measurement_attempt05,,preserve;see stage03_legacy_path_map.csv,legacy,legacy_json_or_jsonl,none,legacy,legacy_unknown,,,351,legacy_compatible
stage03.1,screening,stage03.1_screening_attempt02,attempt02,stage03.1_screening_attempt02,stage031_cheap_screening_smoke02,smoke,r105C5,2015,"[""c101C5"", ""r105C5"", ""rc105C5"", ""c101_21"", ""r101_21"", ""rc101_21""]","[2014, 2015, 2016]",solution,verified_legacy,results/stage03.1_screening_attempt02/r105C5/2015/stage03.1_screening_attempt02_solution_r105C5_2015.json,results/stage031-cheap-screening_smoke02/solutions/r105C5-alns_stage02_constraint_guided-2015.json,feasible,,not_verified,not_present,not_applicable,not_published,5986d9d10e21f0dc93293751bd7d938a3769de674f21974964409251ce7e32ce,raw_manifest,a57023d4dbe08dbe7b10a21ce522a4a38d115b318c6b97b99c848b1f7927243d,e1840ebd3945bac63a1a1db5e13438dc2d1aad0b75fff316f3a4685d50583551,eb27ec04e799ee6d39dee3d66f15128e197811afa8c664295acbdf6444176434,b8fdd626c80cea2fb85a55cb1a593880423983868eb002cc2ce2ea0ff4c02366,b226b97e0e67288aaaf85726ad855df71cb81406685c57c8e8c40cd8996aa0da,7795e513917e401340cdb217b3f5ac30011cf67e,False,"{""VRP-EVRP-Project-Hub"": {""dirty"": false, ""path"": ""/Users/guoyiyang/Documents/GitHub/FURP-2026-Yiyang-GUO-EVRP-TW/reference/VRP-EVRP-Project-Hub"", ""revision"": ""e3a890065105f978187e532642c4442522215e02""}, ""py-ga-VRPTW"": {""dirty"": false, ""path"": ""/Users/guoyiyang/Documents/GitHub/FURP-2026-Yiyang-GUO-EVRP-TW/reference/py-ga-VRPTW"", ""revision"": ""8e005caaaf6471a4505588d88c7f0f5e0d4ebffa""}}",stage03.0_measurement_attempt05,,preserve;see stage03_legacy_path_map.csv,legacy,legacy_json_or_jsonl,none,legacy,legacy_unknown,,,351,legacy_compatible
stage03.1,screening,stage03.1_screening_attempt02,attempt02,stage03.1_screening_attempt02,stage031_cheap_screening_smoke02,smoke,r105C5,2016,"[""c101C5"", ""r105C5"", ""rc105C5"", ""c101_21"", ""r101_21"", ""rc101_21""]","[2014, 2015, 2016]",solution,verified_legacy,results/stage03.1_screening_attempt02/r105C5/2016/stage03.1_screening_attempt02_solution_r105C5_2016.json,results/stage031-cheap-screening_smoke02/solutions/r105C5-alns_stage02_constraint_guided-2016.json,feasible,,not_verified,not_present,not_applicable,not_published,06501df94705311d988665f4a9a554aae7cbca6fdb7e497d6fd0161f382f29ab,raw_manifest,a57023d4dbe08dbe7b10a21ce522a4a38d115b318c6b97b99c848b1f7927243d,e1840ebd3945bac63a1a1db5e13438dc2d1aad0b75fff316f3a4685d50583551,eb27ec04e799ee6d39dee3d66f15128e197811afa8c664295acbdf6444176434,102c31340a1b5c0d72606cdd4fed856fa1749896d01f73702dd6ee71ac9c34cf,b226b97e0e67288aaaf85726ad855df71cb81406685c57c8e8c40cd8996aa0da,7795e513917e401340cdb217b3f5ac30011cf67e,False,"{""VRP-EVRP-Project-Hub"": {""dirty"": false, ""path"": ""/Users/guoyiyang/Documents/GitHub/FURP-2026-Yiyang-GUO-EVRP-TW/reference/VRP-EVRP-Project-Hub"", ""revision"": ""e3a890065105f978187e532642c4442522215e02""}, ""py-ga-VRPTW"": {""dirty"": false, ""path"": ""/Users/guoyiyang/Documents/GitHub/FURP-2026-Yiyang-GUO-EVRP-TW/reference/py-ga-VRPTW"", ""revision"": ""8e005caaaf6471a4505588d88c7f0f5e0d4ebffa""}}",stage03.0_measurement_attempt05,,preserve;see stage03_legacy_path_map.csv,legacy,legacy_json_or_jsonl,none,legacy,legacy_unknown,,,351,legacy_compatible
stage03.1,screening,stage03.1_screening_attempt02,attempt02,stage03.1_screening_attempt02,stage031_cheap_screening_smoke02,smoke,rc101_21,2014,"[""c101C5"", ""r105C5"", ""rc105C5"", ""c101_21"", ""r101_21"", ""rc101_21""]","[2014, 2015, 2016]",solution,verified_legacy,results/stage03.1_screening_attempt02/rc101_21/2014/stage03.1_screening_attempt02_solution_rc101_21_2014.json,results/stage031-cheap-screening_smoke02/solutions/rc101_21-alns_stage02_constraint_guided-2014.json,feasible,,not_verified,not_present,not_applicable,not_published,78cd3d1d42cde1a0d2b26c56cd7d2d2d9261e09fcbc0af74e63c9a9ead2d9d30,raw_manifest,a57023d4dbe08dbe7b10a21ce522a4a38d115b318c6b97b99c848b1f7927243d,e1840ebd3945bac63a1a1db5e13438dc2d1aad0b75fff316f3a4685d50583551,272a3e58d53d4ba9516f01506164cf8a9b98bfeeb8dbd1fd62f6557e4c98e3a1,74afe3a289307873d6e2fc1db47a170be88e4fcf1f15c1f3eeb889dbe5fd193f,b226b97e0e67288aaaf85726ad855df71cb81406685c57c8e8c40cd8996aa0da,7795e513917e401340cdb217b3f5ac30011cf67e,False,"{""VRP-EVRP-Project-Hub"": {""dirty"": false, ""path"": ""/Users/guoyiyang/Documents/GitHub/FURP-2026-Yiyang-GUO-EVRP-TW/reference/VRP-EVRP-Project-Hub"", ""revision"": ""e3a890065105f978187e532642c4442522215e02""}, ""py-ga-VRPTW"": {""dirty"": false, ""path"": ""/Users/guoyiyang/Documents/GitHub/FURP-2026-Yiyang-GUO-EVRP-TW/reference/py-ga-VRPTW"", ""revision"": ""8e005caaaf6471a4505588d88c7f0f5e0d4ebffa""}}",stage03.0_measurement_attempt05,,preserve;see stage03_legacy_path_map.csv,legacy,legacy_json_or_jsonl,none,legacy,legacy_unknown,,,2400,legacy_compatible
stage03.1,screening,stage03.1_screening_attempt02,attempt02,stage03.1_screening_attempt02,stage031_cheap_screening_smoke02,smoke,rc101_21,2015,"[""c101C5"", ""r105C5"", ""rc105C5"", ""c101_21"", ""r101_21"", ""rc101_21""]","[2014, 2015, 2016]",solution,verified_legacy,results/stage03.1_screening_attempt02/rc101_21/2015/stage03.1_screening_attempt02_solution_rc101_21_2015.json,results/stage031-cheap-screening_smoke02/solutions/rc101_21-alns_stage02_constraint_guided-2015.json,feasible,,not_verified,not_present,not_applicable,not_published,362609c7cecf099b1e4b4cecb98bcd26bd544c63502640b713b1afc6a29e84ea,raw_manifest,a57023d4dbe08dbe7b10a21ce522a4a38d115b318c6b97b99c848b1f7927243d,e1840ebd3945bac63a1a1db5e13438dc2d1aad0b75fff316f3a4685d50583551,272a3e58d53d4ba9516f01506164cf8a9b98bfeeb8dbd1fd62f6557e4c98e3a1,80364d4f067ab60ccd8d79342f83ff6aef072b6721e99892d29528c5059b2136,b226b97e0e67288aaaf85726ad855df71cb81406685c57c8e8c40cd8996aa0da,7795e513917e401340cdb217b3f5ac30011cf67e,False,"{""VRP-EVRP-Project-Hub"": {""dirty"": false, ""path"": ""/Users/guoyiyang/Documents/GitHub/FURP-2026-Yiyang-GUO-EVRP-TW/reference/VRP-EVRP-Project-Hub"", ""revision"": ""e3a890065105f978187e532642c4442522215e02""}, ""py-ga-VRPTW"": {""dirty"": false, ""path"": ""/Users/guoyiyang/Documents/GitHub/FURP-2026-Yiyang-GUO-EVRP-TW/reference/py-ga-VRPTW"", ""revision"": ""8e005caaaf6471a4505588d88c7f0f5e0d4ebffa""}}",stage03.0_measurement_attempt05,,preserve;see stage03_legacy_path_map.csv,legacy,legacy_json_or_jsonl,none,legacy,legacy_unknown,,,2339,legacy_compatible
stage03.1,screening,stage03.1_screening_attempt02,attempt02,stage03.1_screening_attempt02,stage031_cheap_screening_smoke02,smoke,rc101_21,2016,"[""c101C5"", ""r105C5"", ""rc105C5"", ""c101_21"", ""r101_21"", ""rc101_21""]","[2014, 2015, 2016]",solution,verified_legacy,results/stage03.1_screening_attempt02/rc101_21/2016/stage03.1_screening_attempt02_solution_rc101_21_2016.json,results/stage031-cheap-screening_smoke02/solutions/rc101_21-alns_stage02_constraint_guided-2016.json,feasible,,not_verified,not_present,not_applicable,not_published,75d101889349a7b274a32c5c3508e09fd9e27f67ff2bfe0c0ae351ee92cbf018,raw_manifest,a57023d4dbe08dbe7b10a21ce522a4a38d115b318c6b97b99c848b1f7927243d,e1840ebd3945bac63a1a1db5e13438dc2d1aad0b75fff316f3a4685d50583551,272a3e58d53d4ba9516f01506164cf8a9b98bfeeb8dbd1fd62f6557e4c98e3a1,7a6c4a82edc46d37930c9177b299a32d7f19190d510ca8a4eb9651dce64aa32f,b226b97e0e67288aaaf85726ad855df71cb81406685c57c8e8c40cd8996aa0da,7795e513917e401340cdb217b3f5ac30011cf67e,False,"{""VRP-EVRP-Project-Hub"": {""dirty"": false, ""path"": ""/Users/guoyiyang/Documents/GitHub/FURP-2026-Yiyang-GUO-EVRP-TW/reference/VRP-EVRP-Project-Hub"", ""revision"": ""e3a890065105f978187e532642c4442522215e02""}, ""py-ga-VRPTW"": {""dirty"": false, ""path"": ""/Users/guoyiyang/Documents/GitHub/FURP-2026-Yiyang-GUO-EVRP-TW/reference/py-ga-VRPTW"", ""revision"": ""8e005caaaf6471a4505588d88c7f0f5e0d4ebffa""}}",stage03.0_measurement_attempt05,,preserve;see stage03_legacy_path_map.csv,legacy,legacy_json_or_jsonl,none,legacy,legacy_unknown,,,2426,legacy_compatible
stage03.1,screening,stage03.1_screening_attempt02,attempt02,stage03.1_screening_attempt02,stage031_cheap_screening_smoke02,smoke,rc105C5,2014,"[""c101C5"", ""r105C5"", ""rc105C5"", ""c101_21"", ""r101_21"", ""rc101_21""]","[2014, 2015, 2016]",solution,verified_legacy,results/stage03.1_screening_attempt02/rc105C5/2014/stage03.1_screening_attempt02_solution_rc105C5_2014.json,results/stage031-cheap-screening_smoke02/solutions/rc105C5-alns_stage02_constraint_guided-2014.json,feasible,,not_verified,not_present,not_applicable,not_published,707124f4dc787ca88f5388fa3b1cdac327b82829474633871b32b34f00b4026e,raw_manifest,a57023d4dbe08dbe7b10a21ce522a4a38d115b318c6b97b99c848b1f7927243d,e1840ebd3945bac63a1a1db5e13438dc2d1aad0b75fff316f3a4685d50583551,2ccfba6c447fa43a994934690acb67c7355ca04d232394907ed6938bc362c643,4bcc8624c750e5fd061e59044ec20de6f242253d30cde2d0b28649e6be21aff5,b226b97e0e67288aaaf85726ad855df71cb81406685c57c8e8c40cd8996aa0da,7795e513917e401340cdb217b3f5ac30011cf67e,False,"{""VRP-EVRP-Project-Hub"": {""dirty"": false, ""path"": ""/Users/guoyiyang/Documents/GitHub/FURP-2026-Yiyang-GUO-EVRP-TW/reference/VRP-EVRP-Project-Hub"", ""revision"": ""e3a890065105f978187e532642c4442522215e02""}, ""py-ga-VRPTW"": {""dirty"": false, ""path"": ""/Users/guoyiyang/Documents/GitHub/FURP-2026-Yiyang-GUO-EVRP-TW/reference/py-ga-VRPTW"", ""revision"": ""8e005caaaf6471a4505588d88c7f0f5e0d4ebffa""}}",stage03.0_measurement_attempt05,,preserve;see stage03_legacy_path_map.csv,legacy,legacy_json_or_jsonl,none,legacy,legacy_unknown,,,364,legacy_compatible
stage03.1,screening,stage03.1_screening_attempt02,attempt02,stage03.1_screening_attempt02,stage031_cheap_screening_smoke02,smoke,rc105C5,2015,"[""c101C5"", ""r105C5"", ""rc105C5"", ""c101_21"", ""r101_21"", ""rc101_21""]","[2014, 2015, 2016]",solution,verified_legacy,results/stage03.1_screening_attempt02/rc105C5/2015/stage03.1_screening_attempt02_solution_rc105C5_2015.json,results/stage031-cheap-screening_smoke02/solutions/rc105C5-alns_stage02_constraint_guided-2015.json,feasible,,not_verified,not_present,not_applicable,not_published,39653ab2e3da8a9d3aa50c89421d36a09ff96d491401b99036322816394b5b54,raw_manifest,a57023d4dbe08dbe7b10a21ce522a4a38d115b318c6b97b99c848b1f7927243d,e1840ebd3945bac63a1a1db5e13438dc2d1aad0b75fff316f3a4685d50583551,2ccfba6c447fa43a994934690acb67c7355ca04d232394907ed6938bc362c643,164bf8401ecaf8f0304b5fd83a0687d25e59bde25fcecc162984a43a1a0d62cb,b226b97e0e67288aaaf85726ad855df71cb81406685c57c8e8c40cd8996aa0da,7795e513917e401340cdb217b3f5ac30011cf67e,False,"{""VRP-EVRP-Project-Hub"": {""dirty"": false, ""path"": ""/Users/guoyiyang/Documents/GitHub/FURP-2026-Yiyang-GUO-EVRP-TW/reference/VRP-EVRP-Project-Hub"", ""revision"": ""e3a890065105f978187e532642c4442522215e02""}, ""py-ga-VRPTW"": {""dirty"": false, ""path"": ""/Users/guoyiyang/Documents/GitHub/FURP-2026-Yiyang-GUO-EVRP-TW/reference/py-ga-VRPTW"", ""revision"": ""8e005caaaf6471a4505588d88c7f0f5e0d4ebffa""}}",stage03.0_measurement_attempt05,,preserve;see stage03_legacy_path_map.csv,legacy,legacy_json_or_jsonl,none,legacy,legacy_unknown,,,364,legacy_compatible
stage03.1,screening,stage03.1_screening_attempt02,attempt02,stage03.1_screening_attempt02,stage031_cheap_screening_smoke02,smoke,rc105C5,2016,"[""c101C5"", ""r105C5"", ""rc105C5"", ""c101_21"", ""r101_21"", ""rc101_21""]","[2014, 2015, 2016]",solution,verified_legacy,results/stage03.1_screening_attempt02/rc105C5/2016/stage03.1_screening_attempt02_solution_rc105C5_2016.json,results/stage031-cheap-screening_smoke02/solutions/rc105C5-alns_stage02_constraint_guided-2016.json,feasible,,not_verified,not_present,not_applicable,not_published,07b1f3b11b045328517d98b2d0c40fa8775d963d24888b70296134d8c64c58e6,raw_manifest,a57023d4dbe08dbe7b10a21ce522a4a38d115b318c6b97b99c848b1f7927243d,e1840ebd3945bac63a1a1db5e13438dc2d1aad0b75fff316f3a4685d50583551,2ccfba6c447fa43a994934690acb67c7355ca04d232394907ed6938bc362c643,388624e1ecb55c45efd6435bd47b6a2e747106615779c608b36c4679f6cb0a73,b226b97e0e67288aaaf85726ad855df71cb81406685c57c8e8c40cd8996aa0da,7795e513917e401340cdb217b3f5ac30011cf67e,False,"{""VRP-EVRP-Project-Hub"": {""dirty"": false, ""path"": ""/Users/guoyiyang/Documents/GitHub/FURP-2026-Yiyang-GUO-EVRP-TW/reference/VRP-EVRP-Project-Hub"", ""revision"": ""e3a890065105f978187e532642c4442522215e02""}, ""py-ga-VRPTW"": {""dirty"": false, ""path"": ""/Users/guoyiyang/Documents/GitHub/FURP-2026-Yiyang-GUO-EVRP-TW/reference/py-ga-VRPTW"", ""revision"": ""8e005caaaf6471a4505588d88c7f0f5e0d4ebffa""}}",stage03.0_measurement_attempt05,,preserve;see stage03_legacy_path_map.csv,legacy,legacy_json_or_jsonl,none,legacy,legacy_unknown,,,364,legacy_compatible
stage03.1,screening,stage03.1_screening_attempt02,attempt02,stage03.1_screening_attempt02,stage031_cheap_screening_smoke02,smoke,c101C5,2014,"[""c101C5"", ""r105C5"", ""rc105C5"", ""c101_21"", ""r101_21"", ""rc101_21""]","[2014, 2015, 2016]",trace,verified_legacy,results/stage03.1_screening_attempt02/c101C5/2014/stage03.1_screening_attempt02_trace_c101C5_2014.json,results/stage031-cheap-screening_smoke02/traces/c101C5-alns_stage02_constraint_guided-2014.json,feasible,,not_verified,not_present,not_applicable,not_published,2ed9eea11c1d1389b9277ba5cf17a2d0d6ceabed118859f71b41fa736fba4faf,raw_manifest,a57023d4dbe08dbe7b10a21ce522a4a38d115b318c6b97b99c848b1f7927243d,e1840ebd3945bac63a1a1db5e13438dc2d1aad0b75fff316f3a4685d50583551,8612d6d9aad051776097a5e50c7408f39352b8107b0639d58e5eda713f9ff876,99ab571bb93d20f61f4a07fe68108f7a37d8a871d723c80d71ac575b8073cd2b,b226b97e0e67288aaaf85726ad855df71cb81406685c57c8e8c40cd8996aa0da,7795e513917e401340cdb217b3f5ac30011cf67e,False,"{""VRP-EVRP-Project-Hub"": {""dirty"": false, ""path"": ""/Users/guoyiyang/Documents/GitHub/FURP-2026-Yiyang-GUO-EVRP-TW/reference/VRP-EVRP-Project-Hub"", ""revision"": ""e3a890065105f978187e532642c4442522215e02""}, ""py-ga-VRPTW"": {""dirty"": false, ""path"": ""/Users/guoyiyang/Documents/GitHub/FURP-2026-Yiyang-GUO-EVRP-TW/reference/py-ga-VRPTW"", ""revision"": ""8e005caaaf6471a4505588d88c7f0f5e0d4ebffa""}}",stage03.0_measurement_attempt05,,preserve;see stage03_legacy_path_map.csv,legacy,legacy_json_or_jsonl,none,legacy,legacy_unknown,,,15389797,legacy_compatible
stage03.1,screening,stage03.1_screening_attempt02,attempt02,stage03.1_screening_attempt02,stage031_cheap_screening_smoke02,smoke,c101C5,2015,"[""c101C5"", ""r105C5"", ""rc105C5"", ""c101_21"", ""r101_21"", ""rc101_21""]","[2014, 2015, 2016]",trace,verified_legacy,results/stage03.1_screening_attempt02/c101C5/2015/stage03.1_screening_attempt02_trace_c101C5_2015.json,results/stage031-cheap-screening_smoke02/traces/c101C5-alns_stage02_constraint_guided-2015.json,feasible,,not_verified,not_present,not_applicable,not_published,cc4a67f9da72b48e2cf90e38f03a7e4141b967ce0b42a93b34114a7e12dc549d,raw_manifest,a57023d4dbe08dbe7b10a21ce522a4a38d115b318c6b97b99c848b1f7927243d,e1840ebd3945bac63a1a1db5e13438dc2d1aad0b75fff316f3a4685d50583551,8612d6d9aad051776097a5e50c7408f39352b8107b0639d58e5eda713f9ff876,b0fe902c2afab0b0a7c94c4b0e393da1d4d94990d99387d24e821920e6454816,b226b97e0e67288aaaf85726ad855df71cb81406685c57c8e8c40cd8996aa0da,7795e513917e401340cdb217b3f5ac30011cf67e,False,"{""VRP-EVRP-Project-Hub"": {""dirty"": false, ""path"": ""/Users/guoyiyang/Documents/GitHub/FURP-2026-Yiyang-GUO-EVRP-TW/reference/VRP-EVRP-Project-Hub"", ""revision"": ""e3a890065105f978187e532642c4442522215e02""}, ""py-ga-VRPTW"": {""dirty"": false, ""path"": ""/Users/guoyiyang/Documents/GitHub/FURP-2026-Yiyang-GUO-EVRP-TW/reference/py-ga-VRPTW"", ""revision"": ""8e005caaaf6471a4505588d88c7f0f5e0d4ebffa""}}",stage03.0_measurement_attempt05,,preserve;see stage03_legacy_path_map.csv,legacy,legacy_json_or_jsonl,none,legacy,legacy_unknown,,,15000836,legacy_compatible
stage03.1,screening,stage03.1_screening_attempt02,attempt02,stage03.1_screening_attempt02,stage031_cheap_screening_smoke02,smoke,c101C5,2016,"[""c101C5"", ""r105C5"", ""rc105C5"", ""c101_21"", ""r101_21"", ""rc101_21""]","[2014, 2015, 2016]",trace,verified_legacy,results/stage03.1_screening_attempt02/c101C5/2016/stage03.1_screening_attempt02_trace_c101C5_2016.json,results/stage031-cheap-screening_smoke02/traces/c101C5-alns_stage02_constraint_guided-2016.json,feasible,,not_verified,not_present,not_applicable,not_published,a30c36734b57f3f341f255577be104d217725e45fec8b0f6f8ff7bb7d4123f44,raw_manifest,a57023d4dbe08dbe7b10a21ce522a4a38d115b318c6b97b99c848b1f7927243d,e1840ebd3945bac63a1a1db5e13438dc2d1aad0b75fff316f3a4685d50583551,8612d6d9aad051776097a5e50c7408f39352b8107b0639d58e5eda713f9ff876,a18a5a418661b6f53097653ebf3d03cce8232e304de569cf03c7aef4c954a33d,b226b97e0e67288aaaf85726ad855df71cb81406685c57c8e8c40cd8996aa0da,7795e513917e401340cdb217b3f5ac30011cf67e,False,"{""VRP-EVRP-Project-Hub"": {""dirty"": false, ""path"": ""/Users/guoyiyang/Documents/GitHub/FURP-2026-Yiyang-GUO-EVRP-TW/reference/VRP-EVRP-Project-Hub"", ""revision"": ""e3a890065105f978187e532642c4442522215e02""}, ""py-ga-VRPTW"": {""dirty"": false, ""path"": ""/Users/guoyiyang/Documents/GitHub/FURP-2026-Yiyang-GUO-EVRP-TW/reference/py-ga-VRPTW"", ""revision"": ""8e005caaaf6471a4505588d88c7f0f5e0d4ebffa""}}",stage03.0_measurement_attempt05,,preserve;see stage03_legacy_path_map.csv,legacy,legacy_json_or_jsonl,none,legacy,legacy_unknown,,,15290366,legacy_compatible
stage03.1,screening,stage03.1_screening_attempt02,attempt02,stage03.1_screening_attempt02,stage031_cheap_screening_smoke02,smoke,c101_21,2014,"[""c101C5"", ""r105C5"", ""rc105C5"", ""c101_21"", ""r101_21"", ""rc101_21""]","[2014, 2015, 2016]",trace,verified_legacy,results/stage03.1_screening_attempt02/c101_21/2014/stage03.1_screening_attempt02_trace_c101_21_2014.json,results/stage031-cheap-screening_smoke02/traces/c101_21-alns_stage02_constraint_guided-2014.json,feasible,,not_verified,not_present,not_applicable,not_published,cc37f5a296df855599ec1dd29afdc7ece9c86651253ca6f8a5bc8d7ddb48a150,raw_manifest,a57023d4dbe08dbe7b10a21ce522a4a38d115b318c6b97b99c848b1f7927243d,e1840ebd3945bac63a1a1db5e13438dc2d1aad0b75fff316f3a4685d50583551,c5cda6ca63a7d518902cf4b02d98b4aa0f373aaa0658d5c666d1c46d38871cb9,2112f160e5be332b6dae801d359768ec535f08cbae31a1b0cefd069fc170c844,b226b97e0e67288aaaf85726ad855df71cb81406685c57c8e8c40cd8996aa0da,7795e513917e401340cdb217b3f5ac30011cf67e,False,"{""VRP-EVRP-Project-Hub"": {""dirty"": false, ""path"": ""/Users/guoyiyang/Documents/GitHub/FURP-2026-Yiyang-GUO-EVRP-TW/reference/VRP-EVRP-Project-Hub"", ""revision"": ""e3a890065105f978187e532642c4442522215e02""}, ""py-ga-VRPTW"": {""dirty"": false, ""path"": ""/Users/guoyiyang/Documents/GitHub/FURP-2026-Yiyang-GUO-EVRP-TW/reference/py-ga-VRPTW"", ""revision"": ""8e005caaaf6471a4505588d88c7f0f5e0d4ebffa""}}",stage03.0_measurement_attempt05,,preserve;see stage03_legacy_path_map.csv,legacy,legacy_json_or_jsonl,none,legacy,legacy_unknown,,,169357121,legacy_compatible
stage03.1,screening,stage03.1_screening_attempt02,attempt02,stage03.1_screening_attempt02,stage031_cheap_screening_smoke02,smoke,c101_21,2015,"[""c101C5"", ""r105C5"", ""rc105C5"", ""c101_21"", ""r101_21"", ""rc101_21""]","[2014, 2015, 2016]",trace,verified_legacy,results/stage03.1_screening_attempt02/c101_21/2015/stage03.1_screening_attempt02_trace_c101_21_2015.json,results/stage031-cheap-screening_smoke02/traces/c101_21-alns_stage02_constraint_guided-2015.json,feasible,,not_verified,not_present,not_applicable,not_published,3baa824419340748cac441648c454bb7377c8e265bfef2acc0283d89b6c76f6f,raw_manifest,a57023d4dbe08dbe7b10a21ce522a4a38d115b318c6b97b99c848b1f7927243d,e1840ebd3945bac63a1a1db5e13438dc2d1aad0b75fff316f3a4685d50583551,c5cda6ca63a7d518902cf4b02d98b4aa0f373aaa0658d5c666d1c46d38871cb9,191e236d0deae5c5f0f50bf28607d9e5edcb912fc7ad419a11774b21d065fc12,b226b97e0e67288aaaf85726ad855df71cb81406685c57c8e8c40cd8996aa0da,7795e513917e401340cdb217b3f5ac30011cf67e,False,"{""VRP-EVRP-Project-Hub"": {""dirty"": false, ""path"": ""/Users/guoyiyang/Documents/GitHub/FURP-2026-Yiyang-GUO-EVRP-TW/reference/VRP-EVRP-Project-Hub"", ""revision"": ""e3a890065105f978187e532642c4442522215e02""}, ""py-ga-VRPTW"": {""dirty"": false, ""path"": ""/Users/guoyiyang/Documents/GitHub/FURP-2026-Yiyang-GUO-EVRP-TW/reference/py-ga-VRPTW"", ""revision"": ""8e005caaaf6471a4505588d88c7f0f5e0d4ebffa""}}",stage03.0_measurement_attempt05,,preserve;see stage03_legacy_path_map.csv,legacy,legacy_json_or_jsonl,none,legacy,legacy_unknown,,,188893889,legacy_compatible
stage03.1,screening,stage03.1_screening_attempt02,attempt02,stage03.1_screening_attempt02,stage031_cheap_screening_smoke02,smoke,c101_21,2016,"[""c101C5"", ""r105C5"", ""rc105C5"", ""c101_21"", ""r101_21"", ""rc101_21""]","[2014, 2015, 2016]",trace,verified_legacy,results/stage03.1_screening_attempt02/c101_21/2016/stage03.1_screening_attempt02_trace_c101_21_2016.json,results/stage031-cheap-screening_smoke02/traces/c101_21-alns_stage02_constraint_guided-2016.json,feasible,,not_verified,not_present,not_applicable,not_published,389c62ccf0997edd578dbed0cc6053150f5d2c3e39b1db3edfcb1c03d9660559,raw_manifest,a57023d4dbe08dbe7b10a21ce522a4a38d115b318c6b97b99c848b1f7927243d,e1840ebd3945bac63a1a1db5e13438dc2d1aad0b75fff316f3a4685d50583551,c5cda6ca63a7d518902cf4b02d98b4aa0f373aaa0658d5c666d1c46d38871cb9,a2d3a4f69b160f6944a27851fa99ff1ec18c966b28a263751294e14c2abbbcb7,b226b97e0e67288aaaf85726ad855df71cb81406685c57c8e8c40cd8996aa0da,7795e513917e401340cdb217b3f5ac30011cf67e,False,"{""VRP-EVRP-Project-Hub"": {""dirty"": false, ""path"": ""/Users/guoyiyang/Documents/GitHub/FURP-2026-Yiyang-GUO-EVRP-TW/reference/VRP-EVRP-Project-Hub"", ""revision"": ""e3a890065105f978187e532642c4442522215e02""}, ""py-ga-VRPTW"": {""dirty"": false, ""path"": ""/Users/guoyiyang/Documents/GitHub/FURP-2026-Yiyang-GUO-EVRP-TW/reference/py-ga-VRPTW"", ""revision"": ""8e005caaaf6471a4505588d88c7f0f5e0d4ebffa""}}",stage03.0_measurement_attempt05,,preserve;see stage03_legacy_path_map.csv,legacy,legacy_json_or_jsonl,none,legacy,legacy_unknown,,,145331778,legacy_compatible
stage03.1,screening,stage03.1_screening_attempt02,attempt02,stage03.1_screening_attempt02,stage031_cheap_screening_smoke02,smoke,r101_21,2014,"[""c101C5"", ""r105C5"", ""rc105C5"", ""c101_21"", ""r101_21"", ""rc101_21""]","[2014, 2015, 2016]",trace,verified_legacy,results/stage03.1_screening_attempt02/r101_21/2014/stage03.1_screening_attempt02_trace_r101_21_2014.json,results/stage031-cheap-screening_smoke02/traces/r101_21-alns_stage02_constraint_guided-2014.json,feasible,,not_verified,not_present,not_applicable,not_published,b3a8ea001f0d502d88b9f8fe3d705b3b17f70316e9e1c9d96051c975b6474b05,raw_manifest,a57023d4dbe08dbe7b10a21ce522a4a38d115b318c6b97b99c848b1f7927243d,e1840ebd3945bac63a1a1db5e13438dc2d1aad0b75fff316f3a4685d50583551,0e5a3dffffbd3c516b528ef32ba1a488b817d2f151fc3e8c81023814de1c103a,6741f48868dd3a5a782cee5083874cd5a2366f1b9e93fb626f4128090fe4ca07,b226b97e0e67288aaaf85726ad855df71cb81406685c57c8e8c40cd8996aa0da,7795e513917e401340cdb217b3f5ac30011cf67e,False,"{""VRP-EVRP-Project-Hub"": {""dirty"": false, ""path"": ""/Users/guoyiyang/Documents/GitHub/FURP-2026-Yiyang-GUO-EVRP-TW/reference/VRP-EVRP-Project-Hub"", ""revision"": ""e3a890065105f978187e532642c4442522215e02""}, ""py-ga-VRPTW"": {""dirty"": false, ""path"": ""/Users/guoyiyang/Documents/GitHub/FURP-2026-Yiyang-GUO-EVRP-TW/reference/py-ga-VRPTW"", ""revision"": ""8e005caaaf6471a4505588d88c7f0f5e0d4ebffa""}}",stage03.0_measurement_attempt05,,preserve;see stage03_legacy_path_map.csv,legacy,legacy_json_or_jsonl,none,legacy,legacy_unknown,,,210668244,legacy_compatible
stage03.1,screening,stage03.1_screening_attempt02,attempt02,stage03.1_screening_attempt02,stage031_cheap_screening_smoke02,smoke,r101_21,2015,"[""c101C5"", ""r105C5"", ""rc105C5"", ""c101_21"", ""r101_21"", ""rc101_21""]","[2014, 2015, 2016]",trace,verified_legacy,results/stage03.1_screening_attempt02/r101_21/2015/stage03.1_screening_attempt02_trace_r101_21_2015.json,results/stage031-cheap-screening_smoke02/traces/r101_21-alns_stage02_constraint_guided-2015.json,feasible,,not_verified,not_present,not_applicable,not_published,57fa3f1202d59f092280d648b17462dc4a2fa8dd1c2f9f588eb751bbb14119f8,raw_manifest,a57023d4dbe08dbe7b10a21ce522a4a38d115b318c6b97b99c848b1f7927243d,e1840ebd3945bac63a1a1db5e13438dc2d1aad0b75fff316f3a4685d50583551,0e5a3dffffbd3c516b528ef32ba1a488b817d2f151fc3e8c81023814de1c103a,1aa9cf66c5980a6d8b21e348957bdb10b3f5b9672e5afb4bc949f7ebbe055fd9,b226b97e0e67288aaaf85726ad855df71cb81406685c57c8e8c40cd8996aa0da,7795e513917e401340cdb217b3f5ac30011cf67e,False,"{""VRP-EVRP-Project-Hub"": {""dirty"": false, ""path"": ""/Users/guoyiyang/Documents/GitHub/FURP-2026-Yiyang-GUO-EVRP-TW/reference/VRP-EVRP-Project-Hub"", ""revision"": ""e3a890065105f978187e532642c4442522215e02""}, ""py-ga-VRPTW"": {""dirty"": false, ""path"": ""/Users/guoyiyang/Documents/GitHub/FURP-2026-Yiyang-GUO-EVRP-TW/reference/py-ga-VRPTW"", ""revision"": ""8e005caaaf6471a4505588d88c7f0f5e0d4ebffa""}}",stage03.0_measurement_attempt05,,preserve;see stage03_legacy_path_map.csv,legacy,legacy_json_or_jsonl,none,legacy,legacy_unknown,,,270314974,legacy_compatible
stage03.1,screening,stage03.1_screening_attempt02,attempt02,stage03.1_screening_attempt02,stage031_cheap_screening_smoke02,smoke,r101_21,2016,"[""c101C5"", ""r105C5"", ""rc105C5"", ""c101_21"", ""r101_21"", ""rc101_21""]","[2014, 2015, 2016]",trace,verified_legacy,results/stage03.1_screening_attempt02/r101_21/2016/stage03.1_screening_attempt02_trace_r101_21_2016.json,results/stage031-cheap-screening_smoke02/traces/r101_21-alns_stage02_constraint_guided-2016.json,feasible,,not_verified,not_present,not_applicable,not_published,f645b45a0c28d064682d4368cac4f44c401745c9918c9539c631d6390cc18e8a,raw_manifest,a57023d4dbe08dbe7b10a21ce522a4a38d115b318c6b97b99c848b1f7927243d,e1840ebd3945bac63a1a1db5e13438dc2d1aad0b75fff316f3a4685d50583551,0e5a3dffffbd3c516b528ef32ba1a488b817d2f151fc3e8c81023814de1c103a,f550201bdd671f54a839300061d30a4d0885c467be5bfcc2447c27c10baf525d,b226b97e0e67288aaaf85726ad855df71cb81406685c57c8e8c40cd8996aa0da,7795e513917e401340cdb217b3f5ac30011cf67e,False,"{""VRP-EVRP-Project-Hub"": {""dirty"": false, ""path"": ""/Users/guoyiyang/Documents/GitHub/FURP-2026-Yiyang-GUO-EVRP-TW/reference/VRP-EVRP-Project-Hub"", ""revision"": ""e3a890065105f978187e532642c4442522215e02""}, ""py-ga-VRPTW"": {""dirty"": false, ""path"": ""/Users/guoyiyang/Documents/GitHub/FURP-2026-Yiyang-GUO-EVRP-TW/reference/py-ga-VRPTW"", ""revision"": ""8e005caaaf6471a4505588d88c7f0f5e0d4ebffa""}}",stage03.0_measurement_attempt05,,preserve;see stage03_legacy_path_map.csv,legacy,legacy_json_or_jsonl,none,legacy,legacy_unknown,,,242810570,legacy_compatible
stage03.1,screening,stage03.1_screening_attempt02,attempt02,stage03.1_screening_attempt02,stage031_cheap_screening_smoke02,smoke,r105C5,2014,"[""c101C5"", ""r105C5"", ""rc105C5"", ""c101_21"", ""r101_21"", ""rc101_21""]","[2014, 2015, 2016]",trace,verified_legacy,results/stage03.1_screening_attempt02/r105C5/2014/stage03.1_screening_attempt02_trace_r105C5_2014.json,results/stage031-cheap-screening_smoke02/traces/r105C5-alns_stage02_constraint_guided-2014.json,feasible,,not_verified,not_present,not_applicable,not_published,fe222dc533b4e3584d9c09448529408d06f3c6fb16d6f1ab257838bdab2f98c3,raw_manifest,a57023d4dbe08dbe7b10a21ce522a4a38d115b318c6b97b99c848b1f7927243d,e1840ebd3945bac63a1a1db5e13438dc2d1aad0b75fff316f3a4685d50583551,eb27ec04e799ee6d39dee3d66f15128e197811afa8c664295acbdf6444176434,66f513b9b825a33d8815be7cd4bd762fd3ca985317a37c9446f45014c6e0b333,b226b97e0e67288aaaf85726ad855df71cb81406685c57c8e8c40cd8996aa0da,7795e513917e401340cdb217b3f5ac30011cf67e,False,"{""VRP-EVRP-Project-Hub"": {""dirty"": false, ""path"": ""/Users/guoyiyang/Documents/GitHub/FURP-2026-Yiyang-GUO-EVRP-TW/reference/VRP-EVRP-Project-Hub"", ""revision"": ""e3a890065105f978187e532642c4442522215e02""}, ""py-ga-VRPTW"": {""dirty"": false, ""path"": ""/Users/guoyiyang/Documents/GitHub/FURP-2026-Yiyang-GUO-EVRP-TW/reference/py-ga-VRPTW"", ""revision"": ""8e005caaaf6471a4505588d88c7f0f5e0d4ebffa""}}",stage03.0_measurement_attempt05,,preserve;see stage03_legacy_path_map.csv,legacy,legacy_json_or_jsonl,none,legacy,legacy_unknown,,,20415374,legacy_compatible
stage03.1,screening,stage03.1_screening_attempt02,attempt02,stage03.1_screening_attempt02,stage031_cheap_screening_smoke02,smoke,r105C5,2015,"[""c101C5"", ""r105C5"", ""rc105C5"", ""c101_21"", ""r101_21"", ""rc101_21""]","[2014, 2015, 2016]",trace,verified_legacy,results/stage03.1_screening_attempt02/r105C5/2015/stage03.1_screening_attempt02_trace_r105C5_2015.json,results/stage031-cheap-screening_smoke02/traces/r105C5-alns_stage02_constraint_guided-2015.json,feasible,,not_verified,not_present,not_applicable,not_published,0d5a6c36512d4b08799ce8ee04c303646f1fe7dd980c197eba5b463be2acb970,raw_manifest,a57023d4dbe08dbe7b10a21ce522a4a38d115b318c6b97b99c848b1f7927243d,e1840ebd3945bac63a1a1db5e13438dc2d1aad0b75fff316f3a4685d50583551,eb27ec04e799ee6d39dee3d66f15128e197811afa8c664295acbdf6444176434,b8fdd626c80cea2fb85a55cb1a593880423983868eb002cc2ce2ea0ff4c02366,b226b97e0e67288aaaf85726ad855df71cb81406685c57c8e8c40cd8996aa0da,7795e513917e401340cdb217b3f5ac30011cf67e,False,"{""VRP-EVRP-Project-Hub"": {""dirty"": false, ""path"": ""/Users/guoyiyang/Documents/GitHub/FURP-2026-Yiyang-GUO-EVRP-TW/reference/VRP-EVRP-Project-Hub"", ""revision"": ""e3a890065105f978187e532642c4442522215e02""}, ""py-ga-VRPTW"": {""dirty"": false, ""path"": ""/Users/guoyiyang/Documents/GitHub/FURP-2026-Yiyang-GUO-EVRP-TW/reference/py-ga-VRPTW"", ""revision"": ""8e005caaaf6471a4505588d88c7f0f5e0d4ebffa""}}",stage03.0_measurement_attempt05,,preserve;see stage03_legacy_path_map.csv,legacy,legacy_json_or_jsonl,none,legacy,legacy_unknown,,,20377146,legacy_compatible
stage03.1,screening,stage03.1_screening_attempt02,attempt02,stage03.1_screening_attempt02,stage031_cheap_screening_smoke02,smoke,r105C5,2016,"[""c101C5"", ""r105C5"", ""rc105C5"", ""c101_21"", ""r101_21"", ""rc101_21""]","[2014, 2015, 2016]",trace,verified_legacy,results/stage03.1_screening_attempt02/r105C5/2016/stage03.1_screening_attempt02_trace_r105C5_2016.json,results/stage031-cheap-screening_smoke02/traces/r105C5-alns_stage02_constraint_guided-2016.json,feasible,,not_verified,not_present,not_applicable,not_published,cc695ac4089a4c963f4cb25f32e69f511367cbaffca4e116d4357eaff395d226,raw_manifest,a57023d4dbe08dbe7b10a21ce522a4a38d115b318c6b97b99c848b1f7927243d,e1840ebd3945bac63a1a1db5e13438dc2d1aad0b75fff316f3a4685d50583551,eb27ec04e799ee6d39dee3d66f15128e197811afa8c664295acbdf6444176434,102c31340a1b5c0d72606cdd4fed856fa1749896d01f73702dd6ee71ac9c34cf,b226b97e0e67288aaaf85726ad855df71cb81406685c57c8e8c40cd8996aa0da,7795e513917e401340cdb217b3f5ac30011cf67e,False,"{""VRP-EVRP-Project-Hub"": {""dirty"": false, ""path"": ""/Users/guoyiyang/Documents/GitHub/FURP-2026-Yiyang-GUO-EVRP-TW/reference/VRP-EVRP-Project-Hub"", ""revision"": ""e3a890065105f978187e532642c4442522215e02""}, ""py-ga-VRPTW"": {""dirty"": false, ""path"": ""/Users/guoyiyang/Documents/GitHub/FURP-2026-Yiyang-GUO-EVRP-TW/reference/py-ga-VRPTW"", ""revision"": ""8e005caaaf6471a4505588d88c7f0f5e0d4ebffa""}}",stage03.0_measurement_attempt05,,preserve;see stage03_legacy_path_map.csv,legacy,legacy_json_or_jsonl,none,legacy,legacy_unknown,,,20563190,legacy_compatible
stage03.1,screening,stage03.1_screening_attempt02,attempt02,stage03.1_screening_attempt02,stage031_cheap_screening_smoke02,smoke,rc101_21,2014,"[""c101C5"", ""r105C5"", ""rc105C5"", ""c101_21"", ""r101_21"", ""rc101_21""]","[2014, 2015, 2016]",trace,verified_legacy,results/stage03.1_screening_attempt02/rc101_21/2014/stage03.1_screening_attempt02_trace_rc101_21_2014.json,results/stage031-cheap-screening_smoke02/traces/rc101_21-alns_stage02_constraint_guided-2014.json,feasible,,not_verified,not_present,not_applicable,not_published,596f53b918ae867b4029f7d7b5eddf54c58e32f27d7627cd5a060937d98fe943,raw_manifest,a57023d4dbe08dbe7b10a21ce522a4a38d115b318c6b97b99c848b1f7927243d,e1840ebd3945bac63a1a1db5e13438dc2d1aad0b75fff316f3a4685d50583551,272a3e58d53d4ba9516f01506164cf8a9b98bfeeb8dbd1fd62f6557e4c98e3a1,74afe3a289307873d6e2fc1db47a170be88e4fcf1f15c1f3eeb889dbe5fd193f,b226b97e0e67288aaaf85726ad855df71cb81406685c57c8e8c40cd8996aa0da,7795e513917e401340cdb217b3f5ac30011cf67e,False,"{""VRP-EVRP-Project-Hub"": {""dirty"": false, ""path"": ""/Users/guoyiyang/Documents/GitHub/FURP-2026-Yiyang-GUO-EVRP-TW/reference/VRP-EVRP-Project-Hub"", ""revision"": ""e3a890065105f978187e532642c4442522215e02""}, ""py-ga-VRPTW"": {""dirty"": false, ""path"": ""/Users/guoyiyang/Documents/GitHub/FURP-2026-Yiyang-GUO-EVRP-TW/reference/py-ga-VRPTW"", ""revision"": ""8e005caaaf6471a4505588d88c7f0f5e0d4ebffa""}}",stage03.0_measurement_attempt05,,preserve;see stage03_legacy_path_map.csv,legacy,legacy_json_or_jsonl,none,legacy,legacy_unknown,,,124910008,legacy_compatible
stage03.1,screening,stage03.1_screening_attempt02,attempt02,stage03.1_screening_attempt02,stage031_cheap_screening_smoke02,smoke,rc101_21,2015,"[""c101C5"", ""r105C5"", ""rc105C5"", ""c101_21"", ""r101_21"", ""rc101_21""]","[2014, 2015, 2016]",trace,verified_legacy,results/stage03.1_screening_attempt02/rc101_21/2015/stage03.1_screening_attempt02_trace_rc101_21_2015.json,results/stage031-cheap-screening_smoke02/traces/rc101_21-alns_stage02_constraint_guided-2015.json,feasible,,not_verified,not_present,not_applicable,not_published,3a107705dca086fcf9d1ce99cecbad91a8ff89c251ed16d4731df2d4df19c5fa,raw_manifest,a57023d4dbe08dbe7b10a21ce522a4a38d115b318c6b97b99c848b1f7927243d,e1840ebd3945bac63a1a1db5e13438dc2d1aad0b75fff316f3a4685d50583551,272a3e58d53d4ba9516f01506164cf8a9b98bfeeb8dbd1fd62f6557e4c98e3a1,80364d4f067ab60ccd8d79342f83ff6aef072b6721e99892d29528c5059b2136,b226b97e0e67288aaaf85726ad855df71cb81406685c57c8e8c40cd8996aa0da,7795e513917e401340cdb217b3f5ac30011cf67e,False,"{""VRP-EVRP-Project-Hub"": {""dirty"": false, ""path"": ""/Users/guoyiyang/Documents/GitHub/FURP-2026-Yiyang-GUO-EVRP-TW/reference/VRP-EVRP-Project-Hub"", ""revision"": ""e3a890065105f978187e532642c4442522215e02""}, ""py-ga-VRPTW"": {""dirty"": false, ""path"": ""/Users/guoyiyang/Documents/GitHub/FURP-2026-Yiyang-GUO-EVRP-TW/reference/py-ga-VRPTW"", ""revision"": ""8e005caaaf6471a4505588d88c7f0f5e0d4ebffa""}}",stage03.0_measurement_attempt05,,preserve;see stage03_legacy_path_map.csv,legacy,legacy_json_or_jsonl,none,legacy,legacy_unknown,,,134100537,legacy_compatible
stage03.1,screening,stage03.1_screening_attempt02,attempt02,stage03.1_screening_attempt02,stage031_cheap_screening_smoke02,smoke,rc101_21,2016,"[""c101C5"", ""r105C5"", ""rc105C5"", ""c101_21"", ""r101_21"", ""rc101_21""]","[2014, 2015, 2016]",trace,verified_legacy,results/stage03.1_screening_attempt02/rc101_21/2016/stage03.1_screening_attempt02_trace_rc101_21_2016.json,results/stage031-cheap-screening_smoke02/traces/rc101_21-alns_stage02_constraint_guided-2016.json,feasible,,not_verified,not_present,not_applicable,not_published,d719ef61827c8a3ed57fb3850b5d0c555ab6d4eb8a6b280525fea47aa17a231a,raw_manifest,a57023d4dbe08dbe7b10a21ce522a4a38d115b318c6b97b99c848b1f7927243d,e1840ebd3945bac63a1a1db5e13438dc2d1aad0b75fff316f3a4685d50583551,272a3e58d53d4ba9516f01506164cf8a9b98bfeeb8dbd1fd62f6557e4c98e3a1,7a6c4a82edc46d37930c9177b299a32d7f19190d510ca8a4eb9651dce64aa32f,b226b97e0e67288aaaf85726ad855df71cb81406685c57c8e8c40cd8996aa0da,7795e513917e401340cdb217b3f5ac30011cf67e,False,"{""VRP-EVRP-Project-Hub"": {""dirty"": false, ""path"": ""/Users/guoyiyang/Documents/GitHub/FURP-2026-Yiyang-GUO-EVRP-TW/reference/VRP-EVRP-Project-Hub"", ""revision"": ""e3a890065105f978187e532642c4442522215e02""}, ""py-ga-VRPTW"": {""dirty"": false, ""path"": ""/Users/guoyiyang/Documents/GitHub/FURP-2026-Yiyang-GUO-EVRP-TW/reference/py-ga-VRPTW"", ""revision"": ""8e005caaaf6471a4505588d88c7f0f5e0d4ebffa""}}",stage03.0_measurement_attempt05,,preserve;see stage03_legacy_path_map.csv,legacy,legacy_json_or_jsonl,none,legacy,legacy_unknown,,,129221201,legacy_compatible
stage03.1,screening,stage03.1_screening_attempt02,attempt02,stage03.1_screening_attempt02,stage031_cheap_screening_smoke02,smoke,rc105C5,2014,"[""c101C5"", ""r105C5"", ""rc105C5"", ""c101_21"", ""r101_21"", ""rc101_21""]","[2014, 2015, 2016]",trace,verified_legacy,results/stage03.1_screening_attempt02/rc105C5/2014/stage03.1_screening_attempt02_trace_rc105C5_2014.json,results/stage031-cheap-screening_smoke02/traces/rc105C5-alns_stage02_constraint_guided-2014.json,feasible,,not_verified,not_present,not_applicable,not_published,38d5d2791bb77ca2ceb14e5ea9ef5e9d60a6060bfe6abd41439f51538e7f0df3,raw_manifest,a57023d4dbe08dbe7b10a21ce522a4a38d115b318c6b97b99c848b1f7927243d,e1840ebd3945bac63a1a1db5e13438dc2d1aad0b75fff316f3a4685d50583551,2ccfba6c447fa43a994934690acb67c7355ca04d232394907ed6938bc362c643,4bcc8624c750e5fd061e59044ec20de6f242253d30cde2d0b28649e6be21aff5,b226b97e0e67288aaaf85726ad855df71cb81406685c57c8e8c40cd8996aa0da,7795e513917e401340cdb217b3f5ac30011cf67e,False,"{""VRP-EVRP-Project-Hub"": {""dirty"": false, ""path"": ""/Users/guoyiyang/Documents/GitHub/FURP-2026-Yiyang-GUO-EVRP-TW/reference/VRP-EVRP-Project-Hub"", ""revision"": ""e3a890065105f978187e532642c4442522215e02""}, ""py-ga-VRPTW"": {""dirty"": false, ""path"": ""/Users/guoyiyang/Documents/GitHub/FURP-2026-Yiyang-GUO-EVRP-TW/reference/py-ga-VRPTW"", ""revision"": ""8e005caaaf6471a4505588d88c7f0f5e0d4ebffa""}}",stage03.0_measurement_attempt05,,preserve;see stage03_legacy_path_map.csv,legacy,legacy_json_or_jsonl,none,legacy,legacy_unknown,,,18974884,legacy_compatible
stage03.1,screening,stage03.1_screening_attempt02,attempt02,stage03.1_screening_attempt02,stage031_cheap_screening_smoke02,smoke,rc105C5,2015,"[""c101C5"", ""r105C5"", ""rc105C5"", ""c101_21"", ""r101_21"", ""rc101_21""]","[2014, 2015, 2016]",trace,verified_legacy,results/stage03.1_screening_attempt02/rc105C5/2015/stage03.1_screening_attempt02_trace_rc105C5_2015.json,results/stage031-cheap-screening_smoke02/traces/rc105C5-alns_stage02_constraint_guided-2015.json,feasible,,not_verified,not_present,not_applicable,not_published,b5dc5acaeaa58c22851c03afc2592b017aab5e8270a0580012859cea467dcee1,raw_manifest,a57023d4dbe08dbe7b10a21ce522a4a38d115b318c6b97b99c848b1f7927243d,e1840ebd3945bac63a1a1db5e13438dc2d1aad0b75fff316f3a4685d50583551,2ccfba6c447fa43a994934690acb67c7355ca04d232394907ed6938bc362c643,164bf8401ecaf8f0304b5fd83a0687d25e59bde25fcecc162984a43a1a0d62cb,b226b97e0e67288aaaf85726ad855df71cb81406685c57c8e8c40cd8996aa0da,7795e513917e401340cdb217b3f5ac30011cf67e,False,"{""VRP-EVRP-Project-Hub"": {""dirty"": false, ""path"": ""/Users/guoyiyang/Documents/GitHub/FURP-2026-Yiyang-GUO-EVRP-TW/reference/VRP-EVRP-Project-Hub"", ""revision"": ""e3a890065105f978187e532642c4442522215e02""}, ""py-ga-VRPTW"": {""dirty"": false, ""path"": ""/Users/guoyiyang/Documents/GitHub/FURP-2026-Yiyang-GUO-EVRP-TW/reference/py-ga-VRPTW"", ""revision"": ""8e005caaaf6471a4505588d88c7f0f5e0d4ebffa""}}",stage03.0_measurement_attempt05,,preserve;see stage03_legacy_path_map.csv,legacy,legacy_json_or_jsonl,none,legacy,legacy_unknown,,,18916889,legacy_compatible
stage03.1,screening,stage03.1_screening_attempt02,attempt02,stage03.1_screening_attempt02,stage031_cheap_screening_smoke02,smoke,rc105C5,2016,"[""c101C5"", ""r105C5"", ""rc105C5"", ""c101_21"", ""r101_21"", ""rc101_21""]","[2014, 2015, 2016]",trace,verified_legacy,results/stage03.1_screening_attempt02/rc105C5/2016/stage03.1_screening_attempt02_trace_rc105C5_2016.json,results/stage031-cheap-screening_smoke02/traces/rc105C5-alns_stage02_constraint_guided-2016.json,feasible,,not_verified,not_present,not_applicable,not_published,58774d6c5bb6c83f86e5561886df557d97001d82e07b997cb5e44e66d550b8af,raw_manifest,a57023d4dbe08dbe7b10a21ce522a4a38d115b318c6b97b99c848b1f7927243d,e1840ebd3945bac63a1a1db5e13438dc2d1aad0b75fff316f3a4685d50583551,2ccfba6c447fa43a994934690acb67c7355ca04d232394907ed6938bc362c643,388624e1ecb55c45efd6435bd47b6a2e747106615779c608b36c4679f6cb0a73,b226b97e0e67288aaaf85726ad855df71cb81406685c57c8e8c40cd8996aa0da,7795e513917e401340cdb217b3f5ac30011cf67e,False,"{""VRP-EVRP-Project-Hub"": {""dirty"": false, ""path"": ""/Users/guoyiyang/Documents/GitHub/FURP-2026-Yiyang-GUO-EVRP-TW/reference/VRP-EVRP-Project-Hub"", ""revision"": ""e3a890065105f978187e532642c4442522215e02""}, ""py-ga-VRPTW"": {""dirty"": false, ""path"": ""/Users/guoyiyang/Documents/GitHub/FURP-2026-Yiyang-GUO-EVRP-TW/reference/py-ga-VRPTW"", ""revision"": ""8e005caaaf6471a4505588d88c7f0f5e0d4ebffa""}}",stage03.0_measurement_attempt05,,preserve;see stage03_legacy_path_map.csv,legacy,legacy_json_or_jsonl,none,legacy,legacy_unknown,,,19107417,legacy_compatible
stage03.1,screening,stage03.1_screening_attempt03,attempt03,stage03.1_screening_attempt03,stage031_cheap_screening_smoke03,smoke,__all__,__all__,"[""c101C5"", ""r105C5"", ""rc105C5"", ""c101_21"", ""r101_21"", ""rc101_21""]","[2014, 2015, 2016]",environment,verified_legacy,results/stage03.1_screening_attempt03/control/stage03.1_screening_attempt03_environment.json,results/stage031-cheap-screening_smoke03/environment.json,feasible,,pass,READY_FOR_STAGE031_FORMAL_MEASUREMENT,not_applicable,pass,efcc6acdef1c54d80656bb8dad4eab9e8e3fccf7ded8ae8a5767bb6d763596ff,raw_manifest,5f2508b8a49aa0d538c56e3bf2c45ad03534e7d9eec3cc935b786488d2655c61,e1840ebd3945bac63a1a1db5e13438dc2d1aad0b75fff316f3a4685d50583551,,,b226b97e0e67288aaaf85726ad855df71cb81406685c57c8e8c40cd8996aa0da,9967f1a92bba2e3d0c583e4a912afa80e9731f02,False,"{""VRP-EVRP-Project-Hub"": {""dirty"": false, ""path"": ""/Users/guoyiyang/Documents/GitHub/FURP-2026-Yiyang-GUO-EVRP-TW/reference/VRP-EVRP-Project-Hub"", ""revision"": ""e3a890065105f978187e532642c4442522215e02""}, ""py-ga-VRPTW"": {""dirty"": false, ""path"": ""/Users/guoyiyang/Documents/GitHub/FURP-2026-Yiyang-GUO-EVRP-TW/reference/py-ga-VRPTW"", ""revision"": ""8e005caaaf6471a4505588d88c7f0f5e0d4ebffa""}}",stage03.0_measurement_attempt05,,preserve;see stage03_legacy_path_map.csv,legacy,legacy_json_or_jsonl,none,legacy,legacy_unknown,,,9784,legacy_compatible
stage03.1,screening,stage03.1_screening_attempt03,attempt03,stage03.1_screening_attempt03,stage031_cheap_screening_smoke03,smoke,c101C5,2014,"[""c101C5"", ""r105C5"", ""rc105C5"", ""c101_21"", ""r101_21"", ""rc101_21""]","[2014, 2015, 2016]",environment,verified_legacy,results/stage03.1_screening_attempt03/c101C5/2014/stage03.1_screening_attempt03_environment_c101C5_2014.json,results/stage031-cheap-screening_smoke03/environments/c101C5-alns_stage02_constraint_guided-2014.json,feasible,,pass,READY_FOR_STAGE031_FORMAL_MEASUREMENT,not_applicable,pass,75e3a7afe1ed3706a7861c1aa183fe826898e4649d5bc61ab80f790ad965dbb8,raw_manifest,5f2508b8a49aa0d538c56e3bf2c45ad03534e7d9eec3cc935b786488d2655c61,e1840ebd3945bac63a1a1db5e13438dc2d1aad0b75fff316f3a4685d50583551,8612d6d9aad051776097a5e50c7408f39352b8107b0639d58e5eda713f9ff876,7463c37b485ba271e50759929f0f7e052c75d617b27146feb67bf535b374e4b4,b226b97e0e67288aaaf85726ad855df71cb81406685c57c8e8c40cd8996aa0da,9967f1a92bba2e3d0c583e4a912afa80e9731f02,False,"{""VRP-EVRP-Project-Hub"": {""dirty"": false, ""path"": ""/Users/guoyiyang/Documents/GitHub/FURP-2026-Yiyang-GUO-EVRP-TW/reference/VRP-EVRP-Project-Hub"", ""revision"": ""e3a890065105f978187e532642c4442522215e02""}, ""py-ga-VRPTW"": {""dirty"": false, ""path"": ""/Users/guoyiyang/Documents/GitHub/FURP-2026-Yiyang-GUO-EVRP-TW/reference/py-ga-VRPTW"", ""revision"": ""8e005caaaf6471a4505588d88c7f0f5e0d4ebffa""}}",stage03.0_measurement_attempt05,,preserve;see stage03_legacy_path_map.csv,legacy,legacy_json_or_jsonl,none,legacy,legacy_unknown,,,2715,legacy_compatible
stage03.1,screening,stage03.1_screening_attempt03,attempt03,stage03.1_screening_attempt03,stage031_cheap_screening_smoke03,smoke,c101C5,2015,"[""c101C5"", ""r105C5"", ""rc105C5"", ""c101_21"", ""r101_21"", ""rc101_21""]","[2014, 2015, 2016]",environment,verified_legacy,results/stage03.1_screening_attempt03/c101C5/2015/stage03.1_screening_attempt03_environment_c101C5_2015.json,results/stage031-cheap-screening_smoke03/environments/c101C5-alns_stage02_constraint_guided-2015.json,feasible,,pass,READY_FOR_STAGE031_FORMAL_MEASUREMENT,not_applicable,pass,e4ed1b97f4cd05a1a92ca4b4aaa4f9427a3f3b800ea46887dd9188e69f91c014,raw_manifest,5f2508b8a49aa0d538c56e3bf2c45ad03534e7d9eec3cc935b786488d2655c61,e1840ebd3945bac63a1a1db5e13438dc2d1aad0b75fff316f3a4685d50583551,8612d6d9aad051776097a5e50c7408f39352b8107b0639d58e5eda713f9ff876,6e4738c9c9640f2ffabcb78d67b8813122cd71e1af022edcb9609a5200c76fac,b226b97e0e67288aaaf85726ad855df71cb81406685c57c8e8c40cd8996aa0da,9967f1a92bba2e3d0c583e4a912afa80e9731f02,False,"{""VRP-EVRP-Project-Hub"": {""dirty"": false, ""path"": ""/Users/guoyiyang/Documents/GitHub/FURP-2026-Yiyang-GUO-EVRP-TW/reference/VRP-EVRP-Project-Hub"", ""revision"": ""e3a890065105f978187e532642c4442522215e02""}, ""py-ga-VRPTW"": {""dirty"": false, ""path"": ""/Users/guoyiyang/Documents/GitHub/FURP-2026-Yiyang-GUO-EVRP-TW/reference/py-ga-VRPTW"", ""revision"": ""8e005caaaf6471a4505588d88c7f0f5e0d4ebffa""}}",stage03.0_measurement_attempt05,,preserve;see stage03_legacy_path_map.csv,legacy,legacy_json_or_jsonl,none,legacy,legacy_unknown,,,2716,legacy_compatible
stage03.1,screening,stage03.1_screening_attempt03,attempt03,stage03.1_screening_attempt03,stage031_cheap_screening_smoke03,smoke,c101C5,2016,"[""c101C5"", ""r105C5"", ""rc105C5"", ""c101_21"", ""r101_21"", ""rc101_21""]","[2014, 2015, 2016]",environment,verified_legacy,results/stage03.1_screening_attempt03/c101C5/2016/stage03.1_screening_attempt03_environment_c101C5_2016.json,results/stage031-cheap-screening_smoke03/environments/c101C5-alns_stage02_constraint_guided-2016.json,feasible,,pass,READY_FOR_STAGE031_FORMAL_MEASUREMENT,not_applicable,pass,71d16795fa33dd9c71804f3164cb5258e85b2210c74fd448e4ec531d7a596a5a,raw_manifest,5f2508b8a49aa0d538c56e3bf2c45ad03534e7d9eec3cc935b786488d2655c61,e1840ebd3945bac63a1a1db5e13438dc2d1aad0b75fff316f3a4685d50583551,8612d6d9aad051776097a5e50c7408f39352b8107b0639d58e5eda713f9ff876,2ae40ca508dd1d6c13b01e9aef0ff7182e293b6de30581d765f25242a7f8e5d5,b226b97e0e67288aaaf85726ad855df71cb81406685c57c8e8c40cd8996aa0da,9967f1a92bba2e3d0c583e4a912afa80e9731f02,False,"{""VRP-EVRP-Project-Hub"": {""dirty"": false, ""path"": ""/Users/guoyiyang/Documents/GitHub/FURP-2026-Yiyang-GUO-EVRP-TW/reference/VRP-EVRP-Project-Hub"", ""revision"": ""e3a890065105f978187e532642c4442522215e02""}, ""py-ga-VRPTW"": {""dirty"": false, ""path"": ""/Users/guoyiyang/Documents/GitHub/FURP-2026-Yiyang-GUO-EVRP-TW/reference/py-ga-VRPTW"", ""revision"": ""8e005caaaf6471a4505588d88c7f0f5e0d4ebffa""}}",stage03.0_measurement_attempt05,,preserve;see stage03_legacy_path_map.csv,legacy,legacy_json_or_jsonl,none,legacy,legacy_unknown,,,2716,legacy_compatible
stage03.1,screening,stage03.1_screening_attempt03,attempt03,stage03.1_screening_attempt03,stage031_cheap_screening_smoke03,smoke,c101_21,2014,"[""c101C5"", ""r105C5"", ""rc105C5"", ""c101_21"", ""r101_21"", ""rc101_21""]","[2014, 2015, 2016]",environment,verified_legacy,results/stage03.1_screening_attempt03/c101_21/2014/stage03.1_screening_attempt03_environment_c101_21_2014.json,results/stage031-cheap-screening_smoke03/environments/c101_21-alns_stage02_constraint_guided-2014.json,feasible,,pass,READY_FOR_STAGE031_FORMAL_MEASUREMENT,not_applicable,pass,d983b8e9f073c9bf1a51c8871e76539e19f8a082a49b0a14e6d77ee3f1778e9f,raw_manifest,5f2508b8a49aa0d538c56e3bf2c45ad03534e7d9eec3cc935b786488d2655c61,e1840ebd3945bac63a1a1db5e13438dc2d1aad0b75fff316f3a4685d50583551,c5cda6ca63a7d518902cf4b02d98b4aa0f373aaa0658d5c666d1c46d38871cb9,2ced53fe3315b1bceb2a0b7e355f72490e0cd0d59df0f9b6d1bf8668e241ca60,b226b97e0e67288aaaf85726ad855df71cb81406685c57c8e8c40cd8996aa0da,9967f1a92bba2e3d0c583e4a912afa80e9731f02,False,"{""VRP-EVRP-Project-Hub"": {""dirty"": false, ""path"": ""/Users/guoyiyang/Documents/GitHub/FURP-2026-Yiyang-GUO-EVRP-TW/reference/VRP-EVRP-Project-Hub"", ""revision"": ""e3a890065105f978187e532642c4442522215e02""}, ""py-ga-VRPTW"": {""dirty"": false, ""path"": ""/Users/guoyiyang/Documents/GitHub/FURP-2026-Yiyang-GUO-EVRP-TW/reference/py-ga-VRPTW"", ""revision"": ""8e005caaaf6471a4505588d88c7f0f5e0d4ebffa""}}",stage03.0_measurement_attempt05,,preserve;see stage03_legacy_path_map.csv,legacy,legacy_json_or_jsonl,none,legacy,legacy_unknown,,,2717,legacy_compatible
stage03.1,screening,stage03.1_screening_attempt03,attempt03,stage03.1_screening_attempt03,stage031_cheap_screening_smoke03,smoke,c101_21,2015,"[""c101C5"", ""r105C5"", ""rc105C5"", ""c101_21"", ""r101_21"", ""rc101_21""]","[2014, 2015, 2016]",environment,verified_legacy,results/stage03.1_screening_attempt03/c101_21/2015/stage03.1_screening_attempt03_environment_c101_21_2015.json,results/stage031-cheap-screening_smoke03/environments/c101_21-alns_stage02_constraint_guided-2015.json,feasible,,pass,READY_FOR_STAGE031_FORMAL_MEASUREMENT,not_applicable,pass,e1c315ffc5cb7fde92d1710d6ab4cbae0e48da1f215645ff035b9d2343ecec55,raw_manifest,5f2508b8a49aa0d538c56e3bf2c45ad03534e7d9eec3cc935b786488d2655c61,e1840ebd3945bac63a1a1db5e13438dc2d1aad0b75fff316f3a4685d50583551,c5cda6ca63a7d518902cf4b02d98b4aa0f373aaa0658d5c666d1c46d38871cb9,2ad1493ea7e25c1b282127eee1e13a847c17d7ee11456f8e78f9582b6e5ccba1,b226b97e0e67288aaaf85726ad855df71cb81406685c57c8e8c40cd8996aa0da,9967f1a92bba2e3d0c583e4a912afa80e9731f02,False,"{""VRP-EVRP-Project-Hub"": {""dirty"": false, ""path"": ""/Users/guoyiyang/Documents/GitHub/FURP-2026-Yiyang-GUO-EVRP-TW/reference/VRP-EVRP-Project-Hub"", ""revision"": ""e3a890065105f978187e532642c4442522215e02""}, ""py-ga-VRPTW"": {""dirty"": false, ""path"": ""/Users/guoyiyang/Documents/GitHub/FURP-2026-Yiyang-GUO-EVRP-TW/reference/py-ga-VRPTW"", ""revision"": ""8e005caaaf6471a4505588d88c7f0f5e0d4ebffa""}}",stage03.0_measurement_attempt05,,preserve;see stage03_legacy_path_map.csv,legacy,legacy_json_or_jsonl,none,legacy,legacy_unknown,,,2718,legacy_compatible
stage03.1,screening,stage03.1_screening_attempt03,attempt03,stage03.1_screening_attempt03,stage031_cheap_screening_smoke03,smoke,c101_21,2016,"[""c101C5"", ""r105C5"", ""rc105C5"", ""c101_21"", ""r101_21"", ""rc101_21""]","[2014, 2015, 2016]",environment,verified_legacy,results/stage03.1_screening_attempt03/c101_21/2016/stage03.1_screening_attempt03_environment_c101_21_2016.json,results/stage031-cheap-screening_smoke03/environments/c101_21-alns_stage02_constraint_guided-2016.json,feasible,,pass,READY_FOR_STAGE031_FORMAL_MEASUREMENT,not_applicable,pass,5a9cbfd68001dbe19aaaea987983c8d1a84762fdf90b4e876e332c1e7b9e6ae7,raw_manifest,5f2508b8a49aa0d538c56e3bf2c45ad03534e7d9eec3cc935b786488d2655c61,e1840ebd3945bac63a1a1db5e13438dc2d1aad0b75fff316f3a4685d50583551,c5cda6ca63a7d518902cf4b02d98b4aa0f373aaa0658d5c666d1c46d38871cb9,10984b91aaab9e08c67f1586131e869120d30c4aababed1710986dee534630ef,b226b97e0e67288aaaf85726ad855df71cb81406685c57c8e8c40cd8996aa0da,9967f1a92bba2e3d0c583e4a912afa80e9731f02,False,"{""VRP-EVRP-Project-Hub"": {""dirty"": false, ""path"": ""/Users/guoyiyang/Documents/GitHub/FURP-2026-Yiyang-GUO-EVRP-TW/reference/VRP-EVRP-Project-Hub"", ""revision"": ""e3a890065105f978187e532642c4442522215e02""}, ""py-ga-VRPTW"": {""dirty"": false, ""path"": ""/Users/guoyiyang/Documents/GitHub/FURP-2026-Yiyang-GUO-EVRP-TW/reference/py-ga-VRPTW"", ""revision"": ""8e005caaaf6471a4505588d88c7f0f5e0d4ebffa""}}",stage03.0_measurement_attempt05,,preserve;see stage03_legacy_path_map.csv,legacy,legacy_json_or_jsonl,none,legacy,legacy_unknown,,,2718,legacy_compatible
stage03.1,screening,stage03.1_screening_attempt03,attempt03,stage03.1_screening_attempt03,stage031_cheap_screening_smoke03,smoke,r101_21,2014,"[""c101C5"", ""r105C5"", ""rc105C5"", ""c101_21"", ""r101_21"", ""rc101_21""]","[2014, 2015, 2016]",environment,verified_legacy,results/stage03.1_screening_attempt03/r101_21/2014/stage03.1_screening_attempt03_environment_r101_21_2014.json,results/stage031-cheap-screening_smoke03/environments/r101_21-alns_stage02_constraint_guided-2014.json,feasible,,pass,READY_FOR_STAGE031_FORMAL_MEASUREMENT,not_applicable,pass,eeebbcd8d353d9fd5337d2fce109f9f0b8be4ad3f386490a52c8c17523fe6e22,raw_manifest,5f2508b8a49aa0d538c56e3bf2c45ad03534e7d9eec3cc935b786488d2655c61,e1840ebd3945bac63a1a1db5e13438dc2d1aad0b75fff316f3a4685d50583551,0e5a3dffffbd3c516b528ef32ba1a488b817d2f151fc3e8c81023814de1c103a,1dd901e9f74b3886e50f98fe652027f4ebc5780f515eced5f59878f62886f3d3,b226b97e0e67288aaaf85726ad855df71cb81406685c57c8e8c40cd8996aa0da,9967f1a92bba2e3d0c583e4a912afa80e9731f02,False,"{""VRP-EVRP-Project-Hub"": {""dirty"": false, ""path"": ""/Users/guoyiyang/Documents/GitHub/FURP-2026-Yiyang-GUO-EVRP-TW/reference/VRP-EVRP-Project-Hub"", ""revision"": ""e3a890065105f978187e532642c4442522215e02""}, ""py-ga-VRPTW"": {""dirty"": false, ""path"": ""/Users/guoyiyang/Documents/GitHub/FURP-2026-Yiyang-GUO-EVRP-TW/reference/py-ga-VRPTW"", ""revision"": ""8e005caaaf6471a4505588d88c7f0f5e0d4ebffa""}}",stage03.0_measurement_attempt05,,preserve;see stage03_legacy_path_map.csv,legacy,legacy_json_or_jsonl,none,legacy,legacy_unknown,,,2718,legacy_compatible
stage03.1,screening,stage03.1_screening_attempt03,attempt03,stage03.1_screening_attempt03,stage031_cheap_screening_smoke03,smoke,r101_21,2015,"[""c101C5"", ""r105C5"", ""rc105C5"", ""c101_21"", ""r101_21"", ""rc101_21""]","[2014, 2015, 2016]",environment,verified_legacy,results/stage03.1_screening_attempt03/r101_21/2015/stage03.1_screening_attempt03_environment_r101_21_2015.json,results/stage031-cheap-screening_smoke03/environments/r101_21-alns_stage02_constraint_guided-2015.json,feasible,,pass,READY_FOR_STAGE031_FORMAL_MEASUREMENT,not_applicable,pass,67019d9242080bad6430794f4c297a797a6de1c271d00f4d24df30b80eef8358,raw_manifest,5f2508b8a49aa0d538c56e3bf2c45ad03534e7d9eec3cc935b786488d2655c61,e1840ebd3945bac63a1a1db5e13438dc2d1aad0b75fff316f3a4685d50583551,0e5a3dffffbd3c516b528ef32ba1a488b817d2f151fc3e8c81023814de1c103a,e2625d95ced293e95f3acfcc227802ece89a7b2b64bbf1d1f8a4f05a801b72d4,b226b97e0e67288aaaf85726ad855df71cb81406685c57c8e8c40cd8996aa0da,9967f1a92bba2e3d0c583e4a912afa80e9731f02,False,"{""VRP-EVRP-Project-Hub"": {""dirty"": false, ""path"": ""/Users/guoyiyang/Documents/GitHub/FURP-2026-Yiyang-GUO-EVRP-TW/reference/VRP-EVRP-Project-Hub"", ""revision"": ""e3a890065105f978187e532642c4442522215e02""}, ""py-ga-VRPTW"": {""dirty"": false, ""path"": ""/Users/guoyiyang/Documents/GitHub/FURP-2026-Yiyang-GUO-EVRP-TW/reference/py-ga-VRPTW"", ""revision"": ""8e005caaaf6471a4505588d88c7f0f5e0d4ebffa""}}",stage03.0_measurement_attempt05,,preserve;see stage03_legacy_path_map.csv,legacy,legacy_json_or_jsonl,none,legacy,legacy_unknown,,,2718,legacy_compatible
stage03.1,screening,stage03.1_screening_attempt03,attempt03,stage03.1_screening_attempt03,stage031_cheap_screening_smoke03,smoke,r101_21,2016,"[""c101C5"", ""r105C5"", ""rc105C5"", ""c101_21"", ""r101_21"", ""rc101_21""]","[2014, 2015, 2016]",environment,verified_legacy,results/stage03.1_screening_attempt03/r101_21/2016/stage03.1_screening_attempt03_environment_r101_21_2016.json,results/stage031-cheap-screening_smoke03/environments/r101_21-alns_stage02_constraint_guided-2016.json,feasible,,pass,READY_FOR_STAGE031_FORMAL_MEASUREMENT,not_applicable,pass,093904f2903075a13a5fc357c293600f82b5dfb7da4c8e269fd85895e7e8d88c,raw_manifest,5f2508b8a49aa0d538c56e3bf2c45ad03534e7d9eec3cc935b786488d2655c61,e1840ebd3945bac63a1a1db5e13438dc2d1aad0b75fff316f3a4685d50583551,0e5a3dffffbd3c516b528ef32ba1a488b817d2f151fc3e8c81023814de1c103a,72724e52a09bb19e1375703c8691094d64ddc15037e782ef9593f964650986fb,b226b97e0e67288aaaf85726ad855df71cb81406685c57c8e8c40cd8996aa0da,9967f1a92bba2e3d0c583e4a912afa80e9731f02,False,"{""VRP-EVRP-Project-Hub"": {""dirty"": false, ""path"": ""/Users/guoyiyang/Documents/GitHub/FURP-2026-Yiyang-GUO-EVRP-TW/reference/VRP-EVRP-Project-Hub"", ""revision"": ""e3a890065105f978187e532642c4442522215e02""}, ""py-ga-VRPTW"": {""dirty"": false, ""path"": ""/Users/guoyiyang/Documents/GitHub/FURP-2026-Yiyang-GUO-EVRP-TW/reference/py-ga-VRPTW"", ""revision"": ""8e005caaaf6471a4505588d88c7f0f5e0d4ebffa""}}",stage03.0_measurement_attempt05,,preserve;see stage03_legacy_path_map.csv,legacy,legacy_json_or_jsonl,none,legacy,legacy_unknown,,,2718,legacy_compatible
stage03.1,screening,stage03.1_screening_attempt03,attempt03,stage03.1_screening_attempt03,stage031_cheap_screening_smoke03,smoke,r105C5,2014,"[""c101C5"", ""r105C5"", ""rc105C5"", ""c101_21"", ""r101_21"", ""rc101_21""]","[2014, 2015, 2016]",environment,verified_legacy,results/stage03.1_screening_attempt03/r105C5/2014/stage03.1_screening_attempt03_environment_r105C5_2014.json,results/stage031-cheap-screening_smoke03/environments/r105C5-alns_stage02_constraint_guided-2014.json,feasible,,pass,READY_FOR_STAGE031_FORMAL_MEASUREMENT,not_applicable,pass,e92dffe688e722cc4b4de8790ae72cf27f67e55eedc0493a6c4d2a0e72539869,raw_manifest,5f2508b8a49aa0d538c56e3bf2c45ad03534e7d9eec3cc935b786488d2655c61,e1840ebd3945bac63a1a1db5e13438dc2d1aad0b75fff316f3a4685d50583551,eb27ec04e799ee6d39dee3d66f15128e197811afa8c664295acbdf6444176434,cf21abd427df653561741ec4899a3cb789b27df52721de52ab241c2742ee9d92,b226b97e0e67288aaaf85726ad855df71cb81406685c57c8e8c40cd8996aa0da,9967f1a92bba2e3d0c583e4a912afa80e9731f02,False,"{""VRP-EVRP-Project-Hub"": {""dirty"": false, ""path"": ""/Users/guoyiyang/Documents/GitHub/FURP-2026-Yiyang-GUO-EVRP-TW/reference/VRP-EVRP-Project-Hub"", ""revision"": ""e3a890065105f978187e532642c4442522215e02""}, ""py-ga-VRPTW"": {""dirty"": false, ""path"": ""/Users/guoyiyang/Documents/GitHub/FURP-2026-Yiyang-GUO-EVRP-TW/reference/py-ga-VRPTW"", ""revision"": ""8e005caaaf6471a4505588d88c7f0f5e0d4ebffa""}}",stage03.0_measurement_attempt05,,preserve;see stage03_legacy_path_map.csv,legacy,legacy_json_or_jsonl,none,legacy,legacy_unknown,,,2716,legacy_compatible
stage03.1,screening,stage03.1_screening_attempt03,attempt03,stage03.1_screening_attempt03,stage031_cheap_screening_smoke03,smoke,r105C5,2015,"[""c101C5"", ""r105C5"", ""rc105C5"", ""c101_21"", ""r101_21"", ""rc101_21""]","[2014, 2015, 2016]",environment,verified_legacy,results/stage03.1_screening_attempt03/r105C5/2015/stage03.1_screening_attempt03_environment_r105C5_2015.json,results/stage031-cheap-screening_smoke03/environments/r105C5-alns_stage02_constraint_guided-2015.json,feasible,,pass,READY_FOR_STAGE031_FORMAL_MEASUREMENT,not_applicable,pass,6e2288c6945bcec4de67b2f033db2f48b458ceba9a1810a422c67c8a0ac8f66f,raw_manifest,5f2508b8a49aa0d538c56e3bf2c45ad03534e7d9eec3cc935b786488d2655c61,e1840ebd3945bac63a1a1db5e13438dc2d1aad0b75fff316f3a4685d50583551,eb27ec04e799ee6d39dee3d66f15128e197811afa8c664295acbdf6444176434,d8d1293c6e80ec307f9dae6f549b2803f0f7e01664a0acc85b0635b5e11917f0,b226b97e0e67288aaaf85726ad855df71cb81406685c57c8e8c40cd8996aa0da,9967f1a92bba2e3d0c583e4a912afa80e9731f02,False,"{""VRP-EVRP-Project-Hub"": {""dirty"": false, ""path"": ""/Users/guoyiyang/Documents/GitHub/FURP-2026-Yiyang-GUO-EVRP-TW/reference/VRP-EVRP-Project-Hub"", ""revision"": ""e3a890065105f978187e532642c4442522215e02""}, ""py-ga-VRPTW"": {""dirty"": false, ""path"": ""/Users/guoyiyang/Documents/GitHub/FURP-2026-Yiyang-GUO-EVRP-TW/reference/py-ga-VRPTW"", ""revision"": ""8e005caaaf6471a4505588d88c7f0f5e0d4ebffa""}}",stage03.0_measurement_attempt05,,preserve;see stage03_legacy_path_map.csv,legacy,legacy_json_or_jsonl,none,legacy,legacy_unknown,,,2716,legacy_compatible
stage03.1,screening,stage03.1_screening_attempt03,attempt03,stage03.1_screening_attempt03,stage031_cheap_screening_smoke03,smoke,r105C5,2016,"[""c101C5"", ""r105C5"", ""rc105C5"", ""c101_21"", ""r101_21"", ""rc101_21""]","[2014, 2015, 2016]",environment,verified_legacy,results/stage03.1_screening_attempt03/r105C5/2016/stage03.1_screening_attempt03_environment_r105C5_2016.json,results/stage031-cheap-screening_smoke03/environments/r105C5-alns_stage02_constraint_guided-2016.json,feasible,,pass,READY_FOR_STAGE031_FORMAL_MEASUREMENT,not_applicable,pass,c5e0788b4acae8b987a2b9fe2625c7ebfb2a2fd7e48352a54b3de9b05a44d18d,raw_manifest,5f2508b8a49aa0d538c56e3bf2c45ad03534e7d9eec3cc935b786488d2655c61,e1840ebd3945bac63a1a1db5e13438dc2d1aad0b75fff316f3a4685d50583551,eb27ec04e799ee6d39dee3d66f15128e197811afa8c664295acbdf6444176434,8d6d4d4d6cf6555d3adf7f96851742f0676aecaa0b0e668bbd1dde13025bc318,b226b97e0e67288aaaf85726ad855df71cb81406685c57c8e8c40cd8996aa0da,9967f1a92bba2e3d0c583e4a912afa80e9731f02,False,"{""VRP-EVRP-Project-Hub"": {""dirty"": false, ""path"": ""/Users/guoyiyang/Documents/GitHub/FURP-2026-Yiyang-GUO-EVRP-TW/reference/VRP-EVRP-Project-Hub"", ""revision"": ""e3a890065105f978187e532642c4442522215e02""}, ""py-ga-VRPTW"": {""dirty"": false, ""path"": ""/Users/guoyiyang/Documents/GitHub/FURP-2026-Yiyang-GUO-EVRP-TW/reference/py-ga-VRPTW"", ""revision"": ""8e005caaaf6471a4505588d88c7f0f5e0d4ebffa""}}",stage03.0_measurement_attempt05,,preserve;see stage03_legacy_path_map.csv,legacy,legacy_json_or_jsonl,none,legacy,legacy_unknown,,,2716,legacy_compatible
stage03.1,screening,stage03.1_screening_attempt03,attempt03,stage03.1_screening_attempt03,stage031_cheap_screening_smoke03,smoke,rc101_21,2014,"[""c101C5"", ""r105C5"", ""rc105C5"", ""c101_21"", ""r101_21"", ""rc101_21""]","[2014, 2015, 2016]",environment,verified_legacy,results/stage03.1_screening_attempt03/rc101_21/2014/stage03.1_screening_attempt03_environment_rc101_21_2014.json,results/stage031-cheap-screening_smoke03/environments/rc101_21-alns_stage02_constraint_guided-2014.json,feasible,,pass,READY_FOR_STAGE031_FORMAL_MEASUREMENT,not_applicable,pass,e50b9438b005ad2e65035f0a1654546ff7a7b0b3f543b81017b3b031ce82046b,raw_manifest,5f2508b8a49aa0d538c56e3bf2c45ad03534e7d9eec3cc935b786488d2655c61,e1840ebd3945bac63a1a1db5e13438dc2d1aad0b75fff316f3a4685d50583551,272a3e58d53d4ba9516f01506164cf8a9b98bfeeb8dbd1fd62f6557e4c98e3a1,5273a3c6a2279ec29b88b5a08bbdf2dbbb76917dcb4bd480996317bddaa021ac,b226b97e0e67288aaaf85726ad855df71cb81406685c57c8e8c40cd8996aa0da,9967f1a92bba2e3d0c583e4a912afa80e9731f02,False,"{""VRP-EVRP-Project-Hub"": {""dirty"": false, ""path"": ""/Users/guoyiyang/Documents/GitHub/FURP-2026-Yiyang-GUO-EVRP-TW/reference/VRP-EVRP-Project-Hub"", ""revision"": ""e3a890065105f978187e532642c4442522215e02""}, ""py-ga-VRPTW"": {""dirty"": false, ""path"": ""/Users/guoyiyang/Documents/GitHub/FURP-2026-Yiyang-GUO-EVRP-TW/reference/py-ga-VRPTW"", ""revision"": ""8e005caaaf6471a4505588d88c7f0f5e0d4ebffa""}}",stage03.0_measurement_attempt05,,preserve;see stage03_legacy_path_map.csv,legacy,legacy_json_or_jsonl,none,legacy,legacy_unknown,,,2719,legacy_compatible
stage03.1,screening,stage03.1_screening_attempt03,attempt03,stage03.1_screening_attempt03,stage031_cheap_screening_smoke03,smoke,rc101_21,2015,"[""c101C5"", ""r105C5"", ""rc105C5"", ""c101_21"", ""r101_21"", ""rc101_21""]","[2014, 2015, 2016]",environment,verified_legacy,results/stage03.1_screening_attempt03/rc101_21/2015/stage03.1_screening_attempt03_environment_rc101_21_2015.json,results/stage031-cheap-screening_smoke03/environments/rc101_21-alns_stage02_constraint_guided-2015.json,feasible,,pass,READY_FOR_STAGE031_FORMAL_MEASUREMENT,not_applicable,pass,231068e91b76ad33480d309b5854e9bd6f8b75b5395afdfd144c855b6934315c,raw_manifest,5f2508b8a49aa0d538c56e3bf2c45ad03534e7d9eec3cc935b786488d2655c61,e1840ebd3945bac63a1a1db5e13438dc2d1aad0b75fff316f3a4685d50583551,272a3e58d53d4ba9516f01506164cf8a9b98bfeeb8dbd1fd62f6557e4c98e3a1,90aba36814a19e91a7284e5e71a4c993f372dd5c4f71f3fc4a188399d5e0eb4a,b226b97e0e67288aaaf85726ad855df71cb81406685c57c8e8c40cd8996aa0da,9967f1a92bba2e3d0c583e4a912afa80e9731f02,False,"{""VRP-EVRP-Project-Hub"": {""dirty"": false, ""path"": ""/Users/guoyiyang/Documents/GitHub/FURP-2026-Yiyang-GUO-EVRP-TW/reference/VRP-EVRP-Project-Hub"", ""revision"": ""e3a890065105f978187e532642c4442522215e02""}, ""py-ga-VRPTW"": {""dirty"": false, ""path"": ""/Users/guoyiyang/Documents/GitHub/FURP-2026-Yiyang-GUO-EVRP-TW/reference/py-ga-VRPTW"", ""revision"": ""8e005caaaf6471a4505588d88c7f0f5e0d4ebffa""}}",stage03.0_measurement_attempt05,,preserve;see stage03_legacy_path_map.csv,legacy,legacy_json_or_jsonl,none,legacy,legacy_unknown,,,2719,legacy_compatible
stage03.1,screening,stage03.1_screening_attempt03,attempt03,stage03.1_screening_attempt03,stage031_cheap_screening_smoke03,smoke,rc101_21,2016,"[""c101C5"", ""r105C5"", ""rc105C5"", ""c101_21"", ""r101_21"", ""rc101_21""]","[2014, 2015, 2016]",environment,verified_legacy,results/stage03.1_screening_attempt03/rc101_21/2016/stage03.1_screening_attempt03_environment_rc101_21_2016.json,results/stage031-cheap-screening_smoke03/environments/rc101_21-alns_stage02_constraint_guided-2016.json,feasible,,pass,READY_FOR_STAGE031_FORMAL_MEASUREMENT,not_applicable,pass,06d8e746f1d5461f2ae30c9a38e88553a70cd74bd7d30e886f9ba63fb5987500,raw_manifest,5f2508b8a49aa0d538c56e3bf2c45ad03534e7d9eec3cc935b786488d2655c61,e1840ebd3945bac63a1a1db5e13438dc2d1aad0b75fff316f3a4685d50583551,272a3e58d53d4ba9516f01506164cf8a9b98bfeeb8dbd1fd62f6557e4c98e3a1,f2e6d8b9c71a224ad6934a7f9ead655d1da777893ec4be8e3a938c1a9e5bdfe8,b226b97e0e67288aaaf85726ad855df71cb81406685c57c8e8c40cd8996aa0da,9967f1a92bba2e3d0c583e4a912afa80e9731f02,False,"{""VRP-EVRP-Project-Hub"": {""dirty"": false, ""path"": ""/Users/guoyiyang/Documents/GitHub/FURP-2026-Yiyang-GUO-EVRP-TW/reference/VRP-EVRP-Project-Hub"", ""revision"": ""e3a890065105f978187e532642c4442522215e02""}, ""py-ga-VRPTW"": {""dirty"": false, ""path"": ""/Users/guoyiyang/Documents/GitHub/FURP-2026-Yiyang-GUO-EVRP-TW/reference/py-ga-VRPTW"", ""revision"": ""8e005caaaf6471a4505588d88c7f0f5e0d4ebffa""}}",stage03.0_measurement_attempt05,,preserve;see stage03_legacy_path_map.csv,legacy,legacy_json_or_jsonl,none,legacy,legacy_unknown,,,2719,legacy_compatible
stage03.1,screening,stage03.1_screening_attempt03,attempt03,stage03.1_screening_attempt03,stage031_cheap_screening_smoke03,smoke,rc105C5,2014,"[""c101C5"", ""r105C5"", ""rc105C5"", ""c101_21"", ""r101_21"", ""rc101_21""]","[2014, 2015, 2016]",environment,verified_legacy,results/stage03.1_screening_attempt03/rc105C5/2014/stage03.1_screening_attempt03_environment_rc105C5_2014.json,results/stage031-cheap-screening_smoke03/environments/rc105C5-alns_stage02_constraint_guided-2014.json,feasible,,pass,READY_FOR_STAGE031_FORMAL_MEASUREMENT,not_applicable,pass,fb7cd5ede7e0f52e778c6d82ccd853c411eba31c10d6ba377eb25fcd7f25be3d,raw_manifest,5f2508b8a49aa0d538c56e3bf2c45ad03534e7d9eec3cc935b786488d2655c61,e1840ebd3945bac63a1a1db5e13438dc2d1aad0b75fff316f3a4685d50583551,2ccfba6c447fa43a994934690acb67c7355ca04d232394907ed6938bc362c643,35288c568f4e6f4df8533ca9ea1fd7c8ad969ca4c28014d46e9f5bde6fd7df70,b226b97e0e67288aaaf85726ad855df71cb81406685c57c8e8c40cd8996aa0da,9967f1a92bba2e3d0c583e4a912afa80e9731f02,False,"{""VRP-EVRP-Project-Hub"": {""dirty"": false, ""path"": ""/Users/guoyiyang/Documents/GitHub/FURP-2026-Yiyang-GUO-EVRP-TW/reference/VRP-EVRP-Project-Hub"", ""revision"": ""e3a890065105f978187e532642c4442522215e02""}, ""py-ga-VRPTW"": {""dirty"": false, ""path"": ""/Users/guoyiyang/Documents/GitHub/FURP-2026-Yiyang-GUO-EVRP-TW/reference/py-ga-VRPTW"", ""revision"": ""8e005caaaf6471a4505588d88c7f0f5e0d4ebffa""}}",stage03.0_measurement_attempt05,,preserve;see stage03_legacy_path_map.csv,legacy,legacy_json_or_jsonl,none,legacy,legacy_unknown,,,2717,legacy_compatible
stage03.1,screening,stage03.1_screening_attempt03,attempt03,stage03.1_screening_attempt03,stage031_cheap_screening_smoke03,smoke,rc105C5,2015,"[""c101C5"", ""r105C5"", ""rc105C5"", ""c101_21"", ""r101_21"", ""rc101_21""]","[2014, 2015, 2016]",environment,verified_legacy,results/stage03.1_screening_attempt03/rc105C5/2015/stage03.1_screening_attempt03_environment_rc105C5_2015.json,results/stage031-cheap-screening_smoke03/environments/rc105C5-alns_stage02_constraint_guided-2015.json,feasible,,pass,READY_FOR_STAGE031_FORMAL_MEASUREMENT,not_applicable,pass,0fc81042496b8dfb9434d412bb4288d7d3b82eafc823954512799f0bd5b7c554,raw_manifest,5f2508b8a49aa0d538c56e3bf2c45ad03534e7d9eec3cc935b786488d2655c61,e1840ebd3945bac63a1a1db5e13438dc2d1aad0b75fff316f3a4685d50583551,2ccfba6c447fa43a994934690acb67c7355ca04d232394907ed6938bc362c643,a82c77642995b1cd05f554c8cce695313cec78efa8b454d539ac68949e72659c,b226b97e0e67288aaaf85726ad855df71cb81406685c57c8e8c40cd8996aa0da,9967f1a92bba2e3d0c583e4a912afa80e9731f02,False,"{""VRP-EVRP-Project-Hub"": {""dirty"": false, ""path"": ""/Users/guoyiyang/Documents/GitHub/FURP-2026-Yiyang-GUO-EVRP-TW/reference/VRP-EVRP-Project-Hub"", ""revision"": ""e3a890065105f978187e532642c4442522215e02""}, ""py-ga-VRPTW"": {""dirty"": false, ""path"": ""/Users/guoyiyang/Documents/GitHub/FURP-2026-Yiyang-GUO-EVRP-TW/reference/py-ga-VRPTW"", ""revision"": ""8e005caaaf6471a4505588d88c7f0f5e0d4ebffa""}}",stage03.0_measurement_attempt05,,preserve;see stage03_legacy_path_map.csv,legacy,legacy_json_or_jsonl,none,legacy,legacy_unknown,,,2717,legacy_compatible
stage03.1,screening,stage03.1_screening_attempt03,attempt03,stage03.1_screening_attempt03,stage031_cheap_screening_smoke03,smoke,rc105C5,2016,"[""c101C5"", ""r105C5"", ""rc105C5"", ""c101_21"", ""r101_21"", ""rc101_21""]","[2014, 2015, 2016]",environment,verified_legacy,results/stage03.1_screening_attempt03/rc105C5/2016/stage03.1_screening_attempt03_environment_rc105C5_2016.json,results/stage031-cheap-screening_smoke03/environments/rc105C5-alns_stage02_constraint_guided-2016.json,feasible,,pass,READY_FOR_STAGE031_FORMAL_MEASUREMENT,not_applicable,pass,3e30c3bd7b50530f20c6a5db172dd5f388ec3cca3ecdca4f422822bf8039c501,raw_manifest,5f2508b8a49aa0d538c56e3bf2c45ad03534e7d9eec3cc935b786488d2655c61,e1840ebd3945bac63a1a1db5e13438dc2d1aad0b75fff316f3a4685d50583551,2ccfba6c447fa43a994934690acb67c7355ca04d232394907ed6938bc362c643,295f4cba99f127eac17fa315437333aaabd8ef3c43d8348a56ab24c268d1c2c6,b226b97e0e67288aaaf85726ad855df71cb81406685c57c8e8c40cd8996aa0da,9967f1a92bba2e3d0c583e4a912afa80e9731f02,False,"{""VRP-EVRP-Project-Hub"": {""dirty"": false, ""path"": ""/Users/guoyiyang/Documents/GitHub/FURP-2026-Yiyang-GUO-EVRP-TW/reference/VRP-EVRP-Project-Hub"", ""revision"": ""e3a890065105f978187e532642c4442522215e02""}, ""py-ga-VRPTW"": {""dirty"": false, ""path"": ""/Users/guoyiyang/Documents/GitHub/FURP-2026-Yiyang-GUO-EVRP-TW/reference/py-ga-VRPTW"", ""revision"": ""8e005caaaf6471a4505588d88c7f0f5e0d4ebffa""}}",stage03.0_measurement_attempt05,,preserve;see stage03_legacy_path_map.csv,legacy,legacy_json_or_jsonl,none,legacy,legacy_unknown,,,2717,legacy_compatible
stage03.1,screening,stage03.1_screening_attempt03,attempt03,stage03.1_screening_attempt03,stage031_cheap_screening_smoke03,smoke,c101C5,2014,"[""c101C5"", ""r105C5"", ""rc105C5"", ""c101_21"", ""r101_21"", ""rc101_21""]","[2014, 2015, 2016]",events,verified_legacy,results/stage03.1_screening_attempt03/c101C5/2014/stage03.1_screening_attempt03_events_c101C5_2014.jsonl,results/stage031-cheap-screening_smoke03/events/c101C5-alns_stage02_constraint_guided-2014.jsonl,feasible,,pass,READY_FOR_STAGE031_FORMAL_MEASUREMENT,not_applicable,pass,7bbfefdac6b614597031a415be722ea926cd1adac2bd9d760cae022caa9580b1,raw_manifest,5f2508b8a49aa0d538c56e3bf2c45ad03534e7d9eec3cc935b786488d2655c61,e1840ebd3945bac63a1a1db5e13438dc2d1aad0b75fff316f3a4685d50583551,8612d6d9aad051776097a5e50c7408f39352b8107b0639d58e5eda713f9ff876,7463c37b485ba271e50759929f0f7e052c75d617b27146feb67bf535b374e4b4,b226b97e0e67288aaaf85726ad855df71cb81406685c57c8e8c40cd8996aa0da,9967f1a92bba2e3d0c583e4a912afa80e9731f02,False,"{""VRP-EVRP-Project-Hub"": {""dirty"": false, ""path"": ""/Users/guoyiyang/Documents/GitHub/FURP-2026-Yiyang-GUO-EVRP-TW/reference/VRP-EVRP-Project-Hub"", ""revision"": ""e3a890065105f978187e532642c4442522215e02""}, ""py-ga-VRPTW"": {""dirty"": false, ""path"": ""/Users/guoyiyang/Documents/GitHub/FURP-2026-Yiyang-GUO-EVRP-TW/reference/py-ga-VRPTW"", ""revision"": ""8e005caaaf6471a4505588d88c7f0f5e0d4ebffa""}}",stage03.0_measurement_attempt05,,preserve;see stage03_legacy_path_map.csv,legacy,legacy_json_or_jsonl,none,legacy,legacy_unknown,,,3523215,legacy_compatible
stage03.1,screening,stage03.1_screening_attempt03,attempt03,stage03.1_screening_attempt03,stage031_cheap_screening_smoke03,smoke,c101C5,2015,"[""c101C5"", ""r105C5"", ""rc105C5"", ""c101_21"", ""r101_21"", ""rc101_21""]","[2014, 2015, 2016]",events,verified_legacy,results/stage03.1_screening_attempt03/c101C5/2015/stage03.1_screening_attempt03_events_c101C5_2015.jsonl,results/stage031-cheap-screening_smoke03/events/c101C5-alns_stage02_constraint_guided-2015.jsonl,feasible,,pass,READY_FOR_STAGE031_FORMAL_MEASUREMENT,not_applicable,pass,897ae05d1186b6c17d55b97081a930f7054f7d4820849cad8dfd245f9ad35cfa,raw_manifest,5f2508b8a49aa0d538c56e3bf2c45ad03534e7d9eec3cc935b786488d2655c61,e1840ebd3945bac63a1a1db5e13438dc2d1aad0b75fff316f3a4685d50583551,8612d6d9aad051776097a5e50c7408f39352b8107b0639d58e5eda713f9ff876,6e4738c9c9640f2ffabcb78d67b8813122cd71e1af022edcb9609a5200c76fac,b226b97e0e67288aaaf85726ad855df71cb81406685c57c8e8c40cd8996aa0da,9967f1a92bba2e3d0c583e4a912afa80e9731f02,False,"{""VRP-EVRP-Project-Hub"": {""dirty"": false, ""path"": ""/Users/guoyiyang/Documents/GitHub/FURP-2026-Yiyang-GUO-EVRP-TW/reference/VRP-EVRP-Project-Hub"", ""revision"": ""e3a890065105f978187e532642c4442522215e02""}, ""py-ga-VRPTW"": {""dirty"": false, ""path"": ""/Users/guoyiyang/Documents/GitHub/FURP-2026-Yiyang-GUO-EVRP-TW/reference/py-ga-VRPTW"", ""revision"": ""8e005caaaf6471a4505588d88c7f0f5e0d4ebffa""}}",stage03.0_measurement_attempt05,,preserve;see stage03_legacy_path_map.csv,legacy,legacy_json_or_jsonl,none,legacy,legacy_unknown,,,3513884,legacy_compatible
stage03.1,screening,stage03.1_screening_attempt03,attempt03,stage03.1_screening_attempt03,stage031_cheap_screening_smoke03,smoke,c101C5,2016,"[""c101C5"", ""r105C5"", ""rc105C5"", ""c101_21"", ""r101_21"", ""rc101_21""]","[2014, 2015, 2016]",events,verified_legacy,results/stage03.1_screening_attempt03/c101C5/2016/stage03.1_screening_attempt03_events_c101C5_2016.jsonl,results/stage031-cheap-screening_smoke03/events/c101C5-alns_stage02_constraint_guided-2016.jsonl,feasible,,pass,READY_FOR_STAGE031_FORMAL_MEASUREMENT,not_applicable,pass,f662542cf3a53e569ce6dc627e2cdb93cb4c91facd4db89b9782493cc435f379,raw_manifest,5f2508b8a49aa0d538c56e3bf2c45ad03534e7d9eec3cc935b786488d2655c61,e1840ebd3945bac63a1a1db5e13438dc2d1aad0b75fff316f3a4685d50583551,8612d6d9aad051776097a5e50c7408f39352b8107b0639d58e5eda713f9ff876,2ae40ca508dd1d6c13b01e9aef0ff7182e293b6de30581d765f25242a7f8e5d5,b226b97e0e67288aaaf85726ad855df71cb81406685c57c8e8c40cd8996aa0da,9967f1a92bba2e3d0c583e4a912afa80e9731f02,False,"{""VRP-EVRP-Project-Hub"": {""dirty"": false, ""path"": ""/Users/guoyiyang/Documents/GitHub/FURP-2026-Yiyang-GUO-EVRP-TW/reference/VRP-EVRP-Project-Hub"", ""revision"": ""e3a890065105f978187e532642c4442522215e02""}, ""py-ga-VRPTW"": {""dirty"": false, ""path"": ""/Users/guoyiyang/Documents/GitHub/FURP-2026-Yiyang-GUO-EVRP-TW/reference/py-ga-VRPTW"", ""revision"": ""8e005caaaf6471a4505588d88c7f0f5e0d4ebffa""}}",stage03.0_measurement_attempt05,,preserve;see stage03_legacy_path_map.csv,legacy,legacy_json_or_jsonl,none,legacy,legacy_unknown,,,3499755,legacy_compatible
stage03.1,screening,stage03.1_screening_attempt03,attempt03,stage03.1_screening_attempt03,stage031_cheap_screening_smoke03,smoke,c101_21,2014,"[""c101C5"", ""r105C5"", ""rc105C5"", ""c101_21"", ""r101_21"", ""rc101_21""]","[2014, 2015, 2016]",events,verified_legacy,results/stage03.1_screening_attempt03/c101_21/2014/stage03.1_screening_attempt03_events_c101_21_2014.jsonl,results/stage031-cheap-screening_smoke03/events/c101_21-alns_stage02_constraint_guided-2014.jsonl,feasible,,pass,READY_FOR_STAGE031_FORMAL_MEASUREMENT,not_applicable,pass,874fbe40ef7c282c50da3b67b50bcfa543933bd41f78d1688c1c10eaca0dbcfd,raw_manifest,5f2508b8a49aa0d538c56e3bf2c45ad03534e7d9eec3cc935b786488d2655c61,e1840ebd3945bac63a1a1db5e13438dc2d1aad0b75fff316f3a4685d50583551,c5cda6ca63a7d518902cf4b02d98b4aa0f373aaa0658d5c666d1c46d38871cb9,2ced53fe3315b1bceb2a0b7e355f72490e0cd0d59df0f9b6d1bf8668e241ca60,b226b97e0e67288aaaf85726ad855df71cb81406685c57c8e8c40cd8996aa0da,9967f1a92bba2e3d0c583e4a912afa80e9731f02,False,"{""VRP-EVRP-Project-Hub"": {""dirty"": false, ""path"": ""/Users/guoyiyang/Documents/GitHub/FURP-2026-Yiyang-GUO-EVRP-TW/reference/VRP-EVRP-Project-Hub"", ""revision"": ""e3a890065105f978187e532642c4442522215e02""}, ""py-ga-VRPTW"": {""dirty"": false, ""path"": ""/Users/guoyiyang/Documents/GitHub/FURP-2026-Yiyang-GUO-EVRP-TW/reference/py-ga-VRPTW"", ""revision"": ""8e005caaaf6471a4505588d88c7f0f5e0d4ebffa""}}",stage03.0_measurement_attempt05,,preserve;see stage03_legacy_path_map.csv,legacy,legacy_json_or_jsonl,none,legacy,legacy_unknown,,,20680880,legacy_compatible
stage03.1,screening,stage03.1_screening_attempt03,attempt03,stage03.1_screening_attempt03,stage031_cheap_screening_smoke03,smoke,c101_21,2015,"[""c101C5"", ""r105C5"", ""rc105C5"", ""c101_21"", ""r101_21"", ""rc101_21""]","[2014, 2015, 2016]",events,verified_legacy,results/stage03.1_screening_attempt03/c101_21/2015/stage03.1_screening_attempt03_events_c101_21_2015.jsonl,results/stage031-cheap-screening_smoke03/events/c101_21-alns_stage02_constraint_guided-2015.jsonl,feasible,,pass,READY_FOR_STAGE031_FORMAL_MEASUREMENT,not_applicable,pass,d26fc7ca103cbbe26ffb985b86b5ff644064c160ebe8516b2eb57eed39dec235,raw_manifest,5f2508b8a49aa0d538c56e3bf2c45ad03534e7d9eec3cc935b786488d2655c61,e1840ebd3945bac63a1a1db5e13438dc2d1aad0b75fff316f3a4685d50583551,c5cda6ca63a7d518902cf4b02d98b4aa0f373aaa0658d5c666d1c46d38871cb9,2ad1493ea7e25c1b282127eee1e13a847c17d7ee11456f8e78f9582b6e5ccba1,b226b97e0e67288aaaf85726ad855df71cb81406685c57c8e8c40cd8996aa0da,9967f1a92bba2e3d0c583e4a912afa80e9731f02,False,"{""VRP-EVRP-Project-Hub"": {""dirty"": false, ""path"": ""/Users/guoyiyang/Documents/GitHub/FURP-2026-Yiyang-GUO-EVRP-TW/reference/VRP-EVRP-Project-Hub"", ""revision"": ""e3a890065105f978187e532642c4442522215e02""}, ""py-ga-VRPTW"": {""dirty"": false, ""path"": ""/Users/guoyiyang/Documents/GitHub/FURP-2026-Yiyang-GUO-EVRP-TW/reference/py-ga-VRPTW"", ""revision"": ""8e005caaaf6471a4505588d88c7f0f5e0d4ebffa""}}",stage03.0_measurement_attempt05,,preserve;see stage03_legacy_path_map.csv,legacy,legacy_json_or_jsonl,none,legacy,legacy_unknown,,,18117789,legacy_compatible
stage03.1,screening,stage03.1_screening_attempt03,attempt03,stage03.1_screening_attempt03,stage031_cheap_screening_smoke03,smoke,c101_21,2016,"[""c101C5"", ""r105C5"", ""rc105C5"", ""c101_21"", ""r101_21"", ""rc101_21""]","[2014, 2015, 2016]",events,verified_legacy,results/stage03.1_screening_attempt03/c101_21/2016/stage03.1_screening_attempt03_events_c101_21_2016.jsonl,results/stage031-cheap-screening_smoke03/events/c101_21-alns_stage02_constraint_guided-2016.jsonl,feasible,,pass,READY_FOR_STAGE031_FORMAL_MEASUREMENT,not_applicable,pass,2dadda33102d554207268acbf8719719ca2639b101d4743769cb37f3278f49f0,raw_manifest,5f2508b8a49aa0d538c56e3bf2c45ad03534e7d9eec3cc935b786488d2655c61,e1840ebd3945bac63a1a1db5e13438dc2d1aad0b75fff316f3a4685d50583551,c5cda6ca63a7d518902cf4b02d98b4aa0f373aaa0658d5c666d1c46d38871cb9,10984b91aaab9e08c67f1586131e869120d30c4aababed1710986dee534630ef,b226b97e0e67288aaaf85726ad855df71cb81406685c57c8e8c40cd8996aa0da,9967f1a92bba2e3d0c583e4a912afa80e9731f02,False,"{""VRP-EVRP-Project-Hub"": {""dirty"": false, ""path"": ""/Users/guoyiyang/Documents/GitHub/FURP-2026-Yiyang-GUO-EVRP-TW/reference/VRP-EVRP-Project-Hub"", ""revision"": ""e3a890065105f978187e532642c4442522215e02""}, ""py-ga-VRPTW"": {""dirty"": false, ""path"": ""/Users/guoyiyang/Documents/GitHub/FURP-2026-Yiyang-GUO-EVRP-TW/reference/py-ga-VRPTW"", ""revision"": ""8e005caaaf6471a4505588d88c7f0f5e0d4ebffa""}}",stage03.0_measurement_attempt05,,preserve;see stage03_legacy_path_map.csv,legacy,legacy_json_or_jsonl,none,legacy,legacy_unknown,,,16784319,legacy_compatible
stage03.1,screening,stage03.1_screening_attempt03,attempt03,stage03.1_screening_attempt03,stage031_cheap_screening_smoke03,smoke,r101_21,2014,"[""c101C5"", ""r105C5"", ""rc105C5"", ""c101_21"", ""r101_21"", ""rc101_21""]","[2014, 2015, 2016]",events,verified_legacy,results/stage03.1_screening_attempt03/r101_21/2014/stage03.1_screening_attempt03_events_r101_21_2014.jsonl,results/stage031-cheap-screening_smoke03/events/r101_21-alns_stage02_constraint_guided-2014.jsonl,feasible,,pass,READY_FOR_STAGE031_FORMAL_MEASUREMENT,not_applicable,pass,76eeb72c50e8deab2a0625e82841bd5e2734590d66fbfab567986b090dc58d17,raw_manifest,5f2508b8a49aa0d538c56e3bf2c45ad03534e7d9eec3cc935b786488d2655c61,e1840ebd3945bac63a1a1db5e13438dc2d1aad0b75fff316f3a4685d50583551,0e5a3dffffbd3c516b528ef32ba1a488b817d2f151fc3e8c81023814de1c103a,1dd901e9f74b3886e50f98fe652027f4ebc5780f515eced5f59878f62886f3d3,b226b97e0e67288aaaf85726ad855df71cb81406685c57c8e8c40cd8996aa0da,9967f1a92bba2e3d0c583e4a912afa80e9731f02,False,"{""VRP-EVRP-Project-Hub"": {""dirty"": false, ""path"": ""/Users/guoyiyang/Documents/GitHub/FURP-2026-Yiyang-GUO-EVRP-TW/reference/VRP-EVRP-Project-Hub"", ""revision"": ""e3a890065105f978187e532642c4442522215e02""}, ""py-ga-VRPTW"": {""dirty"": false, ""path"": ""/Users/guoyiyang/Documents/GitHub/FURP-2026-Yiyang-GUO-EVRP-TW/reference/py-ga-VRPTW"", ""revision"": ""8e005caaaf6471a4505588d88c7f0f5e0d4ebffa""}}",stage03.0_measurement_attempt05,,preserve;see stage03_legacy_path_map.csv,legacy,legacy_json_or_jsonl,none,legacy,legacy_unknown,,,64577896,legacy_compatible
stage03.1,screening,stage03.1_screening_attempt03,attempt03,stage03.1_screening_attempt03,stage031_cheap_screening_smoke03,smoke,r101_21,2015,"[""c101C5"", ""r105C5"", ""rc105C5"", ""c101_21"", ""r101_21"", ""rc101_21""]","[2014, 2015, 2016]",events,verified_legacy,results/stage03.1_screening_attempt03/r101_21/2015/stage03.1_screening_attempt03_events_r101_21_2015.jsonl,results/stage031-cheap-screening_smoke03/events/r101_21-alns_stage02_constraint_guided-2015.jsonl,feasible,,pass,READY_FOR_STAGE031_FORMAL_MEASUREMENT,not_applicable,pass,1362119442706562755bfce06597d4e3e24f15e1a23e69cd5c78345412eae601,raw_manifest,5f2508b8a49aa0d538c56e3bf2c45ad03534e7d9eec3cc935b786488d2655c61,e1840ebd3945bac63a1a1db5e13438dc2d1aad0b75fff316f3a4685d50583551,0e5a3dffffbd3c516b528ef32ba1a488b817d2f151fc3e8c81023814de1c103a,e2625d95ced293e95f3acfcc227802ece89a7b2b64bbf1d1f8a4f05a801b72d4,b226b97e0e67288aaaf85726ad855df71cb81406685c57c8e8c40cd8996aa0da,9967f1a92bba2e3d0c583e4a912afa80e9731f02,False,"{""VRP-EVRP-Project-Hub"": {""dirty"": false, ""path"": ""/Users/guoyiyang/Documents/GitHub/FURP-2026-Yiyang-GUO-EVRP-TW/reference/VRP-EVRP-Project-Hub"", ""revision"": ""e3a890065105f978187e532642c4442522215e02""}, ""py-ga-VRPTW"": {""dirty"": false, ""path"": ""/Users/guoyiyang/Documents/GitHub/FURP-2026-Yiyang-GUO-EVRP-TW/reference/py-ga-VRPTW"", ""revision"": ""8e005caaaf6471a4505588d88c7f0f5e0d4ebffa""}}",stage03.0_measurement_attempt05,,preserve;see stage03_legacy_path_map.csv,legacy,legacy_json_or_jsonl,none,legacy,legacy_unknown,,,47468749,legacy_compatible
stage03.1,screening,stage03.1_screening_attempt03,attempt03,stage03.1_screening_attempt03,stage031_cheap_screening_smoke03,smoke,r101_21,2016,"[""c101C5"", ""r105C5"", ""rc105C5"", ""c101_21"", ""r101_21"", ""rc101_21""]","[2014, 2015, 2016]",events,verified_legacy,results/stage03.1_screening_attempt03/r101_21/2016/stage03.1_screening_attempt03_events_r101_21_2016.jsonl,results/stage031-cheap-screening_smoke03/events/r101_21-alns_stage02_constraint_guided-2016.jsonl,feasible,,pass,READY_FOR_STAGE031_FORMAL_MEASUREMENT,not_applicable,pass,7f9bc4693aa775f127a9acdf786d92130d92ce3f84b5f0b556dcee0f258f2fd7,raw_manifest,5f2508b8a49aa0d538c56e3bf2c45ad03534e7d9eec3cc935b786488d2655c61,e1840ebd3945bac63a1a1db5e13438dc2d1aad0b75fff316f3a4685d50583551,0e5a3dffffbd3c516b528ef32ba1a488b817d2f151fc3e8c81023814de1c103a,72724e52a09bb19e1375703c8691094d64ddc15037e782ef9593f964650986fb,b226b97e0e67288aaaf85726ad855df71cb81406685c57c8e8c40cd8996aa0da,9967f1a92bba2e3d0c583e4a912afa80e9731f02,False,"{""VRP-EVRP-Project-Hub"": {""dirty"": false, ""path"": ""/Users/guoyiyang/Documents/GitHub/FURP-2026-Yiyang-GUO-EVRP-TW/reference/VRP-EVRP-Project-Hub"", ""revision"": ""e3a890065105f978187e532642c4442522215e02""}, ""py-ga-VRPTW"": {""dirty"": false, ""path"": ""/Users/guoyiyang/Documents/GitHub/FURP-2026-Yiyang-GUO-EVRP-TW/reference/py-ga-VRPTW"", ""revision"": ""8e005caaaf6471a4505588d88c7f0f5e0d4ebffa""}}",stage03.0_measurement_attempt05,,preserve;see stage03_legacy_path_map.csv,legacy,legacy_json_or_jsonl,none,legacy,legacy_unknown,,,46229876,legacy_compatible
stage03.1,screening,stage03.1_screening_attempt03,attempt03,stage03.1_screening_attempt03,stage031_cheap_screening_smoke03,smoke,r105C5,2014,"[""c101C5"", ""r105C5"", ""rc105C5"", ""c101_21"", ""r101_21"", ""rc101_21""]","[2014, 2015, 2016]",events,verified_legacy,results/stage03.1_screening_attempt03/r105C5/2014/stage03.1_screening_attempt03_events_r105C5_2014.jsonl,results/stage031-cheap-screening_smoke03/events/r105C5-alns_stage02_constraint_guided-2014.jsonl,feasible,,pass,READY_FOR_STAGE031_FORMAL_MEASUREMENT,not_applicable,pass,7458893a1cb0446255c944c6d09bdf67fda34f8f881e11d942bcd9aba58f2020,raw_manifest,5f2508b8a49aa0d538c56e3bf2c45ad03534e7d9eec3cc935b786488d2655c61,e1840ebd3945bac63a1a1db5e13438dc2d1aad0b75fff316f3a4685d50583551,eb27ec04e799ee6d39dee3d66f15128e197811afa8c664295acbdf6444176434,cf21abd427df653561741ec4899a3cb789b27df52721de52ab241c2742ee9d92,b226b97e0e67288aaaf85726ad855df71cb81406685c57c8e8c40cd8996aa0da,9967f1a92bba2e3d0c583e4a912afa80e9731f02,False,"{""VRP-EVRP-Project-Hub"": {""dirty"": false, ""path"": ""/Users/guoyiyang/Documents/GitHub/FURP-2026-Yiyang-GUO-EVRP-TW/reference/VRP-EVRP-Project-Hub"", ""revision"": ""e3a890065105f978187e532642c4442522215e02""}, ""py-ga-VRPTW"": {""dirty"": false, ""path"": ""/Users/guoyiyang/Documents/GitHub/FURP-2026-Yiyang-GUO-EVRP-TW/reference/py-ga-VRPTW"", ""revision"": ""8e005caaaf6471a4505588d88c7f0f5e0d4ebffa""}}",stage03.0_measurement_attempt05,,preserve;see stage03_legacy_path_map.csv,legacy,legacy_json_or_jsonl,none,legacy,legacy_unknown,,,3474584,legacy_compatible
stage03.1,screening,stage03.1_screening_attempt03,attempt03,stage03.1_screening_attempt03,stage031_cheap_screening_smoke03,smoke,r105C5,2015,"[""c101C5"", ""r105C5"", ""rc105C5"", ""c101_21"", ""r101_21"", ""rc101_21""]","[2014, 2015, 2016]",events,verified_legacy,results/stage03.1_screening_attempt03/r105C5/2015/stage03.1_screening_attempt03_events_r105C5_2015.jsonl,results/stage031-cheap-screening_smoke03/events/r105C5-alns_stage02_constraint_guided-2015.jsonl,feasible,,pass,READY_FOR_STAGE031_FORMAL_MEASUREMENT,not_applicable,pass,a8d8909f08d500c684ff9f81ddc182c2a290dec4a2c83a9ba861d294cbeaad9e,raw_manifest,5f2508b8a49aa0d538c56e3bf2c45ad03534e7d9eec3cc935b786488d2655c61,e1840ebd3945bac63a1a1db5e13438dc2d1aad0b75fff316f3a4685d50583551,eb27ec04e799ee6d39dee3d66f15128e197811afa8c664295acbdf6444176434,d8d1293c6e80ec307f9dae6f549b2803f0f7e01664a0acc85b0635b5e11917f0,b226b97e0e67288aaaf85726ad855df71cb81406685c57c8e8c40cd8996aa0da,9967f1a92bba2e3d0c583e4a912afa80e9731f02,False,"{""VRP-EVRP-Project-Hub"": {""dirty"": false, ""path"": ""/Users/guoyiyang/Documents/GitHub/FURP-2026-Yiyang-GUO-EVRP-TW/reference/VRP-EVRP-Project-Hub"", ""revision"": ""e3a890065105f978187e532642c4442522215e02""}, ""py-ga-VRPTW"": {""dirty"": false, ""path"": ""/Users/guoyiyang/Documents/GitHub/FURP-2026-Yiyang-GUO-EVRP-TW/reference/py-ga-VRPTW"", ""revision"": ""8e005caaaf6471a4505588d88c7f0f5e0d4ebffa""}}",stage03.0_measurement_attempt05,,preserve;see stage03_legacy_path_map.csv,legacy,legacy_json_or_jsonl,none,legacy,legacy_unknown,,,3432922,legacy_compatible
stage03.1,screening,stage03.1_screening_attempt03,attempt03,stage03.1_screening_attempt03,stage031_cheap_screening_smoke03,smoke,r105C5,2016,"[""c101C5"", ""r105C5"", ""rc105C5"", ""c101_21"", ""r101_21"", ""rc101_21""]","[2014, 2015, 2016]",events,verified_legacy,results/stage03.1_screening_attempt03/r105C5/2016/stage03.1_screening_attempt03_events_r105C5_2016.jsonl,results/stage031-cheap-screening_smoke03/events/r105C5-alns_stage02_constraint_guided-2016.jsonl,feasible,,pass,READY_FOR_STAGE031_FORMAL_MEASUREMENT,not_applicable,pass,1174d39f5027048015aef35774f904e78383d782e618854a6e8112a94d5e61ff,raw_manifest,5f2508b8a49aa0d538c56e3bf2c45ad03534e7d9eec3cc935b786488d2655c61,e1840ebd3945bac63a1a1db5e13438dc2d1aad0b75fff316f3a4685d50583551,eb27ec04e799ee6d39dee3d66f15128e197811afa8c664295acbdf6444176434,8d6d4d4d6cf6555d3adf7f96851742f0676aecaa0b0e668bbd1dde13025bc318,b226b97e0e67288aaaf85726ad855df71cb81406685c57c8e8c40cd8996aa0da,9967f1a92bba2e3d0c583e4a912afa80e9731f02,False,"{""VRP-EVRP-Project-Hub"": {""dirty"": false, ""path"": ""/Users/guoyiyang/Documents/GitHub/FURP-2026-Yiyang-GUO-EVRP-TW/reference/VRP-EVRP-Project-Hub"", ""revision"": ""e3a890065105f978187e532642c4442522215e02""}, ""py-ga-VRPTW"": {""dirty"": false, ""path"": ""/Users/guoyiyang/Documents/GitHub/FURP-2026-Yiyang-GUO-EVRP-TW/reference/py-ga-VRPTW"", ""revision"": ""8e005caaaf6471a4505588d88c7f0f5e0d4ebffa""}}",stage03.0_measurement_attempt05,,preserve;see stage03_legacy_path_map.csv,legacy,legacy_json_or_jsonl,none,legacy,legacy_unknown,,,3412516,legacy_compatible
stage03.1,screening,stage03.1_screening_attempt03,attempt03,stage03.1_screening_attempt03,stage031_cheap_screening_smoke03,smoke,rc101_21,2014,"[""c101C5"", ""r105C5"", ""rc105C5"", ""c101_21"", ""r101_21"", ""rc101_21""]","[2014, 2015, 2016]",events,verified_legacy,results/stage03.1_screening_attempt03/rc101_21/2014/stage03.1_screening_attempt03_events_rc101_21_2014.jsonl,results/stage031-cheap-screening_smoke03/events/rc101_21-alns_stage02_constraint_guided-2014.jsonl,feasible,,pass,READY_FOR_STAGE031_FORMAL_MEASUREMENT,not_applicable,pass,8a240f249549d4f2d10b57de9842ccb9847dcbed8d1fa82f12624900cd39f9df,raw_manifest,5f2508b8a49aa0d538c56e3bf2c45ad03534e7d9eec3cc935b786488d2655c61,e1840ebd3945bac63a1a1db5e13438dc2d1aad0b75fff316f3a4685d50583551,272a3e58d53d4ba9516f01506164cf8a9b98bfeeb8dbd1fd62f6557e4c98e3a1,5273a3c6a2279ec29b88b5a08bbdf2dbbb76917dcb4bd480996317bddaa021ac,b226b97e0e67288aaaf85726ad855df71cb81406685c57c8e8c40cd8996aa0da,9967f1a92bba2e3d0c583e4a912afa80e9731f02,False,"{""VRP-EVRP-Project-Hub"": {""dirty"": false, ""path"": ""/Users/guoyiyang/Documents/GitHub/FURP-2026-Yiyang-GUO-EVRP-TW/reference/VRP-EVRP-Project-Hub"", ""revision"": ""e3a890065105f978187e532642c4442522215e02""}, ""py-ga-VRPTW"": {""dirty"": false, ""path"": ""/Users/guoyiyang/Documents/GitHub/FURP-2026-Yiyang-GUO-EVRP-TW/reference/py-ga-VRPTW"", ""revision"": ""8e005caaaf6471a4505588d88c7f0f5e0d4ebffa""}}",stage03.0_measurement_attempt05,,preserve;see stage03_legacy_path_map.csv,legacy,legacy_json_or_jsonl,none,legacy,legacy_unknown,,,35523049,legacy_compatible
stage03.1,screening,stage03.1_screening_attempt03,attempt03,stage03.1_screening_attempt03,stage031_cheap_screening_smoke03,smoke,rc101_21,2015,"[""c101C5"", ""r105C5"", ""rc105C5"", ""c101_21"", ""r101_21"", ""rc101_21""]","[2014, 2015, 2016]",events,verified_legacy,results/stage03.1_screening_attempt03/rc101_21/2015/stage03.1_screening_attempt03_events_rc101_21_2015.jsonl,results/stage031-cheap-screening_smoke03/events/rc101_21-alns_stage02_constraint_guided-2015.jsonl,feasible,,pass,READY_FOR_STAGE031_FORMAL_MEASUREMENT,not_applicable,pass,5064e21eefab2642379a48dc9d1e1f45b8275ac45e770157b2f46b8af682ea09,raw_manifest,5f2508b8a49aa0d538c56e3bf2c45ad03534e7d9eec3cc935b786488d2655c61,e1840ebd3945bac63a1a1db5e13438dc2d1aad0b75fff316f3a4685d50583551,272a3e58d53d4ba9516f01506164cf8a9b98bfeeb8dbd1fd62f6557e4c98e3a1,90aba36814a19e91a7284e5e71a4c993f372dd5c4f71f3fc4a188399d5e0eb4a,b226b97e0e67288aaaf85726ad855df71cb81406685c57c8e8c40cd8996aa0da,9967f1a92bba2e3d0c583e4a912afa80e9731f02,False,"{""VRP-EVRP-Project-Hub"": {""dirty"": false, ""path"": ""/Users/guoyiyang/Documents/GitHub/FURP-2026-Yiyang-GUO-EVRP-TW/reference/VRP-EVRP-Project-Hub"", ""revision"": ""e3a890065105f978187e532642c4442522215e02""}, ""py-ga-VRPTW"": {""dirty"": false, ""path"": ""/Users/guoyiyang/Documents/GitHub/FURP-2026-Yiyang-GUO-EVRP-TW/reference/py-ga-VRPTW"", ""revision"": ""8e005caaaf6471a4505588d88c7f0f5e0d4ebffa""}}",stage03.0_measurement_attempt05,,preserve;see stage03_legacy_path_map.csv,legacy,legacy_json_or_jsonl,none,legacy,legacy_unknown,,,48409599,legacy_compatible
stage03.1,screening,stage03.1_screening_attempt03,attempt03,stage03.1_screening_attempt03,stage031_cheap_screening_smoke03,smoke,rc101_21,2016,"[""c101C5"", ""r105C5"", ""rc105C5"", ""c101_21"", ""r101_21"", ""rc101_21""]","[2014, 2015, 2016]",events,verified_legacy,results/stage03.1_screening_attempt03/rc101_21/2016/stage03.1_screening_attempt03_events_rc101_21_2016.jsonl,results/stage031-cheap-screening_smoke03/events/rc101_21-alns_stage02_constraint_guided-2016.jsonl,feasible,,pass,READY_FOR_STAGE031_FORMAL_MEASUREMENT,not_applicable,pass,b1068fa518fa6099568da9f838dab30bdf28f86045c9baee035196d4cc1e4f8c,raw_manifest,5f2508b8a49aa0d538c56e3bf2c45ad03534e7d9eec3cc935b786488d2655c61,e1840ebd3945bac63a1a1db5e13438dc2d1aad0b75fff316f3a4685d50583551,272a3e58d53d4ba9516f01506164cf8a9b98bfeeb8dbd1fd62f6557e4c98e3a1,f2e6d8b9c71a224ad6934a7f9ead655d1da777893ec4be8e3a938c1a9e5bdfe8,b226b97e0e67288aaaf85726ad855df71cb81406685c57c8e8c40cd8996aa0da,9967f1a92bba2e3d0c583e4a912afa80e9731f02,False,"{""VRP-EVRP-Project-Hub"": {""dirty"": false, ""path"": ""/Users/guoyiyang/Documents/GitHub/FURP-2026-Yiyang-GUO-EVRP-TW/reference/VRP-EVRP-Project-Hub"", ""revision"": ""e3a890065105f978187e532642c4442522215e02""}, ""py-ga-VRPTW"": {""dirty"": false, ""path"": ""/Users/guoyiyang/Documents/GitHub/FURP-2026-Yiyang-GUO-EVRP-TW/reference/py-ga-VRPTW"", ""revision"": ""8e005caaaf6471a4505588d88c7f0f5e0d4ebffa""}}",stage03.0_measurement_attempt05,,preserve;see stage03_legacy_path_map.csv,legacy,legacy_json_or_jsonl,none,legacy,legacy_unknown,,,35643491,legacy_compatible
stage03.1,screening,stage03.1_screening_attempt03,attempt03,stage03.1_screening_attempt03,stage031_cheap_screening_smoke03,smoke,rc105C5,2014,"[""c101C5"", ""r105C5"", ""rc105C5"", ""c101_21"", ""r101_21"", ""rc101_21""]","[2014, 2015, 2016]",events,verified_legacy,results/stage03.1_screening_attempt03/rc105C5/2014/stage03.1_screening_attempt03_events_rc105C5_2014.jsonl,results/stage031-cheap-screening_smoke03/events/rc105C5-alns_stage02_constraint_guided-2014.jsonl,feasible,,pass,READY_FOR_STAGE031_FORMAL_MEASUREMENT,not_applicable,pass,2ccdafaf6b27ff74814920901ce7c3e6e109de85f93b5094d319041e5f73e4a8,raw_manifest,5f2508b8a49aa0d538c56e3bf2c45ad03534e7d9eec3cc935b786488d2655c61,e1840ebd3945bac63a1a1db5e13438dc2d1aad0b75fff316f3a4685d50583551,2ccfba6c447fa43a994934690acb67c7355ca04d232394907ed6938bc362c643,35288c568f4e6f4df8533ca9ea1fd7c8ad969ca4c28014d46e9f5bde6fd7df70,b226b97e0e67288aaaf85726ad855df71cb81406685c57c8e8c40cd8996aa0da,9967f1a92bba2e3d0c583e4a912afa80e9731f02,False,"{""VRP-EVRP-Project-Hub"": {""dirty"": false, ""path"": ""/Users/guoyiyang/Documents/GitHub/FURP-2026-Yiyang-GUO-EVRP-TW/reference/VRP-EVRP-Project-Hub"", ""revision"": ""e3a890065105f978187e532642c4442522215e02""}, ""py-ga-VRPTW"": {""dirty"": false, ""path"": ""/Users/guoyiyang/Documents/GitHub/FURP-2026-Yiyang-GUO-EVRP-TW/reference/py-ga-VRPTW"", ""revision"": ""8e005caaaf6471a4505588d88c7f0f5e0d4ebffa""}}",stage03.0_measurement_attempt05,,preserve;see stage03_legacy_path_map.csv,legacy,legacy_json_or_jsonl,none,legacy,legacy_unknown,,,3427955,legacy_compatible
stage03.1,screening,stage03.1_screening_attempt03,attempt03,stage03.1_screening_attempt03,stage031_cheap_screening_smoke03,smoke,rc105C5,2015,"[""c101C5"", ""r105C5"", ""rc105C5"", ""c101_21"", ""r101_21"", ""rc101_21""]","[2014, 2015, 2016]",events,verified_legacy,results/stage03.1_screening_attempt03/rc105C5/2015/stage03.1_screening_attempt03_events_rc105C5_2015.jsonl,results/stage031-cheap-screening_smoke03/events/rc105C5-alns_stage02_constraint_guided-2015.jsonl,feasible,,pass,READY_FOR_STAGE031_FORMAL_MEASUREMENT,not_applicable,pass,771e80fdd398369c32b58fb804f9deb90ab702106e5600cd4a254fe9265f4a32,raw_manifest,5f2508b8a49aa0d538c56e3bf2c45ad03534e7d9eec3cc935b786488d2655c61,e1840ebd3945bac63a1a1db5e13438dc2d1aad0b75fff316f3a4685d50583551,2ccfba6c447fa43a994934690acb67c7355ca04d232394907ed6938bc362c643,a82c77642995b1cd05f554c8cce695313cec78efa8b454d539ac68949e72659c,b226b97e0e67288aaaf85726ad855df71cb81406685c57c8e8c40cd8996aa0da,9967f1a92bba2e3d0c583e4a912afa80e9731f02,False,"{""VRP-EVRP-Project-Hub"": {""dirty"": false, ""path"": ""/Users/guoyiyang/Documents/GitHub/FURP-2026-Yiyang-GUO-EVRP-TW/reference/VRP-EVRP-Project-Hub"", ""revision"": ""e3a890065105f978187e532642c4442522215e02""}, ""py-ga-VRPTW"": {""dirty"": false, ""path"": ""/Users/guoyiyang/Documents/GitHub/FURP-2026-Yiyang-GUO-EVRP-TW/reference/py-ga-VRPTW"", ""revision"": ""8e005caaaf6471a4505588d88c7f0f5e0d4ebffa""}}",stage03.0_measurement_attempt05,,preserve;see stage03_legacy_path_map.csv,legacy,legacy_json_or_jsonl,none,legacy,legacy_unknown,,,3433587,legacy_compatible
stage03.1,screening,stage03.1_screening_attempt03,attempt03,stage03.1_screening_attempt03,stage031_cheap_screening_smoke03,smoke,rc105C5,2016,"[""c101C5"", ""r105C5"", ""rc105C5"", ""c101_21"", ""r101_21"", ""rc101_21""]","[2014, 2015, 2016]",events,verified_legacy,results/stage03.1_screening_attempt03/rc105C5/2016/stage03.1_screening_attempt03_events_rc105C5_2016.jsonl,results/stage031-cheap-screening_smoke03/events/rc105C5-alns_stage02_constraint_guided-2016.jsonl,feasible,,pass,READY_FOR_STAGE031_FORMAL_MEASUREMENT,not_applicable,pass,b1ad4b729bde6cfea8d3b099f41f81aed08b0b8c770889b0c962a6e06bb39e9b,raw_manifest,5f2508b8a49aa0d538c56e3bf2c45ad03534e7d9eec3cc935b786488d2655c61,e1840ebd3945bac63a1a1db5e13438dc2d1aad0b75fff316f3a4685d50583551,2ccfba6c447fa43a994934690acb67c7355ca04d232394907ed6938bc362c643,295f4cba99f127eac17fa315437333aaabd8ef3c43d8348a56ab24c268d1c2c6,b226b97e0e67288aaaf85726ad855df71cb81406685c57c8e8c40cd8996aa0da,9967f1a92bba2e3d0c583e4a912afa80e9731f02,False,"{""VRP-EVRP-Project-Hub"": {""dirty"": false, ""path"": ""/Users/guoyiyang/Documents/GitHub/FURP-2026-Yiyang-GUO-EVRP-TW/reference/VRP-EVRP-Project-Hub"", ""revision"": ""e3a890065105f978187e532642c4442522215e02""}, ""py-ga-VRPTW"": {""dirty"": false, ""path"": ""/Users/guoyiyang/Documents/GitHub/FURP-2026-Yiyang-GUO-EVRP-TW/reference/py-ga-VRPTW"", ""revision"": ""8e005caaaf6471a4505588d88c7f0f5e0d4ebffa""}}",stage03.0_measurement_attempt05,,preserve;see stage03_legacy_path_map.csv,legacy,legacy_json_or_jsonl,none,legacy,legacy_unknown,,,3430955,legacy_compatible
stage03.1,screening,stage03.1_screening_attempt03,attempt03,stage03.1_screening_attempt03,stage031_cheap_screening_smoke03,smoke,__all__,__all__,"[""c101C5"", ""r105C5"", ""rc105C5"", ""c101_21"", ""r101_21"", ""rc101_21""]","[2014, 2015, 2016]",manifest,verified_legacy,results/stage03.1_screening_attempt03/control/stage03.1_screening_attempt03_manifest.json,results/stage031-cheap-screening_smoke03/manifest.json,feasible,,pass,READY_FOR_STAGE031_FORMAL_MEASUREMENT,not_applicable,pass,c988e1ccf267700747dd3cbb5a9a3ad8145e8ed69920ac76d3dd8f5ec8cae535,computed,5f2508b8a49aa0d538c56e3bf2c45ad03534e7d9eec3cc935b786488d2655c61,e1840ebd3945bac63a1a1db5e13438dc2d1aad0b75fff316f3a4685d50583551,,,b226b97e0e67288aaaf85726ad855df71cb81406685c57c8e8c40cd8996aa0da,9967f1a92bba2e3d0c583e4a912afa80e9731f02,False,"{""VRP-EVRP-Project-Hub"": {""dirty"": false, ""path"": ""/Users/guoyiyang/Documents/GitHub/FURP-2026-Yiyang-GUO-EVRP-TW/reference/VRP-EVRP-Project-Hub"", ""revision"": ""e3a890065105f978187e532642c4442522215e02""}, ""py-ga-VRPTW"": {""dirty"": false, ""path"": ""/Users/guoyiyang/Documents/GitHub/FURP-2026-Yiyang-GUO-EVRP-TW/reference/py-ga-VRPTW"", ""revision"": ""8e005caaaf6471a4505588d88c7f0f5e0d4ebffa""}}",stage03.0_measurement_attempt05,,preserve;see stage03_legacy_path_map.csv,legacy,legacy_json_or_jsonl,none,legacy,legacy_unknown,,,12321,legacy_compatible
stage03.1,screening,stage03.1_screening_attempt03,attempt03,stage03.1_screening_attempt03,stage031_cheap_screening_smoke03,smoke,__all__,__all__,"[""c101C5"", ""r105C5"", ""rc105C5"", ""c101_21"", ""r101_21"", ""rc101_21""]","[2014, 2015, 2016]",manifest_checksum,verified_legacy,results/stage03.1_screening_attempt03/control/stage03.1_screening_attempt03_manifest.sha256,results/stage031-cheap-screening_smoke03/manifest.sha256,feasible,,pass,READY_FOR_STAGE031_FORMAL_MEASUREMENT,not_applicable,pass,04edc983c20205bdfa846a95d20df6bef3c4f0e9911e1497c3e6aa8f8b7d1b92,computed,5f2508b8a49aa0d538c56e3bf2c45ad03534e7d9eec3cc935b786488d2655c61,e1840ebd3945bac63a1a1db5e13438dc2d1aad0b75fff316f3a4685d50583551,,,b226b97e0e67288aaaf85726ad855df71cb81406685c57c8e8c40cd8996aa0da,9967f1a92bba2e3d0c583e4a912afa80e9731f02,False,"{""VRP-EVRP-Project-Hub"": {""dirty"": false, ""path"": ""/Users/guoyiyang/Documents/GitHub/FURP-2026-Yiyang-GUO-EVRP-TW/reference/VRP-EVRP-Project-Hub"", ""revision"": ""e3a890065105f978187e532642c4442522215e02""}, ""py-ga-VRPTW"": {""dirty"": false, ""path"": ""/Users/guoyiyang/Documents/GitHub/FURP-2026-Yiyang-GUO-EVRP-TW/reference/py-ga-VRPTW"", ""revision"": ""8e005caaaf6471a4505588d88c7f0f5e0d4ebffa""}}",stage03.0_measurement_attempt05,,preserve;see stage03_legacy_path_map.csv,legacy,legacy_json_or_jsonl,none,legacy,legacy_unknown,,,65,legacy_compatible
stage03.1,screening,stage03.1_screening_attempt03,attempt03,stage03.1_screening_attempt03,stage031_cheap_screening_smoke03,smoke,__all__,__all__,"[""c101C5"", ""r105C5"", ""rc105C5"", ""c101_21"", ""r101_21"", ""rc101_21""]","[2014, 2015, 2016]",config,verified_legacy,results/stage03.1_screening_attempt03/control/stage03.1_screening_attempt03_config.toml,results/stage031-cheap-screening_smoke03/parameters.toml,feasible,,pass,READY_FOR_STAGE031_FORMAL_MEASUREMENT,not_applicable,pass,e1840ebd3945bac63a1a1db5e13438dc2d1aad0b75fff316f3a4685d50583551,raw_manifest,5f2508b8a49aa0d538c56e3bf2c45ad03534e7d9eec3cc935b786488d2655c61,e1840ebd3945bac63a1a1db5e13438dc2d1aad0b75fff316f3a4685d50583551,,,b226b97e0e67288aaaf85726ad855df71cb81406685c57c8e8c40cd8996aa0da,9967f1a92bba2e3d0c583e4a912afa80e9731f02,False,"{""VRP-EVRP-Project-Hub"": {""dirty"": false, ""path"": ""/Users/guoyiyang/Documents/GitHub/FURP-2026-Yiyang-GUO-EVRP-TW/reference/VRP-EVRP-Project-Hub"", ""revision"": ""e3a890065105f978187e532642c4442522215e02""}, ""py-ga-VRPTW"": {""dirty"": false, ""path"": ""/Users/guoyiyang/Documents/GitHub/FURP-2026-Yiyang-GUO-EVRP-TW/reference/py-ga-VRPTW"", ""revision"": ""8e005caaaf6471a4505588d88c7f0f5e0d4ebffa""}}",stage03.0_measurement_attempt05,,preserve;see stage03_legacy_path_map.csv,legacy,legacy_json_or_jsonl,none,legacy,legacy_unknown,,,1052,legacy_compatible
stage03.1,screening,stage03.1_screening_attempt03,attempt03,stage03.1_screening_attempt03,stage031_cheap_screening_smoke03,smoke,c101C5,2014,"[""c101C5"", ""r105C5"", ""rc105C5"", ""c101_21"", ""r101_21"", ""rc101_21""]","[2014, 2015, 2016]",raw,verified_legacy,results/stage03.1_screening_attempt03/c101C5/2014/stage03.1_screening_attempt03_raw_c101C5_2014.json,results/stage031-cheap-screening_smoke03/raw/c101C5-alns_stage02_constraint_guided-2014.json,feasible,,pass,READY_FOR_STAGE031_FORMAL_MEASUREMENT,not_applicable,pass,73410eec79eed0aee02c0bb9b8ebbf8f10445b4d9629dbb381d6a16518c5b8fc,raw_manifest,5f2508b8a49aa0d538c56e3bf2c45ad03534e7d9eec3cc935b786488d2655c61,e1840ebd3945bac63a1a1db5e13438dc2d1aad0b75fff316f3a4685d50583551,8612d6d9aad051776097a5e50c7408f39352b8107b0639d58e5eda713f9ff876,7463c37b485ba271e50759929f0f7e052c75d617b27146feb67bf535b374e4b4,b226b97e0e67288aaaf85726ad855df71cb81406685c57c8e8c40cd8996aa0da,9967f1a92bba2e3d0c583e4a912afa80e9731f02,False,"{""VRP-EVRP-Project-Hub"": {""dirty"": false, ""path"": ""/Users/guoyiyang/Documents/GitHub/FURP-2026-Yiyang-GUO-EVRP-TW/reference/VRP-EVRP-Project-Hub"", ""revision"": ""e3a890065105f978187e532642c4442522215e02""}, ""py-ga-VRPTW"": {""dirty"": false, ""path"": ""/Users/guoyiyang/Documents/GitHub/FURP-2026-Yiyang-GUO-EVRP-TW/reference/py-ga-VRPTW"", ""revision"": ""8e005caaaf6471a4505588d88c7f0f5e0d4ebffa""}}",stage03.0_measurement_attempt05,,preserve;see stage03_legacy_path_map.csv,legacy,legacy_json_or_jsonl,none,legacy,legacy_unknown,,,2397563,legacy_compatible
stage03.1,screening,stage03.1_screening_attempt03,attempt03,stage03.1_screening_attempt03,stage031_cheap_screening_smoke03,smoke,c101C5,2015,"[""c101C5"", ""r105C5"", ""rc105C5"", ""c101_21"", ""r101_21"", ""rc101_21""]","[2014, 2015, 2016]",raw,verified_legacy,results/stage03.1_screening_attempt03/c101C5/2015/stage03.1_screening_attempt03_raw_c101C5_2015.json,results/stage031-cheap-screening_smoke03/raw/c101C5-alns_stage02_constraint_guided-2015.json,feasible,,pass,READY_FOR_STAGE031_FORMAL_MEASUREMENT,not_applicable,pass,d9e2ff18d7cccd55118dcca9bb261763261ed4cceeda7e86e6bbee96b1bcb45d,raw_manifest,5f2508b8a49aa0d538c56e3bf2c45ad03534e7d9eec3cc935b786488d2655c61,e1840ebd3945bac63a1a1db5e13438dc2d1aad0b75fff316f3a4685d50583551,8612d6d9aad051776097a5e50c7408f39352b8107b0639d58e5eda713f9ff876,6e4738c9c9640f2ffabcb78d67b8813122cd71e1af022edcb9609a5200c76fac,b226b97e0e67288aaaf85726ad855df71cb81406685c57c8e8c40cd8996aa0da,9967f1a92bba2e3d0c583e4a912afa80e9731f02,False,"{""VRP-EVRP-Project-Hub"": {""dirty"": false, ""path"": ""/Users/guoyiyang/Documents/GitHub/FURP-2026-Yiyang-GUO-EVRP-TW/reference/VRP-EVRP-Project-Hub"", ""revision"": ""e3a890065105f978187e532642c4442522215e02""}, ""py-ga-VRPTW"": {""dirty"": false, ""path"": ""/Users/guoyiyang/Documents/GitHub/FURP-2026-Yiyang-GUO-EVRP-TW/reference/py-ga-VRPTW"", ""revision"": ""8e005caaaf6471a4505588d88c7f0f5e0d4ebffa""}}",stage03.0_measurement_attempt05,,preserve;see stage03_legacy_path_map.csv,legacy,legacy_json_or_jsonl,none,legacy,legacy_unknown,,,2380481,legacy_compatible
stage03.1,screening,stage03.1_screening_attempt03,attempt03,stage03.1_screening_attempt03,stage031_cheap_screening_smoke03,smoke,c101C5,2016,"[""c101C5"", ""r105C5"", ""rc105C5"", ""c101_21"", ""r101_21"", ""rc101_21""]","[2014, 2015, 2016]",raw,verified_legacy,results/stage03.1_screening_attempt03/c101C5/2016/stage03.1_screening_attempt03_raw_c101C5_2016.json,results/stage031-cheap-screening_smoke03/raw/c101C5-alns_stage02_constraint_guided-2016.json,feasible,,pass,READY_FOR_STAGE031_FORMAL_MEASUREMENT,not_applicable,pass,8ea3611eb8b6e7e4f2908c52e551c92a3e22d09e3e3f3296d124799aa6fc1591,raw_manifest,5f2508b8a49aa0d538c56e3bf2c45ad03534e7d9eec3cc935b786488d2655c61,e1840ebd3945bac63a1a1db5e13438dc2d1aad0b75fff316f3a4685d50583551,8612d6d9aad051776097a5e50c7408f39352b8107b0639d58e5eda713f9ff876,2ae40ca508dd1d6c13b01e9aef0ff7182e293b6de30581d765f25242a7f8e5d5,b226b97e0e67288aaaf85726ad855df71cb81406685c57c8e8c40cd8996aa0da,9967f1a92bba2e3d0c583e4a912afa80e9731f02,False,"{""VRP-EVRP-Project-Hub"": {""dirty"": false, ""path"": ""/Users/guoyiyang/Documents/GitHub/FURP-2026-Yiyang-GUO-EVRP-TW/reference/VRP-EVRP-Project-Hub"", ""revision"": ""e3a890065105f978187e532642c4442522215e02""}, ""py-ga-VRPTW"": {""dirty"": false, ""path"": ""/Users/guoyiyang/Documents/GitHub/FURP-2026-Yiyang-GUO-EVRP-TW/reference/py-ga-VRPTW"", ""revision"": ""8e005caaaf6471a4505588d88c7f0f5e0d4ebffa""}}",stage03.0_measurement_attempt05,,preserve;see stage03_legacy_path_map.csv,legacy,legacy_json_or_jsonl,none,legacy,legacy_unknown,,,2361006,legacy_compatible
stage03.1,screening,stage03.1_screening_attempt03,attempt03,stage03.1_screening_attempt03,stage031_cheap_screening_smoke03,smoke,c101_21,2014,"[""c101C5"", ""r105C5"", ""rc105C5"", ""c101_21"", ""r101_21"", ""rc101_21""]","[2014, 2015, 2016]",raw,verified_legacy,results/stage03.1_screening_attempt03/c101_21/2014/stage03.1_screening_attempt03_raw_c101_21_2014.json,results/stage031-cheap-screening_smoke03/raw/c101_21-alns_stage02_constraint_guided-2014.json,feasible,,pass,READY_FOR_STAGE031_FORMAL_MEASUREMENT,not_applicable,pass,2514dc20d5c8a72a1c668e686be989b35d4df075b0352d0eecbbd2f215d2ac80,raw_manifest,5f2508b8a49aa0d538c56e3bf2c45ad03534e7d9eec3cc935b786488d2655c61,e1840ebd3945bac63a1a1db5e13438dc2d1aad0b75fff316f3a4685d50583551,c5cda6ca63a7d518902cf4b02d98b4aa0f373aaa0658d5c666d1c46d38871cb9,2ced53fe3315b1bceb2a0b7e355f72490e0cd0d59df0f9b6d1bf8668e241ca60,b226b97e0e67288aaaf85726ad855df71cb81406685c57c8e8c40cd8996aa0da,9967f1a92bba2e3d0c583e4a912afa80e9731f02,False,"{""VRP-EVRP-Project-Hub"": {""dirty"": false, ""path"": ""/Users/guoyiyang/Documents/GitHub/FURP-2026-Yiyang-GUO-EVRP-TW/reference/VRP-EVRP-Project-Hub"", ""revision"": ""e3a890065105f978187e532642c4442522215e02""}, ""py-ga-VRPTW"": {""dirty"": false, ""path"": ""/Users/guoyiyang/Documents/GitHub/FURP-2026-Yiyang-GUO-EVRP-TW/reference/py-ga-VRPTW"", ""revision"": ""8e005caaaf6471a4505588d88c7f0f5e0d4ebffa""}}",stage03.0_measurement_attempt05,,preserve;see stage03_legacy_path_map.csv,legacy,legacy_json_or_jsonl,none,legacy,legacy_unknown,,,29294924,legacy_compatible
stage03.1,screening,stage03.1_screening_attempt03,attempt03,stage03.1_screening_attempt03,stage031_cheap_screening_smoke03,smoke,c101_21,2015,"[""c101C5"", ""r105C5"", ""rc105C5"", ""c101_21"", ""r101_21"", ""rc101_21""]","[2014, 2015, 2016]",raw,verified_legacy,results/stage03.1_screening_attempt03/c101_21/2015/stage03.1_screening_attempt03_raw_c101_21_2015.json,results/stage031-cheap-screening_smoke03/raw/c101_21-alns_stage02_constraint_guided-2015.json,feasible,,pass,READY_FOR_STAGE031_FORMAL_MEASUREMENT,not_applicable,pass,0a51b7a9383b555d059425eefde06b2358d177b21a32c19d8bc8e59478a8371c,raw_manifest,5f2508b8a49aa0d538c56e3bf2c45ad03534e7d9eec3cc935b786488d2655c61,e1840ebd3945bac63a1a1db5e13438dc2d1aad0b75fff316f3a4685d50583551,c5cda6ca63a7d518902cf4b02d98b4aa0f373aaa0658d5c666d1c46d38871cb9,2ad1493ea7e25c1b282127eee1e13a847c17d7ee11456f8e78f9582b6e5ccba1,b226b97e0e67288aaaf85726ad855df71cb81406685c57c8e8c40cd8996aa0da,9967f1a92bba2e3d0c583e4a912afa80e9731f02,False,"{""VRP-EVRP-Project-Hub"": {""dirty"": false, ""path"": ""/Users/guoyiyang/Documents/GitHub/FURP-2026-Yiyang-GUO-EVRP-TW/reference/VRP-EVRP-Project-Hub"", ""revision"": ""e3a890065105f978187e532642c4442522215e02""}, ""py-ga-VRPTW"": {""dirty"": false, ""path"": ""/Users/guoyiyang/Documents/GitHub/FURP-2026-Yiyang-GUO-EVRP-TW/reference/py-ga-VRPTW"", ""revision"": ""8e005caaaf6471a4505588d88c7f0f5e0d4ebffa""}}",stage03.0_measurement_attempt05,,preserve;see stage03_legacy_path_map.csv,legacy,legacy_json_or_jsonl,none,legacy,legacy_unknown,,,25470186,legacy_compatible
stage03.1,screening,stage03.1_screening_attempt03,attempt03,stage03.1_screening_attempt03,stage031_cheap_screening_smoke03,smoke,c101_21,2016,"[""c101C5"", ""r105C5"", ""rc105C5"", ""c101_21"", ""r101_21"", ""rc101_21""]","[2014, 2015, 2016]",raw,verified_legacy,results/stage03.1_screening_attempt03/c101_21/2016/stage03.1_screening_attempt03_raw_c101_21_2016.json,results/stage031-cheap-screening_smoke03/raw/c101_21-alns_stage02_constraint_guided-2016.json,feasible,,pass,READY_FOR_STAGE031_FORMAL_MEASUREMENT,not_applicable,pass,b72328086d89f30e9a090507b63d9037300e12e8b43881050a14ca137d0f909d,raw_manifest,5f2508b8a49aa0d538c56e3bf2c45ad03534e7d9eec3cc935b786488d2655c61,e1840ebd3945bac63a1a1db5e13438dc2d1aad0b75fff316f3a4685d50583551,c5cda6ca63a7d518902cf4b02d98b4aa0f373aaa0658d5c666d1c46d38871cb9,10984b91aaab9e08c67f1586131e869120d30c4aababed1710986dee534630ef,b226b97e0e67288aaaf85726ad855df71cb81406685c57c8e8c40cd8996aa0da,9967f1a92bba2e3d0c583e4a912afa80e9731f02,False,"{""VRP-EVRP-Project-Hub"": {""dirty"": false, ""path"": ""/Users/guoyiyang/Documents/GitHub/FURP-2026-Yiyang-GUO-EVRP-TW/reference/VRP-EVRP-Project-Hub"", ""revision"": ""e3a890065105f978187e532642c4442522215e02""}, ""py-ga-VRPTW"": {""dirty"": false, ""path"": ""/Users/guoyiyang/Documents/GitHub/FURP-2026-Yiyang-GUO-EVRP-TW/reference/py-ga-VRPTW"", ""revision"": ""8e005caaaf6471a4505588d88c7f0f5e0d4ebffa""}}",stage03.0_measurement_attempt05,,preserve;see stage03_legacy_path_map.csv,legacy,legacy_json_or_jsonl,none,legacy,legacy_unknown,,,23643829,legacy_compatible
stage03.1,screening,stage03.1_screening_attempt03,attempt03,stage03.1_screening_attempt03,stage031_cheap_screening_smoke03,smoke,r101_21,2014,"[""c101C5"", ""r105C5"", ""rc105C5"", ""c101_21"", ""r101_21"", ""rc101_21""]","[2014, 2015, 2016]",raw,verified_legacy,results/stage03.1_screening_attempt03/r101_21/2014/stage03.1_screening_attempt03_raw_r101_21_2014.json,results/stage031-cheap-screening_smoke03/raw/r101_21-alns_stage02_constraint_guided-2014.json,feasible,,pass,READY_FOR_STAGE031_FORMAL_MEASUREMENT,not_applicable,pass,e0e8d7458899e6ef313f304e5551565f0eec5fc59453abda99c3cd08bfaeb1a4,raw_manifest,5f2508b8a49aa0d538c56e3bf2c45ad03534e7d9eec3cc935b786488d2655c61,e1840ebd3945bac63a1a1db5e13438dc2d1aad0b75fff316f3a4685d50583551,0e5a3dffffbd3c516b528ef32ba1a488b817d2f151fc3e8c81023814de1c103a,1dd901e9f74b3886e50f98fe652027f4ebc5780f515eced5f59878f62886f3d3,b226b97e0e67288aaaf85726ad855df71cb81406685c57c8e8c40cd8996aa0da,9967f1a92bba2e3d0c583e4a912afa80e9731f02,False,"{""VRP-EVRP-Project-Hub"": {""dirty"": false, ""path"": ""/Users/guoyiyang/Documents/GitHub/FURP-2026-Yiyang-GUO-EVRP-TW/reference/VRP-EVRP-Project-Hub"", ""revision"": ""e3a890065105f978187e532642c4442522215e02""}, ""py-ga-VRPTW"": {""dirty"": false, ""path"": ""/Users/guoyiyang/Documents/GitHub/FURP-2026-Yiyang-GUO-EVRP-TW/reference/py-ga-VRPTW"", ""revision"": ""8e005caaaf6471a4505588d88c7f0f5e0d4ebffa""}}",stage03.0_measurement_attempt05,,preserve;see stage03_legacy_path_map.csv,legacy,legacy_json_or_jsonl,none,legacy,legacy_unknown,,,88813902,legacy_compatible
stage03.1,screening,stage03.1_screening_attempt03,attempt03,stage03.1_screening_attempt03,stage031_cheap_screening_smoke03,smoke,r101_21,2015,"[""c101C5"", ""r105C5"", ""rc105C5"", ""c101_21"", ""r101_21"", ""rc101_21""]","[2014, 2015, 2016]",raw,verified_legacy,results/stage03.1_screening_attempt03/r101_21/2015/stage03.1_screening_attempt03_raw_r101_21_2015.json,results/stage031-cheap-screening_smoke03/raw/r101_21-alns_stage02_constraint_guided-2015.json,feasible,,pass,READY_FOR_STAGE031_FORMAL_MEASUREMENT,not_applicable,pass,039fb23bc7cafe820d78da8a515ca3fe9d5f826b22ddd0bcb9a4f1b6f1ae297c,raw_manifest,5f2508b8a49aa0d538c56e3bf2c45ad03534e7d9eec3cc935b786488d2655c61,e1840ebd3945bac63a1a1db5e13438dc2d1aad0b75fff316f3a4685d50583551,0e5a3dffffbd3c516b528ef32ba1a488b817d2f151fc3e8c81023814de1c103a,e2625d95ced293e95f3acfcc227802ece89a7b2b64bbf1d1f8a4f05a801b72d4,b226b97e0e67288aaaf85726ad855df71cb81406685c57c8e8c40cd8996aa0da,9967f1a92bba2e3d0c583e4a912afa80e9731f02,False,"{""VRP-EVRP-Project-Hub"": {""dirty"": false, ""path"": ""/Users/guoyiyang/Documents/GitHub/FURP-2026-Yiyang-GUO-EVRP-TW/reference/VRP-EVRP-Project-Hub"", ""revision"": ""e3a890065105f978187e532642c4442522215e02""}, ""py-ga-VRPTW"": {""dirty"": false, ""path"": ""/Users/guoyiyang/Documents/GitHub/FURP-2026-Yiyang-GUO-EVRP-TW/reference/py-ga-VRPTW"", ""revision"": ""8e005caaaf6471a4505588d88c7f0f5e0d4ebffa""}}",stage03.0_measurement_attempt05,,preserve;see stage03_legacy_path_map.csv,legacy,legacy_json_or_jsonl,none,legacy,legacy_unknown,,,64726509,legacy_compatible
stage03.1,screening,stage03.1_screening_attempt03,attempt03,stage03.1_screening_attempt03,stage031_cheap_screening_smoke03,smoke,r101_21,2016,"[""c101C5"", ""r105C5"", ""rc105C5"", ""c101_21"", ""r101_21"", ""rc101_21""]","[2014, 2015, 2016]",raw,verified_legacy,results/stage03.1_screening_attempt03/r101_21/2016/stage03.1_screening_attempt03_raw_r101_21_2016.json,results/stage031-cheap-screening_smoke03/raw/r101_21-alns_stage02_constraint_guided-2016.json,feasible,,pass,READY_FOR_STAGE031_FORMAL_MEASUREMENT,not_applicable,pass,8827c333e9939a57a4b0c52057b72e1f28658ddd5cfd9379b7b1e9ef35ee8b4a,raw_manifest,5f2508b8a49aa0d538c56e3bf2c45ad03534e7d9eec3cc935b786488d2655c61,e1840ebd3945bac63a1a1db5e13438dc2d1aad0b75fff316f3a4685d50583551,0e5a3dffffbd3c516b528ef32ba1a488b817d2f151fc3e8c81023814de1c103a,72724e52a09bb19e1375703c8691094d64ddc15037e782ef9593f964650986fb,b226b97e0e67288aaaf85726ad855df71cb81406685c57c8e8c40cd8996aa0da,9967f1a92bba2e3d0c583e4a912afa80e9731f02,False,"{""VRP-EVRP-Project-Hub"": {""dirty"": false, ""path"": ""/Users/guoyiyang/Documents/GitHub/FURP-2026-Yiyang-GUO-EVRP-TW/reference/VRP-EVRP-Project-Hub"", ""revision"": ""e3a890065105f978187e532642c4442522215e02""}, ""py-ga-VRPTW"": {""dirty"": false, ""path"": ""/Users/guoyiyang/Documents/GitHub/FURP-2026-Yiyang-GUO-EVRP-TW/reference/py-ga-VRPTW"", ""revision"": ""8e005caaaf6471a4505588d88c7f0f5e0d4ebffa""}}",stage03.0_measurement_attempt05,,preserve;see stage03_legacy_path_map.csv,legacy,legacy_json_or_jsonl,none,legacy,legacy_unknown,,,63030592,legacy_compatible
stage03.1,screening,stage03.1_screening_attempt03,attempt03,stage03.1_screening_attempt03,stage031_cheap_screening_smoke03,smoke,r105C5,2014,"[""c101C5"", ""r105C5"", ""rc105C5"", ""c101_21"", ""r101_21"", ""rc101_21""]","[2014, 2015, 2016]",raw,verified_legacy,results/stage03.1_screening_attempt03/r105C5/2014/stage03.1_screening_attempt03_raw_r105C5_2014.json,results/stage031-cheap-screening_smoke03/raw/r105C5-alns_stage02_constraint_guided-2014.json,feasible,,pass,READY_FOR_STAGE031_FORMAL_MEASUREMENT,not_applicable,pass,03c4c58ad0d21265236931c52275a06e1f941b979e4dd7e706d6fa4d331b90e7,raw_manifest,5f2508b8a49aa0d538c56e3bf2c45ad03534e7d9eec3cc935b786488d2655c61,e1840ebd3945bac63a1a1db5e13438dc2d1aad0b75fff316f3a4685d50583551,eb27ec04e799ee6d39dee3d66f15128e197811afa8c664295acbdf6444176434,cf21abd427df653561741ec4899a3cb789b27df52721de52ab241c2742ee9d92,b226b97e0e67288aaaf85726ad855df71cb81406685c57c8e8c40cd8996aa0da,9967f1a92bba2e3d0c583e4a912afa80e9731f02,False,"{""VRP-EVRP-Project-Hub"": {""dirty"": false, ""path"": ""/Users/guoyiyang/Documents/GitHub/FURP-2026-Yiyang-GUO-EVRP-TW/reference/VRP-EVRP-Project-Hub"", ""revision"": ""e3a890065105f978187e532642c4442522215e02""}, ""py-ga-VRPTW"": {""dirty"": false, ""path"": ""/Users/guoyiyang/Documents/GitHub/FURP-2026-Yiyang-GUO-EVRP-TW/reference/py-ga-VRPTW"", ""revision"": ""8e005caaaf6471a4505588d88c7f0f5e0d4ebffa""}}",stage03.0_measurement_attempt05,,preserve;see stage03_legacy_path_map.csv,legacy,legacy_json_or_jsonl,none,legacy,legacy_unknown,,,2356203,legacy_compatible
stage03.1,screening,stage03.1_screening_attempt03,attempt03,stage03.1_screening_attempt03,stage031_cheap_screening_smoke03,smoke,r105C5,2015,"[""c101C5"", ""r105C5"", ""rc105C5"", ""c101_21"", ""r101_21"", ""rc101_21""]","[2014, 2015, 2016]",raw,verified_legacy,results/stage03.1_screening_attempt03/r105C5/2015/stage03.1_screening_attempt03_raw_r105C5_2015.json,results/stage031-cheap-screening_smoke03/raw/r105C5-alns_stage02_constraint_guided-2015.json,feasible,,pass,READY_FOR_STAGE031_FORMAL_MEASUREMENT,not_applicable,pass,a97da4093b817925b550e3a7d5d0c2c9006be7c3300ba2318b0d7c6b28a02325,raw_manifest,5f2508b8a49aa0d538c56e3bf2c45ad03534e7d9eec3cc935b786488d2655c61,e1840ebd3945bac63a1a1db5e13438dc2d1aad0b75fff316f3a4685d50583551,eb27ec04e799ee6d39dee3d66f15128e197811afa8c664295acbdf6444176434,d8d1293c6e80ec307f9dae6f549b2803f0f7e01664a0acc85b0635b5e11917f0,b226b97e0e67288aaaf85726ad855df71cb81406685c57c8e8c40cd8996aa0da,9967f1a92bba2e3d0c583e4a912afa80e9731f02,False,"{""VRP-EVRP-Project-Hub"": {""dirty"": false, ""path"": ""/Users/guoyiyang/Documents/GitHub/FURP-2026-Yiyang-GUO-EVRP-TW/reference/VRP-EVRP-Project-Hub"", ""revision"": ""e3a890065105f978187e532642c4442522215e02""}, ""py-ga-VRPTW"": {""dirty"": false, ""path"": ""/Users/guoyiyang/Documents/GitHub/FURP-2026-Yiyang-GUO-EVRP-TW/reference/py-ga-VRPTW"", ""revision"": ""8e005caaaf6471a4505588d88c7f0f5e0d4ebffa""}}",stage03.0_measurement_attempt05,,preserve;see stage03_legacy_path_map.csv,legacy,legacy_json_or_jsonl,none,legacy,legacy_unknown,,,2289329,legacy_compatible
stage03.1,screening,stage03.1_screening_attempt03,attempt03,stage03.1_screening_attempt03,stage031_cheap_screening_smoke03,smoke,r105C5,2016,"[""c101C5"", ""r105C5"", ""rc105C5"", ""c101_21"", ""r101_21"", ""rc101_21""]","[2014, 2015, 2016]",raw,verified_legacy,results/stage03.1_screening_attempt03/r105C5/2016/stage03.1_screening_attempt03_raw_r105C5_2016.json,results/stage031-cheap-screening_smoke03/raw/r105C5-alns_stage02_constraint_guided-2016.json,feasible,,pass,READY_FOR_STAGE031_FORMAL_MEASUREMENT,not_applicable,pass,2844acf3065b6d1f01741a1de10a48300fed2919be74e752531fbaf5c0b24785,raw_manifest,5f2508b8a49aa0d538c56e3bf2c45ad03534e7d9eec3cc935b786488d2655c61,e1840ebd3945bac63a1a1db5e13438dc2d1aad0b75fff316f3a4685d50583551,eb27ec04e799ee6d39dee3d66f15128e197811afa8c664295acbdf6444176434,8d6d4d4d6cf6555d3adf7f96851742f0676aecaa0b0e668bbd1dde13025bc318,b226b97e0e67288aaaf85726ad855df71cb81406685c57c8e8c40cd8996aa0da,9967f1a92bba2e3d0c583e4a912afa80e9731f02,False,"{""VRP-EVRP-Project-Hub"": {""dirty"": false, ""path"": ""/Users/guoyiyang/Documents/GitHub/FURP-2026-Yiyang-GUO-EVRP-TW/reference/VRP-EVRP-Project-Hub"", ""revision"": ""e3a890065105f978187e532642c4442522215e02""}, ""py-ga-VRPTW"": {""dirty"": false, ""path"": ""/Users/guoyiyang/Documents/GitHub/FURP-2026-Yiyang-GUO-EVRP-TW/reference/py-ga-VRPTW"", ""revision"": ""8e005caaaf6471a4505588d88c7f0f5e0d4ebffa""}}",stage03.0_measurement_attempt05,,preserve;see stage03_legacy_path_map.csv,legacy,legacy_json_or_jsonl,none,legacy,legacy_unknown,,,2267230,legacy_compatible
stage03.1,screening,stage03.1_screening_attempt03,attempt03,stage03.1_screening_attempt03,stage031_cheap_screening_smoke03,smoke,rc101_21,2014,"[""c101C5"", ""r105C5"", ""rc105C5"", ""c101_21"", ""r101_21"", ""rc101_21""]","[2014, 2015, 2016]",raw,verified_legacy,results/stage03.1_screening_attempt03/rc101_21/2014/stage03.1_screening_attempt03_raw_rc101_21_2014.json,results/stage031-cheap-screening_smoke03/raw/rc101_21-alns_stage02_constraint_guided-2014.json,feasible,,pass,READY_FOR_STAGE031_FORMAL_MEASUREMENT,not_applicable,pass,795e83393a32a10665956d3c7c028c788537734f394a7a4a1cd018ba29aab1d0,raw_manifest,5f2508b8a49aa0d538c56e3bf2c45ad03534e7d9eec3cc935b786488d2655c61,e1840ebd3945bac63a1a1db5e13438dc2d1aad0b75fff316f3a4685d50583551,272a3e58d53d4ba9516f01506164cf8a9b98bfeeb8dbd1fd62f6557e4c98e3a1,5273a3c6a2279ec29b88b5a08bbdf2dbbb76917dcb4bd480996317bddaa021ac,b226b97e0e67288aaaf85726ad855df71cb81406685c57c8e8c40cd8996aa0da,9967f1a92bba2e3d0c583e4a912afa80e9731f02,False,"{""VRP-EVRP-Project-Hub"": {""dirty"": false, ""path"": ""/Users/guoyiyang/Documents/GitHub/FURP-2026-Yiyang-GUO-EVRP-TW/reference/VRP-EVRP-Project-Hub"", ""revision"": ""e3a890065105f978187e532642c4442522215e02""}, ""py-ga-VRPTW"": {""dirty"": false, ""path"": ""/Users/guoyiyang/Documents/GitHub/FURP-2026-Yiyang-GUO-EVRP-TW/reference/py-ga-VRPTW"", ""revision"": ""8e005caaaf6471a4505588d88c7f0f5e0d4ebffa""}}",stage03.0_measurement_attempt05,,preserve;see stage03_legacy_path_map.csv,legacy,legacy_json_or_jsonl,none,legacy,legacy_unknown,,,49196721,legacy_compatible
stage03.1,screening,stage03.1_screening_attempt03,attempt03,stage03.1_screening_attempt03,stage031_cheap_screening_smoke03,smoke,rc101_21,2015,"[""c101C5"", ""r105C5"", ""rc105C5"", ""c101_21"", ""r101_21"", ""rc101_21""]","[2014, 2015, 2016]",raw,verified_legacy,results/stage03.1_screening_attempt03/rc101_21/2015/stage03.1_screening_attempt03_raw_rc101_21_2015.json,results/stage031-cheap-screening_smoke03/raw/rc101_21-alns_stage02_constraint_guided-2015.json,feasible,,pass,READY_FOR_STAGE031_FORMAL_MEASUREMENT,not_applicable,pass,4adb738513e6e2e4eb4ff84d933a1ea11ec8004d36d6cdb19aff8bbbab4d29e3,raw_manifest,5f2508b8a49aa0d538c56e3bf2c45ad03534e7d9eec3cc935b786488d2655c61,e1840ebd3945bac63a1a1db5e13438dc2d1aad0b75fff316f3a4685d50583551,272a3e58d53d4ba9516f01506164cf8a9b98bfeeb8dbd1fd62f6557e4c98e3a1,90aba36814a19e91a7284e5e71a4c993f372dd5c4f71f3fc4a188399d5e0eb4a,b226b97e0e67288aaaf85726ad855df71cb81406685c57c8e8c40cd8996aa0da,9967f1a92bba2e3d0c583e4a912afa80e9731f02,False,"{""VRP-EVRP-Project-Hub"": {""dirty"": false, ""path"": ""/Users/guoyiyang/Documents/GitHub/FURP-2026-Yiyang-GUO-EVRP-TW/reference/VRP-EVRP-Project-Hub"", ""revision"": ""e3a890065105f978187e532642c4442522215e02""}, ""py-ga-VRPTW"": {""dirty"": false, ""path"": ""/Users/guoyiyang/Documents/GitHub/FURP-2026-Yiyang-GUO-EVRP-TW/reference/py-ga-VRPTW"", ""revision"": ""8e005caaaf6471a4505588d88c7f0f5e0d4ebffa""}}",stage03.0_measurement_attempt05,,preserve;see stage03_legacy_path_map.csv,legacy,legacy_json_or_jsonl,none,legacy,legacy_unknown,,,67382883,legacy_compatible
stage03.1,screening,stage03.1_screening_attempt03,attempt03,stage03.1_screening_attempt03,stage031_cheap_screening_smoke03,smoke,rc101_21,2016,"[""c101C5"", ""r105C5"", ""rc105C5"", ""c101_21"", ""r101_21"", ""rc101_21""]","[2014, 2015, 2016]",raw,verified_legacy,results/stage03.1_screening_attempt03/rc101_21/2016/stage03.1_screening_attempt03_raw_rc101_21_2016.json,results/stage031-cheap-screening_smoke03/raw/rc101_21-alns_stage02_constraint_guided-2016.json,feasible,,pass,READY_FOR_STAGE031_FORMAL_MEASUREMENT,not_applicable,pass,9cfd9733bf2718fa7de709a38cbb34696d2785c0acba207bb207cbe179f0826b,raw_manifest,5f2508b8a49aa0d538c56e3bf2c45ad03534e7d9eec3cc935b786488d2655c61,e1840ebd3945bac63a1a1db5e13438dc2d1aad0b75fff316f3a4685d50583551,272a3e58d53d4ba9516f01506164cf8a9b98bfeeb8dbd1fd62f6557e4c98e3a1,f2e6d8b9c71a224ad6934a7f9ead655d1da777893ec4be8e3a938c1a9e5bdfe8,b226b97e0e67288aaaf85726ad855df71cb81406685c57c8e8c40cd8996aa0da,9967f1a92bba2e3d0c583e4a912afa80e9731f02,False,"{""VRP-EVRP-Project-Hub"": {""dirty"": false, ""path"": ""/Users/guoyiyang/Documents/GitHub/FURP-2026-Yiyang-GUO-EVRP-TW/reference/VRP-EVRP-Project-Hub"", ""revision"": ""e3a890065105f978187e532642c4442522215e02""}, ""py-ga-VRPTW"": {""dirty"": false, ""path"": ""/Users/guoyiyang/Documents/GitHub/FURP-2026-Yiyang-GUO-EVRP-TW/reference/py-ga-VRPTW"", ""revision"": ""8e005caaaf6471a4505588d88c7f0f5e0d4ebffa""}}",stage03.0_measurement_attempt05,,preserve;see stage03_legacy_path_map.csv,legacy,legacy_json_or_jsonl,none,legacy,legacy_unknown,,,49232521,legacy_compatible
stage03.1,screening,stage03.1_screening_attempt03,attempt03,stage03.1_screening_attempt03,stage031_cheap_screening_smoke03,smoke,rc105C5,2014,"[""c101C5"", ""r105C5"", ""rc105C5"", ""c101_21"", ""r101_21"", ""rc101_21""]","[2014, 2015, 2016]",raw,verified_legacy,results/stage03.1_screening_attempt03/rc105C5/2014/stage03.1_screening_attempt03_raw_rc105C5_2014.json,results/stage031-cheap-screening_smoke03/raw/rc105C5-alns_stage02_constraint_guided-2014.json,feasible,,pass,READY_FOR_STAGE031_FORMAL_MEASUREMENT,not_applicable,pass,f7316b90eba3a742b9cbb2877dccc4a6e50677b128b57d9f3a6a2fee8d75cc3d,raw_manifest,5f2508b8a49aa0d538c56e3bf2c45ad03534e7d9eec3cc935b786488d2655c61,e1840ebd3945bac63a1a1db5e13438dc2d1aad0b75fff316f3a4685d50583551,2ccfba6c447fa43a994934690acb67c7355ca04d232394907ed6938bc362c643,35288c568f4e6f4df8533ca9ea1fd7c8ad969ca4c28014d46e9f5bde6fd7df70,b226b97e0e67288aaaf85726ad855df71cb81406685c57c8e8c40cd8996aa0da,9967f1a92bba2e3d0c583e4a912afa80e9731f02,False,"{""VRP-EVRP-Project-Hub"": {""dirty"": false, ""path"": ""/Users/guoyiyang/Documents/GitHub/FURP-2026-Yiyang-GUO-EVRP-TW/reference/VRP-EVRP-Project-Hub"", ""revision"": ""e3a890065105f978187e532642c4442522215e02""}, ""py-ga-VRPTW"": {""dirty"": false, ""path"": ""/Users/guoyiyang/Documents/GitHub/FURP-2026-Yiyang-GUO-EVRP-TW/reference/py-ga-VRPTW"", ""revision"": ""8e005caaaf6471a4505588d88c7f0f5e0d4ebffa""}}",stage03.0_measurement_attempt05,,preserve;see stage03_legacy_path_map.csv,legacy,legacy_json_or_jsonl,none,legacy,legacy_unknown,,,2288904,legacy_compatible
stage03.1,screening,stage03.1_screening_attempt03,attempt03,stage03.1_screening_attempt03,stage031_cheap_screening_smoke03,smoke,rc105C5,2015,"[""c101C5"", ""r105C5"", ""rc105C5"", ""c101_21"", ""r101_21"", ""rc101_21""]","[2014, 2015, 2016]",raw,verified_legacy,results/stage03.1_screening_attempt03/rc105C5/2015/stage03.1_screening_attempt03_raw_rc105C5_2015.json,results/stage031-cheap-screening_smoke03/raw/rc105C5-alns_stage02_constraint_guided-2015.json,feasible,,pass,READY_FOR_STAGE031_FORMAL_MEASUREMENT,not_applicable,pass,1b435c4d6155fd68711e71713f09ed3a7c4682f6c1a6320dd40100c79c516b24,raw_manifest,5f2508b8a49aa0d538c56e3bf2c45ad03534e7d9eec3cc935b786488d2655c61,e1840ebd3945bac63a1a1db5e13438dc2d1aad0b75fff316f3a4685d50583551,2ccfba6c447fa43a994934690acb67c7355ca04d232394907ed6938bc362c643,a82c77642995b1cd05f554c8cce695313cec78efa8b454d539ac68949e72659c,b226b97e0e67288aaaf85726ad855df71cb81406685c57c8e8c40cd8996aa0da,9967f1a92bba2e3d0c583e4a912afa80e9731f02,False,"{""VRP-EVRP-Project-Hub"": {""dirty"": false, ""path"": ""/Users/guoyiyang/Documents/GitHub/FURP-2026-Yiyang-GUO-EVRP-TW/reference/VRP-EVRP-Project-Hub"", ""revision"": ""e3a890065105f978187e532642c4442522215e02""}, ""py-ga-VRPTW"": {""dirty"": false, ""path"": ""/Users/guoyiyang/Documents/GitHub/FURP-2026-Yiyang-GUO-EVRP-TW/reference/py-ga-VRPTW"", ""revision"": ""8e005caaaf6471a4505588d88c7f0f5e0d4ebffa""}}",stage03.0_measurement_attempt05,,preserve;see stage03_legacy_path_map.csv,legacy,legacy_json_or_jsonl,none,legacy,legacy_unknown,,,2296068,legacy_compatible
stage03.1,screening,stage03.1_screening_attempt03,attempt03,stage03.1_screening_attempt03,stage031_cheap_screening_smoke03,smoke,rc105C5,2016,"[""c101C5"", ""r105C5"", ""rc105C5"", ""c101_21"", ""r101_21"", ""rc101_21""]","[2014, 2015, 2016]",raw,verified_legacy,results/stage03.1_screening_attempt03/rc105C5/2016/stage03.1_screening_attempt03_raw_rc105C5_2016.json,results/stage031-cheap-screening_smoke03/raw/rc105C5-alns_stage02_constraint_guided-2016.json,feasible,,pass,READY_FOR_STAGE031_FORMAL_MEASUREMENT,not_applicable,pass,85487fa9a6ca4a331c28455d08d14a2f8f24ca5390899ef15fbb6b297a4593cf,raw_manifest,5f2508b8a49aa0d538c56e3bf2c45ad03534e7d9eec3cc935b786488d2655c61,e1840ebd3945bac63a1a1db5e13438dc2d1aad0b75fff316f3a4685d50583551,2ccfba6c447fa43a994934690acb67c7355ca04d232394907ed6938bc362c643,295f4cba99f127eac17fa315437333aaabd8ef3c43d8348a56ab24c268d1c2c6,b226b97e0e67288aaaf85726ad855df71cb81406685c57c8e8c40cd8996aa0da,9967f1a92bba2e3d0c583e4a912afa80e9731f02,False,"{""VRP-EVRP-Project-Hub"": {""dirty"": false, ""path"": ""/Users/guoyiyang/Documents/GitHub/FURP-2026-Yiyang-GUO-EVRP-TW/reference/VRP-EVRP-Project-Hub"", ""revision"": ""e3a890065105f978187e532642c4442522215e02""}, ""py-ga-VRPTW"": {""dirty"": false, ""path"": ""/Users/guoyiyang/Documents/GitHub/FURP-2026-Yiyang-GUO-EVRP-TW/reference/py-ga-VRPTW"", ""revision"": ""8e005caaaf6471a4505588d88c7f0f5e0d4ebffa""}}",stage03.0_measurement_attempt05,,preserve;see stage03_legacy_path_map.csv,legacy,legacy_json_or_jsonl,none,legacy,legacy_unknown,,,2296816,legacy_compatible
stage03.1,screening,stage03.1_screening_attempt03,attempt03,stage03.1_screening_attempt03,stage031_cheap_screening_smoke03,smoke,__all__,__all__,"[""c101C5"", ""r105C5"", ""rc105C5"", ""c101_21"", ""r101_21"", ""rc101_21""]","[2014, 2015, 2016]",raw_per_run_results,verified_legacy,results/stage03.1_screening_attempt03/all/all/stage03.1_screening_attempt03_raw_per_run_results.csv,results/stage031-cheap-screening_smoke03/raw_per_run_results.csv,feasible,,pass,READY_FOR_STAGE031_FORMAL_MEASUREMENT,not_applicable,pass,0bb951896289d240e8fdf3758942c928e501fdd80b168392293895eae43c22c5,raw_manifest,5f2508b8a49aa0d538c56e3bf2c45ad03534e7d9eec3cc935b786488d2655c61,e1840ebd3945bac63a1a1db5e13438dc2d1aad0b75fff316f3a4685d50583551,,,b226b97e0e67288aaaf85726ad855df71cb81406685c57c8e8c40cd8996aa0da,9967f1a92bba2e3d0c583e4a912afa80e9731f02,False,"{""VRP-EVRP-Project-Hub"": {""dirty"": false, ""path"": ""/Users/guoyiyang/Documents/GitHub/FURP-2026-Yiyang-GUO-EVRP-TW/reference/VRP-EVRP-Project-Hub"", ""revision"": ""e3a890065105f978187e532642c4442522215e02""}, ""py-ga-VRPTW"": {""dirty"": false, ""path"": ""/Users/guoyiyang/Documents/GitHub/FURP-2026-Yiyang-GUO-EVRP-TW/reference/py-ga-VRPTW"", ""revision"": ""8e005caaaf6471a4505588d88c7f0f5e0d4ebffa""}}",stage03.0_measurement_attempt05,,preserve;see stage03_legacy_path_map.csv,legacy,legacy_json_or_jsonl,none,legacy,legacy_unknown,,,25359,legacy_compatible
stage03.1,screening,stage03.1_screening_attempt03,attempt03,stage03.1_screening_attempt03,stage031_cheap_screening_smoke03,smoke,__all__,__all__,"[""c101C5"", ""r105C5"", ""rc105C5"", ""c101_21"", ""r101_21"", ""rc101_21""]","[2014, 2015, 2016]",baseline_comparison,verified_legacy,results/stage03.1_screening_attempt03/review/stage03.1_screening_attempt03_baseline_comparison.csv,results/stage031-cheap-screening_smoke03/review/baseline_comparison.csv,feasible,,pass,READY_FOR_STAGE031_FORMAL_MEASUREMENT,not_applicable,pass,ea4a50a8b173a2294f7ea634ec304865aa8e11c506742f0c891f463ce547f1c6,review_manifest,5f2508b8a49aa0d538c56e3bf2c45ad03534e7d9eec3cc935b786488d2655c61,e1840ebd3945bac63a1a1db5e13438dc2d1aad0b75fff316f3a4685d50583551,,,b226b97e0e67288aaaf85726ad855df71cb81406685c57c8e8c40cd8996aa0da,9967f1a92bba2e3d0c583e4a912afa80e9731f02,False,"{""VRP-EVRP-Project-Hub"": {""dirty"": false, ""path"": ""/Users/guoyiyang/Documents/GitHub/FURP-2026-Yiyang-GUO-EVRP-TW/reference/VRP-EVRP-Project-Hub"", ""revision"": ""e3a890065105f978187e532642c4442522215e02""}, ""py-ga-VRPTW"": {""dirty"": false, ""path"": ""/Users/guoyiyang/Documents/GitHub/FURP-2026-Yiyang-GUO-EVRP-TW/reference/py-ga-VRPTW"", ""revision"": ""8e005caaaf6471a4505588d88c7f0f5e0d4ebffa""}}",stage03.0_measurement_attempt05,,preserve;see stage03_legacy_path_map.csv,legacy,legacy_json_or_jsonl,none,legacy,legacy_unknown,,,4454,legacy_compatible
stage03.1,screening,stage03.1_screening_attempt03,attempt03,stage03.1_screening_attempt03,stage031_cheap_screening_smoke03,smoke,__all__,__all__,"[""c101C5"", ""r105C5"", ""rc105C5"", ""c101_21"", ""r101_21"", ""rc101_21""]","[2014, 2015, 2016]",deadline_report,verified_legacy,results/stage03.1_screening_attempt03/review/stage03.1_screening_attempt03_deadline_report.csv,results/stage031-cheap-screening_smoke03/review/deadline_report.csv,feasible,,pass,READY_FOR_STAGE031_FORMAL_MEASUREMENT,not_applicable,pass,517669b1187c3f1c8dbdb4def660a6914ee5daebd3c2f16c5beafadfb723cd2a,review_manifest,5f2508b8a49aa0d538c56e3bf2c45ad03534e7d9eec3cc935b786488d2655c61,e1840ebd3945bac63a1a1db5e13438dc2d1aad0b75fff316f3a4685d50583551,,,b226b97e0e67288aaaf85726ad855df71cb81406685c57c8e8c40cd8996aa0da,9967f1a92bba2e3d0c583e4a912afa80e9731f02,False,"{""VRP-EVRP-Project-Hub"": {""dirty"": false, ""path"": ""/Users/guoyiyang/Documents/GitHub/FURP-2026-Yiyang-GUO-EVRP-TW/reference/VRP-EVRP-Project-Hub"", ""revision"": ""e3a890065105f978187e532642c4442522215e02""}, ""py-ga-VRPTW"": {""dirty"": false, ""path"": ""/Users/guoyiyang/Documents/GitHub/FURP-2026-Yiyang-GUO-EVRP-TW/reference/py-ga-VRPTW"", ""revision"": ""8e005caaaf6471a4505588d88c7f0f5e0d4ebffa""}}",stage03.0_measurement_attempt05,,preserve;see stage03_legacy_path_map.csv,legacy,legacy_json_or_jsonl,none,legacy,legacy_unknown,,,1751,legacy_compatible
stage03.1,screening,stage03.1_screening_attempt03,attempt03,stage03.1_screening_attempt03,stage031_cheap_screening_smoke03,smoke,__all__,__all__,"[""c101C5"", ""r105C5"", ""rc105C5"", ""c101_21"", ""r101_21"", ""rc101_21""]","[2014, 2015, 2016]",recomputed_per_run_results,verified_legacy,results/stage03.1_screening_attempt03/review/stage03.1_screening_attempt03_recomputed_per_run_results.csv,results/stage031-cheap-screening_smoke03/review/recomputed_per_run_results.csv,feasible,,pass,READY_FOR_STAGE031_FORMAL_MEASUREMENT,not_applicable,pass,01bd5f5b4783f95cd16cf8868658f9e51dd3202cbb710cfbbb93b8ba7228ce20,review_manifest,5f2508b8a49aa0d538c56e3bf2c45ad03534e7d9eec3cc935b786488d2655c61,e1840ebd3945bac63a1a1db5e13438dc2d1aad0b75fff316f3a4685d50583551,,,b226b97e0e67288aaaf85726ad855df71cb81406685c57c8e8c40cd8996aa0da,9967f1a92bba2e3d0c583e4a912afa80e9731f02,False,"{""VRP-EVRP-Project-Hub"": {""dirty"": false, ""path"": ""/Users/guoyiyang/Documents/GitHub/FURP-2026-Yiyang-GUO-EVRP-TW/reference/VRP-EVRP-Project-Hub"", ""revision"": ""e3a890065105f978187e532642c4442522215e02""}, ""py-ga-VRPTW"": {""dirty"": false, ""path"": ""/Users/guoyiyang/Documents/GitHub/FURP-2026-Yiyang-GUO-EVRP-TW/reference/py-ga-VRPTW"", ""revision"": ""8e005caaaf6471a4505588d88c7f0f5e0d4ebffa""}}",stage03.0_measurement_attempt05,,preserve;see stage03_legacy_path_map.csv,legacy,legacy_json_or_jsonl,none,legacy,legacy_unknown,,,25359,legacy_compatible
stage03.1,screening,stage03.1_screening_attempt03,attempt03,stage03.1_screening_attempt03,stage031_cheap_screening_smoke03,smoke,__all__,__all__,"[""c101C5"", ""r105C5"", ""rc105C5"", ""c101_21"", ""r101_21"", ""rc101_21""]","[2014, 2015, 2016]",review_findings,verified_legacy,results/stage03.1_screening_attempt03/review/stage03.1_screening_attempt03_review_findings.csv,results/stage031-cheap-screening_smoke03/review/review_findings.csv,feasible,,pass,READY_FOR_STAGE031_FORMAL_MEASUREMENT,not_applicable,pass,6f1b14f12371216e465042a17b1194fba89ea57e1a483621360b98090e5d0dcb,review_manifest,5f2508b8a49aa0d538c56e3bf2c45ad03534e7d9eec3cc935b786488d2655c61,e1840ebd3945bac63a1a1db5e13438dc2d1aad0b75fff316f3a4685d50583551,,,b226b97e0e67288aaaf85726ad855df71cb81406685c57c8e8c40cd8996aa0da,9967f1a92bba2e3d0c583e4a912afa80e9731f02,False,"{""VRP-EVRP-Project-Hub"": {""dirty"": false, ""path"": ""/Users/guoyiyang/Documents/GitHub/FURP-2026-Yiyang-GUO-EVRP-TW/reference/VRP-EVRP-Project-Hub"", ""revision"": ""e3a890065105f978187e532642c4442522215e02""}, ""py-ga-VRPTW"": {""dirty"": false, ""path"": ""/Users/guoyiyang/Documents/GitHub/FURP-2026-Yiyang-GUO-EVRP-TW/reference/py-ga-VRPTW"", ""revision"": ""8e005caaaf6471a4505588d88c7f0f5e0d4ebffa""}}",stage03.0_measurement_attempt05,,preserve;see stage03_legacy_path_map.csv,legacy,legacy_json_or_jsonl,none,legacy,legacy_unknown,,,36604,legacy_compatible
stage03.1,screening,stage03.1_screening_attempt03,attempt03,stage03.1_screening_attempt03,stage031_cheap_screening_smoke03,smoke,__all__,__all__,"[""c101C5"", ""r105C5"", ""rc105C5"", ""c101_21"", ""r101_21"", ""rc101_21""]","[2014, 2015, 2016]",manifest,verified_legacy,results/stage03.1_screening_attempt03/review/stage03.1_screening_attempt03_manifest.json,results/stage031-cheap-screening_smoke03/review/review_manifest.json,feasible,,pass,READY_FOR_STAGE031_FORMAL_MEASUREMENT,not_applicable,pass,50eb850b7489046a0ac9ddd8568a1dd1612882c4d43f0b805d59eb37309acf3b,computed,5f2508b8a49aa0d538c56e3bf2c45ad03534e7d9eec3cc935b786488d2655c61,e1840ebd3945bac63a1a1db5e13438dc2d1aad0b75fff316f3a4685d50583551,,,b226b97e0e67288aaaf85726ad855df71cb81406685c57c8e8c40cd8996aa0da,9967f1a92bba2e3d0c583e4a912afa80e9731f02,False,"{""VRP-EVRP-Project-Hub"": {""dirty"": false, ""path"": ""/Users/guoyiyang/Documents/GitHub/FURP-2026-Yiyang-GUO-EVRP-TW/reference/VRP-EVRP-Project-Hub"", ""revision"": ""e3a890065105f978187e532642c4442522215e02""}, ""py-ga-VRPTW"": {""dirty"": false, ""path"": ""/Users/guoyiyang/Documents/GitHub/FURP-2026-Yiyang-GUO-EVRP-TW/reference/py-ga-VRPTW"", ""revision"": ""8e005caaaf6471a4505588d88c7f0f5e0d4ebffa""}}",stage03.0_measurement_attempt05,,preserve;see stage03_legacy_path_map.csv,legacy,legacy_json_or_jsonl,none,legacy,legacy_unknown,,,1425,legacy_compatible
stage03.1,screening,stage03.1_screening_attempt03,attempt03,stage03.1_screening_attempt03,stage031_cheap_screening_smoke03,smoke,__all__,__all__,"[""c101C5"", ""r105C5"", ""rc105C5"", ""c101_21"", ""r101_21"", ""rc101_21""]","[2014, 2015, 2016]",review_report,verified_legacy,results/stage03.1_screening_attempt03/review/stage03.1_screening_attempt03_review_report.md,results/stage031-cheap-screening_smoke03/review/review_report.md,feasible,,pass,READY_FOR_STAGE031_FORMAL_MEASUREMENT,not_applicable,pass,bbd1a3adba6a31e04f5379abd151a828087fb3f04a0fee1c967e912bbf96cef2,review_manifest,5f2508b8a49aa0d538c56e3bf2c45ad03534e7d9eec3cc935b786488d2655c61,e1840ebd3945bac63a1a1db5e13438dc2d1aad0b75fff316f3a4685d50583551,,,b226b97e0e67288aaaf85726ad855df71cb81406685c57c8e8c40cd8996aa0da,9967f1a92bba2e3d0c583e4a912afa80e9731f02,False,"{""VRP-EVRP-Project-Hub"": {""dirty"": false, ""path"": ""/Users/guoyiyang/Documents/GitHub/FURP-2026-Yiyang-GUO-EVRP-TW/reference/VRP-EVRP-Project-Hub"", ""revision"": ""e3a890065105f978187e532642c4442522215e02""}, ""py-ga-VRPTW"": {""dirty"": false, ""path"": ""/Users/guoyiyang/Documents/GitHub/FURP-2026-Yiyang-GUO-EVRP-TW/reference/py-ga-VRPTW"", ""revision"": ""8e005caaaf6471a4505588d88c7f0f5e0d4ebffa""}}",stage03.0_measurement_attempt05,,preserve;see stage03_legacy_path_map.csv,legacy,legacy_json_or_jsonl,none,legacy,legacy_unknown,,,34356,legacy_compatible
stage03.1,screening,stage03.1_screening_attempt03,attempt03,stage03.1_screening_attempt03,stage031_cheap_screening_smoke03,smoke,__all__,__all__,"[""c101C5"", ""r105C5"", ""rc105C5"", ""c101_21"", ""r101_21"", ""rc101_21""]","[2014, 2015, 2016]",screening_reason_statistics,verified_legacy,results/stage03.1_screening_attempt03/review/stage03.1_screening_attempt03_screening_reason_statistics.csv,results/stage031-cheap-screening_smoke03/review/screening_reason_statistics.csv,feasible,,pass,READY_FOR_STAGE031_FORMAL_MEASUREMENT,not_applicable,pass,b1b02bb187e3396568ea0dbe521b0bc177ac32ad58c6a014fc977723ac5172f7,review_manifest,5f2508b8a49aa0d538c56e3bf2c45ad03534e7d9eec3cc935b786488d2655c61,e1840ebd3945bac63a1a1db5e13438dc2d1aad0b75fff316f3a4685d50583551,,,b226b97e0e67288aaaf85726ad855df71cb81406685c57c8e8c40cd8996aa0da,9967f1a92bba2e3d0c583e4a912afa80e9731f02,False,"{""VRP-EVRP-Project-Hub"": {""dirty"": false, ""path"": ""/Users/guoyiyang/Documents/GitHub/FURP-2026-Yiyang-GUO-EVRP-TW/reference/VRP-EVRP-Project-Hub"", ""revision"": ""e3a890065105f978187e532642c4442522215e02""}, ""py-ga-VRPTW"": {""dirty"": false, ""path"": ""/Users/guoyiyang/Documents/GitHub/FURP-2026-Yiyang-GUO-EVRP-TW/reference/py-ga-VRPTW"", ""revision"": ""8e005caaaf6471a4505588d88c7f0f5e0d4ebffa""}}",stage03.0_measurement_attempt05,,preserve;see stage03_legacy_path_map.csv,legacy,legacy_json_or_jsonl,none,legacy,legacy_unknown,,,3344,legacy_compatible
stage03.1,screening,stage03.1_screening_attempt03,attempt03,stage03.1_screening_attempt03,stage031_cheap_screening_smoke03,smoke,__all__,__all__,"[""c101C5"", ""r105C5"", ""rc105C5"", ""c101_21"", ""r101_21"", ""rc101_21""]","[2014, 2015, 2016]",stage03_formal_comparison,verified_legacy,results/stage03.1_screening_attempt03/review/stage03.1_screening_attempt03_stage03_formal_comparison.csv,results/stage031-cheap-screening_smoke03/review/stage03_formal_comparison.csv,feasible,,pass,READY_FOR_STAGE031_FORMAL_MEASUREMENT,not_applicable,pass,745c90617fe2879fd871969ade52cce1e0eb033ff7e4a78e44698e46911de089,review_manifest,5f2508b8a49aa0d538c56e3bf2c45ad03534e7d9eec3cc935b786488d2655c61,e1840ebd3945bac63a1a1db5e13438dc2d1aad0b75fff316f3a4685d50583551,,,b226b97e0e67288aaaf85726ad855df71cb81406685c57c8e8c40cd8996aa0da,9967f1a92bba2e3d0c583e4a912afa80e9731f02,False,"{""VRP-EVRP-Project-Hub"": {""dirty"": false, ""path"": ""/Users/guoyiyang/Documents/GitHub/FURP-2026-Yiyang-GUO-EVRP-TW/reference/VRP-EVRP-Project-Hub"", ""revision"": ""e3a890065105f978187e532642c4442522215e02""}, ""py-ga-VRPTW"": {""dirty"": false, ""path"": ""/Users/guoyiyang/Documents/GitHub/FURP-2026-Yiyang-GUO-EVRP-TW/reference/py-ga-VRPTW"", ""revision"": ""8e005caaaf6471a4505588d88c7f0f5e0d4ebffa""}}",stage03.0_measurement_attempt05,,preserve;see stage03_legacy_path_map.csv,legacy,legacy_json_or_jsonl,none,legacy,legacy_unknown,,,4080,legacy_compatible
stage03.1,screening,stage03.1_screening_attempt03,attempt03,stage03.1_screening_attempt03,stage031_cheap_screening_smoke03,smoke,__all__,__all__,"[""c101C5"", ""r105C5"", ""rc105C5"", ""c101_21"", ""r101_21"", ""rc101_21""]","[2014, 2015, 2016]",stage03_readiness,verified_legacy,results/stage03.1_screening_attempt03/review/stage03.1_screening_attempt03_stage03_readiness.csv,results/stage031-cheap-screening_smoke03/review/stage03_readiness.csv,feasible,,pass,READY_FOR_STAGE031_FORMAL_MEASUREMENT,not_applicable,pass,4d8a8c886b90d1d2fda7f370fd2f505e28d938728194637f9663934cd862b0d4,review_manifest,5f2508b8a49aa0d538c56e3bf2c45ad03534e7d9eec3cc935b786488d2655c61,e1840ebd3945bac63a1a1db5e13438dc2d1aad0b75fff316f3a4685d50583551,,,b226b97e0e67288aaaf85726ad855df71cb81406685c57c8e8c40cd8996aa0da,9967f1a92bba2e3d0c583e4a912afa80e9731f02,False,"{""VRP-EVRP-Project-Hub"": {""dirty"": false, ""path"": ""/Users/guoyiyang/Documents/GitHub/FURP-2026-Yiyang-GUO-EVRP-TW/reference/VRP-EVRP-Project-Hub"", ""revision"": ""e3a890065105f978187e532642c4442522215e02""}, ""py-ga-VRPTW"": {""dirty"": false, ""path"": ""/Users/guoyiyang/Documents/GitHub/FURP-2026-Yiyang-GUO-EVRP-TW/reference/py-ga-VRPTW"", ""revision"": ""8e005caaaf6471a4505588d88c7f0f5e0d4ebffa""}}",stage03.0_measurement_attempt05,,preserve;see stage03_legacy_path_map.csv,legacy,legacy_json_or_jsonl,none,legacy,legacy_unknown,,,36364,legacy_compatible
stage03.1,screening,stage03.1_screening_attempt03,attempt03,stage03.1_screening_attempt03,stage031_cheap_screening_smoke03,smoke,__all__,__all__,"[""c101C5"", ""r105C5"", ""rc105C5"", ""c101_21"", ""r101_21"", ""rc101_21""]","[2014, 2015, 2016]",summary_results,verified_legacy,results/stage03.1_screening_attempt03/review/stage03.1_screening_attempt03_summary_results.csv,results/stage031-cheap-screening_smoke03/review/summary_results.csv,feasible,,pass,READY_FOR_STAGE031_FORMAL_MEASUREMENT,not_applicable,pass,61e72227f3c24ecd57cd1999431c778f7e928b227ec5a72d3f721624e2788857,review_manifest,5f2508b8a49aa0d538c56e3bf2c45ad03534e7d9eec3cc935b786488d2655c61,e1840ebd3945bac63a1a1db5e13438dc2d1aad0b75fff316f3a4685d50583551,,,b226b97e0e67288aaaf85726ad855df71cb81406685c57c8e8c40cd8996aa0da,9967f1a92bba2e3d0c583e4a912afa80e9731f02,False,"{""VRP-EVRP-Project-Hub"": {""dirty"": false, ""path"": ""/Users/guoyiyang/Documents/GitHub/FURP-2026-Yiyang-GUO-EVRP-TW/reference/VRP-EVRP-Project-Hub"", ""revision"": ""e3a890065105f978187e532642c4442522215e02""}, ""py-ga-VRPTW"": {""dirty"": false, ""path"": ""/Users/guoyiyang/Documents/GitHub/FURP-2026-Yiyang-GUO-EVRP-TW/reference/py-ga-VRPTW"", ""revision"": ""8e005caaaf6471a4505588d88c7f0f5e0d4ebffa""}}",stage03.0_measurement_attempt05,,preserve;see stage03_legacy_path_map.csv,legacy,legacy_json_or_jsonl,none,legacy,legacy_unknown,,,1990,legacy_compatible
stage03.1,screening,stage03.1_screening_attempt03,attempt03,stage03.1_screening_attempt03,stage031_cheap_screening_smoke03,smoke,__all__,__all__,"[""c101C5"", ""r105C5"", ""rc105C5"", ""c101_21"", ""r101_21"", ""rc101_21""]","[2014, 2015, 2016]",trace_reconciliation,verified_legacy,results/stage03.1_screening_attempt03/review/stage03.1_screening_attempt03_trace_reconciliation.csv,results/stage031-cheap-screening_smoke03/review/trace_reconciliation.csv,feasible,,pass,READY_FOR_STAGE031_FORMAL_MEASUREMENT,not_applicable,pass,3cd92077d23d7763c711b8356f8cd3aa14b0793298e52fc04a4625c8984aa3b0,review_manifest,5f2508b8a49aa0d538c56e3bf2c45ad03534e7d9eec3cc935b786488d2655c61,e1840ebd3945bac63a1a1db5e13438dc2d1aad0b75fff316f3a4685d50583551,,,b226b97e0e67288aaaf85726ad855df71cb81406685c57c8e8c40cd8996aa0da,9967f1a92bba2e3d0c583e4a912afa80e9731f02,False,"{""VRP-EVRP-Project-Hub"": {""dirty"": false, ""path"": ""/Users/guoyiyang/Documents/GitHub/FURP-2026-Yiyang-GUO-EVRP-TW/reference/VRP-EVRP-Project-Hub"", ""revision"": ""e3a890065105f978187e532642c4442522215e02""}, ""py-ga-VRPTW"": {""dirty"": false, ""path"": ""/Users/guoyiyang/Documents/GitHub/FURP-2026-Yiyang-GUO-EVRP-TW/reference/py-ga-VRPTW"", ""revision"": ""8e005caaaf6471a4505588d88c7f0f5e0d4ebffa""}}",stage03.0_measurement_attempt05,,preserve;see stage03_legacy_path_map.csv,legacy,legacy_json_or_jsonl,none,legacy,legacy_unknown,,,15655,legacy_compatible
stage03.1,screening,stage03.1_screening_attempt03,attempt03,stage03.1_screening_attempt03,stage031_cheap_screening_smoke03,smoke,__all__,__all__,"[""c101C5"", ""r105C5"", ""rc105C5"", ""c101_21"", ""r101_21"", ""rc101_21""]","[2014, 2015, 2016]",manifest_metadata,verified_legacy,results/stage03.1_screening_attempt03/control/stage03.1_screening_attempt03_run_metadata.json,results/stage031-cheap-screening_smoke03/run_metadata.json,feasible,,pass,READY_FOR_STAGE031_FORMAL_MEASUREMENT,not_applicable,pass,5a0ab401cd2ca28bd9895582f7e803e361d1cca61703be6f66750060846952ca,raw_manifest,5f2508b8a49aa0d538c56e3bf2c45ad03534e7d9eec3cc935b786488d2655c61,e1840ebd3945bac63a1a1db5e13438dc2d1aad0b75fff316f3a4685d50583551,,,b226b97e0e67288aaaf85726ad855df71cb81406685c57c8e8c40cd8996aa0da,9967f1a92bba2e3d0c583e4a912afa80e9731f02,False,"{""VRP-EVRP-Project-Hub"": {""dirty"": false, ""path"": ""/Users/guoyiyang/Documents/GitHub/FURP-2026-Yiyang-GUO-EVRP-TW/reference/VRP-EVRP-Project-Hub"", ""revision"": ""e3a890065105f978187e532642c4442522215e02""}, ""py-ga-VRPTW"": {""dirty"": false, ""path"": ""/Users/guoyiyang/Documents/GitHub/FURP-2026-Yiyang-GUO-EVRP-TW/reference/py-ga-VRPTW"", ""revision"": ""8e005caaaf6471a4505588d88c7f0f5e0d4ebffa""}}",stage03.0_measurement_attempt05,,preserve;see stage03_legacy_path_map.csv,legacy,legacy_json_or_jsonl,none,legacy,legacy_unknown,,,7611,legacy_compatible
stage03.1,screening,stage03.1_screening_attempt03,attempt03,stage03.1_screening_attempt03,stage031_cheap_screening_smoke03,smoke,c101C5,2014,"[""c101C5"", ""r105C5"", ""rc105C5"", ""c101_21"", ""r101_21"", ""rc101_21""]","[2014, 2015, 2016]",solution,verified_legacy,results/stage03.1_screening_attempt03/c101C5/2014/stage03.1_screening_attempt03_solution_c101C5_2014.json,results/stage031-cheap-screening_smoke03/solutions/c101C5-alns_stage02_constraint_guided-2014.json,feasible,,pass,READY_FOR_STAGE031_FORMAL_MEASUREMENT,not_applicable,pass,9bc8fee0911b09e57f4c1760425edda3cc71aa25ca5ca403fe05e225b211d7d0,raw_manifest,5f2508b8a49aa0d538c56e3bf2c45ad03534e7d9eec3cc935b786488d2655c61,e1840ebd3945bac63a1a1db5e13438dc2d1aad0b75fff316f3a4685d50583551,8612d6d9aad051776097a5e50c7408f39352b8107b0639d58e5eda713f9ff876,7463c37b485ba271e50759929f0f7e052c75d617b27146feb67bf535b374e4b4,b226b97e0e67288aaaf85726ad855df71cb81406685c57c8e8c40cd8996aa0da,9967f1a92bba2e3d0c583e4a912afa80e9731f02,False,"{""VRP-EVRP-Project-Hub"": {""dirty"": false, ""path"": ""/Users/guoyiyang/Documents/GitHub/FURP-2026-Yiyang-GUO-EVRP-TW/reference/VRP-EVRP-Project-Hub"", ""revision"": ""e3a890065105f978187e532642c4442522215e02""}, ""py-ga-VRPTW"": {""dirty"": false, ""path"": ""/Users/guoyiyang/Documents/GitHub/FURP-2026-Yiyang-GUO-EVRP-TW/reference/py-ga-VRPTW"", ""revision"": ""8e005caaaf6471a4505588d88c7f0f5e0d4ebffa""}}",stage03.0_measurement_attempt05,,preserve;see stage03_legacy_path_map.csv,legacy,legacy_json_or_jsonl,none,legacy,legacy_unknown,,,365,legacy_compatible
stage03.1,screening,stage03.1_screening_attempt03,attempt03,stage03.1_screening_attempt03,stage031_cheap_screening_smoke03,smoke,c101C5,2015,"[""c101C5"", ""r105C5"", ""rc105C5"", ""c101_21"", ""r101_21"", ""rc101_21""]","[2014, 2015, 2016]",solution,verified_legacy,results/stage03.1_screening_attempt03/c101C5/2015/stage03.1_screening_attempt03_solution_c101C5_2015.json,results/stage031-cheap-screening_smoke03/solutions/c101C5-alns_stage02_constraint_guided-2015.json,feasible,,pass,READY_FOR_STAGE031_FORMAL_MEASUREMENT,not_applicable,pass,b1855d6e454679257dcdf716439c863951f9a787db170ef0e33534d15ccfb467,raw_manifest,5f2508b8a49aa0d538c56e3bf2c45ad03534e7d9eec3cc935b786488d2655c61,e1840ebd3945bac63a1a1db5e13438dc2d1aad0b75fff316f3a4685d50583551,8612d6d9aad051776097a5e50c7408f39352b8107b0639d58e5eda713f9ff876,6e4738c9c9640f2ffabcb78d67b8813122cd71e1af022edcb9609a5200c76fac,b226b97e0e67288aaaf85726ad855df71cb81406685c57c8e8c40cd8996aa0da,9967f1a92bba2e3d0c583e4a912afa80e9731f02,False,"{""VRP-EVRP-Project-Hub"": {""dirty"": false, ""path"": ""/Users/guoyiyang/Documents/GitHub/FURP-2026-Yiyang-GUO-EVRP-TW/reference/VRP-EVRP-Project-Hub"", ""revision"": ""e3a890065105f978187e532642c4442522215e02""}, ""py-ga-VRPTW"": {""dirty"": false, ""path"": ""/Users/guoyiyang/Documents/GitHub/FURP-2026-Yiyang-GUO-EVRP-TW/reference/py-ga-VRPTW"", ""revision"": ""8e005caaaf6471a4505588d88c7f0f5e0d4ebffa""}}",stage03.0_measurement_attempt05,,preserve;see stage03_legacy_path_map.csv,legacy,legacy_json_or_jsonl,none,legacy,legacy_unknown,,,365,legacy_compatible
stage03.1,screening,stage03.1_screening_attempt03,attempt03,stage03.1_screening_attempt03,stage031_cheap_screening_smoke03,smoke,c101C5,2016,"[""c101C5"", ""r105C5"", ""rc105C5"", ""c101_21"", ""r101_21"", ""rc101_21""]","[2014, 2015, 2016]",solution,verified_legacy,results/stage03.1_screening_attempt03/c101C5/2016/stage03.1_screening_attempt03_solution_c101C5_2016.json,results/stage031-cheap-screening_smoke03/solutions/c101C5-alns_stage02_constraint_guided-2016.json,feasible,,pass,READY_FOR_STAGE031_FORMAL_MEASUREMENT,not_applicable,pass,f51c31019783882711b0321089a25ed837ee0dcece584f9264c1fe160ea9f5b1,raw_manifest,5f2508b8a49aa0d538c56e3bf2c45ad03534e7d9eec3cc935b786488d2655c61,e1840ebd3945bac63a1a1db5e13438dc2d1aad0b75fff316f3a4685d50583551,8612d6d9aad051776097a5e50c7408f39352b8107b0639d58e5eda713f9ff876,2ae40ca508dd1d6c13b01e9aef0ff7182e293b6de30581d765f25242a7f8e5d5,b226b97e0e67288aaaf85726ad855df71cb81406685c57c8e8c40cd8996aa0da,9967f1a92bba2e3d0c583e4a912afa80e9731f02,False,"{""VRP-EVRP-Project-Hub"": {""dirty"": false, ""path"": ""/Users/guoyiyang/Documents/GitHub/FURP-2026-Yiyang-GUO-EVRP-TW/reference/VRP-EVRP-Project-Hub"", ""revision"": ""e3a890065105f978187e532642c4442522215e02""}, ""py-ga-VRPTW"": {""dirty"": false, ""path"": ""/Users/guoyiyang/Documents/GitHub/FURP-2026-Yiyang-GUO-EVRP-TW/reference/py-ga-VRPTW"", ""revision"": ""8e005caaaf6471a4505588d88c7f0f5e0d4ebffa""}}",stage03.0_measurement_attempt05,,preserve;see stage03_legacy_path_map.csv,legacy,legacy_json_or_jsonl,none,legacy,legacy_unknown,,,365,legacy_compatible
stage03.1,screening,stage03.1_screening_attempt03,attempt03,stage03.1_screening_attempt03,stage031_cheap_screening_smoke03,smoke,c101_21,2014,"[""c101C5"", ""r105C5"", ""rc105C5"", ""c101_21"", ""r101_21"", ""rc101_21""]","[2014, 2015, 2016]",solution,verified_legacy,results/stage03.1_screening_attempt03/c101_21/2014/stage03.1_screening_attempt03_solution_c101_21_2014.json,results/stage031-cheap-screening_smoke03/solutions/c101_21-alns_stage02_constraint_guided-2014.json,feasible,,pass,READY_FOR_STAGE031_FORMAL_MEASUREMENT,not_applicable,pass,bfbebb5e3fba341e978d9498dc7826048950b3d058fa159e702be9e1832347c4,raw_manifest,5f2508b8a49aa0d538c56e3bf2c45ad03534e7d9eec3cc935b786488d2655c61,e1840ebd3945bac63a1a1db5e13438dc2d1aad0b75fff316f3a4685d50583551,c5cda6ca63a7d518902cf4b02d98b4aa0f373aaa0658d5c666d1c46d38871cb9,2ced53fe3315b1bceb2a0b7e355f72490e0cd0d59df0f9b6d1bf8668e241ca60,b226b97e0e67288aaaf85726ad855df71cb81406685c57c8e8c40cd8996aa0da,9967f1a92bba2e3d0c583e4a912afa80e9731f02,False,"{""VRP-EVRP-Project-Hub"": {""dirty"": false, ""path"": ""/Users/guoyiyang/Documents/GitHub/FURP-2026-Yiyang-GUO-EVRP-TW/reference/VRP-EVRP-Project-Hub"", ""revision"": ""e3a890065105f978187e532642c4442522215e02""}, ""py-ga-VRPTW"": {""dirty"": false, ""path"": ""/Users/guoyiyang/Documents/GitHub/FURP-2026-Yiyang-GUO-EVRP-TW/reference/py-ga-VRPTW"", ""revision"": ""8e005caaaf6471a4505588d88c7f0f5e0d4ebffa""}}",stage03.0_measurement_attempt05,,preserve;see stage03_legacy_path_map.csv,legacy,legacy_json_or_jsonl,none,legacy,legacy_unknown,,,2020,legacy_compatible
stage03.1,screening,stage03.1_screening_attempt03,attempt03,stage03.1_screening_attempt03,stage031_cheap_screening_smoke03,smoke,c101_21,2015,"[""c101C5"", ""r105C5"", ""rc105C5"", ""c101_21"", ""r101_21"", ""rc101_21""]","[2014, 2015, 2016]",solution,verified_legacy,results/stage03.1_screening_attempt03/c101_21/2015/stage03.1_screening_attempt03_solution_c101_21_2015.json,results/stage031-cheap-screening_smoke03/solutions/c101_21-alns_stage02_constraint_guided-2015.json,feasible,,pass,READY_FOR_STAGE031_FORMAL_MEASUREMENT,not_applicable,pass,89c49bdd2e8cc8070049c67b15872e39f34bb34e4b34893b07ab8d2d6b213208,raw_manifest,5f2508b8a49aa0d538c56e3bf2c45ad03534e7d9eec3cc935b786488d2655c61,e1840ebd3945bac63a1a1db5e13438dc2d1aad0b75fff316f3a4685d50583551,c5cda6ca63a7d518902cf4b02d98b4aa0f373aaa0658d5c666d1c46d38871cb9,2ad1493ea7e25c1b282127eee1e13a847c17d7ee11456f8e78f9582b6e5ccba1,b226b97e0e67288aaaf85726ad855df71cb81406685c57c8e8c40cd8996aa0da,9967f1a92bba2e3d0c583e4a912afa80e9731f02,False,"{""VRP-EVRP-Project-Hub"": {""dirty"": false, ""path"": ""/Users/guoyiyang/Documents/GitHub/FURP-2026-Yiyang-GUO-EVRP-TW/reference/VRP-EVRP-Project-Hub"", ""revision"": ""e3a890065105f978187e532642c4442522215e02""}, ""py-ga-VRPTW"": {""dirty"": false, ""path"": ""/Users/guoyiyang/Documents/GitHub/FURP-2026-Yiyang-GUO-EVRP-TW/reference/py-ga-VRPTW"", ""revision"": ""8e005caaaf6471a4505588d88c7f0f5e0d4ebffa""}}",stage03.0_measurement_attempt05,,preserve;see stage03_legacy_path_map.csv,legacy,legacy_json_or_jsonl,none,legacy,legacy_unknown,,,2020,legacy_compatible
stage03.1,screening,stage03.1_screening_attempt03,attempt03,stage03.1_screening_attempt03,stage031_cheap_screening_smoke03,smoke,c101_21,2016,"[""c101C5"", ""r105C5"", ""rc105C5"", ""c101_21"", ""r101_21"", ""rc101_21""]","[2014, 2015, 2016]",solution,verified_legacy,results/stage03.1_screening_attempt03/c101_21/2016/stage03.1_screening_attempt03_solution_c101_21_2016.json,results/stage031-cheap-screening_smoke03/solutions/c101_21-alns_stage02_constraint_guided-2016.json,feasible,,pass,READY_FOR_STAGE031_FORMAL_MEASUREMENT,not_applicable,pass,bb81a5428e7df7d06b4651d35ec399223c9a5b9d76dafb3577158755a4b13a55,raw_manifest,5f2508b8a49aa0d538c56e3bf2c45ad03534e7d9eec3cc935b786488d2655c61,e1840ebd3945bac63a1a1db5e13438dc2d1aad0b75fff316f3a4685d50583551,c5cda6ca63a7d518902cf4b02d98b4aa0f373aaa0658d5c666d1c46d38871cb9,10984b91aaab9e08c67f1586131e869120d30c4aababed1710986dee534630ef,b226b97e0e67288aaaf85726ad855df71cb81406685c57c8e8c40cd8996aa0da,9967f1a92bba2e3d0c583e4a912afa80e9731f02,False,"{""VRP-EVRP-Project-Hub"": {""dirty"": false, ""path"": ""/Users/guoyiyang/Documents/GitHub/FURP-2026-Yiyang-GUO-EVRP-TW/reference/VRP-EVRP-Project-Hub"", ""revision"": ""e3a890065105f978187e532642c4442522215e02""}, ""py-ga-VRPTW"": {""dirty"": false, ""path"": ""/Users/guoyiyang/Documents/GitHub/FURP-2026-Yiyang-GUO-EVRP-TW/reference/py-ga-VRPTW"", ""revision"": ""8e005caaaf6471a4505588d88c7f0f5e0d4ebffa""}}",stage03.0_measurement_attempt05,,preserve;see stage03_legacy_path_map.csv,legacy,legacy_json_or_jsonl,none,legacy,legacy_unknown,,,2020,legacy_compatible
stage03.1,screening,stage03.1_screening_attempt03,attempt03,stage03.1_screening_attempt03,stage031_cheap_screening_smoke03,smoke,r101_21,2014,"[""c101C5"", ""r105C5"", ""rc105C5"", ""c101_21"", ""r101_21"", ""rc101_21""]","[2014, 2015, 2016]",solution,verified_legacy,results/stage03.1_screening_attempt03/r101_21/2014/stage03.1_screening_attempt03_solution_r101_21_2014.json,results/stage031-cheap-screening_smoke03/solutions/r101_21-alns_stage02_constraint_guided-2014.json,feasible,,pass,READY_FOR_STAGE031_FORMAL_MEASUREMENT,not_applicable,pass,0f6eb4be7e43a99055ce34539ddd8dc39da5f02524ad20fa07e2f02caffb82f5,raw_manifest,5f2508b8a49aa0d538c56e3bf2c45ad03534e7d9eec3cc935b786488d2655c61,e1840ebd3945bac63a1a1db5e13438dc2d1aad0b75fff316f3a4685d50583551,0e5a3dffffbd3c516b528ef32ba1a488b817d2f151fc3e8c81023814de1c103a,1dd901e9f74b3886e50f98fe652027f4ebc5780f515eced5f59878f62886f3d3,b226b97e0e67288aaaf85726ad855df71cb81406685c57c8e8c40cd8996aa0da,9967f1a92bba2e3d0c583e4a912afa80e9731f02,False,"{""VRP-EVRP-Project-Hub"": {""dirty"": false, ""path"": ""/Users/guoyiyang/Documents/GitHub/FURP-2026-Yiyang-GUO-EVRP-TW/reference/VRP-EVRP-Project-Hub"", ""revision"": ""e3a890065105f978187e532642c4442522215e02""}, ""py-ga-VRPTW"": {""dirty"": false, ""path"": ""/Users/guoyiyang/Documents/GitHub/FURP-2026-Yiyang-GUO-EVRP-TW/reference/py-ga-VRPTW"", ""revision"": ""8e005caaaf6471a4505588d88c7f0f5e0d4ebffa""}}",stage03.0_measurement_attempt05,,preserve;see stage03_legacy_path_map.csv,legacy,legacy_json_or_jsonl,none,legacy,legacy_unknown,,,2491,legacy_compatible
stage03.1,screening,stage03.1_screening_attempt03,attempt03,stage03.1_screening_attempt03,stage031_cheap_screening_smoke03,smoke,r101_21,2015,"[""c101C5"", ""r105C5"", ""rc105C5"", ""c101_21"", ""r101_21"", ""rc101_21""]","[2014, 2015, 2016]",solution,verified_legacy,results/stage03.1_screening_attempt03/r101_21/2015/stage03.1_screening_attempt03_solution_r101_21_2015.json,results/stage031-cheap-screening_smoke03/solutions/r101_21-alns_stage02_constraint_guided-2015.json,feasible,,pass,READY_FOR_STAGE031_FORMAL_MEASUREMENT,not_applicable,pass,0598392691acb93e748b0a165cf3cf6af98be6aa556129dee7aecc542a158d6b,raw_manifest,5f2508b8a49aa0d538c56e3bf2c45ad03534e7d9eec3cc935b786488d2655c61,e1840ebd3945bac63a1a1db5e13438dc2d1aad0b75fff316f3a4685d50583551,0e5a3dffffbd3c516b528ef32ba1a488b817d2f151fc3e8c81023814de1c103a,e2625d95ced293e95f3acfcc227802ece89a7b2b64bbf1d1f8a4f05a801b72d4,b226b97e0e67288aaaf85726ad855df71cb81406685c57c8e8c40cd8996aa0da,9967f1a92bba2e3d0c583e4a912afa80e9731f02,False,"{""VRP-EVRP-Project-Hub"": {""dirty"": false, ""path"": ""/Users/guoyiyang/Documents/GitHub/FURP-2026-Yiyang-GUO-EVRP-TW/reference/VRP-EVRP-Project-Hub"", ""revision"": ""e3a890065105f978187e532642c4442522215e02""}, ""py-ga-VRPTW"": {""dirty"": false, ""path"": ""/Users/guoyiyang/Documents/GitHub/FURP-2026-Yiyang-GUO-EVRP-TW/reference/py-ga-VRPTW"", ""revision"": ""8e005caaaf6471a4505588d88c7f0f5e0d4ebffa""}}",stage03.0_measurement_attempt05,,preserve;see stage03_legacy_path_map.csv,legacy,legacy_json_or_jsonl,none,legacy,legacy_unknown,,,2492,legacy_compatible
stage03.1,screening,stage03.1_screening_attempt03,attempt03,stage03.1_screening_attempt03,stage031_cheap_screening_smoke03,smoke,r101_21,2016,"[""c101C5"", ""r105C5"", ""rc105C5"", ""c101_21"", ""r101_21"", ""rc101_21""]","[2014, 2015, 2016]",solution,verified_legacy,results/stage03.1_screening_attempt03/r101_21/2016/stage03.1_screening_attempt03_solution_r101_21_2016.json,results/stage031-cheap-screening_smoke03/solutions/r101_21-alns_stage02_constraint_guided-2016.json,feasible,,pass,READY_FOR_STAGE031_FORMAL_MEASUREMENT,not_applicable,pass,8c11ba54bd00d8e03dd04f927e2ee9c02174915748cd911c8f22aad016adf6d6,raw_manifest,5f2508b8a49aa0d538c56e3bf2c45ad03534e7d9eec3cc935b786488d2655c61,e1840ebd3945bac63a1a1db5e13438dc2d1aad0b75fff316f3a4685d50583551,0e5a3dffffbd3c516b528ef32ba1a488b817d2f151fc3e8c81023814de1c103a,72724e52a09bb19e1375703c8691094d64ddc15037e782ef9593f964650986fb,b226b97e0e67288aaaf85726ad855df71cb81406685c57c8e8c40cd8996aa0da,9967f1a92bba2e3d0c583e4a912afa80e9731f02,False,"{""VRP-EVRP-Project-Hub"": {""dirty"": false, ""path"": ""/Users/guoyiyang/Documents/GitHub/FURP-2026-Yiyang-GUO-EVRP-TW/reference/VRP-EVRP-Project-Hub"", ""revision"": ""e3a890065105f978187e532642c4442522215e02""}, ""py-ga-VRPTW"": {""dirty"": false, ""path"": ""/Users/guoyiyang/Documents/GitHub/FURP-2026-Yiyang-GUO-EVRP-TW/reference/py-ga-VRPTW"", ""revision"": ""8e005caaaf6471a4505588d88c7f0f5e0d4ebffa""}}",stage03.0_measurement_attempt05,,preserve;see stage03_legacy_path_map.csv,legacy,legacy_json_or_jsonl,none,legacy,legacy_unknown,,,2506,legacy_compatible
stage03.1,screening,stage03.1_screening_attempt03,attempt03,stage03.1_screening_attempt03,stage031_cheap_screening_smoke03,smoke,r105C5,2014,"[""c101C5"", ""r105C5"", ""rc105C5"", ""c101_21"", ""r101_21"", ""rc101_21""]","[2014, 2015, 2016]",solution,verified_legacy,results/stage03.1_screening_attempt03/r105C5/2014/stage03.1_screening_attempt03_solution_r105C5_2014.json,results/stage031-cheap-screening_smoke03/solutions/r105C5-alns_stage02_constraint_guided-2014.json,feasible,,pass,READY_FOR_STAGE031_FORMAL_MEASUREMENT,not_applicable,pass,37f614411458fbc7802b1db8344ab4be5ef9dc9767d4851e1d3b65f343139676,raw_manifest,5f2508b8a49aa0d538c56e3bf2c45ad03534e7d9eec3cc935b786488d2655c61,e1840ebd3945bac63a1a1db5e13438dc2d1aad0b75fff316f3a4685d50583551,eb27ec04e799ee6d39dee3d66f15128e197811afa8c664295acbdf6444176434,cf21abd427df653561741ec4899a3cb789b27df52721de52ab241c2742ee9d92,b226b97e0e67288aaaf85726ad855df71cb81406685c57c8e8c40cd8996aa0da,9967f1a92bba2e3d0c583e4a912afa80e9731f02,False,"{""VRP-EVRP-Project-Hub"": {""dirty"": false, ""path"": ""/Users/guoyiyang/Documents/GitHub/FURP-2026-Yiyang-GUO-EVRP-TW/reference/VRP-EVRP-Project-Hub"", ""revision"": ""e3a890065105f978187e532642c4442522215e02""}, ""py-ga-VRPTW"": {""dirty"": false, ""path"": ""/Users/guoyiyang/Documents/GitHub/FURP-2026-Yiyang-GUO-EVRP-TW/reference/py-ga-VRPTW"", ""revision"": ""8e005caaaf6471a4505588d88c7f0f5e0d4ebffa""}}",stage03.0_measurement_attempt05,,preserve;see stage03_legacy_path_map.csv,legacy,legacy_json_or_jsonl,none,legacy,legacy_unknown,,,351,legacy_compatible
stage03.1,screening,stage03.1_screening_attempt03,attempt03,stage03.1_screening_attempt03,stage031_cheap_screening_smoke03,smoke,r105C5,2015,"[""c101C5"", ""r105C5"", ""rc105C5"", ""c101_21"", ""r101_21"", ""rc101_21""]","[2014, 2015, 2016]",solution,verified_legacy,results/stage03.1_screening_attempt03/r105C5/2015/stage03.1_screening_attempt03_solution_r105C5_2015.json,results/stage031-cheap-screening_smoke03/solutions/r105C5-alns_stage02_constraint_guided-2015.json,feasible,,pass,READY_FOR_STAGE031_FORMAL_MEASUREMENT,not_applicable,pass,5986d9d10e21f0dc93293751bd7d938a3769de674f21974964409251ce7e32ce,raw_manifest,5f2508b8a49aa0d538c56e3bf2c45ad03534e7d9eec3cc935b786488d2655c61,e1840ebd3945bac63a1a1db5e13438dc2d1aad0b75fff316f3a4685d50583551,eb27ec04e799ee6d39dee3d66f15128e197811afa8c664295acbdf6444176434,d8d1293c6e80ec307f9dae6f549b2803f0f7e01664a0acc85b0635b5e11917f0,b226b97e0e67288aaaf85726ad855df71cb81406685c57c8e8c40cd8996aa0da,9967f1a92bba2e3d0c583e4a912afa80e9731f02,False,"{""VRP-EVRP-Project-Hub"": {""dirty"": false, ""path"": ""/Users/guoyiyang/Documents/GitHub/FURP-2026-Yiyang-GUO-EVRP-TW/reference/VRP-EVRP-Project-Hub"", ""revision"": ""e3a890065105f978187e532642c4442522215e02""}, ""py-ga-VRPTW"": {""dirty"": false, ""path"": ""/Users/guoyiyang/Documents/GitHub/FURP-2026-Yiyang-GUO-EVRP-TW/reference/py-ga-VRPTW"", ""revision"": ""8e005caaaf6471a4505588d88c7f0f5e0d4ebffa""}}",stage03.0_measurement_attempt05,,preserve;see stage03_legacy_path_map.csv,legacy,legacy_json_or_jsonl,none,legacy,legacy_unknown,,,351,legacy_compatible
stage03.1,screening,stage03.1_screening_attempt03,attempt03,stage03.1_screening_attempt03,stage031_cheap_screening_smoke03,smoke,r105C5,2016,"[""c101C5"", ""r105C5"", ""rc105C5"", ""c101_21"", ""r101_21"", ""rc101_21""]","[2014, 2015, 2016]",solution,verified_legacy,results/stage03.1_screening_attempt03/r105C5/2016/stage03.1_screening_attempt03_solution_r105C5_2016.json,results/stage031-cheap-screening_smoke03/solutions/r105C5-alns_stage02_constraint_guided-2016.json,feasible,,pass,READY_FOR_STAGE031_FORMAL_MEASUREMENT,not_applicable,pass,06501df94705311d988665f4a9a554aae7cbca6fdb7e497d6fd0161f382f29ab,raw_manifest,5f2508b8a49aa0d538c56e3bf2c45ad03534e7d9eec3cc935b786488d2655c61,e1840ebd3945bac63a1a1db5e13438dc2d1aad0b75fff316f3a4685d50583551,eb27ec04e799ee6d39dee3d66f15128e197811afa8c664295acbdf6444176434,8d6d4d4d6cf6555d3adf7f96851742f0676aecaa0b0e668bbd1dde13025bc318,b226b97e0e67288aaaf85726ad855df71cb81406685c57c8e8c40cd8996aa0da,9967f1a92bba2e3d0c583e4a912afa80e9731f02,False,"{""VRP-EVRP-Project-Hub"": {""dirty"": false, ""path"": ""/Users/guoyiyang/Documents/GitHub/FURP-2026-Yiyang-GUO-EVRP-TW/reference/VRP-EVRP-Project-Hub"", ""revision"": ""e3a890065105f978187e532642c4442522215e02""}, ""py-ga-VRPTW"": {""dirty"": false, ""path"": ""/Users/guoyiyang/Documents/GitHub/FURP-2026-Yiyang-GUO-EVRP-TW/reference/py-ga-VRPTW"", ""revision"": ""8e005caaaf6471a4505588d88c7f0f5e0d4ebffa""}}",stage03.0_measurement_attempt05,,preserve;see stage03_legacy_path_map.csv,legacy,legacy_json_or_jsonl,none,legacy,legacy_unknown,,,351,legacy_compatible
stage03.1,screening,stage03.1_screening_attempt03,attempt03,stage03.1_screening_attempt03,stage031_cheap_screening_smoke03,smoke,rc101_21,2014,"[""c101C5"", ""r105C5"", ""rc105C5"", ""c101_21"", ""r101_21"", ""rc101_21""]","[2014, 2015, 2016]",solution,verified_legacy,results/stage03.1_screening_attempt03/rc101_21/2014/stage03.1_screening_attempt03_solution_rc101_21_2014.json,results/stage031-cheap-screening_smoke03/solutions/rc101_21-alns_stage02_constraint_guided-2014.json,feasible,,pass,READY_FOR_STAGE031_FORMAL_MEASUREMENT,not_applicable,pass,78cd3d1d42cde1a0d2b26c56cd7d2d2d9261e09fcbc0af74e63c9a9ead2d9d30,raw_manifest,5f2508b8a49aa0d538c56e3bf2c45ad03534e7d9eec3cc935b786488d2655c61,e1840ebd3945bac63a1a1db5e13438dc2d1aad0b75fff316f3a4685d50583551,272a3e58d53d4ba9516f01506164cf8a9b98bfeeb8dbd1fd62f6557e4c98e3a1,5273a3c6a2279ec29b88b5a08bbdf2dbbb76917dcb4bd480996317bddaa021ac,b226b97e0e67288aaaf85726ad855df71cb81406685c57c8e8c40cd8996aa0da,9967f1a92bba2e3d0c583e4a912afa80e9731f02,False,"{""VRP-EVRP-Project-Hub"": {""dirty"": false, ""path"": ""/Users/guoyiyang/Documents/GitHub/FURP-2026-Yiyang-GUO-EVRP-TW/reference/VRP-EVRP-Project-Hub"", ""revision"": ""e3a890065105f978187e532642c4442522215e02""}, ""py-ga-VRPTW"": {""dirty"": false, ""path"": ""/Users/guoyiyang/Documents/GitHub/FURP-2026-Yiyang-GUO-EVRP-TW/reference/py-ga-VRPTW"", ""revision"": ""8e005caaaf6471a4505588d88c7f0f5e0d4ebffa""}}",stage03.0_measurement_attempt05,,preserve;see stage03_legacy_path_map.csv,legacy,legacy_json_or_jsonl,none,legacy,legacy_unknown,,,2400,legacy_compatible
stage03.1,screening,stage03.1_screening_attempt03,attempt03,stage03.1_screening_attempt03,stage031_cheap_screening_smoke03,smoke,rc101_21,2015,"[""c101C5"", ""r105C5"", ""rc105C5"", ""c101_21"", ""r101_21"", ""rc101_21""]","[2014, 2015, 2016]",solution,verified_legacy,results/stage03.1_screening_attempt03/rc101_21/2015/stage03.1_screening_attempt03_solution_rc101_21_2015.json,results/stage031-cheap-screening_smoke03/solutions/rc101_21-alns_stage02_constraint_guided-2015.json,feasible,,pass,READY_FOR_STAGE031_FORMAL_MEASUREMENT,not_applicable,pass,362609c7cecf099b1e4b4cecb98bcd26bd544c63502640b713b1afc6a29e84ea,raw_manifest,5f2508b8a49aa0d538c56e3bf2c45ad03534e7d9eec3cc935b786488d2655c61,e1840ebd3945bac63a1a1db5e13438dc2d1aad0b75fff316f3a4685d50583551,272a3e58d53d4ba9516f01506164cf8a9b98bfeeb8dbd1fd62f6557e4c98e3a1,90aba36814a19e91a7284e5e71a4c993f372dd5c4f71f3fc4a188399d5e0eb4a,b226b97e0e67288aaaf85726ad855df71cb81406685c57c8e8c40cd8996aa0da,9967f1a92bba2e3d0c583e4a912afa80e9731f02,False,"{""VRP-EVRP-Project-Hub"": {""dirty"": false, ""path"": ""/Users/guoyiyang/Documents/GitHub/FURP-2026-Yiyang-GUO-EVRP-TW/reference/VRP-EVRP-Project-Hub"", ""revision"": ""e3a890065105f978187e532642c4442522215e02""}, ""py-ga-VRPTW"": {""dirty"": false, ""path"": ""/Users/guoyiyang/Documents/GitHub/FURP-2026-Yiyang-GUO-EVRP-TW/reference/py-ga-VRPTW"", ""revision"": ""8e005caaaf6471a4505588d88c7f0f5e0d4ebffa""}}",stage03.0_measurement_attempt05,,preserve;see stage03_legacy_path_map.csv,legacy,legacy_json_or_jsonl,none,legacy,legacy_unknown,,,2339,legacy_compatible
stage03.1,screening,stage03.1_screening_attempt03,attempt03,stage03.1_screening_attempt03,stage031_cheap_screening_smoke03,smoke,rc101_21,2016,"[""c101C5"", ""r105C5"", ""rc105C5"", ""c101_21"", ""r101_21"", ""rc101_21""]","[2014, 2015, 2016]",solution,verified_legacy,results/stage03.1_screening_attempt03/rc101_21/2016/stage03.1_screening_attempt03_solution_rc101_21_2016.json,results/stage031-cheap-screening_smoke03/solutions/rc101_21-alns_stage02_constraint_guided-2016.json,feasible,,pass,READY_FOR_STAGE031_FORMAL_MEASUREMENT,not_applicable,pass,75d101889349a7b274a32c5c3508e09fd9e27f67ff2bfe0c0ae351ee92cbf018,raw_manifest,5f2508b8a49aa0d538c56e3bf2c45ad03534e7d9eec3cc935b786488d2655c61,e1840ebd3945bac63a1a1db5e13438dc2d1aad0b75fff316f3a4685d50583551,272a3e58d53d4ba9516f01506164cf8a9b98bfeeb8dbd1fd62f6557e4c98e3a1,f2e6d8b9c71a224ad6934a7f9ead655d1da777893ec4be8e3a938c1a9e5bdfe8,b226b97e0e67288aaaf85726ad855df71cb81406685c57c8e8c40cd8996aa0da,9967f1a92bba2e3d0c583e4a912afa80e9731f02,False,"{""VRP-EVRP-Project-Hub"": {""dirty"": false, ""path"": ""/Users/guoyiyang/Documents/GitHub/FURP-2026-Yiyang-GUO-EVRP-TW/reference/VRP-EVRP-Project-Hub"", ""revision"": ""e3a890065105f978187e532642c4442522215e02""}, ""py-ga-VRPTW"": {""dirty"": false, ""path"": ""/Users/guoyiyang/Documents/GitHub/FURP-2026-Yiyang-GUO-EVRP-TW/reference/py-ga-VRPTW"", ""revision"": ""8e005caaaf6471a4505588d88c7f0f5e0d4ebffa""}}",stage03.0_measurement_attempt05,,preserve;see stage03_legacy_path_map.csv,legacy,legacy_json_or_jsonl,none,legacy,legacy_unknown,,,2426,legacy_compatible
stage03.1,screening,stage03.1_screening_attempt03,attempt03,stage03.1_screening_attempt03,stage031_cheap_screening_smoke03,smoke,rc105C5,2014,"[""c101C5"", ""r105C5"", ""rc105C5"", ""c101_21"", ""r101_21"", ""rc101_21""]","[2014, 2015, 2016]",solution,verified_legacy,results/stage03.1_screening_attempt03/rc105C5/2014/stage03.1_screening_attempt03_solution_rc105C5_2014.json,results/stage031-cheap-screening_smoke03/solutions/rc105C5-alns_stage02_constraint_guided-2014.json,feasible,,pass,READY_FOR_STAGE031_FORMAL_MEASUREMENT,not_applicable,pass,707124f4dc787ca88f5388fa3b1cdac327b82829474633871b32b34f00b4026e,raw_manifest,5f2508b8a49aa0d538c56e3bf2c45ad03534e7d9eec3cc935b786488d2655c61,e1840ebd3945bac63a1a1db5e13438dc2d1aad0b75fff316f3a4685d50583551,2ccfba6c447fa43a994934690acb67c7355ca04d232394907ed6938bc362c643,35288c568f4e6f4df8533ca9ea1fd7c8ad969ca4c28014d46e9f5bde6fd7df70,b226b97e0e67288aaaf85726ad855df71cb81406685c57c8e8c40cd8996aa0da,9967f1a92bba2e3d0c583e4a912afa80e9731f02,False,"{""VRP-EVRP-Project-Hub"": {""dirty"": false, ""path"": ""/Users/guoyiyang/Documents/GitHub/FURP-2026-Yiyang-GUO-EVRP-TW/reference/VRP-EVRP-Project-Hub"", ""revision"": ""e3a890065105f978187e532642c4442522215e02""}, ""py-ga-VRPTW"": {""dirty"": false, ""path"": ""/Users/guoyiyang/Documents/GitHub/FURP-2026-Yiyang-GUO-EVRP-TW/reference/py-ga-VRPTW"", ""revision"": ""8e005caaaf6471a4505588d88c7f0f5e0d4ebffa""}}",stage03.0_measurement_attempt05,,preserve;see stage03_legacy_path_map.csv,legacy,legacy_json_or_jsonl,none,legacy,legacy_unknown,,,364,legacy_compatible
stage03.1,screening,stage03.1_screening_attempt03,attempt03,stage03.1_screening_attempt03,stage031_cheap_screening_smoke03,smoke,rc105C5,2015,"[""c101C5"", ""r105C5"", ""rc105C5"", ""c101_21"", ""r101_21"", ""rc101_21""]","[2014, 2015, 2016]",solution,verified_legacy,results/stage03.1_screening_attempt03/rc105C5/2015/stage03.1_screening_attempt03_solution_rc105C5_2015.json,results/stage031-cheap-screening_smoke03/solutions/rc105C5-alns_stage02_constraint_guided-2015.json,feasible,,pass,READY_FOR_STAGE031_FORMAL_MEASUREMENT,not_applicable,pass,39653ab2e3da8a9d3aa50c89421d36a09ff96d491401b99036322816394b5b54,raw_manifest,5f2508b8a49aa0d538c56e3bf2c45ad03534e7d9eec3cc935b786488d2655c61,e1840ebd3945bac63a1a1db5e13438dc2d1aad0b75fff316f3a4685d50583551,2ccfba6c447fa43a994934690acb67c7355ca04d232394907ed6938bc362c643,a82c77642995b1cd05f554c8cce695313cec78efa8b454d539ac68949e72659c,b226b97e0e67288aaaf85726ad855df71cb81406685c57c8e8c40cd8996aa0da,9967f1a92bba2e3d0c583e4a912afa80e9731f02,False,"{""VRP-EVRP-Project-Hub"": {""dirty"": false, ""path"": ""/Users/guoyiyang/Documents/GitHub/FURP-2026-Yiyang-GUO-EVRP-TW/reference/VRP-EVRP-Project-Hub"", ""revision"": ""e3a890065105f978187e532642c4442522215e02""}, ""py-ga-VRPTW"": {""dirty"": false, ""path"": ""/Users/guoyiyang/Documents/GitHub/FURP-2026-Yiyang-GUO-EVRP-TW/reference/py-ga-VRPTW"", ""revision"": ""8e005caaaf6471a4505588d88c7f0f5e0d4ebffa""}}",stage03.0_measurement_attempt05,,preserve;see stage03_legacy_path_map.csv,legacy,legacy_json_or_jsonl,none,legacy,legacy_unknown,,,364,legacy_compatible
stage03.1,screening,stage03.1_screening_attempt03,attempt03,stage03.1_screening_attempt03,stage031_cheap_screening_smoke03,smoke,rc105C5,2016,"[""c101C5"", ""r105C5"", ""rc105C5"", ""c101_21"", ""r101_21"", ""rc101_21""]","[2014, 2015, 2016]",solution,verified_legacy,results/stage03.1_screening_attempt03/rc105C5/2016/stage03.1_screening_attempt03_solution_rc105C5_2016.json,results/stage031-cheap-screening_smoke03/solutions/rc105C5-alns_stage02_constraint_guided-2016.json,feasible,,pass,READY_FOR_STAGE031_FORMAL_MEASUREMENT,not_applicable,pass,07b1f3b11b045328517d98b2d0c40fa8775d963d24888b70296134d8c64c58e6,raw_manifest,5f2508b8a49aa0d538c56e3bf2c45ad03534e7d9eec3cc935b786488d2655c61,e1840ebd3945bac63a1a1db5e13438dc2d1aad0b75fff316f3a4685d50583551,2ccfba6c447fa43a994934690acb67c7355ca04d232394907ed6938bc362c643,295f4cba99f127eac17fa315437333aaabd8ef3c43d8348a56ab24c268d1c2c6,b226b97e0e67288aaaf85726ad855df71cb81406685c57c8e8c40cd8996aa0da,9967f1a92bba2e3d0c583e4a912afa80e9731f02,False,"{""VRP-EVRP-Project-Hub"": {""dirty"": false, ""path"": ""/Users/guoyiyang/Documents/GitHub/FURP-2026-Yiyang-GUO-EVRP-TW/reference/VRP-EVRP-Project-Hub"", ""revision"": ""e3a890065105f978187e532642c4442522215e02""}, ""py-ga-VRPTW"": {""dirty"": false, ""path"": ""/Users/guoyiyang/Documents/GitHub/FURP-2026-Yiyang-GUO-EVRP-TW/reference/py-ga-VRPTW"", ""revision"": ""8e005caaaf6471a4505588d88c7f0f5e0d4ebffa""}}",stage03.0_measurement_attempt05,,preserve;see stage03_legacy_path_map.csv,legacy,legacy_json_or_jsonl,none,legacy,legacy_unknown,,,364,legacy_compatible
stage03.1,screening,stage03.1_screening_attempt03,attempt03,stage03.1_screening_attempt03,stage031_cheap_screening_smoke03,smoke,c101C5,2014,"[""c101C5"", ""r105C5"", ""rc105C5"", ""c101_21"", ""r101_21"", ""rc101_21""]","[2014, 2015, 2016]",trace,verified_legacy,results/stage03.1_screening_attempt03/c101C5/2014/stage03.1_screening_attempt03_trace_c101C5_2014.json,results/stage031-cheap-screening_smoke03/traces/c101C5-alns_stage02_constraint_guided-2014.json,feasible,,pass,READY_FOR_STAGE031_FORMAL_MEASUREMENT,not_applicable,pass,a02918c65cd972af7d6db0aa5b73dc3b18413d1b1a6b83118bff7d7fe2e58671,raw_manifest,5f2508b8a49aa0d538c56e3bf2c45ad03534e7d9eec3cc935b786488d2655c61,e1840ebd3945bac63a1a1db5e13438dc2d1aad0b75fff316f3a4685d50583551,8612d6d9aad051776097a5e50c7408f39352b8107b0639d58e5eda713f9ff876,7463c37b485ba271e50759929f0f7e052c75d617b27146feb67bf535b374e4b4,b226b97e0e67288aaaf85726ad855df71cb81406685c57c8e8c40cd8996aa0da,9967f1a92bba2e3d0c583e4a912afa80e9731f02,False,"{""VRP-EVRP-Project-Hub"": {""dirty"": false, ""path"": ""/Users/guoyiyang/Documents/GitHub/FURP-2026-Yiyang-GUO-EVRP-TW/reference/VRP-EVRP-Project-Hub"", ""revision"": ""e3a890065105f978187e532642c4442522215e02""}, ""py-ga-VRPTW"": {""dirty"": false, ""path"": ""/Users/guoyiyang/Documents/GitHub/FURP-2026-Yiyang-GUO-EVRP-TW/reference/py-ga-VRPTW"", ""revision"": ""8e005caaaf6471a4505588d88c7f0f5e0d4ebffa""}}",stage03.0_measurement_attempt05,,preserve;see stage03_legacy_path_map.csv,legacy,legacy_json_or_jsonl,none,legacy,legacy_unknown,,,24927974,legacy_compatible
stage03.1,screening,stage03.1_screening_attempt03,attempt03,stage03.1_screening_attempt03,stage031_cheap_screening_smoke03,smoke,c101C5,2015,"[""c101C5"", ""r105C5"", ""rc105C5"", ""c101_21"", ""r101_21"", ""rc101_21""]","[2014, 2015, 2016]",trace,verified_legacy,results/stage03.1_screening_attempt03/c101C5/2015/stage03.1_screening_attempt03_trace_c101C5_2015.json,results/stage031-cheap-screening_smoke03/traces/c101C5-alns_stage02_constraint_guided-2015.json,feasible,,pass,READY_FOR_STAGE031_FORMAL_MEASUREMENT,not_applicable,pass,a204bc250bd6a89afe3f060442cd88321e2f719c633f5d0822beb4317df0b672,raw_manifest,5f2508b8a49aa0d538c56e3bf2c45ad03534e7d9eec3cc935b786488d2655c61,e1840ebd3945bac63a1a1db5e13438dc2d1aad0b75fff316f3a4685d50583551,8612d6d9aad051776097a5e50c7408f39352b8107b0639d58e5eda713f9ff876,6e4738c9c9640f2ffabcb78d67b8813122cd71e1af022edcb9609a5200c76fac,b226b97e0e67288aaaf85726ad855df71cb81406685c57c8e8c40cd8996aa0da,9967f1a92bba2e3d0c583e4a912afa80e9731f02,False,"{""VRP-EVRP-Project-Hub"": {""dirty"": false, ""path"": ""/Users/guoyiyang/Documents/GitHub/FURP-2026-Yiyang-GUO-EVRP-TW/reference/VRP-EVRP-Project-Hub"", ""revision"": ""e3a890065105f978187e532642c4442522215e02""}, ""py-ga-VRPTW"": {""dirty"": false, ""path"": ""/Users/guoyiyang/Documents/GitHub/FURP-2026-Yiyang-GUO-EVRP-TW/reference/py-ga-VRPTW"", ""revision"": ""8e005caaaf6471a4505588d88c7f0f5e0d4ebffa""}}",stage03.0_measurement_attempt05,,preserve;see stage03_legacy_path_map.csv,legacy,legacy_json_or_jsonl,none,legacy,legacy_unknown,,,24703594,legacy_compatible
stage03.1,screening,stage03.1_screening_attempt03,attempt03,stage03.1_screening_attempt03,stage031_cheap_screening_smoke03,smoke,c101C5,2016,"[""c101C5"", ""r105C5"", ""rc105C5"", ""c101_21"", ""r101_21"", ""rc101_21""]","[2014, 2015, 2016]",trace,verified_legacy,results/stage03.1_screening_attempt03/c101C5/2016/stage03.1_screening_attempt03_trace_c101C5_2016.json,results/stage031-cheap-screening_smoke03/traces/c101C5-alns_stage02_constraint_guided-2016.json,feasible,,pass,READY_FOR_STAGE031_FORMAL_MEASUREMENT,not_applicable,pass,4fa075f51c42312f22668fd6e70007d47cc516cff86abd617d26c20fda346e47,raw_manifest,5f2508b8a49aa0d538c56e3bf2c45ad03534e7d9eec3cc935b786488d2655c61,e1840ebd3945bac63a1a1db5e13438dc2d1aad0b75fff316f3a4685d50583551,8612d6d9aad051776097a5e50c7408f39352b8107b0639d58e5eda713f9ff876,2ae40ca508dd1d6c13b01e9aef0ff7182e293b6de30581d765f25242a7f8e5d5,b226b97e0e67288aaaf85726ad855df71cb81406685c57c8e8c40cd8996aa0da,9967f1a92bba2e3d0c583e4a912afa80e9731f02,False,"{""VRP-EVRP-Project-Hub"": {""dirty"": false, ""path"": ""/Users/guoyiyang/Documents/GitHub/FURP-2026-Yiyang-GUO-EVRP-TW/reference/VRP-EVRP-Project-Hub"", ""revision"": ""e3a890065105f978187e532642c4442522215e02""}, ""py-ga-VRPTW"": {""dirty"": false, ""path"": ""/Users/guoyiyang/Documents/GitHub/FURP-2026-Yiyang-GUO-EVRP-TW/reference/py-ga-VRPTW"", ""revision"": ""8e005caaaf6471a4505588d88c7f0f5e0d4ebffa""}}",stage03.0_measurement_attempt05,,preserve;see stage03_legacy_path_map.csv,legacy,legacy_json_or_jsonl,none,legacy,legacy_unknown,,,25003632,legacy_compatible
stage03.1,screening,stage03.1_screening_attempt03,attempt03,stage03.1_screening_attempt03,stage031_cheap_screening_smoke03,smoke,c101_21,2014,"[""c101C5"", ""r105C5"", ""rc105C5"", ""c101_21"", ""r101_21"", ""rc101_21""]","[2014, 2015, 2016]",trace,verified_legacy,results/stage03.1_screening_attempt03/c101_21/2014/stage03.1_screening_attempt03_trace_c101_21_2014.json,results/stage031-cheap-screening_smoke03/traces/c101_21-alns_stage02_constraint_guided-2014.json,feasible,,pass,READY_FOR_STAGE031_FORMAL_MEASUREMENT,not_applicable,pass,1bcd75c4ef10a8db7efe55c8d6f34c606e56abb7e5ce7eb5c9faa50875e05d79,raw_manifest,5f2508b8a49aa0d538c56e3bf2c45ad03534e7d9eec3cc935b786488d2655c61,e1840ebd3945bac63a1a1db5e13438dc2d1aad0b75fff316f3a4685d50583551,c5cda6ca63a7d518902cf4b02d98b4aa0f373aaa0658d5c666d1c46d38871cb9,2ced53fe3315b1bceb2a0b7e355f72490e0cd0d59df0f9b6d1bf8668e241ca60,b226b97e0e67288aaaf85726ad855df71cb81406685c57c8e8c40cd8996aa0da,9967f1a92bba2e3d0c583e4a912afa80e9731f02,False,"{""VRP-EVRP-Project-Hub"": {""dirty"": false, ""path"": ""/Users/guoyiyang/Documents/GitHub/FURP-2026-Yiyang-GUO-EVRP-TW/reference/VRP-EVRP-Project-Hub"", ""revision"": ""e3a890065105f978187e532642c4442522215e02""}, ""py-ga-VRPTW"": {""dirty"": false, ""path"": ""/Users/guoyiyang/Documents/GitHub/FURP-2026-Yiyang-GUO-EVRP-TW/reference/py-ga-VRPTW"", ""revision"": ""8e005caaaf6471a4505588d88c7f0f5e0d4ebffa""}}",stage03.0_measurement_attempt05,,preserve;see stage03_legacy_path_map.csv,legacy,legacy_json_or_jsonl,none,legacy,legacy_unknown,,,667730867,legacy_compatible
stage03.1,screening,stage03.1_screening_attempt03,attempt03,stage03.1_screening_attempt03,stage031_cheap_screening_smoke03,smoke,c101_21,2015,"[""c101C5"", ""r105C5"", ""rc105C5"", ""c101_21"", ""r101_21"", ""rc101_21""]","[2014, 2015, 2016]",trace,verified_legacy,results/stage03.1_screening_attempt03/c101_21/2015/stage03.1_screening_attempt03_trace_c101_21_2015.json,results/stage031-cheap-screening_smoke03/traces/c101_21-alns_stage02_constraint_guided-2015.json,feasible,,pass,READY_FOR_STAGE031_FORMAL_MEASUREMENT,not_applicable,pass,451f522f87bfd37f11be5b5595519ae9de0a0bbaea50a61a91bf6ad6d58746c8,raw_manifest,5f2508b8a49aa0d538c56e3bf2c45ad03534e7d9eec3cc935b786488d2655c61,e1840ebd3945bac63a1a1db5e13438dc2d1aad0b75fff316f3a4685d50583551,c5cda6ca63a7d518902cf4b02d98b4aa0f373aaa0658d5c666d1c46d38871cb9,2ad1493ea7e25c1b282127eee1e13a847c17d7ee11456f8e78f9582b6e5ccba1,b226b97e0e67288aaaf85726ad855df71cb81406685c57c8e8c40cd8996aa0da,9967f1a92bba2e3d0c583e4a912afa80e9731f02,False,"{""VRP-EVRP-Project-Hub"": {""dirty"": false, ""path"": ""/Users/guoyiyang/Documents/GitHub/FURP-2026-Yiyang-GUO-EVRP-TW/reference/VRP-EVRP-Project-Hub"", ""revision"": ""e3a890065105f978187e532642c4442522215e02""}, ""py-ga-VRPTW"": {""dirty"": false, ""path"": ""/Users/guoyiyang/Documents/GitHub/FURP-2026-Yiyang-GUO-EVRP-TW/reference/py-ga-VRPTW"", ""revision"": ""8e005caaaf6471a4505588d88c7f0f5e0d4ebffa""}}",stage03.0_measurement_attempt05,,preserve;see stage03_legacy_path_map.csv,legacy,legacy_json_or_jsonl,none,legacy,legacy_unknown,,,772624085,legacy_compatible
stage03.1,screening,stage03.1_screening_attempt03,attempt03,stage03.1_screening_attempt03,stage031_cheap_screening_smoke03,smoke,c101_21,2016,"[""c101C5"", ""r105C5"", ""rc105C5"", ""c101_21"", ""r101_21"", ""rc101_21""]","[2014, 2015, 2016]",trace,verified_legacy,results/stage03.1_screening_attempt03/c101_21/2016/stage03.1_screening_attempt03_trace_c101_21_2016.json,results/stage031-cheap-screening_smoke03/traces/c101_21-alns_stage02_constraint_guided-2016.json,feasible,,pass,READY_FOR_STAGE031_FORMAL_MEASUREMENT,not_applicable,pass,b320d033d5abe0fd682e5cdb85b28d85441ea9a8f96953a16b6eb599c04b3ac9,raw_manifest,5f2508b8a49aa0d538c56e3bf2c45ad03534e7d9eec3cc935b786488d2655c61,e1840ebd3945bac63a1a1db5e13438dc2d1aad0b75fff316f3a4685d50583551,c5cda6ca63a7d518902cf4b02d98b4aa0f373aaa0658d5c666d1c46d38871cb9,10984b91aaab9e08c67f1586131e869120d30c4aababed1710986dee534630ef,b226b97e0e67288aaaf85726ad855df71cb81406685c57c8e8c40cd8996aa0da,9967f1a92bba2e3d0c583e4a912afa80e9731f02,False,"{""VRP-EVRP-Project-Hub"": {""dirty"": false, ""path"": ""/Users/guoyiyang/Documents/GitHub/FURP-2026-Yiyang-GUO-EVRP-TW/reference/VRP-EVRP-Project-Hub"", ""revision"": ""e3a890065105f978187e532642c4442522215e02""}, ""py-ga-VRPTW"": {""dirty"": false, ""path"": ""/Users/guoyiyang/Documents/GitHub/FURP-2026-Yiyang-GUO-EVRP-TW/reference/py-ga-VRPTW"", ""revision"": ""8e005caaaf6471a4505588d88c7f0f5e0d4ebffa""}}",stage03.0_measurement_attempt05,,preserve;see stage03_legacy_path_map.csv,legacy,legacy_json_or_jsonl,none,legacy,legacy_unknown,,,634506837,legacy_compatible
stage03.1,screening,stage03.1_screening_attempt03,attempt03,stage03.1_screening_attempt03,stage031_cheap_screening_smoke03,smoke,r101_21,2014,"[""c101C5"", ""r105C5"", ""rc105C5"", ""c101_21"", ""r101_21"", ""rc101_21""]","[2014, 2015, 2016]",trace,verified_legacy,results/stage03.1_screening_attempt03/r101_21/2014/stage03.1_screening_attempt03_trace_r101_21_2014.json,results/stage031-cheap-screening_smoke03/traces/r101_21-alns_stage02_constraint_guided-2014.json,feasible,,pass,READY_FOR_STAGE031_FORMAL_MEASUREMENT,not_applicable,pass,81e196f764e9a2a60947d6713079b11fc55543ad4b4fef4cedb468c13dcbc0ed,raw_manifest,5f2508b8a49aa0d538c56e3bf2c45ad03534e7d9eec3cc935b786488d2655c61,e1840ebd3945bac63a1a1db5e13438dc2d1aad0b75fff316f3a4685d50583551,0e5a3dffffbd3c516b528ef32ba1a488b817d2f151fc3e8c81023814de1c103a,1dd901e9f74b3886e50f98fe652027f4ebc5780f515eced5f59878f62886f3d3,b226b97e0e67288aaaf85726ad855df71cb81406685c57c8e8c40cd8996aa0da,9967f1a92bba2e3d0c583e4a912afa80e9731f02,False,"{""VRP-EVRP-Project-Hub"": {""dirty"": false, ""path"": ""/Users/guoyiyang/Documents/GitHub/FURP-2026-Yiyang-GUO-EVRP-TW/reference/VRP-EVRP-Project-Hub"", ""revision"": ""e3a890065105f978187e532642c4442522215e02""}, ""py-ga-VRPTW"": {""dirty"": false, ""path"": ""/Users/guoyiyang/Documents/GitHub/FURP-2026-Yiyang-GUO-EVRP-TW/reference/py-ga-VRPTW"", ""revision"": ""8e005caaaf6471a4505588d88c7f0f5e0d4ebffa""}}",stage03.0_measurement_attempt05,,preserve;see stage03_legacy_path_map.csv,legacy,legacy_json_or_jsonl,none,legacy,legacy_unknown,,,742939814,legacy_compatible
stage03.1,screening,stage03.1_screening_attempt03,attempt03,stage03.1_screening_attempt03,stage031_cheap_screening_smoke03,smoke,r101_21,2015,"[""c101C5"", ""r105C5"", ""rc105C5"", ""c101_21"", ""r101_21"", ""rc101_21""]","[2014, 2015, 2016]",trace,verified_legacy,results/stage03.1_screening_attempt03/r101_21/2015/stage03.1_screening_attempt03_trace_r101_21_2015.json,results/stage031-cheap-screening_smoke03/traces/r101_21-alns_stage02_constraint_guided-2015.json,feasible,,pass,READY_FOR_STAGE031_FORMAL_MEASUREMENT,not_applicable,pass,44b4a67dc5588acbaefe64323760c69fcfef01ecedc71c221bb20275ca00545e,raw_manifest,5f2508b8a49aa0d538c56e3bf2c45ad03534e7d9eec3cc935b786488d2655c61,e1840ebd3945bac63a1a1db5e13438dc2d1aad0b75fff316f3a4685d50583551,0e5a3dffffbd3c516b528ef32ba1a488b817d2f151fc3e8c81023814de1c103a,e2625d95ced293e95f3acfcc227802ece89a7b2b64bbf1d1f8a4f05a801b72d4,b226b97e0e67288aaaf85726ad855df71cb81406685c57c8e8c40cd8996aa0da,9967f1a92bba2e3d0c583e4a912afa80e9731f02,False,"{""VRP-EVRP-Project-Hub"": {""dirty"": false, ""path"": ""/Users/guoyiyang/Documents/GitHub/FURP-2026-Yiyang-GUO-EVRP-TW/reference/VRP-EVRP-Project-Hub"", ""revision"": ""e3a890065105f978187e532642c4442522215e02""}, ""py-ga-VRPTW"": {""dirty"": false, ""path"": ""/Users/guoyiyang/Documents/GitHub/FURP-2026-Yiyang-GUO-EVRP-TW/reference/py-ga-VRPTW"", ""revision"": ""8e005caaaf6471a4505588d88c7f0f5e0d4ebffa""}}",stage03.0_measurement_attempt05,,preserve;see stage03_legacy_path_map.csv,legacy,legacy_json_or_jsonl,none,legacy,legacy_unknown,,,895871717,legacy_compatible
stage03.1,screening,stage03.1_screening_attempt03,attempt03,stage03.1_screening_attempt03,stage031_cheap_screening_smoke03,smoke,r101_21,2016,"[""c101C5"", ""r105C5"", ""rc105C5"", ""c101_21"", ""r101_21"", ""rc101_21""]","[2014, 2015, 2016]",trace,verified_legacy,results/stage03.1_screening_attempt03/r101_21/2016/stage03.1_screening_attempt03_trace_r101_21_2016.json,results/stage031-cheap-screening_smoke03/traces/r101_21-alns_stage02_constraint_guided-2016.json,feasible,,pass,READY_FOR_STAGE031_FORMAL_MEASUREMENT,not_applicable,pass,ded5ac8880d8678e176c722ea64e885c7119cb67da46ff2b2b52c6b91066e224,raw_manifest,5f2508b8a49aa0d538c56e3bf2c45ad03534e7d9eec3cc935b786488d2655c61,e1840ebd3945bac63a1a1db5e13438dc2d1aad0b75fff316f3a4685d50583551,0e5a3dffffbd3c516b528ef32ba1a488b817d2f151fc3e8c81023814de1c103a,72724e52a09bb19e1375703c8691094d64ddc15037e782ef9593f964650986fb,b226b97e0e67288aaaf85726ad855df71cb81406685c57c8e8c40cd8996aa0da,9967f1a92bba2e3d0c583e4a912afa80e9731f02,False,"{""VRP-EVRP-Project-Hub"": {""dirty"": false, ""path"": ""/Users/guoyiyang/Documents/GitHub/FURP-2026-Yiyang-GUO-EVRP-TW/reference/VRP-EVRP-Project-Hub"", ""revision"": ""e3a890065105f978187e532642c4442522215e02""}, ""py-ga-VRPTW"": {""dirty"": false, ""path"": ""/Users/guoyiyang/Documents/GitHub/FURP-2026-Yiyang-GUO-EVRP-TW/reference/py-ga-VRPTW"", ""revision"": ""8e005caaaf6471a4505588d88c7f0f5e0d4ebffa""}}",stage03.0_measurement_attempt05,,preserve;see stage03_legacy_path_map.csv,legacy,legacy_json_or_jsonl,none,legacy,legacy_unknown,,,762081959,legacy_compatible
stage03.1,screening,stage03.1_screening_attempt03,attempt03,stage03.1_screening_attempt03,stage031_cheap_screening_smoke03,smoke,r105C5,2014,"[""c101C5"", ""r105C5"", ""rc105C5"", ""c101_21"", ""r101_21"", ""rc101_21""]","[2014, 2015, 2016]",trace,verified_legacy,results/stage03.1_screening_attempt03/r105C5/2014/stage03.1_screening_attempt03_trace_r105C5_2014.json,results/stage031-cheap-screening_smoke03/traces/r105C5-alns_stage02_constraint_guided-2014.json,feasible,,pass,READY_FOR_STAGE031_FORMAL_MEASUREMENT,not_applicable,pass,ffc888a8740c243ad9da7b5d1c7e79e69c55c1e0f39784fc5a8c6e78f93f809b,raw_manifest,5f2508b8a49aa0d538c56e3bf2c45ad03534e7d9eec3cc935b786488d2655c61,e1840ebd3945bac63a1a1db5e13438dc2d1aad0b75fff316f3a4685d50583551,eb27ec04e799ee6d39dee3d66f15128e197811afa8c664295acbdf6444176434,cf21abd427df653561741ec4899a3cb789b27df52721de52ab241c2742ee9d92,b226b97e0e67288aaaf85726ad855df71cb81406685c57c8e8c40cd8996aa0da,9967f1a92bba2e3d0c583e4a912afa80e9731f02,False,"{""VRP-EVRP-Project-Hub"": {""dirty"": false, ""path"": ""/Users/guoyiyang/Documents/GitHub/FURP-2026-Yiyang-GUO-EVRP-TW/reference/VRP-EVRP-Project-Hub"", ""revision"": ""e3a890065105f978187e532642c4442522215e02""}, ""py-ga-VRPTW"": {""dirty"": false, ""path"": ""/Users/guoyiyang/Documents/GitHub/FURP-2026-Yiyang-GUO-EVRP-TW/reference/py-ga-VRPTW"", ""revision"": ""8e005caaaf6471a4505588d88c7f0f5e0d4ebffa""}}",stage03.0_measurement_attempt05,,preserve;see stage03_legacy_path_map.csv,legacy,legacy_json_or_jsonl,none,legacy,legacy_unknown,,,28136933,legacy_compatible
stage03.1,screening,stage03.1_screening_attempt03,attempt03,stage03.1_screening_attempt03,stage031_cheap_screening_smoke03,smoke,r105C5,2015,"[""c101C5"", ""r105C5"", ""rc105C5"", ""c101_21"", ""r101_21"", ""rc101_21""]","[2014, 2015, 2016]",trace,verified_legacy,results/stage03.1_screening_attempt03/r105C5/2015/stage03.1_screening_attempt03_trace_r105C5_2015.json,results/stage031-cheap-screening_smoke03/traces/r105C5-alns_stage02_constraint_guided-2015.json,feasible,,pass,READY_FOR_STAGE031_FORMAL_MEASUREMENT,not_applicable,pass,21bec70a9523b46840929819638afa3853936ce2ef51afe43daea512e7b2db13,raw_manifest,5f2508b8a49aa0d538c56e3bf2c45ad03534e7d9eec3cc935b786488d2655c61,e1840ebd3945bac63a1a1db5e13438dc2d1aad0b75fff316f3a4685d50583551,eb27ec04e799ee6d39dee3d66f15128e197811afa8c664295acbdf6444176434,d8d1293c6e80ec307f9dae6f549b2803f0f7e01664a0acc85b0635b5e11917f0,b226b97e0e67288aaaf85726ad855df71cb81406685c57c8e8c40cd8996aa0da,9967f1a92bba2e3d0c583e4a912afa80e9731f02,False,"{""VRP-EVRP-Project-Hub"": {""dirty"": false, ""path"": ""/Users/guoyiyang/Documents/GitHub/FURP-2026-Yiyang-GUO-EVRP-TW/reference/VRP-EVRP-Project-Hub"", ""revision"": ""e3a890065105f978187e532642c4442522215e02""}, ""py-ga-VRPTW"": {""dirty"": false, ""path"": ""/Users/guoyiyang/Documents/GitHub/FURP-2026-Yiyang-GUO-EVRP-TW/reference/py-ga-VRPTW"", ""revision"": ""8e005caaaf6471a4505588d88c7f0f5e0d4ebffa""}}",stage03.0_measurement_attempt05,,preserve;see stage03_legacy_path_map.csv,legacy,legacy_json_or_jsonl,none,legacy,legacy_unknown,,,27975146,legacy_compatible
stage03.1,screening,stage03.1_screening_attempt03,attempt03,stage03.1_screening_attempt03,stage031_cheap_screening_smoke03,smoke,r105C5,2016,"[""c101C5"", ""r105C5"", ""rc105C5"", ""c101_21"", ""r101_21"", ""rc101_21""]","[2014, 2015, 2016]",trace,verified_legacy,results/stage03.1_screening_attempt03/r105C5/2016/stage03.1_screening_attempt03_trace_r105C5_2016.json,results/stage031-cheap-screening_smoke03/traces/r105C5-alns_stage02_constraint_guided-2016.json,feasible,,pass,READY_FOR_STAGE031_FORMAL_MEASUREMENT,not_applicable,pass,33fcd5eb7110f289f52875c5aba87af3b7f7a2ee088e98577e1f6e64935b23e3,raw_manifest,5f2508b8a49aa0d538c56e3bf2c45ad03534e7d9eec3cc935b786488d2655c61,e1840ebd3945bac63a1a1db5e13438dc2d1aad0b75fff316f3a4685d50583551,eb27ec04e799ee6d39dee3d66f15128e197811afa8c664295acbdf6444176434,8d6d4d4d6cf6555d3adf7f96851742f0676aecaa0b0e668bbd1dde13025bc318,b226b97e0e67288aaaf85726ad855df71cb81406685c57c8e8c40cd8996aa0da,9967f1a92bba2e3d0c583e4a912afa80e9731f02,False,"{""VRP-EVRP-Project-Hub"": {""dirty"": false, ""path"": ""/Users/guoyiyang/Documents/GitHub/FURP-2026-Yiyang-GUO-EVRP-TW/reference/VRP-EVRP-Project-Hub"", ""revision"": ""e3a890065105f978187e532642c4442522215e02""}, ""py-ga-VRPTW"": {""dirty"": false, ""path"": ""/Users/guoyiyang/Documents/GitHub/FURP-2026-Yiyang-GUO-EVRP-TW/reference/py-ga-VRPTW"", ""revision"": ""8e005caaaf6471a4505588d88c7f0f5e0d4ebffa""}}",stage03.0_measurement_attempt05,,preserve;see stage03_legacy_path_map.csv,legacy,legacy_json_or_jsonl,none,legacy,legacy_unknown,,,28523541,legacy_compatible
stage03.1,screening,stage03.1_screening_attempt03,attempt03,stage03.1_screening_attempt03,stage031_cheap_screening_smoke03,smoke,rc101_21,2014,"[""c101C5"", ""r105C5"", ""rc105C5"", ""c101_21"", ""r101_21"", ""rc101_21""]","[2014, 2015, 2016]",trace,verified_legacy,results/stage03.1_screening_attempt03/rc101_21/2014/stage03.1_screening_attempt03_trace_rc101_21_2014.json,results/stage031-cheap-screening_smoke03/traces/rc101_21-alns_stage02_constraint_guided-2014.json,feasible,,pass,READY_FOR_STAGE031_FORMAL_MEASUREMENT,not_applicable,pass,86333dd5796381b2338cea2d5294bb6d50066397074f27164648ca5730dc01de,raw_manifest,5f2508b8a49aa0d538c56e3bf2c45ad03534e7d9eec3cc935b786488d2655c61,e1840ebd3945bac63a1a1db5e13438dc2d1aad0b75fff316f3a4685d50583551,272a3e58d53d4ba9516f01506164cf8a9b98bfeeb8dbd1fd62f6557e4c98e3a1,5273a3c6a2279ec29b88b5a08bbdf2dbbb76917dcb4bd480996317bddaa021ac,b226b97e0e67288aaaf85726ad855df71cb81406685c57c8e8c40cd8996aa0da,9967f1a92bba2e3d0c583e4a912afa80e9731f02,False,"{""VRP-EVRP-Project-Hub"": {""dirty"": false, ""path"": ""/Users/guoyiyang/Documents/GitHub/FURP-2026-Yiyang-GUO-EVRP-TW/reference/VRP-EVRP-Project-Hub"", ""revision"": ""e3a890065105f978187e532642c4442522215e02""}, ""py-ga-VRPTW"": {""dirty"": false, ""path"": ""/Users/guoyiyang/Documents/GitHub/FURP-2026-Yiyang-GUO-EVRP-TW/reference/py-ga-VRPTW"", ""revision"": ""8e005caaaf6471a4505588d88c7f0f5e0d4ebffa""}}",stage03.0_measurement_attempt05,,preserve;see stage03_legacy_path_map.csv,legacy,legacy_json_or_jsonl,none,legacy,legacy_unknown,,,462080528,legacy_compatible
stage03.1,screening,stage03.1_screening_attempt03,attempt03,stage03.1_screening_attempt03,stage031_cheap_screening_smoke03,smoke,rc101_21,2015,"[""c101C5"", ""r105C5"", ""rc105C5"", ""c101_21"", ""r101_21"", ""rc101_21""]","[2014, 2015, 2016]",trace,verified_legacy,results/stage03.1_screening_attempt03/rc101_21/2015/stage03.1_screening_attempt03_trace_rc101_21_2015.json,results/stage031-cheap-screening_smoke03/traces/rc101_21-alns_stage02_constraint_guided-2015.json,feasible,,pass,READY_FOR_STAGE031_FORMAL_MEASUREMENT,not_applicable,pass,1c2d755127d664e6d6c81d62ec2350500a1486387ae0eb951a94d2a8f990c935,raw_manifest,5f2508b8a49aa0d538c56e3bf2c45ad03534e7d9eec3cc935b786488d2655c61,e1840ebd3945bac63a1a1db5e13438dc2d1aad0b75fff316f3a4685d50583551,272a3e58d53d4ba9516f01506164cf8a9b98bfeeb8dbd1fd62f6557e4c98e3a1,90aba36814a19e91a7284e5e71a4c993f372dd5c4f71f3fc4a188399d5e0eb4a,b226b97e0e67288aaaf85726ad855df71cb81406685c57c8e8c40cd8996aa0da,9967f1a92bba2e3d0c583e4a912afa80e9731f02,False,"{""VRP-EVRP-Project-Hub"": {""dirty"": false, ""path"": ""/Users/guoyiyang/Documents/GitHub/FURP-2026-Yiyang-GUO-EVRP-TW/reference/VRP-EVRP-Project-Hub"", ""revision"": ""e3a890065105f978187e532642c4442522215e02""}, ""py-ga-VRPTW"": {""dirty"": false, ""path"": ""/Users/guoyiyang/Documents/GitHub/FURP-2026-Yiyang-GUO-EVRP-TW/reference/py-ga-VRPTW"", ""revision"": ""8e005caaaf6471a4505588d88c7f0f5e0d4ebffa""}}",stage03.0_measurement_attempt05,,preserve;see stage03_legacy_path_map.csv,legacy,legacy_json_or_jsonl,none,legacy,legacy_unknown,,,558622007,legacy_compatible
stage03.1,screening,stage03.1_screening_attempt03,attempt03,stage03.1_screening_attempt03,stage031_cheap_screening_smoke03,smoke,rc101_21,2016,"[""c101C5"", ""r105C5"", ""rc105C5"", ""c101_21"", ""r101_21"", ""rc101_21""]","[2014, 2015, 2016]",trace,verified_legacy,results/stage03.1_screening_attempt03/rc101_21/2016/stage03.1_screening_attempt03_trace_rc101_21_2016.json,results/stage031-cheap-screening_smoke03/traces/rc101_21-alns_stage02_constraint_guided-2016.json,feasible,,pass,READY_FOR_STAGE031_FORMAL_MEASUREMENT,not_applicable,pass,acaf59cd8b50180facd09776d933a45a0afd1c298ab1daa679c96c06eb624082,raw_manifest,5f2508b8a49aa0d538c56e3bf2c45ad03534e7d9eec3cc935b786488d2655c61,e1840ebd3945bac63a1a1db5e13438dc2d1aad0b75fff316f3a4685d50583551,272a3e58d53d4ba9516f01506164cf8a9b98bfeeb8dbd1fd62f6557e4c98e3a1,f2e6d8b9c71a224ad6934a7f9ead655d1da777893ec4be8e3a938c1a9e5bdfe8,b226b97e0e67288aaaf85726ad855df71cb81406685c57c8e8c40cd8996aa0da,9967f1a92bba2e3d0c583e4a912afa80e9731f02,False,"{""VRP-EVRP-Project-Hub"": {""dirty"": false, ""path"": ""/Users/guoyiyang/Documents/GitHub/FURP-2026-Yiyang-GUO-EVRP-TW/reference/VRP-EVRP-Project-Hub"", ""revision"": ""e3a890065105f978187e532642c4442522215e02""}, ""py-ga-VRPTW"": {""dirty"": false, ""path"": ""/Users/guoyiyang/Documents/GitHub/FURP-2026-Yiyang-GUO-EVRP-TW/reference/py-ga-VRPTW"", ""revision"": ""8e005caaaf6471a4505588d88c7f0f5e0d4ebffa""}}",stage03.0_measurement_attempt05,,preserve;see stage03_legacy_path_map.csv,legacy,legacy_json_or_jsonl,none,legacy,legacy_unknown,,,440166709,legacy_compatible
stage03.1,screening,stage03.1_screening_attempt03,attempt03,stage03.1_screening_attempt03,stage031_cheap_screening_smoke03,smoke,rc105C5,2014,"[""c101C5"", ""r105C5"", ""rc105C5"", ""c101_21"", ""r101_21"", ""rc101_21""]","[2014, 2015, 2016]",trace,verified_legacy,results/stage03.1_screening_attempt03/rc105C5/2014/stage03.1_screening_attempt03_trace_rc105C5_2014.json,results/stage031-cheap-screening_smoke03/traces/rc105C5-alns_stage02_constraint_guided-2014.json,feasible,,pass,READY_FOR_STAGE031_FORMAL_MEASUREMENT,not_applicable,pass,7623c4c4700c80aaf3e38335437258ffb1e767d776f13805f50ffc5e8c7e78ff,raw_manifest,5f2508b8a49aa0d538c56e3bf2c45ad03534e7d9eec3cc935b786488d2655c61,e1840ebd3945bac63a1a1db5e13438dc2d1aad0b75fff316f3a4685d50583551,2ccfba6c447fa43a994934690acb67c7355ca04d232394907ed6938bc362c643,35288c568f4e6f4df8533ca9ea1fd7c8ad969ca4c28014d46e9f5bde6fd7df70,b226b97e0e67288aaaf85726ad855df71cb81406685c57c8e8c40cd8996aa0da,9967f1a92bba2e3d0c583e4a912afa80e9731f02,False,"{""VRP-EVRP-Project-Hub"": {""dirty"": false, ""path"": ""/Users/guoyiyang/Documents/GitHub/FURP-2026-Yiyang-GUO-EVRP-TW/reference/VRP-EVRP-Project-Hub"", ""revision"": ""e3a890065105f978187e532642c4442522215e02""}, ""py-ga-VRPTW"": {""dirty"": false, ""path"": ""/Users/guoyiyang/Documents/GitHub/FURP-2026-Yiyang-GUO-EVRP-TW/reference/py-ga-VRPTW"", ""revision"": ""8e005caaaf6471a4505588d88c7f0f5e0d4ebffa""}}",stage03.0_measurement_attempt05,,preserve;see stage03_legacy_path_map.csv,legacy,legacy_json_or_jsonl,none,legacy,legacy_unknown,,,26491906,legacy_compatible
stage03.1,screening,stage03.1_screening_attempt03,attempt03,stage03.1_screening_attempt03,stage031_cheap_screening_smoke03,smoke,rc105C5,2015,"[""c101C5"", ""r105C5"", ""rc105C5"", ""c101_21"", ""r101_21"", ""rc101_21""]","[2014, 2015, 2016]",trace,verified_legacy,results/stage03.1_screening_attempt03/rc105C5/2015/stage03.1_screening_attempt03_trace_rc105C5_2015.json,results/stage031-cheap-screening_smoke03/traces/rc105C5-alns_stage02_constraint_guided-2015.json,feasible,,pass,READY_FOR_STAGE031_FORMAL_MEASUREMENT,not_applicable,pass,fb6a28cd52dddb0bb95402f8dae7d1ab1a7cf8c8e371c1b70ef44d4170667844,raw_manifest,5f2508b8a49aa0d538c56e3bf2c45ad03534e7d9eec3cc935b786488d2655c61,e1840ebd3945bac63a1a1db5e13438dc2d1aad0b75fff316f3a4685d50583551,2ccfba6c447fa43a994934690acb67c7355ca04d232394907ed6938bc362c643,a82c77642995b1cd05f554c8cce695313cec78efa8b454d539ac68949e72659c,b226b97e0e67288aaaf85726ad855df71cb81406685c57c8e8c40cd8996aa0da,9967f1a92bba2e3d0c583e4a912afa80e9731f02,False,"{""VRP-EVRP-Project-Hub"": {""dirty"": false, ""path"": ""/Users/guoyiyang/Documents/GitHub/FURP-2026-Yiyang-GUO-EVRP-TW/reference/VRP-EVRP-Project-Hub"", ""revision"": ""e3a890065105f978187e532642c4442522215e02""}, ""py-ga-VRPTW"": {""dirty"": false, ""path"": ""/Users/guoyiyang/Documents/GitHub/FURP-2026-Yiyang-GUO-EVRP-TW/reference/py-ga-VRPTW"", ""revision"": ""8e005caaaf6471a4505588d88c7f0f5e0d4ebffa""}}",stage03.0_measurement_attempt05,,preserve;see stage03_legacy_path_map.csv,legacy,legacy_json_or_jsonl,none,legacy,legacy_unknown,,,26486720,legacy_compatible
stage03.1,screening,stage03.1_screening_attempt03,attempt03,stage03.1_screening_attempt03,stage031_cheap_screening_smoke03,smoke,rc105C5,2016,"[""c101C5"", ""r105C5"", ""rc105C5"", ""c101_21"", ""r101_21"", ""rc101_21""]","[2014, 2015, 2016]",trace,verified_legacy,results/stage03.1_screening_attempt03/rc105C5/2016/stage03.1_screening_attempt03_trace_rc105C5_2016.json,results/stage031-cheap-screening_smoke03/traces/rc105C5-alns_stage02_constraint_guided-2016.json,feasible,,pass,READY_FOR_STAGE031_FORMAL_MEASUREMENT,not_applicable,pass,9888fbcf01cf86db0ad8fc06fe6a3096520d4793c09a6858a7303499c85f90ce,raw_manifest,5f2508b8a49aa0d538c56e3bf2c45ad03534e7d9eec3cc935b786488d2655c61,e1840ebd3945bac63a1a1db5e13438dc2d1aad0b75fff316f3a4685d50583551,2ccfba6c447fa43a994934690acb67c7355ca04d232394907ed6938bc362c643,295f4cba99f127eac17fa315437333aaabd8ef3c43d8348a56ab24c268d1c2c6,b226b97e0e67288aaaf85726ad855df71cb81406685c57c8e8c40cd8996aa0da,9967f1a92bba2e3d0c583e4a912afa80e9731f02,False,"{""VRP-EVRP-Project-Hub"": {""dirty"": false, ""path"": ""/Users/guoyiyang/Documents/GitHub/FURP-2026-Yiyang-GUO-EVRP-TW/reference/VRP-EVRP-Project-Hub"", ""revision"": ""e3a890065105f978187e532642c4442522215e02""}, ""py-ga-VRPTW"": {""dirty"": false, ""path"": ""/Users/guoyiyang/Documents/GitHub/FURP-2026-Yiyang-GUO-EVRP-TW/reference/py-ga-VRPTW"", ""revision"": ""8e005caaaf6471a4505588d88c7f0f5e0d4ebffa""}}",stage03.0_measurement_attempt05,,preserve;see stage03_legacy_path_map.csv,legacy,legacy_json_or_jsonl,none,legacy,legacy_unknown,,,26513587,legacy_compatible
stage03.1,screening,stage03.1_screening_attempt03,attempt03,stage03.1_screening_attempt03,stage031_cheap_screening_smoke03,smoke,__all__,__all__,"[""c101C5"", ""r105C5"", ""rc105C5"", ""c101_21"", ""r101_21"", ""rc101_21""]","[2014, 2015, 2016]",baseline_comparison,published_after_review,experiments/summaries/stage03.1_screening_attempt03_baseline_comparison.csv,experiments/summaries/stage031_cheap_screening_smoke03_baseline_comparison.csv,feasible,,pass,READY_FOR_STAGE031_FORMAL_MEASUREMENT,not_applicable,pass,ea4a50a8b173a2294f7ea634ec304865aa8e11c506742f0c891f463ce547f1c6,tracked_summary,5f2508b8a49aa0d538c56e3bf2c45ad03534e7d9eec3cc935b786488d2655c61,e1840ebd3945bac63a1a1db5e13438dc2d1aad0b75fff316f3a4685d50583551,,,b226b97e0e67288aaaf85726ad855df71cb81406685c57c8e8c40cd8996aa0da,9967f1a92bba2e3d0c583e4a912afa80e9731f02,False,"{""VRP-EVRP-Project-Hub"": {""dirty"": false, ""path"": ""/Users/guoyiyang/Documents/GitHub/FURP-2026-Yiyang-GUO-EVRP-TW/reference/VRP-EVRP-Project-Hub"", ""revision"": ""e3a890065105f978187e532642c4442522215e02""}, ""py-ga-VRPTW"": {""dirty"": false, ""path"": ""/Users/guoyiyang/Documents/GitHub/FURP-2026-Yiyang-GUO-EVRP-TW/reference/py-ga-VRPTW"", ""revision"": ""8e005caaaf6471a4505588d88c7f0f5e0d4ebffa""}}",stage03.0_measurement_attempt05,,preserve;canonical summary name is registry-only,legacy,csv_summary,none,diagnostic,complete,,18,4454,legacy_compatible
stage03.1,screening,stage03.1_screening_attempt03,attempt03,stage03.1_screening_attempt03,stage031_cheap_screening_smoke03,smoke,__all__,__all__,"[""c101C5"", ""r105C5"", ""rc105C5"", ""c101_21"", ""r101_21"", ""rc101_21""]","[2014, 2015, 2016]",deadline_report,published_after_review,experiments/summaries/stage03.1_screening_attempt03_deadline_report.csv,experiments/summaries/stage031_cheap_screening_smoke03_deadline_report.csv,feasible,,pass,READY_FOR_STAGE031_FORMAL_MEASUREMENT,not_applicable,pass,517669b1187c3f1c8dbdb4def660a6914ee5daebd3c2f16c5beafadfb723cd2a,tracked_summary,5f2508b8a49aa0d538c56e3bf2c45ad03534e7d9eec3cc935b786488d2655c61,e1840ebd3945bac63a1a1db5e13438dc2d1aad0b75fff316f3a4685d50583551,,,b226b97e0e67288aaaf85726ad855df71cb81406685c57c8e8c40cd8996aa0da,9967f1a92bba2e3d0c583e4a912afa80e9731f02,False,"{""VRP-EVRP-Project-Hub"": {""dirty"": false, ""path"": ""/Users/guoyiyang/Documents/GitHub/FURP-2026-Yiyang-GUO-EVRP-TW/reference/VRP-EVRP-Project-Hub"", ""revision"": ""e3a890065105f978187e532642c4442522215e02""}, ""py-ga-VRPTW"": {""dirty"": false, ""path"": ""/Users/guoyiyang/Documents/GitHub/FURP-2026-Yiyang-GUO-EVRP-TW/reference/py-ga-VRPTW"", ""revision"": ""8e005caaaf6471a4505588d88c7f0f5e0d4ebffa""}}",stage03.0_measurement_attempt05,,preserve;canonical summary name is registry-only,legacy,csv_summary,none,diagnostic,complete,,18,1751,legacy_compatible
stage03.1,screening,stage03.1_screening_attempt03,attempt03,stage03.1_screening_attempt03,stage031_cheap_screening_smoke03,smoke,__all__,__all__,"[""c101C5"", ""r105C5"", ""rc105C5"", ""c101_21"", ""r101_21"", ""rc101_21""]","[2014, 2015, 2016]",per_run_results,published_after_review,experiments/summaries/stage03.1_screening_attempt03_per_run_results.csv,experiments/summaries/stage031_cheap_screening_smoke03_per_run_results.csv,feasible,,pass,READY_FOR_STAGE031_FORMAL_MEASUREMENT,not_applicable,pass,01bd5f5b4783f95cd16cf8868658f9e51dd3202cbb710cfbbb93b8ba7228ce20,tracked_summary,5f2508b8a49aa0d538c56e3bf2c45ad03534e7d9eec3cc935b786488d2655c61,e1840ebd3945bac63a1a1db5e13438dc2d1aad0b75fff316f3a4685d50583551,,,b226b97e0e67288aaaf85726ad855df71cb81406685c57c8e8c40cd8996aa0da,9967f1a92bba2e3d0c583e4a912afa80e9731f02,False,"{""VRP-EVRP-Project-Hub"": {""dirty"": false, ""path"": ""/Users/guoyiyang/Documents/GitHub/FURP-2026-Yiyang-GUO-EVRP-TW/reference/VRP-EVRP-Project-Hub"", ""revision"": ""e3a890065105f978187e532642c4442522215e02""}, ""py-ga-VRPTW"": {""dirty"": false, ""path"": ""/Users/guoyiyang/Documents/GitHub/FURP-2026-Yiyang-GUO-EVRP-TW/reference/py-ga-VRPTW"", ""revision"": ""8e005caaaf6471a4505588d88c7f0f5e0d4ebffa""}}",stage03.0_measurement_attempt05,,preserve;canonical summary name is registry-only,legacy,csv_summary,none,diagnostic,complete,,18,25359,legacy_compatible
stage03.1,screening,stage03.1_screening_attempt03,attempt03,stage03.1_screening_attempt03,stage031_cheap_screening_smoke03,smoke,__all__,__all__,"[""c101C5"", ""r105C5"", ""rc105C5"", ""c101_21"", ""r101_21"", ""rc101_21""]","[2014, 2015, 2016]",review_findings,published_after_review,experiments/summaries/stage03.1_screening_attempt03_review_findings.csv,experiments/summaries/stage031_cheap_screening_smoke03_review_findings.csv,feasible,,pass,READY_FOR_STAGE031_FORMAL_MEASUREMENT,not_applicable,pass,6f1b14f12371216e465042a17b1194fba89ea57e1a483621360b98090e5d0dcb,tracked_summary,5f2508b8a49aa0d538c56e3bf2c45ad03534e7d9eec3cc935b786488d2655c61,e1840ebd3945bac63a1a1db5e13438dc2d1aad0b75fff316f3a4685d50583551,,,b226b97e0e67288aaaf85726ad855df71cb81406685c57c8e8c40cd8996aa0da,9967f1a92bba2e3d0c583e4a912afa80e9731f02,False,"{""VRP-EVRP-Project-Hub"": {""dirty"": false, ""path"": ""/Users/guoyiyang/Documents/GitHub/FURP-2026-Yiyang-GUO-EVRP-TW/reference/VRP-EVRP-Project-Hub"", ""revision"": ""e3a890065105f978187e532642c4442522215e02""}, ""py-ga-VRPTW"": {""dirty"": false, ""path"": ""/Users/guoyiyang/Documents/GitHub/FURP-2026-Yiyang-GUO-EVRP-TW/reference/py-ga-VRPTW"", ""revision"": ""8e005caaaf6471a4505588d88c7f0f5e0d4ebffa""}}",stage03.0_measurement_attempt05,,preserve;canonical summary name is registry-only,legacy,csv_summary,none,diagnostic,complete,,13,36604,legacy_compatible
stage03.1,screening,stage03.1_screening_attempt03,attempt03,stage03.1_screening_attempt03,stage031_cheap_screening_smoke03,smoke,__all__,__all__,"[""c101C5"", ""r105C5"", ""rc105C5"", ""c101_21"", ""r101_21"", ""rc101_21""]","[2014, 2015, 2016]",manifest,published_after_review,experiments/summaries/stage03.1_screening_attempt03_manifest.json,experiments/summaries/stage031_cheap_screening_smoke03_review_manifest.json,feasible,,pass,READY_FOR_STAGE031_FORMAL_MEASUREMENT,not_applicable,pass,50eb850b7489046a0ac9ddd8568a1dd1612882c4d43f0b805d59eb37309acf3b,tracked_summary,5f2508b8a49aa0d538c56e3bf2c45ad03534e7d9eec3cc935b786488d2655c61,e1840ebd3945bac63a1a1db5e13438dc2d1aad0b75fff316f3a4685d50583551,,,b226b97e0e67288aaaf85726ad855df71cb81406685c57c8e8c40cd8996aa0da,9967f1a92bba2e3d0c583e4a912afa80e9731f02,False,"{""VRP-EVRP-Project-Hub"": {""dirty"": false, ""path"": ""/Users/guoyiyang/Documents/GitHub/FURP-2026-Yiyang-GUO-EVRP-TW/reference/VRP-EVRP-Project-Hub"", ""revision"": ""e3a890065105f978187e532642c4442522215e02""}, ""py-ga-VRPTW"": {""dirty"": false, ""path"": ""/Users/guoyiyang/Documents/GitHub/FURP-2026-Yiyang-GUO-EVRP-TW/reference/py-ga-VRPTW"", ""revision"": ""8e005caaaf6471a4505588d88c7f0f5e0d4ebffa""}}",stage03.0_measurement_attempt05,,preserve;canonical summary name is registry-only,legacy,csv_summary,none,diagnostic,complete,,20,1425,legacy_compatible
stage03.1,screening,stage03.1_screening_attempt03,attempt03,stage03.1_screening_attempt03,stage031_cheap_screening_smoke03,smoke,__all__,__all__,"[""c101C5"", ""r105C5"", ""rc105C5"", ""c101_21"", ""r101_21"", ""rc101_21""]","[2014, 2015, 2016]",review_report,published_after_review,experiments/summaries/stage03.1_screening_attempt03_review_report.md,experiments/summaries/stage031_cheap_screening_smoke03_review_report.md,feasible,,pass,READY_FOR_STAGE031_FORMAL_MEASUREMENT,not_applicable,pass,bbd1a3adba6a31e04f5379abd151a828087fb3f04a0fee1c967e912bbf96cef2,tracked_summary,5f2508b8a49aa0d538c56e3bf2c45ad03534e7d9eec3cc935b786488d2655c61,e1840ebd3945bac63a1a1db5e13438dc2d1aad0b75fff316f3a4685d50583551,,,b226b97e0e67288aaaf85726ad855df71cb81406685c57c8e8c40cd8996aa0da,9967f1a92bba2e3d0c583e4a912afa80e9731f02,False,"{""VRP-EVRP-Project-Hub"": {""dirty"": false, ""path"": ""/Users/guoyiyang/Documents/GitHub/FURP-2026-Yiyang-GUO-EVRP-TW/reference/VRP-EVRP-Project-Hub"", ""revision"": ""e3a890065105f978187e532642c4442522215e02""}, ""py-ga-VRPTW"": {""dirty"": false, ""path"": ""/Users/guoyiyang/Documents/GitHub/FURP-2026-Yiyang-GUO-EVRP-TW/reference/py-ga-VRPTW"", ""revision"": ""8e005caaaf6471a4505588d88c7f0f5e0d4ebffa""}}",stage03.0_measurement_attempt05,,preserve;canonical summary name is registry-only,legacy,csv_summary,none,diagnostic,complete,,26,34356,legacy_compatible
stage03.1,screening,stage03.1_screening_attempt03,attempt03,stage03.1_screening_attempt03,stage031_cheap_screening_smoke03,smoke,__all__,__all__,"[""c101C5"", ""r105C5"", ""rc105C5"", ""c101_21"", ""r101_21"", ""rc101_21""]","[2014, 2015, 2016]",screening_reason_statistics,published_after_review,experiments/summaries/stage03.1_screening_attempt03_screening_reason_statistics.csv,experiments/summaries/stage031_cheap_screening_smoke03_screening_reason_statistics.csv,feasible,,pass,READY_FOR_STAGE031_FORMAL_MEASUREMENT,not_applicable,pass,b1b02bb187e3396568ea0dbe521b0bc177ac32ad58c6a014fc977723ac5172f7,tracked_summary,5f2508b8a49aa0d538c56e3bf2c45ad03534e7d9eec3cc935b786488d2655c61,e1840ebd3945bac63a1a1db5e13438dc2d1aad0b75fff316f3a4685d50583551,,,b226b97e0e67288aaaf85726ad855df71cb81406685c57c8e8c40cd8996aa0da,9967f1a92bba2e3d0c583e4a912afa80e9731f02,False,"{""VRP-EVRP-Project-Hub"": {""dirty"": false, ""path"": ""/Users/guoyiyang/Documents/GitHub/FURP-2026-Yiyang-GUO-EVRP-TW/reference/VRP-EVRP-Project-Hub"", ""revision"": ""e3a890065105f978187e532642c4442522215e02""}, ""py-ga-VRPTW"": {""dirty"": false, ""path"": ""/Users/guoyiyang/Documents/GitHub/FURP-2026-Yiyang-GUO-EVRP-TW/reference/py-ga-VRPTW"", ""revision"": ""8e005caaaf6471a4505588d88c7f0f5e0d4ebffa""}}",stage03.0_measurement_attempt05,,preserve;canonical summary name is registry-only,legacy,csv_summary,none,diagnostic,complete,,45,3344,legacy_compatible
stage03.1,screening,stage03.1_screening_attempt03,attempt03,stage03.1_screening_attempt03,stage031_cheap_screening_smoke03,smoke,__all__,__all__,"[""c101C5"", ""r105C5"", ""rc105C5"", ""c101_21"", ""r101_21"", ""rc101_21""]","[2014, 2015, 2016]",stage03_formal_comparison,published_after_review,experiments/summaries/stage03.1_screening_attempt03_stage03_formal_comparison.csv,experiments/summaries/stage031_cheap_screening_smoke03_stage03_formal_comparison.csv,feasible,,pass,READY_FOR_STAGE031_FORMAL_MEASUREMENT,not_applicable,pass,745c90617fe2879fd871969ade52cce1e0eb033ff7e4a78e44698e46911de089,tracked_summary,5f2508b8a49aa0d538c56e3bf2c45ad03534e7d9eec3cc935b786488d2655c61,e1840ebd3945bac63a1a1db5e13438dc2d1aad0b75fff316f3a4685d50583551,,,b226b97e0e67288aaaf85726ad855df71cb81406685c57c8e8c40cd8996aa0da,9967f1a92bba2e3d0c583e4a912afa80e9731f02,False,"{""VRP-EVRP-Project-Hub"": {""dirty"": false, ""path"": ""/Users/guoyiyang/Documents/GitHub/FURP-2026-Yiyang-GUO-EVRP-TW/reference/VRP-EVRP-Project-Hub"", ""revision"": ""e3a890065105f978187e532642c4442522215e02""}, ""py-ga-VRPTW"": {""dirty"": false, ""path"": ""/Users/guoyiyang/Documents/GitHub/FURP-2026-Yiyang-GUO-EVRP-TW/reference/py-ga-VRPTW"", ""revision"": ""8e005caaaf6471a4505588d88c7f0f5e0d4ebffa""}}",stage03.0_measurement_attempt05,,preserve;canonical summary name is registry-only,legacy,csv_summary,none,diagnostic,complete,,18,4080,legacy_compatible
stage03.1,screening,stage03.1_screening_attempt03,attempt03,stage03.1_screening_attempt03,stage031_cheap_screening_smoke03,smoke,__all__,__all__,"[""c101C5"", ""r105C5"", ""rc105C5"", ""c101_21"", ""r101_21"", ""rc101_21""]","[2014, 2015, 2016]",stage03_readiness,published_after_review,experiments/summaries/stage03.1_screening_attempt03_stage03_readiness.csv,experiments/summaries/stage031_cheap_screening_smoke03_stage03_readiness.csv,feasible,,pass,READY_FOR_STAGE031_FORMAL_MEASUREMENT,not_applicable,pass,4d8a8c886b90d1d2fda7f370fd2f505e28d938728194637f9663934cd862b0d4,tracked_summary,5f2508b8a49aa0d538c56e3bf2c45ad03534e7d9eec3cc935b786488d2655c61,e1840ebd3945bac63a1a1db5e13438dc2d1aad0b75fff316f3a4685d50583551,,,b226b97e0e67288aaaf85726ad855df71cb81406685c57c8e8c40cd8996aa0da,9967f1a92bba2e3d0c583e4a912afa80e9731f02,False,"{""VRP-EVRP-Project-Hub"": {""dirty"": false, ""path"": ""/Users/guoyiyang/Documents/GitHub/FURP-2026-Yiyang-GUO-EVRP-TW/reference/VRP-EVRP-Project-Hub"", ""revision"": ""e3a890065105f978187e532642c4442522215e02""}, ""py-ga-VRPTW"": {""dirty"": false, ""path"": ""/Users/guoyiyang/Documents/GitHub/FURP-2026-Yiyang-GUO-EVRP-TW/reference/py-ga-VRPTW"", ""revision"": ""8e005caaaf6471a4505588d88c7f0f5e0d4ebffa""}}",stage03.0_measurement_attempt05,,preserve;canonical summary name is registry-only,legacy,csv_summary,none,diagnostic,complete,,14,36364,legacy_compatible
stage03.1,screening,stage03.1_screening_attempt03,attempt03,stage03.1_screening_attempt03,stage031_cheap_screening_smoke03,smoke,__all__,__all__,"[""c101C5"", ""r105C5"", ""rc105C5"", ""c101_21"", ""r101_21"", ""rc101_21""]","[2014, 2015, 2016]",summary_results,published_after_review,experiments/summaries/stage03.1_screening_attempt03_summary_results.csv,experiments/summaries/stage031_cheap_screening_smoke03_summary_results.csv,feasible,,pass,READY_FOR_STAGE031_FORMAL_MEASUREMENT,not_applicable,pass,61e72227f3c24ecd57cd1999431c778f7e928b227ec5a72d3f721624e2788857,tracked_summary,5f2508b8a49aa0d538c56e3bf2c45ad03534e7d9eec3cc935b786488d2655c61,e1840ebd3945bac63a1a1db5e13438dc2d1aad0b75fff316f3a4685d50583551,,,b226b97e0e67288aaaf85726ad855df71cb81406685c57c8e8c40cd8996aa0da,9967f1a92bba2e3d0c583e4a912afa80e9731f02,False,"{""VRP-EVRP-Project-Hub"": {""dirty"": false, ""path"": ""/Users/guoyiyang/Documents/GitHub/FURP-2026-Yiyang-GUO-EVRP-TW/reference/VRP-EVRP-Project-Hub"", ""revision"": ""e3a890065105f978187e532642c4442522215e02""}, ""py-ga-VRPTW"": {""dirty"": false, ""path"": ""/Users/guoyiyang/Documents/GitHub/FURP-2026-Yiyang-GUO-EVRP-TW/reference/py-ga-VRPTW"", ""revision"": ""8e005caaaf6471a4505588d88c7f0f5e0d4ebffa""}}",stage03.0_measurement_attempt05,,preserve;canonical summary name is registry-only,legacy,csv_summary,none,diagnostic,complete,,6,1990,legacy_compatible
stage03.1,screening,stage03.1_screening_attempt03,attempt03,stage03.1_screening_attempt03,stage031_cheap_screening_smoke03,smoke,__all__,__all__,"[""c101C5"", ""r105C5"", ""rc105C5"", ""c101_21"", ""r101_21"", ""rc101_21""]","[2014, 2015, 2016]",trace_reconciliation,published_after_review,experiments/summaries/stage03.1_screening_attempt03_trace_reconciliation.csv,experiments/summaries/stage031_cheap_screening_smoke03_trace_reconciliation.csv,feasible,,pass,READY_FOR_STAGE031_FORMAL_MEASUREMENT,not_applicable,pass,3cd92077d23d7763c711b8356f8cd3aa14b0793298e52fc04a4625c8984aa3b0,tracked_summary,5f2508b8a49aa0d538c56e3bf2c45ad03534e7d9eec3cc935b786488d2655c61,e1840ebd3945bac63a1a1db5e13438dc2d1aad0b75fff316f3a4685d50583551,,,b226b97e0e67288aaaf85726ad855df71cb81406685c57c8e8c40cd8996aa0da,9967f1a92bba2e3d0c583e4a912afa80e9731f02,False,"{""VRP-EVRP-Project-Hub"": {""dirty"": false, ""path"": ""/Users/guoyiyang/Documents/GitHub/FURP-2026-Yiyang-GUO-EVRP-TW/reference/VRP-EVRP-Project-Hub"", ""revision"": ""e3a890065105f978187e532642c4442522215e02""}, ""py-ga-VRPTW"": {""dirty"": false, ""path"": ""/Users/guoyiyang/Documents/GitHub/FURP-2026-Yiyang-GUO-EVRP-TW/reference/py-ga-VRPTW"", ""revision"": ""8e005caaaf6471a4505588d88c7f0f5e0d4ebffa""}}",stage03.0_measurement_attempt05,,preserve;canonical summary name is registry-only,legacy,csv_summary,none,diagnostic,complete,,18,15655,legacy_compatible
stage03.1,screening,stage03.1_screening_attempt04,attempt04,stage03.1_screening_attempt04,stage031_cheap_screening_formal01,formal,__all__,__all__,"[""c101C5"", ""r105C5"", ""rc105C5"", ""c104C10"", ""r103C10"", ""rc102C10"", ""c106C15"", ""r105C15"", ""rc103C15"", ""c101_21"", ""r101_21"", ""rc101_21""]","[2014, 2015, 2016]",environment,verified_legacy,results/stage03.1_screening_attempt04/control/stage03.1_screening_attempt04_environment.json,results/stage031-cheap-screening_formal01/environment.json,feasible,,pass,READY_FOR_STAGE03_2,READY_FOR_STAGE03_2,pass,4bd3a3820b10554a854e4ac349c1c21a06817dbecbcfaed782abe662a093b5b7,raw_manifest,5f2508b8a49aa0d538c56e3bf2c45ad03534e7d9eec3cc935b786488d2655c61,e1840ebd3945bac63a1a1db5e13438dc2d1aad0b75fff316f3a4685d50583551,,,b226b97e0e67288aaaf85726ad855df71cb81406685c57c8e8c40cd8996aa0da,0c7b67d6f0b038d803ac018fe78d827ff85f93da,False,"{""VRP-EVRP-Project-Hub"": {""dirty"": false, ""path"": ""/Users/guoyiyang/Documents/GitHub/FURP-2026-Yiyang-GUO-EVRP-TW/reference/VRP-EVRP-Project-Hub"", ""revision"": ""e3a890065105f978187e532642c4442522215e02""}, ""py-ga-VRPTW"": {""dirty"": false, ""path"": ""/Users/guoyiyang/Documents/GitHub/FURP-2026-Yiyang-GUO-EVRP-TW/reference/py-ga-VRPTW"", ""revision"": ""8e005caaaf6471a4505588d88c7f0f5e0d4ebffa""}}",stage03.0_measurement_attempt05,,preserve;see stage03_legacy_path_map.csv,legacy,legacy_json_or_jsonl,none,legacy,legacy_unknown,,,12770,legacy_compatible
stage03.1,screening,stage03.1_screening_attempt04,attempt04,stage03.1_screening_attempt04,stage031_cheap_screening_formal01,formal,c101C5,2014,"[""c101C5"", ""r105C5"", ""rc105C5"", ""c104C10"", ""r103C10"", ""rc102C10"", ""c106C15"", ""r105C15"", ""rc103C15"", ""c101_21"", ""r101_21"", ""rc101_21""]","[2014, 2015, 2016]",environment,verified_legacy,results/stage03.1_screening_attempt04/c101C5/2014/stage03.1_screening_attempt04_environment_c101C5_2014.json,results/stage031-cheap-screening_formal01/environments/c101C5-alns_stage02_constraint_guided-2014.json,feasible,,pass,READY_FOR_STAGE03_2,READY_FOR_STAGE03_2,pass,1ce6a2eab7e4a722c86b266617b7adf82ce38eb1dfa8a5b288ff8fbb8336b20e,raw_manifest,5f2508b8a49aa0d538c56e3bf2c45ad03534e7d9eec3cc935b786488d2655c61,e1840ebd3945bac63a1a1db5e13438dc2d1aad0b75fff316f3a4685d50583551,8612d6d9aad051776097a5e50c7408f39352b8107b0639d58e5eda713f9ff876,da044124afa7514bbc2885e349a65dafc16fc3d038cd3acd791200fb5c6567cf,b226b97e0e67288aaaf85726ad855df71cb81406685c57c8e8c40cd8996aa0da,0c7b67d6f0b038d803ac018fe78d827ff85f93da,False,"{""VRP-EVRP-Project-Hub"": {""dirty"": false, ""path"": ""/Users/guoyiyang/Documents/GitHub/FURP-2026-Yiyang-GUO-EVRP-TW/reference/VRP-EVRP-Project-Hub"", ""revision"": ""e3a890065105f978187e532642c4442522215e02""}, ""py-ga-VRPTW"": {""dirty"": false, ""path"": ""/Users/guoyiyang/Documents/GitHub/FURP-2026-Yiyang-GUO-EVRP-TW/reference/py-ga-VRPTW"", ""revision"": ""8e005caaaf6471a4505588d88c7f0f5e0d4ebffa""}}",stage03.0_measurement_attempt05,,preserve;see stage03_legacy_path_map.csv,legacy,legacy_json_or_jsonl,none,legacy,legacy_unknown,,,2719,legacy_compatible
stage03.1,screening,stage03.1_screening_attempt04,attempt04,stage03.1_screening_attempt04,stage031_cheap_screening_formal01,formal,c101C5,2015,"[""c101C5"", ""r105C5"", ""rc105C5"", ""c104C10"", ""r103C10"", ""rc102C10"", ""c106C15"", ""r105C15"", ""rc103C15"", ""c101_21"", ""r101_21"", ""rc101_21""]","[2014, 2015, 2016]",environment,verified_legacy,results/stage03.1_screening_attempt04/c101C5/2015/stage03.1_screening_attempt04_environment_c101C5_2015.json,results/stage031-cheap-screening_formal01/environments/c101C5-alns_stage02_constraint_guided-2015.json,feasible,,pass,READY_FOR_STAGE03_2,READY_FOR_STAGE03_2,pass,3978a9fe1c565006c664105960587635f7f90b5d73b9b1140996568873a95c10,raw_manifest,5f2508b8a49aa0d538c56e3bf2c45ad03534e7d9eec3cc935b786488d2655c61,e1840ebd3945bac63a1a1db5e13438dc2d1aad0b75fff316f3a4685d50583551,8612d6d9aad051776097a5e50c7408f39352b8107b0639d58e5eda713f9ff876,ac5ace8fa98be286d6be19169954e0828d934cf01e35326d67011fa23f2300cb,b226b97e0e67288aaaf85726ad855df71cb81406685c57c8e8c40cd8996aa0da,0c7b67d6f0b038d803ac018fe78d827ff85f93da,False,"{""VRP-EVRP-Project-Hub"": {""dirty"": false, ""path"": ""/Users/guoyiyang/Documents/GitHub/FURP-2026-Yiyang-GUO-EVRP-TW/reference/VRP-EVRP-Project-Hub"", ""revision"": ""e3a890065105f978187e532642c4442522215e02""}, ""py-ga-VRPTW"": {""dirty"": false, ""path"": ""/Users/guoyiyang/Documents/GitHub/FURP-2026-Yiyang-GUO-EVRP-TW/reference/py-ga-VRPTW"", ""revision"": ""8e005caaaf6471a4505588d88c7f0f5e0d4ebffa""}}",stage03.0_measurement_attempt05,,preserve;see stage03_legacy_path_map.csv,legacy,legacy_json_or_jsonl,none,legacy,legacy_unknown,,,2719,legacy_compatible
stage03.1,screening,stage03.1_screening_attempt04,attempt04,stage03.1_screening_attempt04,stage031_cheap_screening_formal01,formal,c101C5,2016,"[""c101C5"", ""r105C5"", ""rc105C5"", ""c104C10"", ""r103C10"", ""rc102C10"", ""c106C15"", ""r105C15"", ""rc103C15"", ""c101_21"", ""r101_21"", ""rc101_21""]","[2014, 2015, 2016]",environment,verified_legacy,results/stage03.1_screening_attempt04/c101C5/2016/stage03.1_screening_attempt04_environment_c101C5_2016.json,results/stage031-cheap-screening_formal01/environments/c101C5-alns_stage02_constraint_guided-2016.json,feasible,,pass,READY_FOR_STAGE03_2,READY_FOR_STAGE03_2,pass,81df0d5cb4be98dd4cac79a245b774ffaa2152487b7205508efa529d5c166418,raw_manifest,5f2508b8a49aa0d538c56e3bf2c45ad03534e7d9eec3cc935b786488d2655c61,e1840ebd3945bac63a1a1db5e13438dc2d1aad0b75fff316f3a4685d50583551,8612d6d9aad051776097a5e50c7408f39352b8107b0639d58e5eda713f9ff876,3365da4477cf2e4fa32be244a86d1e6e632c486bd8fa5024a6233e7c75ab6dbc,b226b97e0e67288aaaf85726ad855df71cb81406685c57c8e8c40cd8996aa0da,0c7b67d6f0b038d803ac018fe78d827ff85f93da,False,"{""VRP-EVRP-Project-Hub"": {""dirty"": false, ""path"": ""/Users/guoyiyang/Documents/GitHub/FURP-2026-Yiyang-GUO-EVRP-TW/reference/VRP-EVRP-Project-Hub"", ""revision"": ""e3a890065105f978187e532642c4442522215e02""}, ""py-ga-VRPTW"": {""dirty"": false, ""path"": ""/Users/guoyiyang/Documents/GitHub/FURP-2026-Yiyang-GUO-EVRP-TW/reference/py-ga-VRPTW"", ""revision"": ""8e005caaaf6471a4505588d88c7f0f5e0d4ebffa""}}",stage03.0_measurement_attempt05,,preserve;see stage03_legacy_path_map.csv,legacy,legacy_json_or_jsonl,none,legacy,legacy_unknown,,,2719,legacy_compatible
stage03.1,screening,stage03.1_screening_attempt04,attempt04,stage03.1_screening_attempt04,stage031_cheap_screening_formal01,formal,c101_21,2014,"[""c101C5"", ""r105C5"", ""rc105C5"", ""c104C10"", ""r103C10"", ""rc102C10"", ""c106C15"", ""r105C15"", ""rc103C15"", ""c101_21"", ""r101_21"", ""rc101_21""]","[2014, 2015, 2016]",environment,verified_legacy,results/stage03.1_screening_attempt04/c101_21/2014/stage03.1_screening_attempt04_environment_c101_21_2014.json,results/stage031-cheap-screening_formal01/environments/c101_21-alns_stage02_constraint_guided-2014.json,feasible,,pass,READY_FOR_STAGE03_2,READY_FOR_STAGE03_2,pass,21fadbc7c5544986b243200eb3acc6c6ddadc86fcdb60ead101e610bd92a78da,raw_manifest,5f2508b8a49aa0d538c56e3bf2c45ad03534e7d9eec3cc935b786488d2655c61,e1840ebd3945bac63a1a1db5e13438dc2d1aad0b75fff316f3a4685d50583551,c5cda6ca63a7d518902cf4b02d98b4aa0f373aaa0658d5c666d1c46d38871cb9,964812081f71eaa2944639f49e974839ff1d1889af08b4667fc226bfba80eb52,b226b97e0e67288aaaf85726ad855df71cb81406685c57c8e8c40cd8996aa0da,0c7b67d6f0b038d803ac018fe78d827ff85f93da,False,"{""VRP-EVRP-Project-Hub"": {""dirty"": false, ""path"": ""/Users/guoyiyang/Documents/GitHub/FURP-2026-Yiyang-GUO-EVRP-TW/reference/VRP-EVRP-Project-Hub"", ""revision"": ""e3a890065105f978187e532642c4442522215e02""}, ""py-ga-VRPTW"": {""dirty"": false, ""path"": ""/Users/guoyiyang/Documents/GitHub/FURP-2026-Yiyang-GUO-EVRP-TW/reference/py-ga-VRPTW"", ""revision"": ""8e005caaaf6471a4505588d88c7f0f5e0d4ebffa""}}",stage03.0_measurement_attempt05,,preserve;see stage03_legacy_path_map.csv,legacy,legacy_json_or_jsonl,none,legacy,legacy_unknown,,,2720,legacy_compatible
stage03.1,screening,stage03.1_screening_attempt04,attempt04,stage03.1_screening_attempt04,stage031_cheap_screening_formal01,formal,c101_21,2015,"[""c101C5"", ""r105C5"", ""rc105C5"", ""c104C10"", ""r103C10"", ""rc102C10"", ""c106C15"", ""r105C15"", ""rc103C15"", ""c101_21"", ""r101_21"", ""rc101_21""]","[2014, 2015, 2016]",environment,verified_legacy,results/stage03.1_screening_attempt04/c101_21/2015/stage03.1_screening_attempt04_environment_c101_21_2015.json,results/stage031-cheap-screening_formal01/environments/c101_21-alns_stage02_constraint_guided-2015.json,feasible,,pass,READY_FOR_STAGE03_2,READY_FOR_STAGE03_2,pass,26a99637af2c3c3dfbb624f1e6b8939750978d0c18f9c52581230198443ef6ce,raw_manifest,5f2508b8a49aa0d538c56e3bf2c45ad03534e7d9eec3cc935b786488d2655c61,e1840ebd3945bac63a1a1db5e13438dc2d1aad0b75fff316f3a4685d50583551,c5cda6ca63a7d518902cf4b02d98b4aa0f373aaa0658d5c666d1c46d38871cb9,6491a0af6222a2835b2d8fdea4420243781fd0013d7ddd6756ffa062e5c4a8f6,b226b97e0e67288aaaf85726ad855df71cb81406685c57c8e8c40cd8996aa0da,0c7b67d6f0b038d803ac018fe78d827ff85f93da,False,"{""VRP-EVRP-Project-Hub"": {""dirty"": false, ""path"": ""/Users/guoyiyang/Documents/GitHub/FURP-2026-Yiyang-GUO-EVRP-TW/reference/VRP-EVRP-Project-Hub"", ""revision"": ""e3a890065105f978187e532642c4442522215e02""}, ""py-ga-VRPTW"": {""dirty"": false, ""path"": ""/Users/guoyiyang/Documents/GitHub/FURP-2026-Yiyang-GUO-EVRP-TW/reference/py-ga-VRPTW"", ""revision"": ""8e005caaaf6471a4505588d88c7f0f5e0d4ebffa""}}",stage03.0_measurement_attempt05,,preserve;see stage03_legacy_path_map.csv,legacy,legacy_json_or_jsonl,none,legacy,legacy_unknown,,,2720,legacy_compatible
stage03.1,screening,stage03.1_screening_attempt04,attempt04,stage03.1_screening_attempt04,stage031_cheap_screening_formal01,formal,c101_21,2016,"[""c101C5"", ""r105C5"", ""rc105C5"", ""c104C10"", ""r103C10"", ""rc102C10"", ""c106C15"", ""r105C15"", ""rc103C15"", ""c101_21"", ""r101_21"", ""rc101_21""]","[2014, 2015, 2016]",environment,verified_legacy,results/stage03.1_screening_attempt04/c101_21/2016/stage03.1_screening_attempt04_environment_c101_21_2016.json,results/stage031-cheap-screening_formal01/environments/c101_21-alns_stage02_constraint_guided-2016.json,feasible,,pass,READY_FOR_STAGE03_2,READY_FOR_STAGE03_2,pass,5a6c2f8a0c30a4b2dc4498126eff3e2fc73d4e55b6983029929cccaa0c143384,raw_manifest,5f2508b8a49aa0d538c56e3bf2c45ad03534e7d9eec3cc935b786488d2655c61,e1840ebd3945bac63a1a1db5e13438dc2d1aad0b75fff316f3a4685d50583551,c5cda6ca63a7d518902cf4b02d98b4aa0f373aaa0658d5c666d1c46d38871cb9,ea055ae71569c1a17249d87cbad6c3d77936573e4248c8ebfca6848ce9ddd358,b226b97e0e67288aaaf85726ad855df71cb81406685c57c8e8c40cd8996aa0da,0c7b67d6f0b038d803ac018fe78d827ff85f93da,False,"{""VRP-EVRP-Project-Hub"": {""dirty"": false, ""path"": ""/Users/guoyiyang/Documents/GitHub/FURP-2026-Yiyang-GUO-EVRP-TW/reference/VRP-EVRP-Project-Hub"", ""revision"": ""e3a890065105f978187e532642c4442522215e02""}, ""py-ga-VRPTW"": {""dirty"": false, ""path"": ""/Users/guoyiyang/Documents/GitHub/FURP-2026-Yiyang-GUO-EVRP-TW/reference/py-ga-VRPTW"", ""revision"": ""8e005caaaf6471a4505588d88c7f0f5e0d4ebffa""}}",stage03.0_measurement_attempt05,,preserve;see stage03_legacy_path_map.csv,legacy,legacy_json_or_jsonl,none,legacy,legacy_unknown,,,2720,legacy_compatible
stage03.1,screening,stage03.1_screening_attempt04,attempt04,stage03.1_screening_attempt04,stage031_cheap_screening_formal01,formal,c104C10,2014,"[""c101C5"", ""r105C5"", ""rc105C5"", ""c104C10"", ""r103C10"", ""rc102C10"", ""c106C15"", ""r105C15"", ""rc103C15"", ""c101_21"", ""r101_21"", ""rc101_21""]","[2014, 2015, 2016]",environment,verified_legacy,results/stage03.1_screening_attempt04/c104C10/2014/stage03.1_screening_attempt04_environment_c104C10_2014.json,results/stage031-cheap-screening_formal01/environments/c104C10-alns_stage02_constraint_guided-2014.json,feasible,,pass,READY_FOR_STAGE03_2,READY_FOR_STAGE03_2,pass,3df0920ac6f0f3417bd408f5826bf652c270e05ff715bc54a11ef425e30c9184,raw_manifest,5f2508b8a49aa0d538c56e3bf2c45ad03534e7d9eec3cc935b786488d2655c61,e1840ebd3945bac63a1a1db5e13438dc2d1aad0b75fff316f3a4685d50583551,f7816af706c1cf32dacaee45c710ff93ce53c9b56d17df657044e61e63d2c04b,d7737acb7115d32b8838a183a4922588f37740364e494dcef6098ecb85df253c,b226b97e0e67288aaaf85726ad855df71cb81406685c57c8e8c40cd8996aa0da,0c7b67d6f0b038d803ac018fe78d827ff85f93da,False,"{""VRP-EVRP-Project-Hub"": {""dirty"": false, ""path"": ""/Users/guoyiyang/Documents/GitHub/FURP-2026-Yiyang-GUO-EVRP-TW/reference/VRP-EVRP-Project-Hub"", ""revision"": ""e3a890065105f978187e532642c4442522215e02""}, ""py-ga-VRPTW"": {""dirty"": false, ""path"": ""/Users/guoyiyang/Documents/GitHub/FURP-2026-Yiyang-GUO-EVRP-TW/reference/py-ga-VRPTW"", ""revision"": ""8e005caaaf6471a4505588d88c7f0f5e0d4ebffa""}}",stage03.0_measurement_attempt05,,preserve;see stage03_legacy_path_map.csv,legacy,legacy_json_or_jsonl,none,legacy,legacy_unknown,,,2720,legacy_compatible
stage03.1,screening,stage03.1_screening_attempt04,attempt04,stage03.1_screening_attempt04,stage031_cheap_screening_formal01,formal,c104C10,2015,"[""c101C5"", ""r105C5"", ""rc105C5"", ""c104C10"", ""r103C10"", ""rc102C10"", ""c106C15"", ""r105C15"", ""rc103C15"", ""c101_21"", ""r101_21"", ""rc101_21""]","[2014, 2015, 2016]",environment,verified_legacy,results/stage03.1_screening_attempt04/c104C10/2015/stage03.1_screening_attempt04_environment_c104C10_2015.json,results/stage031-cheap-screening_formal01/environments/c104C10-alns_stage02_constraint_guided-2015.json,feasible,,pass,READY_FOR_STAGE03_2,READY_FOR_STAGE03_2,pass,2772e5677883a3c271d8938b9fbba831eca84bb9d1fa5ef1cd3ed06cbc324f97,raw_manifest,5f2508b8a49aa0d538c56e3bf2c45ad03534e7d9eec3cc935b786488d2655c61,e1840ebd3945bac63a1a1db5e13438dc2d1aad0b75fff316f3a4685d50583551,f7816af706c1cf32dacaee45c710ff93ce53c9b56d17df657044e61e63d2c04b,337e5508df8fb365db43f4409b5fe4a08e77c8e22d7e847c07d21f78b14eeb95,b226b97e0e67288aaaf85726ad855df71cb81406685c57c8e8c40cd8996aa0da,0c7b67d6f0b038d803ac018fe78d827ff85f93da,False,"{""VRP-EVRP-Project-Hub"": {""dirty"": false, ""path"": ""/Users/guoyiyang/Documents/GitHub/FURP-2026-Yiyang-GUO-EVRP-TW/reference/VRP-EVRP-Project-Hub"", ""revision"": ""e3a890065105f978187e532642c4442522215e02""}, ""py-ga-VRPTW"": {""dirty"": false, ""path"": ""/Users/guoyiyang/Documents/GitHub/FURP-2026-Yiyang-GUO-EVRP-TW/reference/py-ga-VRPTW"", ""revision"": ""8e005caaaf6471a4505588d88c7f0f5e0d4ebffa""}}",stage03.0_measurement_attempt05,,preserve;see stage03_legacy_path_map.csv,legacy,legacy_json_or_jsonl,none,legacy,legacy_unknown,,,2720,legacy_compatible
stage03.1,screening,stage03.1_screening_attempt04,attempt04,stage03.1_screening_attempt04,stage031_cheap_screening_formal01,formal,c104C10,2016,"[""c101C5"", ""r105C5"", ""rc105C5"", ""c104C10"", ""r103C10"", ""rc102C10"", ""c106C15"", ""r105C15"", ""rc103C15"", ""c101_21"", ""r101_21"", ""rc101_21""]","[2014, 2015, 2016]",environment,verified_legacy,results/stage03.1_screening_attempt04/c104C10/2016/stage03.1_screening_attempt04_environment_c104C10_2016.json,results/stage031-cheap-screening_formal01/environments/c104C10-alns_stage02_constraint_guided-2016.json,feasible,,pass,READY_FOR_STAGE03_2,READY_FOR_STAGE03_2,pass,7501c09453d584b93a9841ec6b00f1f27b595fd63dd1cf4c17555e51347f9f89,raw_manifest,5f2508b8a49aa0d538c56e3bf2c45ad03534e7d9eec3cc935b786488d2655c61,e1840ebd3945bac63a1a1db5e13438dc2d1aad0b75fff316f3a4685d50583551,f7816af706c1cf32dacaee45c710ff93ce53c9b56d17df657044e61e63d2c04b,16c0154c9f6dae759583c1072d2d14d533daffe0dc21fb5698a0b764ee5621b3,b226b97e0e67288aaaf85726ad855df71cb81406685c57c8e8c40cd8996aa0da,0c7b67d6f0b038d803ac018fe78d827ff85f93da,False,"{""VRP-EVRP-Project-Hub"": {""dirty"": false, ""path"": ""/Users/guoyiyang/Documents/GitHub/FURP-2026-Yiyang-GUO-EVRP-TW/reference/VRP-EVRP-Project-Hub"", ""revision"": ""e3a890065105f978187e532642c4442522215e02""}, ""py-ga-VRPTW"": {""dirty"": false, ""path"": ""/Users/guoyiyang/Documents/GitHub/FURP-2026-Yiyang-GUO-EVRP-TW/reference/py-ga-VRPTW"", ""revision"": ""8e005caaaf6471a4505588d88c7f0f5e0d4ebffa""}}",stage03.0_measurement_attempt05,,preserve;see stage03_legacy_path_map.csv,legacy,legacy_json_or_jsonl,none,legacy,legacy_unknown,,,2720,legacy_compatible
stage03.1,screening,stage03.1_screening_attempt04,attempt04,stage03.1_screening_attempt04,stage031_cheap_screening_formal01,formal,c106C15,2014,"[""c101C5"", ""r105C5"", ""rc105C5"", ""c104C10"", ""r103C10"", ""rc102C10"", ""c106C15"", ""r105C15"", ""rc103C15"", ""c101_21"", ""r101_21"", ""rc101_21""]","[2014, 2015, 2016]",environment,verified_legacy,results/stage03.1_screening_attempt04/c106C15/2014/stage03.1_screening_attempt04_environment_c106C15_2014.json,results/stage031-cheap-screening_formal01/environments/c106C15-alns_stage02_constraint_guided-2014.json,feasible,,pass,READY_FOR_STAGE03_2,READY_FOR_STAGE03_2,pass,217a1c12967391a0a7bbb9b7015e4df8163612bf03233dcd79261d0b4100effb,raw_manifest,5f2508b8a49aa0d538c56e3bf2c45ad03534e7d9eec3cc935b786488d2655c61,e1840ebd3945bac63a1a1db5e13438dc2d1aad0b75fff316f3a4685d50583551,eba58a458a9fd13ae8fd404df8db1d04e49271326316256ee060468048881a86,571e536f7f6028d032f946d9a3e945abe00b7c52eec0a87880917d3d272b097a,b226b97e0e67288aaaf85726ad855df71cb81406685c57c8e8c40cd8996aa0da,0c7b67d6f0b038d803ac018fe78d827ff85f93da,False,"{""VRP-EVRP-Project-Hub"": {""dirty"": false, ""path"": ""/Users/guoyiyang/Documents/GitHub/FURP-2026-Yiyang-GUO-EVRP-TW/reference/VRP-EVRP-Project-Hub"", ""revision"": ""e3a890065105f978187e532642c4442522215e02""}, ""py-ga-VRPTW"": {""dirty"": false, ""path"": ""/Users/guoyiyang/Documents/GitHub/FURP-2026-Yiyang-GUO-EVRP-TW/reference/py-ga-VRPTW"", ""revision"": ""8e005caaaf6471a4505588d88c7f0f5e0d4ebffa""}}",stage03.0_measurement_attempt05,,preserve;see stage03_legacy_path_map.csv,legacy,legacy_json_or_jsonl,none,legacy,legacy_unknown,,,2720,legacy_compatible
stage03.1,screening,stage03.1_screening_attempt04,attempt04,stage03.1_screening_attempt04,stage031_cheap_screening_formal01,formal,c106C15,2015,"[""c101C5"", ""r105C5"", ""rc105C5"", ""c104C10"", ""r103C10"", ""rc102C10"", ""c106C15"", ""r105C15"", ""rc103C15"", ""c101_21"", ""r101_21"", ""rc101_21""]","[2014, 2015, 2016]",environment,verified_legacy,results/stage03.1_screening_attempt04/c106C15/2015/stage03.1_screening_attempt04_environment_c106C15_2015.json,results/stage031-cheap-screening_formal01/environments/c106C15-alns_stage02_constraint_guided-2015.json,feasible,,pass,READY_FOR_STAGE03_2,READY_FOR_STAGE03_2,pass,126f195bd8a48005a3b26c2d511d84b43a75ce3aa3c23d50fbd0606f536abb7e,raw_manifest,5f2508b8a49aa0d538c56e3bf2c45ad03534e7d9eec3cc935b786488d2655c61,e1840ebd3945bac63a1a1db5e13438dc2d1aad0b75fff316f3a4685d50583551,eba58a458a9fd13ae8fd404df8db1d04e49271326316256ee060468048881a86,fe1207d4fbdf509c0e4fedcc4d90b16f45da3635ce3eaddeedbd432f6e026e1e,b226b97e0e67288aaaf85726ad855df71cb81406685c57c8e8c40cd8996aa0da,0c7b67d6f0b038d803ac018fe78d827ff85f93da,False,"{""VRP-EVRP-Project-Hub"": {""dirty"": false, ""path"": ""/Users/guoyiyang/Documents/GitHub/FURP-2026-Yiyang-GUO-EVRP-TW/reference/VRP-EVRP-Project-Hub"", ""revision"": ""e3a890065105f978187e532642c4442522215e02""}, ""py-ga-VRPTW"": {""dirty"": false, ""path"": ""/Users/guoyiyang/Documents/GitHub/FURP-2026-Yiyang-GUO-EVRP-TW/reference/py-ga-VRPTW"", ""revision"": ""8e005caaaf6471a4505588d88c7f0f5e0d4ebffa""}}",stage03.0_measurement_attempt05,,preserve;see stage03_legacy_path_map.csv,legacy,legacy_json_or_jsonl,none,legacy,legacy_unknown,,,2720,legacy_compatible
stage03.1,screening,stage03.1_screening_attempt04,attempt04,stage03.1_screening_attempt04,stage031_cheap_screening_formal01,formal,c106C15,2016,"[""c101C5"", ""r105C5"", ""rc105C5"", ""c104C10"", ""r103C10"", ""rc102C10"", ""c106C15"", ""r105C15"", ""rc103C15"", ""c101_21"", ""r101_21"", ""rc101_21""]","[2014, 2015, 2016]",environment,verified_legacy,results/stage03.1_screening_attempt04/c106C15/2016/stage03.1_screening_attempt04_environment_c106C15_2016.json,results/stage031-cheap-screening_formal01/environments/c106C15-alns_stage02_constraint_guided-2016.json,feasible,,pass,READY_FOR_STAGE03_2,READY_FOR_STAGE03_2,pass,efefaa0e258585697ca513da5aaafb42be33f2d8cafe72d250b053563c6b911e,raw_manifest,5f2508b8a49aa0d538c56e3bf2c45ad03534e7d9eec3cc935b786488d2655c61,e1840ebd3945bac63a1a1db5e13438dc2d1aad0b75fff316f3a4685d50583551,eba58a458a9fd13ae8fd404df8db1d04e49271326316256ee060468048881a86,36bdb75053d72005e1d872a5181da41694e427aeead66c5c4cdf40701544bc17,b226b97e0e67288aaaf85726ad855df71cb81406685c57c8e8c40cd8996aa0da,0c7b67d6f0b038d803ac018fe78d827ff85f93da,False,"{""VRP-EVRP-Project-Hub"": {""dirty"": false, ""path"": ""/Users/guoyiyang/Documents/GitHub/FURP-2026-Yiyang-GUO-EVRP-TW/reference/VRP-EVRP-Project-Hub"", ""revision"": ""e3a890065105f978187e532642c4442522215e02""}, ""py-ga-VRPTW"": {""dirty"": false, ""path"": ""/Users/guoyiyang/Documents/GitHub/FURP-2026-Yiyang-GUO-EVRP-TW/reference/py-ga-VRPTW"", ""revision"": ""8e005caaaf6471a4505588d88c7f0f5e0d4ebffa""}}",stage03.0_measurement_attempt05,,preserve;see stage03_legacy_path_map.csv,legacy,legacy_json_or_jsonl,none,legacy,legacy_unknown,,,2720,legacy_compatible
stage03.1,screening,stage03.1_screening_attempt04,attempt04,stage03.1_screening_attempt04,stage031_cheap_screening_formal01,formal,r101_21,2014,"[""c101C5"", ""r105C5"", ""rc105C5"", ""c104C10"", ""r103C10"", ""rc102C10"", ""c106C15"", ""r105C15"", ""rc103C15"", ""c101_21"", ""r101_21"", ""rc101_21""]","[2014, 2015, 2016]",environment,verified_legacy,results/stage03.1_screening_attempt04/r101_21/2014/stage03.1_screening_attempt04_environment_r101_21_2014.json,results/stage031-cheap-screening_formal01/environments/r101_21-alns_stage02_constraint_guided-2014.json,feasible,,pass,READY_FOR_STAGE03_2,READY_FOR_STAGE03_2,pass,2b3180c173f988595baab9268a1aab95c7d685963bcff3f6dfe1262d0cd5450b,raw_manifest,5f2508b8a49aa0d538c56e3bf2c45ad03534e7d9eec3cc935b786488d2655c61,e1840ebd3945bac63a1a1db5e13438dc2d1aad0b75fff316f3a4685d50583551,0e5a3dffffbd3c516b528ef32ba1a488b817d2f151fc3e8c81023814de1c103a,f7c545565e84a7b0618b32b9a5aee7886d1913f37a476f28159690504dd362a0,b226b97e0e67288aaaf85726ad855df71cb81406685c57c8e8c40cd8996aa0da,0c7b67d6f0b038d803ac018fe78d827ff85f93da,False,"{""VRP-EVRP-Project-Hub"": {""dirty"": false, ""path"": ""/Users/guoyiyang/Documents/GitHub/FURP-2026-Yiyang-GUO-EVRP-TW/reference/VRP-EVRP-Project-Hub"", ""revision"": ""e3a890065105f978187e532642c4442522215e02""}, ""py-ga-VRPTW"": {""dirty"": false, ""path"": ""/Users/guoyiyang/Documents/GitHub/FURP-2026-Yiyang-GUO-EVRP-TW/reference/py-ga-VRPTW"", ""revision"": ""8e005caaaf6471a4505588d88c7f0f5e0d4ebffa""}}",stage03.0_measurement_attempt05,,preserve;see stage03_legacy_path_map.csv,legacy,legacy_json_or_jsonl,none,legacy,legacy_unknown,,,2720,legacy_compatible
stage03.1,screening,stage03.1_screening_attempt04,attempt04,stage03.1_screening_attempt04,stage031_cheap_screening_formal01,formal,r101_21,2015,"[""c101C5"", ""r105C5"", ""rc105C5"", ""c104C10"", ""r103C10"", ""rc102C10"", ""c106C15"", ""r105C15"", ""rc103C15"", ""c101_21"", ""r101_21"", ""rc101_21""]","[2014, 2015, 2016]",environment,verified_legacy,results/stage03.1_screening_attempt04/r101_21/2015/stage03.1_screening_attempt04_environment_r101_21_2015.json,results/stage031-cheap-screening_formal01/environments/r101_21-alns_stage02_constraint_guided-2015.json,feasible,,pass,READY_FOR_STAGE03_2,READY_FOR_STAGE03_2,pass,ba98e41916f750ff26eb0ad04ae4bb824de26c52e425c78f1fadf4551f1bb77e,raw_manifest,5f2508b8a49aa0d538c56e3bf2c45ad03534e7d9eec3cc935b786488d2655c61,e1840ebd3945bac63a1a1db5e13438dc2d1aad0b75fff316f3a4685d50583551,0e5a3dffffbd3c516b528ef32ba1a488b817d2f151fc3e8c81023814de1c103a,5250c5c949c05c0a7eaaf430305b54464de9ce019df0d06dd14e915f4c1c9066,b226b97e0e67288aaaf85726ad855df71cb81406685c57c8e8c40cd8996aa0da,0c7b67d6f0b038d803ac018fe78d827ff85f93da,False,"{""VRP-EVRP-Project-Hub"": {""dirty"": false, ""path"": ""/Users/guoyiyang/Documents/GitHub/FURP-2026-Yiyang-GUO-EVRP-TW/reference/VRP-EVRP-Project-Hub"", ""revision"": ""e3a890065105f978187e532642c4442522215e02""}, ""py-ga-VRPTW"": {""dirty"": false, ""path"": ""/Users/guoyiyang/Documents/GitHub/FURP-2026-Yiyang-GUO-EVRP-TW/reference/py-ga-VRPTW"", ""revision"": ""8e005caaaf6471a4505588d88c7f0f5e0d4ebffa""}}",stage03.0_measurement_attempt05,,preserve;see stage03_legacy_path_map.csv,legacy,legacy_json_or_jsonl,none,legacy,legacy_unknown,,,2720,legacy_compatible
stage03.1,screening,stage03.1_screening_attempt04,attempt04,stage03.1_screening_attempt04,stage031_cheap_screening_formal01,formal,r101_21,2016,"[""c101C5"", ""r105C5"", ""rc105C5"", ""c104C10"", ""r103C10"", ""rc102C10"", ""c106C15"", ""r105C15"", ""rc103C15"", ""c101_21"", ""r101_21"", ""rc101_21""]","[2014, 2015, 2016]",environment,verified_legacy,results/stage03.1_screening_attempt04/r101_21/2016/stage03.1_screening_attempt04_environment_r101_21_2016.json,results/stage031-cheap-screening_formal01/environments/r101_21-alns_stage02_constraint_guided-2016.json,feasible,,pass,READY_FOR_STAGE03_2,READY_FOR_STAGE03_2,pass,3a8450fa0d7fb59d9dceb9d388b4b84a8984b8deb9074ae2799c0a79a904bf78,raw_manifest,5f2508b8a49aa0d538c56e3bf2c45ad03534e7d9eec3cc935b786488d2655c61,e1840ebd3945bac63a1a1db5e13438dc2d1aad0b75fff316f3a4685d50583551,0e5a3dffffbd3c516b528ef32ba1a488b817d2f151fc3e8c81023814de1c103a,ea2d1535eb8519014c0d172f5398e4481545ae6f02cfca28f6671f0227b76b31,b226b97e0e67288aaaf85726ad855df71cb81406685c57c8e8c40cd8996aa0da,0c7b67d6f0b038d803ac018fe78d827ff85f93da,False,"{""VRP-EVRP-Project-Hub"": {""dirty"": false, ""path"": ""/Users/guoyiyang/Documents/GitHub/FURP-2026-Yiyang-GUO-EVRP-TW/reference/VRP-EVRP-Project-Hub"", ""revision"": ""e3a890065105f978187e532642c4442522215e02""}, ""py-ga-VRPTW"": {""dirty"": false, ""path"": ""/Users/guoyiyang/Documents/GitHub/FURP-2026-Yiyang-GUO-EVRP-TW/reference/py-ga-VRPTW"", ""revision"": ""8e005caaaf6471a4505588d88c7f0f5e0d4ebffa""}}",stage03.0_measurement_attempt05,,preserve;see stage03_legacy_path_map.csv,legacy,legacy_json_or_jsonl,none,legacy,legacy_unknown,,,2720,legacy_compatible
stage03.1,screening,stage03.1_screening_attempt04,attempt04,stage03.1_screening_attempt04,stage031_cheap_screening_formal01,formal,r103C10,2014,"[""c101C5"", ""r105C5"", ""rc105C5"", ""c104C10"", ""r103C10"", ""rc102C10"", ""c106C15"", ""r105C15"", ""rc103C15"", ""c101_21"", ""r101_21"", ""rc101_21""]","[2014, 2015, 2016]",environment,verified_legacy,results/stage03.1_screening_attempt04/r103C10/2014/stage03.1_screening_attempt04_environment_r103C10_2014.json,results/stage031-cheap-screening_formal01/environments/r103C10-alns_stage02_constraint_guided-2014.json,feasible,,pass,READY_FOR_STAGE03_2,READY_FOR_STAGE03_2,pass,01e772441cb5b9b44cf2228004dac622dbf8597c36259f1c667e12128ef6f76f,raw_manifest,5f2508b8a49aa0d538c56e3bf2c45ad03534e7d9eec3cc935b786488d2655c61,e1840ebd3945bac63a1a1db5e13438dc2d1aad0b75fff316f3a4685d50583551,00debfb0e1fa34796b1644a045a064f52cb1f35052df9faa485db4b4f5ff512e,6e8526426f5a42ed556b29ee648705af381e1b2af209e1f2cd7a9a0de60f714c,b226b97e0e67288aaaf85726ad855df71cb81406685c57c8e8c40cd8996aa0da,0c7b67d6f0b038d803ac018fe78d827ff85f93da,False,"{""VRP-EVRP-Project-Hub"": {""dirty"": false, ""path"": ""/Users/guoyiyang/Documents/GitHub/FURP-2026-Yiyang-GUO-EVRP-TW/reference/VRP-EVRP-Project-Hub"", ""revision"": ""e3a890065105f978187e532642c4442522215e02""}, ""py-ga-VRPTW"": {""dirty"": false, ""path"": ""/Users/guoyiyang/Documents/GitHub/FURP-2026-Yiyang-GUO-EVRP-TW/reference/py-ga-VRPTW"", ""revision"": ""8e005caaaf6471a4505588d88c7f0f5e0d4ebffa""}}",stage03.0_measurement_attempt05,,preserve;see stage03_legacy_path_map.csv,legacy,legacy_json_or_jsonl,none,legacy,legacy_unknown,,,2720,legacy_compatible
stage03.1,screening,stage03.1_screening_attempt04,attempt04,stage03.1_screening_attempt04,stage031_cheap_screening_formal01,formal,r103C10,2015,"[""c101C5"", ""r105C5"", ""rc105C5"", ""c104C10"", ""r103C10"", ""rc102C10"", ""c106C15"", ""r105C15"", ""rc103C15"", ""c101_21"", ""r101_21"", ""rc101_21""]","[2014, 2015, 2016]",environment,verified_legacy,results/stage03.1_screening_attempt04/r103C10/2015/stage03.1_screening_attempt04_environment_r103C10_2015.json,results/stage031-cheap-screening_formal01/environments/r103C10-alns_stage02_constraint_guided-2015.json,feasible,,pass,READY_FOR_STAGE03_2,READY_FOR_STAGE03_2,pass,5132b759acb659f6ad9198b9c3680bd05611bcb1b5c57e40333b58eb204e4c53,raw_manifest,5f2508b8a49aa0d538c56e3bf2c45ad03534e7d9eec3cc935b786488d2655c61,e1840ebd3945bac63a1a1db5e13438dc2d1aad0b75fff316f3a4685d50583551,00debfb0e1fa34796b1644a045a064f52cb1f35052df9faa485db4b4f5ff512e,3c7ab9b3e5aefde419b99f8f52667b3264060abb3b5a65b36850d52dedfb4cda,b226b97e0e67288aaaf85726ad855df71cb81406685c57c8e8c40cd8996aa0da,0c7b67d6f0b038d803ac018fe78d827ff85f93da,False,"{""VRP-EVRP-Project-Hub"": {""dirty"": false, ""path"": ""/Users/guoyiyang/Documents/GitHub/FURP-2026-Yiyang-GUO-EVRP-TW/reference/VRP-EVRP-Project-Hub"", ""revision"": ""e3a890065105f978187e532642c4442522215e02""}, ""py-ga-VRPTW"": {""dirty"": false, ""path"": ""/Users/guoyiyang/Documents/GitHub/FURP-2026-Yiyang-GUO-EVRP-TW/reference/py-ga-VRPTW"", ""revision"": ""8e005caaaf6471a4505588d88c7f0f5e0d4ebffa""}}",stage03.0_measurement_attempt05,,preserve;see stage03_legacy_path_map.csv,legacy,legacy_json_or_jsonl,none,legacy,legacy_unknown,,,2720,legacy_compatible
stage03.1,screening,stage03.1_screening_attempt04,attempt04,stage03.1_screening_attempt04,stage031_cheap_screening_formal01,formal,r103C10,2016,"[""c101C5"", ""r105C5"", ""rc105C5"", ""c104C10"", ""r103C10"", ""rc102C10"", ""c106C15"", ""r105C15"", ""rc103C15"", ""c101_21"", ""r101_21"", ""rc101_21""]","[2014, 2015, 2016]",environment,verified_legacy,results/stage03.1_screening_attempt04/r103C10/2016/stage03.1_screening_attempt04_environment_r103C10_2016.json,results/stage031-cheap-screening_formal01/environments/r103C10-alns_stage02_constraint_guided-2016.json,feasible,,pass,READY_FOR_STAGE03_2,READY_FOR_STAGE03_2,pass,0d30f29607b691956d3b53ed3a823f0fafd45e78ce7ef24b24f303f0a6551d0f,raw_manifest,5f2508b8a49aa0d538c56e3bf2c45ad03534e7d9eec3cc935b786488d2655c61,e1840ebd3945bac63a1a1db5e13438dc2d1aad0b75fff316f3a4685d50583551,00debfb0e1fa34796b1644a045a064f52cb1f35052df9faa485db4b4f5ff512e,97b63593d12ab0603557514a8923c35b84c5b976df36c8d454ea682c45ec8dc7,b226b97e0e67288aaaf85726ad855df71cb81406685c57c8e8c40cd8996aa0da,0c7b67d6f0b038d803ac018fe78d827ff85f93da,False,"{""VRP-EVRP-Project-Hub"": {""dirty"": false, ""path"": ""/Users/guoyiyang/Documents/GitHub/FURP-2026-Yiyang-GUO-EVRP-TW/reference/VRP-EVRP-Project-Hub"", ""revision"": ""e3a890065105f978187e532642c4442522215e02""}, ""py-ga-VRPTW"": {""dirty"": false, ""path"": ""/Users/guoyiyang/Documents/GitHub/FURP-2026-Yiyang-GUO-EVRP-TW/reference/py-ga-VRPTW"", ""revision"": ""8e005caaaf6471a4505588d88c7f0f5e0d4ebffa""}}",stage03.0_measurement_attempt05,,preserve;see stage03_legacy_path_map.csv,legacy,legacy_json_or_jsonl,none,legacy,legacy_unknown,,,2720,legacy_compatible
stage03.1,screening,stage03.1_screening_attempt04,attempt04,stage03.1_screening_attempt04,stage031_cheap_screening_formal01,formal,r105C15,2014,"[""c101C5"", ""r105C5"", ""rc105C5"", ""c104C10"", ""r103C10"", ""rc102C10"", ""c106C15"", ""r105C15"", ""rc103C15"", ""c101_21"", ""r101_21"", ""rc101_21""]","[2014, 2015, 2016]",environment,verified_legacy,results/stage03.1_screening_attempt04/r105C15/2014/stage03.1_screening_attempt04_environment_r105C15_2014.json,results/stage031-cheap-screening_formal01/environments/r105C15-alns_stage02_constraint_guided-2014.json,feasible,,pass,READY_FOR_STAGE03_2,READY_FOR_STAGE03_2,pass,973e80cb306e783cc663b40a6fefe26898e0ee2f7a56ed240623b08934a7d044,raw_manifest,5f2508b8a49aa0d538c56e3bf2c45ad03534e7d9eec3cc935b786488d2655c61,e1840ebd3945bac63a1a1db5e13438dc2d1aad0b75fff316f3a4685d50583551,937f3e630e6afef1a148dc223dd1d6ad2d11cfff557803e68a50e981e3ceaa44,64ea60eb6e0dfc94d8534cb69b3d9939724ce6b6f43bd19f5ea4334a6d9b3570,b226b97e0e67288aaaf85726ad855df71cb81406685c57c8e8c40cd8996aa0da,0c7b67d6f0b038d803ac018fe78d827ff85f93da,False,"{""VRP-EVRP-Project-Hub"": {""dirty"": false, ""path"": ""/Users/guoyiyang/Documents/GitHub/FURP-2026-Yiyang-GUO-EVRP-TW/reference/VRP-EVRP-Project-Hub"", ""revision"": ""e3a890065105f978187e532642c4442522215e02""}, ""py-ga-VRPTW"": {""dirty"": false, ""path"": ""/Users/guoyiyang/Documents/GitHub/FURP-2026-Yiyang-GUO-EVRP-TW/reference/py-ga-VRPTW"", ""revision"": ""8e005caaaf6471a4505588d88c7f0f5e0d4ebffa""}}",stage03.0_measurement_attempt05,,preserve;see stage03_legacy_path_map.csv,legacy,legacy_json_or_jsonl,none,legacy,legacy_unknown,,,2720,legacy_compatible
stage03.1,screening,stage03.1_screening_attempt04,attempt04,stage03.1_screening_attempt04,stage031_cheap_screening_formal01,formal,r105C15,2015,"[""c101C5"", ""r105C5"", ""rc105C5"", ""c104C10"", ""r103C10"", ""rc102C10"", ""c106C15"", ""r105C15"", ""rc103C15"", ""c101_21"", ""r101_21"", ""rc101_21""]","[2014, 2015, 2016]",environment,verified_legacy,results/stage03.1_screening_attempt04/r105C15/2015/stage03.1_screening_attempt04_environment_r105C15_2015.json,results/stage031-cheap-screening_formal01/environments/r105C15-alns_stage02_constraint_guided-2015.json,feasible,,pass,READY_FOR_STAGE03_2,READY_FOR_STAGE03_2,pass,c88c6d40f98d62c3811ed4c90eea132733bcd137438729d2bc36e7a989dfb534,raw_manifest,5f2508b8a49aa0d538c56e3bf2c45ad03534e7d9eec3cc935b786488d2655c61,e1840ebd3945bac63a1a1db5e13438dc2d1aad0b75fff316f3a4685d50583551,937f3e630e6afef1a148dc223dd1d6ad2d11cfff557803e68a50e981e3ceaa44,9dd4244380d8ebc747b306fa0e6a5e690bcf61ed0f17a981aed10c87bc24f254,b226b97e0e67288aaaf85726ad855df71cb81406685c57c8e8c40cd8996aa0da,0c7b67d6f0b038d803ac018fe78d827ff85f93da,False,"{""VRP-EVRP-Project-Hub"": {""dirty"": false, ""path"": ""/Users/guoyiyang/Documents/GitHub/FURP-2026-Yiyang-GUO-EVRP-TW/reference/VRP-EVRP-Project-Hub"", ""revision"": ""e3a890065105f978187e532642c4442522215e02""}, ""py-ga-VRPTW"": {""dirty"": false, ""path"": ""/Users/guoyiyang/Documents/GitHub/FURP-2026-Yiyang-GUO-EVRP-TW/reference/py-ga-VRPTW"", ""revision"": ""8e005caaaf6471a4505588d88c7f0f5e0d4ebffa""}}",stage03.0_measurement_attempt05,,preserve;see stage03_legacy_path_map.csv,legacy,legacy_json_or_jsonl,none,legacy,legacy_unknown,,,2720,legacy_compatible
stage03.1,screening,stage03.1_screening_attempt04,attempt04,stage03.1_screening_attempt04,stage031_cheap_screening_formal01,formal,r105C15,2016,"[""c101C5"", ""r105C5"", ""rc105C5"", ""c104C10"", ""r103C10"", ""rc102C10"", ""c106C15"", ""r105C15"", ""rc103C15"", ""c101_21"", ""r101_21"", ""rc101_21""]","[2014, 2015, 2016]",environment,verified_legacy,results/stage03.1_screening_attempt04/r105C15/2016/stage03.1_screening_attempt04_environment_r105C15_2016.json,results/stage031-cheap-screening_formal01/environments/r105C15-alns_stage02_constraint_guided-2016.json,feasible,,pass,READY_FOR_STAGE03_2,READY_FOR_STAGE03_2,pass,014834c47d15a2c3f88f4ff93a6a0967081ea814212b8246ca8d0e91d6341f65,raw_manifest,5f2508b8a49aa0d538c56e3bf2c45ad03534e7d9eec3cc935b786488d2655c61,e1840ebd3945bac63a1a1db5e13438dc2d1aad0b75fff316f3a4685d50583551,937f3e630e6afef1a148dc223dd1d6ad2d11cfff557803e68a50e981e3ceaa44,a5097962fee8c43ff987eed16337ef1b13facde67ff469b1e79e85fb5a97663c,b226b97e0e67288aaaf85726ad855df71cb81406685c57c8e8c40cd8996aa0da,0c7b67d6f0b038d803ac018fe78d827ff85f93da,False,"{""VRP-EVRP-Project-Hub"": {""dirty"": false, ""path"": ""/Users/guoyiyang/Documents/GitHub/FURP-2026-Yiyang-GUO-EVRP-TW/reference/VRP-EVRP-Project-Hub"", ""revision"": ""e3a890065105f978187e532642c4442522215e02""}, ""py-ga-VRPTW"": {""dirty"": false, ""path"": ""/Users/guoyiyang/Documents/GitHub/FURP-2026-Yiyang-GUO-EVRP-TW/reference/py-ga-VRPTW"", ""revision"": ""8e005caaaf6471a4505588d88c7f0f5e0d4ebffa""}}",stage03.0_measurement_attempt05,,preserve;see stage03_legacy_path_map.csv,legacy,legacy_json_or_jsonl,none,legacy,legacy_unknown,,,2720,legacy_compatible
stage03.1,screening,stage03.1_screening_attempt04,attempt04,stage03.1_screening_attempt04,stage031_cheap_screening_formal01,formal,r105C5,2014,"[""c101C5"", ""r105C5"", ""rc105C5"", ""c104C10"", ""r103C10"", ""rc102C10"", ""c106C15"", ""r105C15"", ""rc103C15"", ""c101_21"", ""r101_21"", ""rc101_21""]","[2014, 2015, 2016]",environment,verified_legacy,results/stage03.1_screening_attempt04/r105C5/2014/stage03.1_screening_attempt04_environment_r105C5_2014.json,results/stage031-cheap-screening_formal01/environments/r105C5-alns_stage02_constraint_guided-2014.json,feasible,,pass,READY_FOR_STAGE03_2,READY_FOR_STAGE03_2,pass,5dd41b713f5aafb3d113ee7840de184afa59166ab5f94d87f00d8ff48f88a2a5,raw_manifest,5f2508b8a49aa0d538c56e3bf2c45ad03534e7d9eec3cc935b786488d2655c61,e1840ebd3945bac63a1a1db5e13438dc2d1aad0b75fff316f3a4685d50583551,eb27ec04e799ee6d39dee3d66f15128e197811afa8c664295acbdf6444176434,d4c45e00680006924565eba36f515ad3fcfb2c0f73f96e19f3f45b2091e643a9,b226b97e0e67288aaaf85726ad855df71cb81406685c57c8e8c40cd8996aa0da,0c7b67d6f0b038d803ac018fe78d827ff85f93da,False,"{""VRP-EVRP-Project-Hub"": {""dirty"": false, ""path"": ""/Users/guoyiyang/Documents/GitHub/FURP-2026-Yiyang-GUO-EVRP-TW/reference/VRP-EVRP-Project-Hub"", ""revision"": ""e3a890065105f978187e532642c4442522215e02""}, ""py-ga-VRPTW"": {""dirty"": false, ""path"": ""/Users/guoyiyang/Documents/GitHub/FURP-2026-Yiyang-GUO-EVRP-TW/reference/py-ga-VRPTW"", ""revision"": ""8e005caaaf6471a4505588d88c7f0f5e0d4ebffa""}}",stage03.0_measurement_attempt05,,preserve;see stage03_legacy_path_map.csv,legacy,legacy_json_or_jsonl,none,legacy,legacy_unknown,,,2719,legacy_compatible
stage03.1,screening,stage03.1_screening_attempt04,attempt04,stage03.1_screening_attempt04,stage031_cheap_screening_formal01,formal,r105C5,2015,"[""c101C5"", ""r105C5"", ""rc105C5"", ""c104C10"", ""r103C10"", ""rc102C10"", ""c106C15"", ""r105C15"", ""rc103C15"", ""c101_21"", ""r101_21"", ""rc101_21""]","[2014, 2015, 2016]",environment,verified_legacy,results/stage03.1_screening_attempt04/r105C5/2015/stage03.1_screening_attempt04_environment_r105C5_2015.json,results/stage031-cheap-screening_formal01/environments/r105C5-alns_stage02_constraint_guided-2015.json,feasible,,pass,READY_FOR_STAGE03_2,READY_FOR_STAGE03_2,pass,3eb1212e305ef0afd711ca89e7fe6dd6b23f81550ea70c88dd2a26281067a8b6,raw_manifest,5f2508b8a49aa0d538c56e3bf2c45ad03534e7d9eec3cc935b786488d2655c61,e1840ebd3945bac63a1a1db5e13438dc2d1aad0b75fff316f3a4685d50583551,eb27ec04e799ee6d39dee3d66f15128e197811afa8c664295acbdf6444176434,b599f198bde162faa32399cac4b4b7430a5e56be2cd1088a3ebb17159c2a3664,b226b97e0e67288aaaf85726ad855df71cb81406685c57c8e8c40cd8996aa0da,0c7b67d6f0b038d803ac018fe78d827ff85f93da,False,"{""VRP-EVRP-Project-Hub"": {""dirty"": false, ""path"": ""/Users/guoyiyang/Documents/GitHub/FURP-2026-Yiyang-GUO-EVRP-TW/reference/VRP-EVRP-Project-Hub"", ""revision"": ""e3a890065105f978187e532642c4442522215e02""}, ""py-ga-VRPTW"": {""dirty"": false, ""path"": ""/Users/guoyiyang/Documents/GitHub/FURP-2026-Yiyang-GUO-EVRP-TW/reference/py-ga-VRPTW"", ""revision"": ""8e005caaaf6471a4505588d88c7f0f5e0d4ebffa""}}",stage03.0_measurement_attempt05,,preserve;see stage03_legacy_path_map.csv,legacy,legacy_json_or_jsonl,none,legacy,legacy_unknown,,,2719,legacy_compatible
stage03.1,screening,stage03.1_screening_attempt04,attempt04,stage03.1_screening_attempt04,stage031_cheap_screening_formal01,formal,r105C5,2016,"[""c101C5"", ""r105C5"", ""rc105C5"", ""c104C10"", ""r103C10"", ""rc102C10"", ""c106C15"", ""r105C15"", ""rc103C15"", ""c101_21"", ""r101_21"", ""rc101_21""]","[2014, 2015, 2016]",environment,verified_legacy,results/stage03.1_screening_attempt04/r105C5/2016/stage03.1_screening_attempt04_environment_r105C5_2016.json,results/stage031-cheap-screening_formal01/environments/r105C5-alns_stage02_constraint_guided-2016.json,feasible,,pass,READY_FOR_STAGE03_2,READY_FOR_STAGE03_2,pass,754f239a95da4e537ca269d3dc79bb429d7fec981c00358fa139f9bbad821829,raw_manifest,5f2508b8a49aa0d538c56e3bf2c45ad03534e7d9eec3cc935b786488d2655c61,e1840ebd3945bac63a1a1db5e13438dc2d1aad0b75fff316f3a4685d50583551,eb27ec04e799ee6d39dee3d66f15128e197811afa8c664295acbdf6444176434,1cc919e0d9f2bf2127770c6e6b88f0754412a1c6d2f3db57a7ef4d795233deb1,b226b97e0e67288aaaf85726ad855df71cb81406685c57c8e8c40cd8996aa0da,0c7b67d6f0b038d803ac018fe78d827ff85f93da,False,"{""VRP-EVRP-Project-Hub"": {""dirty"": false, ""path"": ""/Users/guoyiyang/Documents/GitHub/FURP-2026-Yiyang-GUO-EVRP-TW/reference/VRP-EVRP-Project-Hub"", ""revision"": ""e3a890065105f978187e532642c4442522215e02""}, ""py-ga-VRPTW"": {""dirty"": false, ""path"": ""/Users/guoyiyang/Documents/GitHub/FURP-2026-Yiyang-GUO-EVRP-TW/reference/py-ga-VRPTW"", ""revision"": ""8e005caaaf6471a4505588d88c7f0f5e0d4ebffa""}}",stage03.0_measurement_attempt05,,preserve;see stage03_legacy_path_map.csv,legacy,legacy_json_or_jsonl,none,legacy,legacy_unknown,,,2719,legacy_compatible
stage03.1,screening,stage03.1_screening_attempt04,attempt04,stage03.1_screening_attempt04,stage031_cheap_screening_formal01,formal,rc101_21,2014,"[""c101C5"", ""r105C5"", ""rc105C5"", ""c104C10"", ""r103C10"", ""rc102C10"", ""c106C15"", ""r105C15"", ""rc103C15"", ""c101_21"", ""r101_21"", ""rc101_21""]","[2014, 2015, 2016]",environment,verified_legacy,results/stage03.1_screening_attempt04/rc101_21/2014/stage03.1_screening_attempt04_environment_rc101_21_2014.json,results/stage031-cheap-screening_formal01/environments/rc101_21-alns_stage02_constraint_guided-2014.json,feasible,,pass,READY_FOR_STAGE03_2,READY_FOR_STAGE03_2,pass,7da5aeffde98b8e4468b5eb406c1e88efaccbd705459727d8d17f4044b5060a8,raw_manifest,5f2508b8a49aa0d538c56e3bf2c45ad03534e7d9eec3cc935b786488d2655c61,e1840ebd3945bac63a1a1db5e13438dc2d1aad0b75fff316f3a4685d50583551,272a3e58d53d4ba9516f01506164cf8a9b98bfeeb8dbd1fd62f6557e4c98e3a1,3ac12332425bdc22ed4b7700e8d5613963a11251b0b39dacfbe03d46b04c4660,b226b97e0e67288aaaf85726ad855df71cb81406685c57c8e8c40cd8996aa0da,0c7b67d6f0b038d803ac018fe78d827ff85f93da,False,"{""VRP-EVRP-Project-Hub"": {""dirty"": false, ""path"": ""/Users/guoyiyang/Documents/GitHub/FURP-2026-Yiyang-GUO-EVRP-TW/reference/VRP-EVRP-Project-Hub"", ""revision"": ""e3a890065105f978187e532642c4442522215e02""}, ""py-ga-VRPTW"": {""dirty"": false, ""path"": ""/Users/guoyiyang/Documents/GitHub/FURP-2026-Yiyang-GUO-EVRP-TW/reference/py-ga-VRPTW"", ""revision"": ""8e005caaaf6471a4505588d88c7f0f5e0d4ebffa""}}",stage03.0_measurement_attempt05,,preserve;see stage03_legacy_path_map.csv,legacy,legacy_json_or_jsonl,none,legacy,legacy_unknown,,,2721,legacy_compatible
stage03.1,screening,stage03.1_screening_attempt04,attempt04,stage03.1_screening_attempt04,stage031_cheap_screening_formal01,formal,rc101_21,2015,"[""c101C5"", ""r105C5"", ""rc105C5"", ""c104C10"", ""r103C10"", ""rc102C10"", ""c106C15"", ""r105C15"", ""rc103C15"", ""c101_21"", ""r101_21"", ""rc101_21""]","[2014, 2015, 2016]",environment,verified_legacy,results/stage03.1_screening_attempt04/rc101_21/2015/stage03.1_screening_attempt04_environment_rc101_21_2015.json,results/stage031-cheap-screening_formal01/environments/rc101_21-alns_stage02_constraint_guided-2015.json,feasible,,pass,READY_FOR_STAGE03_2,READY_FOR_STAGE03_2,pass,134a7416289185d9d3283a81811e3a5aed3cc995bd3629e5e1745d8e87d68215,raw_manifest,5f2508b8a49aa0d538c56e3bf2c45ad03534e7d9eec3cc935b786488d2655c61,e1840ebd3945bac63a1a1db5e13438dc2d1aad0b75fff316f3a4685d50583551,272a3e58d53d4ba9516f01506164cf8a9b98bfeeb8dbd1fd62f6557e4c98e3a1,aa28c1abb93e118b825d224498c4ecbd7435e64eb9e11128ca9316d6df8adc81,b226b97e0e67288aaaf85726ad855df71cb81406685c57c8e8c40cd8996aa0da,0c7b67d6f0b038d803ac018fe78d827ff85f93da,False,"{""VRP-EVRP-Project-Hub"": {""dirty"": false, ""path"": ""/Users/guoyiyang/Documents/GitHub/FURP-2026-Yiyang-GUO-EVRP-TW/reference/VRP-EVRP-Project-Hub"", ""revision"": ""e3a890065105f978187e532642c4442522215e02""}, ""py-ga-VRPTW"": {""dirty"": false, ""path"": ""/Users/guoyiyang/Documents/GitHub/FURP-2026-Yiyang-GUO-EVRP-TW/reference/py-ga-VRPTW"", ""revision"": ""8e005caaaf6471a4505588d88c7f0f5e0d4ebffa""}}",stage03.0_measurement_attempt05,,preserve;see stage03_legacy_path_map.csv,legacy,legacy_json_or_jsonl,none,legacy,legacy_unknown,,,2721,legacy_compatible
stage03.1,screening,stage03.1_screening_attempt04,attempt04,stage03.1_screening_attempt04,stage031_cheap_screening_formal01,formal,rc101_21,2016,"[""c101C5"", ""r105C5"", ""rc105C5"", ""c104C10"", ""r103C10"", ""rc102C10"", ""c106C15"", ""r105C15"", ""rc103C15"", ""c101_21"", ""r101_21"", ""rc101_21""]","[2014, 2015, 2016]",environment,verified_legacy,results/stage03.1_screening_attempt04/rc101_21/2016/stage03.1_screening_attempt04_environment_rc101_21_2016.json,results/stage031-cheap-screening_formal01/environments/rc101_21-alns_stage02_constraint_guided-2016.json,feasible,,pass,READY_FOR_STAGE03_2,READY_FOR_STAGE03_2,pass,49753a4e67b8a42988500e6a77d11d3ff4ca1626e58c59efadd56943df7ff568,raw_manifest,5f2508b8a49aa0d538c56e3bf2c45ad03534e7d9eec3cc935b786488d2655c61,e1840ebd3945bac63a1a1db5e13438dc2d1aad0b75fff316f3a4685d50583551,272a3e58d53d4ba9516f01506164cf8a9b98bfeeb8dbd1fd62f6557e4c98e3a1,a239a332638a8265ee3117d39807e48286e50b2527687f29c8ca6d54e02c756e,b226b97e0e67288aaaf85726ad855df71cb81406685c57c8e8c40cd8996aa0da,0c7b67d6f0b038d803ac018fe78d827ff85f93da,False,"{""VRP-EVRP-Project-Hub"": {""dirty"": false, ""path"": ""/Users/guoyiyang/Documents/GitHub/FURP-2026-Yiyang-GUO-EVRP-TW/reference/VRP-EVRP-Project-Hub"", ""revision"": ""e3a890065105f978187e532642c4442522215e02""}, ""py-ga-VRPTW"": {""dirty"": false, ""path"": ""/Users/guoyiyang/Documents/GitHub/FURP-2026-Yiyang-GUO-EVRP-TW/reference/py-ga-VRPTW"", ""revision"": ""8e005caaaf6471a4505588d88c7f0f5e0d4ebffa""}}",stage03.0_measurement_attempt05,,preserve;see stage03_legacy_path_map.csv,legacy,legacy_json_or_jsonl,none,legacy,legacy_unknown,,,2721,legacy_compatible
stage03.1,screening,stage03.1_screening_attempt04,attempt04,stage03.1_screening_attempt04,stage031_cheap_screening_formal01,formal,rc102C10,2014,"[""c101C5"", ""r105C5"", ""rc105C5"", ""c104C10"", ""r103C10"", ""rc102C10"", ""c106C15"", ""r105C15"", ""rc103C15"", ""c101_21"", ""r101_21"", ""rc101_21""]","[2014, 2015, 2016]",environment,verified_legacy,results/stage03.1_screening_attempt04/rc102C10/2014/stage03.1_screening_attempt04_environment_rc102C10_2014.json,results/stage031-cheap-screening_formal01/environments/rc102C10-alns_stage02_constraint_guided-2014.json,feasible,,pass,READY_FOR_STAGE03_2,READY_FOR_STAGE03_2,pass,87aff761a248ab6e30cd571c80af1a77327a4696b6d5303dc521ee0ea214a7ed,raw_manifest,5f2508b8a49aa0d538c56e3bf2c45ad03534e7d9eec3cc935b786488d2655c61,e1840ebd3945bac63a1a1db5e13438dc2d1aad0b75fff316f3a4685d50583551,b85edffa9a896007203a8f6688731b66fcaeedada2b6deae0a3e3ca4a1a0d1a6,557b0f0c864bcf8054814fc37739ec72eede21eaec94fbf80e5ea14904b8e7c6,b226b97e0e67288aaaf85726ad855df71cb81406685c57c8e8c40cd8996aa0da,0c7b67d6f0b038d803ac018fe78d827ff85f93da,False,"{""VRP-EVRP-Project-Hub"": {""dirty"": false, ""path"": ""/Users/guoyiyang/Documents/GitHub/FURP-2026-Yiyang-GUO-EVRP-TW/reference/VRP-EVRP-Project-Hub"", ""revision"": ""e3a890065105f978187e532642c4442522215e02""}, ""py-ga-VRPTW"": {""dirty"": false, ""path"": ""/Users/guoyiyang/Documents/GitHub/FURP-2026-Yiyang-GUO-EVRP-TW/reference/py-ga-VRPTW"", ""revision"": ""8e005caaaf6471a4505588d88c7f0f5e0d4ebffa""}}",stage03.0_measurement_attempt05,,preserve;see stage03_legacy_path_map.csv,legacy,legacy_json_or_jsonl,none,legacy,legacy_unknown,,,2721,legacy_compatible
stage03.1,screening,stage03.1_screening_attempt04,attempt04,stage03.1_screening_attempt04,stage031_cheap_screening_formal01,formal,rc102C10,2015,"[""c101C5"", ""r105C5"", ""rc105C5"", ""c104C10"", ""r103C10"", ""rc102C10"", ""c106C15"", ""r105C15"", ""rc103C15"", ""c101_21"", ""r101_21"", ""rc101_21""]","[2014, 2015, 2016]",environment,verified_legacy,results/stage03.1_screening_attempt04/rc102C10/2015/stage03.1_screening_attempt04_environment_rc102C10_2015.json,results/stage031-cheap-screening_formal01/environments/rc102C10-alns_stage02_constraint_guided-2015.json,feasible,,pass,READY_FOR_STAGE03_2,READY_FOR_STAGE03_2,pass,8504ec30c715f86f055efb050fc30440f311fd7625535edab1d8fcbc588fe211,raw_manifest,5f2508b8a49aa0d538c56e3bf2c45ad03534e7d9eec3cc935b786488d2655c61,e1840ebd3945bac63a1a1db5e13438dc2d1aad0b75fff316f3a4685d50583551,b85edffa9a896007203a8f6688731b66fcaeedada2b6deae0a3e3ca4a1a0d1a6,215e73c152751488092e43e1b59f0f6797aa7319adeada13813212172eebcba4,b226b97e0e67288aaaf85726ad855df71cb81406685c57c8e8c40cd8996aa0da,0c7b67d6f0b038d803ac018fe78d827ff85f93da,False,"{""VRP-EVRP-Project-Hub"": {""dirty"": false, ""path"": ""/Users/guoyiyang/Documents/GitHub/FURP-2026-Yiyang-GUO-EVRP-TW/reference/VRP-EVRP-Project-Hub"", ""revision"": ""e3a890065105f978187e532642c4442522215e02""}, ""py-ga-VRPTW"": {""dirty"": false, ""path"": ""/Users/guoyiyang/Documents/GitHub/FURP-2026-Yiyang-GUO-EVRP-TW/reference/py-ga-VRPTW"", ""revision"": ""8e005caaaf6471a4505588d88c7f0f5e0d4ebffa""}}",stage03.0_measurement_attempt05,,preserve;see stage03_legacy_path_map.csv,legacy,legacy_json_or_jsonl,none,legacy,legacy_unknown,,,2721,legacy_compatible
stage03.1,screening,stage03.1_screening_attempt04,attempt04,stage03.1_screening_attempt04,stage031_cheap_screening_formal01,formal,rc102C10,2016,"[""c101C5"", ""r105C5"", ""rc105C5"", ""c104C10"", ""r103C10"", ""rc102C10"", ""c106C15"", ""r105C15"", ""rc103C15"", ""c101_21"", ""r101_21"", ""rc101_21""]","[2014, 2015, 2016]",environment,verified_legacy,results/stage03.1_screening_attempt04/rc102C10/2016/stage03.1_screening_attempt04_environment_rc102C10_2016.json,results/stage031-cheap-screening_formal01/environments/rc102C10-alns_stage02_constraint_guided-2016.json,feasible,,pass,READY_FOR_STAGE03_2,READY_FOR_STAGE03_2,pass,193f45d97ddfd35a5407f9be604465a93239824e5fd752b426fcfea10a22b7ca,raw_manifest,5f2508b8a49aa0d538c56e3bf2c45ad03534e7d9eec3cc935b786488d2655c61,e1840ebd3945bac63a1a1db5e13438dc2d1aad0b75fff316f3a4685d50583551,b85edffa9a896007203a8f6688731b66fcaeedada2b6deae0a3e3ca4a1a0d1a6,505192115fd300c67ce67e2f68ce2ccb1ca5304f01a976e00b540d42a7f282dc,b226b97e0e67288aaaf85726ad855df71cb81406685c57c8e8c40cd8996aa0da,0c7b67d6f0b038d803ac018fe78d827ff85f93da,False,"{""VRP-EVRP-Project-Hub"": {""dirty"": false, ""path"": ""/Users/guoyiyang/Documents/GitHub/FURP-2026-Yiyang-GUO-EVRP-TW/reference/VRP-EVRP-Project-Hub"", ""revision"": ""e3a890065105f978187e532642c4442522215e02""}, ""py-ga-VRPTW"": {""dirty"": false, ""path"": ""/Users/guoyiyang/Documents/GitHub/FURP-2026-Yiyang-GUO-EVRP-TW/reference/py-ga-VRPTW"", ""revision"": ""8e005caaaf6471a4505588d88c7f0f5e0d4ebffa""}}",stage03.0_measurement_attempt05,,preserve;see stage03_legacy_path_map.csv,legacy,legacy_json_or_jsonl,none,legacy,legacy_unknown,,,2721,legacy_compatible
stage03.1,screening,stage03.1_screening_attempt04,attempt04,stage03.1_screening_attempt04,stage031_cheap_screening_formal01,formal,rc103C15,2014,"[""c101C5"", ""r105C5"", ""rc105C5"", ""c104C10"", ""r103C10"", ""rc102C10"", ""c106C15"", ""r105C15"", ""rc103C15"", ""c101_21"", ""r101_21"", ""rc101_21""]","[2014, 2015, 2016]",environment,verified_legacy,results/stage03.1_screening_attempt04/rc103C15/2014/stage03.1_screening_attempt04_environment_rc103C15_2014.json,results/stage031-cheap-screening_formal01/environments/rc103C15-alns_stage02_constraint_guided-2014.json,feasible,,pass,READY_FOR_STAGE03_2,READY_FOR_STAGE03_2,pass,f6373cc55982d01bac914c835fa4337b1ff19c244fb680b4a2f26fcd5965c3f4,raw_manifest,5f2508b8a49aa0d538c56e3bf2c45ad03534e7d9eec3cc935b786488d2655c61,e1840ebd3945bac63a1a1db5e13438dc2d1aad0b75fff316f3a4685d50583551,51cbd950e7a76acae3add1f93d4c5f3b906f1e0ca5b47f46b068ff4f52e43c4a,e0dc7bd9f0431d82d808ecfce29d5384fd06b4dd021a39d0620311d37e92d5a4,b226b97e0e67288aaaf85726ad855df71cb81406685c57c8e8c40cd8996aa0da,0c7b67d6f0b038d803ac018fe78d827ff85f93da,False,"{""VRP-EVRP-Project-Hub"": {""dirty"": false, ""path"": ""/Users/guoyiyang/Documents/GitHub/FURP-2026-Yiyang-GUO-EVRP-TW/reference/VRP-EVRP-Project-Hub"", ""revision"": ""e3a890065105f978187e532642c4442522215e02""}, ""py-ga-VRPTW"": {""dirty"": false, ""path"": ""/Users/guoyiyang/Documents/GitHub/FURP-2026-Yiyang-GUO-EVRP-TW/reference/py-ga-VRPTW"", ""revision"": ""8e005caaaf6471a4505588d88c7f0f5e0d4ebffa""}}",stage03.0_measurement_attempt05,,preserve;see stage03_legacy_path_map.csv,legacy,legacy_json_or_jsonl,none,legacy,legacy_unknown,,,2721,legacy_compatible
stage03.1,screening,stage03.1_screening_attempt04,attempt04,stage03.1_screening_attempt04,stage031_cheap_screening_formal01,formal,rc103C15,2015,"[""c101C5"", ""r105C5"", ""rc105C5"", ""c104C10"", ""r103C10"", ""rc102C10"", ""c106C15"", ""r105C15"", ""rc103C15"", ""c101_21"", ""r101_21"", ""rc101_21""]","[2014, 2015, 2016]",environment,verified_legacy,results/stage03.1_screening_attempt04/rc103C15/2015/stage03.1_screening_attempt04_environment_rc103C15_2015.json,results/stage031-cheap-screening_formal01/environments/rc103C15-alns_stage02_constraint_guided-2015.json,feasible,,pass,READY_FOR_STAGE03_2,READY_FOR_STAGE03_2,pass,5117ef1a910e4f511e398e5f73c80020e1b037b7d5fefb19f0ab530c392863cc,raw_manifest,5f2508b8a49aa0d538c56e3bf2c45ad03534e7d9eec3cc935b786488d2655c61,e1840ebd3945bac63a1a1db5e13438dc2d1aad0b75fff316f3a4685d50583551,51cbd950e7a76acae3add1f93d4c5f3b906f1e0ca5b47f46b068ff4f52e43c4a,48bc0fca7be2cef71c575283ba013dcde3e8a2b4ee59076fc655ccb1c8da2db8,b226b97e0e67288aaaf85726ad855df71cb81406685c57c8e8c40cd8996aa0da,0c7b67d6f0b038d803ac018fe78d827ff85f93da,False,"{""VRP-EVRP-Project-Hub"": {""dirty"": false, ""path"": ""/Users/guoyiyang/Documents/GitHub/FURP-2026-Yiyang-GUO-EVRP-TW/reference/VRP-EVRP-Project-Hub"", ""revision"": ""e3a890065105f978187e532642c4442522215e02""}, ""py-ga-VRPTW"": {""dirty"": false, ""path"": ""/Users/guoyiyang/Documents/GitHub/FURP-2026-Yiyang-GUO-EVRP-TW/reference/py-ga-VRPTW"", ""revision"": ""8e005caaaf6471a4505588d88c7f0f5e0d4ebffa""}}",stage03.0_measurement_attempt05,,preserve;see stage03_legacy_path_map.csv,legacy,legacy_json_or_jsonl,none,legacy,legacy_unknown,,,2721,legacy_compatible
stage03.1,screening,stage03.1_screening_attempt04,attempt04,stage03.1_screening_attempt04,stage031_cheap_screening_formal01,formal,rc103C15,2016,"[""c101C5"", ""r105C5"", ""rc105C5"", ""c104C10"", ""r103C10"", ""rc102C10"", ""c106C15"", ""r105C15"", ""rc103C15"", ""c101_21"", ""r101_21"", ""rc101_21""]","[2014, 2015, 2016]",environment,verified_legacy,results/stage03.1_screening_attempt04/rc103C15/2016/stage03.1_screening_attempt04_environment_rc103C15_2016.json,results/stage031-cheap-screening_formal01/environments/rc103C15-alns_stage02_constraint_guided-2016.json,feasible,,pass,READY_FOR_STAGE03_2,READY_FOR_STAGE03_2,pass,9feb5867160f9a4c6210c0c3beefcbd2d42082ac87ecf48c905010f4c2efeedc,raw_manifest,5f2508b8a49aa0d538c56e3bf2c45ad03534e7d9eec3cc935b786488d2655c61,e1840ebd3945bac63a1a1db5e13438dc2d1aad0b75fff316f3a4685d50583551,51cbd950e7a76acae3add1f93d4c5f3b906f1e0ca5b47f46b068ff4f52e43c4a,30b15f9d0f1f38889bf666fa5cfaa4a2f9088d2930fc82e4a819ae1e7f344113,b226b97e0e67288aaaf85726ad855df71cb81406685c57c8e8c40cd8996aa0da,0c7b67d6f0b038d803ac018fe78d827ff85f93da,False,"{""VRP-EVRP-Project-Hub"": {""dirty"": false, ""path"": ""/Users/guoyiyang/Documents/GitHub/FURP-2026-Yiyang-GUO-EVRP-TW/reference/VRP-EVRP-Project-Hub"", ""revision"": ""e3a890065105f978187e532642c4442522215e02""}, ""py-ga-VRPTW"": {""dirty"": false, ""path"": ""/Users/guoyiyang/Documents/GitHub/FURP-2026-Yiyang-GUO-EVRP-TW/reference/py-ga-VRPTW"", ""revision"": ""8e005caaaf6471a4505588d88c7f0f5e0d4ebffa""}}",stage03.0_measurement_attempt05,,preserve;see stage03_legacy_path_map.csv,legacy,legacy_json_or_jsonl,none,legacy,legacy_unknown,,,2721,legacy_compatible
stage03.1,screening,stage03.1_screening_attempt04,attempt04,stage03.1_screening_attempt04,stage031_cheap_screening_formal01,formal,rc105C5,2014,"[""c101C5"", ""r105C5"", ""rc105C5"", ""c104C10"", ""r103C10"", ""rc102C10"", ""c106C15"", ""r105C15"", ""rc103C15"", ""c101_21"", ""r101_21"", ""rc101_21""]","[2014, 2015, 2016]",environment,verified_legacy,results/stage03.1_screening_attempt04/rc105C5/2014/stage03.1_screening_attempt04_environment_rc105C5_2014.json,results/stage031-cheap-screening_formal01/environments/rc105C5-alns_stage02_constraint_guided-2014.json,feasible,,pass,READY_FOR_STAGE03_2,READY_FOR_STAGE03_2,pass,af97100e9ebd2fe2e3287ab3b84594b6b39b798148e155409629c4f77da682f1,raw_manifest,5f2508b8a49aa0d538c56e3bf2c45ad03534e7d9eec3cc935b786488d2655c61,e1840ebd3945bac63a1a1db5e13438dc2d1aad0b75fff316f3a4685d50583551,2ccfba6c447fa43a994934690acb67c7355ca04d232394907ed6938bc362c643,782a95b68b0fe31e5bda7909e5c04561f68632a01b5eb3eb842d8ab31d44b8ff,b226b97e0e67288aaaf85726ad855df71cb81406685c57c8e8c40cd8996aa0da,0c7b67d6f0b038d803ac018fe78d827ff85f93da,False,"{""VRP-EVRP-Project-Hub"": {""dirty"": false, ""path"": ""/Users/guoyiyang/Documents/GitHub/FURP-2026-Yiyang-GUO-EVRP-TW/reference/VRP-EVRP-Project-Hub"", ""revision"": ""e3a890065105f978187e532642c4442522215e02""}, ""py-ga-VRPTW"": {""dirty"": false, ""path"": ""/Users/guoyiyang/Documents/GitHub/FURP-2026-Yiyang-GUO-EVRP-TW/reference/py-ga-VRPTW"", ""revision"": ""8e005caaaf6471a4505588d88c7f0f5e0d4ebffa""}}",stage03.0_measurement_attempt05,,preserve;see stage03_legacy_path_map.csv,legacy,legacy_json_or_jsonl,none,legacy,legacy_unknown,,,2720,legacy_compatible
stage03.1,screening,stage03.1_screening_attempt04,attempt04,stage03.1_screening_attempt04,stage031_cheap_screening_formal01,formal,rc105C5,2015,"[""c101C5"", ""r105C5"", ""rc105C5"", ""c104C10"", ""r103C10"", ""rc102C10"", ""c106C15"", ""r105C15"", ""rc103C15"", ""c101_21"", ""r101_21"", ""rc101_21""]","[2014, 2015, 2016]",environment,verified_legacy,results/stage03.1_screening_attempt04/rc105C5/2015/stage03.1_screening_attempt04_environment_rc105C5_2015.json,results/stage031-cheap-screening_formal01/environments/rc105C5-alns_stage02_constraint_guided-2015.json,feasible,,pass,READY_FOR_STAGE03_2,READY_FOR_STAGE03_2,pass,44661ac2ce06935e8b34ca6e8bbc8c7d5fb3e67cd85f5fe2b76322c2d2339439,raw_manifest,5f2508b8a49aa0d538c56e3bf2c45ad03534e7d9eec3cc935b786488d2655c61,e1840ebd3945bac63a1a1db5e13438dc2d1aad0b75fff316f3a4685d50583551,2ccfba6c447fa43a994934690acb67c7355ca04d232394907ed6938bc362c643,87e54e7cd642270a13c9544ccd2a732ca06453b81b58639a95d67ed8625d1e85,b226b97e0e67288aaaf85726ad855df71cb81406685c57c8e8c40cd8996aa0da,0c7b67d6f0b038d803ac018fe78d827ff85f93da,False,"{""VRP-EVRP-Project-Hub"": {""dirty"": false, ""path"": ""/Users/guoyiyang/Documents/GitHub/FURP-2026-Yiyang-GUO-EVRP-TW/reference/VRP-EVRP-Project-Hub"", ""revision"": ""e3a890065105f978187e532642c4442522215e02""}, ""py-ga-VRPTW"": {""dirty"": false, ""path"": ""/Users/guoyiyang/Documents/GitHub/FURP-2026-Yiyang-GUO-EVRP-TW/reference/py-ga-VRPTW"", ""revision"": ""8e005caaaf6471a4505588d88c7f0f5e0d4ebffa""}}",stage03.0_measurement_attempt05,,preserve;see stage03_legacy_path_map.csv,legacy,legacy_json_or_jsonl,none,legacy,legacy_unknown,,,2720,legacy_compatible
stage03.1,screening,stage03.1_screening_attempt04,attempt04,stage03.1_screening_attempt04,stage031_cheap_screening_formal01,formal,rc105C5,2016,"[""c101C5"", ""r105C5"", ""rc105C5"", ""c104C10"", ""r103C10"", ""rc102C10"", ""c106C15"", ""r105C15"", ""rc103C15"", ""c101_21"", ""r101_21"", ""rc101_21""]","[2014, 2015, 2016]",environment,verified_legacy,results/stage03.1_screening_attempt04/rc105C5/2016/stage03.1_screening_attempt04_environment_rc105C5_2016.json,results/stage031-cheap-screening_formal01/environments/rc105C5-alns_stage02_constraint_guided-2016.json,feasible,,pass,READY_FOR_STAGE03_2,READY_FOR_STAGE03_2,pass,211f89d204b26067079b27205b9f05f3667832b9c96847ec32a5b0ae498ff8a2,raw_manifest,5f2508b8a49aa0d538c56e3bf2c45ad03534e7d9eec3cc935b786488d2655c61,e1840ebd3945bac63a1a1db5e13438dc2d1aad0b75fff316f3a4685d50583551,2ccfba6c447fa43a994934690acb67c7355ca04d232394907ed6938bc362c643,260009558f27e91906ee61dd8d01599c7025ae9d1f091464b320550c83942b86,b226b97e0e67288aaaf85726ad855df71cb81406685c57c8e8c40cd8996aa0da,0c7b67d6f0b038d803ac018fe78d827ff85f93da,False,"{""VRP-EVRP-Project-Hub"": {""dirty"": false, ""path"": ""/Users/guoyiyang/Documents/GitHub/FURP-2026-Yiyang-GUO-EVRP-TW/reference/VRP-EVRP-Project-Hub"", ""revision"": ""e3a890065105f978187e532642c4442522215e02""}, ""py-ga-VRPTW"": {""dirty"": false, ""path"": ""/Users/guoyiyang/Documents/GitHub/FURP-2026-Yiyang-GUO-EVRP-TW/reference/py-ga-VRPTW"", ""revision"": ""8e005caaaf6471a4505588d88c7f0f5e0d4ebffa""}}",stage03.0_measurement_attempt05,,preserve;see stage03_legacy_path_map.csv,legacy,legacy_json_or_jsonl,none,legacy,legacy_unknown,,,2720,legacy_compatible
stage03.1,screening,stage03.1_screening_attempt04,attempt04,stage03.1_screening_attempt04,stage031_cheap_screening_formal01,formal,c101C5,2014,"[""c101C5"", ""r105C5"", ""rc105C5"", ""c104C10"", ""r103C10"", ""rc102C10"", ""c106C15"", ""r105C15"", ""rc103C15"", ""c101_21"", ""r101_21"", ""rc101_21""]","[2014, 2015, 2016]",events,verified_legacy,results/stage03.1_screening_attempt04/c101C5/2014/stage03.1_screening_attempt04_events_c101C5_2014.jsonl,results/stage031-cheap-screening_formal01/events/c101C5-alns_stage02_constraint_guided-2014.jsonl,feasible,,pass,READY_FOR_STAGE03_2,READY_FOR_STAGE03_2,pass,8622d451d2b2e910196b03604b9ea1711d281714fd25c9e4795768c913e2b664,raw_manifest,5f2508b8a49aa0d538c56e3bf2c45ad03534e7d9eec3cc935b786488d2655c61,e1840ebd3945bac63a1a1db5e13438dc2d1aad0b75fff316f3a4685d50583551,8612d6d9aad051776097a5e50c7408f39352b8107b0639d58e5eda713f9ff876,da044124afa7514bbc2885e349a65dafc16fc3d038cd3acd791200fb5c6567cf,b226b97e0e67288aaaf85726ad855df71cb81406685c57c8e8c40cd8996aa0da,0c7b67d6f0b038d803ac018fe78d827ff85f93da,False,"{""VRP-EVRP-Project-Hub"": {""dirty"": false, ""path"": ""/Users/guoyiyang/Documents/GitHub/FURP-2026-Yiyang-GUO-EVRP-TW/reference/VRP-EVRP-Project-Hub"", ""revision"": ""e3a890065105f978187e532642c4442522215e02""}, ""py-ga-VRPTW"": {""dirty"": false, ""path"": ""/Users/guoyiyang/Documents/GitHub/FURP-2026-Yiyang-GUO-EVRP-TW/reference/py-ga-VRPTW"", ""revision"": ""8e005caaaf6471a4505588d88c7f0f5e0d4ebffa""}}",stage03.0_measurement_attempt05,,preserve;see stage03_legacy_path_map.csv,legacy,legacy_json_or_jsonl,none,legacy,legacy_unknown,,,3523238,legacy_compatible
stage03.1,screening,stage03.1_screening_attempt04,attempt04,stage03.1_screening_attempt04,stage031_cheap_screening_formal01,formal,c101C5,2015,"[""c101C5"", ""r105C5"", ""rc105C5"", ""c104C10"", ""r103C10"", ""rc102C10"", ""c106C15"", ""r105C15"", ""rc103C15"", ""c101_21"", ""r101_21"", ""rc101_21""]","[2014, 2015, 2016]",events,verified_legacy,results/stage03.1_screening_attempt04/c101C5/2015/stage03.1_screening_attempt04_events_c101C5_2015.jsonl,results/stage031-cheap-screening_formal01/events/c101C5-alns_stage02_constraint_guided-2015.jsonl,feasible,,pass,READY_FOR_STAGE03_2,READY_FOR_STAGE03_2,pass,c2ba16aeaebeb9b0dafb75b1e9bf1e25c2bd10995688ab99aa67815fa4190983,raw_manifest,5f2508b8a49aa0d538c56e3bf2c45ad03534e7d9eec3cc935b786488d2655c61,e1840ebd3945bac63a1a1db5e13438dc2d1aad0b75fff316f3a4685d50583551,8612d6d9aad051776097a5e50c7408f39352b8107b0639d58e5eda713f9ff876,ac5ace8fa98be286d6be19169954e0828d934cf01e35326d67011fa23f2300cb,b226b97e0e67288aaaf85726ad855df71cb81406685c57c8e8c40cd8996aa0da,0c7b67d6f0b038d803ac018fe78d827ff85f93da,False,"{""VRP-EVRP-Project-Hub"": {""dirty"": false, ""path"": ""/Users/guoyiyang/Documents/GitHub/FURP-2026-Yiyang-GUO-EVRP-TW/reference/VRP-EVRP-Project-Hub"", ""revision"": ""e3a890065105f978187e532642c4442522215e02""}, ""py-ga-VRPTW"": {""dirty"": false, ""path"": ""/Users/guoyiyang/Documents/GitHub/FURP-2026-Yiyang-GUO-EVRP-TW/reference/py-ga-VRPTW"", ""revision"": ""8e005caaaf6471a4505588d88c7f0f5e0d4ebffa""}}",stage03.0_measurement_attempt05,,preserve;see stage03_legacy_path_map.csv,legacy,legacy_json_or_jsonl,none,legacy,legacy_unknown,,,3513867,legacy_compatible
stage03.1,screening,stage03.1_screening_attempt04,attempt04,stage03.1_screening_attempt04,stage031_cheap_screening_formal01,formal,c101C5,2016,"[""c101C5"", ""r105C5"", ""rc105C5"", ""c104C10"", ""r103C10"", ""rc102C10"", ""c106C15"", ""r105C15"", ""rc103C15"", ""c101_21"", ""r101_21"", ""rc101_21""]","[2014, 2015, 2016]",events,verified_legacy,results/stage03.1_screening_attempt04/c101C5/2016/stage03.1_screening_attempt04_events_c101C5_2016.jsonl,results/stage031-cheap-screening_formal01/events/c101C5-alns_stage02_constraint_guided-2016.jsonl,feasible,,pass,READY_FOR_STAGE03_2,READY_FOR_STAGE03_2,pass,3ede090c6e4d904b17962bc46d190990c8bc38ef9c73de19a6732e4b2841a845,raw_manifest,5f2508b8a49aa0d538c56e3bf2c45ad03534e7d9eec3cc935b786488d2655c61,e1840ebd3945bac63a1a1db5e13438dc2d1aad0b75fff316f3a4685d50583551,8612d6d9aad051776097a5e50c7408f39352b8107b0639d58e5eda713f9ff876,3365da4477cf2e4fa32be244a86d1e6e632c486bd8fa5024a6233e7c75ab6dbc,b226b97e0e67288aaaf85726ad855df71cb81406685c57c8e8c40cd8996aa0da,0c7b67d6f0b038d803ac018fe78d827ff85f93da,False,"{""VRP-EVRP-Project-Hub"": {""dirty"": false, ""path"": ""/Users/guoyiyang/Documents/GitHub/FURP-2026-Yiyang-GUO-EVRP-TW/reference/VRP-EVRP-Project-Hub"", ""revision"": ""e3a890065105f978187e532642c4442522215e02""}, ""py-ga-VRPTW"": {""dirty"": false, ""path"": ""/Users/guoyiyang/Documents/GitHub/FURP-2026-Yiyang-GUO-EVRP-TW/reference/py-ga-VRPTW"", ""revision"": ""8e005caaaf6471a4505588d88c7f0f5e0d4ebffa""}}",stage03.0_measurement_attempt05,,preserve;see stage03_legacy_path_map.csv,legacy,legacy_json_or_jsonl,none,legacy,legacy_unknown,,,3499808,legacy_compatible
stage03.1,screening,stage03.1_screening_attempt04,attempt04,stage03.1_screening_attempt04,stage031_cheap_screening_formal01,formal,c101_21,2014,"[""c101C5"", ""r105C5"", ""rc105C5"", ""c104C10"", ""r103C10"", ""rc102C10"", ""c106C15"", ""r105C15"", ""rc103C15"", ""c101_21"", ""r101_21"", ""rc101_21""]","[2014, 2015, 2016]",events,verified_legacy,results/stage03.1_screening_attempt04/c101_21/2014/stage03.1_screening_attempt04_events_c101_21_2014.jsonl,results/stage031-cheap-screening_formal01/events/c101_21-alns_stage02_constraint_guided-2014.jsonl,feasible,,pass,READY_FOR_STAGE03_2,READY_FOR_STAGE03_2,pass,2f8b48f9aab310f67d814a0face7c2239a5ad51662028f6cc934e29d2a924be9,raw_manifest,5f2508b8a49aa0d538c56e3bf2c45ad03534e7d9eec3cc935b786488d2655c61,e1840ebd3945bac63a1a1db5e13438dc2d1aad0b75fff316f3a4685d50583551,c5cda6ca63a7d518902cf4b02d98b4aa0f373aaa0658d5c666d1c46d38871cb9,964812081f71eaa2944639f49e974839ff1d1889af08b4667fc226bfba80eb52,b226b97e0e67288aaaf85726ad855df71cb81406685c57c8e8c40cd8996aa0da,0c7b67d6f0b038d803ac018fe78d827ff85f93da,False,"{""VRP-EVRP-Project-Hub"": {""dirty"": false, ""path"": ""/Users/guoyiyang/Documents/GitHub/FURP-2026-Yiyang-GUO-EVRP-TW/reference/VRP-EVRP-Project-Hub"", ""revision"": ""e3a890065105f978187e532642c4442522215e02""}, ""py-ga-VRPTW"": {""dirty"": false, ""path"": ""/Users/guoyiyang/Documents/GitHub/FURP-2026-Yiyang-GUO-EVRP-TW/reference/py-ga-VRPTW"", ""revision"": ""8e005caaaf6471a4505588d88c7f0f5e0d4ebffa""}}",stage03.0_measurement_attempt05,,preserve;see stage03_legacy_path_map.csv,legacy,legacy_json_or_jsonl,none,legacy,legacy_unknown,,,20667052,legacy_compatible
stage03.1,screening,stage03.1_screening_attempt04,attempt04,stage03.1_screening_attempt04,stage031_cheap_screening_formal01,formal,c101_21,2015,"[""c101C5"", ""r105C5"", ""rc105C5"", ""c104C10"", ""r103C10"", ""rc102C10"", ""c106C15"", ""r105C15"", ""rc103C15"", ""c101_21"", ""r101_21"", ""rc101_21""]","[2014, 2015, 2016]",events,verified_legacy,results/stage03.1_screening_attempt04/c101_21/2015/stage03.1_screening_attempt04_events_c101_21_2015.jsonl,results/stage031-cheap-screening_formal01/events/c101_21-alns_stage02_constraint_guided-2015.jsonl,feasible,,pass,READY_FOR_STAGE03_2,READY_FOR_STAGE03_2,pass,a92e97c835d04babfd6e86a2142f73c61a9b5339870f22c323087164f0f98c1f,raw_manifest,5f2508b8a49aa0d538c56e3bf2c45ad03534e7d9eec3cc935b786488d2655c61,e1840ebd3945bac63a1a1db5e13438dc2d1aad0b75fff316f3a4685d50583551,c5cda6ca63a7d518902cf4b02d98b4aa0f373aaa0658d5c666d1c46d38871cb9,6491a0af6222a2835b2d8fdea4420243781fd0013d7ddd6756ffa062e5c4a8f6,b226b97e0e67288aaaf85726ad855df71cb81406685c57c8e8c40cd8996aa0da,0c7b67d6f0b038d803ac018fe78d827ff85f93da,False,"{""VRP-EVRP-Project-Hub"": {""dirty"": false, ""path"": ""/Users/guoyiyang/Documents/GitHub/FURP-2026-Yiyang-GUO-EVRP-TW/reference/VRP-EVRP-Project-Hub"", ""revision"": ""e3a890065105f978187e532642c4442522215e02""}, ""py-ga-VRPTW"": {""dirty"": false, ""path"": ""/Users/guoyiyang/Documents/GitHub/FURP-2026-Yiyang-GUO-EVRP-TW/reference/py-ga-VRPTW"", ""revision"": ""8e005caaaf6471a4505588d88c7f0f5e0d4ebffa""}}",stage03.0_measurement_attempt05,,preserve;see stage03_legacy_path_map.csv,legacy,legacy_json_or_jsonl,none,legacy,legacy_unknown,,,18133127,legacy_compatible
stage03.1,screening,stage03.1_screening_attempt04,attempt04,stage03.1_screening_attempt04,stage031_cheap_screening_formal01,formal,c101_21,2016,"[""c101C5"", ""r105C5"", ""rc105C5"", ""c104C10"", ""r103C10"", ""rc102C10"", ""c106C15"", ""r105C15"", ""rc103C15"", ""c101_21"", ""r101_21"", ""rc101_21""]","[2014, 2015, 2016]",events,verified_legacy,results/stage03.1_screening_attempt04/c101_21/2016/stage03.1_screening_attempt04_events_c101_21_2016.jsonl,results/stage031-cheap-screening_formal01/events/c101_21-alns_stage02_constraint_guided-2016.jsonl,feasible,,pass,READY_FOR_STAGE03_2,READY_FOR_STAGE03_2,pass,9e23518b6f5054704ddb5293bc1d915ebaaf25e486fef6b45e3a0b296d037db1,raw_manifest,5f2508b8a49aa0d538c56e3bf2c45ad03534e7d9eec3cc935b786488d2655c61,e1840ebd3945bac63a1a1db5e13438dc2d1aad0b75fff316f3a4685d50583551,c5cda6ca63a7d518902cf4b02d98b4aa0f373aaa0658d5c666d1c46d38871cb9,ea055ae71569c1a17249d87cbad6c3d77936573e4248c8ebfca6848ce9ddd358,b226b97e0e67288aaaf85726ad855df71cb81406685c57c8e8c40cd8996aa0da,0c7b67d6f0b038d803ac018fe78d827ff85f93da,False,"{""VRP-EVRP-Project-Hub"": {""dirty"": false, ""path"": ""/Users/guoyiyang/Documents/GitHub/FURP-2026-Yiyang-GUO-EVRP-TW/reference/VRP-EVRP-Project-Hub"", ""revision"": ""e3a890065105f978187e532642c4442522215e02""}, ""py-ga-VRPTW"": {""dirty"": false, ""path"": ""/Users/guoyiyang/Documents/GitHub/FURP-2026-Yiyang-GUO-EVRP-TW/reference/py-ga-VRPTW"", ""revision"": ""8e005caaaf6471a4505588d88c7f0f5e0d4ebffa""}}",stage03.0_measurement_attempt05,,preserve;see stage03_legacy_path_map.csv,legacy,legacy_json_or_jsonl,none,legacy,legacy_unknown,,,16767697,legacy_compatible
stage03.1,screening,stage03.1_screening_attempt04,attempt04,stage03.1_screening_attempt04,stage031_cheap_screening_formal01,formal,c104C10,2014,"[""c101C5"", ""r105C5"", ""rc105C5"", ""c104C10"", ""r103C10"", ""rc102C10"", ""c106C15"", ""r105C15"", ""rc103C15"", ""c101_21"", ""r101_21"", ""rc101_21""]","[2014, 2015, 2016]",events,verified_legacy,results/stage03.1_screening_attempt04/c104C10/2014/stage03.1_screening_attempt04_events_c104C10_2014.jsonl,results/stage031-cheap-screening_formal01/events/c104C10-alns_stage02_constraint_guided-2014.jsonl,feasible,,pass,READY_FOR_STAGE03_2,READY_FOR_STAGE03_2,pass,59139227ceae37f372da19f260b9cf5ebcf98afe5900f18661e5c0b76e62fcaa,raw_manifest,5f2508b8a49aa0d538c56e3bf2c45ad03534e7d9eec3cc935b786488d2655c61,e1840ebd3945bac63a1a1db5e13438dc2d1aad0b75fff316f3a4685d50583551,f7816af706c1cf32dacaee45c710ff93ce53c9b56d17df657044e61e63d2c04b,d7737acb7115d32b8838a183a4922588f37740364e494dcef6098ecb85df253c,b226b97e0e67288aaaf85726ad855df71cb81406685c57c8e8c40cd8996aa0da,0c7b67d6f0b038d803ac018fe78d827ff85f93da,False,"{""VRP-EVRP-Project-Hub"": {""dirty"": false, ""path"": ""/Users/guoyiyang/Documents/GitHub/FURP-2026-Yiyang-GUO-EVRP-TW/reference/VRP-EVRP-Project-Hub"", ""revision"": ""e3a890065105f978187e532642c4442522215e02""}, ""py-ga-VRPTW"": {""dirty"": false, ""path"": ""/Users/guoyiyang/Documents/GitHub/FURP-2026-Yiyang-GUO-EVRP-TW/reference/py-ga-VRPTW"", ""revision"": ""8e005caaaf6471a4505588d88c7f0f5e0d4ebffa""}}",stage03.0_measurement_attempt05,,preserve;see stage03_legacy_path_map.csv,legacy,legacy_json_or_jsonl,none,legacy,legacy_unknown,,,3870815,legacy_compatible
stage03.1,screening,stage03.1_screening_attempt04,attempt04,stage03.1_screening_attempt04,stage031_cheap_screening_formal01,formal,c104C10,2015,"[""c101C5"", ""r105C5"", ""rc105C5"", ""c104C10"", ""r103C10"", ""rc102C10"", ""c106C15"", ""r105C15"", ""rc103C15"", ""c101_21"", ""r101_21"", ""rc101_21""]","[2014, 2015, 2016]",events,verified_legacy,results/stage03.1_screening_attempt04/c104C10/2015/stage03.1_screening_attempt04_events_c104C10_2015.jsonl,results/stage031-cheap-screening_formal01/events/c104C10-alns_stage02_constraint_guided-2015.jsonl,feasible,,pass,READY_FOR_STAGE03_2,READY_FOR_STAGE03_2,pass,c0c1b1bc2d89f0a431cc88ba933e1e2ecd10701e360e32186b193d8b94cc0caa,raw_manifest,5f2508b8a49aa0d538c56e3bf2c45ad03534e7d9eec3cc935b786488d2655c61,e1840ebd3945bac63a1a1db5e13438dc2d1aad0b75fff316f3a4685d50583551,f7816af706c1cf32dacaee45c710ff93ce53c9b56d17df657044e61e63d2c04b,337e5508df8fb365db43f4409b5fe4a08e77c8e22d7e847c07d21f78b14eeb95,b226b97e0e67288aaaf85726ad855df71cb81406685c57c8e8c40cd8996aa0da,0c7b67d6f0b038d803ac018fe78d827ff85f93da,False,"{""VRP-EVRP-Project-Hub"": {""dirty"": false, ""path"": ""/Users/guoyiyang/Documents/GitHub/FURP-2026-Yiyang-GUO-EVRP-TW/reference/VRP-EVRP-Project-Hub"", ""revision"": ""e3a890065105f978187e532642c4442522215e02""}, ""py-ga-VRPTW"": {""dirty"": false, ""path"": ""/Users/guoyiyang/Documents/GitHub/FURP-2026-Yiyang-GUO-EVRP-TW/reference/py-ga-VRPTW"", ""revision"": ""8e005caaaf6471a4505588d88c7f0f5e0d4ebffa""}}",stage03.0_measurement_attempt05,,preserve;see stage03_legacy_path_map.csv,legacy,legacy_json_or_jsonl,none,legacy,legacy_unknown,,,3744598,legacy_compatible
stage03.1,screening,stage03.1_screening_attempt04,attempt04,stage03.1_screening_attempt04,stage031_cheap_screening_formal01,formal,c104C10,2016,"[""c101C5"", ""r105C5"", ""rc105C5"", ""c104C10"", ""r103C10"", ""rc102C10"", ""c106C15"", ""r105C15"", ""rc103C15"", ""c101_21"", ""r101_21"", ""rc101_21""]","[2014, 2015, 2016]",events,verified_legacy,results/stage03.1_screening_attempt04/c104C10/2016/stage03.1_screening_attempt04_events_c104C10_2016.jsonl,results/stage031-cheap-screening_formal01/events/c104C10-alns_stage02_constraint_guided-2016.jsonl,feasible,,pass,READY_FOR_STAGE03_2,READY_FOR_STAGE03_2,pass,1088d0861de2da64a824e163cb5c493f23663f23899dc0da67e35f2602c29851,raw_manifest,5f2508b8a49aa0d538c56e3bf2c45ad03534e7d9eec3cc935b786488d2655c61,e1840ebd3945bac63a1a1db5e13438dc2d1aad0b75fff316f3a4685d50583551,f7816af706c1cf32dacaee45c710ff93ce53c9b56d17df657044e61e63d2c04b,16c0154c9f6dae759583c1072d2d14d533daffe0dc21fb5698a0b764ee5621b3,b226b97e0e67288aaaf85726ad855df71cb81406685c57c8e8c40cd8996aa0da,0c7b67d6f0b038d803ac018fe78d827ff85f93da,False,"{""VRP-EVRP-Project-Hub"": {""dirty"": false, ""path"": ""/Users/guoyiyang/Documents/GitHub/FURP-2026-Yiyang-GUO-EVRP-TW/reference/VRP-EVRP-Project-Hub"", ""revision"": ""e3a890065105f978187e532642c4442522215e02""}, ""py-ga-VRPTW"": {""dirty"": false, ""path"": ""/Users/guoyiyang/Documents/GitHub/FURP-2026-Yiyang-GUO-EVRP-TW/reference/py-ga-VRPTW"", ""revision"": ""8e005caaaf6471a4505588d88c7f0f5e0d4ebffa""}}",stage03.0_measurement_attempt05,,preserve;see stage03_legacy_path_map.csv,legacy,legacy_json_or_jsonl,none,legacy,legacy_unknown,,,3686858,legacy_compatible
stage03.1,screening,stage03.1_screening_attempt04,attempt04,stage03.1_screening_attempt04,stage031_cheap_screening_formal01,formal,c106C15,2014,"[""c101C5"", ""r105C5"", ""rc105C5"", ""c104C10"", ""r103C10"", ""rc102C10"", ""c106C15"", ""r105C15"", ""rc103C15"", ""c101_21"", ""r101_21"", ""rc101_21""]","[2014, 2015, 2016]",events,verified_legacy,results/stage03.1_screening_attempt04/c106C15/2014/stage03.1_screening_attempt04_events_c106C15_2014.jsonl,results/stage031-cheap-screening_formal01/events/c106C15-alns_stage02_constraint_guided-2014.jsonl,feasible,,pass,READY_FOR_STAGE03_2,READY_FOR_STAGE03_2,pass,777488ab2478cb5820bbbdc105c82efa702e4162e7e821d1a142107f555e41c9,raw_manifest,5f2508b8a49aa0d538c56e3bf2c45ad03534e7d9eec3cc935b786488d2655c61,e1840ebd3945bac63a1a1db5e13438dc2d1aad0b75fff316f3a4685d50583551,eba58a458a9fd13ae8fd404df8db1d04e49271326316256ee060468048881a86,571e536f7f6028d032f946d9a3e945abe00b7c52eec0a87880917d3d272b097a,b226b97e0e67288aaaf85726ad855df71cb81406685c57c8e8c40cd8996aa0da,0c7b67d6f0b038d803ac018fe78d827ff85f93da,False,"{""VRP-EVRP-Project-Hub"": {""dirty"": false, ""path"": ""/Users/guoyiyang/Documents/GitHub/FURP-2026-Yiyang-GUO-EVRP-TW/reference/VRP-EVRP-Project-Hub"", ""revision"": ""e3a890065105f978187e532642c4442522215e02""}, ""py-ga-VRPTW"": {""dirty"": false, ""path"": ""/Users/guoyiyang/Documents/GitHub/FURP-2026-Yiyang-GUO-EVRP-TW/reference/py-ga-VRPTW"", ""revision"": ""8e005caaaf6471a4505588d88c7f0f5e0d4ebffa""}}",stage03.0_measurement_attempt05,,preserve;see stage03_legacy_path_map.csv,legacy,legacy_json_or_jsonl,none,legacy,legacy_unknown,,,5405164,legacy_compatible
stage03.1,screening,stage03.1_screening_attempt04,attempt04,stage03.1_screening_attempt04,stage031_cheap_screening_formal01,formal,c106C15,2015,"[""c101C5"", ""r105C5"", ""rc105C5"", ""c104C10"", ""r103C10"", ""rc102C10"", ""c106C15"", ""r105C15"", ""rc103C15"", ""c101_21"", ""r101_21"", ""rc101_21""]","[2014, 2015, 2016]",events,verified_legacy,results/stage03.1_screening_attempt04/c106C15/2015/stage03.1_screening_attempt04_events_c106C15_2015.jsonl,results/stage031-cheap-screening_formal01/events/c106C15-alns_stage02_constraint_guided-2015.jsonl,feasible,,pass,READY_FOR_STAGE03_2,READY_FOR_STAGE03_2,pass,91838d2e9cd2730af13006a7571041fa81a30eef300f3397ae6dda48bf22aa98,raw_manifest,5f2508b8a49aa0d538c56e3bf2c45ad03534e7d9eec3cc935b786488d2655c61,e1840ebd3945bac63a1a1db5e13438dc2d1aad0b75fff316f3a4685d50583551,eba58a458a9fd13ae8fd404df8db1d04e49271326316256ee060468048881a86,fe1207d4fbdf509c0e4fedcc4d90b16f45da3635ce3eaddeedbd432f6e026e1e,b226b97e0e67288aaaf85726ad855df71cb81406685c57c8e8c40cd8996aa0da,0c7b67d6f0b038d803ac018fe78d827ff85f93da,False,"{""VRP-EVRP-Project-Hub"": {""dirty"": false, ""path"": ""/Users/guoyiyang/Documents/GitHub/FURP-2026-Yiyang-GUO-EVRP-TW/reference/VRP-EVRP-Project-Hub"", ""revision"": ""e3a890065105f978187e532642c4442522215e02""}, ""py-ga-VRPTW"": {""dirty"": false, ""path"": ""/Users/guoyiyang/Documents/GitHub/FURP-2026-Yiyang-GUO-EVRP-TW/reference/py-ga-VRPTW"", ""revision"": ""8e005caaaf6471a4505588d88c7f0f5e0d4ebffa""}}",stage03.0_measurement_attempt05,,preserve;see stage03_legacy_path_map.csv,legacy,legacy_json_or_jsonl,none,legacy,legacy_unknown,,,5356557,legacy_compatible
stage03.1,screening,stage03.1_screening_attempt04,attempt04,stage03.1_screening_attempt04,stage031_cheap_screening_formal01,formal,c106C15,2016,"[""c101C5"", ""r105C5"", ""rc105C5"", ""c104C10"", ""r103C10"", ""rc102C10"", ""c106C15"", ""r105C15"", ""rc103C15"", ""c101_21"", ""r101_21"", ""rc101_21""]","[2014, 2015, 2016]",events,verified_legacy,results/stage03.1_screening_attempt04/c106C15/2016/stage03.1_screening_attempt04_events_c106C15_2016.jsonl,results/stage031-cheap-screening_formal01/events/c106C15-alns_stage02_constraint_guided-2016.jsonl,feasible,,pass,READY_FOR_STAGE03_2,READY_FOR_STAGE03_2,pass,01a0e62161c766e0845c062f68c91f816bcca7f7cc7df25ff00f7522bdfd0d0c,raw_manifest,5f2508b8a49aa0d538c56e3bf2c45ad03534e7d9eec3cc935b786488d2655c61,e1840ebd3945bac63a1a1db5e13438dc2d1aad0b75fff316f3a4685d50583551,eba58a458a9fd13ae8fd404df8db1d04e49271326316256ee060468048881a86,36bdb75053d72005e1d872a5181da41694e427aeead66c5c4cdf40701544bc17,b226b97e0e67288aaaf85726ad855df71cb81406685c57c8e8c40cd8996aa0da,0c7b67d6f0b038d803ac018fe78d827ff85f93da,False,"{""VRP-EVRP-Project-Hub"": {""dirty"": false, ""path"": ""/Users/guoyiyang/Documents/GitHub/FURP-2026-Yiyang-GUO-EVRP-TW/reference/VRP-EVRP-Project-Hub"", ""revision"": ""e3a890065105f978187e532642c4442522215e02""}, ""py-ga-VRPTW"": {""dirty"": false, ""path"": ""/Users/guoyiyang/Documents/GitHub/FURP-2026-Yiyang-GUO-EVRP-TW/reference/py-ga-VRPTW"", ""revision"": ""8e005caaaf6471a4505588d88c7f0f5e0d4ebffa""}}",stage03.0_measurement_attempt05,,preserve;see stage03_legacy_path_map.csv,legacy,legacy_json_or_jsonl,none,legacy,legacy_unknown,,,4717485,legacy_compatible
stage03.1,screening,stage03.1_screening_attempt04,attempt04,stage03.1_screening_attempt04,stage031_cheap_screening_formal01,formal,r101_21,2014,"[""c101C5"", ""r105C5"", ""rc105C5"", ""c104C10"", ""r103C10"", ""rc102C10"", ""c106C15"", ""r105C15"", ""rc103C15"", ""c101_21"", ""r101_21"", ""rc101_21""]","[2014, 2015, 2016]",events,verified_legacy,results/stage03.1_screening_attempt04/r101_21/2014/stage03.1_screening_attempt04_events_r101_21_2014.jsonl,results/stage031-cheap-screening_formal01/events/r101_21-alns_stage02_constraint_guided-2014.jsonl,feasible,,pass,READY_FOR_STAGE03_2,READY_FOR_STAGE03_2,pass,910003ecb2ce6ebacb45f3af9699502a0ab3c1dd65c110b7f6ef5f77886b7544,raw_manifest,5f2508b8a49aa0d538c56e3bf2c45ad03534e7d9eec3cc935b786488d2655c61,e1840ebd3945bac63a1a1db5e13438dc2d1aad0b75fff316f3a4685d50583551,0e5a3dffffbd3c516b528ef32ba1a488b817d2f151fc3e8c81023814de1c103a,f7c545565e84a7b0618b32b9a5aee7886d1913f37a476f28159690504dd362a0,b226b97e0e67288aaaf85726ad855df71cb81406685c57c8e8c40cd8996aa0da,0c7b67d6f0b038d803ac018fe78d827ff85f93da,False,"{""VRP-EVRP-Project-Hub"": {""dirty"": false, ""path"": ""/Users/guoyiyang/Documents/GitHub/FURP-2026-Yiyang-GUO-EVRP-TW/reference/VRP-EVRP-Project-Hub"", ""revision"": ""e3a890065105f978187e532642c4442522215e02""}, ""py-ga-VRPTW"": {""dirty"": false, ""path"": ""/Users/guoyiyang/Documents/GitHub/FURP-2026-Yiyang-GUO-EVRP-TW/reference/py-ga-VRPTW"", ""revision"": ""8e005caaaf6471a4505588d88c7f0f5e0d4ebffa""}}",stage03.0_measurement_attempt05,,preserve;see stage03_legacy_path_map.csv,legacy,legacy_json_or_jsonl,none,legacy,legacy_unknown,,,64576362,legacy_compatible
stage03.1,screening,stage03.1_screening_attempt04,attempt04,stage03.1_screening_attempt04,stage031_cheap_screening_formal01,formal,r101_21,2015,"[""c101C5"", ""r105C5"", ""rc105C5"", ""c104C10"", ""r103C10"", ""rc102C10"", ""c106C15"", ""r105C15"", ""rc103C15"", ""c101_21"", ""r101_21"", ""rc101_21""]","[2014, 2015, 2016]",events,verified_legacy,results/stage03.1_screening_attempt04/r101_21/2015/stage03.1_screening_attempt04_events_r101_21_2015.jsonl,results/stage031-cheap-screening_formal01/events/r101_21-alns_stage02_constraint_guided-2015.jsonl,feasible,,pass,READY_FOR_STAGE03_2,READY_FOR_STAGE03_2,pass,5f36a94ba741d54dcb3ed5fbc0b632d814a31b858b7e83406e07d446bd899573,raw_manifest,5f2508b8a49aa0d538c56e3bf2c45ad03534e7d9eec3cc935b786488d2655c61,e1840ebd3945bac63a1a1db5e13438dc2d1aad0b75fff316f3a4685d50583551,0e5a3dffffbd3c516b528ef32ba1a488b817d2f151fc3e8c81023814de1c103a,5250c5c949c05c0a7eaaf430305b54464de9ce019df0d06dd14e915f4c1c9066,b226b97e0e67288aaaf85726ad855df71cb81406685c57c8e8c40cd8996aa0da,0c7b67d6f0b038d803ac018fe78d827ff85f93da,False,"{""VRP-EVRP-Project-Hub"": {""dirty"": false, ""path"": ""/Users/guoyiyang/Documents/GitHub/FURP-2026-Yiyang-GUO-EVRP-TW/reference/VRP-EVRP-Project-Hub"", ""revision"": ""e3a890065105f978187e532642c4442522215e02""}, ""py-ga-VRPTW"": {""dirty"": false, ""path"": ""/Users/guoyiyang/Documents/GitHub/FURP-2026-Yiyang-GUO-EVRP-TW/reference/py-ga-VRPTW"", ""revision"": ""8e005caaaf6471a4505588d88c7f0f5e0d4ebffa""}}",stage03.0_measurement_attempt05,,preserve;see stage03_legacy_path_map.csv,legacy,legacy_json_or_jsonl,none,legacy,legacy_unknown,,,47438482,legacy_compatible
stage03.1,screening,stage03.1_screening_attempt04,attempt04,stage03.1_screening_attempt04,stage031_cheap_screening_formal01,formal,r101_21,2016,"[""c101C5"", ""r105C5"", ""rc105C5"", ""c104C10"", ""r103C10"", ""rc102C10"", ""c106C15"", ""r105C15"", ""rc103C15"", ""c101_21"", ""r101_21"", ""rc101_21""]","[2014, 2015, 2016]",events,verified_legacy,results/stage03.1_screening_attempt04/r101_21/2016/stage03.1_screening_attempt04_events_r101_21_2016.jsonl,results/stage031-cheap-screening_formal01/events/r101_21-alns_stage02_constraint_guided-2016.jsonl,feasible,,pass,READY_FOR_STAGE03_2,READY_FOR_STAGE03_2,pass,6f185d120d1e037e3480d08d6d0d0e67c85fa32584f4ebe3718852ea8d12ba3b,raw_manifest,5f2508b8a49aa0d538c56e3bf2c45ad03534e7d9eec3cc935b786488d2655c61,e1840ebd3945bac63a1a1db5e13438dc2d1aad0b75fff316f3a4685d50583551,0e5a3dffffbd3c516b528ef32ba1a488b817d2f151fc3e8c81023814de1c103a,ea2d1535eb8519014c0d172f5398e4481545ae6f02cfca28f6671f0227b76b31,b226b97e0e67288aaaf85726ad855df71cb81406685c57c8e8c40cd8996aa0da,0c7b67d6f0b038d803ac018fe78d827ff85f93da,False,"{""VRP-EVRP-Project-Hub"": {""dirty"": false, ""path"": ""/Users/guoyiyang/Documents/GitHub/FURP-2026-Yiyang-GUO-EVRP-TW/reference/VRP-EVRP-Project-Hub"", ""revision"": ""e3a890065105f978187e532642c4442522215e02""}, ""py-ga-VRPTW"": {""dirty"": false, ""path"": ""/Users/guoyiyang/Documents/GitHub/FURP-2026-Yiyang-GUO-EVRP-TW/reference/py-ga-VRPTW"", ""revision"": ""8e005caaaf6471a4505588d88c7f0f5e0d4ebffa""}}",stage03.0_measurement_attempt05,,preserve;see stage03_legacy_path_map.csv,legacy,legacy_json_or_jsonl,none,legacy,legacy_unknown,,,46246862,legacy_compatible
stage03.1,screening,stage03.1_screening_attempt04,attempt04,stage03.1_screening_attempt04,stage031_cheap_screening_formal01,formal,r103C10,2014,"[""c101C5"", ""r105C5"", ""rc105C5"", ""c104C10"", ""r103C10"", ""rc102C10"", ""c106C15"", ""r105C15"", ""rc103C15"", ""c101_21"", ""r101_21"", ""rc101_21""]","[2014, 2015, 2016]",events,verified_legacy,results/stage03.1_screening_attempt04/r103C10/2014/stage03.1_screening_attempt04_events_r103C10_2014.jsonl,results/stage031-cheap-screening_formal01/events/r103C10-alns_stage02_constraint_guided-2014.jsonl,feasible,,pass,READY_FOR_STAGE03_2,READY_FOR_STAGE03_2,pass,6c2f90e7a38c1aa22908fc95a176d61f3ad735a6e9420f2c956e5a39b4727818,raw_manifest,5f2508b8a49aa0d538c56e3bf2c45ad03534e7d9eec3cc935b786488d2655c61,e1840ebd3945bac63a1a1db5e13438dc2d1aad0b75fff316f3a4685d50583551,00debfb0e1fa34796b1644a045a064f52cb1f35052df9faa485db4b4f5ff512e,6e8526426f5a42ed556b29ee648705af381e1b2af209e1f2cd7a9a0de60f714c,b226b97e0e67288aaaf85726ad855df71cb81406685c57c8e8c40cd8996aa0da,0c7b67d6f0b038d803ac018fe78d827ff85f93da,False,"{""VRP-EVRP-Project-Hub"": {""dirty"": false, ""path"": ""/Users/guoyiyang/Documents/GitHub/FURP-2026-Yiyang-GUO-EVRP-TW/reference/VRP-EVRP-Project-Hub"", ""revision"": ""e3a890065105f978187e532642c4442522215e02""}, ""py-ga-VRPTW"": {""dirty"": false, ""path"": ""/Users/guoyiyang/Documents/GitHub/FURP-2026-Yiyang-GUO-EVRP-TW/reference/py-ga-VRPTW"", ""revision"": ""8e005caaaf6471a4505588d88c7f0f5e0d4ebffa""}}",stage03.0_measurement_attempt05,,preserve;see stage03_legacy_path_map.csv,legacy,legacy_json_or_jsonl,none,legacy,legacy_unknown,,,3823219,legacy_compatible
stage03.1,screening,stage03.1_screening_attempt04,attempt04,stage03.1_screening_attempt04,stage031_cheap_screening_formal01,formal,r103C10,2015,"[""c101C5"", ""r105C5"", ""rc105C5"", ""c104C10"", ""r103C10"", ""rc102C10"", ""c106C15"", ""r105C15"", ""rc103C15"", ""c101_21"", ""r101_21"", ""rc101_21""]","[2014, 2015, 2016]",events,verified_legacy,results/stage03.1_screening_attempt04/r103C10/2015/stage03.1_screening_attempt04_events_r103C10_2015.jsonl,results/stage031-cheap-screening_formal01/events/r103C10-alns_stage02_constraint_guided-2015.jsonl,feasible,,pass,READY_FOR_STAGE03_2,READY_FOR_STAGE03_2,pass,f5efeb39c83d3001ca3aa56e8290f6048d02ec383340fb2e6e6106d375800e72,raw_manifest,5f2508b8a49aa0d538c56e3bf2c45ad03534e7d9eec3cc935b786488d2655c61,e1840ebd3945bac63a1a1db5e13438dc2d1aad0b75fff316f3a4685d50583551,00debfb0e1fa34796b1644a045a064f52cb1f35052df9faa485db4b4f5ff512e,3c7ab9b3e5aefde419b99f8f52667b3264060abb3b5a65b36850d52dedfb4cda,b226b97e0e67288aaaf85726ad855df71cb81406685c57c8e8c40cd8996aa0da,0c7b67d6f0b038d803ac018fe78d827ff85f93da,False,"{""VRP-EVRP-Project-Hub"": {""dirty"": false, ""path"": ""/Users/guoyiyang/Documents/GitHub/FURP-2026-Yiyang-GUO-EVRP-TW/reference/VRP-EVRP-Project-Hub"", ""revision"": ""e3a890065105f978187e532642c4442522215e02""}, ""py-ga-VRPTW"": {""dirty"": false, ""path"": ""/Users/guoyiyang/Documents/GitHub/FURP-2026-Yiyang-GUO-EVRP-TW/reference/py-ga-VRPTW"", ""revision"": ""8e005caaaf6471a4505588d88c7f0f5e0d4ebffa""}}",stage03.0_measurement_attempt05,,preserve;see stage03_legacy_path_map.csv,legacy,legacy_json_or_jsonl,none,legacy,legacy_unknown,,,3703783,legacy_compatible
stage03.1,screening,stage03.1_screening_attempt04,attempt04,stage03.1_screening_attempt04,stage031_cheap_screening_formal01,formal,r103C10,2016,"[""c101C5"", ""r105C5"", ""rc105C5"", ""c104C10"", ""r103C10"", ""rc102C10"", ""c106C15"", ""r105C15"", ""rc103C15"", ""c101_21"", ""r101_21"", ""rc101_21""]","[2014, 2015, 2016]",events,verified_legacy,results/stage03.1_screening_attempt04/r103C10/2016/stage03.1_screening_attempt04_events_r103C10_2016.jsonl,results/stage031-cheap-screening_formal01/events/r103C10-alns_stage02_constraint_guided-2016.jsonl,feasible,,pass,READY_FOR_STAGE03_2,READY_FOR_STAGE03_2,pass,465f87e00fd749d4a34d936e13e37ea3b7e8186a8536be2a8693f3be429afb61,raw_manifest,5f2508b8a49aa0d538c56e3bf2c45ad03534e7d9eec3cc935b786488d2655c61,e1840ebd3945bac63a1a1db5e13438dc2d1aad0b75fff316f3a4685d50583551,00debfb0e1fa34796b1644a045a064f52cb1f35052df9faa485db4b4f5ff512e,97b63593d12ab0603557514a8923c35b84c5b976df36c8d454ea682c45ec8dc7,b226b97e0e67288aaaf85726ad855df71cb81406685c57c8e8c40cd8996aa0da,0c7b67d6f0b038d803ac018fe78d827ff85f93da,False,"{""VRP-EVRP-Project-Hub"": {""dirty"": false, ""path"": ""/Users/guoyiyang/Documents/GitHub/FURP-2026-Yiyang-GUO-EVRP-TW/reference/VRP-EVRP-Project-Hub"", ""revision"": ""e3a890065105f978187e532642c4442522215e02""}, ""py-ga-VRPTW"": {""dirty"": false, ""path"": ""/Users/guoyiyang/Documents/GitHub/FURP-2026-Yiyang-GUO-EVRP-TW/reference/py-ga-VRPTW"", ""revision"": ""8e005caaaf6471a4505588d88c7f0f5e0d4ebffa""}}",stage03.0_measurement_attempt05,,preserve;see stage03_legacy_path_map.csv,legacy,legacy_json_or_jsonl,none,legacy,legacy_unknown,,,3740762,legacy_compatible
stage03.1,screening,stage03.1_screening_attempt04,attempt04,stage03.1_screening_attempt04,stage031_cheap_screening_formal01,formal,r105C15,2014,"[""c101C5"", ""r105C5"", ""rc105C5"", ""c104C10"", ""r103C10"", ""rc102C10"", ""c106C15"", ""r105C15"", ""rc103C15"", ""c101_21"", ""r101_21"", ""rc101_21""]","[2014, 2015, 2016]",events,verified_legacy,results/stage03.1_screening_attempt04/r105C15/2014/stage03.1_screening_attempt04_events_r105C15_2014.jsonl,results/stage031-cheap-screening_formal01/events/r105C15-alns_stage02_constraint_guided-2014.jsonl,feasible,,pass,READY_FOR_STAGE03_2,READY_FOR_STAGE03_2,pass,6573a365cb0e586833a01dc1e6ce6b028f9e003477a73207634be9b4ee5f3a71,raw_manifest,5f2508b8a49aa0d538c56e3bf2c45ad03534e7d9eec3cc935b786488d2655c61,e1840ebd3945bac63a1a1db5e13438dc2d1aad0b75fff316f3a4685d50583551,937f3e630e6afef1a148dc223dd1d6ad2d11cfff557803e68a50e981e3ceaa44,64ea60eb6e0dfc94d8534cb69b3d9939724ce6b6f43bd19f5ea4334a6d9b3570,b226b97e0e67288aaaf85726ad855df71cb81406685c57c8e8c40cd8996aa0da,0c7b67d6f0b038d803ac018fe78d827ff85f93da,False,"{""VRP-EVRP-Project-Hub"": {""dirty"": false, ""path"": ""/Users/guoyiyang/Documents/GitHub/FURP-2026-Yiyang-GUO-EVRP-TW/reference/VRP-EVRP-Project-Hub"", ""revision"": ""e3a890065105f978187e532642c4442522215e02""}, ""py-ga-VRPTW"": {""dirty"": false, ""path"": ""/Users/guoyiyang/Documents/GitHub/FURP-2026-Yiyang-GUO-EVRP-TW/reference/py-ga-VRPTW"", ""revision"": ""8e005caaaf6471a4505588d88c7f0f5e0d4ebffa""}}",stage03.0_measurement_attempt05,,preserve;see stage03_legacy_path_map.csv,legacy,legacy_json_or_jsonl,none,legacy,legacy_unknown,,,4947164,legacy_compatible
stage03.1,screening,stage03.1_screening_attempt04,attempt04,stage03.1_screening_attempt04,stage031_cheap_screening_formal01,formal,r105C15,2015,"[""c101C5"", ""r105C5"", ""rc105C5"", ""c104C10"", ""r103C10"", ""rc102C10"", ""c106C15"", ""r105C15"", ""rc103C15"", ""c101_21"", ""r101_21"", ""rc101_21""]","[2014, 2015, 2016]",events,verified_legacy,results/stage03.1_screening_attempt04/r105C15/2015/stage03.1_screening_attempt04_events_r105C15_2015.jsonl,results/stage031-cheap-screening_formal01/events/r105C15-alns_stage02_constraint_guided-2015.jsonl,feasible,,pass,READY_FOR_STAGE03_2,READY_FOR_STAGE03_2,pass,54124412bacd345a1f41a8ac4d8d8a6e3fa9a66ca0dd87124d90d76ca03cd068,raw_manifest,5f2508b8a49aa0d538c56e3bf2c45ad03534e7d9eec3cc935b786488d2655c61,e1840ebd3945bac63a1a1db5e13438dc2d1aad0b75fff316f3a4685d50583551,937f3e630e6afef1a148dc223dd1d6ad2d11cfff557803e68a50e981e3ceaa44,9dd4244380d8ebc747b306fa0e6a5e690bcf61ed0f17a981aed10c87bc24f254,b226b97e0e67288aaaf85726ad855df71cb81406685c57c8e8c40cd8996aa0da,0c7b67d6f0b038d803ac018fe78d827ff85f93da,False,"{""VRP-EVRP-Project-Hub"": {""dirty"": false, ""path"": ""/Users/guoyiyang/Documents/GitHub/FURP-2026-Yiyang-GUO-EVRP-TW/reference/VRP-EVRP-Project-Hub"", ""revision"": ""e3a890065105f978187e532642c4442522215e02""}, ""py-ga-VRPTW"": {""dirty"": false, ""path"": ""/Users/guoyiyang/Documents/GitHub/FURP-2026-Yiyang-GUO-EVRP-TW/reference/py-ga-VRPTW"", ""revision"": ""8e005caaaf6471a4505588d88c7f0f5e0d4ebffa""}}",stage03.0_measurement_attempt05,,preserve;see stage03_legacy_path_map.csv,legacy,legacy_json_or_jsonl,none,legacy,legacy_unknown,,,5384952,legacy_compatible
stage03.1,screening,stage03.1_screening_attempt04,attempt04,stage03.1_screening_attempt04,stage031_cheap_screening_formal01,formal,r105C15,2016,"[""c101C5"", ""r105C5"", ""rc105C5"", ""c104C10"", ""r103C10"", ""rc102C10"", ""c106C15"", ""r105C15"", ""rc103C15"", ""c101_21"", ""r101_21"", ""rc101_21""]","[2014, 2015, 2016]",events,verified_legacy,results/stage03.1_screening_attempt04/r105C15/2016/stage03.1_screening_attempt04_events_r105C15_2016.jsonl,results/stage031-cheap-screening_formal01/events/r105C15-alns_stage02_constraint_guided-2016.jsonl,feasible,,pass,READY_FOR_STAGE03_2,READY_FOR_STAGE03_2,pass,4bc36fea3e7eafa1386789d97db1e5f135c03f088cef4f3197cdbb873495e9b1,raw_manifest,5f2508b8a49aa0d538c56e3bf2c45ad03534e7d9eec3cc935b786488d2655c61,e1840ebd3945bac63a1a1db5e13438dc2d1aad0b75fff316f3a4685d50583551,937f3e630e6afef1a148dc223dd1d6ad2d11cfff557803e68a50e981e3ceaa44,a5097962fee8c43ff987eed16337ef1b13facde67ff469b1e79e85fb5a97663c,b226b97e0e67288aaaf85726ad855df71cb81406685c57c8e8c40cd8996aa0da,0c7b67d6f0b038d803ac018fe78d827ff85f93da,False,"{""VRP-EVRP-Project-Hub"": {""dirty"": false, ""path"": ""/Users/guoyiyang/Documents/GitHub/FURP-2026-Yiyang-GUO-EVRP-TW/reference/VRP-EVRP-Project-Hub"", ""revision"": ""e3a890065105f978187e532642c4442522215e02""}, ""py-ga-VRPTW"": {""dirty"": false, ""path"": ""/Users/guoyiyang/Documents/GitHub/FURP-2026-Yiyang-GUO-EVRP-TW/reference/py-ga-VRPTW"", ""revision"": ""8e005caaaf6471a4505588d88c7f0f5e0d4ebffa""}}",stage03.0_measurement_attempt05,,preserve;see stage03_legacy_path_map.csv,legacy,legacy_json_or_jsonl,none,legacy,legacy_unknown,,,5571994,legacy_compatible
stage03.1,screening,stage03.1_screening_attempt04,attempt04,stage03.1_screening_attempt04,stage031_cheap_screening_formal01,formal,r105C5,2014,"[""c101C5"", ""r105C5"", ""rc105C5"", ""c104C10"", ""r103C10"", ""rc102C10"", ""c106C15"", ""r105C15"", ""rc103C15"", ""c101_21"", ""r101_21"", ""rc101_21""]","[2014, 2015, 2016]",events,verified_legacy,results/stage03.1_screening_attempt04/r105C5/2014/stage03.1_screening_attempt04_events_r105C5_2014.jsonl,results/stage031-cheap-screening_formal01/events/r105C5-alns_stage02_constraint_guided-2014.jsonl,feasible,,pass,READY_FOR_STAGE03_2,READY_FOR_STAGE03_2,pass,9d49855e85cd45e40d682727c5d73783afc30f215e730dd60f84b688a2295c76,raw_manifest,5f2508b8a49aa0d538c56e3bf2c45ad03534e7d9eec3cc935b786488d2655c61,e1840ebd3945bac63a1a1db5e13438dc2d1aad0b75fff316f3a4685d50583551,eb27ec04e799ee6d39dee3d66f15128e197811afa8c664295acbdf6444176434,d4c45e00680006924565eba36f515ad3fcfb2c0f73f96e19f3f45b2091e643a9,b226b97e0e67288aaaf85726ad855df71cb81406685c57c8e8c40cd8996aa0da,0c7b67d6f0b038d803ac018fe78d827ff85f93da,False,"{""VRP-EVRP-Project-Hub"": {""dirty"": false, ""path"": ""/Users/guoyiyang/Documents/GitHub/FURP-2026-Yiyang-GUO-EVRP-TW/reference/VRP-EVRP-Project-Hub"", ""revision"": ""e3a890065105f978187e532642c4442522215e02""}, ""py-ga-VRPTW"": {""dirty"": false, ""path"": ""/Users/guoyiyang/Documents/GitHub/FURP-2026-Yiyang-GUO-EVRP-TW/reference/py-ga-VRPTW"", ""revision"": ""8e005caaaf6471a4505588d88c7f0f5e0d4ebffa""}}",stage03.0_measurement_attempt05,,preserve;see stage03_legacy_path_map.csv,legacy,legacy_json_or_jsonl,none,legacy,legacy_unknown,,,3474590,legacy_compatible
stage03.1,screening,stage03.1_screening_attempt04,attempt04,stage03.1_screening_attempt04,stage031_cheap_screening_formal01,formal,r105C5,2015,"[""c101C5"", ""r105C5"", ""rc105C5"", ""c104C10"", ""r103C10"", ""rc102C10"", ""c106C15"", ""r105C15"", ""rc103C15"", ""c101_21"", ""r101_21"", ""rc101_21""]","[2014, 2015, 2016]",events,verified_legacy,results/stage03.1_screening_attempt04/r105C5/2015/stage03.1_screening_attempt04_events_r105C5_2015.jsonl,results/stage031-cheap-screening_formal01/events/r105C5-alns_stage02_constraint_guided-2015.jsonl,feasible,,pass,READY_FOR_STAGE03_2,READY_FOR_STAGE03_2,pass,c4c8279461c8208c78f5853fdaa3ac8930601b1c2bf691c4adedb1b63509ecd1,raw_manifest,5f2508b8a49aa0d538c56e3bf2c45ad03534e7d9eec3cc935b786488d2655c61,e1840ebd3945bac63a1a1db5e13438dc2d1aad0b75fff316f3a4685d50583551,eb27ec04e799ee6d39dee3d66f15128e197811afa8c664295acbdf6444176434,b599f198bde162faa32399cac4b4b7430a5e56be2cd1088a3ebb17159c2a3664,b226b97e0e67288aaaf85726ad855df71cb81406685c57c8e8c40cd8996aa0da,0c7b67d6f0b038d803ac018fe78d827ff85f93da,False,"{""VRP-EVRP-Project-Hub"": {""dirty"": false, ""path"": ""/Users/guoyiyang/Documents/GitHub/FURP-2026-Yiyang-GUO-EVRP-TW/reference/VRP-EVRP-Project-Hub"", ""revision"": ""e3a890065105f978187e532642c4442522215e02""}, ""py-ga-VRPTW"": {""dirty"": false, ""path"": ""/Users/guoyiyang/Documents/GitHub/FURP-2026-Yiyang-GUO-EVRP-TW/reference/py-ga-VRPTW"", ""revision"": ""8e005caaaf6471a4505588d88c7f0f5e0d4ebffa""}}",stage03.0_measurement_attempt05,,preserve;see stage03_legacy_path_map.csv,legacy,legacy_json_or_jsonl,none,legacy,legacy_unknown,,,3432948,legacy_compatible
stage03.1,screening,stage03.1_screening_attempt04,attempt04,stage03.1_screening_attempt04,stage031_cheap_screening_formal01,formal,r105C5,2016,"[""c101C5"", ""r105C5"", ""rc105C5"", ""c104C10"", ""r103C10"", ""rc102C10"", ""c106C15"", ""r105C15"", ""rc103C15"", ""c101_21"", ""r101_21"", ""rc101_21""]","[2014, 2015, 2016]",events,verified_legacy,results/stage03.1_screening_attempt04/r105C5/2016/stage03.1_screening_attempt04_events_r105C5_2016.jsonl,results/stage031-cheap-screening_formal01/events/r105C5-alns_stage02_constraint_guided-2016.jsonl,feasible,,pass,READY_FOR_STAGE03_2,READY_FOR_STAGE03_2,pass,1b0885673093b6847b66f8af351e7b3813cf07acbf422942eefccc92de582d8f,raw_manifest,5f2508b8a49aa0d538c56e3bf2c45ad03534e7d9eec3cc935b786488d2655c61,e1840ebd3945bac63a1a1db5e13438dc2d1aad0b75fff316f3a4685d50583551,eb27ec04e799ee6d39dee3d66f15128e197811afa8c664295acbdf6444176434,1cc919e0d9f2bf2127770c6e6b88f0754412a1c6d2f3db57a7ef4d795233deb1,b226b97e0e67288aaaf85726ad855df71cb81406685c57c8e8c40cd8996aa0da,0c7b67d6f0b038d803ac018fe78d827ff85f93da,False,"{""VRP-EVRP-Project-Hub"": {""dirty"": false, ""path"": ""/Users/guoyiyang/Documents/GitHub/FURP-2026-Yiyang-GUO-EVRP-TW/reference/VRP-EVRP-Project-Hub"", ""revision"": ""e3a890065105f978187e532642c4442522215e02""}, ""py-ga-VRPTW"": {""dirty"": false, ""path"": ""/Users/guoyiyang/Documents/GitHub/FURP-2026-Yiyang-GUO-EVRP-TW/reference/py-ga-VRPTW"", ""revision"": ""8e005caaaf6471a4505588d88c7f0f5e0d4ebffa""}}",stage03.0_measurement_attempt05,,preserve;see stage03_legacy_path_map.csv,legacy,legacy_json_or_jsonl,none,legacy,legacy_unknown,,,3412428,legacy_compatible
stage03.1,screening,stage03.1_screening_attempt04,attempt04,stage03.1_screening_attempt04,stage031_cheap_screening_formal01,formal,rc101_21,2014,"[""c101C5"", ""r105C5"", ""rc105C5"", ""c104C10"", ""r103C10"", ""rc102C10"", ""c106C15"", ""r105C15"", ""rc103C15"", ""c101_21"", ""r101_21"", ""rc101_21""]","[2014, 2015, 2016]",events,verified_legacy,results/stage03.1_screening_attempt04/rc101_21/2014/stage03.1_screening_attempt04_events_rc101_21_2014.jsonl,results/stage031-cheap-screening_formal01/events/rc101_21-alns_stage02_constraint_guided-2014.jsonl,feasible,,pass,READY_FOR_STAGE03_2,READY_FOR_STAGE03_2,pass,febb09a5b20c803f7df1b6ad5648d330d85fdf62362724e3936ed78e39d2b71e,raw_manifest,5f2508b8a49aa0d538c56e3bf2c45ad03534e7d9eec3cc935b786488d2655c61,e1840ebd3945bac63a1a1db5e13438dc2d1aad0b75fff316f3a4685d50583551,272a3e58d53d4ba9516f01506164cf8a9b98bfeeb8dbd1fd62f6557e4c98e3a1,3ac12332425bdc22ed4b7700e8d5613963a11251b0b39dacfbe03d46b04c4660,b226b97e0e67288aaaf85726ad855df71cb81406685c57c8e8c40cd8996aa0da,0c7b67d6f0b038d803ac018fe78d827ff85f93da,False,"{""VRP-EVRP-Project-Hub"": {""dirty"": false, ""path"": ""/Users/guoyiyang/Documents/GitHub/FURP-2026-Yiyang-GUO-EVRP-TW/reference/VRP-EVRP-Project-Hub"", ""revision"": ""e3a890065105f978187e532642c4442522215e02""}, ""py-ga-VRPTW"": {""dirty"": false, ""path"": ""/Users/guoyiyang/Documents/GitHub/FURP-2026-Yiyang-GUO-EVRP-TW/reference/py-ga-VRPTW"", ""revision"": ""8e005caaaf6471a4505588d88c7f0f5e0d4ebffa""}}",stage03.0_measurement_attempt05,,preserve;see stage03_legacy_path_map.csv,legacy,legacy_json_or_jsonl,none,legacy,legacy_unknown,,,35508176,legacy_compatible
stage03.1,screening,stage03.1_screening_attempt04,attempt04,stage03.1_screening_attempt04,stage031_cheap_screening_formal01,formal,rc101_21,2015,"[""c101C5"", ""r105C5"", ""rc105C5"", ""c104C10"", ""r103C10"", ""rc102C10"", ""c106C15"", ""r105C15"", ""rc103C15"", ""c101_21"", ""r101_21"", ""rc101_21""]","[2014, 2015, 2016]",events,verified_legacy,results/stage03.1_screening_attempt04/rc101_21/2015/stage03.1_screening_attempt04_events_rc101_21_2015.jsonl,results/stage031-cheap-screening_formal01/events/rc101_21-alns_stage02_constraint_guided-2015.jsonl,feasible,,pass,READY_FOR_STAGE03_2,READY_FOR_STAGE03_2,pass,e0ea3692b581a242cf215fb0271a0358a1d520f5c18e2ce0f2a12ab484fda452,raw_manifest,5f2508b8a49aa0d538c56e3bf2c45ad03534e7d9eec3cc935b786488d2655c61,e1840ebd3945bac63a1a1db5e13438dc2d1aad0b75fff316f3a4685d50583551,272a3e58d53d4ba9516f01506164cf8a9b98bfeeb8dbd1fd62f6557e4c98e3a1,aa28c1abb93e118b825d224498c4ecbd7435e64eb9e11128ca9316d6df8adc81,b226b97e0e67288aaaf85726ad855df71cb81406685c57c8e8c40cd8996aa0da,0c7b67d6f0b038d803ac018fe78d827ff85f93da,False,"{""VRP-EVRP-Project-Hub"": {""dirty"": false, ""path"": ""/Users/guoyiyang/Documents/GitHub/FURP-2026-Yiyang-GUO-EVRP-TW/reference/VRP-EVRP-Project-Hub"", ""revision"": ""e3a890065105f978187e532642c4442522215e02""}, ""py-ga-VRPTW"": {""dirty"": false, ""path"": ""/Users/guoyiyang/Documents/GitHub/FURP-2026-Yiyang-GUO-EVRP-TW/reference/py-ga-VRPTW"", ""revision"": ""8e005caaaf6471a4505588d88c7f0f5e0d4ebffa""}}",stage03.0_measurement_attempt05,,preserve;see stage03_legacy_path_map.csv,legacy,legacy_json_or_jsonl,none,legacy,legacy_unknown,,,48373116,legacy_compatible
stage03.1,screening,stage03.1_screening_attempt04,attempt04,stage03.1_screening_attempt04,stage031_cheap_screening_formal01,formal,rc101_21,2016,"[""c101C5"", ""r105C5"", ""rc105C5"", ""c104C10"", ""r103C10"", ""rc102C10"", ""c106C15"", ""r105C15"", ""rc103C15"", ""c101_21"", ""r101_21"", ""rc101_21""]","[2014, 2015, 2016]",events,verified_legacy,results/stage03.1_screening_attempt04/rc101_21/2016/stage03.1_screening_attempt04_events_rc101_21_2016.jsonl,results/stage031-cheap-screening_formal01/events/rc101_21-alns_stage02_constraint_guided-2016.jsonl,feasible,,pass,READY_FOR_STAGE03_2,READY_FOR_STAGE03_2,pass,8c142b4c6bbf1754ab7b0ee11c2aae2ab6a7ba54327100134e10d2d3940f6bf4,raw_manifest,5f2508b8a49aa0d538c56e3bf2c45ad03534e7d9eec3cc935b786488d2655c61,e1840ebd3945bac63a1a1db5e13438dc2d1aad0b75fff316f3a4685d50583551,272a3e58d53d4ba9516f01506164cf8a9b98bfeeb8dbd1fd62f6557e4c98e3a1,a239a332638a8265ee3117d39807e48286e50b2527687f29c8ca6d54e02c756e,b226b97e0e67288aaaf85726ad855df71cb81406685c57c8e8c40cd8996aa0da,0c7b67d6f0b038d803ac018fe78d827ff85f93da,False,"{""VRP-EVRP-Project-Hub"": {""dirty"": false, ""path"": ""/Users/guoyiyang/Documents/GitHub/FURP-2026-Yiyang-GUO-EVRP-TW/reference/VRP-EVRP-Project-Hub"", ""revision"": ""e3a890065105f978187e532642c4442522215e02""}, ""py-ga-VRPTW"": {""dirty"": false, ""path"": ""/Users/guoyiyang/Documents/GitHub/FURP-2026-Yiyang-GUO-EVRP-TW/reference/py-ga-VRPTW"", ""revision"": ""8e005caaaf6471a4505588d88c7f0f5e0d4ebffa""}}",stage03.0_measurement_attempt05,,preserve;see stage03_legacy_path_map.csv,legacy,legacy_json_or_jsonl,none,legacy,legacy_unknown,,,35629427,legacy_compatible
stage03.1,screening,stage03.1_screening_attempt04,attempt04,stage03.1_screening_attempt04,stage031_cheap_screening_formal01,formal,rc102C10,2014,"[""c101C5"", ""r105C5"", ""rc105C5"", ""c104C10"", ""r103C10"", ""rc102C10"", ""c106C15"", ""r105C15"", ""rc103C15"", ""c101_21"", ""r101_21"", ""rc101_21""]","[2014, 2015, 2016]",events,verified_legacy,results/stage03.1_screening_attempt04/rc102C10/2014/stage03.1_screening_attempt04_events_rc102C10_2014.jsonl,results/stage031-cheap-screening_formal01/events/rc102C10-alns_stage02_constraint_guided-2014.jsonl,feasible,,pass,READY_FOR_STAGE03_2,READY_FOR_STAGE03_2,pass,a9476822be920a4afff37143df4ed9fc3adc8508c81b2336b76a04f7f0c99f1c,raw_manifest,5f2508b8a49aa0d538c56e3bf2c45ad03534e7d9eec3cc935b786488d2655c61,e1840ebd3945bac63a1a1db5e13438dc2d1aad0b75fff316f3a4685d50583551,b85edffa9a896007203a8f6688731b66fcaeedada2b6deae0a3e3ca4a1a0d1a6,557b0f0c864bcf8054814fc37739ec72eede21eaec94fbf80e5ea14904b8e7c6,b226b97e0e67288aaaf85726ad855df71cb81406685c57c8e8c40cd8996aa0da,0c7b67d6f0b038d803ac018fe78d827ff85f93da,False,"{""VRP-EVRP-Project-Hub"": {""dirty"": false, ""path"": ""/Users/guoyiyang/Documents/GitHub/FURP-2026-Yiyang-GUO-EVRP-TW/reference/VRP-EVRP-Project-Hub"", ""revision"": ""e3a890065105f978187e532642c4442522215e02""}, ""py-ga-VRPTW"": {""dirty"": false, ""path"": ""/Users/guoyiyang/Documents/GitHub/FURP-2026-Yiyang-GUO-EVRP-TW/reference/py-ga-VRPTW"", ""revision"": ""8e005caaaf6471a4505588d88c7f0f5e0d4ebffa""}}",stage03.0_measurement_attempt05,,preserve;see stage03_legacy_path_map.csv,legacy,legacy_json_or_jsonl,none,legacy,legacy_unknown,,,4948853,legacy_compatible
stage03.1,screening,stage03.1_screening_attempt04,attempt04,stage03.1_screening_attempt04,stage031_cheap_screening_formal01,formal,rc102C10,2015,"[""c101C5"", ""r105C5"", ""rc105C5"", ""c104C10"", ""r103C10"", ""rc102C10"", ""c106C15"", ""r105C15"", ""rc103C15"", ""c101_21"", ""r101_21"", ""rc101_21""]","[2014, 2015, 2016]",events,verified_legacy,results/stage03.1_screening_attempt04/rc102C10/2015/stage03.1_screening_attempt04_events_rc102C10_2015.jsonl,results/stage031-cheap-screening_formal01/events/rc102C10-alns_stage02_constraint_guided-2015.jsonl,feasible,,pass,READY_FOR_STAGE03_2,READY_FOR_STAGE03_2,pass,457a608a9d658cc1c27af7e8ea5ade9d3e0685618f2f97d772ae9e20b97a744b,raw_manifest,5f2508b8a49aa0d538c56e3bf2c45ad03534e7d9eec3cc935b786488d2655c61,e1840ebd3945bac63a1a1db5e13438dc2d1aad0b75fff316f3a4685d50583551,b85edffa9a896007203a8f6688731b66fcaeedada2b6deae0a3e3ca4a1a0d1a6,215e73c152751488092e43e1b59f0f6797aa7319adeada13813212172eebcba4,b226b97e0e67288aaaf85726ad855df71cb81406685c57c8e8c40cd8996aa0da,0c7b67d6f0b038d803ac018fe78d827ff85f93da,False,"{""VRP-EVRP-Project-Hub"": {""dirty"": false, ""path"": ""/Users/guoyiyang/Documents/GitHub/FURP-2026-Yiyang-GUO-EVRP-TW/reference/VRP-EVRP-Project-Hub"", ""revision"": ""e3a890065105f978187e532642c4442522215e02""}, ""py-ga-VRPTW"": {""dirty"": false, ""path"": ""/Users/guoyiyang/Documents/GitHub/FURP-2026-Yiyang-GUO-EVRP-TW/reference/py-ga-VRPTW"", ""revision"": ""8e005caaaf6471a4505588d88c7f0f5e0d4ebffa""}}",stage03.0_measurement_attempt05,,preserve;see stage03_legacy_path_map.csv,legacy,legacy_json_or_jsonl,none,legacy,legacy_unknown,,,4467661,legacy_compatible
stage03.1,screening,stage03.1_screening_attempt04,attempt04,stage03.1_screening_attempt04,stage031_cheap_screening_formal01,formal,rc102C10,2016,"[""c101C5"", ""r105C5"", ""rc105C5"", ""c104C10"", ""r103C10"", ""rc102C10"", ""c106C15"", ""r105C15"", ""rc103C15"", ""c101_21"", ""r101_21"", ""rc101_21""]","[2014, 2015, 2016]",events,verified_legacy,results/stage03.1_screening_attempt04/rc102C10/2016/stage03.1_screening_attempt04_events_rc102C10_2016.jsonl,results/stage031-cheap-screening_formal01/events/rc102C10-alns_stage02_constraint_guided-2016.jsonl,feasible,,pass,READY_FOR_STAGE03_2,READY_FOR_STAGE03_2,pass,2b108d169c2636815608f27ab1582d03c342624a26b49cc6b64f9400d7afbbe6,raw_manifest,5f2508b8a49aa0d538c56e3bf2c45ad03534e7d9eec3cc935b786488d2655c61,e1840ebd3945bac63a1a1db5e13438dc2d1aad0b75fff316f3a4685d50583551,b85edffa9a896007203a8f6688731b66fcaeedada2b6deae0a3e3ca4a1a0d1a6,505192115fd300c67ce67e2f68ce2ccb1ca5304f01a976e00b540d42a7f282dc,b226b97e0e67288aaaf85726ad855df71cb81406685c57c8e8c40cd8996aa0da,0c7b67d6f0b038d803ac018fe78d827ff85f93da,False,"{""VRP-EVRP-Project-Hub"": {""dirty"": false, ""path"": ""/Users/guoyiyang/Documents/GitHub/FURP-2026-Yiyang-GUO-EVRP-TW/reference/VRP-EVRP-Project-Hub"", ""revision"": ""e3a890065105f978187e532642c4442522215e02""}, ""py-ga-VRPTW"": {""dirty"": false, ""path"": ""/Users/guoyiyang/Documents/GitHub/FURP-2026-Yiyang-GUO-EVRP-TW/reference/py-ga-VRPTW"", ""revision"": ""8e005caaaf6471a4505588d88c7f0f5e0d4ebffa""}}",stage03.0_measurement_attempt05,,preserve;see stage03_legacy_path_map.csv,legacy,legacy_json_or_jsonl,none,legacy,legacy_unknown,,,4768740,legacy_compatible
stage03.1,screening,stage03.1_screening_attempt04,attempt04,stage03.1_screening_attempt04,stage031_cheap_screening_formal01,formal,rc103C15,2014,"[""c101C5"", ""r105C5"", ""rc105C5"", ""c104C10"", ""r103C10"", ""rc102C10"", ""c106C15"", ""r105C15"", ""rc103C15"", ""c101_21"", ""r101_21"", ""rc101_21""]","[2014, 2015, 2016]",events,verified_legacy,results/stage03.1_screening_attempt04/rc103C15/2014/stage03.1_screening_attempt04_events_rc103C15_2014.jsonl,results/stage031-cheap-screening_formal01/events/rc103C15-alns_stage02_constraint_guided-2014.jsonl,feasible,,pass,READY_FOR_STAGE03_2,READY_FOR_STAGE03_2,pass,5bbfa76ef6c0190237c2b1928967168c15c94bc554a3be987438448c8abb0a3f,raw_manifest,5f2508b8a49aa0d538c56e3bf2c45ad03534e7d9eec3cc935b786488d2655c61,e1840ebd3945bac63a1a1db5e13438dc2d1aad0b75fff316f3a4685d50583551,51cbd950e7a76acae3add1f93d4c5f3b906f1e0ca5b47f46b068ff4f52e43c4a,e0dc7bd9f0431d82d808ecfce29d5384fd06b4dd021a39d0620311d37e92d5a4,b226b97e0e67288aaaf85726ad855df71cb81406685c57c8e8c40cd8996aa0da,0c7b67d6f0b038d803ac018fe78d827ff85f93da,False,"{""VRP-EVRP-Project-Hub"": {""dirty"": false, ""path"": ""/Users/guoyiyang/Documents/GitHub/FURP-2026-Yiyang-GUO-EVRP-TW/reference/VRP-EVRP-Project-Hub"", ""revision"": ""e3a890065105f978187e532642c4442522215e02""}, ""py-ga-VRPTW"": {""dirty"": false, ""path"": ""/Users/guoyiyang/Documents/GitHub/FURP-2026-Yiyang-GUO-EVRP-TW/reference/py-ga-VRPTW"", ""revision"": ""8e005caaaf6471a4505588d88c7f0f5e0d4ebffa""}}",stage03.0_measurement_attempt05,,preserve;see stage03_legacy_path_map.csv,legacy,legacy_json_or_jsonl,none,legacy,legacy_unknown,,,5152970,legacy_compatible
stage03.1,screening,stage03.1_screening_attempt04,attempt04,stage03.1_screening_attempt04,stage031_cheap_screening_formal01,formal,rc103C15,2015,"[""c101C5"", ""r105C5"", ""rc105C5"", ""c104C10"", ""r103C10"", ""rc102C10"", ""c106C15"", ""r105C15"", ""rc103C15"", ""c101_21"", ""r101_21"", ""rc101_21""]","[2014, 2015, 2016]",events,verified_legacy,results/stage03.1_screening_attempt04/rc103C15/2015/stage03.1_screening_attempt04_events_rc103C15_2015.jsonl,results/stage031-cheap-screening_formal01/events/rc103C15-alns_stage02_constraint_guided-2015.jsonl,feasible,,pass,READY_FOR_STAGE03_2,READY_FOR_STAGE03_2,pass,b53fd5fa0aa04b98f196904944f5625acc8000b2c4938c1998068e8643290d64,raw_manifest,5f2508b8a49aa0d538c56e3bf2c45ad03534e7d9eec3cc935b786488d2655c61,e1840ebd3945bac63a1a1db5e13438dc2d1aad0b75fff316f3a4685d50583551,51cbd950e7a76acae3add1f93d4c5f3b906f1e0ca5b47f46b068ff4f52e43c4a,48bc0fca7be2cef71c575283ba013dcde3e8a2b4ee59076fc655ccb1c8da2db8,b226b97e0e67288aaaf85726ad855df71cb81406685c57c8e8c40cd8996aa0da,0c7b67d6f0b038d803ac018fe78d827ff85f93da,False,"{""VRP-EVRP-Project-Hub"": {""dirty"": false, ""path"": ""/Users/guoyiyang/Documents/GitHub/FURP-2026-Yiyang-GUO-EVRP-TW/reference/VRP-EVRP-Project-Hub"", ""revision"": ""e3a890065105f978187e532642c4442522215e02""}, ""py-ga-VRPTW"": {""dirty"": false, ""path"": ""/Users/guoyiyang/Documents/GitHub/FURP-2026-Yiyang-GUO-EVRP-TW/reference/py-ga-VRPTW"", ""revision"": ""8e005caaaf6471a4505588d88c7f0f5e0d4ebffa""}}",stage03.0_measurement_attempt05,,preserve;see stage03_legacy_path_map.csv,legacy,legacy_json_or_jsonl,none,legacy,legacy_unknown,,,5466972,legacy_compatible
stage03.1,screening,stage03.1_screening_attempt04,attempt04,stage03.1_screening_attempt04,stage031_cheap_screening_formal01,formal,rc103C15,2016,"[""c101C5"", ""r105C5"", ""rc105C5"", ""c104C10"", ""r103C10"", ""rc102C10"", ""c106C15"", ""r105C15"", ""rc103C15"", ""c101_21"", ""r101_21"", ""rc101_21""]","[2014, 2015, 2016]",events,verified_legacy,results/stage03.1_screening_attempt04/rc103C15/2016/stage03.1_screening_attempt04_events_rc103C15_2016.jsonl,results/stage031-cheap-screening_formal01/events/rc103C15-alns_stage02_constraint_guided-2016.jsonl,feasible,,pass,READY_FOR_STAGE03_2,READY_FOR_STAGE03_2,pass,839cde62a4ed6832d2cee1b680e162ece8eff05c0876c6310ed41ef93f4c94e5,raw_manifest,5f2508b8a49aa0d538c56e3bf2c45ad03534e7d9eec3cc935b786488d2655c61,e1840ebd3945bac63a1a1db5e13438dc2d1aad0b75fff316f3a4685d50583551,51cbd950e7a76acae3add1f93d4c5f3b906f1e0ca5b47f46b068ff4f52e43c4a,30b15f9d0f1f38889bf666fa5cfaa4a2f9088d2930fc82e4a819ae1e7f344113,b226b97e0e67288aaaf85726ad855df71cb81406685c57c8e8c40cd8996aa0da,0c7b67d6f0b038d803ac018fe78d827ff85f93da,False,"{""VRP-EVRP-Project-Hub"": {""dirty"": false, ""path"": ""/Users/guoyiyang/Documents/GitHub/FURP-2026-Yiyang-GUO-EVRP-TW/reference/VRP-EVRP-Project-Hub"", ""revision"": ""e3a890065105f978187e532642c4442522215e02""}, ""py-ga-VRPTW"": {""dirty"": false, ""path"": ""/Users/guoyiyang/Documents/GitHub/FURP-2026-Yiyang-GUO-EVRP-TW/reference/py-ga-VRPTW"", ""revision"": ""8e005caaaf6471a4505588d88c7f0f5e0d4ebffa""}}",stage03.0_measurement_attempt05,,preserve;see stage03_legacy_path_map.csv,legacy,legacy_json_or_jsonl,none,legacy,legacy_unknown,,,5144873,legacy_compatible
stage03.1,screening,stage03.1_screening_attempt04,attempt04,stage03.1_screening_attempt04,stage031_cheap_screening_formal01,formal,rc105C5,2014,"[""c101C5"", ""r105C5"", ""rc105C5"", ""c104C10"", ""r103C10"", ""rc102C10"", ""c106C15"", ""r105C15"", ""rc103C15"", ""c101_21"", ""r101_21"", ""rc101_21""]","[2014, 2015, 2016]",events,verified_legacy,results/stage03.1_screening_attempt04/rc105C5/2014/stage03.1_screening_attempt04_events_rc105C5_2014.jsonl,results/stage031-cheap-screening_formal01/events/rc105C5-alns_stage02_constraint_guided-2014.jsonl,feasible,,pass,READY_FOR_STAGE03_2,READY_FOR_STAGE03_2,pass,fe86923c42efced0a673ecc6baca8118aaff65ff72405907a51c3a134d783181,raw_manifest,5f2508b8a49aa0d538c56e3bf2c45ad03534e7d9eec3cc935b786488d2655c61,e1840ebd3945bac63a1a1db5e13438dc2d1aad0b75fff316f3a4685d50583551,2ccfba6c447fa43a994934690acb67c7355ca04d232394907ed6938bc362c643,782a95b68b0fe31e5bda7909e5c04561f68632a01b5eb3eb842d8ab31d44b8ff,b226b97e0e67288aaaf85726ad855df71cb81406685c57c8e8c40cd8996aa0da,0c7b67d6f0b038d803ac018fe78d827ff85f93da,False,"{""VRP-EVRP-Project-Hub"": {""dirty"": false, ""path"": ""/Users/guoyiyang/Documents/GitHub/FURP-2026-Yiyang-GUO-EVRP-TW/reference/VRP-EVRP-Project-Hub"", ""revision"": ""e3a890065105f978187e532642c4442522215e02""}, ""py-ga-VRPTW"": {""dirty"": false, ""path"": ""/Users/guoyiyang/Documents/GitHub/FURP-2026-Yiyang-GUO-EVRP-TW/reference/py-ga-VRPTW"", ""revision"": ""8e005caaaf6471a4505588d88c7f0f5e0d4ebffa""}}",stage03.0_measurement_attempt05,,preserve;see stage03_legacy_path_map.csv,legacy,legacy_json_or_jsonl,none,legacy,legacy_unknown,,,3427914,legacy_compatible
stage03.1,screening,stage03.1_screening_attempt04,attempt04,stage03.1_screening_attempt04,stage031_cheap_screening_formal01,formal,rc105C5,2015,"[""c101C5"", ""r105C5"", ""rc105C5"", ""c104C10"", ""r103C10"", ""rc102C10"", ""c106C15"", ""r105C15"", ""rc103C15"", ""c101_21"", ""r101_21"", ""rc101_21""]","[2014, 2015, 2016]",events,verified_legacy,results/stage03.1_screening_attempt04/rc105C5/2015/stage03.1_screening_attempt04_events_rc105C5_2015.jsonl,results/stage031-cheap-screening_formal01/events/rc105C5-alns_stage02_constraint_guided-2015.jsonl,feasible,,pass,READY_FOR_STAGE03_2,READY_FOR_STAGE03_2,pass,690c8c71771d17f063e1b37928288ae11a6f9d18531496cfd3778959cb6dbbba,raw_manifest,5f2508b8a49aa0d538c56e3bf2c45ad03534e7d9eec3cc935b786488d2655c61,e1840ebd3945bac63a1a1db5e13438dc2d1aad0b75fff316f3a4685d50583551,2ccfba6c447fa43a994934690acb67c7355ca04d232394907ed6938bc362c643,87e54e7cd642270a13c9544ccd2a732ca06453b81b58639a95d67ed8625d1e85,b226b97e0e67288aaaf85726ad855df71cb81406685c57c8e8c40cd8996aa0da,0c7b67d6f0b038d803ac018fe78d827ff85f93da,False,"{""VRP-EVRP-Project-Hub"": {""dirty"": false, ""path"": ""/Users/guoyiyang/Documents/GitHub/FURP-2026-Yiyang-GUO-EVRP-TW/reference/VRP-EVRP-Project-Hub"", ""revision"": ""e3a890065105f978187e532642c4442522215e02""}, ""py-ga-VRPTW"": {""dirty"": false, ""path"": ""/Users/guoyiyang/Documents/GitHub/FURP-2026-Yiyang-GUO-EVRP-TW/reference/py-ga-VRPTW"", ""revision"": ""8e005caaaf6471a4505588d88c7f0f5e0d4ebffa""}}",stage03.0_measurement_attempt05,,preserve;see stage03_legacy_path_map.csv,legacy,legacy_json_or_jsonl,none,legacy,legacy_unknown,,,3433558,legacy_compatible
stage03.1,screening,stage03.1_screening_attempt04,attempt04,stage03.1_screening_attempt04,stage031_cheap_screening_formal01,formal,rc105C5,2016,"[""c101C5"", ""r105C5"", ""rc105C5"", ""c104C10"", ""r103C10"", ""rc102C10"", ""c106C15"", ""r105C15"", ""rc103C15"", ""c101_21"", ""r101_21"", ""rc101_21""]","[2014, 2015, 2016]",events,verified_legacy,results/stage03.1_screening_attempt04/rc105C5/2016/stage03.1_screening_attempt04_events_rc105C5_2016.jsonl,results/stage031-cheap-screening_formal01/events/rc105C5-alns_stage02_constraint_guided-2016.jsonl,feasible,,pass,READY_FOR_STAGE03_2,READY_FOR_STAGE03_2,pass,2fc82832e0426f2d2bbcbc4f41f342a52d0e80ddd99055e7ac7950e0952683c2,raw_manifest,5f2508b8a49aa0d538c56e3bf2c45ad03534e7d9eec3cc935b786488d2655c61,e1840ebd3945bac63a1a1db5e13438dc2d1aad0b75fff316f3a4685d50583551,2ccfba6c447fa43a994934690acb67c7355ca04d232394907ed6938bc362c643,260009558f27e91906ee61dd8d01599c7025ae9d1f091464b320550c83942b86,b226b97e0e67288aaaf85726ad855df71cb81406685c57c8e8c40cd8996aa0da,0c7b67d6f0b038d803ac018fe78d827ff85f93da,False,"{""VRP-EVRP-Project-Hub"": {""dirty"": false, ""path"": ""/Users/guoyiyang/Documents/GitHub/FURP-2026-Yiyang-GUO-EVRP-TW/reference/VRP-EVRP-Project-Hub"", ""revision"": ""e3a890065105f978187e532642c4442522215e02""}, ""py-ga-VRPTW"": {""dirty"": false, ""path"": ""/Users/guoyiyang/Documents/GitHub/FURP-2026-Yiyang-GUO-EVRP-TW/reference/py-ga-VRPTW"", ""revision"": ""8e005caaaf6471a4505588d88c7f0f5e0d4ebffa""}}",stage03.0_measurement_attempt05,,preserve;see stage03_legacy_path_map.csv,legacy,legacy_json_or_jsonl,none,legacy,legacy_unknown,,,3430978,legacy_compatible
stage03.1,screening,stage03.1_screening_attempt04,attempt04,stage03.1_screening_attempt04,stage031_cheap_screening_formal01,formal,__all__,__all__,"[""c101C5"", ""r105C5"", ""rc105C5"", ""c104C10"", ""r103C10"", ""rc102C10"", ""c106C15"", ""r105C15"", ""rc103C15"", ""c101_21"", ""r101_21"", ""rc101_21""]","[2014, 2015, 2016]",manifest,verified_legacy,results/stage03.1_screening_attempt04/control/stage03.1_screening_attempt04_manifest.json,results/stage031-cheap-screening_formal01/manifest.json,feasible,,pass,READY_FOR_STAGE03_2,READY_FOR_STAGE03_2,pass,8f376e6e9a07e406a5d1631632b6b1c728d54d44ad3a1c8cf6f00264b1cc3089,computed,5f2508b8a49aa0d538c56e3bf2c45ad03534e7d9eec3cc935b786488d2655c61,e1840ebd3945bac63a1a1db5e13438dc2d1aad0b75fff316f3a4685d50583551,,,b226b97e0e67288aaaf85726ad855df71cb81406685c57c8e8c40cd8996aa0da,0c7b67d6f0b038d803ac018fe78d827ff85f93da,False,"{""VRP-EVRP-Project-Hub"": {""dirty"": false, ""path"": ""/Users/guoyiyang/Documents/GitHub/FURP-2026-Yiyang-GUO-EVRP-TW/reference/VRP-EVRP-Project-Hub"", ""revision"": ""e3a890065105f978187e532642c4442522215e02""}, ""py-ga-VRPTW"": {""dirty"": false, ""path"": ""/Users/guoyiyang/Documents/GitHub/FURP-2026-Yiyang-GUO-EVRP-TW/reference/py-ga-VRPTW"", ""revision"": ""8e005caaaf6471a4505588d88c7f0f5e0d4ebffa""}}",stage03.0_measurement_attempt05,,preserve;see stage03_legacy_path_map.csv,legacy,legacy_json_or_jsonl,none,legacy,legacy_unknown,,,24267,legacy_compatible
stage03.1,screening,stage03.1_screening_attempt04,attempt04,stage03.1_screening_attempt04,stage031_cheap_screening_formal01,formal,__all__,__all__,"[""c101C5"", ""r105C5"", ""rc105C5"", ""c104C10"", ""r103C10"", ""rc102C10"", ""c106C15"", ""r105C15"", ""rc103C15"", ""c101_21"", ""r101_21"", ""rc101_21""]","[2014, 2015, 2016]",manifest_checksum,verified_legacy,results/stage03.1_screening_attempt04/control/stage03.1_screening_attempt04_manifest.sha256,results/stage031-cheap-screening_formal01/manifest.sha256,feasible,,pass,READY_FOR_STAGE03_2,READY_FOR_STAGE03_2,pass,c34de80fe83d00f97d64da6743cec2bdf462e25cbebd929567bdd95c01560439,computed,5f2508b8a49aa0d538c56e3bf2c45ad03534e7d9eec3cc935b786488d2655c61,e1840ebd3945bac63a1a1db5e13438dc2d1aad0b75fff316f3a4685d50583551,,,b226b97e0e67288aaaf85726ad855df71cb81406685c57c8e8c40cd8996aa0da,0c7b67d6f0b038d803ac018fe78d827ff85f93da,False,"{""VRP-EVRP-Project-Hub"": {""dirty"": false, ""path"": ""/Users/guoyiyang/Documents/GitHub/FURP-2026-Yiyang-GUO-EVRP-TW/reference/VRP-EVRP-Project-Hub"", ""revision"": ""e3a890065105f978187e532642c4442522215e02""}, ""py-ga-VRPTW"": {""dirty"": false, ""path"": ""/Users/guoyiyang/Documents/GitHub/FURP-2026-Yiyang-GUO-EVRP-TW/reference/py-ga-VRPTW"", ""revision"": ""8e005caaaf6471a4505588d88c7f0f5e0d4ebffa""}}",stage03.0_measurement_attempt05,,preserve;see stage03_legacy_path_map.csv,legacy,legacy_json_or_jsonl,none,legacy,legacy_unknown,,,65,legacy_compatible
stage03.1,screening,stage03.1_screening_attempt04,attempt04,stage03.1_screening_attempt04,stage031_cheap_screening_formal01,formal,__all__,__all__,"[""c101C5"", ""r105C5"", ""rc105C5"", ""c104C10"", ""r103C10"", ""rc102C10"", ""c106C15"", ""r105C15"", ""rc103C15"", ""c101_21"", ""r101_21"", ""rc101_21""]","[2014, 2015, 2016]",config,verified_legacy,results/stage03.1_screening_attempt04/control/stage03.1_screening_attempt04_config.toml,results/stage031-cheap-screening_formal01/parameters.toml,feasible,,pass,READY_FOR_STAGE03_2,READY_FOR_STAGE03_2,pass,e1840ebd3945bac63a1a1db5e13438dc2d1aad0b75fff316f3a4685d50583551,raw_manifest,5f2508b8a49aa0d538c56e3bf2c45ad03534e7d9eec3cc935b786488d2655c61,e1840ebd3945bac63a1a1db5e13438dc2d1aad0b75fff316f3a4685d50583551,,,b226b97e0e67288aaaf85726ad855df71cb81406685c57c8e8c40cd8996aa0da,0c7b67d6f0b038d803ac018fe78d827ff85f93da,False,"{""VRP-EVRP-Project-Hub"": {""dirty"": false, ""path"": ""/Users/guoyiyang/Documents/GitHub/FURP-2026-Yiyang-GUO-EVRP-TW/reference/VRP-EVRP-Project-Hub"", ""revision"": ""e3a890065105f978187e532642c4442522215e02""}, ""py-ga-VRPTW"": {""dirty"": false, ""path"": ""/Users/guoyiyang/Documents/GitHub/FURP-2026-Yiyang-GUO-EVRP-TW/reference/py-ga-VRPTW"", ""revision"": ""8e005caaaf6471a4505588d88c7f0f5e0d4ebffa""}}",stage03.0_measurement_attempt05,,preserve;see stage03_legacy_path_map.csv,legacy,legacy_json_or_jsonl,none,legacy,legacy_unknown,,,1052,legacy_compatible
stage03.1,screening,stage03.1_screening_attempt04,attempt04,stage03.1_screening_attempt04,stage031_cheap_screening_formal01,formal,c101C5,2014,"[""c101C5"", ""r105C5"", ""rc105C5"", ""c104C10"", ""r103C10"", ""rc102C10"", ""c106C15"", ""r105C15"", ""rc103C15"", ""c101_21"", ""r101_21"", ""rc101_21""]","[2014, 2015, 2016]",raw,verified_legacy,results/stage03.1_screening_attempt04/c101C5/2014/stage03.1_screening_attempt04_raw_c101C5_2014.json,results/stage031-cheap-screening_formal01/raw/c101C5-alns_stage02_constraint_guided-2014.json,feasible,,pass,READY_FOR_STAGE03_2,READY_FOR_STAGE03_2,pass,8bcdeab13972840b02739908dcfda66e848f3ff4cb48eaca1eb4445185026dce,raw_manifest,5f2508b8a49aa0d538c56e3bf2c45ad03534e7d9eec3cc935b786488d2655c61,e1840ebd3945bac63a1a1db5e13438dc2d1aad0b75fff316f3a4685d50583551,8612d6d9aad051776097a5e50c7408f39352b8107b0639d58e5eda713f9ff876,da044124afa7514bbc2885e349a65dafc16fc3d038cd3acd791200fb5c6567cf,b226b97e0e67288aaaf85726ad855df71cb81406685c57c8e8c40cd8996aa0da,0c7b67d6f0b038d803ac018fe78d827ff85f93da,False,"{""VRP-EVRP-Project-Hub"": {""dirty"": false, ""path"": ""/Users/guoyiyang/Documents/GitHub/FURP-2026-Yiyang-GUO-EVRP-TW/reference/VRP-EVRP-Project-Hub"", ""revision"": ""e3a890065105f978187e532642c4442522215e02""}, ""py-ga-VRPTW"": {""dirty"": false, ""path"": ""/Users/guoyiyang/Documents/GitHub/FURP-2026-Yiyang-GUO-EVRP-TW/reference/py-ga-VRPTW"", ""revision"": ""8e005caaaf6471a4505588d88c7f0f5e0d4ebffa""}}",stage03.0_measurement_attempt05,,preserve;see stage03_legacy_path_map.csv,legacy,legacy_json_or_jsonl,none,legacy,legacy_unknown,,,2397571,legacy_compatible
stage03.1,screening,stage03.1_screening_attempt04,attempt04,stage03.1_screening_attempt04,stage031_cheap_screening_formal01,formal,c101C5,2015,"[""c101C5"", ""r105C5"", ""rc105C5"", ""c104C10"", ""r103C10"", ""rc102C10"", ""c106C15"", ""r105C15"", ""rc103C15"", ""c101_21"", ""r101_21"", ""rc101_21""]","[2014, 2015, 2016]",raw,verified_legacy,results/stage03.1_screening_attempt04/c101C5/2015/stage03.1_screening_attempt04_raw_c101C5_2015.json,results/stage031-cheap-screening_formal01/raw/c101C5-alns_stage02_constraint_guided-2015.json,feasible,,pass,READY_FOR_STAGE03_2,READY_FOR_STAGE03_2,pass,66d9a642cd17445d505bd55a1dbfad8490b3598d308e75eba6870d9d5a13cac1,raw_manifest,5f2508b8a49aa0d538c56e3bf2c45ad03534e7d9eec3cc935b786488d2655c61,e1840ebd3945bac63a1a1db5e13438dc2d1aad0b75fff316f3a4685d50583551,8612d6d9aad051776097a5e50c7408f39352b8107b0639d58e5eda713f9ff876,ac5ace8fa98be286d6be19169954e0828d934cf01e35326d67011fa23f2300cb,b226b97e0e67288aaaf85726ad855df71cb81406685c57c8e8c40cd8996aa0da,0c7b67d6f0b038d803ac018fe78d827ff85f93da,False,"{""VRP-EVRP-Project-Hub"": {""dirty"": false, ""path"": ""/Users/guoyiyang/Documents/GitHub/FURP-2026-Yiyang-GUO-EVRP-TW/reference/VRP-EVRP-Project-Hub"", ""revision"": ""e3a890065105f978187e532642c4442522215e02""}, ""py-ga-VRPTW"": {""dirty"": false, ""path"": ""/Users/guoyiyang/Documents/GitHub/FURP-2026-Yiyang-GUO-EVRP-TW/reference/py-ga-VRPTW"", ""revision"": ""8e005caaaf6471a4505588d88c7f0f5e0d4ebffa""}}",stage03.0_measurement_attempt05,,preserve;see stage03_legacy_path_map.csv,legacy,legacy_json_or_jsonl,none,legacy,legacy_unknown,,,2380486,legacy_compatible
stage03.1,screening,stage03.1_screening_attempt04,attempt04,stage03.1_screening_attempt04,stage031_cheap_screening_formal01,formal,c101C5,2016,"[""c101C5"", ""r105C5"", ""rc105C5"", ""c104C10"", ""r103C10"", ""rc102C10"", ""c106C15"", ""r105C15"", ""rc103C15"", ""c101_21"", ""r101_21"", ""rc101_21""]","[2014, 2015, 2016]",raw,verified_legacy,results/stage03.1_screening_attempt04/c101C5/2016/stage03.1_screening_attempt04_raw_c101C5_2016.json,results/stage031-cheap-screening_formal01/raw/c101C5-alns_stage02_constraint_guided-2016.json,feasible,,pass,READY_FOR_STAGE03_2,READY_FOR_STAGE03_2,pass,36bbee3fb28c1a4889c89d3084f94a18a341d456d36a197a16993b57f54395f8,raw_manifest,5f2508b8a49aa0d538c56e3bf2c45ad03534e7d9eec3cc935b786488d2655c61,e1840ebd3945bac63a1a1db5e13438dc2d1aad0b75fff316f3a4685d50583551,8612d6d9aad051776097a5e50c7408f39352b8107b0639d58e5eda713f9ff876,3365da4477cf2e4fa32be244a86d1e6e632c486bd8fa5024a6233e7c75ab6dbc,b226b97e0e67288aaaf85726ad855df71cb81406685c57c8e8c40cd8996aa0da,0c7b67d6f0b038d803ac018fe78d827ff85f93da,False,"{""VRP-EVRP-Project-Hub"": {""dirty"": false, ""path"": ""/Users/guoyiyang/Documents/GitHub/FURP-2026-Yiyang-GUO-EVRP-TW/reference/VRP-EVRP-Project-Hub"", ""revision"": ""e3a890065105f978187e532642c4442522215e02""}, ""py-ga-VRPTW"": {""dirty"": false, ""path"": ""/Users/guoyiyang/Documents/GitHub/FURP-2026-Yiyang-GUO-EVRP-TW/reference/py-ga-VRPTW"", ""revision"": ""8e005caaaf6471a4505588d88c7f0f5e0d4ebffa""}}",stage03.0_measurement_attempt05,,preserve;see stage03_legacy_path_map.csv,legacy,legacy_json_or_jsonl,none,legacy,legacy_unknown,,,2361009,legacy_compatible
stage03.1,screening,stage03.1_screening_attempt04,attempt04,stage03.1_screening_attempt04,stage031_cheap_screening_formal01,formal,c101_21,2014,"[""c101C5"", ""r105C5"", ""rc105C5"", ""c104C10"", ""r103C10"", ""rc102C10"", ""c106C15"", ""r105C15"", ""rc103C15"", ""c101_21"", ""r101_21"", ""rc101_21""]","[2014, 2015, 2016]",raw,verified_legacy,results/stage03.1_screening_attempt04/c101_21/2014/stage03.1_screening_attempt04_raw_c101_21_2014.json,results/stage031-cheap-screening_formal01/raw/c101_21-alns_stage02_constraint_guided-2014.json,feasible,,pass,READY_FOR_STAGE03_2,READY_FOR_STAGE03_2,pass,45da31c126129286ae7c11427416e8ccee433973b3ac34183e5ce4ce76ae21cf,raw_manifest,5f2508b8a49aa0d538c56e3bf2c45ad03534e7d9eec3cc935b786488d2655c61,e1840ebd3945bac63a1a1db5e13438dc2d1aad0b75fff316f3a4685d50583551,c5cda6ca63a7d518902cf4b02d98b4aa0f373aaa0658d5c666d1c46d38871cb9,964812081f71eaa2944639f49e974839ff1d1889af08b4667fc226bfba80eb52,b226b97e0e67288aaaf85726ad855df71cb81406685c57c8e8c40cd8996aa0da,0c7b67d6f0b038d803ac018fe78d827ff85f93da,False,"{""VRP-EVRP-Project-Hub"": {""dirty"": false, ""path"": ""/Users/guoyiyang/Documents/GitHub/FURP-2026-Yiyang-GUO-EVRP-TW/reference/VRP-EVRP-Project-Hub"", ""revision"": ""e3a890065105f978187e532642c4442522215e02""}, ""py-ga-VRPTW"": {""dirty"": false, ""path"": ""/Users/guoyiyang/Documents/GitHub/FURP-2026-Yiyang-GUO-EVRP-TW/reference/py-ga-VRPTW"", ""revision"": ""8e005caaaf6471a4505588d88c7f0f5e0d4ebffa""}}",stage03.0_measurement_attempt05,,preserve;see stage03_legacy_path_map.csv,legacy,legacy_json_or_jsonl,none,legacy,legacy_unknown,,,29287592,legacy_compatible
stage03.1,screening,stage03.1_screening_attempt04,attempt04,stage03.1_screening_attempt04,stage031_cheap_screening_formal01,formal,c101_21,2015,"[""c101C5"", ""r105C5"", ""rc105C5"", ""c104C10"", ""r103C10"", ""rc102C10"", ""c106C15"", ""r105C15"", ""rc103C15"", ""c101_21"", ""r101_21"", ""rc101_21""]","[2014, 2015, 2016]",raw,verified_legacy,results/stage03.1_screening_attempt04/c101_21/2015/stage03.1_screening_attempt04_raw_c101_21_2015.json,results/stage031-cheap-screening_formal01/raw/c101_21-alns_stage02_constraint_guided-2015.json,feasible,,pass,READY_FOR_STAGE03_2,READY_FOR_STAGE03_2,pass,d7e9cb74ca48050dc2ea37eee2719ff83d7fd4248d4ee7f1ca550c1be0c25a3b,raw_manifest,5f2508b8a49aa0d538c56e3bf2c45ad03534e7d9eec3cc935b786488d2655c61,e1840ebd3945bac63a1a1db5e13438dc2d1aad0b75fff316f3a4685d50583551,c5cda6ca63a7d518902cf4b02d98b4aa0f373aaa0658d5c666d1c46d38871cb9,6491a0af6222a2835b2d8fdea4420243781fd0013d7ddd6756ffa062e5c4a8f6,b226b97e0e67288aaaf85726ad855df71cb81406685c57c8e8c40cd8996aa0da,0c7b67d6f0b038d803ac018fe78d827ff85f93da,False,"{""VRP-EVRP-Project-Hub"": {""dirty"": false, ""path"": ""/Users/guoyiyang/Documents/GitHub/FURP-2026-Yiyang-GUO-EVRP-TW/reference/VRP-EVRP-Project-Hub"", ""revision"": ""e3a890065105f978187e532642c4442522215e02""}, ""py-ga-VRPTW"": {""dirty"": false, ""path"": ""/Users/guoyiyang/Documents/GitHub/FURP-2026-Yiyang-GUO-EVRP-TW/reference/py-ga-VRPTW"", ""revision"": ""8e005caaaf6471a4505588d88c7f0f5e0d4ebffa""}}",stage03.0_measurement_attempt05,,preserve;see stage03_legacy_path_map.csv,legacy,legacy_json_or_jsonl,none,legacy,legacy_unknown,,,25478837,legacy_compatible
stage03.1,screening,stage03.1_screening_attempt04,attempt04,stage03.1_screening_attempt04,stage031_cheap_screening_formal01,formal,c101_21,2016,"[""c101C5"", ""r105C5"", ""rc105C5"", ""c104C10"", ""r103C10"", ""rc102C10"", ""c106C15"", ""r105C15"", ""rc103C15"", ""c101_21"", ""r101_21"", ""rc101_21""]","[2014, 2015, 2016]",raw,verified_legacy,results/stage03.1_screening_attempt04/c101_21/2016/stage03.1_screening_attempt04_raw_c101_21_2016.json,results/stage031-cheap-screening_formal01/raw/c101_21-alns_stage02_constraint_guided-2016.json,feasible,,pass,READY_FOR_STAGE03_2,READY_FOR_STAGE03_2,pass,dc74d1306a795dd1f5e4861ec18ed54bc53cded8ad82b41b68a36978bb18250e,raw_manifest,5f2508b8a49aa0d538c56e3bf2c45ad03534e7d9eec3cc935b786488d2655c61,e1840ebd3945bac63a1a1db5e13438dc2d1aad0b75fff316f3a4685d50583551,c5cda6ca63a7d518902cf4b02d98b4aa0f373aaa0658d5c666d1c46d38871cb9,ea055ae71569c1a17249d87cbad6c3d77936573e4248c8ebfca6848ce9ddd358,b226b97e0e67288aaaf85726ad855df71cb81406685c57c8e8c40cd8996aa0da,0c7b67d6f0b038d803ac018fe78d827ff85f93da,False,"{""VRP-EVRP-Project-Hub"": {""dirty"": false, ""path"": ""/Users/guoyiyang/Documents/GitHub/FURP-2026-Yiyang-GUO-EVRP-TW/reference/VRP-EVRP-Project-Hub"", ""revision"": ""e3a890065105f978187e532642c4442522215e02""}, ""py-ga-VRPTW"": {""dirty"": false, ""path"": ""/Users/guoyiyang/Documents/GitHub/FURP-2026-Yiyang-GUO-EVRP-TW/reference/py-ga-VRPTW"", ""revision"": ""8e005caaaf6471a4505588d88c7f0f5e0d4ebffa""}}",stage03.0_measurement_attempt05,,preserve;see stage03_legacy_path_map.csv,legacy,legacy_json_or_jsonl,none,legacy,legacy_unknown,,,23634798,legacy_compatible
stage03.1,screening,stage03.1_screening_attempt04,attempt04,stage03.1_screening_attempt04,stage031_cheap_screening_formal01,formal,c104C10,2014,"[""c101C5"", ""r105C5"", ""rc105C5"", ""c104C10"", ""r103C10"", ""rc102C10"", ""c106C15"", ""r105C15"", ""rc103C15"", ""c101_21"", ""r101_21"", ""rc101_21""]","[2014, 2015, 2016]",raw,verified_legacy,results/stage03.1_screening_attempt04/c104C10/2014/stage03.1_screening_attempt04_raw_c104C10_2014.json,results/stage031-cheap-screening_formal01/raw/c104C10-alns_stage02_constraint_guided-2014.json,feasible,,pass,READY_FOR_STAGE03_2,READY_FOR_STAGE03_2,pass,00541def8beb6987083fe70a4110df27f7eac18c2e0550869f97979b490721ca,raw_manifest,5f2508b8a49aa0d538c56e3bf2c45ad03534e7d9eec3cc935b786488d2655c61,e1840ebd3945bac63a1a1db5e13438dc2d1aad0b75fff316f3a4685d50583551,f7816af706c1cf32dacaee45c710ff93ce53c9b56d17df657044e61e63d2c04b,d7737acb7115d32b8838a183a4922588f37740364e494dcef6098ecb85df253c,b226b97e0e67288aaaf85726ad855df71cb81406685c57c8e8c40cd8996aa0da,0c7b67d6f0b038d803ac018fe78d827ff85f93da,False,"{""VRP-EVRP-Project-Hub"": {""dirty"": false, ""path"": ""/Users/guoyiyang/Documents/GitHub/FURP-2026-Yiyang-GUO-EVRP-TW/reference/VRP-EVRP-Project-Hub"", ""revision"": ""e3a890065105f978187e532642c4442522215e02""}, ""py-ga-VRPTW"": {""dirty"": false, ""path"": ""/Users/guoyiyang/Documents/GitHub/FURP-2026-Yiyang-GUO-EVRP-TW/reference/py-ga-VRPTW"", ""revision"": ""8e005caaaf6471a4505588d88c7f0f5e0d4ebffa""}}",stage03.0_measurement_attempt05,,preserve;see stage03_legacy_path_map.csv,legacy,legacy_json_or_jsonl,none,legacy,legacy_unknown,,,2880334,legacy_compatible
stage03.1,screening,stage03.1_screening_attempt04,attempt04,stage03.1_screening_attempt04,stage031_cheap_screening_formal01,formal,c104C10,2015,"[""c101C5"", ""r105C5"", ""rc105C5"", ""c104C10"", ""r103C10"", ""rc102C10"", ""c106C15"", ""r105C15"", ""rc103C15"", ""c101_21"", ""r101_21"", ""rc101_21""]","[2014, 2015, 2016]",raw,verified_legacy,results/stage03.1_screening_attempt04/c104C10/2015/stage03.1_screening_attempt04_raw_c104C10_2015.json,results/stage031-cheap-screening_formal01/raw/c104C10-alns_stage02_constraint_guided-2015.json,feasible,,pass,READY_FOR_STAGE03_2,READY_FOR_STAGE03_2,pass,f3b1f8ec49356239ebd83c54764dddf324b421d89ffafd5d386d6f36cdcb8a39,raw_manifest,5f2508b8a49aa0d538c56e3bf2c45ad03534e7d9eec3cc935b786488d2655c61,e1840ebd3945bac63a1a1db5e13438dc2d1aad0b75fff316f3a4685d50583551,f7816af706c1cf32dacaee45c710ff93ce53c9b56d17df657044e61e63d2c04b,337e5508df8fb365db43f4409b5fe4a08e77c8e22d7e847c07d21f78b14eeb95,b226b97e0e67288aaaf85726ad855df71cb81406685c57c8e8c40cd8996aa0da,0c7b67d6f0b038d803ac018fe78d827ff85f93da,False,"{""VRP-EVRP-Project-Hub"": {""dirty"": false, ""path"": ""/Users/guoyiyang/Documents/GitHub/FURP-2026-Yiyang-GUO-EVRP-TW/reference/VRP-EVRP-Project-Hub"", ""revision"": ""e3a890065105f978187e532642c4442522215e02""}, ""py-ga-VRPTW"": {""dirty"": false, ""path"": ""/Users/guoyiyang/Documents/GitHub/FURP-2026-Yiyang-GUO-EVRP-TW/reference/py-ga-VRPTW"", ""revision"": ""8e005caaaf6471a4505588d88c7f0f5e0d4ebffa""}}",stage03.0_measurement_attempt05,,preserve;see stage03_legacy_path_map.csv,legacy,legacy_json_or_jsonl,none,legacy,legacy_unknown,,,2681940,legacy_compatible
stage03.1,screening,stage03.1_screening_attempt04,attempt04,stage03.1_screening_attempt04,stage031_cheap_screening_formal01,formal,c104C10,2016,"[""c101C5"", ""r105C5"", ""rc105C5"", ""c104C10"", ""r103C10"", ""rc102C10"", ""c106C15"", ""r105C15"", ""rc103C15"", ""c101_21"", ""r101_21"", ""rc101_21""]","[2014, 2015, 2016]",raw,verified_legacy,results/stage03.1_screening_attempt04/c104C10/2016/stage03.1_screening_attempt04_raw_c104C10_2016.json,results/stage031-cheap-screening_formal01/raw/c104C10-alns_stage02_constraint_guided-2016.json,feasible,,pass,READY_FOR_STAGE03_2,READY_FOR_STAGE03_2,pass,700ae069f71866a1044b6a2c0cdd91d37c11bf45e99ae54cd8212cb8ddb01527,raw_manifest,5f2508b8a49aa0d538c56e3bf2c45ad03534e7d9eec3cc935b786488d2655c61,e1840ebd3945bac63a1a1db5e13438dc2d1aad0b75fff316f3a4685d50583551,f7816af706c1cf32dacaee45c710ff93ce53c9b56d17df657044e61e63d2c04b,16c0154c9f6dae759583c1072d2d14d533daffe0dc21fb5698a0b764ee5621b3,b226b97e0e67288aaaf85726ad855df71cb81406685c57c8e8c40cd8996aa0da,0c7b67d6f0b038d803ac018fe78d827ff85f93da,False,"{""VRP-EVRP-Project-Hub"": {""dirty"": false, ""path"": ""/Users/guoyiyang/Documents/GitHub/FURP-2026-Yiyang-GUO-EVRP-TW/reference/VRP-EVRP-Project-Hub"", ""revision"": ""e3a890065105f978187e532642c4442522215e02""}, ""py-ga-VRPTW"": {""dirty"": false, ""path"": ""/Users/guoyiyang/Documents/GitHub/FURP-2026-Yiyang-GUO-EVRP-TW/reference/py-ga-VRPTW"", ""revision"": ""8e005caaaf6471a4505588d88c7f0f5e0d4ebffa""}}",stage03.0_measurement_attempt05,,preserve;see stage03_legacy_path_map.csv,legacy,legacy_json_or_jsonl,none,legacy,legacy_unknown,,,2597514,legacy_compatible
stage03.1,screening,stage03.1_screening_attempt04,attempt04,stage03.1_screening_attempt04,stage031_cheap_screening_formal01,formal,c106C15,2014,"[""c101C5"", ""r105C5"", ""rc105C5"", ""c104C10"", ""r103C10"", ""rc102C10"", ""c106C15"", ""r105C15"", ""rc103C15"", ""c101_21"", ""r101_21"", ""rc101_21""]","[2014, 2015, 2016]",raw,verified_legacy,results/stage03.1_screening_attempt04/c106C15/2014/stage03.1_screening_attempt04_raw_c106C15_2014.json,results/stage031-cheap-screening_formal01/raw/c106C15-alns_stage02_constraint_guided-2014.json,feasible,,pass,READY_FOR_STAGE03_2,READY_FOR_STAGE03_2,pass,6ebd72dcd685cb4601ff52a5238d5fed1ef5bed05f3bcc7879f5b47810f75f2e,raw_manifest,5f2508b8a49aa0d538c56e3bf2c45ad03534e7d9eec3cc935b786488d2655c61,e1840ebd3945bac63a1a1db5e13438dc2d1aad0b75fff316f3a4685d50583551,eba58a458a9fd13ae8fd404df8db1d04e49271326316256ee060468048881a86,571e536f7f6028d032f946d9a3e945abe00b7c52eec0a87880917d3d272b097a,b226b97e0e67288aaaf85726ad855df71cb81406685c57c8e8c40cd8996aa0da,0c7b67d6f0b038d803ac018fe78d827ff85f93da,False,"{""VRP-EVRP-Project-Hub"": {""dirty"": false, ""path"": ""/Users/guoyiyang/Documents/GitHub/FURP-2026-Yiyang-GUO-EVRP-TW/reference/VRP-EVRP-Project-Hub"", ""revision"": ""e3a890065105f978187e532642c4442522215e02""}, ""py-ga-VRPTW"": {""dirty"": false, ""path"": ""/Users/guoyiyang/Documents/GitHub/FURP-2026-Yiyang-GUO-EVRP-TW/reference/py-ga-VRPTW"", ""revision"": ""8e005caaaf6471a4505588d88c7f0f5e0d4ebffa""}}",stage03.0_measurement_attempt05,,preserve;see stage03_legacy_path_map.csv,legacy,legacy_json_or_jsonl,none,legacy,legacy_unknown,,,4972747,legacy_compatible
stage03.1,screening,stage03.1_screening_attempt04,attempt04,stage03.1_screening_attempt04,stage031_cheap_screening_formal01,formal,c106C15,2015,"[""c101C5"", ""r105C5"", ""rc105C5"", ""c104C10"", ""r103C10"", ""rc102C10"", ""c106C15"", ""r105C15"", ""rc103C15"", ""c101_21"", ""r101_21"", ""rc101_21""]","[2014, 2015, 2016]",raw,verified_legacy,results/stage03.1_screening_attempt04/c106C15/2015/stage03.1_screening_attempt04_raw_c106C15_2015.json,results/stage031-cheap-screening_formal01/raw/c106C15-alns_stage02_constraint_guided-2015.json,feasible,,pass,READY_FOR_STAGE03_2,READY_FOR_STAGE03_2,pass,057939e1a929c1753e8b08e0e794469d7a02e993d79f8a25761f31a6684fc954,raw_manifest,5f2508b8a49aa0d538c56e3bf2c45ad03534e7d9eec3cc935b786488d2655c61,e1840ebd3945bac63a1a1db5e13438dc2d1aad0b75fff316f3a4685d50583551,eba58a458a9fd13ae8fd404df8db1d04e49271326316256ee060468048881a86,fe1207d4fbdf509c0e4fedcc4d90b16f45da3635ce3eaddeedbd432f6e026e1e,b226b97e0e67288aaaf85726ad855df71cb81406685c57c8e8c40cd8996aa0da,0c7b67d6f0b038d803ac018fe78d827ff85f93da,False,"{""VRP-EVRP-Project-Hub"": {""dirty"": false, ""path"": ""/Users/guoyiyang/Documents/GitHub/FURP-2026-Yiyang-GUO-EVRP-TW/reference/VRP-EVRP-Project-Hub"", ""revision"": ""e3a890065105f978187e532642c4442522215e02""}, ""py-ga-VRPTW"": {""dirty"": false, ""path"": ""/Users/guoyiyang/Documents/GitHub/FURP-2026-Yiyang-GUO-EVRP-TW/reference/py-ga-VRPTW"", ""revision"": ""8e005caaaf6471a4505588d88c7f0f5e0d4ebffa""}}",stage03.0_measurement_attempt05,,preserve;see stage03_legacy_path_map.csv,legacy,legacy_json_or_jsonl,none,legacy,legacy_unknown,,,4884305,legacy_compatible
stage03.1,screening,stage03.1_screening_attempt04,attempt04,stage03.1_screening_attempt04,stage031_cheap_screening_formal01,formal,c106C15,2016,"[""c101C5"", ""r105C5"", ""rc105C5"", ""c104C10"", ""r103C10"", ""rc102C10"", ""c106C15"", ""r105C15"", ""rc103C15"", ""c101_21"", ""r101_21"", ""rc101_21""]","[2014, 2015, 2016]",raw,verified_legacy,results/stage03.1_screening_attempt04/c106C15/2016/stage03.1_screening_attempt04_raw_c106C15_2016.json,results/stage031-cheap-screening_formal01/raw/c106C15-alns_stage02_constraint_guided-2016.json,feasible,,pass,READY_FOR_STAGE03_2,READY_FOR_STAGE03_2,pass,a198e8a5f58d56345731c327e924b2a2f57c29b1fb0137790a537b63621d8cfa,raw_manifest,5f2508b8a49aa0d538c56e3bf2c45ad03534e7d9eec3cc935b786488d2655c61,e1840ebd3945bac63a1a1db5e13438dc2d1aad0b75fff316f3a4685d50583551,eba58a458a9fd13ae8fd404df8db1d04e49271326316256ee060468048881a86,36bdb75053d72005e1d872a5181da41694e427aeead66c5c4cdf40701544bc17,b226b97e0e67288aaaf85726ad855df71cb81406685c57c8e8c40cd8996aa0da,0c7b67d6f0b038d803ac018fe78d827ff85f93da,False,"{""VRP-EVRP-Project-Hub"": {""dirty"": false, ""path"": ""/Users/guoyiyang/Documents/GitHub/FURP-2026-Yiyang-GUO-EVRP-TW/reference/VRP-EVRP-Project-Hub"", ""revision"": ""e3a890065105f978187e532642c4442522215e02""}, ""py-ga-VRPTW"": {""dirty"": false, ""path"": ""/Users/guoyiyang/Documents/GitHub/FURP-2026-Yiyang-GUO-EVRP-TW/reference/py-ga-VRPTW"", ""revision"": ""8e005caaaf6471a4505588d88c7f0f5e0d4ebffa""}}",stage03.0_measurement_attempt05,,preserve;see stage03_legacy_path_map.csv,legacy,legacy_json_or_jsonl,none,legacy,legacy_unknown,,,3984799,legacy_compatible
stage03.1,screening,stage03.1_screening_attempt04,attempt04,stage03.1_screening_attempt04,stage031_cheap_screening_formal01,formal,r101_21,2014,"[""c101C5"", ""r105C5"", ""rc105C5"", ""c104C10"", ""r103C10"", ""rc102C10"", ""c106C15"", ""r105C15"", ""rc103C15"", ""c101_21"", ""r101_21"", ""rc101_21""]","[2014, 2015, 2016]",raw,verified_legacy,results/stage03.1_screening_attempt04/r101_21/2014/stage03.1_screening_attempt04_raw_r101_21_2014.json,results/stage031-cheap-screening_formal01/raw/r101_21-alns_stage02_constraint_guided-2014.json,feasible,,pass,READY_FOR_STAGE03_2,READY_FOR_STAGE03_2,pass,777d00aa509b647da154c49abbdd939a228a249f7f6c6c48652922aedffd52d9,raw_manifest,5f2508b8a49aa0d538c56e3bf2c45ad03534e7d9eec3cc935b786488d2655c61,e1840ebd3945bac63a1a1db5e13438dc2d1aad0b75fff316f3a4685d50583551,0e5a3dffffbd3c516b528ef32ba1a488b817d2f151fc3e8c81023814de1c103a,f7c545565e84a7b0618b32b9a5aee7886d1913f37a476f28159690504dd362a0,b226b97e0e67288aaaf85726ad855df71cb81406685c57c8e8c40cd8996aa0da,0c7b67d6f0b038d803ac018fe78d827ff85f93da,False,"{""VRP-EVRP-Project-Hub"": {""dirty"": false, ""path"": ""/Users/guoyiyang/Documents/GitHub/FURP-2026-Yiyang-GUO-EVRP-TW/reference/VRP-EVRP-Project-Hub"", ""revision"": ""e3a890065105f978187e532642c4442522215e02""}, ""py-ga-VRPTW"": {""dirty"": false, ""path"": ""/Users/guoyiyang/Documents/GitHub/FURP-2026-Yiyang-GUO-EVRP-TW/reference/py-ga-VRPTW"", ""revision"": ""8e005caaaf6471a4505588d88c7f0f5e0d4ebffa""}}",stage03.0_measurement_attempt05,,preserve;see stage03_legacy_path_map.csv,legacy,legacy_json_or_jsonl,none,legacy,legacy_unknown,,,88813697,legacy_compatible
stage03.1,screening,stage03.1_screening_attempt04,attempt04,stage03.1_screening_attempt04,stage031_cheap_screening_formal01,formal,r101_21,2015,"[""c101C5"", ""r105C5"", ""rc105C5"", ""c104C10"", ""r103C10"", ""rc102C10"", ""c106C15"", ""r105C15"", ""rc103C15"", ""c101_21"", ""r101_21"", ""rc101_21""]","[2014, 2015, 2016]",raw,verified_legacy,results/stage03.1_screening_attempt04/r101_21/2015/stage03.1_screening_attempt04_raw_r101_21_2015.json,results/stage031-cheap-screening_formal01/raw/r101_21-alns_stage02_constraint_guided-2015.json,feasible,,pass,READY_FOR_STAGE03_2,READY_FOR_STAGE03_2,pass,7a97d3fbf3843faeb14db8c0d25c93f2a8e002afc3b19a7651e67d3fda1aa5fa,raw_manifest,5f2508b8a49aa0d538c56e3bf2c45ad03534e7d9eec3cc935b786488d2655c61,e1840ebd3945bac63a1a1db5e13438dc2d1aad0b75fff316f3a4685d50583551,0e5a3dffffbd3c516b528ef32ba1a488b817d2f151fc3e8c81023814de1c103a,5250c5c949c05c0a7eaaf430305b54464de9ce019df0d06dd14e915f4c1c9066,b226b97e0e67288aaaf85726ad855df71cb81406685c57c8e8c40cd8996aa0da,0c7b67d6f0b038d803ac018fe78d827ff85f93da,False,"{""VRP-EVRP-Project-Hub"": {""dirty"": false, ""path"": ""/Users/guoyiyang/Documents/GitHub/FURP-2026-Yiyang-GUO-EVRP-TW/reference/VRP-EVRP-Project-Hub"", ""revision"": ""e3a890065105f978187e532642c4442522215e02""}, ""py-ga-VRPTW"": {""dirty"": false, ""path"": ""/Users/guoyiyang/Documents/GitHub/FURP-2026-Yiyang-GUO-EVRP-TW/reference/py-ga-VRPTW"", ""revision"": ""8e005caaaf6471a4505588d88c7f0f5e0d4ebffa""}}",stage03.0_measurement_attempt05,,preserve;see stage03_legacy_path_map.csv,legacy,legacy_json_or_jsonl,none,legacy,legacy_unknown,,,64709567,legacy_compatible
stage03.1,screening,stage03.1_screening_attempt04,attempt04,stage03.1_screening_attempt04,stage031_cheap_screening_formal01,formal,r101_21,2016,"[""c101C5"", ""r105C5"", ""rc105C5"", ""c104C10"", ""r103C10"", ""rc102C10"", ""c106C15"", ""r105C15"", ""rc103C15"", ""c101_21"", ""r101_21"", ""rc101_21""]","[2014, 2015, 2016]",raw,verified_legacy,results/stage03.1_screening_attempt04/r101_21/2016/stage03.1_screening_attempt04_raw_r101_21_2016.json,results/stage031-cheap-screening_formal01/raw/r101_21-alns_stage02_constraint_guided-2016.json,feasible,,pass,READY_FOR_STAGE03_2,READY_FOR_STAGE03_2,pass,c9c5fa212d855ff15576a8326a215b1220dd0a2271ef448bdcfa6d05ca7e0bfa,raw_manifest,5f2508b8a49aa0d538c56e3bf2c45ad03534e7d9eec3cc935b786488d2655c61,e1840ebd3945bac63a1a1db5e13438dc2d1aad0b75fff316f3a4685d50583551,0e5a3dffffbd3c516b528ef32ba1a488b817d2f151fc3e8c81023814de1c103a,ea2d1535eb8519014c0d172f5398e4481545ae6f02cfca28f6671f0227b76b31,b226b97e0e67288aaaf85726ad855df71cb81406685c57c8e8c40cd8996aa0da,0c7b67d6f0b038d803ac018fe78d827ff85f93da,False,"{""VRP-EVRP-Project-Hub"": {""dirty"": false, ""path"": ""/Users/guoyiyang/Documents/GitHub/FURP-2026-Yiyang-GUO-EVRP-TW/reference/VRP-EVRP-Project-Hub"", ""revision"": ""e3a890065105f978187e532642c4442522215e02""}, ""py-ga-VRPTW"": {""dirty"": false, ""path"": ""/Users/guoyiyang/Documents/GitHub/FURP-2026-Yiyang-GUO-EVRP-TW/reference/py-ga-VRPTW"", ""revision"": ""8e005caaaf6471a4505588d88c7f0f5e0d4ebffa""}}",stage03.0_measurement_attempt05,,preserve;see stage03_legacy_path_map.csv,legacy,legacy_json_or_jsonl,none,legacy,legacy_unknown,,,63039544,legacy_compatible
stage03.1,screening,stage03.1_screening_attempt04,attempt04,stage03.1_screening_attempt04,stage031_cheap_screening_formal01,formal,r103C10,2014,"[""c101C5"", ""r105C5"", ""rc105C5"", ""c104C10"", ""r103C10"", ""rc102C10"", ""c106C15"", ""r105C15"", ""rc103C15"", ""c101_21"", ""r101_21"", ""rc101_21""]","[2014, 2015, 2016]",raw,verified_legacy,results/stage03.1_screening_attempt04/r103C10/2014/stage03.1_screening_attempt04_raw_r103C10_2014.json,results/stage031-cheap-screening_formal01/raw/r103C10-alns_stage02_constraint_guided-2014.json,feasible,,pass,READY_FOR_STAGE03_2,READY_FOR_STAGE03_2,pass,68b3791fa1ab299127899df7d83dad712b34e61c99bfce520fc1bbf41ef30ce3,raw_manifest,5f2508b8a49aa0d538c56e3bf2c45ad03534e7d9eec3cc935b786488d2655c61,e1840ebd3945bac63a1a1db5e13438dc2d1aad0b75fff316f3a4685d50583551,00debfb0e1fa34796b1644a045a064f52cb1f35052df9faa485db4b4f5ff512e,6e8526426f5a42ed556b29ee648705af381e1b2af209e1f2cd7a9a0de60f714c,b226b97e0e67288aaaf85726ad855df71cb81406685c57c8e8c40cd8996aa0da,0c7b67d6f0b038d803ac018fe78d827ff85f93da,False,"{""VRP-EVRP-Project-Hub"": {""dirty"": false, ""path"": ""/Users/guoyiyang/Documents/GitHub/FURP-2026-Yiyang-GUO-EVRP-TW/reference/VRP-EVRP-Project-Hub"", ""revision"": ""e3a890065105f978187e532642c4442522215e02""}, ""py-ga-VRPTW"": {""dirty"": false, ""path"": ""/Users/guoyiyang/Documents/GitHub/FURP-2026-Yiyang-GUO-EVRP-TW/reference/py-ga-VRPTW"", ""revision"": ""8e005caaaf6471a4505588d88c7f0f5e0d4ebffa""}}",stage03.0_measurement_attempt05,,preserve;see stage03_legacy_path_map.csv,legacy,legacy_json_or_jsonl,none,legacy,legacy_unknown,,,2798174,legacy_compatible
stage03.1,screening,stage03.1_screening_attempt04,attempt04,stage03.1_screening_attempt04,stage031_cheap_screening_formal01,formal,r103C10,2015,"[""c101C5"", ""r105C5"", ""rc105C5"", ""c104C10"", ""r103C10"", ""rc102C10"", ""c106C15"", ""r105C15"", ""rc103C15"", ""c101_21"", ""r101_21"", ""rc101_21""]","[2014, 2015, 2016]",raw,verified_legacy,results/stage03.1_screening_attempt04/r103C10/2015/stage03.1_screening_attempt04_raw_r103C10_2015.json,results/stage031-cheap-screening_formal01/raw/r103C10-alns_stage02_constraint_guided-2015.json,feasible,,pass,READY_FOR_STAGE03_2,READY_FOR_STAGE03_2,pass,410bf825a78cae4a2ffb8d8e54405b503e25de8ae5cf1ea938b81a5a4dc11367,raw_manifest,5f2508b8a49aa0d538c56e3bf2c45ad03534e7d9eec3cc935b786488d2655c61,e1840ebd3945bac63a1a1db5e13438dc2d1aad0b75fff316f3a4685d50583551,00debfb0e1fa34796b1644a045a064f52cb1f35052df9faa485db4b4f5ff512e,3c7ab9b3e5aefde419b99f8f52667b3264060abb3b5a65b36850d52dedfb4cda,b226b97e0e67288aaaf85726ad855df71cb81406685c57c8e8c40cd8996aa0da,0c7b67d6f0b038d803ac018fe78d827ff85f93da,False,"{""VRP-EVRP-Project-Hub"": {""dirty"": false, ""path"": ""/Users/guoyiyang/Documents/GitHub/FURP-2026-Yiyang-GUO-EVRP-TW/reference/VRP-EVRP-Project-Hub"", ""revision"": ""e3a890065105f978187e532642c4442522215e02""}, ""py-ga-VRPTW"": {""dirty"": false, ""path"": ""/Users/guoyiyang/Documents/GitHub/FURP-2026-Yiyang-GUO-EVRP-TW/reference/py-ga-VRPTW"", ""revision"": ""8e005caaaf6471a4505588d88c7f0f5e0d4ebffa""}}",stage03.0_measurement_attempt05,,preserve;see stage03_legacy_path_map.csv,legacy,legacy_json_or_jsonl,none,legacy,legacy_unknown,,,2620745,legacy_compatible
stage03.1,screening,stage03.1_screening_attempt04,attempt04,stage03.1_screening_attempt04,stage031_cheap_screening_formal01,formal,r103C10,2016,"[""c101C5"", ""r105C5"", ""rc105C5"", ""c104C10"", ""r103C10"", ""rc102C10"", ""c106C15"", ""r105C15"", ""rc103C15"", ""c101_21"", ""r101_21"", ""rc101_21""]","[2014, 2015, 2016]",raw,verified_legacy,results/stage03.1_screening_attempt04/r103C10/2016/stage03.1_screening_attempt04_raw_r103C10_2016.json,results/stage031-cheap-screening_formal01/raw/r103C10-alns_stage02_constraint_guided-2016.json,feasible,,pass,READY_FOR_STAGE03_2,READY_FOR_STAGE03_2,pass,8f81729a23d18ad4f1f9fb4e4620b9ef125c297c16ae65c36663ab479282bd0c,raw_manifest,5f2508b8a49aa0d538c56e3bf2c45ad03534e7d9eec3cc935b786488d2655c61,e1840ebd3945bac63a1a1db5e13438dc2d1aad0b75fff316f3a4685d50583551,00debfb0e1fa34796b1644a045a064f52cb1f35052df9faa485db4b4f5ff512e,97b63593d12ab0603557514a8923c35b84c5b976df36c8d454ea682c45ec8dc7,b226b97e0e67288aaaf85726ad855df71cb81406685c57c8e8c40cd8996aa0da,0c7b67d6f0b038d803ac018fe78d827ff85f93da,False,"{""VRP-EVRP-Project-Hub"": {""dirty"": false, ""path"": ""/Users/guoyiyang/Documents/GitHub/FURP-2026-Yiyang-GUO-EVRP-TW/reference/VRP-EVRP-Project-Hub"", ""revision"": ""e3a890065105f978187e532642c4442522215e02""}, ""py-ga-VRPTW"": {""dirty"": false, ""path"": ""/Users/guoyiyang/Documents/GitHub/FURP-2026-Yiyang-GUO-EVRP-TW/reference/py-ga-VRPTW"", ""revision"": ""8e005caaaf6471a4505588d88c7f0f5e0d4ebffa""}}",stage03.0_measurement_attempt05,,preserve;see stage03_legacy_path_map.csv,legacy,legacy_json_or_jsonl,none,legacy,legacy_unknown,,,2668152,legacy_compatible
stage03.1,screening,stage03.1_screening_attempt04,attempt04,stage03.1_screening_attempt04,stage031_cheap_screening_formal01,formal,r105C15,2014,"[""c101C5"", ""r105C5"", ""rc105C5"", ""c104C10"", ""r103C10"", ""rc102C10"", ""c106C15"", ""r105C15"", ""rc103C15"", ""c101_21"", ""r101_21"", ""rc101_21""]","[2014, 2015, 2016]",raw,verified_legacy,results/stage03.1_screening_attempt04/r105C15/2014/stage03.1_screening_attempt04_raw_r105C15_2014.json,results/stage031-cheap-screening_formal01/raw/r105C15-alns_stage02_constraint_guided-2014.json,feasible,,pass,READY_FOR_STAGE03_2,READY_FOR_STAGE03_2,pass,f81d435e9a74f161852579c1d57ea5f74f00e50a88bdf4f779b8f9c2bf62a3ff,raw_manifest,5f2508b8a49aa0d538c56e3bf2c45ad03534e7d9eec3cc935b786488d2655c61,e1840ebd3945bac63a1a1db5e13438dc2d1aad0b75fff316f3a4685d50583551,937f3e630e6afef1a148dc223dd1d6ad2d11cfff557803e68a50e981e3ceaa44,64ea60eb6e0dfc94d8534cb69b3d9939724ce6b6f43bd19f5ea4334a6d9b3570,b226b97e0e67288aaaf85726ad855df71cb81406685c57c8e8c40cd8996aa0da,0c7b67d6f0b038d803ac018fe78d827ff85f93da,False,"{""VRP-EVRP-Project-Hub"": {""dirty"": false, ""path"": ""/Users/guoyiyang/Documents/GitHub/FURP-2026-Yiyang-GUO-EVRP-TW/reference/VRP-EVRP-Project-Hub"", ""revision"": ""e3a890065105f978187e532642c4442522215e02""}, ""py-ga-VRPTW"": {""dirty"": false, ""path"": ""/Users/guoyiyang/Documents/GitHub/FURP-2026-Yiyang-GUO-EVRP-TW/reference/py-ga-VRPTW"", ""revision"": ""8e005caaaf6471a4505588d88c7f0f5e0d4ebffa""}}",stage03.0_measurement_attempt05,,preserve;see stage03_legacy_path_map.csv,legacy,legacy_json_or_jsonl,none,legacy,legacy_unknown,,,4208041,legacy_compatible
stage03.1,screening,stage03.1_screening_attempt04,attempt04,stage03.1_screening_attempt04,stage031_cheap_screening_formal01,formal,r105C15,2015,"[""c101C5"", ""r105C5"", ""rc105C5"", ""c104C10"", ""r103C10"", ""rc102C10"", ""c106C15"", ""r105C15"", ""rc103C15"", ""c101_21"", ""r101_21"", ""rc101_21""]","[2014, 2015, 2016]",raw,verified_legacy,results/stage03.1_screening_attempt04/r105C15/2015/stage03.1_screening_attempt04_raw_r105C15_2015.json,results/stage031-cheap-screening_formal01/raw/r105C15-alns_stage02_constraint_guided-2015.json,feasible,,pass,READY_FOR_STAGE03_2,READY_FOR_STAGE03_2,pass,8ed28e1ed5eeefea48f60d73ababe36c87469522623f9b0fa50458f9f96ba91a,raw_manifest,5f2508b8a49aa0d538c56e3bf2c45ad03534e7d9eec3cc935b786488d2655c61,e1840ebd3945bac63a1a1db5e13438dc2d1aad0b75fff316f3a4685d50583551,937f3e630e6afef1a148dc223dd1d6ad2d11cfff557803e68a50e981e3ceaa44,9dd4244380d8ebc747b306fa0e6a5e690bcf61ed0f17a981aed10c87bc24f254,b226b97e0e67288aaaf85726ad855df71cb81406685c57c8e8c40cd8996aa0da,0c7b67d6f0b038d803ac018fe78d827ff85f93da,False,"{""VRP-EVRP-Project-Hub"": {""dirty"": false, ""path"": ""/Users/guoyiyang/Documents/GitHub/FURP-2026-Yiyang-GUO-EVRP-TW/reference/VRP-EVRP-Project-Hub"", ""revision"": ""e3a890065105f978187e532642c4442522215e02""}, ""py-ga-VRPTW"": {""dirty"": false, ""path"": ""/Users/guoyiyang/Documents/GitHub/FURP-2026-Yiyang-GUO-EVRP-TW/reference/py-ga-VRPTW"", ""revision"": ""8e005caaaf6471a4505588d88c7f0f5e0d4ebffa""}}",stage03.0_measurement_attempt05,,preserve;see stage03_legacy_path_map.csv,legacy,legacy_json_or_jsonl,none,legacy,legacy_unknown,,,4819029,legacy_compatible
stage03.1,screening,stage03.1_screening_attempt04,attempt04,stage03.1_screening_attempt04,stage031_cheap_screening_formal01,formal,r105C15,2016,"[""c101C5"", ""r105C5"", ""rc105C5"", ""c104C10"", ""r103C10"", ""rc102C10"", ""c106C15"", ""r105C15"", ""rc103C15"", ""c101_21"", ""r101_21"", ""rc101_21""]","[2014, 2015, 2016]",raw,verified_legacy,results/stage03.1_screening_attempt04/r105C15/2016/stage03.1_screening_attempt04_raw_r105C15_2016.json,results/stage031-cheap-screening_formal01/raw/r105C15-alns_stage02_constraint_guided-2016.json,feasible,,pass,READY_FOR_STAGE03_2,READY_FOR_STAGE03_2,pass,3928e55cbb98de07f1c1751f3ed57487b09929c44f5b14e8d4a337f5d4b3b905,raw_manifest,5f2508b8a49aa0d538c56e3bf2c45ad03534e7d9eec3cc935b786488d2655c61,e1840ebd3945bac63a1a1db5e13438dc2d1aad0b75fff316f3a4685d50583551,937f3e630e6afef1a148dc223dd1d6ad2d11cfff557803e68a50e981e3ceaa44,a5097962fee8c43ff987eed16337ef1b13facde67ff469b1e79e85fb5a97663c,b226b97e0e67288aaaf85726ad855df71cb81406685c57c8e8c40cd8996aa0da,0c7b67d6f0b038d803ac018fe78d827ff85f93da,False,"{""VRP-EVRP-Project-Hub"": {""dirty"": false, ""path"": ""/Users/guoyiyang/Documents/GitHub/FURP-2026-Yiyang-GUO-EVRP-TW/reference/VRP-EVRP-Project-Hub"", ""revision"": ""e3a890065105f978187e532642c4442522215e02""}, ""py-ga-VRPTW"": {""dirty"": false, ""path"": ""/Users/guoyiyang/Documents/GitHub/FURP-2026-Yiyang-GUO-EVRP-TW/reference/py-ga-VRPTW"", ""revision"": ""8e005caaaf6471a4505588d88c7f0f5e0d4ebffa""}}",stage03.0_measurement_attempt05,,preserve;see stage03_legacy_path_map.csv,legacy,legacy_json_or_jsonl,none,legacy,legacy_unknown,,,5065601,legacy_compatible
stage03.1,screening,stage03.1_screening_attempt04,attempt04,stage03.1_screening_attempt04,stage031_cheap_screening_formal01,formal,r105C5,2014,"[""c101C5"", ""r105C5"", ""rc105C5"", ""c104C10"", ""r103C10"", ""rc102C10"", ""c106C15"", ""r105C15"", ""rc103C15"", ""c101_21"", ""r101_21"", ""rc101_21""]","[2014, 2015, 2016]",raw,verified_legacy,results/stage03.1_screening_attempt04/r105C5/2014/stage03.1_screening_attempt04_raw_r105C5_2014.json,results/stage031-cheap-screening_formal01/raw/r105C5-alns_stage02_constraint_guided-2014.json,feasible,,pass,READY_FOR_STAGE03_2,READY_FOR_STAGE03_2,pass,3b3c87a260ebbd5df7853c42a5694317e069d22a911e3ab538dd0c215cf0f874,raw_manifest,5f2508b8a49aa0d538c56e3bf2c45ad03534e7d9eec3cc935b786488d2655c61,e1840ebd3945bac63a1a1db5e13438dc2d1aad0b75fff316f3a4685d50583551,eb27ec04e799ee6d39dee3d66f15128e197811afa8c664295acbdf6444176434,d4c45e00680006924565eba36f515ad3fcfb2c0f73f96e19f3f45b2091e643a9,b226b97e0e67288aaaf85726ad855df71cb81406685c57c8e8c40cd8996aa0da,0c7b67d6f0b038d803ac018fe78d827ff85f93da,False,"{""VRP-EVRP-Project-Hub"": {""dirty"": false, ""path"": ""/Users/guoyiyang/Documents/GitHub/FURP-2026-Yiyang-GUO-EVRP-TW/reference/VRP-EVRP-Project-Hub"", ""revision"": ""e3a890065105f978187e532642c4442522215e02""}, ""py-ga-VRPTW"": {""dirty"": false, ""path"": ""/Users/guoyiyang/Documents/GitHub/FURP-2026-Yiyang-GUO-EVRP-TW/reference/py-ga-VRPTW"", ""revision"": ""8e005caaaf6471a4505588d88c7f0f5e0d4ebffa""}}",stage03.0_measurement_attempt05,,preserve;see stage03_legacy_path_map.csv,legacy,legacy_json_or_jsonl,none,legacy,legacy_unknown,,,2356209,legacy_compatible
stage03.1,screening,stage03.1_screening_attempt04,attempt04,stage03.1_screening_attempt04,stage031_cheap_screening_formal01,formal,r105C5,2015,"[""c101C5"", ""r105C5"", ""rc105C5"", ""c104C10"", ""r103C10"", ""rc102C10"", ""c106C15"", ""r105C15"", ""rc103C15"", ""c101_21"", ""r101_21"", ""rc101_21""]","[2014, 2015, 2016]",raw,verified_legacy,results/stage03.1_screening_attempt04/r105C5/2015/stage03.1_screening_attempt04_raw_r105C5_2015.json,results/stage031-cheap-screening_formal01/raw/r105C5-alns_stage02_constraint_guided-2015.json,feasible,,pass,READY_FOR_STAGE03_2,READY_FOR_STAGE03_2,pass,b4ba274990d1765b065202de88174780d7ad245d34e3e8305792e11df3dcafba,raw_manifest,5f2508b8a49aa0d538c56e3bf2c45ad03534e7d9eec3cc935b786488d2655c61,e1840ebd3945bac63a1a1db5e13438dc2d1aad0b75fff316f3a4685d50583551,eb27ec04e799ee6d39dee3d66f15128e197811afa8c664295acbdf6444176434,b599f198bde162faa32399cac4b4b7430a5e56be2cd1088a3ebb17159c2a3664,b226b97e0e67288aaaf85726ad855df71cb81406685c57c8e8c40cd8996aa0da,0c7b67d6f0b038d803ac018fe78d827ff85f93da,False,"{""VRP-EVRP-Project-Hub"": {""dirty"": false, ""path"": ""/Users/guoyiyang/Documents/GitHub/FURP-2026-Yiyang-GUO-EVRP-TW/reference/VRP-EVRP-Project-Hub"", ""revision"": ""e3a890065105f978187e532642c4442522215e02""}, ""py-ga-VRPTW"": {""dirty"": false, ""path"": ""/Users/guoyiyang/Documents/GitHub/FURP-2026-Yiyang-GUO-EVRP-TW/reference/py-ga-VRPTW"", ""revision"": ""8e005caaaf6471a4505588d88c7f0f5e0d4ebffa""}}",stage03.0_measurement_attempt05,,preserve;see stage03_legacy_path_map.csv,legacy,legacy_json_or_jsonl,none,legacy,legacy_unknown,,,2289328,legacy_compatible
stage03.1,screening,stage03.1_screening_attempt04,attempt04,stage03.1_screening_attempt04,stage031_cheap_screening_formal01,formal,r105C5,2016,"[""c101C5"", ""r105C5"", ""rc105C5"", ""c104C10"", ""r103C10"", ""rc102C10"", ""c106C15"", ""r105C15"", ""rc103C15"", ""c101_21"", ""r101_21"", ""rc101_21""]","[2014, 2015, 2016]",raw,verified_legacy,results/stage03.1_screening_attempt04/r105C5/2016/stage03.1_screening_attempt04_raw_r105C5_2016.json,results/stage031-cheap-screening_formal01/raw/r105C5-alns_stage02_constraint_guided-2016.json,feasible,,pass,READY_FOR_STAGE03_2,READY_FOR_STAGE03_2,pass,2f1de62af09fb7a252ccf5e271f8c1e9f4c63a8eb258a964bc42045089236bd2,raw_manifest,5f2508b8a49aa0d538c56e3bf2c45ad03534e7d9eec3cc935b786488d2655c61,e1840ebd3945bac63a1a1db5e13438dc2d1aad0b75fff316f3a4685d50583551,eb27ec04e799ee6d39dee3d66f15128e197811afa8c664295acbdf6444176434,1cc919e0d9f2bf2127770c6e6b88f0754412a1c6d2f3db57a7ef4d795233deb1,b226b97e0e67288aaaf85726ad855df71cb81406685c57c8e8c40cd8996aa0da,0c7b67d6f0b038d803ac018fe78d827ff85f93da,False,"{""VRP-EVRP-Project-Hub"": {""dirty"": false, ""path"": ""/Users/guoyiyang/Documents/GitHub/FURP-2026-Yiyang-GUO-EVRP-TW/reference/VRP-EVRP-Project-Hub"", ""revision"": ""e3a890065105f978187e532642c4442522215e02""}, ""py-ga-VRPTW"": {""dirty"": false, ""path"": ""/Users/guoyiyang/Documents/GitHub/FURP-2026-Yiyang-GUO-EVRP-TW/reference/py-ga-VRPTW"", ""revision"": ""8e005caaaf6471a4505588d88c7f0f5e0d4ebffa""}}",stage03.0_measurement_attempt05,,preserve;see stage03_legacy_path_map.csv,legacy,legacy_json_or_jsonl,none,legacy,legacy_unknown,,,2267234,legacy_compatible
stage03.1,screening,stage03.1_screening_attempt04,attempt04,stage03.1_screening_attempt04,stage031_cheap_screening_formal01,formal,rc101_21,2014,"[""c101C5"", ""r105C5"", ""rc105C5"", ""c104C10"", ""r103C10"", ""rc102C10"", ""c106C15"", ""r105C15"", ""rc103C15"", ""c101_21"", ""r101_21"", ""rc101_21""]","[2014, 2015, 2016]",raw,verified_legacy,results/stage03.1_screening_attempt04/rc101_21/2014/stage03.1_screening_attempt04_raw_rc101_21_2014.json,results/stage031-cheap-screening_formal01/raw/rc101_21-alns_stage02_constraint_guided-2014.json,feasible,,pass,READY_FOR_STAGE03_2,READY_FOR_STAGE03_2,pass,f1863188ba8e774d3da14a1bf2b94f7afcad471e84053c94cc5924daf1c5ae09,raw_manifest,5f2508b8a49aa0d538c56e3bf2c45ad03534e7d9eec3cc935b786488d2655c61,e1840ebd3945bac63a1a1db5e13438dc2d1aad0b75fff316f3a4685d50583551,272a3e58d53d4ba9516f01506164cf8a9b98bfeeb8dbd1fd62f6557e4c98e3a1,3ac12332425bdc22ed4b7700e8d5613963a11251b0b39dacfbe03d46b04c4660,b226b97e0e67288aaaf85726ad855df71cb81406685c57c8e8c40cd8996aa0da,0c7b67d6f0b038d803ac018fe78d827ff85f93da,False,"{""VRP-EVRP-Project-Hub"": {""dirty"": false, ""path"": ""/Users/guoyiyang/Documents/GitHub/FURP-2026-Yiyang-GUO-EVRP-TW/reference/VRP-EVRP-Project-Hub"", ""revision"": ""e3a890065105f978187e532642c4442522215e02""}, ""py-ga-VRPTW"": {""dirty"": false, ""path"": ""/Users/guoyiyang/Documents/GitHub/FURP-2026-Yiyang-GUO-EVRP-TW/reference/py-ga-VRPTW"", ""revision"": ""8e005caaaf6471a4505588d88c7f0f5e0d4ebffa""}}",stage03.0_measurement_attempt05,,preserve;see stage03_legacy_path_map.csv,legacy,legacy_json_or_jsonl,none,legacy,legacy_unknown,,,49187672,legacy_compatible
stage03.1,screening,stage03.1_screening_attempt04,attempt04,stage03.1_screening_attempt04,stage031_cheap_screening_formal01,formal,rc101_21,2015,"[""c101C5"", ""r105C5"", ""rc105C5"", ""c104C10"", ""r103C10"", ""rc102C10"", ""c106C15"", ""r105C15"", ""rc103C15"", ""c101_21"", ""r101_21"", ""rc101_21""]","[2014, 2015, 2016]",raw,verified_legacy,results/stage03.1_screening_attempt04/rc101_21/2015/stage03.1_screening_attempt04_raw_rc101_21_2015.json,results/stage031-cheap-screening_formal01/raw/rc101_21-alns_stage02_constraint_guided-2015.json,feasible,,pass,READY_FOR_STAGE03_2,READY_FOR_STAGE03_2,pass,7a60bd2b6373c38c8fd8a5f7b79cc2e9e05ea3e7c2602942aa5ac74b606b2725,raw_manifest,5f2508b8a49aa0d538c56e3bf2c45ad03534e7d9eec3cc935b786488d2655c61,e1840ebd3945bac63a1a1db5e13438dc2d1aad0b75fff316f3a4685d50583551,272a3e58d53d4ba9516f01506164cf8a9b98bfeeb8dbd1fd62f6557e4c98e3a1,aa28c1abb93e118b825d224498c4ecbd7435e64eb9e11128ca9316d6df8adc81,b226b97e0e67288aaaf85726ad855df71cb81406685c57c8e8c40cd8996aa0da,0c7b67d6f0b038d803ac018fe78d827ff85f93da,False,"{""VRP-EVRP-Project-Hub"": {""dirty"": false, ""path"": ""/Users/guoyiyang/Documents/GitHub/FURP-2026-Yiyang-GUO-EVRP-TW/reference/VRP-EVRP-Project-Hub"", ""revision"": ""e3a890065105f978187e532642c4442522215e02""}, ""py-ga-VRPTW"": {""dirty"": false, ""path"": ""/Users/guoyiyang/Documents/GitHub/FURP-2026-Yiyang-GUO-EVRP-TW/reference/py-ga-VRPTW"", ""revision"": ""8e005caaaf6471a4505588d88c7f0f5e0d4ebffa""}}",stage03.0_measurement_attempt05,,preserve;see stage03_legacy_path_map.csv,legacy,legacy_json_or_jsonl,none,legacy,legacy_unknown,,,67357357,legacy_compatible
stage03.1,screening,stage03.1_screening_attempt04,attempt04,stage03.1_screening_attempt04,stage031_cheap_screening_formal01,formal,rc101_21,2016,"[""c101C5"", ""r105C5"", ""rc105C5"", ""c104C10"", ""r103C10"", ""rc102C10"", ""c106C15"", ""r105C15"", ""rc103C15"", ""c101_21"", ""r101_21"", ""rc101_21""]","[2014, 2015, 2016]",raw,verified_legacy,results/stage03.1_screening_attempt04/rc101_21/2016/stage03.1_screening_attempt04_raw_rc101_21_2016.json,results/stage031-cheap-screening_formal01/raw/rc101_21-alns_stage02_constraint_guided-2016.json,feasible,,pass,READY_FOR_STAGE03_2,READY_FOR_STAGE03_2,pass,42fc468fc89caf4f35ab33c5ca721dafff61bcf82957502652ab43d56ee5ebc0,raw_manifest,5f2508b8a49aa0d538c56e3bf2c45ad03534e7d9eec3cc935b786488d2655c61,e1840ebd3945bac63a1a1db5e13438dc2d1aad0b75fff316f3a4685d50583551,272a3e58d53d4ba9516f01506164cf8a9b98bfeeb8dbd1fd62f6557e4c98e3a1,a239a332638a8265ee3117d39807e48286e50b2527687f29c8ca6d54e02c756e,b226b97e0e67288aaaf85726ad855df71cb81406685c57c8e8c40cd8996aa0da,0c7b67d6f0b038d803ac018fe78d827ff85f93da,False,"{""VRP-EVRP-Project-Hub"": {""dirty"": false, ""path"": ""/Users/guoyiyang/Documents/GitHub/FURP-2026-Yiyang-GUO-EVRP-TW/reference/VRP-EVRP-Project-Hub"", ""revision"": ""e3a890065105f978187e532642c4442522215e02""}, ""py-ga-VRPTW"": {""dirty"": false, ""path"": ""/Users/guoyiyang/Documents/GitHub/FURP-2026-Yiyang-GUO-EVRP-TW/reference/py-ga-VRPTW"", ""revision"": ""8e005caaaf6471a4505588d88c7f0f5e0d4ebffa""}}",stage03.0_measurement_attempt05,,preserve;see stage03_legacy_path_map.csv,legacy,legacy_json_or_jsonl,none,legacy,legacy_unknown,,,49223899,legacy_compatible
stage03.1,screening,stage03.1_screening_attempt04,attempt04,stage03.1_screening_attempt04,stage031_cheap_screening_formal01,formal,rc102C10,2014,"[""c101C5"", ""r105C5"", ""rc105C5"", ""c104C10"", ""r103C10"", ""rc102C10"", ""c106C15"", ""r105C15"", ""rc103C15"", ""c101_21"", ""r101_21"", ""rc101_21""]","[2014, 2015, 2016]",raw,verified_legacy,results/stage03.1_screening_attempt04/rc102C10/2014/stage03.1_screening_attempt04_raw_rc102C10_2014.json,results/stage031-cheap-screening_formal01/raw/rc102C10-alns_stage02_constraint_guided-2014.json,feasible,,pass,READY_FOR_STAGE03_2,READY_FOR_STAGE03_2,pass,fa8f81f8fa43c2e53b71a8dce52cbb69b57c586c180732372f1de1fb113cefa6,raw_manifest,5f2508b8a49aa0d538c56e3bf2c45ad03534e7d9eec3cc935b786488d2655c61,e1840ebd3945bac63a1a1db5e13438dc2d1aad0b75fff316f3a4685d50583551,b85edffa9a896007203a8f6688731b66fcaeedada2b6deae0a3e3ca4a1a0d1a6,557b0f0c864bcf8054814fc37739ec72eede21eaec94fbf80e5ea14904b8e7c6,b226b97e0e67288aaaf85726ad855df71cb81406685c57c8e8c40cd8996aa0da,0c7b67d6f0b038d803ac018fe78d827ff85f93da,False,"{""VRP-EVRP-Project-Hub"": {""dirty"": false, ""path"": ""/Users/guoyiyang/Documents/GitHub/FURP-2026-Yiyang-GUO-EVRP-TW/reference/VRP-EVRP-Project-Hub"", ""revision"": ""e3a890065105f978187e532642c4442522215e02""}, ""py-ga-VRPTW"": {""dirty"": false, ""path"": ""/Users/guoyiyang/Documents/GitHub/FURP-2026-Yiyang-GUO-EVRP-TW/reference/py-ga-VRPTW"", ""revision"": ""8e005caaaf6471a4505588d88c7f0f5e0d4ebffa""}}",stage03.0_measurement_attempt05,,preserve;see stage03_legacy_path_map.csv,legacy,legacy_json_or_jsonl,none,legacy,legacy_unknown,,,4221315,legacy_compatible
stage03.1,screening,stage03.1_screening_attempt04,attempt04,stage03.1_screening_attempt04,stage031_cheap_screening_formal01,formal,rc102C10,2015,"[""c101C5"", ""r105C5"", ""rc105C5"", ""c104C10"", ""r103C10"", ""rc102C10"", ""c106C15"", ""r105C15"", ""rc103C15"", ""c101_21"", ""r101_21"", ""rc101_21""]","[2014, 2015, 2016]",raw,verified_legacy,results/stage03.1_screening_attempt04/rc102C10/2015/stage03.1_screening_attempt04_raw_rc102C10_2015.json,results/stage031-cheap-screening_formal01/raw/rc102C10-alns_stage02_constraint_guided-2015.json,feasible,,pass,READY_FOR_STAGE03_2,READY_FOR_STAGE03_2,pass,169567bfa9ac06fda525b48e0330e54f24387259cc9b8398866d27aaeb5efe5f,raw_manifest,5f2508b8a49aa0d538c56e3bf2c45ad03534e7d9eec3cc935b786488d2655c61,e1840ebd3945bac63a1a1db5e13438dc2d1aad0b75fff316f3a4685d50583551,b85edffa9a896007203a8f6688731b66fcaeedada2b6deae0a3e3ca4a1a0d1a6,215e73c152751488092e43e1b59f0f6797aa7319adeada13813212172eebcba4,b226b97e0e67288aaaf85726ad855df71cb81406685c57c8e8c40cd8996aa0da,0c7b67d6f0b038d803ac018fe78d827ff85f93da,False,"{""VRP-EVRP-Project-Hub"": {""dirty"": false, ""path"": ""/Users/guoyiyang/Documents/GitHub/FURP-2026-Yiyang-GUO-EVRP-TW/reference/VRP-EVRP-Project-Hub"", ""revision"": ""e3a890065105f978187e532642c4442522215e02""}, ""py-ga-VRPTW"": {""dirty"": false, ""path"": ""/Users/guoyiyang/Documents/GitHub/FURP-2026-Yiyang-GUO-EVRP-TW/reference/py-ga-VRPTW"", ""revision"": ""8e005caaaf6471a4505588d88c7f0f5e0d4ebffa""}}",stage03.0_measurement_attempt05,,preserve;see stage03_legacy_path_map.csv,legacy,legacy_json_or_jsonl,none,legacy,legacy_unknown,,,3568653,legacy_compatible
stage03.1,screening,stage03.1_screening_attempt04,attempt04,stage03.1_screening_attempt04,stage031_cheap_screening_formal01,formal,rc102C10,2016,"[""c101C5"", ""r105C5"", ""rc105C5"", ""c104C10"", ""r103C10"", ""rc102C10"", ""c106C15"", ""r105C15"", ""rc103C15"", ""c101_21"", ""r101_21"", ""rc101_21""]","[2014, 2015, 2016]",raw,verified_legacy,results/stage03.1_screening_attempt04/rc102C10/2016/stage03.1_screening_attempt04_raw_rc102C10_2016.json,results/stage031-cheap-screening_formal01/raw/rc102C10-alns_stage02_constraint_guided-2016.json,feasible,,pass,READY_FOR_STAGE03_2,READY_FOR_STAGE03_2,pass,5a25e6929be3ef2b24e25d7d1d25fc3bceb07b6888682fb383ad88893d0acdce,raw_manifest,5f2508b8a49aa0d538c56e3bf2c45ad03534e7d9eec3cc935b786488d2655c61,e1840ebd3945bac63a1a1db5e13438dc2d1aad0b75fff316f3a4685d50583551,b85edffa9a896007203a8f6688731b66fcaeedada2b6deae0a3e3ca4a1a0d1a6,505192115fd300c67ce67e2f68ce2ccb1ca5304f01a976e00b540d42a7f282dc,b226b97e0e67288aaaf85726ad855df71cb81406685c57c8e8c40cd8996aa0da,0c7b67d6f0b038d803ac018fe78d827ff85f93da,False,"{""VRP-EVRP-Project-Hub"": {""dirty"": false, ""path"": ""/Users/guoyiyang/Documents/GitHub/FURP-2026-Yiyang-GUO-EVRP-TW/reference/VRP-EVRP-Project-Hub"", ""revision"": ""e3a890065105f978187e532642c4442522215e02""}, ""py-ga-VRPTW"": {""dirty"": false, ""path"": ""/Users/guoyiyang/Documents/GitHub/FURP-2026-Yiyang-GUO-EVRP-TW/reference/py-ga-VRPTW"", ""revision"": ""8e005caaaf6471a4505588d88c7f0f5e0d4ebffa""}}",stage03.0_measurement_attempt05,,preserve;see stage03_legacy_path_map.csv,legacy,legacy_json_or_jsonl,none,legacy,legacy_unknown,,,3976145,legacy_compatible
stage03.1,screening,stage03.1_screening_attempt04,attempt04,stage03.1_screening_attempt04,stage031_cheap_screening_formal01,formal,rc103C15,2014,"[""c101C5"", ""r105C5"", ""rc105C5"", ""c104C10"", ""r103C10"", ""rc102C10"", ""c106C15"", ""r105C15"", ""rc103C15"", ""c101_21"", ""r101_21"", ""rc101_21""]","[2014, 2015, 2016]",raw,verified_legacy,results/stage03.1_screening_attempt04/rc103C15/2014/stage03.1_screening_attempt04_raw_rc103C15_2014.json,results/stage031-cheap-screening_formal01/raw/rc103C15-alns_stage02_constraint_guided-2014.json,feasible,,pass,READY_FOR_STAGE03_2,READY_FOR_STAGE03_2,pass,90ffd9999949e93c7df2eecdc1890b9422c8730718b99d032f5858f929add80a,raw_manifest,5f2508b8a49aa0d538c56e3bf2c45ad03534e7d9eec3cc935b786488d2655c61,e1840ebd3945bac63a1a1db5e13438dc2d1aad0b75fff316f3a4685d50583551,51cbd950e7a76acae3add1f93d4c5f3b906f1e0ca5b47f46b068ff4f52e43c4a,e0dc7bd9f0431d82d808ecfce29d5384fd06b4dd021a39d0620311d37e92d5a4,b226b97e0e67288aaaf85726ad855df71cb81406685c57c8e8c40cd8996aa0da,0c7b67d6f0b038d803ac018fe78d827ff85f93da,False,"{""VRP-EVRP-Project-Hub"": {""dirty"": false, ""path"": ""/Users/guoyiyang/Documents/GitHub/FURP-2026-Yiyang-GUO-EVRP-TW/reference/VRP-EVRP-Project-Hub"", ""revision"": ""e3a890065105f978187e532642c4442522215e02""}, ""py-ga-VRPTW"": {""dirty"": false, ""path"": ""/Users/guoyiyang/Documents/GitHub/FURP-2026-Yiyang-GUO-EVRP-TW/reference/py-ga-VRPTW"", ""revision"": ""8e005caaaf6471a4505588d88c7f0f5e0d4ebffa""}}",stage03.0_measurement_attempt05,,preserve;see stage03_legacy_path_map.csv,legacy,legacy_json_or_jsonl,none,legacy,legacy_unknown,,,4482232,legacy_compatible
stage03.1,screening,stage03.1_screening_attempt04,attempt04,stage03.1_screening_attempt04,stage031_cheap_screening_formal01,formal,rc103C15,2015,"[""c101C5"", ""r105C5"", ""rc105C5"", ""c104C10"", ""r103C10"", ""rc102C10"", ""c106C15"", ""r105C15"", ""rc103C15"", ""c101_21"", ""r101_21"", ""rc101_21""]","[2014, 2015, 2016]",raw,verified_legacy,results/stage03.1_screening_attempt04/rc103C15/2015/stage03.1_screening_attempt04_raw_rc103C15_2015.json,results/stage031-cheap-screening_formal01/raw/rc103C15-alns_stage02_constraint_guided-2015.json,feasible,,pass,READY_FOR_STAGE03_2,READY_FOR_STAGE03_2,pass,30f1e2d4d71ab885712642a1a12df002b9415e128ee4207ff9b62bbec420878f,raw_manifest,5f2508b8a49aa0d538c56e3bf2c45ad03534e7d9eec3cc935b786488d2655c61,e1840ebd3945bac63a1a1db5e13438dc2d1aad0b75fff316f3a4685d50583551,51cbd950e7a76acae3add1f93d4c5f3b906f1e0ca5b47f46b068ff4f52e43c4a,48bc0fca7be2cef71c575283ba013dcde3e8a2b4ee59076fc655ccb1c8da2db8,b226b97e0e67288aaaf85726ad855df71cb81406685c57c8e8c40cd8996aa0da,0c7b67d6f0b038d803ac018fe78d827ff85f93da,False,"{""VRP-EVRP-Project-Hub"": {""dirty"": false, ""path"": ""/Users/guoyiyang/Documents/GitHub/FURP-2026-Yiyang-GUO-EVRP-TW/reference/VRP-EVRP-Project-Hub"", ""revision"": ""e3a890065105f978187e532642c4442522215e02""}, ""py-ga-VRPTW"": {""dirty"": false, ""path"": ""/Users/guoyiyang/Documents/GitHub/FURP-2026-Yiyang-GUO-EVRP-TW/reference/py-ga-VRPTW"", ""revision"": ""8e005caaaf6471a4505588d88c7f0f5e0d4ebffa""}}",stage03.0_measurement_attempt05,,preserve;see stage03_legacy_path_map.csv,legacy,legacy_json_or_jsonl,none,legacy,legacy_unknown,,,4919295,legacy_compatible
stage03.1,screening,stage03.1_screening_attempt04,attempt04,stage03.1_screening_attempt04,stage031_cheap_screening_formal01,formal,rc103C15,2016,"[""c101C5"", ""r105C5"", ""rc105C5"", ""c104C10"", ""r103C10"", ""rc102C10"", ""c106C15"", ""r105C15"", ""rc103C15"", ""c101_21"", ""r101_21"", ""rc101_21""]","[2014, 2015, 2016]",raw,verified_legacy,results/stage03.1_screening_attempt04/rc103C15/2016/stage03.1_screening_attempt04_raw_rc103C15_2016.json,results/stage031-cheap-screening_formal01/raw/rc103C15-alns_stage02_constraint_guided-2016.json,feasible,,pass,READY_FOR_STAGE03_2,READY_FOR_STAGE03_2,pass,bf9092b6c5b9c8dd9bd188e1122c7fb02d2111bfb3b52336b71bb44e1de026c6,raw_manifest,5f2508b8a49aa0d538c56e3bf2c45ad03534e7d9eec3cc935b786488d2655c61,e1840ebd3945bac63a1a1db5e13438dc2d1aad0b75fff316f3a4685d50583551,51cbd950e7a76acae3add1f93d4c5f3b906f1e0ca5b47f46b068ff4f52e43c4a,30b15f9d0f1f38889bf666fa5cfaa4a2f9088d2930fc82e4a819ae1e7f344113,b226b97e0e67288aaaf85726ad855df71cb81406685c57c8e8c40cd8996aa0da,0c7b67d6f0b038d803ac018fe78d827ff85f93da,False,"{""VRP-EVRP-Project-Hub"": {""dirty"": false, ""path"": ""/Users/guoyiyang/Documents/GitHub/FURP-2026-Yiyang-GUO-EVRP-TW/reference/VRP-EVRP-Project-Hub"", ""revision"": ""e3a890065105f978187e532642c4442522215e02""}, ""py-ga-VRPTW"": {""dirty"": false, ""path"": ""/Users/guoyiyang/Documents/GitHub/FURP-2026-Yiyang-GUO-EVRP-TW/reference/py-ga-VRPTW"", ""revision"": ""8e005caaaf6471a4505588d88c7f0f5e0d4ebffa""}}",stage03.0_measurement_attempt05,,preserve;see stage03_legacy_path_map.csv,legacy,legacy_json_or_jsonl,none,legacy,legacy_unknown,,,4468353,legacy_compatible
stage03.1,screening,stage03.1_screening_attempt04,attempt04,stage03.1_screening_attempt04,stage031_cheap_screening_formal01,formal,rc105C5,2014,"[""c101C5"", ""r105C5"", ""rc105C5"", ""c104C10"", ""r103C10"", ""rc102C10"", ""c106C15"", ""r105C15"", ""rc103C15"", ""c101_21"", ""r101_21"", ""rc101_21""]","[2014, 2015, 2016]",raw,verified_legacy,results/stage03.1_screening_attempt04/rc105C5/2014/stage03.1_screening_attempt04_raw_rc105C5_2014.json,results/stage031-cheap-screening_formal01/raw/rc105C5-alns_stage02_constraint_guided-2014.json,feasible,,pass,READY_FOR_STAGE03_2,READY_FOR_STAGE03_2,pass,b4c58d69c005d7e119c5ebeee7e7af147818e3778e2ce852da99f76571f6bf73,raw_manifest,5f2508b8a49aa0d538c56e3bf2c45ad03534e7d9eec3cc935b786488d2655c61,e1840ebd3945bac63a1a1db5e13438dc2d1aad0b75fff316f3a4685d50583551,2ccfba6c447fa43a994934690acb67c7355ca04d232394907ed6938bc362c643,782a95b68b0fe31e5bda7909e5c04561f68632a01b5eb3eb842d8ab31d44b8ff,b226b97e0e67288aaaf85726ad855df71cb81406685c57c8e8c40cd8996aa0da,0c7b67d6f0b038d803ac018fe78d827ff85f93da,False,"{""VRP-EVRP-Project-Hub"": {""dirty"": false, ""path"": ""/Users/guoyiyang/Documents/GitHub/FURP-2026-Yiyang-GUO-EVRP-TW/reference/VRP-EVRP-Project-Hub"", ""revision"": ""e3a890065105f978187e532642c4442522215e02""}, ""py-ga-VRPTW"": {""dirty"": false, ""path"": ""/Users/guoyiyang/Documents/GitHub/FURP-2026-Yiyang-GUO-EVRP-TW/reference/py-ga-VRPTW"", ""revision"": ""8e005caaaf6471a4505588d88c7f0f5e0d4ebffa""}}",stage03.0_measurement_attempt05,,preserve;see stage03_legacy_path_map.csv,legacy,legacy_json_or_jsonl,none,legacy,legacy_unknown,,,2288907,legacy_compatible
stage03.1,screening,stage03.1_screening_attempt04,attempt04,stage03.1_screening_attempt04,stage031_cheap_screening_formal01,formal,rc105C5,2015,"[""c101C5"", ""r105C5"", ""rc105C5"", ""c104C10"", ""r103C10"", ""rc102C10"", ""c106C15"", ""r105C15"", ""rc103C15"", ""c101_21"", ""r101_21"", ""rc101_21""]","[2014, 2015, 2016]",raw,verified_legacy,results/stage03.1_screening_attempt04/rc105C5/2015/stage03.1_screening_attempt04_raw_rc105C5_2015.json,results/stage031-cheap-screening_formal01/raw/rc105C5-alns_stage02_constraint_guided-2015.json,feasible,,pass,READY_FOR_STAGE03_2,READY_FOR_STAGE03_2,pass,a7b1d1ed7ba681962b50cff62daff137ab8a803697da40cfe9b91d498afcc3b1,raw_manifest,5f2508b8a49aa0d538c56e3bf2c45ad03534e7d9eec3cc935b786488d2655c61,e1840ebd3945bac63a1a1db5e13438dc2d1aad0b75fff316f3a4685d50583551,2ccfba6c447fa43a994934690acb67c7355ca04d232394907ed6938bc362c643,87e54e7cd642270a13c9544ccd2a732ca06453b81b58639a95d67ed8625d1e85,b226b97e0e67288aaaf85726ad855df71cb81406685c57c8e8c40cd8996aa0da,0c7b67d6f0b038d803ac018fe78d827ff85f93da,False,"{""VRP-EVRP-Project-Hub"": {""dirty"": false, ""path"": ""/Users/guoyiyang/Documents/GitHub/FURP-2026-Yiyang-GUO-EVRP-TW/reference/VRP-EVRP-Project-Hub"", ""revision"": ""e3a890065105f978187e532642c4442522215e02""}, ""py-ga-VRPTW"": {""dirty"": false, ""path"": ""/Users/guoyiyang/Documents/GitHub/FURP-2026-Yiyang-GUO-EVRP-TW/reference/py-ga-VRPTW"", ""revision"": ""8e005caaaf6471a4505588d88c7f0f5e0d4ebffa""}}",stage03.0_measurement_attempt05,,preserve;see stage03_legacy_path_map.csv,legacy,legacy_json_or_jsonl,none,legacy,legacy_unknown,,,2296070,legacy_compatible
stage03.1,screening,stage03.1_screening_attempt04,attempt04,stage03.1_screening_attempt04,stage031_cheap_screening_formal01,formal,rc105C5,2016,"[""c101C5"", ""r105C5"", ""rc105C5"", ""c104C10"", ""r103C10"", ""rc102C10"", ""c106C15"", ""r105C15"", ""rc103C15"", ""c101_21"", ""r101_21"", ""rc101_21""]","[2014, 2015, 2016]",raw,verified_legacy,results/stage03.1_screening_attempt04/rc105C5/2016/stage03.1_screening_attempt04_raw_rc105C5_2016.json,results/stage031-cheap-screening_formal01/raw/rc105C5-alns_stage02_constraint_guided-2016.json,feasible,,pass,READY_FOR_STAGE03_2,READY_FOR_STAGE03_2,pass,f39ecff5141994ede6602ace3c504f66c6f8314c64116c5d0223044032f5a146,raw_manifest,5f2508b8a49aa0d538c56e3bf2c45ad03534e7d9eec3cc935b786488d2655c61,e1840ebd3945bac63a1a1db5e13438dc2d1aad0b75fff316f3a4685d50583551,2ccfba6c447fa43a994934690acb67c7355ca04d232394907ed6938bc362c643,260009558f27e91906ee61dd8d01599c7025ae9d1f091464b320550c83942b86,b226b97e0e67288aaaf85726ad855df71cb81406685c57c8e8c40cd8996aa0da,0c7b67d6f0b038d803ac018fe78d827ff85f93da,False,"{""VRP-EVRP-Project-Hub"": {""dirty"": false, ""path"": ""/Users/guoyiyang/Documents/GitHub/FURP-2026-Yiyang-GUO-EVRP-TW/reference/VRP-EVRP-Project-Hub"", ""revision"": ""e3a890065105f978187e532642c4442522215e02""}, ""py-ga-VRPTW"": {""dirty"": false, ""path"": ""/Users/guoyiyang/Documents/GitHub/FURP-2026-Yiyang-GUO-EVRP-TW/reference/py-ga-VRPTW"", ""revision"": ""8e005caaaf6471a4505588d88c7f0f5e0d4ebffa""}}",stage03.0_measurement_attempt05,,preserve;see stage03_legacy_path_map.csv,legacy,legacy_json_or_jsonl,none,legacy,legacy_unknown,,,2296819,legacy_compatible
stage03.1,screening,stage03.1_screening_attempt04,attempt04,stage03.1_screening_attempt04,stage031_cheap_screening_formal01,formal,__all__,__all__,"[""c101C5"", ""r105C5"", ""rc105C5"", ""c104C10"", ""r103C10"", ""rc102C10"", ""c106C15"", ""r105C15"", ""rc103C15"", ""c101_21"", ""r101_21"", ""rc101_21""]","[2014, 2015, 2016]",raw_per_run_results,verified_legacy,results/stage03.1_screening_attempt04/all/all/stage03.1_screening_attempt04_raw_per_run_results.csv,results/stage031-cheap-screening_formal01/raw_per_run_results.csv,feasible,,pass,READY_FOR_STAGE03_2,READY_FOR_STAGE03_2,pass,8f3ccec69a51dba5f82c96f324f48935398de00af1f2315234d63b62c3a2e2b2,raw_manifest,5f2508b8a49aa0d538c56e3bf2c45ad03534e7d9eec3cc935b786488d2655c61,e1840ebd3945bac63a1a1db5e13438dc2d1aad0b75fff316f3a4685d50583551,,,b226b97e0e67288aaaf85726ad855df71cb81406685c57c8e8c40cd8996aa0da,0c7b67d6f0b038d803ac018fe78d827ff85f93da,False,"{""VRP-EVRP-Project-Hub"": {""dirty"": false, ""path"": ""/Users/guoyiyang/Documents/GitHub/FURP-2026-Yiyang-GUO-EVRP-TW/reference/VRP-EVRP-Project-Hub"", ""revision"": ""e3a890065105f978187e532642c4442522215e02""}, ""py-ga-VRPTW"": {""dirty"": false, ""path"": ""/Users/guoyiyang/Documents/GitHub/FURP-2026-Yiyang-GUO-EVRP-TW/reference/py-ga-VRPTW"", ""revision"": ""8e005caaaf6471a4505588d88c7f0f5e0d4ebffa""}}",stage03.0_measurement_attempt05,,preserve;see stage03_legacy_path_map.csv,legacy,legacy_json_or_jsonl,none,legacy,legacy_unknown,,,49517,legacy_compatible
stage03.1,screening,stage03.1_screening_attempt04,attempt04,stage03.1_screening_attempt04,stage031_cheap_screening_formal01,formal,__all__,__all__,"[""c101C5"", ""r105C5"", ""rc105C5"", ""c104C10"", ""r103C10"", ""rc102C10"", ""c106C15"", ""r105C15"", ""rc103C15"", ""c101_21"", ""r101_21"", ""rc101_21""]","[2014, 2015, 2016]",baseline_comparison,verified_legacy,results/stage03.1_screening_attempt04/review/stage03.1_screening_attempt04_baseline_comparison.csv,results/stage031-cheap-screening_formal01/review/baseline_comparison.csv,feasible,,pass,READY_FOR_STAGE03_2,READY_FOR_STAGE03_2,pass,debca28449d7dff24a0b480f8d0676c4705e0ffeb9f1a9f7acc6c26b3947d64d,review_manifest,5f2508b8a49aa0d538c56e3bf2c45ad03534e7d9eec3cc935b786488d2655c61,e1840ebd3945bac63a1a1db5e13438dc2d1aad0b75fff316f3a4685d50583551,,,b226b97e0e67288aaaf85726ad855df71cb81406685c57c8e8c40cd8996aa0da,0c7b67d6f0b038d803ac018fe78d827ff85f93da,False,"{""VRP-EVRP-Project-Hub"": {""dirty"": false, ""path"": ""/Users/guoyiyang/Documents/GitHub/FURP-2026-Yiyang-GUO-EVRP-TW/reference/VRP-EVRP-Project-Hub"", ""revision"": ""e3a890065105f978187e532642c4442522215e02""}, ""py-ga-VRPTW"": {""dirty"": false, ""path"": ""/Users/guoyiyang/Documents/GitHub/FURP-2026-Yiyang-GUO-EVRP-TW/reference/py-ga-VRPTW"", ""revision"": ""8e005caaaf6471a4505588d88c7f0f5e0d4ebffa""}}",stage03.0_measurement_attempt05,,preserve;see stage03_legacy_path_map.csv,legacy,legacy_json_or_jsonl,none,legacy,legacy_unknown,,,8317,legacy_compatible
stage03.1,screening,stage03.1_screening_attempt04,attempt04,stage03.1_screening_attempt04,stage031_cheap_screening_formal01,formal,__all__,__all__,"[""c101C5"", ""r105C5"", ""rc105C5"", ""c104C10"", ""r103C10"", ""rc102C10"", ""c106C15"", ""r105C15"", ""rc103C15"", ""c101_21"", ""r101_21"", ""rc101_21""]","[2014, 2015, 2016]",deadline_report,verified_legacy,results/stage03.1_screening_attempt04/review/stage03.1_screening_attempt04_deadline_report.csv,results/stage031-cheap-screening_formal01/review/deadline_report.csv,feasible,,pass,READY_FOR_STAGE03_2,READY_FOR_STAGE03_2,pass,a27a1656f531670386491ce1165ece408b604c61dc62d83bbe4436e484679aad,review_manifest,5f2508b8a49aa0d538c56e3bf2c45ad03534e7d9eec3cc935b786488d2655c61,e1840ebd3945bac63a1a1db5e13438dc2d1aad0b75fff316f3a4685d50583551,,,b226b97e0e67288aaaf85726ad855df71cb81406685c57c8e8c40cd8996aa0da,0c7b67d6f0b038d803ac018fe78d827ff85f93da,False,"{""VRP-EVRP-Project-Hub"": {""dirty"": false, ""path"": ""/Users/guoyiyang/Documents/GitHub/FURP-2026-Yiyang-GUO-EVRP-TW/reference/VRP-EVRP-Project-Hub"", ""revision"": ""e3a890065105f978187e532642c4442522215e02""}, ""py-ga-VRPTW"": {""dirty"": false, ""path"": ""/Users/guoyiyang/Documents/GitHub/FURP-2026-Yiyang-GUO-EVRP-TW/reference/py-ga-VRPTW"", ""revision"": ""8e005caaaf6471a4505588d88c7f0f5e0d4ebffa""}}",stage03.0_measurement_attempt05,,preserve;see stage03_legacy_path_map.csv,legacy,legacy_json_or_jsonl,none,legacy,legacy_unknown,,,3431,legacy_compatible
stage03.1,screening,stage03.1_screening_attempt04,attempt04,stage03.1_screening_attempt04,stage031_cheap_screening_formal01,formal,__all__,__all__,"[""c101C5"", ""r105C5"", ""rc105C5"", ""c104C10"", ""r103C10"", ""rc102C10"", ""c106C15"", ""r105C15"", ""rc103C15"", ""c101_21"", ""r101_21"", ""rc101_21""]","[2014, 2015, 2016]",recomputed_per_run_results,verified_legacy,results/stage03.1_screening_attempt04/review/stage03.1_screening_attempt04_recomputed_per_run_results.csv,results/stage031-cheap-screening_formal01/review/recomputed_per_run_results.csv,feasible,,pass,READY_FOR_STAGE03_2,READY_FOR_STAGE03_2,pass,c8a1327923d043b2c3fee82987f4867d8808e51c2926307aa35dece7699363e9,review_manifest,5f2508b8a49aa0d538c56e3bf2c45ad03534e7d9eec3cc935b786488d2655c61,e1840ebd3945bac63a1a1db5e13438dc2d1aad0b75fff316f3a4685d50583551,,,b226b97e0e67288aaaf85726ad855df71cb81406685c57c8e8c40cd8996aa0da,0c7b67d6f0b038d803ac018fe78d827ff85f93da,False,"{""VRP-EVRP-Project-Hub"": {""dirty"": false, ""path"": ""/Users/guoyiyang/Documents/GitHub/FURP-2026-Yiyang-GUO-EVRP-TW/reference/VRP-EVRP-Project-Hub"", ""revision"": ""e3a890065105f978187e532642c4442522215e02""}, ""py-ga-VRPTW"": {""dirty"": false, ""path"": ""/Users/guoyiyang/Documents/GitHub/FURP-2026-Yiyang-GUO-EVRP-TW/reference/py-ga-VRPTW"", ""revision"": ""8e005caaaf6471a4505588d88c7f0f5e0d4ebffa""}}",stage03.0_measurement_attempt05,,preserve;see stage03_legacy_path_map.csv,legacy,legacy_json_or_jsonl,none,legacy,legacy_unknown,,,49517,legacy_compatible
stage03.1,screening,stage03.1_screening_attempt04,attempt04,stage03.1_screening_attempt04,stage031_cheap_screening_formal01,formal,__all__,__all__,"[""c101C5"", ""r105C5"", ""rc105C5"", ""c104C10"", ""r103C10"", ""rc102C10"", ""c106C15"", ""r105C15"", ""rc103C15"", ""c101_21"", ""r101_21"", ""rc101_21""]","[2014, 2015, 2016]",review_findings,verified_legacy,results/stage03.1_screening_attempt04/review/stage03.1_screening_attempt04_review_findings.csv,results/stage031-cheap-screening_formal01/review/review_findings.csv,feasible,,pass,READY_FOR_STAGE03_2,READY_FOR_STAGE03_2,pass,5d41623ee047801a15b0a9e4f86d92da6bd0c17748f6503e428c0ae64c716fc8,review_manifest,5f2508b8a49aa0d538c56e3bf2c45ad03534e7d9eec3cc935b786488d2655c61,e1840ebd3945bac63a1a1db5e13438dc2d1aad0b75fff316f3a4685d50583551,,,b226b97e0e67288aaaf85726ad855df71cb81406685c57c8e8c40cd8996aa0da,0c7b67d6f0b038d803ac018fe78d827ff85f93da,False,"{""VRP-EVRP-Project-Hub"": {""dirty"": false, ""path"": ""/Users/guoyiyang/Documents/GitHub/FURP-2026-Yiyang-GUO-EVRP-TW/reference/VRP-EVRP-Project-Hub"", ""revision"": ""e3a890065105f978187e532642c4442522215e02""}, ""py-ga-VRPTW"": {""dirty"": false, ""path"": ""/Users/guoyiyang/Documents/GitHub/FURP-2026-Yiyang-GUO-EVRP-TW/reference/py-ga-VRPTW"", ""revision"": ""8e005caaaf6471a4505588d88c7f0f5e0d4ebffa""}}",stage03.0_measurement_attempt05,,preserve;see stage03_legacy_path_map.csv,legacy,legacy_json_or_jsonl,none,legacy,legacy_unknown,,,61934,legacy_compatible
stage03.1,screening,stage03.1_screening_attempt04,attempt04,stage03.1_screening_attempt04,stage031_cheap_screening_formal01,formal,__all__,__all__,"[""c101C5"", ""r105C5"", ""rc105C5"", ""c104C10"", ""r103C10"", ""rc102C10"", ""c106C15"", ""r105C15"", ""rc103C15"", ""c101_21"", ""r101_21"", ""rc101_21""]","[2014, 2015, 2016]",manifest,verified_legacy,results/stage03.1_screening_attempt04/review/stage03.1_screening_attempt04_manifest.json,results/stage031-cheap-screening_formal01/review/review_manifest.json,feasible,,pass,READY_FOR_STAGE03_2,READY_FOR_STAGE03_2,pass,c0f8ad0817393dd5ac9c5b5b7d95f3d19c3fc87a5d0b76bef24f41b94f779fdb,computed,5f2508b8a49aa0d538c56e3bf2c45ad03534e7d9eec3cc935b786488d2655c61,e1840ebd3945bac63a1a1db5e13438dc2d1aad0b75fff316f3a4685d50583551,,,b226b97e0e67288aaaf85726ad855df71cb81406685c57c8e8c40cd8996aa0da,0c7b67d6f0b038d803ac018fe78d827ff85f93da,False,"{""VRP-EVRP-Project-Hub"": {""dirty"": false, ""path"": ""/Users/guoyiyang/Documents/GitHub/FURP-2026-Yiyang-GUO-EVRP-TW/reference/VRP-EVRP-Project-Hub"", ""revision"": ""e3a890065105f978187e532642c4442522215e02""}, ""py-ga-VRPTW"": {""dirty"": false, ""path"": ""/Users/guoyiyang/Documents/GitHub/FURP-2026-Yiyang-GUO-EVRP-TW/reference/py-ga-VRPTW"", ""revision"": ""8e005caaaf6471a4505588d88c7f0f5e0d4ebffa""}}",stage03.0_measurement_attempt05,,preserve;see stage03_legacy_path_map.csv,legacy,legacy_json_or_jsonl,none,legacy,legacy_unknown,,,1410,legacy_compatible
stage03.1,screening,stage03.1_screening_attempt04,attempt04,stage03.1_screening_attempt04,stage031_cheap_screening_formal01,formal,__all__,__all__,"[""c101C5"", ""r105C5"", ""rc105C5"", ""c104C10"", ""r103C10"", ""rc102C10"", ""c106C15"", ""r105C15"", ""rc103C15"", ""c101_21"", ""r101_21"", ""rc101_21""]","[2014, 2015, 2016]",review_report,verified_legacy,results/stage03.1_screening_attempt04/review/stage03.1_screening_attempt04_review_report.md,results/stage031-cheap-screening_formal01/review/review_report.md,feasible,,pass,READY_FOR_STAGE03_2,READY_FOR_STAGE03_2,pass,814fc574fb19fc78c77d34400ad97b37c07f4416844d8c831671630f661b3d0b,review_manifest,5f2508b8a49aa0d538c56e3bf2c45ad03534e7d9eec3cc935b786488d2655c61,e1840ebd3945bac63a1a1db5e13438dc2d1aad0b75fff316f3a4685d50583551,,,b226b97e0e67288aaaf85726ad855df71cb81406685c57c8e8c40cd8996aa0da,0c7b67d6f0b038d803ac018fe78d827ff85f93da,False,"{""VRP-EVRP-Project-Hub"": {""dirty"": false, ""path"": ""/Users/guoyiyang/Documents/GitHub/FURP-2026-Yiyang-GUO-EVRP-TW/reference/VRP-EVRP-Project-Hub"", ""revision"": ""e3a890065105f978187e532642c4442522215e02""}, ""py-ga-VRPTW"": {""dirty"": false, ""path"": ""/Users/guoyiyang/Documents/GitHub/FURP-2026-Yiyang-GUO-EVRP-TW/reference/py-ga-VRPTW"", ""revision"": ""8e005caaaf6471a4505588d88c7f0f5e0d4ebffa""}}",stage03.0_measurement_attempt05,,preserve;see stage03_legacy_path_map.csv,legacy,legacy_json_or_jsonl,none,legacy,legacy_unknown,,,57726,legacy_compatible
stage03.1,screening,stage03.1_screening_attempt04,attempt04,stage03.1_screening_attempt04,stage031_cheap_screening_formal01,formal,__all__,__all__,"[""c101C5"", ""r105C5"", ""rc105C5"", ""c104C10"", ""r103C10"", ""rc102C10"", ""c106C15"", ""r105C15"", ""rc103C15"", ""c101_21"", ""r101_21"", ""rc101_21""]","[2014, 2015, 2016]",screening_reason_statistics,verified_legacy,results/stage03.1_screening_attempt04/review/stage03.1_screening_attempt04_screening_reason_statistics.csv,results/stage031-cheap-screening_formal01/review/screening_reason_statistics.csv,feasible,,pass,READY_FOR_STAGE03_2,READY_FOR_STAGE03_2,pass,156beebe094b1c4a689e4569090cfd5d885c6dbf1c28f93db15ad342c33a6399,review_manifest,5f2508b8a49aa0d538c56e3bf2c45ad03534e7d9eec3cc935b786488d2655c61,e1840ebd3945bac63a1a1db5e13438dc2d1aad0b75fff316f3a4685d50583551,,,b226b97e0e67288aaaf85726ad855df71cb81406685c57c8e8c40cd8996aa0da,0c7b67d6f0b038d803ac018fe78d827ff85f93da,False,"{""VRP-EVRP-Project-Hub"": {""dirty"": false, ""path"": ""/Users/guoyiyang/Documents/GitHub/FURP-2026-Yiyang-GUO-EVRP-TW/reference/VRP-EVRP-Project-Hub"", ""revision"": ""e3a890065105f978187e532642c4442522215e02""}, ""py-ga-VRPTW"": {""dirty"": false, ""path"": ""/Users/guoyiyang/Documents/GitHub/FURP-2026-Yiyang-GUO-EVRP-TW/reference/py-ga-VRPTW"", ""revision"": ""8e005caaaf6471a4505588d88c7f0f5e0d4ebffa""}}",stage03.0_measurement_attempt05,,preserve;see stage03_legacy_path_map.csv,legacy,legacy_json_or_jsonl,none,legacy,legacy_unknown,,,6125,legacy_compatible
stage03.1,screening,stage03.1_screening_attempt04,attempt04,stage03.1_screening_attempt04,stage031_cheap_screening_formal01,formal,__all__,__all__,"[""c101C5"", ""r105C5"", ""rc105C5"", ""c104C10"", ""r103C10"", ""rc102C10"", ""c106C15"", ""r105C15"", ""rc103C15"", ""c101_21"", ""r101_21"", ""rc101_21""]","[2014, 2015, 2016]",stage03_formal_comparison,verified_legacy,results/stage03.1_screening_attempt04/review/stage03.1_screening_attempt04_stage03_formal_comparison.csv,results/stage031-cheap-screening_formal01/review/stage03_formal_comparison.csv,feasible,,pass,READY_FOR_STAGE03_2,READY_FOR_STAGE03_2,pass,4b23887dc8802812aca883c68114264df5b19fea2bb482f4f6e4c5cccab0f938,review_manifest,5f2508b8a49aa0d538c56e3bf2c45ad03534e7d9eec3cc935b786488d2655c61,e1840ebd3945bac63a1a1db5e13438dc2d1aad0b75fff316f3a4685d50583551,,,b226b97e0e67288aaaf85726ad855df71cb81406685c57c8e8c40cd8996aa0da,0c7b67d6f0b038d803ac018fe78d827ff85f93da,False,"{""VRP-EVRP-Project-Hub"": {""dirty"": false, ""path"": ""/Users/guoyiyang/Documents/GitHub/FURP-2026-Yiyang-GUO-EVRP-TW/reference/VRP-EVRP-Project-Hub"", ""revision"": ""e3a890065105f978187e532642c4442522215e02""}, ""py-ga-VRPTW"": {""dirty"": false, ""path"": ""/Users/guoyiyang/Documents/GitHub/FURP-2026-Yiyang-GUO-EVRP-TW/reference/py-ga-VRPTW"", ""revision"": ""8e005caaaf6471a4505588d88c7f0f5e0d4ebffa""}}",stage03.0_measurement_attempt05,,preserve;see stage03_legacy_path_map.csv,legacy,legacy_json_or_jsonl,none,legacy,legacy_unknown,,,8012,legacy_compatible
stage03.1,screening,stage03.1_screening_attempt04,attempt04,stage03.1_screening_attempt04,stage031_cheap_screening_formal01,formal,__all__,__all__,"[""c101C5"", ""r105C5"", ""rc105C5"", ""c104C10"", ""r103C10"", ""rc102C10"", ""c106C15"", ""r105C15"", ""rc103C15"", ""c101_21"", ""r101_21"", ""rc101_21""]","[2014, 2015, 2016]",stage03_readiness,verified_legacy,results/stage03.1_screening_attempt04/review/stage03.1_screening_attempt04_stage03_readiness.csv,results/stage031-cheap-screening_formal01/review/stage03_readiness.csv,feasible,,pass,READY_FOR_STAGE03_2,READY_FOR_STAGE03_2,pass,be6e1d03ef65aceba854dca6f3bda313d64d3a70781a7d82dc495ee59f5abce3,review_manifest,5f2508b8a49aa0d538c56e3bf2c45ad03534e7d9eec3cc935b786488d2655c61,e1840ebd3945bac63a1a1db5e13438dc2d1aad0b75fff316f3a4685d50583551,,,b226b97e0e67288aaaf85726ad855df71cb81406685c57c8e8c40cd8996aa0da,0c7b67d6f0b038d803ac018fe78d827ff85f93da,False,"{""VRP-EVRP-Project-Hub"": {""dirty"": false, ""path"": ""/Users/guoyiyang/Documents/GitHub/FURP-2026-Yiyang-GUO-EVRP-TW/reference/VRP-EVRP-Project-Hub"", ""revision"": ""e3a890065105f978187e532642c4442522215e02""}, ""py-ga-VRPTW"": {""dirty"": false, ""path"": ""/Users/guoyiyang/Documents/GitHub/FURP-2026-Yiyang-GUO-EVRP-TW/reference/py-ga-VRPTW"", ""revision"": ""8e005caaaf6471a4505588d88c7f0f5e0d4ebffa""}}",stage03.0_measurement_attempt05,,preserve;see stage03_legacy_path_map.csv,legacy,legacy_json_or_jsonl,none,legacy,legacy_unknown,,,61658,legacy_compatible
stage03.1,screening,stage03.1_screening_attempt04,attempt04,stage03.1_screening_attempt04,stage031_cheap_screening_formal01,formal,__all__,__all__,"[""c101C5"", ""r105C5"", ""rc105C5"", ""c104C10"", ""r103C10"", ""rc102C10"", ""c106C15"", ""r105C15"", ""rc103C15"", ""c101_21"", ""r101_21"", ""rc101_21""]","[2014, 2015, 2016]",summary_results,verified_legacy,results/stage03.1_screening_attempt04/review/stage03.1_screening_attempt04_summary_results.csv,results/stage031-cheap-screening_formal01/review/summary_results.csv,feasible,,pass,READY_FOR_STAGE03_2,READY_FOR_STAGE03_2,pass,377ce571c3a851f972adbb7e104e56ed467343ddd05cba32ca41036b6fd414d6,review_manifest,5f2508b8a49aa0d538c56e3bf2c45ad03534e7d9eec3cc935b786488d2655c61,e1840ebd3945bac63a1a1db5e13438dc2d1aad0b75fff316f3a4685d50583551,,,b226b97e0e67288aaaf85726ad855df71cb81406685c57c8e8c40cd8996aa0da,0c7b67d6f0b038d803ac018fe78d827ff85f93da,False,"{""VRP-EVRP-Project-Hub"": {""dirty"": false, ""path"": ""/Users/guoyiyang/Documents/GitHub/FURP-2026-Yiyang-GUO-EVRP-TW/reference/VRP-EVRP-Project-Hub"", ""revision"": ""e3a890065105f978187e532642c4442522215e02""}, ""py-ga-VRPTW"": {""dirty"": false, ""path"": ""/Users/guoyiyang/Documents/GitHub/FURP-2026-Yiyang-GUO-EVRP-TW/reference/py-ga-VRPTW"", ""revision"": ""8e005caaaf6471a4505588d88c7f0f5e0d4ebffa""}}",stage03.0_measurement_attempt05,,preserve;see stage03_legacy_path_map.csv,legacy,legacy_json_or_jsonl,none,legacy,legacy_unknown,,,3490,legacy_compatible
stage03.1,screening,stage03.1_screening_attempt04,attempt04,stage03.1_screening_attempt04,stage031_cheap_screening_formal01,formal,__all__,__all__,"[""c101C5"", ""r105C5"", ""rc105C5"", ""c104C10"", ""r103C10"", ""rc102C10"", ""c106C15"", ""r105C15"", ""rc103C15"", ""c101_21"", ""r101_21"", ""rc101_21""]","[2014, 2015, 2016]",trace_reconciliation,verified_legacy,results/stage03.1_screening_attempt04/review/stage03.1_screening_attempt04_trace_reconciliation.csv,results/stage031-cheap-screening_formal01/review/trace_reconciliation.csv,feasible,,pass,READY_FOR_STAGE03_2,READY_FOR_STAGE03_2,pass,926ef13e535981e2730f3d2ec5057fa376c76ff7baba26305633eba53d4b6a29,review_manifest,5f2508b8a49aa0d538c56e3bf2c45ad03534e7d9eec3cc935b786488d2655c61,e1840ebd3945bac63a1a1db5e13438dc2d1aad0b75fff316f3a4685d50583551,,,b226b97e0e67288aaaf85726ad855df71cb81406685c57c8e8c40cd8996aa0da,0c7b67d6f0b038d803ac018fe78d827ff85f93da,False,"{""VRP-EVRP-Project-Hub"": {""dirty"": false, ""path"": ""/Users/guoyiyang/Documents/GitHub/FURP-2026-Yiyang-GUO-EVRP-TW/reference/VRP-EVRP-Project-Hub"", ""revision"": ""e3a890065105f978187e532642c4442522215e02""}, ""py-ga-VRPTW"": {""dirty"": false, ""path"": ""/Users/guoyiyang/Documents/GitHub/FURP-2026-Yiyang-GUO-EVRP-TW/reference/py-ga-VRPTW"", ""revision"": ""8e005caaaf6471a4505588d88c7f0f5e0d4ebffa""}}",stage03.0_measurement_attempt05,,preserve;see stage03_legacy_path_map.csv,legacy,legacy_json_or_jsonl,none,legacy,legacy_unknown,,,30864,legacy_compatible
stage03.1,screening,stage03.1_screening_attempt04,attempt04,stage03.1_screening_attempt04,stage031_cheap_screening_formal01,formal,__all__,__all__,"[""c101C5"", ""r105C5"", ""rc105C5"", ""c104C10"", ""r103C10"", ""rc102C10"", ""c106C15"", ""r105C15"", ""rc103C15"", ""c101_21"", ""r101_21"", ""rc101_21""]","[2014, 2015, 2016]",manifest_metadata,verified_legacy,results/stage03.1_screening_attempt04/control/stage03.1_screening_attempt04_run_metadata.json,results/stage031-cheap-screening_formal01/run_metadata.json,feasible,,pass,READY_FOR_STAGE03_2,READY_FOR_STAGE03_2,pass,e9fac56ef66ad991df2bb7ab88e9a1407c36b05de025d7d3a0d7f172c7476c6b,raw_manifest,5f2508b8a49aa0d538c56e3bf2c45ad03534e7d9eec3cc935b786488d2655c61,e1840ebd3945bac63a1a1db5e13438dc2d1aad0b75fff316f3a4685d50583551,,,b226b97e0e67288aaaf85726ad855df71cb81406685c57c8e8c40cd8996aa0da,0c7b67d6f0b038d803ac018fe78d827ff85f93da,False,"{""VRP-EVRP-Project-Hub"": {""dirty"": false, ""path"": ""/Users/guoyiyang/Documents/GitHub/FURP-2026-Yiyang-GUO-EVRP-TW/reference/VRP-EVRP-Project-Hub"", ""revision"": ""e3a890065105f978187e532642c4442522215e02""}, ""py-ga-VRPTW"": {""dirty"": false, ""path"": ""/Users/guoyiyang/Documents/GitHub/FURP-2026-Yiyang-GUO-EVRP-TW/reference/py-ga-VRPTW"", ""revision"": ""8e005caaaf6471a4505588d88c7f0f5e0d4ebffa""}}",stage03.0_measurement_attempt05,,preserve;see stage03_legacy_path_map.csv,legacy,legacy_json_or_jsonl,none,legacy,legacy_unknown,,,8449,legacy_compatible
stage03.1,screening,stage03.1_screening_attempt04,attempt04,stage03.1_screening_attempt04,stage031_cheap_screening_formal01,formal,c101C5,2014,"[""c101C5"", ""r105C5"", ""rc105C5"", ""c104C10"", ""r103C10"", ""rc102C10"", ""c106C15"", ""r105C15"", ""rc103C15"", ""c101_21"", ""r101_21"", ""rc101_21""]","[2014, 2015, 2016]",solution,verified_legacy,results/stage03.1_screening_attempt04/c101C5/2014/stage03.1_screening_attempt04_solution_c101C5_2014.json,results/stage031-cheap-screening_formal01/solutions/c101C5-alns_stage02_constraint_guided-2014.json,feasible,,pass,READY_FOR_STAGE03_2,READY_FOR_STAGE03_2,pass,9bc8fee0911b09e57f4c1760425edda3cc71aa25ca5ca403fe05e225b211d7d0,raw_manifest,5f2508b8a49aa0d538c56e3bf2c45ad03534e7d9eec3cc935b786488d2655c61,e1840ebd3945bac63a1a1db5e13438dc2d1aad0b75fff316f3a4685d50583551,8612d6d9aad051776097a5e50c7408f39352b8107b0639d58e5eda713f9ff876,da044124afa7514bbc2885e349a65dafc16fc3d038cd3acd791200fb5c6567cf,b226b97e0e67288aaaf85726ad855df71cb81406685c57c8e8c40cd8996aa0da,0c7b67d6f0b038d803ac018fe78d827ff85f93da,False,"{""VRP-EVRP-Project-Hub"": {""dirty"": false, ""path"": ""/Users/guoyiyang/Documents/GitHub/FURP-2026-Yiyang-GUO-EVRP-TW/reference/VRP-EVRP-Project-Hub"", ""revision"": ""e3a890065105f978187e532642c4442522215e02""}, ""py-ga-VRPTW"": {""dirty"": false, ""path"": ""/Users/guoyiyang/Documents/GitHub/FURP-2026-Yiyang-GUO-EVRP-TW/reference/py-ga-VRPTW"", ""revision"": ""8e005caaaf6471a4505588d88c7f0f5e0d4ebffa""}}",stage03.0_measurement_attempt05,,preserve;see stage03_legacy_path_map.csv,legacy,legacy_json_or_jsonl,none,legacy,legacy_unknown,,,365,legacy_compatible
stage03.1,screening,stage03.1_screening_attempt04,attempt04,stage03.1_screening_attempt04,stage031_cheap_screening_formal01,formal,c101C5,2015,"[""c101C5"", ""r105C5"", ""rc105C5"", ""c104C10"", ""r103C10"", ""rc102C10"", ""c106C15"", ""r105C15"", ""rc103C15"", ""c101_21"", ""r101_21"", ""rc101_21""]","[2014, 2015, 2016]",solution,verified_legacy,results/stage03.1_screening_attempt04/c101C5/2015/stage03.1_screening_attempt04_solution_c101C5_2015.json,results/stage031-cheap-screening_formal01/solutions/c101C5-alns_stage02_constraint_guided-2015.json,feasible,,pass,READY_FOR_STAGE03_2,READY_FOR_STAGE03_2,pass,b1855d6e454679257dcdf716439c863951f9a787db170ef0e33534d15ccfb467,raw_manifest,5f2508b8a49aa0d538c56e3bf2c45ad03534e7d9eec3cc935b786488d2655c61,e1840ebd3945bac63a1a1db5e13438dc2d1aad0b75fff316f3a4685d50583551,8612d6d9aad051776097a5e50c7408f39352b8107b0639d58e5eda713f9ff876,ac5ace8fa98be286d6be19169954e0828d934cf01e35326d67011fa23f2300cb,b226b97e0e67288aaaf85726ad855df71cb81406685c57c8e8c40cd8996aa0da,0c7b67d6f0b038d803ac018fe78d827ff85f93da,False,"{""VRP-EVRP-Project-Hub"": {""dirty"": false, ""path"": ""/Users/guoyiyang/Documents/GitHub/FURP-2026-Yiyang-GUO-EVRP-TW/reference/VRP-EVRP-Project-Hub"", ""revision"": ""e3a890065105f978187e532642c4442522215e02""}, ""py-ga-VRPTW"": {""dirty"": false, ""path"": ""/Users/guoyiyang/Documents/GitHub/FURP-2026-Yiyang-GUO-EVRP-TW/reference/py-ga-VRPTW"", ""revision"": ""8e005caaaf6471a4505588d88c7f0f5e0d4ebffa""}}",stage03.0_measurement_attempt05,,preserve;see stage03_legacy_path_map.csv,legacy,legacy_json_or_jsonl,none,legacy,legacy_unknown,,,365,legacy_compatible
stage03.1,screening,stage03.1_screening_attempt04,attempt04,stage03.1_screening_attempt04,stage031_cheap_screening_formal01,formal,c101C5,2016,"[""c101C5"", ""r105C5"", ""rc105C5"", ""c104C10"", ""r103C10"", ""rc102C10"", ""c106C15"", ""r105C15"", ""rc103C15"", ""c101_21"", ""r101_21"", ""rc101_21""]","[2014, 2015, 2016]",solution,verified_legacy,results/stage03.1_screening_attempt04/c101C5/2016/stage03.1_screening_attempt04_solution_c101C5_2016.json,results/stage031-cheap-screening_formal01/solutions/c101C5-alns_stage02_constraint_guided-2016.json,feasible,,pass,READY_FOR_STAGE03_2,READY_FOR_STAGE03_2,pass,f51c31019783882711b0321089a25ed837ee0dcece584f9264c1fe160ea9f5b1,raw_manifest,5f2508b8a49aa0d538c56e3bf2c45ad03534e7d9eec3cc935b786488d2655c61,e1840ebd3945bac63a1a1db5e13438dc2d1aad0b75fff316f3a4685d50583551,8612d6d9aad051776097a5e50c7408f39352b8107b0639d58e5eda713f9ff876,3365da4477cf2e4fa32be244a86d1e6e632c486bd8fa5024a6233e7c75ab6dbc,b226b97e0e67288aaaf85726ad855df71cb81406685c57c8e8c40cd8996aa0da,0c7b67d6f0b038d803ac018fe78d827ff85f93da,False,"{""VRP-EVRP-Project-Hub"": {""dirty"": false, ""path"": ""/Users/guoyiyang/Documents/GitHub/FURP-2026-Yiyang-GUO-EVRP-TW/reference/VRP-EVRP-Project-Hub"", ""revision"": ""e3a890065105f978187e532642c4442522215e02""}, ""py-ga-VRPTW"": {""dirty"": false, ""path"": ""/Users/guoyiyang/Documents/GitHub/FURP-2026-Yiyang-GUO-EVRP-TW/reference/py-ga-VRPTW"", ""revision"": ""8e005caaaf6471a4505588d88c7f0f5e0d4ebffa""}}",stage03.0_measurement_attempt05,,preserve;see stage03_legacy_path_map.csv,legacy,legacy_json_or_jsonl,none,legacy,legacy_unknown,,,365,legacy_compatible
stage03.1,screening,stage03.1_screening_attempt04,attempt04,stage03.1_screening_attempt04,stage031_cheap_screening_formal01,formal,c101_21,2014,"[""c101C5"", ""r105C5"", ""rc105C5"", ""c104C10"", ""r103C10"", ""rc102C10"", ""c106C15"", ""r105C15"", ""rc103C15"", ""c101_21"", ""r101_21"", ""rc101_21""]","[2014, 2015, 2016]",solution,verified_legacy,results/stage03.1_screening_attempt04/c101_21/2014/stage03.1_screening_attempt04_solution_c101_21_2014.json,results/stage031-cheap-screening_formal01/solutions/c101_21-alns_stage02_constraint_guided-2014.json,feasible,,pass,READY_FOR_STAGE03_2,READY_FOR_STAGE03_2,pass,bfbebb5e3fba341e978d9498dc7826048950b3d058fa159e702be9e1832347c4,raw_manifest,5f2508b8a49aa0d538c56e3bf2c45ad03534e7d9eec3cc935b786488d2655c61,e1840ebd3945bac63a1a1db5e13438dc2d1aad0b75fff316f3a4685d50583551,c5cda6ca63a7d518902cf4b02d98b4aa0f373aaa0658d5c666d1c46d38871cb9,964812081f71eaa2944639f49e974839ff1d1889af08b4667fc226bfba80eb52,b226b97e0e67288aaaf85726ad855df71cb81406685c57c8e8c40cd8996aa0da,0c7b67d6f0b038d803ac018fe78d827ff85f93da,False,"{""VRP-EVRP-Project-Hub"": {""dirty"": false, ""path"": ""/Users/guoyiyang/Documents/GitHub/FURP-2026-Yiyang-GUO-EVRP-TW/reference/VRP-EVRP-Project-Hub"", ""revision"": ""e3a890065105f978187e532642c4442522215e02""}, ""py-ga-VRPTW"": {""dirty"": false, ""path"": ""/Users/guoyiyang/Documents/GitHub/FURP-2026-Yiyang-GUO-EVRP-TW/reference/py-ga-VRPTW"", ""revision"": ""8e005caaaf6471a4505588d88c7f0f5e0d4ebffa""}}",stage03.0_measurement_attempt05,,preserve;see stage03_legacy_path_map.csv,legacy,legacy_json_or_jsonl,none,legacy,legacy_unknown,,,2020,legacy_compatible
stage03.1,screening,stage03.1_screening_attempt04,attempt04,stage03.1_screening_attempt04,stage031_cheap_screening_formal01,formal,c101_21,2015,"[""c101C5"", ""r105C5"", ""rc105C5"", ""c104C10"", ""r103C10"", ""rc102C10"", ""c106C15"", ""r105C15"", ""rc103C15"", ""c101_21"", ""r101_21"", ""rc101_21""]","[2014, 2015, 2016]",solution,verified_legacy,results/stage03.1_screening_attempt04/c101_21/2015/stage03.1_screening_attempt04_solution_c101_21_2015.json,results/stage031-cheap-screening_formal01/solutions/c101_21-alns_stage02_constraint_guided-2015.json,feasible,,pass,READY_FOR_STAGE03_2,READY_FOR_STAGE03_2,pass,89c49bdd2e8cc8070049c67b15872e39f34bb34e4b34893b07ab8d2d6b213208,raw_manifest,5f2508b8a49aa0d538c56e3bf2c45ad03534e7d9eec3cc935b786488d2655c61,e1840ebd3945bac63a1a1db5e13438dc2d1aad0b75fff316f3a4685d50583551,c5cda6ca63a7d518902cf4b02d98b4aa0f373aaa0658d5c666d1c46d38871cb9,6491a0af6222a2835b2d8fdea4420243781fd0013d7ddd6756ffa062e5c4a8f6,b226b97e0e67288aaaf85726ad855df71cb81406685c57c8e8c40cd8996aa0da,0c7b67d6f0b038d803ac018fe78d827ff85f93da,False,"{""VRP-EVRP-Project-Hub"": {""dirty"": false, ""path"": ""/Users/guoyiyang/Documents/GitHub/FURP-2026-Yiyang-GUO-EVRP-TW/reference/VRP-EVRP-Project-Hub"", ""revision"": ""e3a890065105f978187e532642c4442522215e02""}, ""py-ga-VRPTW"": {""dirty"": false, ""path"": ""/Users/guoyiyang/Documents/GitHub/FURP-2026-Yiyang-GUO-EVRP-TW/reference/py-ga-VRPTW"", ""revision"": ""8e005caaaf6471a4505588d88c7f0f5e0d4ebffa""}}",stage03.0_measurement_attempt05,,preserve;see stage03_legacy_path_map.csv,legacy,legacy_json_or_jsonl,none,legacy,legacy_unknown,,,2020,legacy_compatible
stage03.1,screening,stage03.1_screening_attempt04,attempt04,stage03.1_screening_attempt04,stage031_cheap_screening_formal01,formal,c101_21,2016,"[""c101C5"", ""r105C5"", ""rc105C5"", ""c104C10"", ""r103C10"", ""rc102C10"", ""c106C15"", ""r105C15"", ""rc103C15"", ""c101_21"", ""r101_21"", ""rc101_21""]","[2014, 2015, 2016]",solution,verified_legacy,results/stage03.1_screening_attempt04/c101_21/2016/stage03.1_screening_attempt04_solution_c101_21_2016.json,results/stage031-cheap-screening_formal01/solutions/c101_21-alns_stage02_constraint_guided-2016.json,feasible,,pass,READY_FOR_STAGE03_2,READY_FOR_STAGE03_2,pass,bb81a5428e7df7d06b4651d35ec399223c9a5b9d76dafb3577158755a4b13a55,raw_manifest,5f2508b8a49aa0d538c56e3bf2c45ad03534e7d9eec3cc935b786488d2655c61,e1840ebd3945bac63a1a1db5e13438dc2d1aad0b75fff316f3a4685d50583551,c5cda6ca63a7d518902cf4b02d98b4aa0f373aaa0658d5c666d1c46d38871cb9,ea055ae71569c1a17249d87cbad6c3d77936573e4248c8ebfca6848ce9ddd358,b226b97e0e67288aaaf85726ad855df71cb81406685c57c8e8c40cd8996aa0da,0c7b67d6f0b038d803ac018fe78d827ff85f93da,False,"{""VRP-EVRP-Project-Hub"": {""dirty"": false, ""path"": ""/Users/guoyiyang/Documents/GitHub/FURP-2026-Yiyang-GUO-EVRP-TW/reference/VRP-EVRP-Project-Hub"", ""revision"": ""e3a890065105f978187e532642c4442522215e02""}, ""py-ga-VRPTW"": {""dirty"": false, ""path"": ""/Users/guoyiyang/Documents/GitHub/FURP-2026-Yiyang-GUO-EVRP-TW/reference/py-ga-VRPTW"", ""revision"": ""8e005caaaf6471a4505588d88c7f0f5e0d4ebffa""}}",stage03.0_measurement_attempt05,,preserve;see stage03_legacy_path_map.csv,legacy,legacy_json_or_jsonl,none,legacy,legacy_unknown,,,2020,legacy_compatible
stage03.1,screening,stage03.1_screening_attempt04,attempt04,stage03.1_screening_attempt04,stage031_cheap_screening_formal01,formal,c104C10,2014,"[""c101C5"", ""r105C5"", ""rc105C5"", ""c104C10"", ""r103C10"", ""rc102C10"", ""c106C15"", ""r105C15"", ""rc103C15"", ""c101_21"", ""r101_21"", ""rc101_21""]","[2014, 2015, 2016]",solution,verified_legacy,results/stage03.1_screening_attempt04/c104C10/2014/stage03.1_screening_attempt04_solution_c104C10_2014.json,results/stage031-cheap-screening_formal01/solutions/c104C10-alns_stage02_constraint_guided-2014.json,feasible,,pass,READY_FOR_STAGE03_2,READY_FOR_STAGE03_2,pass,a136065c79a8756f9c440fa88db5e0d80da980eac278548274ccbdc1c71f127c,raw_manifest,5f2508b8a49aa0d538c56e3bf2c45ad03534e7d9eec3cc935b786488d2655c61,e1840ebd3945bac63a1a1db5e13438dc2d1aad0b75fff316f3a4685d50583551,f7816af706c1cf32dacaee45c710ff93ce53c9b56d17df657044e61e63d2c04b,d7737acb7115d32b8838a183a4922588f37740364e494dcef6098ecb85df253c,b226b97e0e67288aaaf85726ad855df71cb81406685c57c8e8c40cd8996aa0da,0c7b67d6f0b038d803ac018fe78d827ff85f93da,False,"{""VRP-EVRP-Project-Hub"": {""dirty"": false, ""path"": ""/Users/guoyiyang/Documents/GitHub/FURP-2026-Yiyang-GUO-EVRP-TW/reference/VRP-EVRP-Project-Hub"", ""revision"": ""e3a890065105f978187e532642c4442522215e02""}, ""py-ga-VRPTW"": {""dirty"": false, ""path"": ""/Users/guoyiyang/Documents/GitHub/FURP-2026-Yiyang-GUO-EVRP-TW/reference/py-ga-VRPTW"", ""revision"": ""8e005caaaf6471a4505588d88c7f0f5e0d4ebffa""}}",stage03.0_measurement_attempt05,,preserve;see stage03_legacy_path_map.csv,legacy,legacy_json_or_jsonl,none,legacy,legacy_unknown,,,430,legacy_compatible
stage03.1,screening,stage03.1_screening_attempt04,attempt04,stage03.1_screening_attempt04,stage031_cheap_screening_formal01,formal,c104C10,2015,"[""c101C5"", ""r105C5"", ""rc105C5"", ""c104C10"", ""r103C10"", ""rc102C10"", ""c106C15"", ""r105C15"", ""rc103C15"", ""c101_21"", ""r101_21"", ""rc101_21""]","[2014, 2015, 2016]",solution,verified_legacy,results/stage03.1_screening_attempt04/c104C10/2015/stage03.1_screening_attempt04_solution_c104C10_2015.json,results/stage031-cheap-screening_formal01/solutions/c104C10-alns_stage02_constraint_guided-2015.json,feasible,,pass,READY_FOR_STAGE03_2,READY_FOR_STAGE03_2,pass,7d3379d154eeb11b9839d8d2aec53de303f0c1d78069fd388200b87b319cdbd4,raw_manifest,5f2508b8a49aa0d538c56e3bf2c45ad03534e7d9eec3cc935b786488d2655c61,e1840ebd3945bac63a1a1db5e13438dc2d1aad0b75fff316f3a4685d50583551,f7816af706c1cf32dacaee45c710ff93ce53c9b56d17df657044e61e63d2c04b,337e5508df8fb365db43f4409b5fe4a08e77c8e22d7e847c07d21f78b14eeb95,b226b97e0e67288aaaf85726ad855df71cb81406685c57c8e8c40cd8996aa0da,0c7b67d6f0b038d803ac018fe78d827ff85f93da,False,"{""VRP-EVRP-Project-Hub"": {""dirty"": false, ""path"": ""/Users/guoyiyang/Documents/GitHub/FURP-2026-Yiyang-GUO-EVRP-TW/reference/VRP-EVRP-Project-Hub"", ""revision"": ""e3a890065105f978187e532642c4442522215e02""}, ""py-ga-VRPTW"": {""dirty"": false, ""path"": ""/Users/guoyiyang/Documents/GitHub/FURP-2026-Yiyang-GUO-EVRP-TW/reference/py-ga-VRPTW"", ""revision"": ""8e005caaaf6471a4505588d88c7f0f5e0d4ebffa""}}",stage03.0_measurement_attempt05,,preserve;see stage03_legacy_path_map.csv,legacy,legacy_json_or_jsonl,none,legacy,legacy_unknown,,,430,legacy_compatible
stage03.1,screening,stage03.1_screening_attempt04,attempt04,stage03.1_screening_attempt04,stage031_cheap_screening_formal01,formal,c104C10,2016,"[""c101C5"", ""r105C5"", ""rc105C5"", ""c104C10"", ""r103C10"", ""rc102C10"", ""c106C15"", ""r105C15"", ""rc103C15"", ""c101_21"", ""r101_21"", ""rc101_21""]","[2014, 2015, 2016]",solution,verified_legacy,results/stage03.1_screening_attempt04/c104C10/2016/stage03.1_screening_attempt04_solution_c104C10_2016.json,results/stage031-cheap-screening_formal01/solutions/c104C10-alns_stage02_constraint_guided-2016.json,feasible,,pass,READY_FOR_STAGE03_2,READY_FOR_STAGE03_2,pass,30e4f20e7e344c81f23a6245b8270424b4ba2535f69538cf70b75084bd16fc99,raw_manifest,5f2508b8a49aa0d538c56e3bf2c45ad03534e7d9eec3cc935b786488d2655c61,e1840ebd3945bac63a1a1db5e13438dc2d1aad0b75fff316f3a4685d50583551,f7816af706c1cf32dacaee45c710ff93ce53c9b56d17df657044e61e63d2c04b,16c0154c9f6dae759583c1072d2d14d533daffe0dc21fb5698a0b764ee5621b3,b226b97e0e67288aaaf85726ad855df71cb81406685c57c8e8c40cd8996aa0da,0c7b67d6f0b038d803ac018fe78d827ff85f93da,False,"{""VRP-EVRP-Project-Hub"": {""dirty"": false, ""path"": ""/Users/guoyiyang/Documents/GitHub/FURP-2026-Yiyang-GUO-EVRP-TW/reference/VRP-EVRP-Project-Hub"", ""revision"": ""e3a890065105f978187e532642c4442522215e02""}, ""py-ga-VRPTW"": {""dirty"": false, ""path"": ""/Users/guoyiyang/Documents/GitHub/FURP-2026-Yiyang-GUO-EVRP-TW/reference/py-ga-VRPTW"", ""revision"": ""8e005caaaf6471a4505588d88c7f0f5e0d4ebffa""}}",stage03.0_measurement_attempt05,,preserve;see stage03_legacy_path_map.csv,legacy,legacy_json_or_jsonl,none,legacy,legacy_unknown,,,430,legacy_compatible
stage03.1,screening,stage03.1_screening_attempt04,attempt04,stage03.1_screening_attempt04,stage031_cheap_screening_formal01,formal,c106C15,2014,"[""c101C5"", ""r105C5"", ""rc105C5"", ""c104C10"", ""r103C10"", ""rc102C10"", ""c106C15"", ""r105C15"", ""rc103C15"", ""c101_21"", ""r101_21"", ""rc101_21""]","[2014, 2015, 2016]",solution,verified_legacy,results/stage03.1_screening_attempt04/c106C15/2014/stage03.1_screening_attempt04_solution_c106C15_2014.json,results/stage031-cheap-screening_formal01/solutions/c106C15-alns_stage02_constraint_guided-2014.json,feasible,,pass,READY_FOR_STAGE03_2,READY_FOR_STAGE03_2,pass,2fe8a408ba3ded265322f82e22e749c4799eb520547c6d5548cba9dbfa18e3d9,raw_manifest,5f2508b8a49aa0d538c56e3bf2c45ad03534e7d9eec3cc935b786488d2655c61,e1840ebd3945bac63a1a1db5e13438dc2d1aad0b75fff316f3a4685d50583551,eba58a458a9fd13ae8fd404df8db1d04e49271326316256ee060468048881a86,571e536f7f6028d032f946d9a3e945abe00b7c52eec0a87880917d3d272b097a,b226b97e0e67288aaaf85726ad855df71cb81406685c57c8e8c40cd8996aa0da,0c7b67d6f0b038d803ac018fe78d827ff85f93da,False,"{""VRP-EVRP-Project-Hub"": {""dirty"": false, ""path"": ""/Users/guoyiyang/Documents/GitHub/FURP-2026-Yiyang-GUO-EVRP-TW/reference/VRP-EVRP-Project-Hub"", ""revision"": ""e3a890065105f978187e532642c4442522215e02""}, ""py-ga-VRPTW"": {""dirty"": false, ""path"": ""/Users/guoyiyang/Documents/GitHub/FURP-2026-Yiyang-GUO-EVRP-TW/reference/py-ga-VRPTW"", ""revision"": ""8e005caaaf6471a4505588d88c7f0f5e0d4ebffa""}}",stage03.0_measurement_attempt05,,preserve;see stage03_legacy_path_map.csv,legacy,legacy_json_or_jsonl,none,legacy,legacy_unknown,,,518,legacy_compatible
stage03.1,screening,stage03.1_screening_attempt04,attempt04,stage03.1_screening_attempt04,stage031_cheap_screening_formal01,formal,c106C15,2015,"[""c101C5"", ""r105C5"", ""rc105C5"", ""c104C10"", ""r103C10"", ""rc102C10"", ""c106C15"", ""r105C15"", ""rc103C15"", ""c101_21"", ""r101_21"", ""rc101_21""]","[2014, 2015, 2016]",solution,verified_legacy,results/stage03.1_screening_attempt04/c106C15/2015/stage03.1_screening_attempt04_solution_c106C15_2015.json,results/stage031-cheap-screening_formal01/solutions/c106C15-alns_stage02_constraint_guided-2015.json,feasible,,pass,READY_FOR_STAGE03_2,READY_FOR_STAGE03_2,pass,8c6062481fae24f9221286fd375b1954fe7e0da7ed47fac447f2fb0e93547f68,raw_manifest,5f2508b8a49aa0d538c56e3bf2c45ad03534e7d9eec3cc935b786488d2655c61,e1840ebd3945bac63a1a1db5e13438dc2d1aad0b75fff316f3a4685d50583551,eba58a458a9fd13ae8fd404df8db1d04e49271326316256ee060468048881a86,fe1207d4fbdf509c0e4fedcc4d90b16f45da3635ce3eaddeedbd432f6e026e1e,b226b97e0e67288aaaf85726ad855df71cb81406685c57c8e8c40cd8996aa0da,0c7b67d6f0b038d803ac018fe78d827ff85f93da,False,"{""VRP-EVRP-Project-Hub"": {""dirty"": false, ""path"": ""/Users/guoyiyang/Documents/GitHub/FURP-2026-Yiyang-GUO-EVRP-TW/reference/VRP-EVRP-Project-Hub"", ""revision"": ""e3a890065105f978187e532642c4442522215e02""}, ""py-ga-VRPTW"": {""dirty"": false, ""path"": ""/Users/guoyiyang/Documents/GitHub/FURP-2026-Yiyang-GUO-EVRP-TW/reference/py-ga-VRPTW"", ""revision"": ""8e005caaaf6471a4505588d88c7f0f5e0d4ebffa""}}",stage03.0_measurement_attempt05,,preserve;see stage03_legacy_path_map.csv,legacy,legacy_json_or_jsonl,none,legacy,legacy_unknown,,,518,legacy_compatible
stage03.1,screening,stage03.1_screening_attempt04,attempt04,stage03.1_screening_attempt04,stage031_cheap_screening_formal01,formal,c106C15,2016,"[""c101C5"", ""r105C5"", ""rc105C5"", ""c104C10"", ""r103C10"", ""rc102C10"", ""c106C15"", ""r105C15"", ""rc103C15"", ""c101_21"", ""r101_21"", ""rc101_21""]","[2014, 2015, 2016]",solution,verified_legacy,results/stage03.1_screening_attempt04/c106C15/2016/stage03.1_screening_attempt04_solution_c106C15_2016.json,results/stage031-cheap-screening_formal01/solutions/c106C15-alns_stage02_constraint_guided-2016.json,feasible,,pass,READY_FOR_STAGE03_2,READY_FOR_STAGE03_2,pass,9786a5eaf1adcdce429ed633b02b1880242327ab82079cab6f037373d6987704,raw_manifest,5f2508b8a49aa0d538c56e3bf2c45ad03534e7d9eec3cc935b786488d2655c61,e1840ebd3945bac63a1a1db5e13438dc2d1aad0b75fff316f3a4685d50583551,eba58a458a9fd13ae8fd404df8db1d04e49271326316256ee060468048881a86,36bdb75053d72005e1d872a5181da41694e427aeead66c5c4cdf40701544bc17,b226b97e0e67288aaaf85726ad855df71cb81406685c57c8e8c40cd8996aa0da,0c7b67d6f0b038d803ac018fe78d827ff85f93da,False,"{""VRP-EVRP-Project-Hub"": {""dirty"": false, ""path"": ""/Users/guoyiyang/Documents/GitHub/FURP-2026-Yiyang-GUO-EVRP-TW/reference/VRP-EVRP-Project-Hub"", ""revision"": ""e3a890065105f978187e532642c4442522215e02""}, ""py-ga-VRPTW"": {""dirty"": false, ""path"": ""/Users/guoyiyang/Documents/GitHub/FURP-2026-Yiyang-GUO-EVRP-TW/reference/py-ga-VRPTW"", ""revision"": ""8e005caaaf6471a4505588d88c7f0f5e0d4ebffa""}}",stage03.0_measurement_attempt05,,preserve;see stage03_legacy_path_map.csv,legacy,legacy_json_or_jsonl,none,legacy,legacy_unknown,,,518,legacy_compatible
stage03.1,screening,stage03.1_screening_attempt04,attempt04,stage03.1_screening_attempt04,stage031_cheap_screening_formal01,formal,r101_21,2014,"[""c101C5"", ""r105C5"", ""rc105C5"", ""c104C10"", ""r103C10"", ""rc102C10"", ""c106C15"", ""r105C15"", ""rc103C15"", ""c101_21"", ""r101_21"", ""rc101_21""]","[2014, 2015, 2016]",solution,verified_legacy,results/stage03.1_screening_attempt04/r101_21/2014/stage03.1_screening_attempt04_solution_r101_21_2014.json,results/stage031-cheap-screening_formal01/solutions/r101_21-alns_stage02_constraint_guided-2014.json,feasible,,pass,READY_FOR_STAGE03_2,READY_FOR_STAGE03_2,pass,0f6eb4be7e43a99055ce34539ddd8dc39da5f02524ad20fa07e2f02caffb82f5,raw_manifest,5f2508b8a49aa0d538c56e3bf2c45ad03534e7d9eec3cc935b786488d2655c61,e1840ebd3945bac63a1a1db5e13438dc2d1aad0b75fff316f3a4685d50583551,0e5a3dffffbd3c516b528ef32ba1a488b817d2f151fc3e8c81023814de1c103a,f7c545565e84a7b0618b32b9a5aee7886d1913f37a476f28159690504dd362a0,b226b97e0e67288aaaf85726ad855df71cb81406685c57c8e8c40cd8996aa0da,0c7b67d6f0b038d803ac018fe78d827ff85f93da,False,"{""VRP-EVRP-Project-Hub"": {""dirty"": false, ""path"": ""/Users/guoyiyang/Documents/GitHub/FURP-2026-Yiyang-GUO-EVRP-TW/reference/VRP-EVRP-Project-Hub"", ""revision"": ""e3a890065105f978187e532642c4442522215e02""}, ""py-ga-VRPTW"": {""dirty"": false, ""path"": ""/Users/guoyiyang/Documents/GitHub/FURP-2026-Yiyang-GUO-EVRP-TW/reference/py-ga-VRPTW"", ""revision"": ""8e005caaaf6471a4505588d88c7f0f5e0d4ebffa""}}",stage03.0_measurement_attempt05,,preserve;see stage03_legacy_path_map.csv,legacy,legacy_json_or_jsonl,none,legacy,legacy_unknown,,,2491,legacy_compatible
stage03.1,screening,stage03.1_screening_attempt04,attempt04,stage03.1_screening_attempt04,stage031_cheap_screening_formal01,formal,r101_21,2015,"[""c101C5"", ""r105C5"", ""rc105C5"", ""c104C10"", ""r103C10"", ""rc102C10"", ""c106C15"", ""r105C15"", ""rc103C15"", ""c101_21"", ""r101_21"", ""rc101_21""]","[2014, 2015, 2016]",solution,verified_legacy,results/stage03.1_screening_attempt04/r101_21/2015/stage03.1_screening_attempt04_solution_r101_21_2015.json,results/stage031-cheap-screening_formal01/solutions/r101_21-alns_stage02_constraint_guided-2015.json,feasible,,pass,READY_FOR_STAGE03_2,READY_FOR_STAGE03_2,pass,0598392691acb93e748b0a165cf3cf6af98be6aa556129dee7aecc542a158d6b,raw_manifest,5f2508b8a49aa0d538c56e3bf2c45ad03534e7d9eec3cc935b786488d2655c61,e1840ebd3945bac63a1a1db5e13438dc2d1aad0b75fff316f3a4685d50583551,0e5a3dffffbd3c516b528ef32ba1a488b817d2f151fc3e8c81023814de1c103a,5250c5c949c05c0a7eaaf430305b54464de9ce019df0d06dd14e915f4c1c9066,b226b97e0e67288aaaf85726ad855df71cb81406685c57c8e8c40cd8996aa0da,0c7b67d6f0b038d803ac018fe78d827ff85f93da,False,"{""VRP-EVRP-Project-Hub"": {""dirty"": false, ""path"": ""/Users/guoyiyang/Documents/GitHub/FURP-2026-Yiyang-GUO-EVRP-TW/reference/VRP-EVRP-Project-Hub"", ""revision"": ""e3a890065105f978187e532642c4442522215e02""}, ""py-ga-VRPTW"": {""dirty"": false, ""path"": ""/Users/guoyiyang/Documents/GitHub/FURP-2026-Yiyang-GUO-EVRP-TW/reference/py-ga-VRPTW"", ""revision"": ""8e005caaaf6471a4505588d88c7f0f5e0d4ebffa""}}",stage03.0_measurement_attempt05,,preserve;see stage03_legacy_path_map.csv,legacy,legacy_json_or_jsonl,none,legacy,legacy_unknown,,,2492,legacy_compatible
stage03.1,screening,stage03.1_screening_attempt04,attempt04,stage03.1_screening_attempt04,stage031_cheap_screening_formal01,formal,r101_21,2016,"[""c101C5"", ""r105C5"", ""rc105C5"", ""c104C10"", ""r103C10"", ""rc102C10"", ""c106C15"", ""r105C15"", ""rc103C15"", ""c101_21"", ""r101_21"", ""rc101_21""]","[2014, 2015, 2016]",solution,verified_legacy,results/stage03.1_screening_attempt04/r101_21/2016/stage03.1_screening_attempt04_solution_r101_21_2016.json,results/stage031-cheap-screening_formal01/solutions/r101_21-alns_stage02_constraint_guided-2016.json,feasible,,pass,READY_FOR_STAGE03_2,READY_FOR_STAGE03_2,pass,8c11ba54bd00d8e03dd04f927e2ee9c02174915748cd911c8f22aad016adf6d6,raw_manifest,5f2508b8a49aa0d538c56e3bf2c45ad03534e7d9eec3cc935b786488d2655c61,e1840ebd3945bac63a1a1db5e13438dc2d1aad0b75fff316f3a4685d50583551,0e5a3dffffbd3c516b528ef32ba1a488b817d2f151fc3e8c81023814de1c103a,ea2d1535eb8519014c0d172f5398e4481545ae6f02cfca28f6671f0227b76b31,b226b97e0e67288aaaf85726ad855df71cb81406685c57c8e8c40cd8996aa0da,0c7b67d6f0b038d803ac018fe78d827ff85f93da,False,"{""VRP-EVRP-Project-Hub"": {""dirty"": false, ""path"": ""/Users/guoyiyang/Documents/GitHub/FURP-2026-Yiyang-GUO-EVRP-TW/reference/VRP-EVRP-Project-Hub"", ""revision"": ""e3a890065105f978187e532642c4442522215e02""}, ""py-ga-VRPTW"": {""dirty"": false, ""path"": ""/Users/guoyiyang/Documents/GitHub/FURP-2026-Yiyang-GUO-EVRP-TW/reference/py-ga-VRPTW"", ""revision"": ""8e005caaaf6471a4505588d88c7f0f5e0d4ebffa""}}",stage03.0_measurement_attempt05,,preserve;see stage03_legacy_path_map.csv,legacy,legacy_json_or_jsonl,none,legacy,legacy_unknown,,,2506,legacy_compatible
stage03.1,screening,stage03.1_screening_attempt04,attempt04,stage03.1_screening_attempt04,stage031_cheap_screening_formal01,formal,r103C10,2014,"[""c101C5"", ""r105C5"", ""rc105C5"", ""c104C10"", ""r103C10"", ""rc102C10"", ""c106C15"", ""r105C15"", ""rc103C15"", ""c101_21"", ""r101_21"", ""rc101_21""]","[2014, 2015, 2016]",solution,verified_legacy,results/stage03.1_screening_attempt04/r103C10/2014/stage03.1_screening_attempt04_solution_r103C10_2014.json,results/stage031-cheap-screening_formal01/solutions/r103C10-alns_stage02_constraint_guided-2014.json,feasible,,pass,READY_FOR_STAGE03_2,READY_FOR_STAGE03_2,pass,7efde239819be27c53919aa19a1801e9f6401da88817a3e254f002ff8ec6cd54,raw_manifest,5f2508b8a49aa0d538c56e3bf2c45ad03534e7d9eec3cc935b786488d2655c61,e1840ebd3945bac63a1a1db5e13438dc2d1aad0b75fff316f3a4685d50583551,00debfb0e1fa34796b1644a045a064f52cb1f35052df9faa485db4b4f5ff512e,6e8526426f5a42ed556b29ee648705af381e1b2af209e1f2cd7a9a0de60f714c,b226b97e0e67288aaaf85726ad855df71cb81406685c57c8e8c40cd8996aa0da,0c7b67d6f0b038d803ac018fe78d827ff85f93da,False,"{""VRP-EVRP-Project-Hub"": {""dirty"": false, ""path"": ""/Users/guoyiyang/Documents/GitHub/FURP-2026-Yiyang-GUO-EVRP-TW/reference/VRP-EVRP-Project-Hub"", ""revision"": ""e3a890065105f978187e532642c4442522215e02""}, ""py-ga-VRPTW"": {""dirty"": false, ""path"": ""/Users/guoyiyang/Documents/GitHub/FURP-2026-Yiyang-GUO-EVRP-TW/reference/py-ga-VRPTW"", ""revision"": ""8e005caaaf6471a4505588d88c7f0f5e0d4ebffa""}}",stage03.0_measurement_attempt05,,preserve;see stage03_legacy_path_map.csv,legacy,legacy_json_or_jsonl,none,legacy,legacy_unknown,,,417,legacy_compatible
stage03.1,screening,stage03.1_screening_attempt04,attempt04,stage03.1_screening_attempt04,stage031_cheap_screening_formal01,formal,r103C10,2015,"[""c101C5"", ""r105C5"", ""rc105C5"", ""c104C10"", ""r103C10"", ""rc102C10"", ""c106C15"", ""r105C15"", ""rc103C15"", ""c101_21"", ""r101_21"", ""rc101_21""]","[2014, 2015, 2016]",solution,verified_legacy,results/stage03.1_screening_attempt04/r103C10/2015/stage03.1_screening_attempt04_solution_r103C10_2015.json,results/stage031-cheap-screening_formal01/solutions/r103C10-alns_stage02_constraint_guided-2015.json,feasible,,pass,READY_FOR_STAGE03_2,READY_FOR_STAGE03_2,pass,1ab599ed65ff97113320c777ac67ae91a59e63280f61b7cbf97d4b909da2312b,raw_manifest,5f2508b8a49aa0d538c56e3bf2c45ad03534e7d9eec3cc935b786488d2655c61,e1840ebd3945bac63a1a1db5e13438dc2d1aad0b75fff316f3a4685d50583551,00debfb0e1fa34796b1644a045a064f52cb1f35052df9faa485db4b4f5ff512e,3c7ab9b3e5aefde419b99f8f52667b3264060abb3b5a65b36850d52dedfb4cda,b226b97e0e67288aaaf85726ad855df71cb81406685c57c8e8c40cd8996aa0da,0c7b67d6f0b038d803ac018fe78d827ff85f93da,False,"{""VRP-EVRP-Project-Hub"": {""dirty"": false, ""path"": ""/Users/guoyiyang/Documents/GitHub/FURP-2026-Yiyang-GUO-EVRP-TW/reference/VRP-EVRP-Project-Hub"", ""revision"": ""e3a890065105f978187e532642c4442522215e02""}, ""py-ga-VRPTW"": {""dirty"": false, ""path"": ""/Users/guoyiyang/Documents/GitHub/FURP-2026-Yiyang-GUO-EVRP-TW/reference/py-ga-VRPTW"", ""revision"": ""8e005caaaf6471a4505588d88c7f0f5e0d4ebffa""}}",stage03.0_measurement_attempt05,,preserve;see stage03_legacy_path_map.csv,legacy,legacy_json_or_jsonl,none,legacy,legacy_unknown,,,429,legacy_compatible
stage03.1,screening,stage03.1_screening_attempt04,attempt04,stage03.1_screening_attempt04,stage031_cheap_screening_formal01,formal,r103C10,2016,"[""c101C5"", ""r105C5"", ""rc105C5"", ""c104C10"", ""r103C10"", ""rc102C10"", ""c106C15"", ""r105C15"", ""rc103C15"", ""c101_21"", ""r101_21"", ""rc101_21""]","[2014, 2015, 2016]",solution,verified_legacy,results/stage03.1_screening_attempt04/r103C10/2016/stage03.1_screening_attempt04_solution_r103C10_2016.json,results/stage031-cheap-screening_formal01/solutions/r103C10-alns_stage02_constraint_guided-2016.json,feasible,,pass,READY_FOR_STAGE03_2,READY_FOR_STAGE03_2,pass,06bdf17adf99c4e9bfbd0acbb472a45a03277a6adf3cac6bad7f2fad05b46ccf,raw_manifest,5f2508b8a49aa0d538c56e3bf2c45ad03534e7d9eec3cc935b786488d2655c61,e1840ebd3945bac63a1a1db5e13438dc2d1aad0b75fff316f3a4685d50583551,00debfb0e1fa34796b1644a045a064f52cb1f35052df9faa485db4b4f5ff512e,97b63593d12ab0603557514a8923c35b84c5b976df36c8d454ea682c45ec8dc7,b226b97e0e67288aaaf85726ad855df71cb81406685c57c8e8c40cd8996aa0da,0c7b67d6f0b038d803ac018fe78d827ff85f93da,False,"{""VRP-EVRP-Project-Hub"": {""dirty"": false, ""path"": ""/Users/guoyiyang/Documents/GitHub/FURP-2026-Yiyang-GUO-EVRP-TW/reference/VRP-EVRP-Project-Hub"", ""revision"": ""e3a890065105f978187e532642c4442522215e02""}, ""py-ga-VRPTW"": {""dirty"": false, ""path"": ""/Users/guoyiyang/Documents/GitHub/FURP-2026-Yiyang-GUO-EVRP-TW/reference/py-ga-VRPTW"", ""revision"": ""8e005caaaf6471a4505588d88c7f0f5e0d4ebffa""}}",stage03.0_measurement_attempt05,,preserve;see stage03_legacy_path_map.csv,legacy,legacy_json_or_jsonl,none,legacy,legacy_unknown,,,429,legacy_compatible
stage03.1,screening,stage03.1_screening_attempt04,attempt04,stage03.1_screening_attempt04,stage031_cheap_screening_formal01,formal,r105C15,2014,"[""c101C5"", ""r105C5"", ""rc105C5"", ""c104C10"", ""r103C10"", ""rc102C10"", ""c106C15"", ""r105C15"", ""rc103C15"", ""c101_21"", ""r101_21"", ""rc101_21""]","[2014, 2015, 2016]",solution,verified_legacy,results/stage03.1_screening_attempt04/r105C15/2014/stage03.1_screening_attempt04_solution_r105C15_2014.json,results/stage031-cheap-screening_formal01/solutions/r105C15-alns_stage02_constraint_guided-2014.json,feasible,,pass,READY_FOR_STAGE03_2,READY_FOR_STAGE03_2,pass,439761316128654a12d5f1e396730bd08754e1c15f8243882a5f4441718bcef7,raw_manifest,5f2508b8a49aa0d538c56e3bf2c45ad03534e7d9eec3cc935b786488d2655c61,e1840ebd3945bac63a1a1db5e13438dc2d1aad0b75fff316f3a4685d50583551,937f3e630e6afef1a148dc223dd1d6ad2d11cfff557803e68a50e981e3ceaa44,64ea60eb6e0dfc94d8534cb69b3d9939724ce6b6f43bd19f5ea4334a6d9b3570,b226b97e0e67288aaaf85726ad855df71cb81406685c57c8e8c40cd8996aa0da,0c7b67d6f0b038d803ac018fe78d827ff85f93da,False,"{""VRP-EVRP-Project-Hub"": {""dirty"": false, ""path"": ""/Users/guoyiyang/Documents/GitHub/FURP-2026-Yiyang-GUO-EVRP-TW/reference/VRP-EVRP-Project-Hub"", ""revision"": ""e3a890065105f978187e532642c4442522215e02""}, ""py-ga-VRPTW"": {""dirty"": false, ""path"": ""/Users/guoyiyang/Documents/GitHub/FURP-2026-Yiyang-GUO-EVRP-TW/reference/py-ga-VRPTW"", ""revision"": ""8e005caaaf6471a4505588d88c7f0f5e0d4ebffa""}}",stage03.0_measurement_attempt05,,preserve;see stage03_legacy_path_map.csv,legacy,legacy_json_or_jsonl,none,legacy,legacy_unknown,,,574,legacy_compatible
stage03.1,screening,stage03.1_screening_attempt04,attempt04,stage03.1_screening_attempt04,stage031_cheap_screening_formal01,formal,r105C15,2015,"[""c101C5"", ""r105C5"", ""rc105C5"", ""c104C10"", ""r103C10"", ""rc102C10"", ""c106C15"", ""r105C15"", ""rc103C15"", ""c101_21"", ""r101_21"", ""rc101_21""]","[2014, 2015, 2016]",solution,verified_legacy,results/stage03.1_screening_attempt04/r105C15/2015/stage03.1_screening_attempt04_solution_r105C15_2015.json,results/stage031-cheap-screening_formal01/solutions/r105C15-alns_stage02_constraint_guided-2015.json,feasible,,pass,READY_FOR_STAGE03_2,READY_FOR_STAGE03_2,pass,06dc542fca8f667155e09fb25dd8ef360283ba1e6c09efe2932d28793b44618d,raw_manifest,5f2508b8a49aa0d538c56e3bf2c45ad03534e7d9eec3cc935b786488d2655c61,e1840ebd3945bac63a1a1db5e13438dc2d1aad0b75fff316f3a4685d50583551,937f3e630e6afef1a148dc223dd1d6ad2d11cfff557803e68a50e981e3ceaa44,9dd4244380d8ebc747b306fa0e6a5e690bcf61ed0f17a981aed10c87bc24f254,b226b97e0e67288aaaf85726ad855df71cb81406685c57c8e8c40cd8996aa0da,0c7b67d6f0b038d803ac018fe78d827ff85f93da,False,"{""VRP-EVRP-Project-Hub"": {""dirty"": false, ""path"": ""/Users/guoyiyang/Documents/GitHub/FURP-2026-Yiyang-GUO-EVRP-TW/reference/VRP-EVRP-Project-Hub"", ""revision"": ""e3a890065105f978187e532642c4442522215e02""}, ""py-ga-VRPTW"": {""dirty"": false, ""path"": ""/Users/guoyiyang/Documents/GitHub/FURP-2026-Yiyang-GUO-EVRP-TW/reference/py-ga-VRPTW"", ""revision"": ""8e005caaaf6471a4505588d88c7f0f5e0d4ebffa""}}",stage03.0_measurement_attempt05,,preserve;see stage03_legacy_path_map.csv,legacy,legacy_json_or_jsonl,none,legacy,legacy_unknown,,,576,legacy_compatible
stage03.1,screening,stage03.1_screening_attempt04,attempt04,stage03.1_screening_attempt04,stage031_cheap_screening_formal01,formal,r105C15,2016,"[""c101C5"", ""r105C5"", ""rc105C5"", ""c104C10"", ""r103C10"", ""rc102C10"", ""c106C15"", ""r105C15"", ""rc103C15"", ""c101_21"", ""r101_21"", ""rc101_21""]","[2014, 2015, 2016]",solution,verified_legacy,results/stage03.1_screening_attempt04/r105C15/2016/stage03.1_screening_attempt04_solution_r105C15_2016.json,results/stage031-cheap-screening_formal01/solutions/r105C15-alns_stage02_constraint_guided-2016.json,feasible,,pass,READY_FOR_STAGE03_2,READY_FOR_STAGE03_2,pass,a4108ec5259c61f920c133ac3967ffae6ae849ac2694c93ff5b12bf4f3a373b4,raw_manifest,5f2508b8a49aa0d538c56e3bf2c45ad03534e7d9eec3cc935b786488d2655c61,e1840ebd3945bac63a1a1db5e13438dc2d1aad0b75fff316f3a4685d50583551,937f3e630e6afef1a148dc223dd1d6ad2d11cfff557803e68a50e981e3ceaa44,a5097962fee8c43ff987eed16337ef1b13facde67ff469b1e79e85fb5a97663c,b226b97e0e67288aaaf85726ad855df71cb81406685c57c8e8c40cd8996aa0da,0c7b67d6f0b038d803ac018fe78d827ff85f93da,False,"{""VRP-EVRP-Project-Hub"": {""dirty"": false, ""path"": ""/Users/guoyiyang/Documents/GitHub/FURP-2026-Yiyang-GUO-EVRP-TW/reference/VRP-EVRP-Project-Hub"", ""revision"": ""e3a890065105f978187e532642c4442522215e02""}, ""py-ga-VRPTW"": {""dirty"": false, ""path"": ""/Users/guoyiyang/Documents/GitHub/FURP-2026-Yiyang-GUO-EVRP-TW/reference/py-ga-VRPTW"", ""revision"": ""8e005caaaf6471a4505588d88c7f0f5e0d4ebffa""}}",stage03.0_measurement_attempt05,,preserve;see stage03_legacy_path_map.csv,legacy,legacy_json_or_jsonl,none,legacy,legacy_unknown,,,574,legacy_compatible
stage03.1,screening,stage03.1_screening_attempt04,attempt04,stage03.1_screening_attempt04,stage031_cheap_screening_formal01,formal,r105C5,2014,"[""c101C5"", ""r105C5"", ""rc105C5"", ""c104C10"", ""r103C10"", ""rc102C10"", ""c106C15"", ""r105C15"", ""rc103C15"", ""c101_21"", ""r101_21"", ""rc101_21""]","[2014, 2015, 2016]",solution,verified_legacy,results/stage03.1_screening_attempt04/r105C5/2014/stage03.1_screening_attempt04_solution_r105C5_2014.json,results/stage031-cheap-screening_formal01/solutions/r105C5-alns_stage02_constraint_guided-2014.json,feasible,,pass,READY_FOR_STAGE03_2,READY_FOR_STAGE03_2,pass,37f614411458fbc7802b1db8344ab4be5ef9dc9767d4851e1d3b65f343139676,raw_manifest,5f2508b8a49aa0d538c56e3bf2c45ad03534e7d9eec3cc935b786488d2655c61,e1840ebd3945bac63a1a1db5e13438dc2d1aad0b75fff316f3a4685d50583551,eb27ec04e799ee6d39dee3d66f15128e197811afa8c664295acbdf6444176434,d4c45e00680006924565eba36f515ad3fcfb2c0f73f96e19f3f45b2091e643a9,b226b97e0e67288aaaf85726ad855df71cb81406685c57c8e8c40cd8996aa0da,0c7b67d6f0b038d803ac018fe78d827ff85f93da,False,"{""VRP-EVRP-Project-Hub"": {""dirty"": false, ""path"": ""/Users/guoyiyang/Documents/GitHub/FURP-2026-Yiyang-GUO-EVRP-TW/reference/VRP-EVRP-Project-Hub"", ""revision"": ""e3a890065105f978187e532642c4442522215e02""}, ""py-ga-VRPTW"": {""dirty"": false, ""path"": ""/Users/guoyiyang/Documents/GitHub/FURP-2026-Yiyang-GUO-EVRP-TW/reference/py-ga-VRPTW"", ""revision"": ""8e005caaaf6471a4505588d88c7f0f5e0d4ebffa""}}",stage03.0_measurement_attempt05,,preserve;see stage03_legacy_path_map.csv,legacy,legacy_json_or_jsonl,none,legacy,legacy_unknown,,,351,legacy_compatible
stage03.1,screening,stage03.1_screening_attempt04,attempt04,stage03.1_screening_attempt04,stage031_cheap_screening_formal01,formal,r105C5,2015,"[""c101C5"", ""r105C5"", ""rc105C5"", ""c104C10"", ""r103C10"", ""rc102C10"", ""c106C15"", ""r105C15"", ""rc103C15"", ""c101_21"", ""r101_21"", ""rc101_21""]","[2014, 2015, 2016]",solution,verified_legacy,results/stage03.1_screening_attempt04/r105C5/2015/stage03.1_screening_attempt04_solution_r105C5_2015.json,results/stage031-cheap-screening_formal01/solutions/r105C5-alns_stage02_constraint_guided-2015.json,feasible,,pass,READY_FOR_STAGE03_2,READY_FOR_STAGE03_2,pass,5986d9d10e21f0dc93293751bd7d938a3769de674f21974964409251ce7e32ce,raw_manifest,5f2508b8a49aa0d538c56e3bf2c45ad03534e7d9eec3cc935b786488d2655c61,e1840ebd3945bac63a1a1db5e13438dc2d1aad0b75fff316f3a4685d50583551,eb27ec04e799ee6d39dee3d66f15128e197811afa8c664295acbdf6444176434,b599f198bde162faa32399cac4b4b7430a5e56be2cd1088a3ebb17159c2a3664,b226b97e0e67288aaaf85726ad855df71cb81406685c57c8e8c40cd8996aa0da,0c7b67d6f0b038d803ac018fe78d827ff85f93da,False,"{""VRP-EVRP-Project-Hub"": {""dirty"": false, ""path"": ""/Users/guoyiyang/Documents/GitHub/FURP-2026-Yiyang-GUO-EVRP-TW/reference/VRP-EVRP-Project-Hub"", ""revision"": ""e3a890065105f978187e532642c4442522215e02""}, ""py-ga-VRPTW"": {""dirty"": false, ""path"": ""/Users/guoyiyang/Documents/GitHub/FURP-2026-Yiyang-GUO-EVRP-TW/reference/py-ga-VRPTW"", ""revision"": ""8e005caaaf6471a4505588d88c7f0f5e0d4ebffa""}}",stage03.0_measurement_attempt05,,preserve;see stage03_legacy_path_map.csv,legacy,legacy_json_or_jsonl,none,legacy,legacy_unknown,,,351,legacy_compatible
stage03.1,screening,stage03.1_screening_attempt04,attempt04,stage03.1_screening_attempt04,stage031_cheap_screening_formal01,formal,r105C5,2016,"[""c101C5"", ""r105C5"", ""rc105C5"", ""c104C10"", ""r103C10"", ""rc102C10"", ""c106C15"", ""r105C15"", ""rc103C15"", ""c101_21"", ""r101_21"", ""rc101_21""]","[2014, 2015, 2016]",solution,verified_legacy,results/stage03.1_screening_attempt04/r105C5/2016/stage03.1_screening_attempt04_solution_r105C5_2016.json,results/stage031-cheap-screening_formal01/solutions/r105C5-alns_stage02_constraint_guided-2016.json,feasible,,pass,READY_FOR_STAGE03_2,READY_FOR_STAGE03_2,pass,06501df94705311d988665f4a9a554aae7cbca6fdb7e497d6fd0161f382f29ab,raw_manifest,5f2508b8a49aa0d538c56e3bf2c45ad03534e7d9eec3cc935b786488d2655c61,e1840ebd3945bac63a1a1db5e13438dc2d1aad0b75fff316f3a4685d50583551,eb27ec04e799ee6d39dee3d66f15128e197811afa8c664295acbdf6444176434,1cc919e0d9f2bf2127770c6e6b88f0754412a1c6d2f3db57a7ef4d795233deb1,b226b97e0e67288aaaf85726ad855df71cb81406685c57c8e8c40cd8996aa0da,0c7b67d6f0b038d803ac018fe78d827ff85f93da,False,"{""VRP-EVRP-Project-Hub"": {""dirty"": false, ""path"": ""/Users/guoyiyang/Documents/GitHub/FURP-2026-Yiyang-GUO-EVRP-TW/reference/VRP-EVRP-Project-Hub"", ""revision"": ""e3a890065105f978187e532642c4442522215e02""}, ""py-ga-VRPTW"": {""dirty"": false, ""path"": ""/Users/guoyiyang/Documents/GitHub/FURP-2026-Yiyang-GUO-EVRP-TW/reference/py-ga-VRPTW"", ""revision"": ""8e005caaaf6471a4505588d88c7f0f5e0d4ebffa""}}",stage03.0_measurement_attempt05,,preserve;see stage03_legacy_path_map.csv,legacy,legacy_json_or_jsonl,none,legacy,legacy_unknown,,,351,legacy_compatible
stage03.1,screening,stage03.1_screening_attempt04,attempt04,stage03.1_screening_attempt04,stage031_cheap_screening_formal01,formal,rc101_21,2014,"[""c101C5"", ""r105C5"", ""rc105C5"", ""c104C10"", ""r103C10"", ""rc102C10"", ""c106C15"", ""r105C15"", ""rc103C15"", ""c101_21"", ""r101_21"", ""rc101_21""]","[2014, 2015, 2016]",solution,verified_legacy,results/stage03.1_screening_attempt04/rc101_21/2014/stage03.1_screening_attempt04_solution_rc101_21_2014.json,results/stage031-cheap-screening_formal01/solutions/rc101_21-alns_stage02_constraint_guided-2014.json,feasible,,pass,READY_FOR_STAGE03_2,READY_FOR_STAGE03_2,pass,78cd3d1d42cde1a0d2b26c56cd7d2d2d9261e09fcbc0af74e63c9a9ead2d9d30,raw_manifest,5f2508b8a49aa0d538c56e3bf2c45ad03534e7d9eec3cc935b786488d2655c61,e1840ebd3945bac63a1a1db5e13438dc2d1aad0b75fff316f3a4685d50583551,272a3e58d53d4ba9516f01506164cf8a9b98bfeeb8dbd1fd62f6557e4c98e3a1,3ac12332425bdc22ed4b7700e8d5613963a11251b0b39dacfbe03d46b04c4660,b226b97e0e67288aaaf85726ad855df71cb81406685c57c8e8c40cd8996aa0da,0c7b67d6f0b038d803ac018fe78d827ff85f93da,False,"{""VRP-EVRP-Project-Hub"": {""dirty"": false, ""path"": ""/Users/guoyiyang/Documents/GitHub/FURP-2026-Yiyang-GUO-EVRP-TW/reference/VRP-EVRP-Project-Hub"", ""revision"": ""e3a890065105f978187e532642c4442522215e02""}, ""py-ga-VRPTW"": {""dirty"": false, ""path"": ""/Users/guoyiyang/Documents/GitHub/FURP-2026-Yiyang-GUO-EVRP-TW/reference/py-ga-VRPTW"", ""revision"": ""8e005caaaf6471a4505588d88c7f0f5e0d4ebffa""}}",stage03.0_measurement_attempt05,,preserve;see stage03_legacy_path_map.csv,legacy,legacy_json_or_jsonl,none,legacy,legacy_unknown,,,2400,legacy_compatible
stage03.1,screening,stage03.1_screening_attempt04,attempt04,stage03.1_screening_attempt04,stage031_cheap_screening_formal01,formal,rc101_21,2015,"[""c101C5"", ""r105C5"", ""rc105C5"", ""c104C10"", ""r103C10"", ""rc102C10"", ""c106C15"", ""r105C15"", ""rc103C15"", ""c101_21"", ""r101_21"", ""rc101_21""]","[2014, 2015, 2016]",solution,verified_legacy,results/stage03.1_screening_attempt04/rc101_21/2015/stage03.1_screening_attempt04_solution_rc101_21_2015.json,results/stage031-cheap-screening_formal01/solutions/rc101_21-alns_stage02_constraint_guided-2015.json,feasible,,pass,READY_FOR_STAGE03_2,READY_FOR_STAGE03_2,pass,362609c7cecf099b1e4b4cecb98bcd26bd544c63502640b713b1afc6a29e84ea,raw_manifest,5f2508b8a49aa0d538c56e3bf2c45ad03534e7d9eec3cc935b786488d2655c61,e1840ebd3945bac63a1a1db5e13438dc2d1aad0b75fff316f3a4685d50583551,272a3e58d53d4ba9516f01506164cf8a9b98bfeeb8dbd1fd62f6557e4c98e3a1,aa28c1abb93e118b825d224498c4ecbd7435e64eb9e11128ca9316d6df8adc81,b226b97e0e67288aaaf85726ad855df71cb81406685c57c8e8c40cd8996aa0da,0c7b67d6f0b038d803ac018fe78d827ff85f93da,False,"{""VRP-EVRP-Project-Hub"": {""dirty"": false, ""path"": ""/Users/guoyiyang/Documents/GitHub/FURP-2026-Yiyang-GUO-EVRP-TW/reference/VRP-EVRP-Project-Hub"", ""revision"": ""e3a890065105f978187e532642c4442522215e02""}, ""py-ga-VRPTW"": {""dirty"": false, ""path"": ""/Users/guoyiyang/Documents/GitHub/FURP-2026-Yiyang-GUO-EVRP-TW/reference/py-ga-VRPTW"", ""revision"": ""8e005caaaf6471a4505588d88c7f0f5e0d4ebffa""}}",stage03.0_measurement_attempt05,,preserve;see stage03_legacy_path_map.csv,legacy,legacy_json_or_jsonl,none,legacy,legacy_unknown,,,2339,legacy_compatible
stage03.1,screening,stage03.1_screening_attempt04,attempt04,stage03.1_screening_attempt04,stage031_cheap_screening_formal01,formal,rc101_21,2016,"[""c101C5"", ""r105C5"", ""rc105C5"", ""c104C10"", ""r103C10"", ""rc102C10"", ""c106C15"", ""r105C15"", ""rc103C15"", ""c101_21"", ""r101_21"", ""rc101_21""]","[2014, 2015, 2016]",solution,verified_legacy,results/stage03.1_screening_attempt04/rc101_21/2016/stage03.1_screening_attempt04_solution_rc101_21_2016.json,results/stage031-cheap-screening_formal01/solutions/rc101_21-alns_stage02_constraint_guided-2016.json,feasible,,pass,READY_FOR_STAGE03_2,READY_FOR_STAGE03_2,pass,a8888907b2cd244e5ed9ec48ae093b7a677c14dd03b8cdfc96827d8845098564,raw_manifest,5f2508b8a49aa0d538c56e3bf2c45ad03534e7d9eec3cc935b786488d2655c61,e1840ebd3945bac63a1a1db5e13438dc2d1aad0b75fff316f3a4685d50583551,272a3e58d53d4ba9516f01506164cf8a9b98bfeeb8dbd1fd62f6557e4c98e3a1,a239a332638a8265ee3117d39807e48286e50b2527687f29c8ca6d54e02c756e,b226b97e0e67288aaaf85726ad855df71cb81406685c57c8e8c40cd8996aa0da,0c7b67d6f0b038d803ac018fe78d827ff85f93da,False,"{""VRP-EVRP-Project-Hub"": {""dirty"": false, ""path"": ""/Users/guoyiyang/Documents/GitHub/FURP-2026-Yiyang-GUO-EVRP-TW/reference/VRP-EVRP-Project-Hub"", ""revision"": ""e3a890065105f978187e532642c4442522215e02""}, ""py-ga-VRPTW"": {""dirty"": false, ""path"": ""/Users/guoyiyang/Documents/GitHub/FURP-2026-Yiyang-GUO-EVRP-TW/reference/py-ga-VRPTW"", ""revision"": ""8e005caaaf6471a4505588d88c7f0f5e0d4ebffa""}}",stage03.0_measurement_attempt05,,preserve;see stage03_legacy_path_map.csv,legacy,legacy_json_or_jsonl,none,legacy,legacy_unknown,,,2425,legacy_compatible
stage03.1,screening,stage03.1_screening_attempt04,attempt04,stage03.1_screening_attempt04,stage031_cheap_screening_formal01,formal,rc102C10,2014,"[""c101C5"", ""r105C5"", ""rc105C5"", ""c104C10"", ""r103C10"", ""rc102C10"", ""c106C15"", ""r105C15"", ""rc103C15"", ""c101_21"", ""r101_21"", ""rc101_21""]","[2014, 2015, 2016]",solution,verified_legacy,results/stage03.1_screening_attempt04/rc102C10/2014/stage03.1_screening_attempt04_solution_rc102C10_2014.json,results/stage031-cheap-screening_formal01/solutions/rc102C10-alns_stage02_constraint_guided-2014.json,feasible,,pass,READY_FOR_STAGE03_2,READY_FOR_STAGE03_2,pass,f0c3d36337a1bab9c7c148562d32f233397b15aed4de08de7f3ba7c14bfa5800,raw_manifest,5f2508b8a49aa0d538c56e3bf2c45ad03534e7d9eec3cc935b786488d2655c61,e1840ebd3945bac63a1a1db5e13438dc2d1aad0b75fff316f3a4685d50583551,b85edffa9a896007203a8f6688731b66fcaeedada2b6deae0a3e3ca4a1a0d1a6,557b0f0c864bcf8054814fc37739ec72eede21eaec94fbf80e5ea14904b8e7c6,b226b97e0e67288aaaf85726ad855df71cb81406685c57c8e8c40cd8996aa0da,0c7b67d6f0b038d803ac018fe78d827ff85f93da,False,"{""VRP-EVRP-Project-Hub"": {""dirty"": false, ""path"": ""/Users/guoyiyang/Documents/GitHub/FURP-2026-Yiyang-GUO-EVRP-TW/reference/VRP-EVRP-Project-Hub"", ""revision"": ""e3a890065105f978187e532642c4442522215e02""}, ""py-ga-VRPTW"": {""dirty"": false, ""path"": ""/Users/guoyiyang/Documents/GitHub/FURP-2026-Yiyang-GUO-EVRP-TW/reference/py-ga-VRPTW"", ""revision"": ""8e005caaaf6471a4505588d88c7f0f5e0d4ebffa""}}",stage03.0_measurement_attempt05,,preserve;see stage03_legacy_path_map.csv,legacy,legacy_json_or_jsonl,none,legacy,legacy_unknown,,,503,legacy_compatible
stage03.1,screening,stage03.1_screening_attempt04,attempt04,stage03.1_screening_attempt04,stage031_cheap_screening_formal01,formal,rc102C10,2015,"[""c101C5"", ""r105C5"", ""rc105C5"", ""c104C10"", ""r103C10"", ""rc102C10"", ""c106C15"", ""r105C15"", ""rc103C15"", ""c101_21"", ""r101_21"", ""rc101_21""]","[2014, 2015, 2016]",solution,verified_legacy,results/stage03.1_screening_attempt04/rc102C10/2015/stage03.1_screening_attempt04_solution_rc102C10_2015.json,results/stage031-cheap-screening_formal01/solutions/rc102C10-alns_stage02_constraint_guided-2015.json,feasible,,pass,READY_FOR_STAGE03_2,READY_FOR_STAGE03_2,pass,c4921612388bfd20300eb30dbf123e9684a62472706b3bec6b5b37e287db9b8a,raw_manifest,5f2508b8a49aa0d538c56e3bf2c45ad03534e7d9eec3cc935b786488d2655c61,e1840ebd3945bac63a1a1db5e13438dc2d1aad0b75fff316f3a4685d50583551,b85edffa9a896007203a8f6688731b66fcaeedada2b6deae0a3e3ca4a1a0d1a6,215e73c152751488092e43e1b59f0f6797aa7319adeada13813212172eebcba4,b226b97e0e67288aaaf85726ad855df71cb81406685c57c8e8c40cd8996aa0da,0c7b67d6f0b038d803ac018fe78d827ff85f93da,False,"{""VRP-EVRP-Project-Hub"": {""dirty"": false, ""path"": ""/Users/guoyiyang/Documents/GitHub/FURP-2026-Yiyang-GUO-EVRP-TW/reference/VRP-EVRP-Project-Hub"", ""revision"": ""e3a890065105f978187e532642c4442522215e02""}, ""py-ga-VRPTW"": {""dirty"": false, ""path"": ""/Users/guoyiyang/Documents/GitHub/FURP-2026-Yiyang-GUO-EVRP-TW/reference/py-ga-VRPTW"", ""revision"": ""8e005caaaf6471a4505588d88c7f0f5e0d4ebffa""}}",stage03.0_measurement_attempt05,,preserve;see stage03_legacy_path_map.csv,legacy,legacy_json_or_jsonl,none,legacy,legacy_unknown,,,503,legacy_compatible
stage03.1,screening,stage03.1_screening_attempt04,attempt04,stage03.1_screening_attempt04,stage031_cheap_screening_formal01,formal,rc102C10,2016,"[""c101C5"", ""r105C5"", ""rc105C5"", ""c104C10"", ""r103C10"", ""rc102C10"", ""c106C15"", ""r105C15"", ""rc103C15"", ""c101_21"", ""r101_21"", ""rc101_21""]","[2014, 2015, 2016]",solution,verified_legacy,results/stage03.1_screening_attempt04/rc102C10/2016/stage03.1_screening_attempt04_solution_rc102C10_2016.json,results/stage031-cheap-screening_formal01/solutions/rc102C10-alns_stage02_constraint_guided-2016.json,feasible,,pass,READY_FOR_STAGE03_2,READY_FOR_STAGE03_2,pass,07736d16c717ba450ac4ddd8dbaa836f8f06336677e4056741a642f37556685a,raw_manifest,5f2508b8a49aa0d538c56e3bf2c45ad03534e7d9eec3cc935b786488d2655c61,e1840ebd3945bac63a1a1db5e13438dc2d1aad0b75fff316f3a4685d50583551,b85edffa9a896007203a8f6688731b66fcaeedada2b6deae0a3e3ca4a1a0d1a6,505192115fd300c67ce67e2f68ce2ccb1ca5304f01a976e00b540d42a7f282dc,b226b97e0e67288aaaf85726ad855df71cb81406685c57c8e8c40cd8996aa0da,0c7b67d6f0b038d803ac018fe78d827ff85f93da,False,"{""VRP-EVRP-Project-Hub"": {""dirty"": false, ""path"": ""/Users/guoyiyang/Documents/GitHub/FURP-2026-Yiyang-GUO-EVRP-TW/reference/VRP-EVRP-Project-Hub"", ""revision"": ""e3a890065105f978187e532642c4442522215e02""}, ""py-ga-VRPTW"": {""dirty"": false, ""path"": ""/Users/guoyiyang/Documents/GitHub/FURP-2026-Yiyang-GUO-EVRP-TW/reference/py-ga-VRPTW"", ""revision"": ""8e005caaaf6471a4505588d88c7f0f5e0d4ebffa""}}",stage03.0_measurement_attempt05,,preserve;see stage03_legacy_path_map.csv,legacy,legacy_json_or_jsonl,none,legacy,legacy_unknown,,,503,legacy_compatible
stage03.1,screening,stage03.1_screening_attempt04,attempt04,stage03.1_screening_attempt04,stage031_cheap_screening_formal01,formal,rc103C15,2014,"[""c101C5"", ""r105C5"", ""rc105C5"", ""c104C10"", ""r103C10"", ""rc102C10"", ""c106C15"", ""r105C15"", ""rc103C15"", ""c101_21"", ""r101_21"", ""rc101_21""]","[2014, 2015, 2016]",solution,verified_legacy,results/stage03.1_screening_attempt04/rc103C15/2014/stage03.1_screening_attempt04_solution_rc103C15_2014.json,results/stage031-cheap-screening_formal01/solutions/rc103C15-alns_stage02_constraint_guided-2014.json,feasible,,pass,READY_FOR_STAGE03_2,READY_FOR_STAGE03_2,pass,1b369b9cca5b6000a98b12944d2f82bc3272f37a3f4924f746093a488423f83d,raw_manifest,5f2508b8a49aa0d538c56e3bf2c45ad03534e7d9eec3cc935b786488d2655c61,e1840ebd3945bac63a1a1db5e13438dc2d1aad0b75fff316f3a4685d50583551,51cbd950e7a76acae3add1f93d4c5f3b906f1e0ca5b47f46b068ff4f52e43c4a,e0dc7bd9f0431d82d808ecfce29d5384fd06b4dd021a39d0620311d37e92d5a4,b226b97e0e67288aaaf85726ad855df71cb81406685c57c8e8c40cd8996aa0da,0c7b67d6f0b038d803ac018fe78d827ff85f93da,False,"{""VRP-EVRP-Project-Hub"": {""dirty"": false, ""path"": ""/Users/guoyiyang/Documents/GitHub/FURP-2026-Yiyang-GUO-EVRP-TW/reference/VRP-EVRP-Project-Hub"", ""revision"": ""e3a890065105f978187e532642c4442522215e02""}, ""py-ga-VRPTW"": {""dirty"": false, ""path"": ""/Users/guoyiyang/Documents/GitHub/FURP-2026-Yiyang-GUO-EVRP-TW/reference/py-ga-VRPTW"", ""revision"": ""8e005caaaf6471a4505588d88c7f0f5e0d4ebffa""}}",stage03.0_measurement_attempt05,,preserve;see stage03_legacy_path_map.csv,legacy,legacy_json_or_jsonl,none,legacy,legacy_unknown,,,579,legacy_compatible
stage03.1,screening,stage03.1_screening_attempt04,attempt04,stage03.1_screening_attempt04,stage031_cheap_screening_formal01,formal,rc103C15,2015,"[""c101C5"", ""r105C5"", ""rc105C5"", ""c104C10"", ""r103C10"", ""rc102C10"", ""c106C15"", ""r105C15"", ""rc103C15"", ""c101_21"", ""r101_21"", ""rc101_21""]","[2014, 2015, 2016]",solution,verified_legacy,results/stage03.1_screening_attempt04/rc103C15/2015/stage03.1_screening_attempt04_solution_rc103C15_2015.json,results/stage031-cheap-screening_formal01/solutions/rc103C15-alns_stage02_constraint_guided-2015.json,feasible,,pass,READY_FOR_STAGE03_2,READY_FOR_STAGE03_2,pass,7bd7b0be8babb0819fc05010159ccdd0d7d31b03daa52d072305c37a497d779f,raw_manifest,5f2508b8a49aa0d538c56e3bf2c45ad03534e7d9eec3cc935b786488d2655c61,e1840ebd3945bac63a1a1db5e13438dc2d1aad0b75fff316f3a4685d50583551,51cbd950e7a76acae3add1f93d4c5f3b906f1e0ca5b47f46b068ff4f52e43c4a,48bc0fca7be2cef71c575283ba013dcde3e8a2b4ee59076fc655ccb1c8da2db8,b226b97e0e67288aaaf85726ad855df71cb81406685c57c8e8c40cd8996aa0da,0c7b67d6f0b038d803ac018fe78d827ff85f93da,False,"{""VRP-EVRP-Project-Hub"": {""dirty"": false, ""path"": ""/Users/guoyiyang/Documents/GitHub/FURP-2026-Yiyang-GUO-EVRP-TW/reference/VRP-EVRP-Project-Hub"", ""revision"": ""e3a890065105f978187e532642c4442522215e02""}, ""py-ga-VRPTW"": {""dirty"": false, ""path"": ""/Users/guoyiyang/Documents/GitHub/FURP-2026-Yiyang-GUO-EVRP-TW/reference/py-ga-VRPTW"", ""revision"": ""8e005caaaf6471a4505588d88c7f0f5e0d4ebffa""}}",stage03.0_measurement_attempt05,,preserve;see stage03_legacy_path_map.csv,legacy,legacy_json_or_jsonl,none,legacy,legacy_unknown,,,579,legacy_compatible
stage03.1,screening,stage03.1_screening_attempt04,attempt04,stage03.1_screening_attempt04,stage031_cheap_screening_formal01,formal,rc103C15,2016,"[""c101C5"", ""r105C5"", ""rc105C5"", ""c104C10"", ""r103C10"", ""rc102C10"", ""c106C15"", ""r105C15"", ""rc103C15"", ""c101_21"", ""r101_21"", ""rc101_21""]","[2014, 2015, 2016]",solution,verified_legacy,results/stage03.1_screening_attempt04/rc103C15/2016/stage03.1_screening_attempt04_solution_rc103C15_2016.json,results/stage031-cheap-screening_formal01/solutions/rc103C15-alns_stage02_constraint_guided-2016.json,feasible,,pass,READY_FOR_STAGE03_2,READY_FOR_STAGE03_2,pass,b77d321bf8b43605eb7a035b3005b3c647508f17099f836810f128e53f8e41c6,raw_manifest,5f2508b8a49aa0d538c56e3bf2c45ad03534e7d9eec3cc935b786488d2655c61,e1840ebd3945bac63a1a1db5e13438dc2d1aad0b75fff316f3a4685d50583551,51cbd950e7a76acae3add1f93d4c5f3b906f1e0ca5b47f46b068ff4f52e43c4a,30b15f9d0f1f38889bf666fa5cfaa4a2f9088d2930fc82e4a819ae1e7f344113,b226b97e0e67288aaaf85726ad855df71cb81406685c57c8e8c40cd8996aa0da,0c7b67d6f0b038d803ac018fe78d827ff85f93da,False,"{""VRP-EVRP-Project-Hub"": {""dirty"": false, ""path"": ""/Users/guoyiyang/Documents/GitHub/FURP-2026-Yiyang-GUO-EVRP-TW/reference/VRP-EVRP-Project-Hub"", ""revision"": ""e3a890065105f978187e532642c4442522215e02""}, ""py-ga-VRPTW"": {""dirty"": false, ""path"": ""/Users/guoyiyang/Documents/GitHub/FURP-2026-Yiyang-GUO-EVRP-TW/reference/py-ga-VRPTW"", ""revision"": ""8e005caaaf6471a4505588d88c7f0f5e0d4ebffa""}}",stage03.0_measurement_attempt05,,preserve;see stage03_legacy_path_map.csv,legacy,legacy_json_or_jsonl,none,legacy,legacy_unknown,,,579,legacy_compatible
stage03.1,screening,stage03.1_screening_attempt04,attempt04,stage03.1_screening_attempt04,stage031_cheap_screening_formal01,formal,rc105C5,2014,"[""c101C5"", ""r105C5"", ""rc105C5"", ""c104C10"", ""r103C10"", ""rc102C10"", ""c106C15"", ""r105C15"", ""rc103C15"", ""c101_21"", ""r101_21"", ""rc101_21""]","[2014, 2015, 2016]",solution,verified_legacy,results/stage03.1_screening_attempt04/rc105C5/2014/stage03.1_screening_attempt04_solution_rc105C5_2014.json,results/stage031-cheap-screening_formal01/solutions/rc105C5-alns_stage02_constraint_guided-2014.json,feasible,,pass,READY_FOR_STAGE03_2,READY_FOR_STAGE03_2,pass,707124f4dc787ca88f5388fa3b1cdac327b82829474633871b32b34f00b4026e,raw_manifest,5f2508b8a49aa0d538c56e3bf2c45ad03534e7d9eec3cc935b786488d2655c61,e1840ebd3945bac63a1a1db5e13438dc2d1aad0b75fff316f3a4685d50583551,2ccfba6c447fa43a994934690acb67c7355ca04d232394907ed6938bc362c643,782a95b68b0fe31e5bda7909e5c04561f68632a01b5eb3eb842d8ab31d44b8ff,b226b97e0e67288aaaf85726ad855df71cb81406685c57c8e8c40cd8996aa0da,0c7b67d6f0b038d803ac018fe78d827ff85f93da,False,"{""VRP-EVRP-Project-Hub"": {""dirty"": false, ""path"": ""/Users/guoyiyang/Documents/GitHub/FURP-2026-Yiyang-GUO-EVRP-TW/reference/VRP-EVRP-Project-Hub"", ""revision"": ""e3a890065105f978187e532642c4442522215e02""}, ""py-ga-VRPTW"": {""dirty"": false, ""path"": ""/Users/guoyiyang/Documents/GitHub/FURP-2026-Yiyang-GUO-EVRP-TW/reference/py-ga-VRPTW"", ""revision"": ""8e005caaaf6471a4505588d88c7f0f5e0d4ebffa""}}",stage03.0_measurement_attempt05,,preserve;see stage03_legacy_path_map.csv,legacy,legacy_json_or_jsonl,none,legacy,legacy_unknown,,,364,legacy_compatible
stage03.1,screening,stage03.1_screening_attempt04,attempt04,stage03.1_screening_attempt04,stage031_cheap_screening_formal01,formal,rc105C5,2015,"[""c101C5"", ""r105C5"", ""rc105C5"", ""c104C10"", ""r103C10"", ""rc102C10"", ""c106C15"", ""r105C15"", ""rc103C15"", ""c101_21"", ""r101_21"", ""rc101_21""]","[2014, 2015, 2016]",solution,verified_legacy,results/stage03.1_screening_attempt04/rc105C5/2015/stage03.1_screening_attempt04_solution_rc105C5_2015.json,results/stage031-cheap-screening_formal01/solutions/rc105C5-alns_stage02_constraint_guided-2015.json,feasible,,pass,READY_FOR_STAGE03_2,READY_FOR_STAGE03_2,pass,39653ab2e3da8a9d3aa50c89421d36a09ff96d491401b99036322816394b5b54,raw_manifest,5f2508b8a49aa0d538c56e3bf2c45ad03534e7d9eec3cc935b786488d2655c61,e1840ebd3945bac63a1a1db5e13438dc2d1aad0b75fff316f3a4685d50583551,2ccfba6c447fa43a994934690acb67c7355ca04d232394907ed6938bc362c643,87e54e7cd642270a13c9544ccd2a732ca06453b81b58639a95d67ed8625d1e85,b226b97e0e67288aaaf85726ad855df71cb81406685c57c8e8c40cd8996aa0da,0c7b67d6f0b038d803ac018fe78d827ff85f93da,False,"{""VRP-EVRP-Project-Hub"": {""dirty"": false, ""path"": ""/Users/guoyiyang/Documents/GitHub/FURP-2026-Yiyang-GUO-EVRP-TW/reference/VRP-EVRP-Project-Hub"", ""revision"": ""e3a890065105f978187e532642c4442522215e02""}, ""py-ga-VRPTW"": {""dirty"": false, ""path"": ""/Users/guoyiyang/Documents/GitHub/FURP-2026-Yiyang-GUO-EVRP-TW/reference/py-ga-VRPTW"", ""revision"": ""8e005caaaf6471a4505588d88c7f0f5e0d4ebffa""}}",stage03.0_measurement_attempt05,,preserve;see stage03_legacy_path_map.csv,legacy,legacy_json_or_jsonl,none,legacy,legacy_unknown,,,364,legacy_compatible
stage03.1,screening,stage03.1_screening_attempt04,attempt04,stage03.1_screening_attempt04,stage031_cheap_screening_formal01,formal,rc105C5,2016,"[""c101C5"", ""r105C5"", ""rc105C5"", ""c104C10"", ""r103C10"", ""rc102C10"", ""c106C15"", ""r105C15"", ""rc103C15"", ""c101_21"", ""r101_21"", ""rc101_21""]","[2014, 2015, 2016]",solution,verified_legacy,results/stage03.1_screening_attempt04/rc105C5/2016/stage03.1_screening_attempt04_solution_rc105C5_2016.json,results/stage031-cheap-screening_formal01/solutions/rc105C5-alns_stage02_constraint_guided-2016.json,feasible,,pass,READY_FOR_STAGE03_2,READY_FOR_STAGE03_2,pass,07b1f3b11b045328517d98b2d0c40fa8775d963d24888b70296134d8c64c58e6,raw_manifest,5f2508b8a49aa0d538c56e3bf2c45ad03534e7d9eec3cc935b786488d2655c61,e1840ebd3945bac63a1a1db5e13438dc2d1aad0b75fff316f3a4685d50583551,2ccfba6c447fa43a994934690acb67c7355ca04d232394907ed6938bc362c643,260009558f27e91906ee61dd8d01599c7025ae9d1f091464b320550c83942b86,b226b97e0e67288aaaf85726ad855df71cb81406685c57c8e8c40cd8996aa0da,0c7b67d6f0b038d803ac018fe78d827ff85f93da,False,"{""VRP-EVRP-Project-Hub"": {""dirty"": false, ""path"": ""/Users/guoyiyang/Documents/GitHub/FURP-2026-Yiyang-GUO-EVRP-TW/reference/VRP-EVRP-Project-Hub"", ""revision"": ""e3a890065105f978187e532642c4442522215e02""}, ""py-ga-VRPTW"": {""dirty"": false, ""path"": ""/Users/guoyiyang/Documents/GitHub/FURP-2026-Yiyang-GUO-EVRP-TW/reference/py-ga-VRPTW"", ""revision"": ""8e005caaaf6471a4505588d88c7f0f5e0d4ebffa""}}",stage03.0_measurement_attempt05,,preserve;see stage03_legacy_path_map.csv,legacy,legacy_json_or_jsonl,none,legacy,legacy_unknown,,,364,legacy_compatible
stage03.1,screening,stage03.1_screening_attempt04,attempt04,stage03.1_screening_attempt04,stage031_cheap_screening_formal01,formal,c101C5,2014,"[""c101C5"", ""r105C5"", ""rc105C5"", ""c104C10"", ""r103C10"", ""rc102C10"", ""c106C15"", ""r105C15"", ""rc103C15"", ""c101_21"", ""r101_21"", ""rc101_21""]","[2014, 2015, 2016]",trace,verified_legacy,results/stage03.1_screening_attempt04/c101C5/2014/stage03.1_screening_attempt04_trace_c101C5_2014.json,results/stage031-cheap-screening_formal01/traces/c101C5-alns_stage02_constraint_guided-2014.json,feasible,,pass,READY_FOR_STAGE03_2,READY_FOR_STAGE03_2,pass,a29fe3dd6d8c8a21528f3dea8420819ea41f3f13c61c78f4a69942b50dc76b03,raw_manifest,5f2508b8a49aa0d538c56e3bf2c45ad03534e7d9eec3cc935b786488d2655c61,e1840ebd3945bac63a1a1db5e13438dc2d1aad0b75fff316f3a4685d50583551,8612d6d9aad051776097a5e50c7408f39352b8107b0639d58e5eda713f9ff876,da044124afa7514bbc2885e349a65dafc16fc3d038cd3acd791200fb5c6567cf,b226b97e0e67288aaaf85726ad855df71cb81406685c57c8e8c40cd8996aa0da,0c7b67d6f0b038d803ac018fe78d827ff85f93da,False,"{""VRP-EVRP-Project-Hub"": {""dirty"": false, ""path"": ""/Users/guoyiyang/Documents/GitHub/FURP-2026-Yiyang-GUO-EVRP-TW/reference/VRP-EVRP-Project-Hub"", ""revision"": ""e3a890065105f978187e532642c4442522215e02""}, ""py-ga-VRPTW"": {""dirty"": false, ""path"": ""/Users/guoyiyang/Documents/GitHub/FURP-2026-Yiyang-GUO-EVRP-TW/reference/py-ga-VRPTW"", ""revision"": ""8e005caaaf6471a4505588d88c7f0f5e0d4ebffa""}}",stage03.0_measurement_attempt05,,preserve;see stage03_legacy_path_map.csv,legacy,legacy_json_or_jsonl,none,legacy,legacy_unknown,,,24927901,legacy_compatible
stage03.1,screening,stage03.1_screening_attempt04,attempt04,stage03.1_screening_attempt04,stage031_cheap_screening_formal01,formal,c101C5,2015,"[""c101C5"", ""r105C5"", ""rc105C5"", ""c104C10"", ""r103C10"", ""rc102C10"", ""c106C15"", ""r105C15"", ""rc103C15"", ""c101_21"", ""r101_21"", ""rc101_21""]","[2014, 2015, 2016]",trace,verified_legacy,results/stage03.1_screening_attempt04/c101C5/2015/stage03.1_screening_attempt04_trace_c101C5_2015.json,results/stage031-cheap-screening_formal01/traces/c101C5-alns_stage02_constraint_guided-2015.json,feasible,,pass,READY_FOR_STAGE03_2,READY_FOR_STAGE03_2,pass,6f4af459d01f0b953ee5499d8decae04659e73bc63eff4a63d787f7c04964b61,raw_manifest,5f2508b8a49aa0d538c56e3bf2c45ad03534e7d9eec3cc935b786488d2655c61,e1840ebd3945bac63a1a1db5e13438dc2d1aad0b75fff316f3a4685d50583551,8612d6d9aad051776097a5e50c7408f39352b8107b0639d58e5eda713f9ff876,ac5ace8fa98be286d6be19169954e0828d934cf01e35326d67011fa23f2300cb,b226b97e0e67288aaaf85726ad855df71cb81406685c57c8e8c40cd8996aa0da,0c7b67d6f0b038d803ac018fe78d827ff85f93da,False,"{""VRP-EVRP-Project-Hub"": {""dirty"": false, ""path"": ""/Users/guoyiyang/Documents/GitHub/FURP-2026-Yiyang-GUO-EVRP-TW/reference/VRP-EVRP-Project-Hub"", ""revision"": ""e3a890065105f978187e532642c4442522215e02""}, ""py-ga-VRPTW"": {""dirty"": false, ""path"": ""/Users/guoyiyang/Documents/GitHub/FURP-2026-Yiyang-GUO-EVRP-TW/reference/py-ga-VRPTW"", ""revision"": ""8e005caaaf6471a4505588d88c7f0f5e0d4ebffa""}}",stage03.0_measurement_attempt05,,preserve;see stage03_legacy_path_map.csv,legacy,legacy_json_or_jsonl,none,legacy,legacy_unknown,,,24703509,legacy_compatible
stage03.1,screening,stage03.1_screening_attempt04,attempt04,stage03.1_screening_attempt04,stage031_cheap_screening_formal01,formal,c101C5,2016,"[""c101C5"", ""r105C5"", ""rc105C5"", ""c104C10"", ""r103C10"", ""rc102C10"", ""c106C15"", ""r105C15"", ""rc103C15"", ""c101_21"", ""r101_21"", ""rc101_21""]","[2014, 2015, 2016]",trace,verified_legacy,results/stage03.1_screening_attempt04/c101C5/2016/stage03.1_screening_attempt04_trace_c101C5_2016.json,results/stage031-cheap-screening_formal01/traces/c101C5-alns_stage02_constraint_guided-2016.json,feasible,,pass,READY_FOR_STAGE03_2,READY_FOR_STAGE03_2,pass,724ce3249b94403afe2e6d1b94827d98fdf31bac94de3862e47430f12a6a03c7,raw_manifest,5f2508b8a49aa0d538c56e3bf2c45ad03534e7d9eec3cc935b786488d2655c61,e1840ebd3945bac63a1a1db5e13438dc2d1aad0b75fff316f3a4685d50583551,8612d6d9aad051776097a5e50c7408f39352b8107b0639d58e5eda713f9ff876,3365da4477cf2e4fa32be244a86d1e6e632c486bd8fa5024a6233e7c75ab6dbc,b226b97e0e67288aaaf85726ad855df71cb81406685c57c8e8c40cd8996aa0da,0c7b67d6f0b038d803ac018fe78d827ff85f93da,False,"{""VRP-EVRP-Project-Hub"": {""dirty"": false, ""path"": ""/Users/guoyiyang/Documents/GitHub/FURP-2026-Yiyang-GUO-EVRP-TW/reference/VRP-EVRP-Project-Hub"", ""revision"": ""e3a890065105f978187e532642c4442522215e02""}, ""py-ga-VRPTW"": {""dirty"": false, ""path"": ""/Users/guoyiyang/Documents/GitHub/FURP-2026-Yiyang-GUO-EVRP-TW/reference/py-ga-VRPTW"", ""revision"": ""8e005caaaf6471a4505588d88c7f0f5e0d4ebffa""}}",stage03.0_measurement_attempt05,,preserve;see stage03_legacy_path_map.csv,legacy,legacy_json_or_jsonl,none,legacy,legacy_unknown,,,25003955,legacy_compatible
stage03.1,screening,stage03.1_screening_attempt04,attempt04,stage03.1_screening_attempt04,stage031_cheap_screening_formal01,formal,c101_21,2014,"[""c101C5"", ""r105C5"", ""rc105C5"", ""c104C10"", ""r103C10"", ""rc102C10"", ""c106C15"", ""r105C15"", ""rc103C15"", ""c101_21"", ""r101_21"", ""rc101_21""]","[2014, 2015, 2016]",trace,verified_legacy,results/stage03.1_screening_attempt04/c101_21/2014/stage03.1_screening_attempt04_trace_c101_21_2014.json,results/stage031-cheap-screening_formal01/traces/c101_21-alns_stage02_constraint_guided-2014.json,feasible,,pass,READY_FOR_STAGE03_2,READY_FOR_STAGE03_2,pass,e1a45178891c642f4fc3e2e947adce9d339fd4c389088cec76b08e614292e6b4,raw_manifest,5f2508b8a49aa0d538c56e3bf2c45ad03534e7d9eec3cc935b786488d2655c61,e1840ebd3945bac63a1a1db5e13438dc2d1aad0b75fff316f3a4685d50583551,c5cda6ca63a7d518902cf4b02d98b4aa0f373aaa0658d5c666d1c46d38871cb9,964812081f71eaa2944639f49e974839ff1d1889af08b4667fc226bfba80eb52,b226b97e0e67288aaaf85726ad855df71cb81406685c57c8e8c40cd8996aa0da,0c7b67d6f0b038d803ac018fe78d827ff85f93da,False,"{""VRP-EVRP-Project-Hub"": {""dirty"": false, ""path"": ""/Users/guoyiyang/Documents/GitHub/FURP-2026-Yiyang-GUO-EVRP-TW/reference/VRP-EVRP-Project-Hub"", ""revision"": ""e3a890065105f978187e532642c4442522215e02""}, ""py-ga-VRPTW"": {""dirty"": false, ""path"": ""/Users/guoyiyang/Documents/GitHub/FURP-2026-Yiyang-GUO-EVRP-TW/reference/py-ga-VRPTW"", ""revision"": ""8e005caaaf6471a4505588d88c7f0f5e0d4ebffa""}}",stage03.0_measurement_attempt05,,preserve;see stage03_legacy_path_map.csv,legacy,legacy_json_or_jsonl,none,legacy,legacy_unknown,,,660842543,legacy_compatible
stage03.1,screening,stage03.1_screening_attempt04,attempt04,stage03.1_screening_attempt04,stage031_cheap_screening_formal01,formal,c101_21,2015,"[""c101C5"", ""r105C5"", ""rc105C5"", ""c104C10"", ""r103C10"", ""rc102C10"", ""c106C15"", ""r105C15"", ""rc103C15"", ""c101_21"", ""r101_21"", ""rc101_21""]","[2014, 2015, 2016]",trace,verified_legacy,results/stage03.1_screening_attempt04/c101_21/2015/stage03.1_screening_attempt04_trace_c101_21_2015.json,results/stage031-cheap-screening_formal01/traces/c101_21-alns_stage02_constraint_guided-2015.json,feasible,,pass,READY_FOR_STAGE03_2,READY_FOR_STAGE03_2,pass,6e0822ddc2f864391956e3c89f501ad7cc7d8fe41c0346bdf7ff3f4a36791034,raw_manifest,5f2508b8a49aa0d538c56e3bf2c45ad03534e7d9eec3cc935b786488d2655c61,e1840ebd3945bac63a1a1db5e13438dc2d1aad0b75fff316f3a4685d50583551,c5cda6ca63a7d518902cf4b02d98b4aa0f373aaa0658d5c666d1c46d38871cb9,6491a0af6222a2835b2d8fdea4420243781fd0013d7ddd6756ffa062e5c4a8f6,b226b97e0e67288aaaf85726ad855df71cb81406685c57c8e8c40cd8996aa0da,0c7b67d6f0b038d803ac018fe78d827ff85f93da,False,"{""VRP-EVRP-Project-Hub"": {""dirty"": false, ""path"": ""/Users/guoyiyang/Documents/GitHub/FURP-2026-Yiyang-GUO-EVRP-TW/reference/VRP-EVRP-Project-Hub"", ""revision"": ""e3a890065105f978187e532642c4442522215e02""}, ""py-ga-VRPTW"": {""dirty"": false, ""path"": ""/Users/guoyiyang/Documents/GitHub/FURP-2026-Yiyang-GUO-EVRP-TW/reference/py-ga-VRPTW"", ""revision"": ""8e005caaaf6471a4505588d88c7f0f5e0d4ebffa""}}",stage03.0_measurement_attempt05,,preserve;see stage03_legacy_path_map.csv,legacy,legacy_json_or_jsonl,none,legacy,legacy_unknown,,,776545753,legacy_compatible
stage03.1,screening,stage03.1_screening_attempt04,attempt04,stage03.1_screening_attempt04,stage031_cheap_screening_formal01,formal,c101_21,2016,"[""c101C5"", ""r105C5"", ""rc105C5"", ""c104C10"", ""r103C10"", ""rc102C10"", ""c106C15"", ""r105C15"", ""rc103C15"", ""c101_21"", ""r101_21"", ""rc101_21""]","[2014, 2015, 2016]",trace,verified_legacy,results/stage03.1_screening_attempt04/c101_21/2016/stage03.1_screening_attempt04_trace_c101_21_2016.json,results/stage031-cheap-screening_formal01/traces/c101_21-alns_stage02_constraint_guided-2016.json,feasible,,pass,READY_FOR_STAGE03_2,READY_FOR_STAGE03_2,pass,31d705135dc06fdf53fa7f8b5e044a1b67d0bc7f3ada9b4399c5a7d2063a0478,raw_manifest,5f2508b8a49aa0d538c56e3bf2c45ad03534e7d9eec3cc935b786488d2655c61,e1840ebd3945bac63a1a1db5e13438dc2d1aad0b75fff316f3a4685d50583551,c5cda6ca63a7d518902cf4b02d98b4aa0f373aaa0658d5c666d1c46d38871cb9,ea055ae71569c1a17249d87cbad6c3d77936573e4248c8ebfca6848ce9ddd358,b226b97e0e67288aaaf85726ad855df71cb81406685c57c8e8c40cd8996aa0da,0c7b67d6f0b038d803ac018fe78d827ff85f93da,False,"{""VRP-EVRP-Project-Hub"": {""dirty"": false, ""path"": ""/Users/guoyiyang/Documents/GitHub/FURP-2026-Yiyang-GUO-EVRP-TW/reference/VRP-EVRP-Project-Hub"", ""revision"": ""e3a890065105f978187e532642c4442522215e02""}, ""py-ga-VRPTW"": {""dirty"": false, ""path"": ""/Users/guoyiyang/Documents/GitHub/FURP-2026-Yiyang-GUO-EVRP-TW/reference/py-ga-VRPTW"", ""revision"": ""8e005caaaf6471a4505588d88c7f0f5e0d4ebffa""}}",stage03.0_measurement_attempt05,,preserve;see stage03_legacy_path_map.csv,legacy,legacy_json_or_jsonl,none,legacy,legacy_unknown,,,633528514,legacy_compatible
stage03.1,screening,stage03.1_screening_attempt04,attempt04,stage03.1_screening_attempt04,stage031_cheap_screening_formal01,formal,c104C10,2014,"[""c101C5"", ""r105C5"", ""rc105C5"", ""c104C10"", ""r103C10"", ""rc102C10"", ""c106C15"", ""r105C15"", ""rc103C15"", ""c101_21"", ""r101_21"", ""rc101_21""]","[2014, 2015, 2016]",trace,verified_legacy,results/stage03.1_screening_attempt04/c104C10/2014/stage03.1_screening_attempt04_trace_c104C10_2014.json,results/stage031-cheap-screening_formal01/traces/c104C10-alns_stage02_constraint_guided-2014.json,feasible,,pass,READY_FOR_STAGE03_2,READY_FOR_STAGE03_2,pass,554eccea8c4d2511d48f96152eedf510da897f9b38459ab65415eeb4c100d284,raw_manifest,5f2508b8a49aa0d538c56e3bf2c45ad03534e7d9eec3cc935b786488d2655c61,e1840ebd3945bac63a1a1db5e13438dc2d1aad0b75fff316f3a4685d50583551,f7816af706c1cf32dacaee45c710ff93ce53c9b56d17df657044e61e63d2c04b,d7737acb7115d32b8838a183a4922588f37740364e494dcef6098ecb85df253c,b226b97e0e67288aaaf85726ad855df71cb81406685c57c8e8c40cd8996aa0da,0c7b67d6f0b038d803ac018fe78d827ff85f93da,False,"{""VRP-EVRP-Project-Hub"": {""dirty"": false, ""path"": ""/Users/guoyiyang/Documents/GitHub/FURP-2026-Yiyang-GUO-EVRP-TW/reference/VRP-EVRP-Project-Hub"", ""revision"": ""e3a890065105f978187e532642c4442522215e02""}, ""py-ga-VRPTW"": {""dirty"": false, ""path"": ""/Users/guoyiyang/Documents/GitHub/FURP-2026-Yiyang-GUO-EVRP-TW/reference/py-ga-VRPTW"", ""revision"": ""8e005caaaf6471a4505588d88c7f0f5e0d4ebffa""}}",stage03.0_measurement_attempt05,,preserve;see stage03_legacy_path_map.csv,legacy,legacy_json_or_jsonl,none,legacy,legacy_unknown,,,172038566,legacy_compatible
stage03.1,screening,stage03.1_screening_attempt04,attempt04,stage03.1_screening_attempt04,stage031_cheap_screening_formal01,formal,c104C10,2015,"[""c101C5"", ""r105C5"", ""rc105C5"", ""c104C10"", ""r103C10"", ""rc102C10"", ""c106C15"", ""r105C15"", ""rc103C15"", ""c101_21"", ""r101_21"", ""rc101_21""]","[2014, 2015, 2016]",trace,verified_legacy,results/stage03.1_screening_attempt04/c104C10/2015/stage03.1_screening_attempt04_trace_c104C10_2015.json,results/stage031-cheap-screening_formal01/traces/c104C10-alns_stage02_constraint_guided-2015.json,feasible,,pass,READY_FOR_STAGE03_2,READY_FOR_STAGE03_2,pass,bf17c9a3bb43bcc4a282d72254ec82dc91466db42bf256703bdf98c0353b97f1,raw_manifest,5f2508b8a49aa0d538c56e3bf2c45ad03534e7d9eec3cc935b786488d2655c61,e1840ebd3945bac63a1a1db5e13438dc2d1aad0b75fff316f3a4685d50583551,f7816af706c1cf32dacaee45c710ff93ce53c9b56d17df657044e61e63d2c04b,337e5508df8fb365db43f4409b5fe4a08e77c8e22d7e847c07d21f78b14eeb95,b226b97e0e67288aaaf85726ad855df71cb81406685c57c8e8c40cd8996aa0da,0c7b67d6f0b038d803ac018fe78d827ff85f93da,False,"{""VRP-EVRP-Project-Hub"": {""dirty"": false, ""path"": ""/Users/guoyiyang/Documents/GitHub/FURP-2026-Yiyang-GUO-EVRP-TW/reference/VRP-EVRP-Project-Hub"", ""revision"": ""e3a890065105f978187e532642c4442522215e02""}, ""py-ga-VRPTW"": {""dirty"": false, ""path"": ""/Users/guoyiyang/Documents/GitHub/FURP-2026-Yiyang-GUO-EVRP-TW/reference/py-ga-VRPTW"", ""revision"": ""8e005caaaf6471a4505588d88c7f0f5e0d4ebffa""}}",stage03.0_measurement_attempt05,,preserve;see stage03_legacy_path_map.csv,legacy,legacy_json_or_jsonl,none,legacy,legacy_unknown,,,180318907,legacy_compatible
stage03.1,screening,stage03.1_screening_attempt04,attempt04,stage03.1_screening_attempt04,stage031_cheap_screening_formal01,formal,c104C10,2016,"[""c101C5"", ""r105C5"", ""rc105C5"", ""c104C10"", ""r103C10"", ""rc102C10"", ""c106C15"", ""r105C15"", ""rc103C15"", ""c101_21"", ""r101_21"", ""rc101_21""]","[2014, 2015, 2016]",trace,verified_legacy,results/stage03.1_screening_attempt04/c104C10/2016/stage03.1_screening_attempt04_trace_c104C10_2016.json,results/stage031-cheap-screening_formal01/traces/c104C10-alns_stage02_constraint_guided-2016.json,feasible,,pass,READY_FOR_STAGE03_2,READY_FOR_STAGE03_2,pass,c0003c196b31eb6082555785e605d1d077ca5f097b94c52e9858493a785366ec,raw_manifest,5f2508b8a49aa0d538c56e3bf2c45ad03534e7d9eec3cc935b786488d2655c61,e1840ebd3945bac63a1a1db5e13438dc2d1aad0b75fff316f3a4685d50583551,f7816af706c1cf32dacaee45c710ff93ce53c9b56d17df657044e61e63d2c04b,16c0154c9f6dae759583c1072d2d14d533daffe0dc21fb5698a0b764ee5621b3,b226b97e0e67288aaaf85726ad855df71cb81406685c57c8e8c40cd8996aa0da,0c7b67d6f0b038d803ac018fe78d827ff85f93da,False,"{""VRP-EVRP-Project-Hub"": {""dirty"": false, ""path"": ""/Users/guoyiyang/Documents/GitHub/FURP-2026-Yiyang-GUO-EVRP-TW/reference/VRP-EVRP-Project-Hub"", ""revision"": ""e3a890065105f978187e532642c4442522215e02""}, ""py-ga-VRPTW"": {""dirty"": false, ""path"": ""/Users/guoyiyang/Documents/GitHub/FURP-2026-Yiyang-GUO-EVRP-TW/reference/py-ga-VRPTW"", ""revision"": ""8e005caaaf6471a4505588d88c7f0f5e0d4ebffa""}}",stage03.0_measurement_attempt05,,preserve;see stage03_legacy_path_map.csv,legacy,legacy_json_or_jsonl,none,legacy,legacy_unknown,,,174746042,legacy_compatible
stage03.1,screening,stage03.1_screening_attempt04,attempt04,stage03.1_screening_attempt04,stage031_cheap_screening_formal01,formal,c106C15,2014,"[""c101C5"", ""r105C5"", ""rc105C5"", ""c104C10"", ""r103C10"", ""rc102C10"", ""c106C15"", ""r105C15"", ""rc103C15"", ""c101_21"", ""r101_21"", ""rc101_21""]","[2014, 2015, 2016]",trace,verified_legacy,results/stage03.1_screening_attempt04/c106C15/2014/stage03.1_screening_attempt04_trace_c106C15_2014.json,results/stage031-cheap-screening_formal01/traces/c106C15-alns_stage02_constraint_guided-2014.json,feasible,,pass,READY_FOR_STAGE03_2,READY_FOR_STAGE03_2,pass,e0a0b840e187f63e80e50dd2853659a291c45ed719f51b3abfbc2990cf94c573,raw_manifest,5f2508b8a49aa0d538c56e3bf2c45ad03534e7d9eec3cc935b786488d2655c61,e1840ebd3945bac63a1a1db5e13438dc2d1aad0b75fff316f3a4685d50583551,eba58a458a9fd13ae8fd404df8db1d04e49271326316256ee060468048881a86,571e536f7f6028d032f946d9a3e945abe00b7c52eec0a87880917d3d272b097a,b226b97e0e67288aaaf85726ad855df71cb81406685c57c8e8c40cd8996aa0da,0c7b67d6f0b038d803ac018fe78d827ff85f93da,False,"{""VRP-EVRP-Project-Hub"": {""dirty"": false, ""path"": ""/Users/guoyiyang/Documents/GitHub/FURP-2026-Yiyang-GUO-EVRP-TW/reference/VRP-EVRP-Project-Hub"", ""revision"": ""e3a890065105f978187e532642c4442522215e02""}, ""py-ga-VRPTW"": {""dirty"": false, ""path"": ""/Users/guoyiyang/Documents/GitHub/FURP-2026-Yiyang-GUO-EVRP-TW/reference/py-ga-VRPTW"", ""revision"": ""8e005caaaf6471a4505588d88c7f0f5e0d4ebffa""}}",stage03.0_measurement_attempt05,,preserve;see stage03_legacy_path_map.csv,legacy,legacy_json_or_jsonl,none,legacy,legacy_unknown,,,320463263,legacy_compatible
stage03.1,screening,stage03.1_screening_attempt04,attempt04,stage03.1_screening_attempt04,stage031_cheap_screening_formal01,formal,c106C15,2015,"[""c101C5"", ""r105C5"", ""rc105C5"", ""c104C10"", ""r103C10"", ""rc102C10"", ""c106C15"", ""r105C15"", ""rc103C15"", ""c101_21"", ""r101_21"", ""rc101_21""]","[2014, 2015, 2016]",trace,verified_legacy,results/stage03.1_screening_attempt04/c106C15/2015/stage03.1_screening_attempt04_trace_c106C15_2015.json,results/stage031-cheap-screening_formal01/traces/c106C15-alns_stage02_constraint_guided-2015.json,feasible,,pass,READY_FOR_STAGE03_2,READY_FOR_STAGE03_2,pass,ead5cee2f4cd20f71238d31760362a51e7290555de651943546d9653766240cf,raw_manifest,5f2508b8a49aa0d538c56e3bf2c45ad03534e7d9eec3cc935b786488d2655c61,e1840ebd3945bac63a1a1db5e13438dc2d1aad0b75fff316f3a4685d50583551,eba58a458a9fd13ae8fd404df8db1d04e49271326316256ee060468048881a86,fe1207d4fbdf509c0e4fedcc4d90b16f45da3635ce3eaddeedbd432f6e026e1e,b226b97e0e67288aaaf85726ad855df71cb81406685c57c8e8c40cd8996aa0da,0c7b67d6f0b038d803ac018fe78d827ff85f93da,False,"{""VRP-EVRP-Project-Hub"": {""dirty"": false, ""path"": ""/Users/guoyiyang/Documents/GitHub/FURP-2026-Yiyang-GUO-EVRP-TW/reference/VRP-EVRP-Project-Hub"", ""revision"": ""e3a890065105f978187e532642c4442522215e02""}, ""py-ga-VRPTW"": {""dirty"": false, ""path"": ""/Users/guoyiyang/Documents/GitHub/FURP-2026-Yiyang-GUO-EVRP-TW/reference/py-ga-VRPTW"", ""revision"": ""8e005caaaf6471a4505588d88c7f0f5e0d4ebffa""}}",stage03.0_measurement_attempt05,,preserve;see stage03_legacy_path_map.csv,legacy,legacy_json_or_jsonl,none,legacy,legacy_unknown,,,308589629,legacy_compatible
stage03.1,screening,stage03.1_screening_attempt04,attempt04,stage03.1_screening_attempt04,stage031_cheap_screening_formal01,formal,c106C15,2016,"[""c101C5"", ""r105C5"", ""rc105C5"", ""c104C10"", ""r103C10"", ""rc102C10"", ""c106C15"", ""r105C15"", ""rc103C15"", ""c101_21"", ""r101_21"", ""rc101_21""]","[2014, 2015, 2016]",trace,verified_legacy,results/stage03.1_screening_attempt04/c106C15/2016/stage03.1_screening_attempt04_trace_c106C15_2016.json,results/stage031-cheap-screening_formal01/traces/c106C15-alns_stage02_constraint_guided-2016.json,feasible,,pass,READY_FOR_STAGE03_2,READY_FOR_STAGE03_2,pass,180b4f7fbe74fa5bb95a9011659f22dfe824c6c27607f05de744632479e9deb6,raw_manifest,5f2508b8a49aa0d538c56e3bf2c45ad03534e7d9eec3cc935b786488d2655c61,e1840ebd3945bac63a1a1db5e13438dc2d1aad0b75fff316f3a4685d50583551,eba58a458a9fd13ae8fd404df8db1d04e49271326316256ee060468048881a86,36bdb75053d72005e1d872a5181da41694e427aeead66c5c4cdf40701544bc17,b226b97e0e67288aaaf85726ad855df71cb81406685c57c8e8c40cd8996aa0da,0c7b67d6f0b038d803ac018fe78d827ff85f93da,False,"{""VRP-EVRP-Project-Hub"": {""dirty"": false, ""path"": ""/Users/guoyiyang/Documents/GitHub/FURP-2026-Yiyang-GUO-EVRP-TW/reference/VRP-EVRP-Project-Hub"", ""revision"": ""e3a890065105f978187e532642c4442522215e02""}, ""py-ga-VRPTW"": {""dirty"": false, ""path"": ""/Users/guoyiyang/Documents/GitHub/FURP-2026-Yiyang-GUO-EVRP-TW/reference/py-ga-VRPTW"", ""revision"": ""8e005caaaf6471a4505588d88c7f0f5e0d4ebffa""}}",stage03.0_measurement_attempt05,,preserve;see stage03_legacy_path_map.csv,legacy,legacy_json_or_jsonl,none,legacy,legacy_unknown,,,325199620,legacy_compatible
stage03.1,screening,stage03.1_screening_attempt04,attempt04,stage03.1_screening_attempt04,stage031_cheap_screening_formal01,formal,r101_21,2014,"[""c101C5"", ""r105C5"", ""rc105C5"", ""c104C10"", ""r103C10"", ""rc102C10"", ""c106C15"", ""r105C15"", ""rc103C15"", ""c101_21"", ""r101_21"", ""rc101_21""]","[2014, 2015, 2016]",trace,verified_legacy,results/stage03.1_screening_attempt04/r101_21/2014/stage03.1_screening_attempt04_trace_r101_21_2014.json,results/stage031-cheap-screening_formal01/traces/r101_21-alns_stage02_constraint_guided-2014.json,feasible,,pass,READY_FOR_STAGE03_2,READY_FOR_STAGE03_2,pass,b82a65d2f3bac2213b25752bae76441f15b366f99ee0398c78a776ede7f83dd9,raw_manifest,5f2508b8a49aa0d538c56e3bf2c45ad03534e7d9eec3cc935b786488d2655c61,e1840ebd3945bac63a1a1db5e13438dc2d1aad0b75fff316f3a4685d50583551,0e5a3dffffbd3c516b528ef32ba1a488b817d2f151fc3e8c81023814de1c103a,f7c545565e84a7b0618b32b9a5aee7886d1913f37a476f28159690504dd362a0,b226b97e0e67288aaaf85726ad855df71cb81406685c57c8e8c40cd8996aa0da,0c7b67d6f0b038d803ac018fe78d827ff85f93da,False,"{""VRP-EVRP-Project-Hub"": {""dirty"": false, ""path"": ""/Users/guoyiyang/Documents/GitHub/FURP-2026-Yiyang-GUO-EVRP-TW/reference/VRP-EVRP-Project-Hub"", ""revision"": ""e3a890065105f978187e532642c4442522215e02""}, ""py-ga-VRPTW"": {""dirty"": false, ""path"": ""/Users/guoyiyang/Documents/GitHub/FURP-2026-Yiyang-GUO-EVRP-TW/reference/py-ga-VRPTW"", ""revision"": ""8e005caaaf6471a4505588d88c7f0f5e0d4ebffa""}}",stage03.0_measurement_attempt05,,preserve;see stage03_legacy_path_map.csv,legacy,legacy_json_or_jsonl,none,legacy,legacy_unknown,,,744975913,legacy_compatible
stage03.1,screening,stage03.1_screening_attempt04,attempt04,stage03.1_screening_attempt04,stage031_cheap_screening_formal01,formal,r101_21,2015,"[""c101C5"", ""r105C5"", ""rc105C5"", ""c104C10"", ""r103C10"", ""rc102C10"", ""c106C15"", ""r105C15"", ""rc103C15"", ""c101_21"", ""r101_21"", ""rc101_21""]","[2014, 2015, 2016]",trace,verified_legacy,results/stage03.1_screening_attempt04/r101_21/2015/stage03.1_screening_attempt04_trace_r101_21_2015.json,results/stage031-cheap-screening_formal01/traces/r101_21-alns_stage02_constraint_guided-2015.json,feasible,,pass,READY_FOR_STAGE03_2,READY_FOR_STAGE03_2,pass,b7fdec3f6eae8060dab04f5752754206baeca3dae9445e8971e7237ce9d3c63a,raw_manifest,5f2508b8a49aa0d538c56e3bf2c45ad03534e7d9eec3cc935b786488d2655c61,e1840ebd3945bac63a1a1db5e13438dc2d1aad0b75fff316f3a4685d50583551,0e5a3dffffbd3c516b528ef32ba1a488b817d2f151fc3e8c81023814de1c103a,5250c5c949c05c0a7eaaf430305b54464de9ce019df0d06dd14e915f4c1c9066,b226b97e0e67288aaaf85726ad855df71cb81406685c57c8e8c40cd8996aa0da,0c7b67d6f0b038d803ac018fe78d827ff85f93da,False,"{""VRP-EVRP-Project-Hub"": {""dirty"": false, ""path"": ""/Users/guoyiyang/Documents/GitHub/FURP-2026-Yiyang-GUO-EVRP-TW/reference/VRP-EVRP-Project-Hub"", ""revision"": ""e3a890065105f978187e532642c4442522215e02""}, ""py-ga-VRPTW"": {""dirty"": false, ""path"": ""/Users/guoyiyang/Documents/GitHub/FURP-2026-Yiyang-GUO-EVRP-TW/reference/py-ga-VRPTW"", ""revision"": ""8e005caaaf6471a4505588d88c7f0f5e0d4ebffa""}}",stage03.0_measurement_attempt05,,preserve;see stage03_legacy_path_map.csv,legacy,legacy_json_or_jsonl,none,legacy,legacy_unknown,,,883810367,legacy_compatible
stage03.1,screening,stage03.1_screening_attempt04,attempt04,stage03.1_screening_attempt04,stage031_cheap_screening_formal01,formal,r101_21,2016,"[""c101C5"", ""r105C5"", ""rc105C5"", ""c104C10"", ""r103C10"", ""rc102C10"", ""c106C15"", ""r105C15"", ""rc103C15"", ""c101_21"", ""r101_21"", ""rc101_21""]","[2014, 2015, 2016]",trace,verified_legacy,results/stage03.1_screening_attempt04/r101_21/2016/stage03.1_screening_attempt04_trace_r101_21_2016.json,results/stage031-cheap-screening_formal01/traces/r101_21-alns_stage02_constraint_guided-2016.json,feasible,,pass,READY_FOR_STAGE03_2,READY_FOR_STAGE03_2,pass,f81d758f792a97cf6ae7d1a014805825eabf2c4fa00f28bb4f945f1c5969bd24,raw_manifest,5f2508b8a49aa0d538c56e3bf2c45ad03534e7d9eec3cc935b786488d2655c61,e1840ebd3945bac63a1a1db5e13438dc2d1aad0b75fff316f3a4685d50583551,0e5a3dffffbd3c516b528ef32ba1a488b817d2f151fc3e8c81023814de1c103a,ea2d1535eb8519014c0d172f5398e4481545ae6f02cfca28f6671f0227b76b31,b226b97e0e67288aaaf85726ad855df71cb81406685c57c8e8c40cd8996aa0da,0c7b67d6f0b038d803ac018fe78d827ff85f93da,False,"{""VRP-EVRP-Project-Hub"": {""dirty"": false, ""path"": ""/Users/guoyiyang/Documents/GitHub/FURP-2026-Yiyang-GUO-EVRP-TW/reference/VRP-EVRP-Project-Hub"", ""revision"": ""e3a890065105f978187e532642c4442522215e02""}, ""py-ga-VRPTW"": {""dirty"": false, ""path"": ""/Users/guoyiyang/Documents/GitHub/FURP-2026-Yiyang-GUO-EVRP-TW/reference/py-ga-VRPTW"", ""revision"": ""8e005caaaf6471a4505588d88c7f0f5e0d4ebffa""}}",stage03.0_measurement_attempt05,,preserve;see stage03_legacy_path_map.csv,legacy,legacy_json_or_jsonl,none,legacy,legacy_unknown,,,765050014,legacy_compatible
stage03.1,screening,stage03.1_screening_attempt04,attempt04,stage03.1_screening_attempt04,stage031_cheap_screening_formal01,formal,r103C10,2014,"[""c101C5"", ""r105C5"", ""rc105C5"", ""c104C10"", ""r103C10"", ""rc102C10"", ""c106C15"", ""r105C15"", ""rc103C15"", ""c101_21"", ""r101_21"", ""rc101_21""]","[2014, 2015, 2016]",trace,verified_legacy,results/stage03.1_screening_attempt04/r103C10/2014/stage03.1_screening_attempt04_trace_r103C10_2014.json,results/stage031-cheap-screening_formal01/traces/r103C10-alns_stage02_constraint_guided-2014.json,feasible,,pass,READY_FOR_STAGE03_2,READY_FOR_STAGE03_2,pass,6b481bf707e0fec0a27a2f9afd71ca82e10c84a4d4cb8702cf2cc1b100ca5067,raw_manifest,5f2508b8a49aa0d538c56e3bf2c45ad03534e7d9eec3cc935b786488d2655c61,e1840ebd3945bac63a1a1db5e13438dc2d1aad0b75fff316f3a4685d50583551,00debfb0e1fa34796b1644a045a064f52cb1f35052df9faa485db4b4f5ff512e,6e8526426f5a42ed556b29ee648705af381e1b2af209e1f2cd7a9a0de60f714c,b226b97e0e67288aaaf85726ad855df71cb81406685c57c8e8c40cd8996aa0da,0c7b67d6f0b038d803ac018fe78d827ff85f93da,False,"{""VRP-EVRP-Project-Hub"": {""dirty"": false, ""path"": ""/Users/guoyiyang/Documents/GitHub/FURP-2026-Yiyang-GUO-EVRP-TW/reference/VRP-EVRP-Project-Hub"", ""revision"": ""e3a890065105f978187e532642c4442522215e02""}, ""py-ga-VRPTW"": {""dirty"": false, ""path"": ""/Users/guoyiyang/Documents/GitHub/FURP-2026-Yiyang-GUO-EVRP-TW/reference/py-ga-VRPTW"", ""revision"": ""8e005caaaf6471a4505588d88c7f0f5e0d4ebffa""}}",stage03.0_measurement_attempt05,,preserve;see stage03_legacy_path_map.csv,legacy,legacy_json_or_jsonl,none,legacy,legacy_unknown,,,126825909,legacy_compatible
stage03.1,screening,stage03.1_screening_attempt04,attempt04,stage03.1_screening_attempt04,stage031_cheap_screening_formal01,formal,r103C10,2015,"[""c101C5"", ""r105C5"", ""rc105C5"", ""c104C10"", ""r103C10"", ""rc102C10"", ""c106C15"", ""r105C15"", ""rc103C15"", ""c101_21"", ""r101_21"", ""rc101_21""]","[2014, 2015, 2016]",trace,verified_legacy,results/stage03.1_screening_attempt04/r103C10/2015/stage03.1_screening_attempt04_trace_r103C10_2015.json,results/stage031-cheap-screening_formal01/traces/r103C10-alns_stage02_constraint_guided-2015.json,feasible,,pass,READY_FOR_STAGE03_2,READY_FOR_STAGE03_2,pass,e3fb088c2bd2de33776ee303e7208e3fb348edf0e61bb2a3c479177e8739c927,raw_manifest,5f2508b8a49aa0d538c56e3bf2c45ad03534e7d9eec3cc935b786488d2655c61,e1840ebd3945bac63a1a1db5e13438dc2d1aad0b75fff316f3a4685d50583551,00debfb0e1fa34796b1644a045a064f52cb1f35052df9faa485db4b4f5ff512e,3c7ab9b3e5aefde419b99f8f52667b3264060abb3b5a65b36850d52dedfb4cda,b226b97e0e67288aaaf85726ad855df71cb81406685c57c8e8c40cd8996aa0da,0c7b67d6f0b038d803ac018fe78d827ff85f93da,False,"{""VRP-EVRP-Project-Hub"": {""dirty"": false, ""path"": ""/Users/guoyiyang/Documents/GitHub/FURP-2026-Yiyang-GUO-EVRP-TW/reference/VRP-EVRP-Project-Hub"", ""revision"": ""e3a890065105f978187e532642c4442522215e02""}, ""py-ga-VRPTW"": {""dirty"": false, ""path"": ""/Users/guoyiyang/Documents/GitHub/FURP-2026-Yiyang-GUO-EVRP-TW/reference/py-ga-VRPTW"", ""revision"": ""8e005caaaf6471a4505588d88c7f0f5e0d4ebffa""}}",stage03.0_measurement_attempt05,,preserve;see stage03_legacy_path_map.csv,legacy,legacy_json_or_jsonl,none,legacy,legacy_unknown,,,126842409,legacy_compatible
stage03.1,screening,stage03.1_screening_attempt04,attempt04,stage03.1_screening_attempt04,stage031_cheap_screening_formal01,formal,r103C10,2016,"[""c101C5"", ""r105C5"", ""rc105C5"", ""c104C10"", ""r103C10"", ""rc102C10"", ""c106C15"", ""r105C15"", ""rc103C15"", ""c101_21"", ""r101_21"", ""rc101_21""]","[2014, 2015, 2016]",trace,verified_legacy,results/stage03.1_screening_attempt04/r103C10/2016/stage03.1_screening_attempt04_trace_r103C10_2016.json,results/stage031-cheap-screening_formal01/traces/r103C10-alns_stage02_constraint_guided-2016.json,feasible,,pass,READY_FOR_STAGE03_2,READY_FOR_STAGE03_2,pass,295a77a616a9c7deae3b872e205f91ca0002018b779e6d43bf194067997e2068,raw_manifest,5f2508b8a49aa0d538c56e3bf2c45ad03534e7d9eec3cc935b786488d2655c61,e1840ebd3945bac63a1a1db5e13438dc2d1aad0b75fff316f3a4685d50583551,00debfb0e1fa34796b1644a045a064f52cb1f35052df9faa485db4b4f5ff512e,97b63593d12ab0603557514a8923c35b84c5b976df36c8d454ea682c45ec8dc7,b226b97e0e67288aaaf85726ad855df71cb81406685c57c8e8c40cd8996aa0da,0c7b67d6f0b038d803ac018fe78d827ff85f93da,False,"{""VRP-EVRP-Project-Hub"": {""dirty"": false, ""path"": ""/Users/guoyiyang/Documents/GitHub/FURP-2026-Yiyang-GUO-EVRP-TW/reference/VRP-EVRP-Project-Hub"", ""revision"": ""e3a890065105f978187e532642c4442522215e02""}, ""py-ga-VRPTW"": {""dirty"": false, ""path"": ""/Users/guoyiyang/Documents/GitHub/FURP-2026-Yiyang-GUO-EVRP-TW/reference/py-ga-VRPTW"", ""revision"": ""8e005caaaf6471a4505588d88c7f0f5e0d4ebffa""}}",stage03.0_measurement_attempt05,,preserve;see stage03_legacy_path_map.csv,legacy,legacy_json_or_jsonl,none,legacy,legacy_unknown,,,126298005,legacy_compatible
stage03.1,screening,stage03.1_screening_attempt04,attempt04,stage03.1_screening_attempt04,stage031_cheap_screening_formal01,formal,r105C15,2014,"[""c101C5"", ""r105C5"", ""rc105C5"", ""c104C10"", ""r103C10"", ""rc102C10"", ""c106C15"", ""r105C15"", ""rc103C15"", ""c101_21"", ""r101_21"", ""rc101_21""]","[2014, 2015, 2016]",trace,verified_legacy,results/stage03.1_screening_attempt04/r105C15/2014/stage03.1_screening_attempt04_trace_r105C15_2014.json,results/stage031-cheap-screening_formal01/traces/r105C15-alns_stage02_constraint_guided-2014.json,feasible,,pass,READY_FOR_STAGE03_2,READY_FOR_STAGE03_2,pass,1de1302cc8d10195e1a6e58ba8171c996425ef748a324e56d5f431abda38909b,raw_manifest,5f2508b8a49aa0d538c56e3bf2c45ad03534e7d9eec3cc935b786488d2655c61,e1840ebd3945bac63a1a1db5e13438dc2d1aad0b75fff316f3a4685d50583551,937f3e630e6afef1a148dc223dd1d6ad2d11cfff557803e68a50e981e3ceaa44,64ea60eb6e0dfc94d8534cb69b3d9939724ce6b6f43bd19f5ea4334a6d9b3570,b226b97e0e67288aaaf85726ad855df71cb81406685c57c8e8c40cd8996aa0da,0c7b67d6f0b038d803ac018fe78d827ff85f93da,False,"{""VRP-EVRP-Project-Hub"": {""dirty"": false, ""path"": ""/Users/guoyiyang/Documents/GitHub/FURP-2026-Yiyang-GUO-EVRP-TW/reference/VRP-EVRP-Project-Hub"", ""revision"": ""e3a890065105f978187e532642c4442522215e02""}, ""py-ga-VRPTW"": {""dirty"": false, ""path"": ""/Users/guoyiyang/Documents/GitHub/FURP-2026-Yiyang-GUO-EVRP-TW/reference/py-ga-VRPTW"", ""revision"": ""8e005caaaf6471a4505588d88c7f0f5e0d4ebffa""}}",stage03.0_measurement_attempt05,,preserve;see stage03_legacy_path_map.csv,legacy,legacy_json_or_jsonl,none,legacy,legacy_unknown,,,261429781,legacy_compatible
stage03.1,screening,stage03.1_screening_attempt04,attempt04,stage03.1_screening_attempt04,stage031_cheap_screening_formal01,formal,r105C15,2015,"[""c101C5"", ""r105C5"", ""rc105C5"", ""c104C10"", ""r103C10"", ""rc102C10"", ""c106C15"", ""r105C15"", ""rc103C15"", ""c101_21"", ""r101_21"", ""rc101_21""]","[2014, 2015, 2016]",trace,verified_legacy,results/stage03.1_screening_attempt04/r105C15/2015/stage03.1_screening_attempt04_trace_r105C15_2015.json,results/stage031-cheap-screening_formal01/traces/r105C15-alns_stage02_constraint_guided-2015.json,feasible,,pass,READY_FOR_STAGE03_2,READY_FOR_STAGE03_2,pass,c3e9074623548aac91eadaece95b070f6686e3e1c019cbb681661ed92f26cb92,raw_manifest,5f2508b8a49aa0d538c56e3bf2c45ad03534e7d9eec3cc935b786488d2655c61,e1840ebd3945bac63a1a1db5e13438dc2d1aad0b75fff316f3a4685d50583551,937f3e630e6afef1a148dc223dd1d6ad2d11cfff557803e68a50e981e3ceaa44,9dd4244380d8ebc747b306fa0e6a5e690bcf61ed0f17a981aed10c87bc24f254,b226b97e0e67288aaaf85726ad855df71cb81406685c57c8e8c40cd8996aa0da,0c7b67d6f0b038d803ac018fe78d827ff85f93da,False,"{""VRP-EVRP-Project-Hub"": {""dirty"": false, ""path"": ""/Users/guoyiyang/Documents/GitHub/FURP-2026-Yiyang-GUO-EVRP-TW/reference/VRP-EVRP-Project-Hub"", ""revision"": ""e3a890065105f978187e532642c4442522215e02""}, ""py-ga-VRPTW"": {""dirty"": false, ""path"": ""/Users/guoyiyang/Documents/GitHub/FURP-2026-Yiyang-GUO-EVRP-TW/reference/py-ga-VRPTW"", ""revision"": ""8e005caaaf6471a4505588d88c7f0f5e0d4ebffa""}}",stage03.0_measurement_attempt05,,preserve;see stage03_legacy_path_map.csv,legacy,legacy_json_or_jsonl,none,legacy,legacy_unknown,,,269142384,legacy_compatible
stage03.1,screening,stage03.1_screening_attempt04,attempt04,stage03.1_screening_attempt04,stage031_cheap_screening_formal01,formal,r105C15,2016,"[""c101C5"", ""r105C5"", ""rc105C5"", ""c104C10"", ""r103C10"", ""rc102C10"", ""c106C15"", ""r105C15"", ""rc103C15"", ""c101_21"", ""r101_21"", ""rc101_21""]","[2014, 2015, 2016]",trace,verified_legacy,results/stage03.1_screening_attempt04/r105C15/2016/stage03.1_screening_attempt04_trace_r105C15_2016.json,results/stage031-cheap-screening_formal01/traces/r105C15-alns_stage02_constraint_guided-2016.json,feasible,,pass,READY_FOR_STAGE03_2,READY_FOR_STAGE03_2,pass,330343cf2e53075f1dfbc6aa43cb73c64e23aa346a9d44fcd61770ab16b0079b,raw_manifest,5f2508b8a49aa0d538c56e3bf2c45ad03534e7d9eec3cc935b786488d2655c61,e1840ebd3945bac63a1a1db5e13438dc2d1aad0b75fff316f3a4685d50583551,937f3e630e6afef1a148dc223dd1d6ad2d11cfff557803e68a50e981e3ceaa44,a5097962fee8c43ff987eed16337ef1b13facde67ff469b1e79e85fb5a97663c,b226b97e0e67288aaaf85726ad855df71cb81406685c57c8e8c40cd8996aa0da,0c7b67d6f0b038d803ac018fe78d827ff85f93da,False,"{""VRP-EVRP-Project-Hub"": {""dirty"": false, ""path"": ""/Users/guoyiyang/Documents/GitHub/FURP-2026-Yiyang-GUO-EVRP-TW/reference/VRP-EVRP-Project-Hub"", ""revision"": ""e3a890065105f978187e532642c4442522215e02""}, ""py-ga-VRPTW"": {""dirty"": false, ""path"": ""/Users/guoyiyang/Documents/GitHub/FURP-2026-Yiyang-GUO-EVRP-TW/reference/py-ga-VRPTW"", ""revision"": ""8e005caaaf6471a4505588d88c7f0f5e0d4ebffa""}}",stage03.0_measurement_attempt05,,preserve;see stage03_legacy_path_map.csv,legacy,legacy_json_or_jsonl,none,legacy,legacy_unknown,,,254507526,legacy_compatible
stage03.1,screening,stage03.1_screening_attempt04,attempt04,stage03.1_screening_attempt04,stage031_cheap_screening_formal01,formal,r105C5,2014,"[""c101C5"", ""r105C5"", ""rc105C5"", ""c104C10"", ""r103C10"", ""rc102C10"", ""c106C15"", ""r105C15"", ""rc103C15"", ""c101_21"", ""r101_21"", ""rc101_21""]","[2014, 2015, 2016]",trace,verified_legacy,results/stage03.1_screening_attempt04/r105C5/2014/stage03.1_screening_attempt04_trace_r105C5_2014.json,results/stage031-cheap-screening_formal01/traces/r105C5-alns_stage02_constraint_guided-2014.json,feasible,,pass,READY_FOR_STAGE03_2,READY_FOR_STAGE03_2,pass,c8f82de62231241a061752a0fb1483c5675b6719338278414f0cb0af13a4b871,raw_manifest,5f2508b8a49aa0d538c56e3bf2c45ad03534e7d9eec3cc935b786488d2655c61,e1840ebd3945bac63a1a1db5e13438dc2d1aad0b75fff316f3a4685d50583551,eb27ec04e799ee6d39dee3d66f15128e197811afa8c664295acbdf6444176434,d4c45e00680006924565eba36f515ad3fcfb2c0f73f96e19f3f45b2091e643a9,b226b97e0e67288aaaf85726ad855df71cb81406685c57c8e8c40cd8996aa0da,0c7b67d6f0b038d803ac018fe78d827ff85f93da,False,"{""VRP-EVRP-Project-Hub"": {""dirty"": false, ""path"": ""/Users/guoyiyang/Documents/GitHub/FURP-2026-Yiyang-GUO-EVRP-TW/reference/VRP-EVRP-Project-Hub"", ""revision"": ""e3a890065105f978187e532642c4442522215e02""}, ""py-ga-VRPTW"": {""dirty"": false, ""path"": ""/Users/guoyiyang/Documents/GitHub/FURP-2026-Yiyang-GUO-EVRP-TW/reference/py-ga-VRPTW"", ""revision"": ""8e005caaaf6471a4505588d88c7f0f5e0d4ebffa""}}",stage03.0_measurement_attempt05,,preserve;see stage03_legacy_path_map.csv,legacy,legacy_json_or_jsonl,none,legacy,legacy_unknown,,,28137048,legacy_compatible
stage03.1,screening,stage03.1_screening_attempt04,attempt04,stage03.1_screening_attempt04,stage031_cheap_screening_formal01,formal,r105C5,2015,"[""c101C5"", ""r105C5"", ""rc105C5"", ""c104C10"", ""r103C10"", ""rc102C10"", ""c106C15"", ""r105C15"", ""rc103C15"", ""c101_21"", ""r101_21"", ""rc101_21""]","[2014, 2015, 2016]",trace,verified_legacy,results/stage03.1_screening_attempt04/r105C5/2015/stage03.1_screening_attempt04_trace_r105C5_2015.json,results/stage031-cheap-screening_formal01/traces/r105C5-alns_stage02_constraint_guided-2015.json,feasible,,pass,READY_FOR_STAGE03_2,READY_FOR_STAGE03_2,pass,b76d5283fdacb8e57a6ed5b5c28dea1269e25dcb5a059d462e504d4e984699bb,raw_manifest,5f2508b8a49aa0d538c56e3bf2c45ad03534e7d9eec3cc935b786488d2655c61,e1840ebd3945bac63a1a1db5e13438dc2d1aad0b75fff316f3a4685d50583551,eb27ec04e799ee6d39dee3d66f15128e197811afa8c664295acbdf6444176434,b599f198bde162faa32399cac4b4b7430a5e56be2cd1088a3ebb17159c2a3664,b226b97e0e67288aaaf85726ad855df71cb81406685c57c8e8c40cd8996aa0da,0c7b67d6f0b038d803ac018fe78d827ff85f93da,False,"{""VRP-EVRP-Project-Hub"": {""dirty"": false, ""path"": ""/Users/guoyiyang/Documents/GitHub/FURP-2026-Yiyang-GUO-EVRP-TW/reference/VRP-EVRP-Project-Hub"", ""revision"": ""e3a890065105f978187e532642c4442522215e02""}, ""py-ga-VRPTW"": {""dirty"": false, ""path"": ""/Users/guoyiyang/Documents/GitHub/FURP-2026-Yiyang-GUO-EVRP-TW/reference/py-ga-VRPTW"", ""revision"": ""8e005caaaf6471a4505588d88c7f0f5e0d4ebffa""}}",stage03.0_measurement_attempt05,,preserve;see stage03_legacy_path_map.csv,legacy,legacy_json_or_jsonl,none,legacy,legacy_unknown,,,27975197,legacy_compatible
stage03.1,screening,stage03.1_screening_attempt04,attempt04,stage03.1_screening_attempt04,stage031_cheap_screening_formal01,formal,r105C5,2016,"[""c101C5"", ""r105C5"", ""rc105C5"", ""c104C10"", ""r103C10"", ""rc102C10"", ""c106C15"", ""r105C15"", ""rc103C15"", ""c101_21"", ""r101_21"", ""rc101_21""]","[2014, 2015, 2016]",trace,verified_legacy,results/stage03.1_screening_attempt04/r105C5/2016/stage03.1_screening_attempt04_trace_r105C5_2016.json,results/stage031-cheap-screening_formal01/traces/r105C5-alns_stage02_constraint_guided-2016.json,feasible,,pass,READY_FOR_STAGE03_2,READY_FOR_STAGE03_2,pass,a4f16bca44fca65070559aed83dd199b2a4f35ad1c7383da2f3bf5ec84767a62,raw_manifest,5f2508b8a49aa0d538c56e3bf2c45ad03534e7d9eec3cc935b786488d2655c61,e1840ebd3945bac63a1a1db5e13438dc2d1aad0b75fff316f3a4685d50583551,eb27ec04e799ee6d39dee3d66f15128e197811afa8c664295acbdf6444176434,1cc919e0d9f2bf2127770c6e6b88f0754412a1c6d2f3db57a7ef4d795233deb1,b226b97e0e67288aaaf85726ad855df71cb81406685c57c8e8c40cd8996aa0da,0c7b67d6f0b038d803ac018fe78d827ff85f93da,False,"{""VRP-EVRP-Project-Hub"": {""dirty"": false, ""path"": ""/Users/guoyiyang/Documents/GitHub/FURP-2026-Yiyang-GUO-EVRP-TW/reference/VRP-EVRP-Project-Hub"", ""revision"": ""e3a890065105f978187e532642c4442522215e02""}, ""py-ga-VRPTW"": {""dirty"": false, ""path"": ""/Users/guoyiyang/Documents/GitHub/FURP-2026-Yiyang-GUO-EVRP-TW/reference/py-ga-VRPTW"", ""revision"": ""8e005caaaf6471a4505588d88c7f0f5e0d4ebffa""}}",stage03.0_measurement_attempt05,,preserve;see stage03_legacy_path_map.csv,legacy,legacy_json_or_jsonl,none,legacy,legacy_unknown,,,28523403,legacy_compatible
stage03.1,screening,stage03.1_screening_attempt04,attempt04,stage03.1_screening_attempt04,stage031_cheap_screening_formal01,formal,rc101_21,2014,"[""c101C5"", ""r105C5"", ""rc105C5"", ""c104C10"", ""r103C10"", ""rc102C10"", ""c106C15"", ""r105C15"", ""rc103C15"", ""c101_21"", ""r101_21"", ""rc101_21""]","[2014, 2015, 2016]",trace,verified_legacy,results/stage03.1_screening_attempt04/rc101_21/2014/stage03.1_screening_attempt04_trace_rc101_21_2014.json,results/stage031-cheap-screening_formal01/traces/rc101_21-alns_stage02_constraint_guided-2014.json,feasible,,pass,READY_FOR_STAGE03_2,READY_FOR_STAGE03_2,pass,1ce1a0d9593aae07fcf38e3154d768c89eea0d43d55804b7a12994febaacba81,raw_manifest,5f2508b8a49aa0d538c56e3bf2c45ad03534e7d9eec3cc935b786488d2655c61,e1840ebd3945bac63a1a1db5e13438dc2d1aad0b75fff316f3a4685d50583551,272a3e58d53d4ba9516f01506164cf8a9b98bfeeb8dbd1fd62f6557e4c98e3a1,3ac12332425bdc22ed4b7700e8d5613963a11251b0b39dacfbe03d46b04c4660,b226b97e0e67288aaaf85726ad855df71cb81406685c57c8e8c40cd8996aa0da,0c7b67d6f0b038d803ac018fe78d827ff85f93da,False,"{""VRP-EVRP-Project-Hub"": {""dirty"": false, ""path"": ""/Users/guoyiyang/Documents/GitHub/FURP-2026-Yiyang-GUO-EVRP-TW/reference/VRP-EVRP-Project-Hub"", ""revision"": ""e3a890065105f978187e532642c4442522215e02""}, ""py-ga-VRPTW"": {""dirty"": false, ""path"": ""/Users/guoyiyang/Documents/GitHub/FURP-2026-Yiyang-GUO-EVRP-TW/reference/py-ga-VRPTW"", ""revision"": ""8e005caaaf6471a4505588d88c7f0f5e0d4ebffa""}}",stage03.0_measurement_attempt05,,preserve;see stage03_legacy_path_map.csv,legacy,legacy_json_or_jsonl,none,legacy,legacy_unknown,,,455948351,legacy_compatible
stage03.1,screening,stage03.1_screening_attempt04,attempt04,stage03.1_screening_attempt04,stage031_cheap_screening_formal01,formal,rc101_21,2015,"[""c101C5"", ""r105C5"", ""rc105C5"", ""c104C10"", ""r103C10"", ""rc102C10"", ""c106C15"", ""r105C15"", ""rc103C15"", ""c101_21"", ""r101_21"", ""rc101_21""]","[2014, 2015, 2016]",trace,verified_legacy,results/stage03.1_screening_attempt04/rc101_21/2015/stage03.1_screening_attempt04_trace_rc101_21_2015.json,results/stage031-cheap-screening_formal01/traces/rc101_21-alns_stage02_constraint_guided-2015.json,feasible,,pass,READY_FOR_STAGE03_2,READY_FOR_STAGE03_2,pass,deaa702f29ac9665b41fdb76276e639b565906ac3f6038891c57facb88e8c33e,raw_manifest,5f2508b8a49aa0d538c56e3bf2c45ad03534e7d9eec3cc935b786488d2655c61,e1840ebd3945bac63a1a1db5e13438dc2d1aad0b75fff316f3a4685d50583551,272a3e58d53d4ba9516f01506164cf8a9b98bfeeb8dbd1fd62f6557e4c98e3a1,aa28c1abb93e118b825d224498c4ecbd7435e64eb9e11128ca9316d6df8adc81,b226b97e0e67288aaaf85726ad855df71cb81406685c57c8e8c40cd8996aa0da,0c7b67d6f0b038d803ac018fe78d827ff85f93da,False,"{""VRP-EVRP-Project-Hub"": {""dirty"": false, ""path"": ""/Users/guoyiyang/Documents/GitHub/FURP-2026-Yiyang-GUO-EVRP-TW/reference/VRP-EVRP-Project-Hub"", ""revision"": ""e3a890065105f978187e532642c4442522215e02""}, ""py-ga-VRPTW"": {""dirty"": false, ""path"": ""/Users/guoyiyang/Documents/GitHub/FURP-2026-Yiyang-GUO-EVRP-TW/reference/py-ga-VRPTW"", ""revision"": ""8e005caaaf6471a4505588d88c7f0f5e0d4ebffa""}}",stage03.0_measurement_attempt05,,preserve;see stage03_legacy_path_map.csv,legacy,legacy_json_or_jsonl,none,legacy,legacy_unknown,,,545223496,legacy_compatible
stage03.1,screening,stage03.1_screening_attempt04,attempt04,stage03.1_screening_attempt04,stage031_cheap_screening_formal01,formal,rc101_21,2016,"[""c101C5"", ""r105C5"", ""rc105C5"", ""c104C10"", ""r103C10"", ""rc102C10"", ""c106C15"", ""r105C15"", ""rc103C15"", ""c101_21"", ""r101_21"", ""rc101_21""]","[2014, 2015, 2016]",trace,verified_legacy,results/stage03.1_screening_attempt04/rc101_21/2016/stage03.1_screening_attempt04_trace_rc101_21_2016.json,results/stage031-cheap-screening_formal01/traces/rc101_21-alns_stage02_constraint_guided-2016.json,feasible,,pass,READY_FOR_STAGE03_2,READY_FOR_STAGE03_2,pass,378e35be8fc891687aec24d245d3a08b4482acdc0b0b903bbbd2dfdaa2976c72,raw_manifest,5f2508b8a49aa0d538c56e3bf2c45ad03534e7d9eec3cc935b786488d2655c61,e1840ebd3945bac63a1a1db5e13438dc2d1aad0b75fff316f3a4685d50583551,272a3e58d53d4ba9516f01506164cf8a9b98bfeeb8dbd1fd62f6557e4c98e3a1,a239a332638a8265ee3117d39807e48286e50b2527687f29c8ca6d54e02c756e,b226b97e0e67288aaaf85726ad855df71cb81406685c57c8e8c40cd8996aa0da,0c7b67d6f0b038d803ac018fe78d827ff85f93da,False,"{""VRP-EVRP-Project-Hub"": {""dirty"": false, ""path"": ""/Users/guoyiyang/Documents/GitHub/FURP-2026-Yiyang-GUO-EVRP-TW/reference/VRP-EVRP-Project-Hub"", ""revision"": ""e3a890065105f978187e532642c4442522215e02""}, ""py-ga-VRPTW"": {""dirty"": false, ""path"": ""/Users/guoyiyang/Documents/GitHub/FURP-2026-Yiyang-GUO-EVRP-TW/reference/py-ga-VRPTW"", ""revision"": ""8e005caaaf6471a4505588d88c7f0f5e0d4ebffa""}}",stage03.0_measurement_attempt05,,preserve;see stage03_legacy_path_map.csv,legacy,legacy_json_or_jsonl,none,legacy,legacy_unknown,,,429582779,legacy_compatible
stage03.1,screening,stage03.1_screening_attempt04,attempt04,stage03.1_screening_attempt04,stage031_cheap_screening_formal01,formal,rc102C10,2014,"[""c101C5"", ""r105C5"", ""rc105C5"", ""c104C10"", ""r103C10"", ""rc102C10"", ""c106C15"", ""r105C15"", ""rc103C15"", ""c101_21"", ""r101_21"", ""rc101_21""]","[2014, 2015, 2016]",trace,verified_legacy,results/stage03.1_screening_attempt04/rc102C10/2014/stage03.1_screening_attempt04_trace_rc102C10_2014.json,results/stage031-cheap-screening_formal01/traces/rc102C10-alns_stage02_constraint_guided-2014.json,feasible,,pass,READY_FOR_STAGE03_2,READY_FOR_STAGE03_2,pass,53c74ac3371416747fb7b0e36b99696b2e5bd864bc990a1f9639ca72d1e4df2f,raw_manifest,5f2508b8a49aa0d538c56e3bf2c45ad03534e7d9eec3cc935b786488d2655c61,e1840ebd3945bac63a1a1db5e13438dc2d1aad0b75fff316f3a4685d50583551,b85edffa9a896007203a8f6688731b66fcaeedada2b6deae0a3e3ca4a1a0d1a6,557b0f0c864bcf8054814fc37739ec72eede21eaec94fbf80e5ea14904b8e7c6,b226b97e0e67288aaaf85726ad855df71cb81406685c57c8e8c40cd8996aa0da,0c7b67d6f0b038d803ac018fe78d827ff85f93da,False,"{""VRP-EVRP-Project-Hub"": {""dirty"": false, ""path"": ""/Users/guoyiyang/Documents/GitHub/FURP-2026-Yiyang-GUO-EVRP-TW/reference/VRP-EVRP-Project-Hub"", ""revision"": ""e3a890065105f978187e532642c4442522215e02""}, ""py-ga-VRPTW"": {""dirty"": false, ""path"": ""/Users/guoyiyang/Documents/GitHub/FURP-2026-Yiyang-GUO-EVRP-TW/reference/py-ga-VRPTW"", ""revision"": ""8e005caaaf6471a4505588d88c7f0f5e0d4ebffa""}}",stage03.0_measurement_attempt05,,preserve;see stage03_legacy_path_map.csv,legacy,legacy_json_or_jsonl,none,legacy,legacy_unknown,,,119705357,legacy_compatible
stage03.1,screening,stage03.1_screening_attempt04,attempt04,stage03.1_screening_attempt04,stage031_cheap_screening_formal01,formal,rc102C10,2015,"[""c101C5"", ""r105C5"", ""rc105C5"", ""c104C10"", ""r103C10"", ""rc102C10"", ""c106C15"", ""r105C15"", ""rc103C15"", ""c101_21"", ""r101_21"", ""rc101_21""]","[2014, 2015, 2016]",trace,verified_legacy,results/stage03.1_screening_attempt04/rc102C10/2015/stage03.1_screening_attempt04_trace_rc102C10_2015.json,results/stage031-cheap-screening_formal01/traces/rc102C10-alns_stage02_constraint_guided-2015.json,feasible,,pass,READY_FOR_STAGE03_2,READY_FOR_STAGE03_2,pass,adf524a5d364bda2b5e537e969e601fcde8f9bc9a7b42579b97a348cea0f9028,raw_manifest,5f2508b8a49aa0d538c56e3bf2c45ad03534e7d9eec3cc935b786488d2655c61,e1840ebd3945bac63a1a1db5e13438dc2d1aad0b75fff316f3a4685d50583551,b85edffa9a896007203a8f6688731b66fcaeedada2b6deae0a3e3ca4a1a0d1a6,215e73c152751488092e43e1b59f0f6797aa7319adeada13813212172eebcba4,b226b97e0e67288aaaf85726ad855df71cb81406685c57c8e8c40cd8996aa0da,0c7b67d6f0b038d803ac018fe78d827ff85f93da,False,"{""VRP-EVRP-Project-Hub"": {""dirty"": false, ""path"": ""/Users/guoyiyang/Documents/GitHub/FURP-2026-Yiyang-GUO-EVRP-TW/reference/VRP-EVRP-Project-Hub"", ""revision"": ""e3a890065105f978187e532642c4442522215e02""}, ""py-ga-VRPTW"": {""dirty"": false, ""path"": ""/Users/guoyiyang/Documents/GitHub/FURP-2026-Yiyang-GUO-EVRP-TW/reference/py-ga-VRPTW"", ""revision"": ""8e005caaaf6471a4505588d88c7f0f5e0d4ebffa""}}",stage03.0_measurement_attempt05,,preserve;see stage03_legacy_path_map.csv,legacy,legacy_json_or_jsonl,none,legacy,legacy_unknown,,,120003683,legacy_compatible
stage03.1,screening,stage03.1_screening_attempt04,attempt04,stage03.1_screening_attempt04,stage031_cheap_screening_formal01,formal,rc102C10,2016,"[""c101C5"", ""r105C5"", ""rc105C5"", ""c104C10"", ""r103C10"", ""rc102C10"", ""c106C15"", ""r105C15"", ""rc103C15"", ""c101_21"", ""r101_21"", ""rc101_21""]","[2014, 2015, 2016]",trace,verified_legacy,results/stage03.1_screening_attempt04/rc102C10/2016/stage03.1_screening_attempt04_trace_rc102C10_2016.json,results/stage031-cheap-screening_formal01/traces/rc102C10-alns_stage02_constraint_guided-2016.json,feasible,,pass,READY_FOR_STAGE03_2,READY_FOR_STAGE03_2,pass,19b23ddc2acbf88598f0f46601966b2ac1760a11e25644e5aa726d73d5d11008,raw_manifest,5f2508b8a49aa0d538c56e3bf2c45ad03534e7d9eec3cc935b786488d2655c61,e1840ebd3945bac63a1a1db5e13438dc2d1aad0b75fff316f3a4685d50583551,b85edffa9a896007203a8f6688731b66fcaeedada2b6deae0a3e3ca4a1a0d1a6,505192115fd300c67ce67e2f68ce2ccb1ca5304f01a976e00b540d42a7f282dc,b226b97e0e67288aaaf85726ad855df71cb81406685c57c8e8c40cd8996aa0da,0c7b67d6f0b038d803ac018fe78d827ff85f93da,False,"{""VRP-EVRP-Project-Hub"": {""dirty"": false, ""path"": ""/Users/guoyiyang/Documents/GitHub/FURP-2026-Yiyang-GUO-EVRP-TW/reference/VRP-EVRP-Project-Hub"", ""revision"": ""e3a890065105f978187e532642c4442522215e02""}, ""py-ga-VRPTW"": {""dirty"": false, ""path"": ""/Users/guoyiyang/Documents/GitHub/FURP-2026-Yiyang-GUO-EVRP-TW/reference/py-ga-VRPTW"", ""revision"": ""8e005caaaf6471a4505588d88c7f0f5e0d4ebffa""}}",stage03.0_measurement_attempt05,,preserve;see stage03_legacy_path_map.csv,legacy,legacy_json_or_jsonl,none,legacy,legacy_unknown,,,119926642,legacy_compatible
stage03.1,screening,stage03.1_screening_attempt04,attempt04,stage03.1_screening_attempt04,stage031_cheap_screening_formal01,formal,rc103C15,2014,"[""c101C5"", ""r105C5"", ""rc105C5"", ""c104C10"", ""r103C10"", ""rc102C10"", ""c106C15"", ""r105C15"", ""rc103C15"", ""c101_21"", ""r101_21"", ""rc101_21""]","[2014, 2015, 2016]",trace,verified_legacy,results/stage03.1_screening_attempt04/rc103C15/2014/stage03.1_screening_attempt04_trace_rc103C15_2014.json,results/stage031-cheap-screening_formal01/traces/rc103C15-alns_stage02_constraint_guided-2014.json,feasible,,pass,READY_FOR_STAGE03_2,READY_FOR_STAGE03_2,pass,a7d87be5bb996ec16816387bec7c21fb5950c132731b45b74acb55f69f0e5f62,raw_manifest,5f2508b8a49aa0d538c56e3bf2c45ad03534e7d9eec3cc935b786488d2655c61,e1840ebd3945bac63a1a1db5e13438dc2d1aad0b75fff316f3a4685d50583551,51cbd950e7a76acae3add1f93d4c5f3b906f1e0ca5b47f46b068ff4f52e43c4a,e0dc7bd9f0431d82d808ecfce29d5384fd06b4dd021a39d0620311d37e92d5a4,b226b97e0e67288aaaf85726ad855df71cb81406685c57c8e8c40cd8996aa0da,0c7b67d6f0b038d803ac018fe78d827ff85f93da,False,"{""VRP-EVRP-Project-Hub"": {""dirty"": false, ""path"": ""/Users/guoyiyang/Documents/GitHub/FURP-2026-Yiyang-GUO-EVRP-TW/reference/VRP-EVRP-Project-Hub"", ""revision"": ""e3a890065105f978187e532642c4442522215e02""}, ""py-ga-VRPTW"": {""dirty"": false, ""path"": ""/Users/guoyiyang/Documents/GitHub/FURP-2026-Yiyang-GUO-EVRP-TW/reference/py-ga-VRPTW"", ""revision"": ""8e005caaaf6471a4505588d88c7f0f5e0d4ebffa""}}",stage03.0_measurement_attempt05,,preserve;see stage03_legacy_path_map.csv,legacy,legacy_json_or_jsonl,none,legacy,legacy_unknown,,,311658166,legacy_compatible
stage03.1,screening,stage03.1_screening_attempt04,attempt04,stage03.1_screening_attempt04,stage031_cheap_screening_formal01,formal,rc103C15,2015,"[""c101C5"", ""r105C5"", ""rc105C5"", ""c104C10"", ""r103C10"", ""rc102C10"", ""c106C15"", ""r105C15"", ""rc103C15"", ""c101_21"", ""r101_21"", ""rc101_21""]","[2014, 2015, 2016]",trace,verified_legacy,results/stage03.1_screening_attempt04/rc103C15/2015/stage03.1_screening_attempt04_trace_rc103C15_2015.json,results/stage031-cheap-screening_formal01/traces/rc103C15-alns_stage02_constraint_guided-2015.json,feasible,,pass,READY_FOR_STAGE03_2,READY_FOR_STAGE03_2,pass,2b7534b36c717b1cd0d975bf37b61cf597c790c1c48404cc58b3474176020879,raw_manifest,5f2508b8a49aa0d538c56e3bf2c45ad03534e7d9eec3cc935b786488d2655c61,e1840ebd3945bac63a1a1db5e13438dc2d1aad0b75fff316f3a4685d50583551,51cbd950e7a76acae3add1f93d4c5f3b906f1e0ca5b47f46b068ff4f52e43c4a,48bc0fca7be2cef71c575283ba013dcde3e8a2b4ee59076fc655ccb1c8da2db8,b226b97e0e67288aaaf85726ad855df71cb81406685c57c8e8c40cd8996aa0da,0c7b67d6f0b038d803ac018fe78d827ff85f93da,False,"{""VRP-EVRP-Project-Hub"": {""dirty"": false, ""path"": ""/Users/guoyiyang/Documents/GitHub/FURP-2026-Yiyang-GUO-EVRP-TW/reference/VRP-EVRP-Project-Hub"", ""revision"": ""e3a890065105f978187e532642c4442522215e02""}, ""py-ga-VRPTW"": {""dirty"": false, ""path"": ""/Users/guoyiyang/Documents/GitHub/FURP-2026-Yiyang-GUO-EVRP-TW/reference/py-ga-VRPTW"", ""revision"": ""8e005caaaf6471a4505588d88c7f0f5e0d4ebffa""}}",stage03.0_measurement_attempt05,,preserve;see stage03_legacy_path_map.csv,legacy,legacy_json_or_jsonl,none,legacy,legacy_unknown,,,310834415,legacy_compatible
stage03.1,screening,stage03.1_screening_attempt04,attempt04,stage03.1_screening_attempt04,stage031_cheap_screening_formal01,formal,rc103C15,2016,"[""c101C5"", ""r105C5"", ""rc105C5"", ""c104C10"", ""r103C10"", ""rc102C10"", ""c106C15"", ""r105C15"", ""rc103C15"", ""c101_21"", ""r101_21"", ""rc101_21""]","[2014, 2015, 2016]",trace,verified_legacy,results/stage03.1_screening_attempt04/rc103C15/2016/stage03.1_screening_attempt04_trace_rc103C15_2016.json,results/stage031-cheap-screening_formal01/traces/rc103C15-alns_stage02_constraint_guided-2016.json,feasible,,pass,READY_FOR_STAGE03_2,READY_FOR_STAGE03_2,pass,52c7ff0f282779e1684457ae8836fc20e2ddd2445d3b99db1153c33a34eb1fa5,raw_manifest,5f2508b8a49aa0d538c56e3bf2c45ad03534e7d9eec3cc935b786488d2655c61,e1840ebd3945bac63a1a1db5e13438dc2d1aad0b75fff316f3a4685d50583551,51cbd950e7a76acae3add1f93d4c5f3b906f1e0ca5b47f46b068ff4f52e43c4a,30b15f9d0f1f38889bf666fa5cfaa4a2f9088d2930fc82e4a819ae1e7f344113,b226b97e0e67288aaaf85726ad855df71cb81406685c57c8e8c40cd8996aa0da,0c7b67d6f0b038d803ac018fe78d827ff85f93da,False,"{""VRP-EVRP-Project-Hub"": {""dirty"": false, ""path"": ""/Users/guoyiyang/Documents/GitHub/FURP-2026-Yiyang-GUO-EVRP-TW/reference/VRP-EVRP-Project-Hub"", ""revision"": ""e3a890065105f978187e532642c4442522215e02""}, ""py-ga-VRPTW"": {""dirty"": false, ""path"": ""/Users/guoyiyang/Documents/GitHub/FURP-2026-Yiyang-GUO-EVRP-TW/reference/py-ga-VRPTW"", ""revision"": ""8e005caaaf6471a4505588d88c7f0f5e0d4ebffa""}}",stage03.0_measurement_attempt05,,preserve;see stage03_legacy_path_map.csv,legacy,legacy_json_or_jsonl,none,legacy,legacy_unknown,,,307159889,legacy_compatible
stage03.1,screening,stage03.1_screening_attempt04,attempt04,stage03.1_screening_attempt04,stage031_cheap_screening_formal01,formal,rc105C5,2014,"[""c101C5"", ""r105C5"", ""rc105C5"", ""c104C10"", ""r103C10"", ""rc102C10"", ""c106C15"", ""r105C15"", ""rc103C15"", ""c101_21"", ""r101_21"", ""rc101_21""]","[2014, 2015, 2016]",trace,verified_legacy,results/stage03.1_screening_attempt04/rc105C5/2014/stage03.1_screening_attempt04_trace_rc105C5_2014.json,results/stage031-cheap-screening_formal01/traces/rc105C5-alns_stage02_constraint_guided-2014.json,feasible,,pass,READY_FOR_STAGE03_2,READY_FOR_STAGE03_2,pass,15c0a657e3a1432801a8fa71a7dc587d34270e5354b01e9a18de49e214324227,raw_manifest,5f2508b8a49aa0d538c56e3bf2c45ad03534e7d9eec3cc935b786488d2655c61,e1840ebd3945bac63a1a1db5e13438dc2d1aad0b75fff316f3a4685d50583551,2ccfba6c447fa43a994934690acb67c7355ca04d232394907ed6938bc362c643,782a95b68b0fe31e5bda7909e5c04561f68632a01b5eb3eb842d8ab31d44b8ff,b226b97e0e67288aaaf85726ad855df71cb81406685c57c8e8c40cd8996aa0da,0c7b67d6f0b038d803ac018fe78d827ff85f93da,False,"{""VRP-EVRP-Project-Hub"": {""dirty"": false, ""path"": ""/Users/guoyiyang/Documents/GitHub/FURP-2026-Yiyang-GUO-EVRP-TW/reference/VRP-EVRP-Project-Hub"", ""revision"": ""e3a890065105f978187e532642c4442522215e02""}, ""py-ga-VRPTW"": {""dirty"": false, ""path"": ""/Users/guoyiyang/Documents/GitHub/FURP-2026-Yiyang-GUO-EVRP-TW/reference/py-ga-VRPTW"", ""revision"": ""8e005caaaf6471a4505588d88c7f0f5e0d4ebffa""}}",stage03.0_measurement_attempt05,,preserve;see stage03_legacy_path_map.csv,legacy,legacy_json_or_jsonl,none,legacy,legacy_unknown,,,26492006,legacy_compatible
stage03.1,screening,stage03.1_screening_attempt04,attempt04,stage03.1_screening_attempt04,stage031_cheap_screening_formal01,formal,rc105C5,2015,"[""c101C5"", ""r105C5"", ""rc105C5"", ""c104C10"", ""r103C10"", ""rc102C10"", ""c106C15"", ""r105C15"", ""rc103C15"", ""c101_21"", ""r101_21"", ""rc101_21""]","[2014, 2015, 2016]",trace,verified_legacy,results/stage03.1_screening_attempt04/rc105C5/2015/stage03.1_screening_attempt04_trace_rc105C5_2015.json,results/stage031-cheap-screening_formal01/traces/rc105C5-alns_stage02_constraint_guided-2015.json,feasible,,pass,READY_FOR_STAGE03_2,READY_FOR_STAGE03_2,pass,45bfd1907fca5169666c94ff10afbff429d1ce868e9dd3b20319077d0db34d7a,raw_manifest,5f2508b8a49aa0d538c56e3bf2c45ad03534e7d9eec3cc935b786488d2655c61,e1840ebd3945bac63a1a1db5e13438dc2d1aad0b75fff316f3a4685d50583551,2ccfba6c447fa43a994934690acb67c7355ca04d232394907ed6938bc362c643,87e54e7cd642270a13c9544ccd2a732ca06453b81b58639a95d67ed8625d1e85,b226b97e0e67288aaaf85726ad855df71cb81406685c57c8e8c40cd8996aa0da,0c7b67d6f0b038d803ac018fe78d827ff85f93da,False,"{""VRP-EVRP-Project-Hub"": {""dirty"": false, ""path"": ""/Users/guoyiyang/Documents/GitHub/FURP-2026-Yiyang-GUO-EVRP-TW/reference/VRP-EVRP-Project-Hub"", ""revision"": ""e3a890065105f978187e532642c4442522215e02""}, ""py-ga-VRPTW"": {""dirty"": false, ""path"": ""/Users/guoyiyang/Documents/GitHub/FURP-2026-Yiyang-GUO-EVRP-TW/reference/py-ga-VRPTW"", ""revision"": ""8e005caaaf6471a4505588d88c7f0f5e0d4ebffa""}}",stage03.0_measurement_attempt05,,preserve;see stage03_legacy_path_map.csv,legacy,legacy_json_or_jsonl,none,legacy,legacy_unknown,,,26487078,legacy_compatible
stage03.1,screening,stage03.1_screening_attempt04,attempt04,stage03.1_screening_attempt04,stage031_cheap_screening_formal01,formal,rc105C5,2016,"[""c101C5"", ""r105C5"", ""rc105C5"", ""c104C10"", ""r103C10"", ""rc102C10"", ""c106C15"", ""r105C15"", ""rc103C15"", ""c101_21"", ""r101_21"", ""rc101_21""]","[2014, 2015, 2016]",trace,verified_legacy,results/stage03.1_screening_attempt04/rc105C5/2016/stage03.1_screening_attempt04_trace_rc105C5_2016.json,results/stage031-cheap-screening_formal01/traces/rc105C5-alns_stage02_constraint_guided-2016.json,feasible,,pass,READY_FOR_STAGE03_2,READY_FOR_STAGE03_2,pass,5475da586bc5a3458f4fbfa882fb6e48d47091d7902f8ffa7ebcf50867940775,raw_manifest,5f2508b8a49aa0d538c56e3bf2c45ad03534e7d9eec3cc935b786488d2655c61,e1840ebd3945bac63a1a1db5e13438dc2d1aad0b75fff316f3a4685d50583551,2ccfba6c447fa43a994934690acb67c7355ca04d232394907ed6938bc362c643,260009558f27e91906ee61dd8d01599c7025ae9d1f091464b320550c83942b86,b226b97e0e67288aaaf85726ad855df71cb81406685c57c8e8c40cd8996aa0da,0c7b67d6f0b038d803ac018fe78d827ff85f93da,False,"{""VRP-EVRP-Project-Hub"": {""dirty"": false, ""path"": ""/Users/guoyiyang/Documents/GitHub/FURP-2026-Yiyang-GUO-EVRP-TW/reference/VRP-EVRP-Project-Hub"", ""revision"": ""e3a890065105f978187e532642c4442522215e02""}, ""py-ga-VRPTW"": {""dirty"": false, ""path"": ""/Users/guoyiyang/Documents/GitHub/FURP-2026-Yiyang-GUO-EVRP-TW/reference/py-ga-VRPTW"", ""revision"": ""8e005caaaf6471a4505588d88c7f0f5e0d4ebffa""}}",stage03.0_measurement_attempt05,,preserve;see stage03_legacy_path_map.csv,legacy,legacy_json_or_jsonl,none,legacy,legacy_unknown,,,26513820,legacy_compatible
stage03.1,screening,stage03.1_screening_attempt04,attempt04,stage03.1_screening_attempt04,stage031_cheap_screening_formal01,formal,__all__,__all__,"[""c101C5"", ""r105C5"", ""rc105C5"", ""c104C10"", ""r103C10"", ""rc102C10"", ""c106C15"", ""r105C15"", ""rc103C15"", ""c101_21"", ""r101_21"", ""rc101_21""]","[2014, 2015, 2016]",baseline_comparison,published_after_review,experiments/summaries/stage03.1_screening_attempt04_baseline_comparison.csv,experiments/summaries/stage031_cheap_screening_formal01_baseline_comparison.csv,feasible,,pass,READY_FOR_STAGE03_2,READY_FOR_STAGE03_2,pass,debca28449d7dff24a0b480f8d0676c4705e0ffeb9f1a9f7acc6c26b3947d64d,tracked_summary,5f2508b8a49aa0d538c56e3bf2c45ad03534e7d9eec3cc935b786488d2655c61,e1840ebd3945bac63a1a1db5e13438dc2d1aad0b75fff316f3a4685d50583551,,,b226b97e0e67288aaaf85726ad855df71cb81406685c57c8e8c40cd8996aa0da,0c7b67d6f0b038d803ac018fe78d827ff85f93da,False,"{""VRP-EVRP-Project-Hub"": {""dirty"": false, ""path"": ""/Users/guoyiyang/Documents/GitHub/FURP-2026-Yiyang-GUO-EVRP-TW/reference/VRP-EVRP-Project-Hub"", ""revision"": ""e3a890065105f978187e532642c4442522215e02""}, ""py-ga-VRPTW"": {""dirty"": false, ""path"": ""/Users/guoyiyang/Documents/GitHub/FURP-2026-Yiyang-GUO-EVRP-TW/reference/py-ga-VRPTW"", ""revision"": ""8e005caaaf6471a4505588d88c7f0f5e0d4ebffa""}}",stage03.0_measurement_attempt05,,preserve;canonical summary name is registry-only,legacy,csv_summary,none,diagnostic,complete,,36,8317,legacy_compatible
stage03.1,screening,stage03.1_screening_attempt04,attempt04,stage03.1_screening_attempt04,stage031_cheap_screening_formal01,formal,__all__,__all__,"[""c101C5"", ""r105C5"", ""rc105C5"", ""c104C10"", ""r103C10"", ""rc102C10"", ""c106C15"", ""r105C15"", ""rc103C15"", ""c101_21"", ""r101_21"", ""rc101_21""]","[2014, 2015, 2016]",deadline_report,published_after_review,experiments/summaries/stage03.1_screening_attempt04_deadline_report.csv,experiments/summaries/stage031_cheap_screening_formal01_deadline_report.csv,feasible,,pass,READY_FOR_STAGE03_2,READY_FOR_STAGE03_2,pass,a27a1656f531670386491ce1165ece408b604c61dc62d83bbe4436e484679aad,tracked_summary,5f2508b8a49aa0d538c56e3bf2c45ad03534e7d9eec3cc935b786488d2655c61,e1840ebd3945bac63a1a1db5e13438dc2d1aad0b75fff316f3a4685d50583551,,,b226b97e0e67288aaaf85726ad855df71cb81406685c57c8e8c40cd8996aa0da,0c7b67d6f0b038d803ac018fe78d827ff85f93da,False,"{""VRP-EVRP-Project-Hub"": {""dirty"": false, ""path"": ""/Users/guoyiyang/Documents/GitHub/FURP-2026-Yiyang-GUO-EVRP-TW/reference/VRP-EVRP-Project-Hub"", ""revision"": ""e3a890065105f978187e532642c4442522215e02""}, ""py-ga-VRPTW"": {""dirty"": false, ""path"": ""/Users/guoyiyang/Documents/GitHub/FURP-2026-Yiyang-GUO-EVRP-TW/reference/py-ga-VRPTW"", ""revision"": ""8e005caaaf6471a4505588d88c7f0f5e0d4ebffa""}}",stage03.0_measurement_attempt05,,preserve;canonical summary name is registry-only,legacy,csv_summary,none,diagnostic,complete,,36,3431,legacy_compatible
stage03.1,screening,stage03.1_screening_attempt04,attempt04,stage03.1_screening_attempt04,stage031_cheap_screening_formal01,formal,__all__,__all__,"[""c101C5"", ""r105C5"", ""rc105C5"", ""c104C10"", ""r103C10"", ""rc102C10"", ""c106C15"", ""r105C15"", ""rc103C15"", ""c101_21"", ""r101_21"", ""rc101_21""]","[2014, 2015, 2016]",per_run_results,published_after_review,experiments/summaries/stage03.1_screening_attempt04_per_run_results.csv,experiments/summaries/stage031_cheap_screening_formal01_per_run_results.csv,feasible,,pass,READY_FOR_STAGE03_2,READY_FOR_STAGE03_2,pass,c8a1327923d043b2c3fee82987f4867d8808e51c2926307aa35dece7699363e9,tracked_summary,5f2508b8a49aa0d538c56e3bf2c45ad03534e7d9eec3cc935b786488d2655c61,e1840ebd3945bac63a1a1db5e13438dc2d1aad0b75fff316f3a4685d50583551,,,b226b97e0e67288aaaf85726ad855df71cb81406685c57c8e8c40cd8996aa0da,0c7b67d6f0b038d803ac018fe78d827ff85f93da,False,"{""VRP-EVRP-Project-Hub"": {""dirty"": false, ""path"": ""/Users/guoyiyang/Documents/GitHub/FURP-2026-Yiyang-GUO-EVRP-TW/reference/VRP-EVRP-Project-Hub"", ""revision"": ""e3a890065105f978187e532642c4442522215e02""}, ""py-ga-VRPTW"": {""dirty"": false, ""path"": ""/Users/guoyiyang/Documents/GitHub/FURP-2026-Yiyang-GUO-EVRP-TW/reference/py-ga-VRPTW"", ""revision"": ""8e005caaaf6471a4505588d88c7f0f5e0d4ebffa""}}",stage03.0_measurement_attempt05,,preserve;canonical summary name is registry-only,legacy,csv_summary,none,diagnostic,complete,,36,49517,legacy_compatible
stage03.1,screening,stage03.1_screening_attempt04,attempt04,stage03.1_screening_attempt04,stage031_cheap_screening_formal01,formal,__all__,__all__,"[""c101C5"", ""r105C5"", ""rc105C5"", ""c104C10"", ""r103C10"", ""rc102C10"", ""c106C15"", ""r105C15"", ""rc103C15"", ""c101_21"", ""r101_21"", ""rc101_21""]","[2014, 2015, 2016]",review_findings,published_after_review,experiments/summaries/stage03.1_screening_attempt04_review_findings.csv,experiments/summaries/stage031_cheap_screening_formal01_review_findings.csv,feasible,,pass,READY_FOR_STAGE03_2,READY_FOR_STAGE03_2,pass,5d41623ee047801a15b0a9e4f86d92da6bd0c17748f6503e428c0ae64c716fc8,tracked_summary,5f2508b8a49aa0d538c56e3bf2c45ad03534e7d9eec3cc935b786488d2655c61,e1840ebd3945bac63a1a1db5e13438dc2d1aad0b75fff316f3a4685d50583551,,,b226b97e0e67288aaaf85726ad855df71cb81406685c57c8e8c40cd8996aa0da,0c7b67d6f0b038d803ac018fe78d827ff85f93da,False,"{""VRP-EVRP-Project-Hub"": {""dirty"": false, ""path"": ""/Users/guoyiyang/Documents/GitHub/FURP-2026-Yiyang-GUO-EVRP-TW/reference/VRP-EVRP-Project-Hub"", ""revision"": ""e3a890065105f978187e532642c4442522215e02""}, ""py-ga-VRPTW"": {""dirty"": false, ""path"": ""/Users/guoyiyang/Documents/GitHub/FURP-2026-Yiyang-GUO-EVRP-TW/reference/py-ga-VRPTW"", ""revision"": ""8e005caaaf6471a4505588d88c7f0f5e0d4ebffa""}}",stage03.0_measurement_attempt05,,preserve;canonical summary name is registry-only,legacy,csv_summary,none,diagnostic,complete,,13,61934,legacy_compatible
stage03.1,screening,stage03.1_screening_attempt04,attempt04,stage03.1_screening_attempt04,stage031_cheap_screening_formal01,formal,__all__,__all__,"[""c101C5"", ""r105C5"", ""rc105C5"", ""c104C10"", ""r103C10"", ""rc102C10"", ""c106C15"", ""r105C15"", ""rc103C15"", ""c101_21"", ""r101_21"", ""rc101_21""]","[2014, 2015, 2016]",manifest,published_after_review,experiments/summaries/stage03.1_screening_attempt04_manifest.json,experiments/summaries/stage031_cheap_screening_formal01_review_manifest.json,feasible,,pass,READY_FOR_STAGE03_2,READY_FOR_STAGE03_2,pass,c0f8ad0817393dd5ac9c5b5b7d95f3d19c3fc87a5d0b76bef24f41b94f779fdb,tracked_summary,5f2508b8a49aa0d538c56e3bf2c45ad03534e7d9eec3cc935b786488d2655c61,e1840ebd3945bac63a1a1db5e13438dc2d1aad0b75fff316f3a4685d50583551,,,b226b97e0e67288aaaf85726ad855df71cb81406685c57c8e8c40cd8996aa0da,0c7b67d6f0b038d803ac018fe78d827ff85f93da,False,"{""VRP-EVRP-Project-Hub"": {""dirty"": false, ""path"": ""/Users/guoyiyang/Documents/GitHub/FURP-2026-Yiyang-GUO-EVRP-TW/reference/VRP-EVRP-Project-Hub"", ""revision"": ""e3a890065105f978187e532642c4442522215e02""}, ""py-ga-VRPTW"": {""dirty"": false, ""path"": ""/Users/guoyiyang/Documents/GitHub/FURP-2026-Yiyang-GUO-EVRP-TW/reference/py-ga-VRPTW"", ""revision"": ""8e005caaaf6471a4505588d88c7f0f5e0d4ebffa""}}",stage03.0_measurement_attempt05,,preserve;canonical summary name is registry-only,legacy,csv_summary,none,diagnostic,complete,,20,1410,legacy_compatible
stage03.1,screening,stage03.1_screening_attempt04,attempt04,stage03.1_screening_attempt04,stage031_cheap_screening_formal01,formal,__all__,__all__,"[""c101C5"", ""r105C5"", ""rc105C5"", ""c104C10"", ""r103C10"", ""rc102C10"", ""c106C15"", ""r105C15"", ""rc103C15"", ""c101_21"", ""r101_21"", ""rc101_21""]","[2014, 2015, 2016]",review_report,published_after_review,experiments/summaries/stage03.1_screening_attempt04_review_report.md,experiments/summaries/stage031_cheap_screening_formal01_review_report.md,feasible,,pass,READY_FOR_STAGE03_2,READY_FOR_STAGE03_2,pass,814fc574fb19fc78c77d34400ad97b37c07f4416844d8c831671630f661b3d0b,tracked_summary,5f2508b8a49aa0d538c56e3bf2c45ad03534e7d9eec3cc935b786488d2655c61,e1840ebd3945bac63a1a1db5e13438dc2d1aad0b75fff316f3a4685d50583551,,,b226b97e0e67288aaaf85726ad855df71cb81406685c57c8e8c40cd8996aa0da,0c7b67d6f0b038d803ac018fe78d827ff85f93da,False,"{""VRP-EVRP-Project-Hub"": {""dirty"": false, ""path"": ""/Users/guoyiyang/Documents/GitHub/FURP-2026-Yiyang-GUO-EVRP-TW/reference/VRP-EVRP-Project-Hub"", ""revision"": ""e3a890065105f978187e532642c4442522215e02""}, ""py-ga-VRPTW"": {""dirty"": false, ""path"": ""/Users/guoyiyang/Documents/GitHub/FURP-2026-Yiyang-GUO-EVRP-TW/reference/py-ga-VRPTW"", ""revision"": ""8e005caaaf6471a4505588d88c7f0f5e0d4ebffa""}}",stage03.0_measurement_attempt05,,preserve;canonical summary name is registry-only,legacy,csv_summary,none,diagnostic,complete,,26,57726,legacy_compatible
stage03.1,screening,stage03.1_screening_attempt04,attempt04,stage03.1_screening_attempt04,stage031_cheap_screening_formal01,formal,__all__,__all__,"[""c101C5"", ""r105C5"", ""rc105C5"", ""c104C10"", ""r103C10"", ""rc102C10"", ""c106C15"", ""r105C15"", ""rc103C15"", ""c101_21"", ""r101_21"", ""rc101_21""]","[2014, 2015, 2016]",screening_reason_statistics,published_after_review,experiments/summaries/stage03.1_screening_attempt04_screening_reason_statistics.csv,experiments/summaries/stage031_cheap_screening_formal01_screening_reason_statistics.csv,feasible,,pass,READY_FOR_STAGE03_2,READY_FOR_STAGE03_2,pass,156beebe094b1c4a689e4569090cfd5d885c6dbf1c28f93db15ad342c33a6399,tracked_summary,5f2508b8a49aa0d538c56e3bf2c45ad03534e7d9eec3cc935b786488d2655c61,e1840ebd3945bac63a1a1db5e13438dc2d1aad0b75fff316f3a4685d50583551,,,b226b97e0e67288aaaf85726ad855df71cb81406685c57c8e8c40cd8996aa0da,0c7b67d6f0b038d803ac018fe78d827ff85f93da,False,"{""VRP-EVRP-Project-Hub"": {""dirty"": false, ""path"": ""/Users/guoyiyang/Documents/GitHub/FURP-2026-Yiyang-GUO-EVRP-TW/reference/VRP-EVRP-Project-Hub"", ""revision"": ""e3a890065105f978187e532642c4442522215e02""}, ""py-ga-VRPTW"": {""dirty"": false, ""path"": ""/Users/guoyiyang/Documents/GitHub/FURP-2026-Yiyang-GUO-EVRP-TW/reference/py-ga-VRPTW"", ""revision"": ""8e005caaaf6471a4505588d88c7f0f5e0d4ebffa""}}",stage03.0_measurement_attempt05,,preserve;canonical summary name is registry-only,legacy,csv_summary,none,diagnostic,complete,,81,6125,legacy_compatible
stage03.1,screening,stage03.1_screening_attempt04,attempt04,stage03.1_screening_attempt04,stage031_cheap_screening_formal01,formal,__all__,__all__,"[""c101C5"", ""r105C5"", ""rc105C5"", ""c104C10"", ""r103C10"", ""rc102C10"", ""c106C15"", ""r105C15"", ""rc103C15"", ""c101_21"", ""r101_21"", ""rc101_21""]","[2014, 2015, 2016]",stage03_formal_comparison,published_after_review,experiments/summaries/stage03.1_screening_attempt04_stage03_formal_comparison.csv,experiments/summaries/stage031_cheap_screening_formal01_stage03_formal_comparison.csv,feasible,,pass,READY_FOR_STAGE03_2,READY_FOR_STAGE03_2,pass,4b23887dc8802812aca883c68114264df5b19fea2bb482f4f6e4c5cccab0f938,tracked_summary,5f2508b8a49aa0d538c56e3bf2c45ad03534e7d9eec3cc935b786488d2655c61,e1840ebd3945bac63a1a1db5e13438dc2d1aad0b75fff316f3a4685d50583551,,,b226b97e0e67288aaaf85726ad855df71cb81406685c57c8e8c40cd8996aa0da,0c7b67d6f0b038d803ac018fe78d827ff85f93da,False,"{""VRP-EVRP-Project-Hub"": {""dirty"": false, ""path"": ""/Users/guoyiyang/Documents/GitHub/FURP-2026-Yiyang-GUO-EVRP-TW/reference/VRP-EVRP-Project-Hub"", ""revision"": ""e3a890065105f978187e532642c4442522215e02""}, ""py-ga-VRPTW"": {""dirty"": false, ""path"": ""/Users/guoyiyang/Documents/GitHub/FURP-2026-Yiyang-GUO-EVRP-TW/reference/py-ga-VRPTW"", ""revision"": ""8e005caaaf6471a4505588d88c7f0f5e0d4ebffa""}}",stage03.0_measurement_attempt05,,preserve;canonical summary name is registry-only,legacy,csv_summary,none,diagnostic,complete,,36,8012,legacy_compatible
stage03.1,screening,stage03.1_screening_attempt04,attempt04,stage03.1_screening_attempt04,stage031_cheap_screening_formal01,formal,__all__,__all__,"[""c101C5"", ""r105C5"", ""rc105C5"", ""c104C10"", ""r103C10"", ""rc102C10"", ""c106C15"", ""r105C15"", ""rc103C15"", ""c101_21"", ""r101_21"", ""rc101_21""]","[2014, 2015, 2016]",stage03_readiness,published_after_review,experiments/summaries/stage03.1_screening_attempt04_stage03_readiness.csv,experiments/summaries/stage031_cheap_screening_formal01_stage03_readiness.csv,feasible,,pass,READY_FOR_STAGE03_2,READY_FOR_STAGE03_2,pass,be6e1d03ef65aceba854dca6f3bda313d64d3a70781a7d82dc495ee59f5abce3,tracked_summary,5f2508b8a49aa0d538c56e3bf2c45ad03534e7d9eec3cc935b786488d2655c61,e1840ebd3945bac63a1a1db5e13438dc2d1aad0b75fff316f3a4685d50583551,,,b226b97e0e67288aaaf85726ad855df71cb81406685c57c8e8c40cd8996aa0da,0c7b67d6f0b038d803ac018fe78d827ff85f93da,False,"{""VRP-EVRP-Project-Hub"": {""dirty"": false, ""path"": ""/Users/guoyiyang/Documents/GitHub/FURP-2026-Yiyang-GUO-EVRP-TW/reference/VRP-EVRP-Project-Hub"", ""revision"": ""e3a890065105f978187e532642c4442522215e02""}, ""py-ga-VRPTW"": {""dirty"": false, ""path"": ""/Users/guoyiyang/Documents/GitHub/FURP-2026-Yiyang-GUO-EVRP-TW/reference/py-ga-VRPTW"", ""revision"": ""8e005caaaf6471a4505588d88c7f0f5e0d4ebffa""}}",stage03.0_measurement_attempt05,,preserve;canonical summary name is registry-only,legacy,csv_summary,none,diagnostic,complete,,14,61658,legacy_compatible
stage03.1,screening,stage03.1_screening_attempt04,attempt04,stage03.1_screening_attempt04,stage031_cheap_screening_formal01,formal,__all__,__all__,"[""c101C5"", ""r105C5"", ""rc105C5"", ""c104C10"", ""r103C10"", ""rc102C10"", ""c106C15"", ""r105C15"", ""rc103C15"", ""c101_21"", ""r101_21"", ""rc101_21""]","[2014, 2015, 2016]",summary_results,published_after_review,experiments/summaries/stage03.1_screening_attempt04_summary_results.csv,experiments/summaries/stage031_cheap_screening_formal01_summary_results.csv,feasible,,pass,READY_FOR_STAGE03_2,READY_FOR_STAGE03_2,pass,377ce571c3a851f972adbb7e104e56ed467343ddd05cba32ca41036b6fd414d6,tracked_summary,5f2508b8a49aa0d538c56e3bf2c45ad03534e7d9eec3cc935b786488d2655c61,e1840ebd3945bac63a1a1db5e13438dc2d1aad0b75fff316f3a4685d50583551,,,b226b97e0e67288aaaf85726ad855df71cb81406685c57c8e8c40cd8996aa0da,0c7b67d6f0b038d803ac018fe78d827ff85f93da,False,"{""VRP-EVRP-Project-Hub"": {""dirty"": false, ""path"": ""/Users/guoyiyang/Documents/GitHub/FURP-2026-Yiyang-GUO-EVRP-TW/reference/VRP-EVRP-Project-Hub"", ""revision"": ""e3a890065105f978187e532642c4442522215e02""}, ""py-ga-VRPTW"": {""dirty"": false, ""path"": ""/Users/guoyiyang/Documents/GitHub/FURP-2026-Yiyang-GUO-EVRP-TW/reference/py-ga-VRPTW"", ""revision"": ""8e005caaaf6471a4505588d88c7f0f5e0d4ebffa""}}",stage03.0_measurement_attempt05,,preserve;canonical summary name is registry-only,legacy,csv_summary,none,diagnostic,complete,,12,3490,legacy_compatible
stage03.1,screening,stage03.1_screening_attempt04,attempt04,stage03.1_screening_attempt04,stage031_cheap_screening_formal01,formal,__all__,__all__,"[""c101C5"", ""r105C5"", ""rc105C5"", ""c104C10"", ""r103C10"", ""rc102C10"", ""c106C15"", ""r105C15"", ""rc103C15"", ""c101_21"", ""r101_21"", ""rc101_21""]","[2014, 2015, 2016]",trace_reconciliation,published_after_review,experiments/summaries/stage03.1_screening_attempt04_trace_reconciliation.csv,experiments/summaries/stage031_cheap_screening_formal01_trace_reconciliation.csv,feasible,,pass,READY_FOR_STAGE03_2,READY_FOR_STAGE03_2,pass,926ef13e535981e2730f3d2ec5057fa376c76ff7baba26305633eba53d4b6a29,tracked_summary,5f2508b8a49aa0d538c56e3bf2c45ad03534e7d9eec3cc935b786488d2655c61,e1840ebd3945bac63a1a1db5e13438dc2d1aad0b75fff316f3a4685d50583551,,,b226b97e0e67288aaaf85726ad855df71cb81406685c57c8e8c40cd8996aa0da,0c7b67d6f0b038d803ac018fe78d827ff85f93da,False,"{""VRP-EVRP-Project-Hub"": {""dirty"": false, ""path"": ""/Users/guoyiyang/Documents/GitHub/FURP-2026-Yiyang-GUO-EVRP-TW/reference/VRP-EVRP-Project-Hub"", ""revision"": ""e3a890065105f978187e532642c4442522215e02""}, ""py-ga-VRPTW"": {""dirty"": false, ""path"": ""/Users/guoyiyang/Documents/GitHub/FURP-2026-Yiyang-GUO-EVRP-TW/reference/py-ga-VRPTW"", ""revision"": ""8e005caaaf6471a4505588d88c7f0f5e0d4ebffa""}}",stage03.0_measurement_attempt05,,preserve;canonical summary name is registry-only,legacy,csv_summary,none,diagnostic,complete,,36,30864,legacy_compatible
