stage_id,component,run_label,attempt_or_rerun,canonical_run_label,legacy_run_label,scope,instance,seed,instance_scope,seed_scope,artifact_type,artifact_status,canonical_path,legacy_path,run_status,failure_reason,validator_status,raw_review_status,trusted_review_status,raw_to_summary_status,checksum,checksum_source,source_hash,configuration_hash,instance_hash,environment_hash,stage00_manifest_hash,repository_revision,repository_dirty,reference_repositories,comparison_baseline,supersedes,legacy_path_mapping
stage03.0,measurement,stage03.0_measurement_attempt01,attempt01,stage03.0_measurement_attempt01,stage03_measurement_smoke01,smoke,__all__,__all__,"[""c101C5"", ""r105C5"", ""rc105C5"", ""c101_21"", ""r101_21"", ""rc101_21""]","[2014, 2015, 2016]",environment,legacy_with_manifest_error,results/stage03.0_measurement_attempt01/control/stage03.0_measurement_attempt01_environment.json,results/stage03-measurement_smoke01/environment.json,feasible,raw manifest or sidecar is missing,not_verified,NOT_READY_FOR_STAGE03_FORMAL_MEASUREMENT,not_applicable,not_published,885ea1acbd622e83a20bc160411bf09c552a10b8969ac3bff853043be7469d37,computed,86c735f003164a6b75868a4abd6fe42ce178c188b4a34fb149e2813790401496,50ed2d642f7e5ab1c495f9d43526dbc7ced2cb6e3521d8207719409066db928a,,,b226b97e0e67288aaaf85726ad855df71cb81406685c57c8e8c40cd8996aa0da,c331dbe8de7d85e72e6d4cfc7dd135b2f3451e07,False,"{""VRP-EVRP-Project-Hub"": {""dirty"": false, ""path"": ""/Users/guoyiyang/Documents/GitHub/FURP-2026-Yiyang-GUO-EVRP-TW/reference/VRP-EVRP-Project-Hub"", ""revision"": ""e3a890065105f978187e532642c4442522215e02""}, ""py-ga-VRPTW"": {""dirty"": false, ""path"": ""/Users/guoyiyang/Documents/GitHub/FURP-2026-Yiyang-GUO-EVRP-TW/reference/py-ga-VRPTW"", ""revision"": ""8e005caaaf6471a4505588d88c7f0f5e0d4ebffa""}}",stage02.3_constraint_guided_attempt16 + stage02.3_constraint_guided_rerun09,,preserve;see stage03_legacy_path_map.csv
stage03.0,measurement,stage03.0_measurement_attempt01,attempt01,stage03.0_measurement_attempt01,stage03_measurement_smoke01,smoke,c101C5,2014,"[""c101C5"", ""r105C5"", ""rc105C5"", ""c101_21"", ""r101_21"", ""rc101_21""]","[2014, 2015, 2016]",environment,legacy_with_manifest_error,results/stage03.0_measurement_attempt01/c101C5/2014/stage03.0_measurement_attempt01_environment_c101C5_2014.json,results/stage03-measurement_smoke01/environments/c101C5-alns_stage02_constraint_guided-2014.json,feasible,raw manifest or sidecar is missing,not_verified,NOT_READY_FOR_STAGE03_FORMAL_MEASUREMENT,not_applicable,not_published,8a814e8a6b1c2c4c9f99cd552f9831c4435dcb4b99a4faf2d6ca274468683e82,computed,86c735f003164a6b75868a4abd6fe42ce178c188b4a34fb149e2813790401496,50ed2d642f7e5ab1c495f9d43526dbc7ced2cb6e3521d8207719409066db928a,8612d6d9aad051776097a5e50c7408f39352b8107b0639d58e5eda713f9ff876,29761e9c85996dfe52bf9d1abfcf7a6ced698184bb6656c516c4d48784a6d88a,b226b97e0e67288aaaf85726ad855df71cb81406685c57c8e8c40cd8996aa0da,c331dbe8de7d85e72e6d4cfc7dd135b2f3451e07,False,"{""VRP-EVRP-Project-Hub"": {""dirty"": false, ""path"": ""/Users/guoyiyang/Documents/GitHub/FURP-2026-Yiyang-GUO-EVRP-TW/reference/VRP-EVRP-Project-Hub"", ""revision"": ""e3a890065105f978187e532642c4442522215e02""}, ""py-ga-VRPTW"": {""dirty"": false, ""path"": ""/Users/guoyiyang/Documents/GitHub/FURP-2026-Yiyang-GUO-EVRP-TW/reference/py-ga-VRPTW"", ""revision"": ""8e005caaaf6471a4505588d88c7f0f5e0d4ebffa""}}",stage02.3_constraint_guided_attempt16 + stage02.3_constraint_guided_rerun09,,preserve;see stage03_legacy_path_map.csv
stage03.0,measurement,stage03.0_measurement_attempt01,attempt01,stage03.0_measurement_attempt01,stage03_measurement_smoke01,smoke,c101C5,2015,"[""c101C5"", ""r105C5"", ""rc105C5"", ""c101_21"", ""r101_21"", ""rc101_21""]","[2014, 2015, 2016]",environment,legacy_with_manifest_error,results/stage03.0_measurement_attempt01/c101C5/2015/stage03.0_measurement_attempt01_environment_c101C5_2015.json,results/stage03-measurement_smoke01/environments/c101C5-alns_stage02_constraint_guided-2015.json,feasible,raw manifest or sidecar is missing,not_verified,NOT_READY_FOR_STAGE03_FORMAL_MEASUREMENT,not_applicable,not_published,2245158599f0ebc229ebcf545fc08dbb6e6b59e3c73a1143272b92f56cc2dca9,computed,86c735f003164a6b75868a4abd6fe42ce178c188b4a34fb149e2813790401496,50ed2d642f7e5ab1c495f9d43526dbc7ced2cb6e3521d8207719409066db928a,8612d6d9aad051776097a5e50c7408f39352b8107b0639d58e5eda713f9ff876,dc9ace6d61a7c395e1f0fb1b303af1302de0b6596d8fedd5659fccbd8d250ffa,b226b97e0e67288aaaf85726ad855df71cb81406685c57c8e8c40cd8996aa0da,c331dbe8de7d85e72e6d4cfc7dd135b2f3451e07,False,"{""VRP-EVRP-Project-Hub"": {""dirty"": false, ""path"": ""/Users/guoyiyang/Documents/GitHub/FURP-2026-Yiyang-GUO-EVRP-TW/reference/VRP-EVRP-Project-Hub"", ""revision"": ""e3a890065105f978187e532642c4442522215e02""}, ""py-ga-VRPTW"": {""dirty"": false, ""path"": ""/Users/guoyiyang/Documents/GitHub/FURP-2026-Yiyang-GUO-EVRP-TW/reference/py-ga-VRPTW"", ""revision"": ""8e005caaaf6471a4505588d88c7f0f5e0d4ebffa""}}",stage02.3_constraint_guided_attempt16 + stage02.3_constraint_guided_rerun09,,preserve;see stage03_legacy_path_map.csv
stage03.0,measurement,stage03.0_measurement_attempt01,attempt01,stage03.0_measurement_attempt01,stage03_measurement_smoke01,smoke,c101C5,2016,"[""c101C5"", ""r105C5"", ""rc105C5"", ""c101_21"", ""r101_21"", ""rc101_21""]","[2014, 2015, 2016]",environment,legacy_with_manifest_error,results/stage03.0_measurement_attempt01/c101C5/2016/stage03.0_measurement_attempt01_environment_c101C5_2016.json,results/stage03-measurement_smoke01/environments/c101C5-alns_stage02_constraint_guided-2016.json,feasible,raw manifest or sidecar is missing,not_verified,NOT_READY_FOR_STAGE03_FORMAL_MEASUREMENT,not_applicable,not_published,c3975c3499eac97fcceee05118a58ad9c666f89884311d07df0be212c8cf7fa1,computed,86c735f003164a6b75868a4abd6fe42ce178c188b4a34fb149e2813790401496,50ed2d642f7e5ab1c495f9d43526dbc7ced2cb6e3521d8207719409066db928a,8612d6d9aad051776097a5e50c7408f39352b8107b0639d58e5eda713f9ff876,bea4c69838d7fb779759434ad2dc24e7a8e3c93bb43751b32bad5b3650350cfd,b226b97e0e67288aaaf85726ad855df71cb81406685c57c8e8c40cd8996aa0da,c331dbe8de7d85e72e6d4cfc7dd135b2f3451e07,False,"{""VRP-EVRP-Project-Hub"": {""dirty"": false, ""path"": ""/Users/guoyiyang/Documents/GitHub/FURP-2026-Yiyang-GUO-EVRP-TW/reference/VRP-EVRP-Project-Hub"", ""revision"": ""e3a890065105f978187e532642c4442522215e02""}, ""py-ga-VRPTW"": {""dirty"": false, ""path"": ""/Users/guoyiyang/Documents/GitHub/FURP-2026-Yiyang-GUO-EVRP-TW/reference/py-ga-VRPTW"", ""revision"": ""8e005caaaf6471a4505588d88c7f0f5e0d4ebffa""}}",stage02.3_constraint_guided_attempt16 + stage02.3_constraint_guided_rerun09,,preserve;see stage03_legacy_path_map.csv
stage03.0,measurement,stage03.0_measurement_attempt01,attempt01,stage03.0_measurement_attempt01,stage03_measurement_smoke01,smoke,c101_21,2014,"[""c101C5"", ""r105C5"", ""rc105C5"", ""c101_21"", ""r101_21"", ""rc101_21""]","[2014, 2015, 2016]",environment,legacy_with_manifest_error,results/stage03.0_measurement_attempt01/c101_21/2014/stage03.0_measurement_attempt01_environment_c101_21_2014.json,results/stage03-measurement_smoke01/environments/c101_21-alns_stage02_constraint_guided-2014.json,feasible,raw manifest or sidecar is missing,not_verified,NOT_READY_FOR_STAGE03_FORMAL_MEASUREMENT,not_applicable,not_published,146dea152f49379f5db3d3f87a34986e2be61235d432494202bfa909a5bb575a,computed,86c735f003164a6b75868a4abd6fe42ce178c188b4a34fb149e2813790401496,50ed2d642f7e5ab1c495f9d43526dbc7ced2cb6e3521d8207719409066db928a,c5cda6ca63a7d518902cf4b02d98b4aa0f373aaa0658d5c666d1c46d38871cb9,bded1ccbb12bd55b35dc579359f8cb164a073ccd8ea21fa86f8187a482e8dec0,b226b97e0e67288aaaf85726ad855df71cb81406685c57c8e8c40cd8996aa0da,c331dbe8de7d85e72e6d4cfc7dd135b2f3451e07,False,"{""VRP-EVRP-Project-Hub"": {""dirty"": false, ""path"": ""/Users/guoyiyang/Documents/GitHub/FURP-2026-Yiyang-GUO-EVRP-TW/reference/VRP-EVRP-Project-Hub"", ""revision"": ""e3a890065105f978187e532642c4442522215e02""}, ""py-ga-VRPTW"": {""dirty"": false, ""path"": ""/Users/guoyiyang/Documents/GitHub/FURP-2026-Yiyang-GUO-EVRP-TW/reference/py-ga-VRPTW"", ""revision"": ""8e005caaaf6471a4505588d88c7f0f5e0d4ebffa""}}",stage02.3_constraint_guided_attempt16 + stage02.3_constraint_guided_rerun09,,preserve;see stage03_legacy_path_map.csv
stage03.0,measurement,stage03.0_measurement_attempt01,attempt01,stage03.0_measurement_attempt01,stage03_measurement_smoke01,smoke,c101_21,2015,"[""c101C5"", ""r105C5"", ""rc105C5"", ""c101_21"", ""r101_21"", ""rc101_21""]","[2014, 2015, 2016]",environment,legacy_with_manifest_error,results/stage03.0_measurement_attempt01/c101_21/2015/stage03.0_measurement_attempt01_environment_c101_21_2015.json,results/stage03-measurement_smoke01/environments/c101_21-alns_stage02_constraint_guided-2015.json,feasible,raw manifest or sidecar is missing,not_verified,NOT_READY_FOR_STAGE03_FORMAL_MEASUREMENT,not_applicable,not_published,3ec7fe8a94e69e0029a31d19094f4e58e85e41681a62bae66e7147c2767c763e,computed,86c735f003164a6b75868a4abd6fe42ce178c188b4a34fb149e2813790401496,50ed2d642f7e5ab1c495f9d43526dbc7ced2cb6e3521d8207719409066db928a,c5cda6ca63a7d518902cf4b02d98b4aa0f373aaa0658d5c666d1c46d38871cb9,7556d9ef639941c5ae3fa8fe48ce415fb8f456f273af53d276d49fc434e519a2,b226b97e0e67288aaaf85726ad855df71cb81406685c57c8e8c40cd8996aa0da,c331dbe8de7d85e72e6d4cfc7dd135b2f3451e07,False,"{""VRP-EVRP-Project-Hub"": {""dirty"": false, ""path"": ""/Users/guoyiyang/Documents/GitHub/FURP-2026-Yiyang-GUO-EVRP-TW/reference/VRP-EVRP-Project-Hub"", ""revision"": ""e3a890065105f978187e532642c4442522215e02""}, ""py-ga-VRPTW"": {""dirty"": false, ""path"": ""/Users/guoyiyang/Documents/GitHub/FURP-2026-Yiyang-GUO-EVRP-TW/reference/py-ga-VRPTW"", ""revision"": ""8e005caaaf6471a4505588d88c7f0f5e0d4ebffa""}}",stage02.3_constraint_guided_attempt16 + stage02.3_constraint_guided_rerun09,,preserve;see stage03_legacy_path_map.csv
stage03.0,measurement,stage03.0_measurement_attempt01,attempt01,stage03.0_measurement_attempt01,stage03_measurement_smoke01,smoke,c101_21,2016,"[""c101C5"", ""r105C5"", ""rc105C5"", ""c101_21"", ""r101_21"", ""rc101_21""]","[2014, 2015, 2016]",environment,legacy_with_manifest_error,results/stage03.0_measurement_attempt01/c101_21/2016/stage03.0_measurement_attempt01_environment_c101_21_2016.json,results/stage03-measurement_smoke01/environments/c101_21-alns_stage02_constraint_guided-2016.json,feasible,raw manifest or sidecar is missing,not_verified,NOT_READY_FOR_STAGE03_FORMAL_MEASUREMENT,not_applicable,not_published,c920b2e71fefd045c7f29d89e0818806e2a01e83a7c620b719a87b025a664c70,computed,86c735f003164a6b75868a4abd6fe42ce178c188b4a34fb149e2813790401496,50ed2d642f7e5ab1c495f9d43526dbc7ced2cb6e3521d8207719409066db928a,c5cda6ca63a7d518902cf4b02d98b4aa0f373aaa0658d5c666d1c46d38871cb9,265ff13c241113039b279ae8fd79c78a0dff798f72e8d667c4637f90039c3761,b226b97e0e67288aaaf85726ad855df71cb81406685c57c8e8c40cd8996aa0da,c331dbe8de7d85e72e6d4cfc7dd135b2f3451e07,False,"{""VRP-EVRP-Project-Hub"": {""dirty"": false, ""path"": ""/Users/guoyiyang/Documents/GitHub/FURP-2026-Yiyang-GUO-EVRP-TW/reference/VRP-EVRP-Project-Hub"", ""revision"": ""e3a890065105f978187e532642c4442522215e02""}, ""py-ga-VRPTW"": {""dirty"": false, ""path"": ""/Users/guoyiyang/Documents/GitHub/FURP-2026-Yiyang-GUO-EVRP-TW/reference/py-ga-VRPTW"", ""revision"": ""8e005caaaf6471a4505588d88c7f0f5e0d4ebffa""}}",stage02.3_constraint_guided_attempt16 + stage02.3_constraint_guided_rerun09,,preserve;see stage03_legacy_path_map.csv
stage03.0,measurement,stage03.0_measurement_attempt01,attempt01,stage03.0_measurement_attempt01,stage03_measurement_smoke01,smoke,r101_21,2014,"[""c101C5"", ""r105C5"", ""rc105C5"", ""c101_21"", ""r101_21"", ""rc101_21""]","[2014, 2015, 2016]",environment,legacy_with_manifest_error,results/stage03.0_measurement_attempt01/r101_21/2014/stage03.0_measurement_attempt01_environment_r101_21_2014.json,results/stage03-measurement_smoke01/environments/r101_21-alns_stage02_constraint_guided-2014.json,feasible,raw manifest or sidecar is missing,not_verified,NOT_READY_FOR_STAGE03_FORMAL_MEASUREMENT,not_applicable,not_published,37cc4fd88d57e36ac765ea1bfd27d97a23f6b1265c7f0f9c16524516871c1bdd,computed,86c735f003164a6b75868a4abd6fe42ce178c188b4a34fb149e2813790401496,50ed2d642f7e5ab1c495f9d43526dbc7ced2cb6e3521d8207719409066db928a,0e5a3dffffbd3c516b528ef32ba1a488b817d2f151fc3e8c81023814de1c103a,23e56e85e58743345c96cb703af6203224d46ff58003d88978b04a06ed604381,b226b97e0e67288aaaf85726ad855df71cb81406685c57c8e8c40cd8996aa0da,c331dbe8de7d85e72e6d4cfc7dd135b2f3451e07,False,"{""VRP-EVRP-Project-Hub"": {""dirty"": false, ""path"": ""/Users/guoyiyang/Documents/GitHub/FURP-2026-Yiyang-GUO-EVRP-TW/reference/VRP-EVRP-Project-Hub"", ""revision"": ""e3a890065105f978187e532642c4442522215e02""}, ""py-ga-VRPTW"": {""dirty"": false, ""path"": ""/Users/guoyiyang/Documents/GitHub/FURP-2026-Yiyang-GUO-EVRP-TW/reference/py-ga-VRPTW"", ""revision"": ""8e005caaaf6471a4505588d88c7f0f5e0d4ebffa""}}",stage02.3_constraint_guided_attempt16 + stage02.3_constraint_guided_rerun09,,preserve;see stage03_legacy_path_map.csv
stage03.0,measurement,stage03.0_measurement_attempt01,attempt01,stage03.0_measurement_attempt01,stage03_measurement_smoke01,smoke,r101_21,2015,"[""c101C5"", ""r105C5"", ""rc105C5"", ""c101_21"", ""r101_21"", ""rc101_21""]","[2014, 2015, 2016]",environment,legacy_with_manifest_error,results/stage03.0_measurement_attempt01/r101_21/2015/stage03.0_measurement_attempt01_environment_r101_21_2015.json,results/stage03-measurement_smoke01/environments/r101_21-alns_stage02_constraint_guided-2015.json,feasible,raw manifest or sidecar is missing,not_verified,NOT_READY_FOR_STAGE03_FORMAL_MEASUREMENT,not_applicable,not_published,97db8c658bdd3f1d3c52e7d11236bef65b981cff63dc49b9189a7c40948aa5d5,computed,86c735f003164a6b75868a4abd6fe42ce178c188b4a34fb149e2813790401496,50ed2d642f7e5ab1c495f9d43526dbc7ced2cb6e3521d8207719409066db928a,0e5a3dffffbd3c516b528ef32ba1a488b817d2f151fc3e8c81023814de1c103a,daece5e030c58e767abbce387421a937690b669c96d5f48105f14f4fffb52dd5,b226b97e0e67288aaaf85726ad855df71cb81406685c57c8e8c40cd8996aa0da,c331dbe8de7d85e72e6d4cfc7dd135b2f3451e07,False,"{""VRP-EVRP-Project-Hub"": {""dirty"": false, ""path"": ""/Users/guoyiyang/Documents/GitHub/FURP-2026-Yiyang-GUO-EVRP-TW/reference/VRP-EVRP-Project-Hub"", ""revision"": ""e3a890065105f978187e532642c4442522215e02""}, ""py-ga-VRPTW"": {""dirty"": false, ""path"": ""/Users/guoyiyang/Documents/GitHub/FURP-2026-Yiyang-GUO-EVRP-TW/reference/py-ga-VRPTW"", ""revision"": ""8e005caaaf6471a4505588d88c7f0f5e0d4ebffa""}}",stage02.3_constraint_guided_attempt16 + stage02.3_constraint_guided_rerun09,,preserve;see stage03_legacy_path_map.csv
stage03.0,measurement,stage03.0_measurement_attempt01,attempt01,stage03.0_measurement_attempt01,stage03_measurement_smoke01,smoke,r101_21,2016,"[""c101C5"", ""r105C5"", ""rc105C5"", ""c101_21"", ""r101_21"", ""rc101_21""]","[2014, 2015, 2016]",environment,legacy_with_manifest_error,results/stage03.0_measurement_attempt01/r101_21/2016/stage03.0_measurement_attempt01_environment_r101_21_2016.json,results/stage03-measurement_smoke01/environments/r101_21-alns_stage02_constraint_guided-2016.json,feasible,raw manifest or sidecar is missing,not_verified,NOT_READY_FOR_STAGE03_FORMAL_MEASUREMENT,not_applicable,not_published,d610b44533f04f4008814b31387e4c8155105ce8ee8d79af26e51a4e8eb67cc5,computed,86c735f003164a6b75868a4abd6fe42ce178c188b4a34fb149e2813790401496,50ed2d642f7e5ab1c495f9d43526dbc7ced2cb6e3521d8207719409066db928a,0e5a3dffffbd3c516b528ef32ba1a488b817d2f151fc3e8c81023814de1c103a,0e8272910fcbda9c5e16bd0f2f60cb8cb7b3ce8f1c8daa97448d6f0e8e252797,b226b97e0e67288aaaf85726ad855df71cb81406685c57c8e8c40cd8996aa0da,c331dbe8de7d85e72e6d4cfc7dd135b2f3451e07,False,"{""VRP-EVRP-Project-Hub"": {""dirty"": false, ""path"": ""/Users/guoyiyang/Documents/GitHub/FURP-2026-Yiyang-GUO-EVRP-TW/reference/VRP-EVRP-Project-Hub"", ""revision"": ""e3a890065105f978187e532642c4442522215e02""}, ""py-ga-VRPTW"": {""dirty"": false, ""path"": ""/Users/guoyiyang/Documents/GitHub/FURP-2026-Yiyang-GUO-EVRP-TW/reference/py-ga-VRPTW"", ""revision"": ""8e005caaaf6471a4505588d88c7f0f5e0d4ebffa""}}",stage02.3_constraint_guided_attempt16 + stage02.3_constraint_guided_rerun09,,preserve;see stage03_legacy_path_map.csv
stage03.0,measurement,stage03.0_measurement_attempt01,attempt01,stage03.0_measurement_attempt01,stage03_measurement_smoke01,smoke,r105C5,2014,"[""c101C5"", ""r105C5"", ""rc105C5"", ""c101_21"", ""r101_21"", ""rc101_21""]","[2014, 2015, 2016]",environment,legacy_with_manifest_error,results/stage03.0_measurement_attempt01/r105C5/2014/stage03.0_measurement_attempt01_environment_r105C5_2014.json,results/stage03-measurement_smoke01/environments/r105C5-alns_stage02_constraint_guided-2014.json,feasible,raw manifest or sidecar is missing,not_verified,NOT_READY_FOR_STAGE03_FORMAL_MEASUREMENT,not_applicable,not_published,ab5509943d5fd460f261d661f8d5a82939db22a9f7b68c08641e69cd4582e2a1,computed,86c735f003164a6b75868a4abd6fe42ce178c188b4a34fb149e2813790401496,50ed2d642f7e5ab1c495f9d43526dbc7ced2cb6e3521d8207719409066db928a,eb27ec04e799ee6d39dee3d66f15128e197811afa8c664295acbdf6444176434,76d22033d8e294265956c5b8dc004397ef87b4e26c39bb679d37d7692a065a14,b226b97e0e67288aaaf85726ad855df71cb81406685c57c8e8c40cd8996aa0da,c331dbe8de7d85e72e6d4cfc7dd135b2f3451e07,False,"{""VRP-EVRP-Project-Hub"": {""dirty"": false, ""path"": ""/Users/guoyiyang/Documents/GitHub/FURP-2026-Yiyang-GUO-EVRP-TW/reference/VRP-EVRP-Project-Hub"", ""revision"": ""e3a890065105f978187e532642c4442522215e02""}, ""py-ga-VRPTW"": {""dirty"": false, ""path"": ""/Users/guoyiyang/Documents/GitHub/FURP-2026-Yiyang-GUO-EVRP-TW/reference/py-ga-VRPTW"", ""revision"": ""8e005caaaf6471a4505588d88c7f0f5e0d4ebffa""}}",stage02.3_constraint_guided_attempt16 + stage02.3_constraint_guided_rerun09,,preserve;see stage03_legacy_path_map.csv
stage03.0,measurement,stage03.0_measurement_attempt01,attempt01,stage03.0_measurement_attempt01,stage03_measurement_smoke01,smoke,r105C5,2015,"[""c101C5"", ""r105C5"", ""rc105C5"", ""c101_21"", ""r101_21"", ""rc101_21""]","[2014, 2015, 2016]",environment,legacy_with_manifest_error,results/stage03.0_measurement_attempt01/r105C5/2015/stage03.0_measurement_attempt01_environment_r105C5_2015.json,results/stage03-measurement_smoke01/environments/r105C5-alns_stage02_constraint_guided-2015.json,feasible,raw manifest or sidecar is missing,not_verified,NOT_READY_FOR_STAGE03_FORMAL_MEASUREMENT,not_applicable,not_published,ac47e6a8e0d5005f51337340350f1c700b2ad81845bbb84ce687db131bec55ec,computed,86c735f003164a6b75868a4abd6fe42ce178c188b4a34fb149e2813790401496,50ed2d642f7e5ab1c495f9d43526dbc7ced2cb6e3521d8207719409066db928a,eb27ec04e799ee6d39dee3d66f15128e197811afa8c664295acbdf6444176434,7c93b15b629e5264fad8d1dcc6b40ca7cd2a474ea408f898e2b4d6d58fdf866a,b226b97e0e67288aaaf85726ad855df71cb81406685c57c8e8c40cd8996aa0da,c331dbe8de7d85e72e6d4cfc7dd135b2f3451e07,False,"{""VRP-EVRP-Project-Hub"": {""dirty"": false, ""path"": ""/Users/guoyiyang/Documents/GitHub/FURP-2026-Yiyang-GUO-EVRP-TW/reference/VRP-EVRP-Project-Hub"", ""revision"": ""e3a890065105f978187e532642c4442522215e02""}, ""py-ga-VRPTW"": {""dirty"": false, ""path"": ""/Users/guoyiyang/Documents/GitHub/FURP-2026-Yiyang-GUO-EVRP-TW/reference/py-ga-VRPTW"", ""revision"": ""8e005caaaf6471a4505588d88c7f0f5e0d4ebffa""}}",stage02.3_constraint_guided_attempt16 + stage02.3_constraint_guided_rerun09,,preserve;see stage03_legacy_path_map.csv
stage03.0,measurement,stage03.0_measurement_attempt01,attempt01,stage03.0_measurement_attempt01,stage03_measurement_smoke01,smoke,r105C5,2016,"[""c101C5"", ""r105C5"", ""rc105C5"", ""c101_21"", ""r101_21"", ""rc101_21""]","[2014, 2015, 2016]",environment,legacy_with_manifest_error,results/stage03.0_measurement_attempt01/r105C5/2016/stage03.0_measurement_attempt01_environment_r105C5_2016.json,results/stage03-measurement_smoke01/environments/r105C5-alns_stage02_constraint_guided-2016.json,feasible,raw manifest or sidecar is missing,not_verified,NOT_READY_FOR_STAGE03_FORMAL_MEASUREMENT,not_applicable,not_published,b2e356605019e4de394ddf97689e1f10d5434f36f32c78b3fb7d29c6db2a1b84,computed,86c735f003164a6b75868a4abd6fe42ce178c188b4a34fb149e2813790401496,50ed2d642f7e5ab1c495f9d43526dbc7ced2cb6e3521d8207719409066db928a,eb27ec04e799ee6d39dee3d66f15128e197811afa8c664295acbdf6444176434,0dcf39e5f2ff76f3551c0e27ae7986d92109ec3de7620b63dd925cd078b54b92,b226b97e0e67288aaaf85726ad855df71cb81406685c57c8e8c40cd8996aa0da,c331dbe8de7d85e72e6d4cfc7dd135b2f3451e07,False,"{""VRP-EVRP-Project-Hub"": {""dirty"": false, ""path"": ""/Users/guoyiyang/Documents/GitHub/FURP-2026-Yiyang-GUO-EVRP-TW/reference/VRP-EVRP-Project-Hub"", ""revision"": ""e3a890065105f978187e532642c4442522215e02""}, ""py-ga-VRPTW"": {""dirty"": false, ""path"": ""/Users/guoyiyang/Documents/GitHub/FURP-2026-Yiyang-GUO-EVRP-TW/reference/py-ga-VRPTW"", ""revision"": ""8e005caaaf6471a4505588d88c7f0f5e0d4ebffa""}}",stage02.3_constraint_guided_attempt16 + stage02.3_constraint_guided_rerun09,,preserve;see stage03_legacy_path_map.csv
stage03.0,measurement,stage03.0_measurement_attempt01,attempt01,stage03.0_measurement_attempt01,stage03_measurement_smoke01,smoke,rc101_21,2014,"[""c101C5"", ""r105C5"", ""rc105C5"", ""c101_21"", ""r101_21"", ""rc101_21""]","[2014, 2015, 2016]",environment,legacy_with_manifest_error,results/stage03.0_measurement_attempt01/rc101_21/2014/stage03.0_measurement_attempt01_environment_rc101_21_2014.json,results/stage03-measurement_smoke01/environments/rc101_21-alns_stage02_constraint_guided-2014.json,feasible,raw manifest or sidecar is missing,not_verified,NOT_READY_FOR_STAGE03_FORMAL_MEASUREMENT,not_applicable,not_published,fdc0ac764fced598995fdd7d5e27e7ec5fd81cdeeebaa08c2cbf3f5008d2adcb,computed,86c735f003164a6b75868a4abd6fe42ce178c188b4a34fb149e2813790401496,50ed2d642f7e5ab1c495f9d43526dbc7ced2cb6e3521d8207719409066db928a,272a3e58d53d4ba9516f01506164cf8a9b98bfeeb8dbd1fd62f6557e4c98e3a1,1e1d023daecb825b02f17698fdb4b6f28183e5e84ffba9984cbf4f68b752479c,b226b97e0e67288aaaf85726ad855df71cb81406685c57c8e8c40cd8996aa0da,c331dbe8de7d85e72e6d4cfc7dd135b2f3451e07,False,"{""VRP-EVRP-Project-Hub"": {""dirty"": false, ""path"": ""/Users/guoyiyang/Documents/GitHub/FURP-2026-Yiyang-GUO-EVRP-TW/reference/VRP-EVRP-Project-Hub"", ""revision"": ""e3a890065105f978187e532642c4442522215e02""}, ""py-ga-VRPTW"": {""dirty"": false, ""path"": ""/Users/guoyiyang/Documents/GitHub/FURP-2026-Yiyang-GUO-EVRP-TW/reference/py-ga-VRPTW"", ""revision"": ""8e005caaaf6471a4505588d88c7f0f5e0d4ebffa""}}",stage02.3_constraint_guided_attempt16 + stage02.3_constraint_guided_rerun09,,preserve;see stage03_legacy_path_map.csv
stage03.0,measurement,stage03.0_measurement_attempt01,attempt01,stage03.0_measurement_attempt01,stage03_measurement_smoke01,smoke,rc101_21,2015,"[""c101C5"", ""r105C5"", ""rc105C5"", ""c101_21"", ""r101_21"", ""rc101_21""]","[2014, 2015, 2016]",environment,legacy_with_manifest_error,results/stage03.0_measurement_attempt01/rc101_21/2015/stage03.0_measurement_attempt01_environment_rc101_21_2015.json,results/stage03-measurement_smoke01/environments/rc101_21-alns_stage02_constraint_guided-2015.json,feasible,raw manifest or sidecar is missing,not_verified,NOT_READY_FOR_STAGE03_FORMAL_MEASUREMENT,not_applicable,not_published,46fede09c511b8423511e89447f29a6ea6437d74ebfc3804ed8b207ddc0d6d3d,computed,86c735f003164a6b75868a4abd6fe42ce178c188b4a34fb149e2813790401496,50ed2d642f7e5ab1c495f9d43526dbc7ced2cb6e3521d8207719409066db928a,272a3e58d53d4ba9516f01506164cf8a9b98bfeeb8dbd1fd62f6557e4c98e3a1,715775903d666646e71ddca8b432467e168be4e4b808d342069abf0a44023f13,b226b97e0e67288aaaf85726ad855df71cb81406685c57c8e8c40cd8996aa0da,c331dbe8de7d85e72e6d4cfc7dd135b2f3451e07,False,"{""VRP-EVRP-Project-Hub"": {""dirty"": false, ""path"": ""/Users/guoyiyang/Documents/GitHub/FURP-2026-Yiyang-GUO-EVRP-TW/reference/VRP-EVRP-Project-Hub"", ""revision"": ""e3a890065105f978187e532642c4442522215e02""}, ""py-ga-VRPTW"": {""dirty"": false, ""path"": ""/Users/guoyiyang/Documents/GitHub/FURP-2026-Yiyang-GUO-EVRP-TW/reference/py-ga-VRPTW"", ""revision"": ""8e005caaaf6471a4505588d88c7f0f5e0d4ebffa""}}",stage02.3_constraint_guided_attempt16 + stage02.3_constraint_guided_rerun09,,preserve;see stage03_legacy_path_map.csv
stage03.0,measurement,stage03.0_measurement_attempt01,attempt01,stage03.0_measurement_attempt01,stage03_measurement_smoke01,smoke,rc101_21,2016,"[""c101C5"", ""r105C5"", ""rc105C5"", ""c101_21"", ""r101_21"", ""rc101_21""]","[2014, 2015, 2016]",environment,legacy_with_manifest_error,results/stage03.0_measurement_attempt01/rc101_21/2016/stage03.0_measurement_attempt01_environment_rc101_21_2016.json,results/stage03-measurement_smoke01/environments/rc101_21-alns_stage02_constraint_guided-2016.json,feasible,raw manifest or sidecar is missing,not_verified,NOT_READY_FOR_STAGE03_FORMAL_MEASUREMENT,not_applicable,not_published,de2249f67ab089992e32b1173be023766842b234d595c042146fa2e2a8bfbb60,computed,86c735f003164a6b75868a4abd6fe42ce178c188b4a34fb149e2813790401496,50ed2d642f7e5ab1c495f9d43526dbc7ced2cb6e3521d8207719409066db928a,272a3e58d53d4ba9516f01506164cf8a9b98bfeeb8dbd1fd62f6557e4c98e3a1,3d23641aa68e698b3a0566d18b1520b0bf80f868581ef30b3ea6eef33d046fec,b226b97e0e67288aaaf85726ad855df71cb81406685c57c8e8c40cd8996aa0da,c331dbe8de7d85e72e6d4cfc7dd135b2f3451e07,False,"{""VRP-EVRP-Project-Hub"": {""dirty"": false, ""path"": ""/Users/guoyiyang/Documents/GitHub/FURP-2026-Yiyang-GUO-EVRP-TW/reference/VRP-EVRP-Project-Hub"", ""revision"": ""e3a890065105f978187e532642c4442522215e02""}, ""py-ga-VRPTW"": {""dirty"": false, ""path"": ""/Users/guoyiyang/Documents/GitHub/FURP-2026-Yiyang-GUO-EVRP-TW/reference/py-ga-VRPTW"", ""revision"": ""8e005caaaf6471a4505588d88c7f0f5e0d4ebffa""}}",stage02.3_constraint_guided_attempt16 + stage02.3_constraint_guided_rerun09,,preserve;see stage03_legacy_path_map.csv
stage03.0,measurement,stage03.0_measurement_attempt01,attempt01,stage03.0_measurement_attempt01,stage03_measurement_smoke01,smoke,rc105C5,2014,"[""c101C5"", ""r105C5"", ""rc105C5"", ""c101_21"", ""r101_21"", ""rc101_21""]","[2014, 2015, 2016]",environment,legacy_with_manifest_error,results/stage03.0_measurement_attempt01/rc105C5/2014/stage03.0_measurement_attempt01_environment_rc105C5_2014.json,results/stage03-measurement_smoke01/environments/rc105C5-alns_stage02_constraint_guided-2014.json,feasible,raw manifest or sidecar is missing,not_verified,NOT_READY_FOR_STAGE03_FORMAL_MEASUREMENT,not_applicable,not_published,739366ce4c63bcd4715f9e38bcb915d3400fa618d6072ee2bc3d49b90a0071ef,computed,86c735f003164a6b75868a4abd6fe42ce178c188b4a34fb149e2813790401496,50ed2d642f7e5ab1c495f9d43526dbc7ced2cb6e3521d8207719409066db928a,2ccfba6c447fa43a994934690acb67c7355ca04d232394907ed6938bc362c643,cc550ee409da1b46ee3dd0a71781eca45b089ecc3fe33a4c7907cf8d16468271,b226b97e0e67288aaaf85726ad855df71cb81406685c57c8e8c40cd8996aa0da,c331dbe8de7d85e72e6d4cfc7dd135b2f3451e07,False,"{""VRP-EVRP-Project-Hub"": {""dirty"": false, ""path"": ""/Users/guoyiyang/Documents/GitHub/FURP-2026-Yiyang-GUO-EVRP-TW/reference/VRP-EVRP-Project-Hub"", ""revision"": ""e3a890065105f978187e532642c4442522215e02""}, ""py-ga-VRPTW"": {""dirty"": false, ""path"": ""/Users/guoyiyang/Documents/GitHub/FURP-2026-Yiyang-GUO-EVRP-TW/reference/py-ga-VRPTW"", ""revision"": ""8e005caaaf6471a4505588d88c7f0f5e0d4ebffa""}}",stage02.3_constraint_guided_attempt16 + stage02.3_constraint_guided_rerun09,,preserve;see stage03_legacy_path_map.csv
stage03.0,measurement,stage03.0_measurement_attempt01,attempt01,stage03.0_measurement_attempt01,stage03_measurement_smoke01,smoke,rc105C5,2015,"[""c101C5"", ""r105C5"", ""rc105C5"", ""c101_21"", ""r101_21"", ""rc101_21""]","[2014, 2015, 2016]",environment,legacy_with_manifest_error,results/stage03.0_measurement_attempt01/rc105C5/2015/stage03.0_measurement_attempt01_environment_rc105C5_2015.json,results/stage03-measurement_smoke01/environments/rc105C5-alns_stage02_constraint_guided-2015.json,feasible,raw manifest or sidecar is missing,not_verified,NOT_READY_FOR_STAGE03_FORMAL_MEASUREMENT,not_applicable,not_published,eceb55f4a38ea58179d6bddbd1089c8077575d347e5d651fbb9cbb957417b9a3,computed,86c735f003164a6b75868a4abd6fe42ce178c188b4a34fb149e2813790401496,50ed2d642f7e5ab1c495f9d43526dbc7ced2cb6e3521d8207719409066db928a,2ccfba6c447fa43a994934690acb67c7355ca04d232394907ed6938bc362c643,ded180cd47e28f9fd9edc5caea8b8380ed2e697868df41f254e178992cc88c95,b226b97e0e67288aaaf85726ad855df71cb81406685c57c8e8c40cd8996aa0da,c331dbe8de7d85e72e6d4cfc7dd135b2f3451e07,False,"{""VRP-EVRP-Project-Hub"": {""dirty"": false, ""path"": ""/Users/guoyiyang/Documents/GitHub/FURP-2026-Yiyang-GUO-EVRP-TW/reference/VRP-EVRP-Project-Hub"", ""revision"": ""e3a890065105f978187e532642c4442522215e02""}, ""py-ga-VRPTW"": {""dirty"": false, ""path"": ""/Users/guoyiyang/Documents/GitHub/FURP-2026-Yiyang-GUO-EVRP-TW/reference/py-ga-VRPTW"", ""revision"": ""8e005caaaf6471a4505588d88c7f0f5e0d4ebffa""}}",stage02.3_constraint_guided_attempt16 + stage02.3_constraint_guided_rerun09,,preserve;see stage03_legacy_path_map.csv
stage03.0,measurement,stage03.0_measurement_attempt01,attempt01,stage03.0_measurement_attempt01,stage03_measurement_smoke01,smoke,rc105C5,2016,"[""c101C5"", ""r105C5"", ""rc105C5"", ""c101_21"", ""r101_21"", ""rc101_21""]","[2014, 2015, 2016]",environment,legacy_with_manifest_error,results/stage03.0_measurement_attempt01/rc105C5/2016/stage03.0_measurement_attempt01_environment_rc105C5_2016.json,results/stage03-measurement_smoke01/environments/rc105C5-alns_stage02_constraint_guided-2016.json,feasible,raw manifest or sidecar is missing,not_verified,NOT_READY_FOR_STAGE03_FORMAL_MEASUREMENT,not_applicable,not_published,b998f1ec8fe546bfeaf7ef811134117309ade2d80fb1ee3b68e9516d11620e98,computed,86c735f003164a6b75868a4abd6fe42ce178c188b4a34fb149e2813790401496,50ed2d642f7e5ab1c495f9d43526dbc7ced2cb6e3521d8207719409066db928a,2ccfba6c447fa43a994934690acb67c7355ca04d232394907ed6938bc362c643,c002bbfd8358195a56fc06a82f2cccb43c418649f6c64f064a6ef806d28f7cb1,b226b97e0e67288aaaf85726ad855df71cb81406685c57c8e8c40cd8996aa0da,c331dbe8de7d85e72e6d4cfc7dd135b2f3451e07,False,"{""VRP-EVRP-Project-Hub"": {""dirty"": false, ""path"": ""/Users/guoyiyang/Documents/GitHub/FURP-2026-Yiyang-GUO-EVRP-TW/reference/VRP-EVRP-Project-Hub"", ""revision"": ""e3a890065105f978187e532642c4442522215e02""}, ""py-ga-VRPTW"": {""dirty"": false, ""path"": ""/Users/guoyiyang/Documents/GitHub/FURP-2026-Yiyang-GUO-EVRP-TW/reference/py-ga-VRPTW"", ""revision"": ""8e005caaaf6471a4505588d88c7f0f5e0d4ebffa""}}",stage02.3_constraint_guided_attempt16 + stage02.3_constraint_guided_rerun09,,preserve;see stage03_legacy_path_map.csv
stage03.0,measurement,stage03.0_measurement_attempt01,attempt01,stage03.0_measurement_attempt01,stage03_measurement_smoke01,smoke,c101C5,2014,"[""c101C5"", ""r105C5"", ""rc105C5"", ""c101_21"", ""r101_21"", ""rc101_21""]","[2014, 2015, 2016]",events,legacy_with_manifest_error,results/stage03.0_measurement_attempt01/c101C5/2014/stage03.0_measurement_attempt01_events_c101C5_2014.jsonl,results/stage03-measurement_smoke01/events/c101C5-alns_stage02_constraint_guided-2014.jsonl,feasible,raw manifest or sidecar is missing,not_verified,NOT_READY_FOR_STAGE03_FORMAL_MEASUREMENT,not_applicable,not_published,add35a415acc91df0a14b77fae392bc50c0395fb878f67d7249586c324006802,computed,86c735f003164a6b75868a4abd6fe42ce178c188b4a34fb149e2813790401496,50ed2d642f7e5ab1c495f9d43526dbc7ced2cb6e3521d8207719409066db928a,8612d6d9aad051776097a5e50c7408f39352b8107b0639d58e5eda713f9ff876,29761e9c85996dfe52bf9d1abfcf7a6ced698184bb6656c516c4d48784a6d88a,b226b97e0e67288aaaf85726ad855df71cb81406685c57c8e8c40cd8996aa0da,c331dbe8de7d85e72e6d4cfc7dd135b2f3451e07,False,"{""VRP-EVRP-Project-Hub"": {""dirty"": false, ""path"": ""/Users/guoyiyang/Documents/GitHub/FURP-2026-Yiyang-GUO-EVRP-TW/reference/VRP-EVRP-Project-Hub"", ""revision"": ""e3a890065105f978187e532642c4442522215e02""}, ""py-ga-VRPTW"": {""dirty"": false, ""path"": ""/Users/guoyiyang/Documents/GitHub/FURP-2026-Yiyang-GUO-EVRP-TW/reference/py-ga-VRPTW"", ""revision"": ""8e005caaaf6471a4505588d88c7f0f5e0d4ebffa""}}",stage02.3_constraint_guided_attempt16 + stage02.3_constraint_guided_rerun09,,preserve;see stage03_legacy_path_map.csv
stage03.0,measurement,stage03.0_measurement_attempt01,attempt01,stage03.0_measurement_attempt01,stage03_measurement_smoke01,smoke,c101C5,2015,"[""c101C5"", ""r105C5"", ""rc105C5"", ""c101_21"", ""r101_21"", ""rc101_21""]","[2014, 2015, 2016]",events,legacy_with_manifest_error,results/stage03.0_measurement_attempt01/c101C5/2015/stage03.0_measurement_attempt01_events_c101C5_2015.jsonl,results/stage03-measurement_smoke01/events/c101C5-alns_stage02_constraint_guided-2015.jsonl,feasible,raw manifest or sidecar is missing,not_verified,NOT_READY_FOR_STAGE03_FORMAL_MEASUREMENT,not_applicable,not_published,dca8eaf88ef21690a90fb3825490b817e717c94ce765048ff134fdd11cee0054,computed,86c735f003164a6b75868a4abd6fe42ce178c188b4a34fb149e2813790401496,50ed2d642f7e5ab1c495f9d43526dbc7ced2cb6e3521d8207719409066db928a,8612d6d9aad051776097a5e50c7408f39352b8107b0639d58e5eda713f9ff876,dc9ace6d61a7c395e1f0fb1b303af1302de0b6596d8fedd5659fccbd8d250ffa,b226b97e0e67288aaaf85726ad855df71cb81406685c57c8e8c40cd8996aa0da,c331dbe8de7d85e72e6d4cfc7dd135b2f3451e07,False,"{""VRP-EVRP-Project-Hub"": {""dirty"": false, ""path"": ""/Users/guoyiyang/Documents/GitHub/FURP-2026-Yiyang-GUO-EVRP-TW/reference/VRP-EVRP-Project-Hub"", ""revision"": ""e3a890065105f978187e532642c4442522215e02""}, ""py-ga-VRPTW"": {""dirty"": false, ""path"": ""/Users/guoyiyang/Documents/GitHub/FURP-2026-Yiyang-GUO-EVRP-TW/reference/py-ga-VRPTW"", ""revision"": ""8e005caaaf6471a4505588d88c7f0f5e0d4ebffa""}}",stage02.3_constraint_guided_attempt16 + stage02.3_constraint_guided_rerun09,,preserve;see stage03_legacy_path_map.csv
stage03.0,measurement,stage03.0_measurement_attempt01,attempt01,stage03.0_measurement_attempt01,stage03_measurement_smoke01,smoke,c101C5,2016,"[""c101C5"", ""r105C5"", ""rc105C5"", ""c101_21"", ""r101_21"", ""rc101_21""]","[2014, 2015, 2016]",events,legacy_with_manifest_error,results/stage03.0_measurement_attempt01/c101C5/2016/stage03.0_measurement_attempt01_events_c101C5_2016.jsonl,results/stage03-measurement_smoke01/events/c101C5-alns_stage02_constraint_guided-2016.jsonl,feasible,raw manifest or sidecar is missing,not_verified,NOT_READY_FOR_STAGE03_FORMAL_MEASUREMENT,not_applicable,not_published,330a899a0acb94154b3d60b3f71f98871489e2b77157f369aedf11e9211a758a,computed,86c735f003164a6b75868a4abd6fe42ce178c188b4a34fb149e2813790401496,50ed2d642f7e5ab1c495f9d43526dbc7ced2cb6e3521d8207719409066db928a,8612d6d9aad051776097a5e50c7408f39352b8107b0639d58e5eda713f9ff876,bea4c69838d7fb779759434ad2dc24e7a8e3c93bb43751b32bad5b3650350cfd,b226b97e0e67288aaaf85726ad855df71cb81406685c57c8e8c40cd8996aa0da,c331dbe8de7d85e72e6d4cfc7dd135b2f3451e07,False,"{""VRP-EVRP-Project-Hub"": {""dirty"": false, ""path"": ""/Users/guoyiyang/Documents/GitHub/FURP-2026-Yiyang-GUO-EVRP-TW/reference/VRP-EVRP-Project-Hub"", ""revision"": ""e3a890065105f978187e532642c4442522215e02""}, ""py-ga-VRPTW"": {""dirty"": false, ""path"": ""/Users/guoyiyang/Documents/GitHub/FURP-2026-Yiyang-GUO-EVRP-TW/reference/py-ga-VRPTW"", ""revision"": ""8e005caaaf6471a4505588d88c7f0f5e0d4ebffa""}}",stage02.3_constraint_guided_attempt16 + stage02.3_constraint_guided_rerun09,,preserve;see stage03_legacy_path_map.csv
stage03.0,measurement,stage03.0_measurement_attempt01,attempt01,stage03.0_measurement_attempt01,stage03_measurement_smoke01,smoke,c101_21,2014,"[""c101C5"", ""r105C5"", ""rc105C5"", ""c101_21"", ""r101_21"", ""rc101_21""]","[2014, 2015, 2016]",events,legacy_with_manifest_error,results/stage03.0_measurement_attempt01/c101_21/2014/stage03.0_measurement_attempt01_events_c101_21_2014.jsonl,results/stage03-measurement_smoke01/events/c101_21-alns_stage02_constraint_guided-2014.jsonl,feasible,raw manifest or sidecar is missing,not_verified,NOT_READY_FOR_STAGE03_FORMAL_MEASUREMENT,not_applicable,not_published,1e137ae7cfa21c9cc9694847dd3bf22f22516b6afb6bb820b3201ad7c5a323c6,computed,86c735f003164a6b75868a4abd6fe42ce178c188b4a34fb149e2813790401496,50ed2d642f7e5ab1c495f9d43526dbc7ced2cb6e3521d8207719409066db928a,c5cda6ca63a7d518902cf4b02d98b4aa0f373aaa0658d5c666d1c46d38871cb9,bded1ccbb12bd55b35dc579359f8cb164a073ccd8ea21fa86f8187a482e8dec0,b226b97e0e67288aaaf85726ad855df71cb81406685c57c8e8c40cd8996aa0da,c331dbe8de7d85e72e6d4cfc7dd135b2f3451e07,False,"{""VRP-EVRP-Project-Hub"": {""dirty"": false, ""path"": ""/Users/guoyiyang/Documents/GitHub/FURP-2026-Yiyang-GUO-EVRP-TW/reference/VRP-EVRP-Project-Hub"", ""revision"": ""e3a890065105f978187e532642c4442522215e02""}, ""py-ga-VRPTW"": {""dirty"": false, ""path"": ""/Users/guoyiyang/Documents/GitHub/FURP-2026-Yiyang-GUO-EVRP-TW/reference/py-ga-VRPTW"", ""revision"": ""8e005caaaf6471a4505588d88c7f0f5e0d4ebffa""}}",stage02.3_constraint_guided_attempt16 + stage02.3_constraint_guided_rerun09,,preserve;see stage03_legacy_path_map.csv
stage03.0,measurement,stage03.0_measurement_attempt01,attempt01,stage03.0_measurement_attempt01,stage03_measurement_smoke01,smoke,c101_21,2015,"[""c101C5"", ""r105C5"", ""rc105C5"", ""c101_21"", ""r101_21"", ""rc101_21""]","[2014, 2015, 2016]",events,legacy_with_manifest_error,results/stage03.0_measurement_attempt01/c101_21/2015/stage03.0_measurement_attempt01_events_c101_21_2015.jsonl,results/stage03-measurement_smoke01/events/c101_21-alns_stage02_constraint_guided-2015.jsonl,feasible,raw manifest or sidecar is missing,not_verified,NOT_READY_FOR_STAGE03_FORMAL_MEASUREMENT,not_applicable,not_published,8f14e32a0374546e70150e48bce69d5a567818ea6cab45ab1f975d24ac5b40cc,computed,86c735f003164a6b75868a4abd6fe42ce178c188b4a34fb149e2813790401496,50ed2d642f7e5ab1c495f9d43526dbc7ced2cb6e3521d8207719409066db928a,c5cda6ca63a7d518902cf4b02d98b4aa0f373aaa0658d5c666d1c46d38871cb9,7556d9ef639941c5ae3fa8fe48ce415fb8f456f273af53d276d49fc434e519a2,b226b97e0e67288aaaf85726ad855df71cb81406685c57c8e8c40cd8996aa0da,c331dbe8de7d85e72e6d4cfc7dd135b2f3451e07,False,"{""VRP-EVRP-Project-Hub"": {""dirty"": false, ""path"": ""/Users/guoyiyang/Documents/GitHub/FURP-2026-Yiyang-GUO-EVRP-TW/reference/VRP-EVRP-Project-Hub"", ""revision"": ""e3a890065105f978187e532642c4442522215e02""}, ""py-ga-VRPTW"": {""dirty"": false, ""path"": ""/Users/guoyiyang/Documents/GitHub/FURP-2026-Yiyang-GUO-EVRP-TW/reference/py-ga-VRPTW"", ""revision"": ""8e005caaaf6471a4505588d88c7f0f5e0d4ebffa""}}",stage02.3_constraint_guided_attempt16 + stage02.3_constraint_guided_rerun09,,preserve;see stage03_legacy_path_map.csv
stage03.0,measurement,stage03.0_measurement_attempt01,attempt01,stage03.0_measurement_attempt01,stage03_measurement_smoke01,smoke,c101_21,2016,"[""c101C5"", ""r105C5"", ""rc105C5"", ""c101_21"", ""r101_21"", ""rc101_21""]","[2014, 2015, 2016]",events,legacy_with_manifest_error,results/stage03.0_measurement_attempt01/c101_21/2016/stage03.0_measurement_attempt01_events_c101_21_2016.jsonl,results/stage03-measurement_smoke01/events/c101_21-alns_stage02_constraint_guided-2016.jsonl,feasible,raw manifest or sidecar is missing,not_verified,NOT_READY_FOR_STAGE03_FORMAL_MEASUREMENT,not_applicable,not_published,055e44c57b1fd1ca3ddc7a844b15e4dcf8c9b687e76229b75385c7c1fee7515f,computed,86c735f003164a6b75868a4abd6fe42ce178c188b4a34fb149e2813790401496,50ed2d642f7e5ab1c495f9d43526dbc7ced2cb6e3521d8207719409066db928a,c5cda6ca63a7d518902cf4b02d98b4aa0f373aaa0658d5c666d1c46d38871cb9,265ff13c241113039b279ae8fd79c78a0dff798f72e8d667c4637f90039c3761,b226b97e0e67288aaaf85726ad855df71cb81406685c57c8e8c40cd8996aa0da,c331dbe8de7d85e72e6d4cfc7dd135b2f3451e07,False,"{""VRP-EVRP-Project-Hub"": {""dirty"": false, ""path"": ""/Users/guoyiyang/Documents/GitHub/FURP-2026-Yiyang-GUO-EVRP-TW/reference/VRP-EVRP-Project-Hub"", ""revision"": ""e3a890065105f978187e532642c4442522215e02""}, ""py-ga-VRPTW"": {""dirty"": false, ""path"": ""/Users/guoyiyang/Documents/GitHub/FURP-2026-Yiyang-GUO-EVRP-TW/reference/py-ga-VRPTW"", ""revision"": ""8e005caaaf6471a4505588d88c7f0f5e0d4ebffa""}}",stage02.3_constraint_guided_attempt16 + stage02.3_constraint_guided_rerun09,,preserve;see stage03_legacy_path_map.csv
stage03.0,measurement,stage03.0_measurement_attempt01,attempt01,stage03.0_measurement_attempt01,stage03_measurement_smoke01,smoke,r101_21,2014,"[""c101C5"", ""r105C5"", ""rc105C5"", ""c101_21"", ""r101_21"", ""rc101_21""]","[2014, 2015, 2016]",events,legacy_with_manifest_error,results/stage03.0_measurement_attempt01/r101_21/2014/stage03.0_measurement_attempt01_events_r101_21_2014.jsonl,results/stage03-measurement_smoke01/events/r101_21-alns_stage02_constraint_guided-2014.jsonl,feasible,raw manifest or sidecar is missing,not_verified,NOT_READY_FOR_STAGE03_FORMAL_MEASUREMENT,not_applicable,not_published,5eb03d20489c484da9bd7f64515ec5901acadd3b3e999025eda80788bea9e222,computed,86c735f003164a6b75868a4abd6fe42ce178c188b4a34fb149e2813790401496,50ed2d642f7e5ab1c495f9d43526dbc7ced2cb6e3521d8207719409066db928a,0e5a3dffffbd3c516b528ef32ba1a488b817d2f151fc3e8c81023814de1c103a,23e56e85e58743345c96cb703af6203224d46ff58003d88978b04a06ed604381,b226b97e0e67288aaaf85726ad855df71cb81406685c57c8e8c40cd8996aa0da,c331dbe8de7d85e72e6d4cfc7dd135b2f3451e07,False,"{""VRP-EVRP-Project-Hub"": {""dirty"": false, ""path"": ""/Users/guoyiyang/Documents/GitHub/FURP-2026-Yiyang-GUO-EVRP-TW/reference/VRP-EVRP-Project-Hub"", ""revision"": ""e3a890065105f978187e532642c4442522215e02""}, ""py-ga-VRPTW"": {""dirty"": false, ""path"": ""/Users/guoyiyang/Documents/GitHub/FURP-2026-Yiyang-GUO-EVRP-TW/reference/py-ga-VRPTW"", ""revision"": ""8e005caaaf6471a4505588d88c7f0f5e0d4ebffa""}}",stage02.3_constraint_guided_attempt16 + stage02.3_constraint_guided_rerun09,,preserve;see stage03_legacy_path_map.csv
stage03.0,measurement,stage03.0_measurement_attempt01,attempt01,stage03.0_measurement_attempt01,stage03_measurement_smoke01,smoke,r101_21,2015,"[""c101C5"", ""r105C5"", ""rc105C5"", ""c101_21"", ""r101_21"", ""rc101_21""]","[2014, 2015, 2016]",events,legacy_with_manifest_error,results/stage03.0_measurement_attempt01/r101_21/2015/stage03.0_measurement_attempt01_events_r101_21_2015.jsonl,results/stage03-measurement_smoke01/events/r101_21-alns_stage02_constraint_guided-2015.jsonl,feasible,raw manifest or sidecar is missing,not_verified,NOT_READY_FOR_STAGE03_FORMAL_MEASUREMENT,not_applicable,not_published,a0d13b5ebba7d02adedfa9b126cf8ed4cbbcf14df700410edc60171371359c78,computed,86c735f003164a6b75868a4abd6fe42ce178c188b4a34fb149e2813790401496,50ed2d642f7e5ab1c495f9d43526dbc7ced2cb6e3521d8207719409066db928a,0e5a3dffffbd3c516b528ef32ba1a488b817d2f151fc3e8c81023814de1c103a,daece5e030c58e767abbce387421a937690b669c96d5f48105f14f4fffb52dd5,b226b97e0e67288aaaf85726ad855df71cb81406685c57c8e8c40cd8996aa0da,c331dbe8de7d85e72e6d4cfc7dd135b2f3451e07,False,"{""VRP-EVRP-Project-Hub"": {""dirty"": false, ""path"": ""/Users/guoyiyang/Documents/GitHub/FURP-2026-Yiyang-GUO-EVRP-TW/reference/VRP-EVRP-Project-Hub"", ""revision"": ""e3a890065105f978187e532642c4442522215e02""}, ""py-ga-VRPTW"": {""dirty"": false, ""path"": ""/Users/guoyiyang/Documents/GitHub/FURP-2026-Yiyang-GUO-EVRP-TW/reference/py-ga-VRPTW"", ""revision"": ""8e005caaaf6471a4505588d88c7f0f5e0d4ebffa""}}",stage02.3_constraint_guided_attempt16 + stage02.3_constraint_guided_rerun09,,preserve;see stage03_legacy_path_map.csv
stage03.0,measurement,stage03.0_measurement_attempt01,attempt01,stage03.0_measurement_attempt01,stage03_measurement_smoke01,smoke,r101_21,2016,"[""c101C5"", ""r105C5"", ""rc105C5"", ""c101_21"", ""r101_21"", ""rc101_21""]","[2014, 2015, 2016]",events,legacy_with_manifest_error,results/stage03.0_measurement_attempt01/r101_21/2016/stage03.0_measurement_attempt01_events_r101_21_2016.jsonl,results/stage03-measurement_smoke01/events/r101_21-alns_stage02_constraint_guided-2016.jsonl,feasible,raw manifest or sidecar is missing,not_verified,NOT_READY_FOR_STAGE03_FORMAL_MEASUREMENT,not_applicable,not_published,509e3e605aa137b4e4025b8e4c675382afa472bf8f1c3bd0da9508d2994860d6,computed,86c735f003164a6b75868a4abd6fe42ce178c188b4a34fb149e2813790401496,50ed2d642f7e5ab1c495f9d43526dbc7ced2cb6e3521d8207719409066db928a,0e5a3dffffbd3c516b528ef32ba1a488b817d2f151fc3e8c81023814de1c103a,0e8272910fcbda9c5e16bd0f2f60cb8cb7b3ce8f1c8daa97448d6f0e8e252797,b226b97e0e67288aaaf85726ad855df71cb81406685c57c8e8c40cd8996aa0da,c331dbe8de7d85e72e6d4cfc7dd135b2f3451e07,False,"{""VRP-EVRP-Project-Hub"": {""dirty"": false, ""path"": ""/Users/guoyiyang/Documents/GitHub/FURP-2026-Yiyang-GUO-EVRP-TW/reference/VRP-EVRP-Project-Hub"", ""revision"": ""e3a890065105f978187e532642c4442522215e02""}, ""py-ga-VRPTW"": {""dirty"": false, ""path"": ""/Users/guoyiyang/Documents/GitHub/FURP-2026-Yiyang-GUO-EVRP-TW/reference/py-ga-VRPTW"", ""revision"": ""8e005caaaf6471a4505588d88c7f0f5e0d4ebffa""}}",stage02.3_constraint_guided_attempt16 + stage02.3_constraint_guided_rerun09,,preserve;see stage03_legacy_path_map.csv
stage03.0,measurement,stage03.0_measurement_attempt01,attempt01,stage03.0_measurement_attempt01,stage03_measurement_smoke01,smoke,r105C5,2014,"[""c101C5"", ""r105C5"", ""rc105C5"", ""c101_21"", ""r101_21"", ""rc101_21""]","[2014, 2015, 2016]",events,legacy_with_manifest_error,results/stage03.0_measurement_attempt01/r105C5/2014/stage03.0_measurement_attempt01_events_r105C5_2014.jsonl,results/stage03-measurement_smoke01/events/r105C5-alns_stage02_constraint_guided-2014.jsonl,feasible,raw manifest or sidecar is missing,not_verified,NOT_READY_FOR_STAGE03_FORMAL_MEASUREMENT,not_applicable,not_published,f3f9e88172fa288b1dc8e89d77523821ba5e43a57c28310aad8a9bd2674a1c30,computed,86c735f003164a6b75868a4abd6fe42ce178c188b4a34fb149e2813790401496,50ed2d642f7e5ab1c495f9d43526dbc7ced2cb6e3521d8207719409066db928a,eb27ec04e799ee6d39dee3d66f15128e197811afa8c664295acbdf6444176434,76d22033d8e294265956c5b8dc004397ef87b4e26c39bb679d37d7692a065a14,b226b97e0e67288aaaf85726ad855df71cb81406685c57c8e8c40cd8996aa0da,c331dbe8de7d85e72e6d4cfc7dd135b2f3451e07,False,"{""VRP-EVRP-Project-Hub"": {""dirty"": false, ""path"": ""/Users/guoyiyang/Documents/GitHub/FURP-2026-Yiyang-GUO-EVRP-TW/reference/VRP-EVRP-Project-Hub"", ""revision"": ""e3a890065105f978187e532642c4442522215e02""}, ""py-ga-VRPTW"": {""dirty"": false, ""path"": ""/Users/guoyiyang/Documents/GitHub/FURP-2026-Yiyang-GUO-EVRP-TW/reference/py-ga-VRPTW"", ""revision"": ""8e005caaaf6471a4505588d88c7f0f5e0d4ebffa""}}",stage02.3_constraint_guided_attempt16 + stage02.3_constraint_guided_rerun09,,preserve;see stage03_legacy_path_map.csv
stage03.0,measurement,stage03.0_measurement_attempt01,attempt01,stage03.0_measurement_attempt01,stage03_measurement_smoke01,smoke,r105C5,2015,"[""c101C5"", ""r105C5"", ""rc105C5"", ""c101_21"", ""r101_21"", ""rc101_21""]","[2014, 2015, 2016]",events,legacy_with_manifest_error,results/stage03.0_measurement_attempt01/r105C5/2015/stage03.0_measurement_attempt01_events_r105C5_2015.jsonl,results/stage03-measurement_smoke01/events/r105C5-alns_stage02_constraint_guided-2015.jsonl,feasible,raw manifest or sidecar is missing,not_verified,NOT_READY_FOR_STAGE03_FORMAL_MEASUREMENT,not_applicable,not_published,c41a0232cabd28ad1bbeeb4a47c383143db933169aa0f64d62344a506a1e2b5b,computed,86c735f003164a6b75868a4abd6fe42ce178c188b4a34fb149e2813790401496,50ed2d642f7e5ab1c495f9d43526dbc7ced2cb6e3521d8207719409066db928a,eb27ec04e799ee6d39dee3d66f15128e197811afa8c664295acbdf6444176434,7c93b15b629e5264fad8d1dcc6b40ca7cd2a474ea408f898e2b4d6d58fdf866a,b226b97e0e67288aaaf85726ad855df71cb81406685c57c8e8c40cd8996aa0da,c331dbe8de7d85e72e6d4cfc7dd135b2f3451e07,False,"{""VRP-EVRP-Project-Hub"": {""dirty"": false, ""path"": ""/Users/guoyiyang/Documents/GitHub/FURP-2026-Yiyang-GUO-EVRP-TW/reference/VRP-EVRP-Project-Hub"", ""revision"": ""e3a890065105f978187e532642c4442522215e02""}, ""py-ga-VRPTW"": {""dirty"": false, ""path"": ""/Users/guoyiyang/Documents/GitHub/FURP-2026-Yiyang-GUO-EVRP-TW/reference/py-ga-VRPTW"", ""revision"": ""8e005caaaf6471a4505588d88c7f0f5e0d4ebffa""}}",stage02.3_constraint_guided_attempt16 + stage02.3_constraint_guided_rerun09,,preserve;see stage03_legacy_path_map.csv
stage03.0,measurement,stage03.0_measurement_attempt01,attempt01,stage03.0_measurement_attempt01,stage03_measurement_smoke01,smoke,r105C5,2016,"[""c101C5"", ""r105C5"", ""rc105C5"", ""c101_21"", ""r101_21"", ""rc101_21""]","[2014, 2015, 2016]",events,legacy_with_manifest_error,results/stage03.0_measurement_attempt01/r105C5/2016/stage03.0_measurement_attempt01_events_r105C5_2016.jsonl,results/stage03-measurement_smoke01/events/r105C5-alns_stage02_constraint_guided-2016.jsonl,feasible,raw manifest or sidecar is missing,not_verified,NOT_READY_FOR_STAGE03_FORMAL_MEASUREMENT,not_applicable,not_published,38fbd78a5da95ad496abeda1dda546dae72e6c2e8b603d4c75ecb0f719eddd4f,computed,86c735f003164a6b75868a4abd6fe42ce178c188b4a34fb149e2813790401496,50ed2d642f7e5ab1c495f9d43526dbc7ced2cb6e3521d8207719409066db928a,eb27ec04e799ee6d39dee3d66f15128e197811afa8c664295acbdf6444176434,0dcf39e5f2ff76f3551c0e27ae7986d92109ec3de7620b63dd925cd078b54b92,b226b97e0e67288aaaf85726ad855df71cb81406685c57c8e8c40cd8996aa0da,c331dbe8de7d85e72e6d4cfc7dd135b2f3451e07,False,"{""VRP-EVRP-Project-Hub"": {""dirty"": false, ""path"": ""/Users/guoyiyang/Documents/GitHub/FURP-2026-Yiyang-GUO-EVRP-TW/reference/VRP-EVRP-Project-Hub"", ""revision"": ""e3a890065105f978187e532642c4442522215e02""}, ""py-ga-VRPTW"": {""dirty"": false, ""path"": ""/Users/guoyiyang/Documents/GitHub/FURP-2026-Yiyang-GUO-EVRP-TW/reference/py-ga-VRPTW"", ""revision"": ""8e005caaaf6471a4505588d88c7f0f5e0d4ebffa""}}",stage02.3_constraint_guided_attempt16 + stage02.3_constraint_guided_rerun09,,preserve;see stage03_legacy_path_map.csv
stage03.0,measurement,stage03.0_measurement_attempt01,attempt01,stage03.0_measurement_attempt01,stage03_measurement_smoke01,smoke,rc101_21,2014,"[""c101C5"", ""r105C5"", ""rc105C5"", ""c101_21"", ""r101_21"", ""rc101_21""]","[2014, 2015, 2016]",events,legacy_with_manifest_error,results/stage03.0_measurement_attempt01/rc101_21/2014/stage03.0_measurement_attempt01_events_rc101_21_2014.jsonl,results/stage03-measurement_smoke01/events/rc101_21-alns_stage02_constraint_guided-2014.jsonl,feasible,raw manifest or sidecar is missing,not_verified,NOT_READY_FOR_STAGE03_FORMAL_MEASUREMENT,not_applicable,not_published,757f080308587649a5abc0c9e150d90d915d04c4007ef7a532990b0c21c4cc68,computed,86c735f003164a6b75868a4abd6fe42ce178c188b4a34fb149e2813790401496,50ed2d642f7e5ab1c495f9d43526dbc7ced2cb6e3521d8207719409066db928a,272a3e58d53d4ba9516f01506164cf8a9b98bfeeb8dbd1fd62f6557e4c98e3a1,1e1d023daecb825b02f17698fdb4b6f28183e5e84ffba9984cbf4f68b752479c,b226b97e0e67288aaaf85726ad855df71cb81406685c57c8e8c40cd8996aa0da,c331dbe8de7d85e72e6d4cfc7dd135b2f3451e07,False,"{""VRP-EVRP-Project-Hub"": {""dirty"": false, ""path"": ""/Users/guoyiyang/Documents/GitHub/FURP-2026-Yiyang-GUO-EVRP-TW/reference/VRP-EVRP-Project-Hub"", ""revision"": ""e3a890065105f978187e532642c4442522215e02""}, ""py-ga-VRPTW"": {""dirty"": false, ""path"": ""/Users/guoyiyang/Documents/GitHub/FURP-2026-Yiyang-GUO-EVRP-TW/reference/py-ga-VRPTW"", ""revision"": ""8e005caaaf6471a4505588d88c7f0f5e0d4ebffa""}}",stage02.3_constraint_guided_attempt16 + stage02.3_constraint_guided_rerun09,,preserve;see stage03_legacy_path_map.csv
stage03.0,measurement,stage03.0_measurement_attempt01,attempt01,stage03.0_measurement_attempt01,stage03_measurement_smoke01,smoke,rc101_21,2015,"[""c101C5"", ""r105C5"", ""rc105C5"", ""c101_21"", ""r101_21"", ""rc101_21""]","[2014, 2015, 2016]",events,legacy_with_manifest_error,results/stage03.0_measurement_attempt01/rc101_21/2015/stage03.0_measurement_attempt01_events_rc101_21_2015.jsonl,results/stage03-measurement_smoke01/events/rc101_21-alns_stage02_constraint_guided-2015.jsonl,feasible,raw manifest or sidecar is missing,not_verified,NOT_READY_FOR_STAGE03_FORMAL_MEASUREMENT,not_applicable,not_published,10d5e7e107eb7d54b8cbb9a134cc0f4d2f5bba2f04ed2e04516523cba1635b2e,computed,86c735f003164a6b75868a4abd6fe42ce178c188b4a34fb149e2813790401496,50ed2d642f7e5ab1c495f9d43526dbc7ced2cb6e3521d8207719409066db928a,272a3e58d53d4ba9516f01506164cf8a9b98bfeeb8dbd1fd62f6557e4c98e3a1,715775903d666646e71ddca8b432467e168be4e4b808d342069abf0a44023f13,b226b97e0e67288aaaf85726ad855df71cb81406685c57c8e8c40cd8996aa0da,c331dbe8de7d85e72e6d4cfc7dd135b2f3451e07,False,"{""VRP-EVRP-Project-Hub"": {""dirty"": false, ""path"": ""/Users/guoyiyang/Documents/GitHub/FURP-2026-Yiyang-GUO-EVRP-TW/reference/VRP-EVRP-Project-Hub"", ""revision"": ""e3a890065105f978187e532642c4442522215e02""}, ""py-ga-VRPTW"": {""dirty"": false, ""path"": ""/Users/guoyiyang/Documents/GitHub/FURP-2026-Yiyang-GUO-EVRP-TW/reference/py-ga-VRPTW"", ""revision"": ""8e005caaaf6471a4505588d88c7f0f5e0d4ebffa""}}",stage02.3_constraint_guided_attempt16 + stage02.3_constraint_guided_rerun09,,preserve;see stage03_legacy_path_map.csv
stage03.0,measurement,stage03.0_measurement_attempt01,attempt01,stage03.0_measurement_attempt01,stage03_measurement_smoke01,smoke,rc101_21,2016,"[""c101C5"", ""r105C5"", ""rc105C5"", ""c101_21"", ""r101_21"", ""rc101_21""]","[2014, 2015, 2016]",events,legacy_with_manifest_error,results/stage03.0_measurement_attempt01/rc101_21/2016/stage03.0_measurement_attempt01_events_rc101_21_2016.jsonl,results/stage03-measurement_smoke01/events/rc101_21-alns_stage02_constraint_guided-2016.jsonl,feasible,raw manifest or sidecar is missing,not_verified,NOT_READY_FOR_STAGE03_FORMAL_MEASUREMENT,not_applicable,not_published,d98531b7f977057f93dfb437442ef7eee9c4d7dae976aad67318b5c9fd7908ab,computed,86c735f003164a6b75868a4abd6fe42ce178c188b4a34fb149e2813790401496,50ed2d642f7e5ab1c495f9d43526dbc7ced2cb6e3521d8207719409066db928a,272a3e58d53d4ba9516f01506164cf8a9b98bfeeb8dbd1fd62f6557e4c98e3a1,3d23641aa68e698b3a0566d18b1520b0bf80f868581ef30b3ea6eef33d046fec,b226b97e0e67288aaaf85726ad855df71cb81406685c57c8e8c40cd8996aa0da,c331dbe8de7d85e72e6d4cfc7dd135b2f3451e07,False,"{""VRP-EVRP-Project-Hub"": {""dirty"": false, ""path"": ""/Users/guoyiyang/Documents/GitHub/FURP-2026-Yiyang-GUO-EVRP-TW/reference/VRP-EVRP-Project-Hub"", ""revision"": ""e3a890065105f978187e532642c4442522215e02""}, ""py-ga-VRPTW"": {""dirty"": false, ""path"": ""/Users/guoyiyang/Documents/GitHub/FURP-2026-Yiyang-GUO-EVRP-TW/reference/py-ga-VRPTW"", ""revision"": ""8e005caaaf6471a4505588d88c7f0f5e0d4ebffa""}}",stage02.3_constraint_guided_attempt16 + stage02.3_constraint_guided_rerun09,,preserve;see stage03_legacy_path_map.csv
stage03.0,measurement,stage03.0_measurement_attempt01,attempt01,stage03.0_measurement_attempt01,stage03_measurement_smoke01,smoke,rc105C5,2014,"[""c101C5"", ""r105C5"", ""rc105C5"", ""c101_21"", ""r101_21"", ""rc101_21""]","[2014, 2015, 2016]",events,legacy_with_manifest_error,results/stage03.0_measurement_attempt01/rc105C5/2014/stage03.0_measurement_attempt01_events_rc105C5_2014.jsonl,results/stage03-measurement_smoke01/events/rc105C5-alns_stage02_constraint_guided-2014.jsonl,feasible,raw manifest or sidecar is missing,not_verified,NOT_READY_FOR_STAGE03_FORMAL_MEASUREMENT,not_applicable,not_published,858f7c47277443285fe1ebf7e58e89ef7cacd8ed2874d01a033beec82d064bfd,computed,86c735f003164a6b75868a4abd6fe42ce178c188b4a34fb149e2813790401496,50ed2d642f7e5ab1c495f9d43526dbc7ced2cb6e3521d8207719409066db928a,2ccfba6c447fa43a994934690acb67c7355ca04d232394907ed6938bc362c643,cc550ee409da1b46ee3dd0a71781eca45b089ecc3fe33a4c7907cf8d16468271,b226b97e0e67288aaaf85726ad855df71cb81406685c57c8e8c40cd8996aa0da,c331dbe8de7d85e72e6d4cfc7dd135b2f3451e07,False,"{""VRP-EVRP-Project-Hub"": {""dirty"": false, ""path"": ""/Users/guoyiyang/Documents/GitHub/FURP-2026-Yiyang-GUO-EVRP-TW/reference/VRP-EVRP-Project-Hub"", ""revision"": ""e3a890065105f978187e532642c4442522215e02""}, ""py-ga-VRPTW"": {""dirty"": false, ""path"": ""/Users/guoyiyang/Documents/GitHub/FURP-2026-Yiyang-GUO-EVRP-TW/reference/py-ga-VRPTW"", ""revision"": ""8e005caaaf6471a4505588d88c7f0f5e0d4ebffa""}}",stage02.3_constraint_guided_attempt16 + stage02.3_constraint_guided_rerun09,,preserve;see stage03_legacy_path_map.csv
stage03.0,measurement,stage03.0_measurement_attempt01,attempt01,stage03.0_measurement_attempt01,stage03_measurement_smoke01,smoke,rc105C5,2015,"[""c101C5"", ""r105C5"", ""rc105C5"", ""c101_21"", ""r101_21"", ""rc101_21""]","[2014, 2015, 2016]",events,legacy_with_manifest_error,results/stage03.0_measurement_attempt01/rc105C5/2015/stage03.0_measurement_attempt01_events_rc105C5_2015.jsonl,results/stage03-measurement_smoke01/events/rc105C5-alns_stage02_constraint_guided-2015.jsonl,feasible,raw manifest or sidecar is missing,not_verified,NOT_READY_FOR_STAGE03_FORMAL_MEASUREMENT,not_applicable,not_published,8565770b4d2add1087402436633587ebc79a59e972fb0729181e3ca3bcdec285,computed,86c735f003164a6b75868a4abd6fe42ce178c188b4a34fb149e2813790401496,50ed2d642f7e5ab1c495f9d43526dbc7ced2cb6e3521d8207719409066db928a,2ccfba6c447fa43a994934690acb67c7355ca04d232394907ed6938bc362c643,ded180cd47e28f9fd9edc5caea8b8380ed2e697868df41f254e178992cc88c95,b226b97e0e67288aaaf85726ad855df71cb81406685c57c8e8c40cd8996aa0da,c331dbe8de7d85e72e6d4cfc7dd135b2f3451e07,False,"{""VRP-EVRP-Project-Hub"": {""dirty"": false, ""path"": ""/Users/guoyiyang/Documents/GitHub/FURP-2026-Yiyang-GUO-EVRP-TW/reference/VRP-EVRP-Project-Hub"", ""revision"": ""e3a890065105f978187e532642c4442522215e02""}, ""py-ga-VRPTW"": {""dirty"": false, ""path"": ""/Users/guoyiyang/Documents/GitHub/FURP-2026-Yiyang-GUO-EVRP-TW/reference/py-ga-VRPTW"", ""revision"": ""8e005caaaf6471a4505588d88c7f0f5e0d4ebffa""}}",stage02.3_constraint_guided_attempt16 + stage02.3_constraint_guided_rerun09,,preserve;see stage03_legacy_path_map.csv
stage03.0,measurement,stage03.0_measurement_attempt01,attempt01,stage03.0_measurement_attempt01,stage03_measurement_smoke01,smoke,rc105C5,2016,"[""c101C5"", ""r105C5"", ""rc105C5"", ""c101_21"", ""r101_21"", ""rc101_21""]","[2014, 2015, 2016]",events,legacy_with_manifest_error,results/stage03.0_measurement_attempt01/rc105C5/2016/stage03.0_measurement_attempt01_events_rc105C5_2016.jsonl,results/stage03-measurement_smoke01/events/rc105C5-alns_stage02_constraint_guided-2016.jsonl,feasible,raw manifest or sidecar is missing,not_verified,NOT_READY_FOR_STAGE03_FORMAL_MEASUREMENT,not_applicable,not_published,07e9c8449a292b3fef35f0e5deff94c036d22acf5419a06e20a3ed52ff204f6b,computed,86c735f003164a6b75868a4abd6fe42ce178c188b4a34fb149e2813790401496,50ed2d642f7e5ab1c495f9d43526dbc7ced2cb6e3521d8207719409066db928a,2ccfba6c447fa43a994934690acb67c7355ca04d232394907ed6938bc362c643,c002bbfd8358195a56fc06a82f2cccb43c418649f6c64f064a6ef806d28f7cb1,b226b97e0e67288aaaf85726ad855df71cb81406685c57c8e8c40cd8996aa0da,c331dbe8de7d85e72e6d4cfc7dd135b2f3451e07,False,"{""VRP-EVRP-Project-Hub"": {""dirty"": false, ""path"": ""/Users/guoyiyang/Documents/GitHub/FURP-2026-Yiyang-GUO-EVRP-TW/reference/VRP-EVRP-Project-Hub"", ""revision"": ""e3a890065105f978187e532642c4442522215e02""}, ""py-ga-VRPTW"": {""dirty"": false, ""path"": ""/Users/guoyiyang/Documents/GitHub/FURP-2026-Yiyang-GUO-EVRP-TW/reference/py-ga-VRPTW"", ""revision"": ""8e005caaaf6471a4505588d88c7f0f5e0d4ebffa""}}",stage02.3_constraint_guided_attempt16 + stage02.3_constraint_guided_rerun09,,preserve;see stage03_legacy_path_map.csv
stage03.0,measurement,stage03.0_measurement_attempt01,attempt01,stage03.0_measurement_attempt01,stage03_measurement_smoke01,smoke,__all__,__all__,"[""c101C5"", ""r105C5"", ""rc105C5"", ""c101_21"", ""r101_21"", ""rc101_21""]","[2014, 2015, 2016]",manifest,legacy_with_manifest_error,results/stage03.0_measurement_attempt01/control/stage03.0_measurement_attempt01_manifest.json,results/stage03-measurement_smoke01/manifest.json,feasible,raw manifest or sidecar is missing,not_verified,NOT_READY_FOR_STAGE03_FORMAL_MEASUREMENT,not_applicable,not_published,ad48183d8949ecb3784dceb463f80b35cb924be9421c35c9cb30b066b538f4d7,computed,86c735f003164a6b75868a4abd6fe42ce178c188b4a34fb149e2813790401496,50ed2d642f7e5ab1c495f9d43526dbc7ced2cb6e3521d8207719409066db928a,,,b226b97e0e67288aaaf85726ad855df71cb81406685c57c8e8c40cd8996aa0da,c331dbe8de7d85e72e6d4cfc7dd135b2f3451e07,False,"{""VRP-EVRP-Project-Hub"": {""dirty"": false, ""path"": ""/Users/guoyiyang/Documents/GitHub/FURP-2026-Yiyang-GUO-EVRP-TW/reference/VRP-EVRP-Project-Hub"", ""revision"": ""e3a890065105f978187e532642c4442522215e02""}, ""py-ga-VRPTW"": {""dirty"": false, ""path"": ""/Users/guoyiyang/Documents/GitHub/FURP-2026-Yiyang-GUO-EVRP-TW/reference/py-ga-VRPTW"", ""revision"": ""8e005caaaf6471a4505588d88c7f0f5e0d4ebffa""}}",stage02.3_constraint_guided_attempt16 + stage02.3_constraint_guided_rerun09,,preserve;see stage03_legacy_path_map.csv
stage03.0,measurement,stage03.0_measurement_attempt01,attempt01,stage03.0_measurement_attempt01,stage03_measurement_smoke01,smoke,__all__,__all__,"[""c101C5"", ""r105C5"", ""rc105C5"", ""c101_21"", ""r101_21"", ""rc101_21""]","[2014, 2015, 2016]",config,legacy_with_manifest_error,results/stage03.0_measurement_attempt01/control/stage03.0_measurement_attempt01_config.toml,results/stage03-measurement_smoke01/parameters.toml,feasible,raw manifest or sidecar is missing,not_verified,NOT_READY_FOR_STAGE03_FORMAL_MEASUREMENT,not_applicable,not_published,50ed2d642f7e5ab1c495f9d43526dbc7ced2cb6e3521d8207719409066db928a,computed,86c735f003164a6b75868a4abd6fe42ce178c188b4a34fb149e2813790401496,50ed2d642f7e5ab1c495f9d43526dbc7ced2cb6e3521d8207719409066db928a,,,b226b97e0e67288aaaf85726ad855df71cb81406685c57c8e8c40cd8996aa0da,c331dbe8de7d85e72e6d4cfc7dd135b2f3451e07,False,"{""VRP-EVRP-Project-Hub"": {""dirty"": false, ""path"": ""/Users/guoyiyang/Documents/GitHub/FURP-2026-Yiyang-GUO-EVRP-TW/reference/VRP-EVRP-Project-Hub"", ""revision"": ""e3a890065105f978187e532642c4442522215e02""}, ""py-ga-VRPTW"": {""dirty"": false, ""path"": ""/Users/guoyiyang/Documents/GitHub/FURP-2026-Yiyang-GUO-EVRP-TW/reference/py-ga-VRPTW"", ""revision"": ""8e005caaaf6471a4505588d88c7f0f5e0d4ebffa""}}",stage02.3_constraint_guided_attempt16 + stage02.3_constraint_guided_rerun09,,preserve;see stage03_legacy_path_map.csv
stage03.0,measurement,stage03.0_measurement_attempt01,attempt01,stage03.0_measurement_attempt01,stage03_measurement_smoke01,smoke,c101C5,2014,"[""c101C5"", ""r105C5"", ""rc105C5"", ""c101_21"", ""r101_21"", ""rc101_21""]","[2014, 2015, 2016]",raw,legacy_with_manifest_error,results/stage03.0_measurement_attempt01/c101C5/2014/stage03.0_measurement_attempt01_raw_c101C5_2014.json,results/stage03-measurement_smoke01/raw/c101C5-alns_stage02_constraint_guided-2014.json,feasible,raw manifest or sidecar is missing,not_verified,NOT_READY_FOR_STAGE03_FORMAL_MEASUREMENT,not_applicable,not_published,6d43ecf48809a5f34c91118139ced3ac9a3aace1a64c8ac068a3598be20375ad,computed,86c735f003164a6b75868a4abd6fe42ce178c188b4a34fb149e2813790401496,50ed2d642f7e5ab1c495f9d43526dbc7ced2cb6e3521d8207719409066db928a,8612d6d9aad051776097a5e50c7408f39352b8107b0639d58e5eda713f9ff876,29761e9c85996dfe52bf9d1abfcf7a6ced698184bb6656c516c4d48784a6d88a,b226b97e0e67288aaaf85726ad855df71cb81406685c57c8e8c40cd8996aa0da,c331dbe8de7d85e72e6d4cfc7dd135b2f3451e07,False,"{""VRP-EVRP-Project-Hub"": {""dirty"": false, ""path"": ""/Users/guoyiyang/Documents/GitHub/FURP-2026-Yiyang-GUO-EVRP-TW/reference/VRP-EVRP-Project-Hub"", ""revision"": ""e3a890065105f978187e532642c4442522215e02""}, ""py-ga-VRPTW"": {""dirty"": false, ""path"": ""/Users/guoyiyang/Documents/GitHub/FURP-2026-Yiyang-GUO-EVRP-TW/reference/py-ga-VRPTW"", ""revision"": ""8e005caaaf6471a4505588d88c7f0f5e0d4ebffa""}}",stage02.3_constraint_guided_attempt16 + stage02.3_constraint_guided_rerun09,,preserve;see stage03_legacy_path_map.csv
stage03.0,measurement,stage03.0_measurement_attempt01,attempt01,stage03.0_measurement_attempt01,stage03_measurement_smoke01,smoke,c101C5,2015,"[""c101C5"", ""r105C5"", ""rc105C5"", ""c101_21"", ""r101_21"", ""rc101_21""]","[2014, 2015, 2016]",raw,legacy_with_manifest_error,results/stage03.0_measurement_attempt01/c101C5/2015/stage03.0_measurement_attempt01_raw_c101C5_2015.json,results/stage03-measurement_smoke01/raw/c101C5-alns_stage02_constraint_guided-2015.json,feasible,raw manifest or sidecar is missing,not_verified,NOT_READY_FOR_STAGE03_FORMAL_MEASUREMENT,not_applicable,not_published,1bcd62a7d67f7734de426cc20f7a8f916b3adbbcb15f7c2d3922ffe21ccd6d2d,computed,86c735f003164a6b75868a4abd6fe42ce178c188b4a34fb149e2813790401496,50ed2d642f7e5ab1c495f9d43526dbc7ced2cb6e3521d8207719409066db928a,8612d6d9aad051776097a5e50c7408f39352b8107b0639d58e5eda713f9ff876,dc9ace6d61a7c395e1f0fb1b303af1302de0b6596d8fedd5659fccbd8d250ffa,b226b97e0e67288aaaf85726ad855df71cb81406685c57c8e8c40cd8996aa0da,c331dbe8de7d85e72e6d4cfc7dd135b2f3451e07,False,"{""VRP-EVRP-Project-Hub"": {""dirty"": false, ""path"": ""/Users/guoyiyang/Documents/GitHub/FURP-2026-Yiyang-GUO-EVRP-TW/reference/VRP-EVRP-Project-Hub"", ""revision"": ""e3a890065105f978187e532642c4442522215e02""}, ""py-ga-VRPTW"": {""dirty"": false, ""path"": ""/Users/guoyiyang/Documents/GitHub/FURP-2026-Yiyang-GUO-EVRP-TW/reference/py-ga-VRPTW"", ""revision"": ""8e005caaaf6471a4505588d88c7f0f5e0d4ebffa""}}",stage02.3_constraint_guided_attempt16 + stage02.3_constraint_guided_rerun09,,preserve;see stage03_legacy_path_map.csv
stage03.0,measurement,stage03.0_measurement_attempt01,attempt01,stage03.0_measurement_attempt01,stage03_measurement_smoke01,smoke,c101C5,2016,"[""c101C5"", ""r105C5"", ""rc105C5"", ""c101_21"", ""r101_21"", ""rc101_21""]","[2014, 2015, 2016]",raw,legacy_with_manifest_error,results/stage03.0_measurement_attempt01/c101C5/2016/stage03.0_measurement_attempt01_raw_c101C5_2016.json,results/stage03-measurement_smoke01/raw/c101C5-alns_stage02_constraint_guided-2016.json,feasible,raw manifest or sidecar is missing,not_verified,NOT_READY_FOR_STAGE03_FORMAL_MEASUREMENT,not_applicable,not_published,7eb0521d5fd2137de0250d969baf6bfb5f905ae2532bda47b8adf8e76192cdb9,computed,86c735f003164a6b75868a4abd6fe42ce178c188b4a34fb149e2813790401496,50ed2d642f7e5ab1c495f9d43526dbc7ced2cb6e3521d8207719409066db928a,8612d6d9aad051776097a5e50c7408f39352b8107b0639d58e5eda713f9ff876,bea4c69838d7fb779759434ad2dc24e7a8e3c93bb43751b32bad5b3650350cfd,b226b97e0e67288aaaf85726ad855df71cb81406685c57c8e8c40cd8996aa0da,c331dbe8de7d85e72e6d4cfc7dd135b2f3451e07,False,"{""VRP-EVRP-Project-Hub"": {""dirty"": false, ""path"": ""/Users/guoyiyang/Documents/GitHub/FURP-2026-Yiyang-GUO-EVRP-TW/reference/VRP-EVRP-Project-Hub"", ""revision"": ""e3a890065105f978187e532642c4442522215e02""}, ""py-ga-VRPTW"": {""dirty"": false, ""path"": ""/Users/guoyiyang/Documents/GitHub/FURP-2026-Yiyang-GUO-EVRP-TW/reference/py-ga-VRPTW"", ""revision"": ""8e005caaaf6471a4505588d88c7f0f5e0d4ebffa""}}",stage02.3_constraint_guided_attempt16 + stage02.3_constraint_guided_rerun09,,preserve;see stage03_legacy_path_map.csv
stage03.0,measurement,stage03.0_measurement_attempt01,attempt01,stage03.0_measurement_attempt01,stage03_measurement_smoke01,smoke,c101_21,2014,"[""c101C5"", ""r105C5"", ""rc105C5"", ""c101_21"", ""r101_21"", ""rc101_21""]","[2014, 2015, 2016]",raw,legacy_with_manifest_error,results/stage03.0_measurement_attempt01/c101_21/2014/stage03.0_measurement_attempt01_raw_c101_21_2014.json,results/stage03-measurement_smoke01/raw/c101_21-alns_stage02_constraint_guided-2014.json,feasible,raw manifest or sidecar is missing,not_verified,NOT_READY_FOR_STAGE03_FORMAL_MEASUREMENT,not_applicable,not_published,1eb323d7f1350d9384c7644baf93e7783b61305b4fe7bb789f4fe01a77c700cc,computed,86c735f003164a6b75868a4abd6fe42ce178c188b4a34fb149e2813790401496,50ed2d642f7e5ab1c495f9d43526dbc7ced2cb6e3521d8207719409066db928a,c5cda6ca63a7d518902cf4b02d98b4aa0f373aaa0658d5c666d1c46d38871cb9,bded1ccbb12bd55b35dc579359f8cb164a073ccd8ea21fa86f8187a482e8dec0,b226b97e0e67288aaaf85726ad855df71cb81406685c57c8e8c40cd8996aa0da,c331dbe8de7d85e72e6d4cfc7dd135b2f3451e07,False,"{""VRP-EVRP-Project-Hub"": {""dirty"": false, ""path"": ""/Users/guoyiyang/Documents/GitHub/FURP-2026-Yiyang-GUO-EVRP-TW/reference/VRP-EVRP-Project-Hub"", ""revision"": ""e3a890065105f978187e532642c4442522215e02""}, ""py-ga-VRPTW"": {""dirty"": false, ""path"": ""/Users/guoyiyang/Documents/GitHub/FURP-2026-Yiyang-GUO-EVRP-TW/reference/py-ga-VRPTW"", ""revision"": ""8e005caaaf6471a4505588d88c7f0f5e0d4ebffa""}}",stage02.3_constraint_guided_attempt16 + stage02.3_constraint_guided_rerun09,,preserve;see stage03_legacy_path_map.csv
stage03.0,measurement,stage03.0_measurement_attempt01,attempt01,stage03.0_measurement_attempt01,stage03_measurement_smoke01,smoke,c101_21,2015,"[""c101C5"", ""r105C5"", ""rc105C5"", ""c101_21"", ""r101_21"", ""rc101_21""]","[2014, 2015, 2016]",raw,legacy_with_manifest_error,results/stage03.0_measurement_attempt01/c101_21/2015/stage03.0_measurement_attempt01_raw_c101_21_2015.json,results/stage03-measurement_smoke01/raw/c101_21-alns_stage02_constraint_guided-2015.json,feasible,raw manifest or sidecar is missing,not_verified,NOT_READY_FOR_STAGE03_FORMAL_MEASUREMENT,not_applicable,not_published,b73bdc2522f5d00e221b760dec6dccac56402bf8fcbf09c457a2b8293695202a,computed,86c735f003164a6b75868a4abd6fe42ce178c188b4a34fb149e2813790401496,50ed2d642f7e5ab1c495f9d43526dbc7ced2cb6e3521d8207719409066db928a,c5cda6ca63a7d518902cf4b02d98b4aa0f373aaa0658d5c666d1c46d38871cb9,7556d9ef639941c5ae3fa8fe48ce415fb8f456f273af53d276d49fc434e519a2,b226b97e0e67288aaaf85726ad855df71cb81406685c57c8e8c40cd8996aa0da,c331dbe8de7d85e72e6d4cfc7dd135b2f3451e07,False,"{""VRP-EVRP-Project-Hub"": {""dirty"": false, ""path"": ""/Users/guoyiyang/Documents/GitHub/FURP-2026-Yiyang-GUO-EVRP-TW/reference/VRP-EVRP-Project-Hub"", ""revision"": ""e3a890065105f978187e532642c4442522215e02""}, ""py-ga-VRPTW"": {""dirty"": false, ""path"": ""/Users/guoyiyang/Documents/GitHub/FURP-2026-Yiyang-GUO-EVRP-TW/reference/py-ga-VRPTW"", ""revision"": ""8e005caaaf6471a4505588d88c7f0f5e0d4ebffa""}}",stage02.3_constraint_guided_attempt16 + stage02.3_constraint_guided_rerun09,,preserve;see stage03_legacy_path_map.csv
stage03.0,measurement,stage03.0_measurement_attempt01,attempt01,stage03.0_measurement_attempt01,stage03_measurement_smoke01,smoke,c101_21,2016,"[""c101C5"", ""r105C5"", ""rc105C5"", ""c101_21"", ""r101_21"", ""rc101_21""]","[2014, 2015, 2016]",raw,legacy_with_manifest_error,results/stage03.0_measurement_attempt01/c101_21/2016/stage03.0_measurement_attempt01_raw_c101_21_2016.json,results/stage03-measurement_smoke01/raw/c101_21-alns_stage02_constraint_guided-2016.json,feasible,raw manifest or sidecar is missing,not_verified,NOT_READY_FOR_STAGE03_FORMAL_MEASUREMENT,not_applicable,not_published,14508ce72cc4412891ea090c9670e6ba843e3b2b6cedf92d26151f1a70bf727f,computed,86c735f003164a6b75868a4abd6fe42ce178c188b4a34fb149e2813790401496,50ed2d642f7e5ab1c495f9d43526dbc7ced2cb6e3521d8207719409066db928a,c5cda6ca63a7d518902cf4b02d98b4aa0f373aaa0658d5c666d1c46d38871cb9,265ff13c241113039b279ae8fd79c78a0dff798f72e8d667c4637f90039c3761,b226b97e0e67288aaaf85726ad855df71cb81406685c57c8e8c40cd8996aa0da,c331dbe8de7d85e72e6d4cfc7dd135b2f3451e07,False,"{""VRP-EVRP-Project-Hub"": {""dirty"": false, ""path"": ""/Users/guoyiyang/Documents/GitHub/FURP-2026-Yiyang-GUO-EVRP-TW/reference/VRP-EVRP-Project-Hub"", ""revision"": ""e3a890065105f978187e532642c4442522215e02""}, ""py-ga-VRPTW"": {""dirty"": false, ""path"": ""/Users/guoyiyang/Documents/GitHub/FURP-2026-Yiyang-GUO-EVRP-TW/reference/py-ga-VRPTW"", ""revision"": ""8e005caaaf6471a4505588d88c7f0f5e0d4ebffa""}}",stage02.3_constraint_guided_attempt16 + stage02.3_constraint_guided_rerun09,,preserve;see stage03_legacy_path_map.csv
stage03.0,measurement,stage03.0_measurement_attempt01,attempt01,stage03.0_measurement_attempt01,stage03_measurement_smoke01,smoke,r101_21,2014,"[""c101C5"", ""r105C5"", ""rc105C5"", ""c101_21"", ""r101_21"", ""rc101_21""]","[2014, 2015, 2016]",raw,legacy_with_manifest_error,results/stage03.0_measurement_attempt01/r101_21/2014/stage03.0_measurement_attempt01_raw_r101_21_2014.json,results/stage03-measurement_smoke01/raw/r101_21-alns_stage02_constraint_guided-2014.json,feasible,raw manifest or sidecar is missing,not_verified,NOT_READY_FOR_STAGE03_FORMAL_MEASUREMENT,not_applicable,not_published,206b300562d058238780841f53d086d209a4bc64179b6b8840d886fbde1f98df,computed,86c735f003164a6b75868a4abd6fe42ce178c188b4a34fb149e2813790401496,50ed2d642f7e5ab1c495f9d43526dbc7ced2cb6e3521d8207719409066db928a,0e5a3dffffbd3c516b528ef32ba1a488b817d2f151fc3e8c81023814de1c103a,23e56e85e58743345c96cb703af6203224d46ff58003d88978b04a06ed604381,b226b97e0e67288aaaf85726ad855df71cb81406685c57c8e8c40cd8996aa0da,c331dbe8de7d85e72e6d4cfc7dd135b2f3451e07,False,"{""VRP-EVRP-Project-Hub"": {""dirty"": false, ""path"": ""/Users/guoyiyang/Documents/GitHub/FURP-2026-Yiyang-GUO-EVRP-TW/reference/VRP-EVRP-Project-Hub"", ""revision"": ""e3a890065105f978187e532642c4442522215e02""}, ""py-ga-VRPTW"": {""dirty"": false, ""path"": ""/Users/guoyiyang/Documents/GitHub/FURP-2026-Yiyang-GUO-EVRP-TW/reference/py-ga-VRPTW"", ""revision"": ""8e005caaaf6471a4505588d88c7f0f5e0d4ebffa""}}",stage02.3_constraint_guided_attempt16 + stage02.3_constraint_guided_rerun09,,preserve;see stage03_legacy_path_map.csv
stage03.0,measurement,stage03.0_measurement_attempt01,attempt01,stage03.0_measurement_attempt01,stage03_measurement_smoke01,smoke,r101_21,2015,"[""c101C5"", ""r105C5"", ""rc105C5"", ""c101_21"", ""r101_21"", ""rc101_21""]","[2014, 2015, 2016]",raw,legacy_with_manifest_error,results/stage03.0_measurement_attempt01/r101_21/2015/stage03.0_measurement_attempt01_raw_r101_21_2015.json,results/stage03-measurement_smoke01/raw/r101_21-alns_stage02_constraint_guided-2015.json,feasible,raw manifest or sidecar is missing,not_verified,NOT_READY_FOR_STAGE03_FORMAL_MEASUREMENT,not_applicable,not_published,a3a4d60c306da6596e589b580581c47646b4745d79247242b086ad6f2f848f50,computed,86c735f003164a6b75868a4abd6fe42ce178c188b4a34fb149e2813790401496,50ed2d642f7e5ab1c495f9d43526dbc7ced2cb6e3521d8207719409066db928a,0e5a3dffffbd3c516b528ef32ba1a488b817d2f151fc3e8c81023814de1c103a,daece5e030c58e767abbce387421a937690b669c96d5f48105f14f4fffb52dd5,b226b97e0e67288aaaf85726ad855df71cb81406685c57c8e8c40cd8996aa0da,c331dbe8de7d85e72e6d4cfc7dd135b2f3451e07,False,"{""VRP-EVRP-Project-Hub"": {""dirty"": false, ""path"": ""/Users/guoyiyang/Documents/GitHub/FURP-2026-Yiyang-GUO-EVRP-TW/reference/VRP-EVRP-Project-Hub"", ""revision"": ""e3a890065105f978187e532642c4442522215e02""}, ""py-ga-VRPTW"": {""dirty"": false, ""path"": ""/Users/guoyiyang/Documents/GitHub/FURP-2026-Yiyang-GUO-EVRP-TW/reference/py-ga-VRPTW"", ""revision"": ""8e005caaaf6471a4505588d88c7f0f5e0d4ebffa""}}",stage02.3_constraint_guided_attempt16 + stage02.3_constraint_guided_rerun09,,preserve;see stage03_legacy_path_map.csv
stage03.0,measurement,stage03.0_measurement_attempt01,attempt01,stage03.0_measurement_attempt01,stage03_measurement_smoke01,smoke,r101_21,2016,"[""c101C5"", ""r105C5"", ""rc105C5"", ""c101_21"", ""r101_21"", ""rc101_21""]","[2014, 2015, 2016]",raw,legacy_with_manifest_error,results/stage03.0_measurement_attempt01/r101_21/2016/stage03.0_measurement_attempt01_raw_r101_21_2016.json,results/stage03-measurement_smoke01/raw/r101_21-alns_stage02_constraint_guided-2016.json,feasible,raw manifest or sidecar is missing,not_verified,NOT_READY_FOR_STAGE03_FORMAL_MEASUREMENT,not_applicable,not_published,1f2289dfae829be5c6fe148cba9b1c9105d893752880222f089f7d9912a86135,computed,86c735f003164a6b75868a4abd6fe42ce178c188b4a34fb149e2813790401496,50ed2d642f7e5ab1c495f9d43526dbc7ced2cb6e3521d8207719409066db928a,0e5a3dffffbd3c516b528ef32ba1a488b817d2f151fc3e8c81023814de1c103a,0e8272910fcbda9c5e16bd0f2f60cb8cb7b3ce8f1c8daa97448d6f0e8e252797,b226b97e0e67288aaaf85726ad855df71cb81406685c57c8e8c40cd8996aa0da,c331dbe8de7d85e72e6d4cfc7dd135b2f3451e07,False,"{""VRP-EVRP-Project-Hub"": {""dirty"": false, ""path"": ""/Users/guoyiyang/Documents/GitHub/FURP-2026-Yiyang-GUO-EVRP-TW/reference/VRP-EVRP-Project-Hub"", ""revision"": ""e3a890065105f978187e532642c4442522215e02""}, ""py-ga-VRPTW"": {""dirty"": false, ""path"": ""/Users/guoyiyang/Documents/GitHub/FURP-2026-Yiyang-GUO-EVRP-TW/reference/py-ga-VRPTW"", ""revision"": ""8e005caaaf6471a4505588d88c7f0f5e0d4ebffa""}}",stage02.3_constraint_guided_attempt16 + stage02.3_constraint_guided_rerun09,,preserve;see stage03_legacy_path_map.csv
stage03.0,measurement,stage03.0_measurement_attempt01,attempt01,stage03.0_measurement_attempt01,stage03_measurement_smoke01,smoke,r105C5,2014,"[""c101C5"", ""r105C5"", ""rc105C5"", ""c101_21"", ""r101_21"", ""rc101_21""]","[2014, 2015, 2016]",raw,legacy_with_manifest_error,results/stage03.0_measurement_attempt01/r105C5/2014/stage03.0_measurement_attempt01_raw_r105C5_2014.json,results/stage03-measurement_smoke01/raw/r105C5-alns_stage02_constraint_guided-2014.json,feasible,raw manifest or sidecar is missing,not_verified,NOT_READY_FOR_STAGE03_FORMAL_MEASUREMENT,not_applicable,not_published,7c49fa7ce1c0cd2931f893d31af587290a3ee2fd9ffdec7f41d8e5aea5024a48,computed,86c735f003164a6b75868a4abd6fe42ce178c188b4a34fb149e2813790401496,50ed2d642f7e5ab1c495f9d43526dbc7ced2cb6e3521d8207719409066db928a,eb27ec04e799ee6d39dee3d66f15128e197811afa8c664295acbdf6444176434,76d22033d8e294265956c5b8dc004397ef87b4e26c39bb679d37d7692a065a14,b226b97e0e67288aaaf85726ad855df71cb81406685c57c8e8c40cd8996aa0da,c331dbe8de7d85e72e6d4cfc7dd135b2f3451e07,False,"{""VRP-EVRP-Project-Hub"": {""dirty"": false, ""path"": ""/Users/guoyiyang/Documents/GitHub/FURP-2026-Yiyang-GUO-EVRP-TW/reference/VRP-EVRP-Project-Hub"", ""revision"": ""e3a890065105f978187e532642c4442522215e02""}, ""py-ga-VRPTW"": {""dirty"": false, ""path"": ""/Users/guoyiyang/Documents/GitHub/FURP-2026-Yiyang-GUO-EVRP-TW/reference/py-ga-VRPTW"", ""revision"": ""8e005caaaf6471a4505588d88c7f0f5e0d4ebffa""}}",stage02.3_constraint_guided_attempt16 + stage02.3_constraint_guided_rerun09,,preserve;see stage03_legacy_path_map.csv
stage03.0,measurement,stage03.0_measurement_attempt01,attempt01,stage03.0_measurement_attempt01,stage03_measurement_smoke01,smoke,r105C5,2015,"[""c101C5"", ""r105C5"", ""rc105C5"", ""c101_21"", ""r101_21"", ""rc101_21""]","[2014, 2015, 2016]",raw,legacy_with_manifest_error,results/stage03.0_measurement_attempt01/r105C5/2015/stage03.0_measurement_attempt01_raw_r105C5_2015.json,results/stage03-measurement_smoke01/raw/r105C5-alns_stage02_constraint_guided-2015.json,feasible,raw manifest or sidecar is missing,not_verified,NOT_READY_FOR_STAGE03_FORMAL_MEASUREMENT,not_applicable,not_published,40999add6ecb52b8dd59e9ddf597a3e7639a3693e86ece1cf27cac39b3519426,computed,86c735f003164a6b75868a4abd6fe42ce178c188b4a34fb149e2813790401496,50ed2d642f7e5ab1c495f9d43526dbc7ced2cb6e3521d8207719409066db928a,eb27ec04e799ee6d39dee3d66f15128e197811afa8c664295acbdf6444176434,7c93b15b629e5264fad8d1dcc6b40ca7cd2a474ea408f898e2b4d6d58fdf866a,b226b97e0e67288aaaf85726ad855df71cb81406685c57c8e8c40cd8996aa0da,c331dbe8de7d85e72e6d4cfc7dd135b2f3451e07,False,"{""VRP-EVRP-Project-Hub"": {""dirty"": false, ""path"": ""/Users/guoyiyang/Documents/GitHub/FURP-2026-Yiyang-GUO-EVRP-TW/reference/VRP-EVRP-Project-Hub"", ""revision"": ""e3a890065105f978187e532642c4442522215e02""}, ""py-ga-VRPTW"": {""dirty"": false, ""path"": ""/Users/guoyiyang/Documents/GitHub/FURP-2026-Yiyang-GUO-EVRP-TW/reference/py-ga-VRPTW"", ""revision"": ""8e005caaaf6471a4505588d88c7f0f5e0d4ebffa""}}",stage02.3_constraint_guided_attempt16 + stage02.3_constraint_guided_rerun09,,preserve;see stage03_legacy_path_map.csv
stage03.0,measurement,stage03.0_measurement_attempt01,attempt01,stage03.0_measurement_attempt01,stage03_measurement_smoke01,smoke,r105C5,2016,"[""c101C5"", ""r105C5"", ""rc105C5"", ""c101_21"", ""r101_21"", ""rc101_21""]","[2014, 2015, 2016]",raw,legacy_with_manifest_error,results/stage03.0_measurement_attempt01/r105C5/2016/stage03.0_measurement_attempt01_raw_r105C5_2016.json,results/stage03-measurement_smoke01/raw/r105C5-alns_stage02_constraint_guided-2016.json,feasible,raw manifest or sidecar is missing,not_verified,NOT_READY_FOR_STAGE03_FORMAL_MEASUREMENT,not_applicable,not_published,8d3a660af67fbf00d4ca526cb101d39c3746361d32c3aae1136dfc2610a60ae1,computed,86c735f003164a6b75868a4abd6fe42ce178c188b4a34fb149e2813790401496,50ed2d642f7e5ab1c495f9d43526dbc7ced2cb6e3521d8207719409066db928a,eb27ec04e799ee6d39dee3d66f15128e197811afa8c664295acbdf6444176434,0dcf39e5f2ff76f3551c0e27ae7986d92109ec3de7620b63dd925cd078b54b92,b226b97e0e67288aaaf85726ad855df71cb81406685c57c8e8c40cd8996aa0da,c331dbe8de7d85e72e6d4cfc7dd135b2f3451e07,False,"{""VRP-EVRP-Project-Hub"": {""dirty"": false, ""path"": ""/Users/guoyiyang/Documents/GitHub/FURP-2026-Yiyang-GUO-EVRP-TW/reference/VRP-EVRP-Project-Hub"", ""revision"": ""e3a890065105f978187e532642c4442522215e02""}, ""py-ga-VRPTW"": {""dirty"": false, ""path"": ""/Users/guoyiyang/Documents/GitHub/FURP-2026-Yiyang-GUO-EVRP-TW/reference/py-ga-VRPTW"", ""revision"": ""8e005caaaf6471a4505588d88c7f0f5e0d4ebffa""}}",stage02.3_constraint_guided_attempt16 + stage02.3_constraint_guided_rerun09,,preserve;see stage03_legacy_path_map.csv
stage03.0,measurement,stage03.0_measurement_attempt01,attempt01,stage03.0_measurement_attempt01,stage03_measurement_smoke01,smoke,rc101_21,2014,"[""c101C5"", ""r105C5"", ""rc105C5"", ""c101_21"", ""r101_21"", ""rc101_21""]","[2014, 2015, 2016]",raw,legacy_with_manifest_error,results/stage03.0_measurement_attempt01/rc101_21/2014/stage03.0_measurement_attempt01_raw_rc101_21_2014.json,results/stage03-measurement_smoke01/raw/rc101_21-alns_stage02_constraint_guided-2014.json,feasible,raw manifest or sidecar is missing,not_verified,NOT_READY_FOR_STAGE03_FORMAL_MEASUREMENT,not_applicable,not_published,a5d89ee49dd6cb8210628add9c83d96518d01648643cf7043d41950233b4c395,computed,86c735f003164a6b75868a4abd6fe42ce178c188b4a34fb149e2813790401496,50ed2d642f7e5ab1c495f9d43526dbc7ced2cb6e3521d8207719409066db928a,272a3e58d53d4ba9516f01506164cf8a9b98bfeeb8dbd1fd62f6557e4c98e3a1,1e1d023daecb825b02f17698fdb4b6f28183e5e84ffba9984cbf4f68b752479c,b226b97e0e67288aaaf85726ad855df71cb81406685c57c8e8c40cd8996aa0da,c331dbe8de7d85e72e6d4cfc7dd135b2f3451e07,False,"{""VRP-EVRP-Project-Hub"": {""dirty"": false, ""path"": ""/Users/guoyiyang/Documents/GitHub/FURP-2026-Yiyang-GUO-EVRP-TW/reference/VRP-EVRP-Project-Hub"", ""revision"": ""e3a890065105f978187e532642c4442522215e02""}, ""py-ga-VRPTW"": {""dirty"": false, ""path"": ""/Users/guoyiyang/Documents/GitHub/FURP-2026-Yiyang-GUO-EVRP-TW/reference/py-ga-VRPTW"", ""revision"": ""8e005caaaf6471a4505588d88c7f0f5e0d4ebffa""}}",stage02.3_constraint_guided_attempt16 + stage02.3_constraint_guided_rerun09,,preserve;see stage03_legacy_path_map.csv
stage03.0,measurement,stage03.0_measurement_attempt01,attempt01,stage03.0_measurement_attempt01,stage03_measurement_smoke01,smoke,rc101_21,2015,"[""c101C5"", ""r105C5"", ""rc105C5"", ""c101_21"", ""r101_21"", ""rc101_21""]","[2014, 2015, 2016]",raw,legacy_with_manifest_error,results/stage03.0_measurement_attempt01/rc101_21/2015/stage03.0_measurement_attempt01_raw_rc101_21_2015.json,results/stage03-measurement_smoke01/raw/rc101_21-alns_stage02_constraint_guided-2015.json,feasible,raw manifest or sidecar is missing,not_verified,NOT_READY_FOR_STAGE03_FORMAL_MEASUREMENT,not_applicable,not_published,990dfef7e46822d0dd04481cad24bb0cd80c751ce7f083fdafce9793555df7c5,computed,86c735f003164a6b75868a4abd6fe42ce178c188b4a34fb149e2813790401496,50ed2d642f7e5ab1c495f9d43526dbc7ced2cb6e3521d8207719409066db928a,272a3e58d53d4ba9516f01506164cf8a9b98bfeeb8dbd1fd62f6557e4c98e3a1,715775903d666646e71ddca8b432467e168be4e4b808d342069abf0a44023f13,b226b97e0e67288aaaf85726ad855df71cb81406685c57c8e8c40cd8996aa0da,c331dbe8de7d85e72e6d4cfc7dd135b2f3451e07,False,"{""VRP-EVRP-Project-Hub"": {""dirty"": false, ""path"": ""/Users/guoyiyang/Documents/GitHub/FURP-2026-Yiyang-GUO-EVRP-TW/reference/VRP-EVRP-Project-Hub"", ""revision"": ""e3a890065105f978187e532642c4442522215e02""}, ""py-ga-VRPTW"": {""dirty"": false, ""path"": ""/Users/guoyiyang/Documents/GitHub/FURP-2026-Yiyang-GUO-EVRP-TW/reference/py-ga-VRPTW"", ""revision"": ""8e005caaaf6471a4505588d88c7f0f5e0d4ebffa""}}",stage02.3_constraint_guided_attempt16 + stage02.3_constraint_guided_rerun09,,preserve;see stage03_legacy_path_map.csv
stage03.0,measurement,stage03.0_measurement_attempt01,attempt01,stage03.0_measurement_attempt01,stage03_measurement_smoke01,smoke,rc101_21,2016,"[""c101C5"", ""r105C5"", ""rc105C5"", ""c101_21"", ""r101_21"", ""rc101_21""]","[2014, 2015, 2016]",raw,legacy_with_manifest_error,results/stage03.0_measurement_attempt01/rc101_21/2016/stage03.0_measurement_attempt01_raw_rc101_21_2016.json,results/stage03-measurement_smoke01/raw/rc101_21-alns_stage02_constraint_guided-2016.json,feasible,raw manifest or sidecar is missing,not_verified,NOT_READY_FOR_STAGE03_FORMAL_MEASUREMENT,not_applicable,not_published,4269ef7041be1426e716f0e3141eb556fb72ecae7549b71b87f0dc80c1b6897e,computed,86c735f003164a6b75868a4abd6fe42ce178c188b4a34fb149e2813790401496,50ed2d642f7e5ab1c495f9d43526dbc7ced2cb6e3521d8207719409066db928a,272a3e58d53d4ba9516f01506164cf8a9b98bfeeb8dbd1fd62f6557e4c98e3a1,3d23641aa68e698b3a0566d18b1520b0bf80f868581ef30b3ea6eef33d046fec,b226b97e0e67288aaaf85726ad855df71cb81406685c57c8e8c40cd8996aa0da,c331dbe8de7d85e72e6d4cfc7dd135b2f3451e07,False,"{""VRP-EVRP-Project-Hub"": {""dirty"": false, ""path"": ""/Users/guoyiyang/Documents/GitHub/FURP-2026-Yiyang-GUO-EVRP-TW/reference/VRP-EVRP-Project-Hub"", ""revision"": ""e3a890065105f978187e532642c4442522215e02""}, ""py-ga-VRPTW"": {""dirty"": false, ""path"": ""/Users/guoyiyang/Documents/GitHub/FURP-2026-Yiyang-GUO-EVRP-TW/reference/py-ga-VRPTW"", ""revision"": ""8e005caaaf6471a4505588d88c7f0f5e0d4ebffa""}}",stage02.3_constraint_guided_attempt16 + stage02.3_constraint_guided_rerun09,,preserve;see stage03_legacy_path_map.csv
stage03.0,measurement,stage03.0_measurement_attempt01,attempt01,stage03.0_measurement_attempt01,stage03_measurement_smoke01,smoke,rc105C5,2014,"[""c101C5"", ""r105C5"", ""rc105C5"", ""c101_21"", ""r101_21"", ""rc101_21""]","[2014, 2015, 2016]",raw,legacy_with_manifest_error,results/stage03.0_measurement_attempt01/rc105C5/2014/stage03.0_measurement_attempt01_raw_rc105C5_2014.json,results/stage03-measurement_smoke01/raw/rc105C5-alns_stage02_constraint_guided-2014.json,feasible,raw manifest or sidecar is missing,not_verified,NOT_READY_FOR_STAGE03_FORMAL_MEASUREMENT,not_applicable,not_published,fcd5c119c1b9fcddf5c5a45e18a392c912fc4e812ef6991e8d398e64bf0e7616,computed,86c735f003164a6b75868a4abd6fe42ce178c188b4a34fb149e2813790401496,50ed2d642f7e5ab1c495f9d43526dbc7ced2cb6e3521d8207719409066db928a,2ccfba6c447fa43a994934690acb67c7355ca04d232394907ed6938bc362c643,cc550ee409da1b46ee3dd0a71781eca45b089ecc3fe33a4c7907cf8d16468271,b226b97e0e67288aaaf85726ad855df71cb81406685c57c8e8c40cd8996aa0da,c331dbe8de7d85e72e6d4cfc7dd135b2f3451e07,False,"{""VRP-EVRP-Project-Hub"": {""dirty"": false, ""path"": ""/Users/guoyiyang/Documents/GitHub/FURP-2026-Yiyang-GUO-EVRP-TW/reference/VRP-EVRP-Project-Hub"", ""revision"": ""e3a890065105f978187e532642c4442522215e02""}, ""py-ga-VRPTW"": {""dirty"": false, ""path"": ""/Users/guoyiyang/Documents/GitHub/FURP-2026-Yiyang-GUO-EVRP-TW/reference/py-ga-VRPTW"", ""revision"": ""8e005caaaf6471a4505588d88c7f0f5e0d4ebffa""}}",stage02.3_constraint_guided_attempt16 + stage02.3_constraint_guided_rerun09,,preserve;see stage03_legacy_path_map.csv
stage03.0,measurement,stage03.0_measurement_attempt01,attempt01,stage03.0_measurement_attempt01,stage03_measurement_smoke01,smoke,rc105C5,2015,"[""c101C5"", ""r105C5"", ""rc105C5"", ""c101_21"", ""r101_21"", ""rc101_21""]","[2014, 2015, 2016]",raw,legacy_with_manifest_error,results/stage03.0_measurement_attempt01/rc105C5/2015/stage03.0_measurement_attempt01_raw_rc105C5_2015.json,results/stage03-measurement_smoke01/raw/rc105C5-alns_stage02_constraint_guided-2015.json,feasible,raw manifest or sidecar is missing,not_verified,NOT_READY_FOR_STAGE03_FORMAL_MEASUREMENT,not_applicable,not_published,3553c1c86c8a5acdf19bd7fdd7e54f962d394ff1aadce223f5d2047e04a88e50,computed,86c735f003164a6b75868a4abd6fe42ce178c188b4a34fb149e2813790401496,50ed2d642f7e5ab1c495f9d43526dbc7ced2cb6e3521d8207719409066db928a,2ccfba6c447fa43a994934690acb67c7355ca04d232394907ed6938bc362c643,ded180cd47e28f9fd9edc5caea8b8380ed2e697868df41f254e178992cc88c95,b226b97e0e67288aaaf85726ad855df71cb81406685c57c8e8c40cd8996aa0da,c331dbe8de7d85e72e6d4cfc7dd135b2f3451e07,False,"{""VRP-EVRP-Project-Hub"": {""dirty"": false, ""path"": ""/Users/guoyiyang/Documents/GitHub/FURP-2026-Yiyang-GUO-EVRP-TW/reference/VRP-EVRP-Project-Hub"", ""revision"": ""e3a890065105f978187e532642c4442522215e02""}, ""py-ga-VRPTW"": {""dirty"": false, ""path"": ""/Users/guoyiyang/Documents/GitHub/FURP-2026-Yiyang-GUO-EVRP-TW/reference/py-ga-VRPTW"", ""revision"": ""8e005caaaf6471a4505588d88c7f0f5e0d4ebffa""}}",stage02.3_constraint_guided_attempt16 + stage02.3_constraint_guided_rerun09,,preserve;see stage03_legacy_path_map.csv
stage03.0,measurement,stage03.0_measurement_attempt01,attempt01,stage03.0_measurement_attempt01,stage03_measurement_smoke01,smoke,rc105C5,2016,"[""c101C5"", ""r105C5"", ""rc105C5"", ""c101_21"", ""r101_21"", ""rc101_21""]","[2014, 2015, 2016]",raw,legacy_with_manifest_error,results/stage03.0_measurement_attempt01/rc105C5/2016/stage03.0_measurement_attempt01_raw_rc105C5_2016.json,results/stage03-measurement_smoke01/raw/rc105C5-alns_stage02_constraint_guided-2016.json,feasible,raw manifest or sidecar is missing,not_verified,NOT_READY_FOR_STAGE03_FORMAL_MEASUREMENT,not_applicable,not_published,3d42bfe7d5206c817c4ce6b5a7e809b04e2b1689e0ddc56f9626661b61643efb,computed,86c735f003164a6b75868a4abd6fe42ce178c188b4a34fb149e2813790401496,50ed2d642f7e5ab1c495f9d43526dbc7ced2cb6e3521d8207719409066db928a,2ccfba6c447fa43a994934690acb67c7355ca04d232394907ed6938bc362c643,c002bbfd8358195a56fc06a82f2cccb43c418649f6c64f064a6ef806d28f7cb1,b226b97e0e67288aaaf85726ad855df71cb81406685c57c8e8c40cd8996aa0da,c331dbe8de7d85e72e6d4cfc7dd135b2f3451e07,False,"{""VRP-EVRP-Project-Hub"": {""dirty"": false, ""path"": ""/Users/guoyiyang/Documents/GitHub/FURP-2026-Yiyang-GUO-EVRP-TW/reference/VRP-EVRP-Project-Hub"", ""revision"": ""e3a890065105f978187e532642c4442522215e02""}, ""py-ga-VRPTW"": {""dirty"": false, ""path"": ""/Users/guoyiyang/Documents/GitHub/FURP-2026-Yiyang-GUO-EVRP-TW/reference/py-ga-VRPTW"", ""revision"": ""8e005caaaf6471a4505588d88c7f0f5e0d4ebffa""}}",stage02.3_constraint_guided_attempt16 + stage02.3_constraint_guided_rerun09,,preserve;see stage03_legacy_path_map.csv
stage03.0,measurement,stage03.0_measurement_attempt01,attempt01,stage03.0_measurement_attempt01,stage03_measurement_smoke01,smoke,__all__,__all__,"[""c101C5"", ""r105C5"", ""rc105C5"", ""c101_21"", ""r101_21"", ""rc101_21""]","[2014, 2015, 2016]",raw_per_run_results,legacy_with_manifest_error,results/stage03.0_measurement_attempt01/all/all/stage03.0_measurement_attempt01_raw_per_run_results.csv,results/stage03-measurement_smoke01/raw_per_run_results.csv,feasible,raw manifest or sidecar is missing,not_verified,NOT_READY_FOR_STAGE03_FORMAL_MEASUREMENT,not_applicable,not_published,665f58075aa383284fa03e2c66c6de74cd8b35ca62532fb6199a15d323ed954f,computed,86c735f003164a6b75868a4abd6fe42ce178c188b4a34fb149e2813790401496,50ed2d642f7e5ab1c495f9d43526dbc7ced2cb6e3521d8207719409066db928a,,,b226b97e0e67288aaaf85726ad855df71cb81406685c57c8e8c40cd8996aa0da,c331dbe8de7d85e72e6d4cfc7dd135b2f3451e07,False,"{""VRP-EVRP-Project-Hub"": {""dirty"": false, ""path"": ""/Users/guoyiyang/Documents/GitHub/FURP-2026-Yiyang-GUO-EVRP-TW/reference/VRP-EVRP-Project-Hub"", ""revision"": ""e3a890065105f978187e532642c4442522215e02""}, ""py-ga-VRPTW"": {""dirty"": false, ""path"": ""/Users/guoyiyang/Documents/GitHub/FURP-2026-Yiyang-GUO-EVRP-TW/reference/py-ga-VRPTW"", ""revision"": ""8e005caaaf6471a4505588d88c7f0f5e0d4ebffa""}}",stage02.3_constraint_guided_attempt16 + stage02.3_constraint_guided_rerun09,,preserve;see stage03_legacy_path_map.csv
stage03.0,measurement,stage03.0_measurement_attempt01,attempt01,stage03.0_measurement_attempt01,stage03_measurement_smoke01,smoke,__all__,__all__,"[""c101C5"", ""r105C5"", ""rc105C5"", ""c101_21"", ""r101_21"", ""rc101_21""]","[2014, 2015, 2016]",baseline_comparison,verified_legacy,results/stage03.0_measurement_attempt01/review/stage03.0_measurement_attempt01_baseline_comparison.csv,results/stage03-measurement_smoke01/review/baseline_comparison.csv,feasible,raw manifest or sidecar is missing,not_verified,NOT_READY_FOR_STAGE03_FORMAL_MEASUREMENT,not_applicable,not_published,7670958a0309e4124ed48c4bc469e1c53c00cd08bc21918fd0dc4e08ddff2324,review_manifest,86c735f003164a6b75868a4abd6fe42ce178c188b4a34fb149e2813790401496,50ed2d642f7e5ab1c495f9d43526dbc7ced2cb6e3521d8207719409066db928a,,,b226b97e0e67288aaaf85726ad855df71cb81406685c57c8e8c40cd8996aa0da,c331dbe8de7d85e72e6d4cfc7dd135b2f3451e07,False,"{""VRP-EVRP-Project-Hub"": {""dirty"": false, ""path"": ""/Users/guoyiyang/Documents/GitHub/FURP-2026-Yiyang-GUO-EVRP-TW/reference/VRP-EVRP-Project-Hub"", ""revision"": ""e3a890065105f978187e532642c4442522215e02""}, ""py-ga-VRPTW"": {""dirty"": false, ""path"": ""/Users/guoyiyang/Documents/GitHub/FURP-2026-Yiyang-GUO-EVRP-TW/reference/py-ga-VRPTW"", ""revision"": ""8e005caaaf6471a4505588d88c7f0f5e0d4ebffa""}}",stage02.3_constraint_guided_attempt16 + stage02.3_constraint_guided_rerun09,,preserve;see stage03_legacy_path_map.csv
stage03.0,measurement,stage03.0_measurement_attempt01,attempt01,stage03.0_measurement_attempt01,stage03_measurement_smoke01,smoke,__all__,__all__,"[""c101C5"", ""r105C5"", ""rc105C5"", ""c101_21"", ""r101_21"", ""rc101_21""]","[2014, 2015, 2016]",deadline_report,verified_legacy,results/stage03.0_measurement_attempt01/review/stage03.0_measurement_attempt01_deadline_report.csv,results/stage03-measurement_smoke01/review/deadline_report.csv,feasible,raw manifest or sidecar is missing,not_verified,NOT_READY_FOR_STAGE03_FORMAL_MEASUREMENT,not_applicable,not_published,d6e98448ca7d5c5c5dccc07bab6dc3015f0f24759f75703c7e3043513b048224,review_manifest,86c735f003164a6b75868a4abd6fe42ce178c188b4a34fb149e2813790401496,50ed2d642f7e5ab1c495f9d43526dbc7ced2cb6e3521d8207719409066db928a,,,b226b97e0e67288aaaf85726ad855df71cb81406685c57c8e8c40cd8996aa0da,c331dbe8de7d85e72e6d4cfc7dd135b2f3451e07,False,"{""VRP-EVRP-Project-Hub"": {""dirty"": false, ""path"": ""/Users/guoyiyang/Documents/GitHub/FURP-2026-Yiyang-GUO-EVRP-TW/reference/VRP-EVRP-Project-Hub"", ""revision"": ""e3a890065105f978187e532642c4442522215e02""}, ""py-ga-VRPTW"": {""dirty"": false, ""path"": ""/Users/guoyiyang/Documents/GitHub/FURP-2026-Yiyang-GUO-EVRP-TW/reference/py-ga-VRPTW"", ""revision"": ""8e005caaaf6471a4505588d88c7f0f5e0d4ebffa""}}",stage02.3_constraint_guided_attempt16 + stage02.3_constraint_guided_rerun09,,preserve;see stage03_legacy_path_map.csv
stage03.0,measurement,stage03.0_measurement_attempt01,attempt01,stage03.0_measurement_attempt01,stage03_measurement_smoke01,smoke,__all__,__all__,"[""c101C5"", ""r105C5"", ""rc105C5"", ""c101_21"", ""r101_21"", ""rc101_21""]","[2014, 2015, 2016]",recomputed_per_run_results,verified_legacy,results/stage03.0_measurement_attempt01/review/stage03.0_measurement_attempt01_recomputed_per_run_results.csv,results/stage03-measurement_smoke01/review/recomputed_per_run_results.csv,feasible,raw manifest or sidecar is missing,not_verified,NOT_READY_FOR_STAGE03_FORMAL_MEASUREMENT,not_applicable,not_published,b33409b321d519606e2d76af4635eef6d83b70659aca58d29a2ab83316b51766,review_manifest,86c735f003164a6b75868a4abd6fe42ce178c188b4a34fb149e2813790401496,50ed2d642f7e5ab1c495f9d43526dbc7ced2cb6e3521d8207719409066db928a,,,b226b97e0e67288aaaf85726ad855df71cb81406685c57c8e8c40cd8996aa0da,c331dbe8de7d85e72e6d4cfc7dd135b2f3451e07,False,"{""VRP-EVRP-Project-Hub"": {""dirty"": false, ""path"": ""/Users/guoyiyang/Documents/GitHub/FURP-2026-Yiyang-GUO-EVRP-TW/reference/VRP-EVRP-Project-Hub"", ""revision"": ""e3a890065105f978187e532642c4442522215e02""}, ""py-ga-VRPTW"": {""dirty"": false, ""path"": ""/Users/guoyiyang/Documents/GitHub/FURP-2026-Yiyang-GUO-EVRP-TW/reference/py-ga-VRPTW"", ""revision"": ""8e005caaaf6471a4505588d88c7f0f5e0d4ebffa""}}",stage02.3_constraint_guided_attempt16 + stage02.3_constraint_guided_rerun09,,preserve;see stage03_legacy_path_map.csv
stage03.0,measurement,stage03.0_measurement_attempt01,attempt01,stage03.0_measurement_attempt01,stage03_measurement_smoke01,smoke,__all__,__all__,"[""c101C5"", ""r105C5"", ""rc105C5"", ""c101_21"", ""r101_21"", ""rc101_21""]","[2014, 2015, 2016]",review_findings,verified_legacy,results/stage03.0_measurement_attempt01/review/stage03.0_measurement_attempt01_review_findings.csv,results/stage03-measurement_smoke01/review/review_findings.csv,feasible,raw manifest or sidecar is missing,not_verified,NOT_READY_FOR_STAGE03_FORMAL_MEASUREMENT,not_applicable,not_published,59e8e4c8968d0f795e99f75b92a52ea505266ba68ed201890c6dfa891c69830a,review_manifest,86c735f003164a6b75868a4abd6fe42ce178c188b4a34fb149e2813790401496,50ed2d642f7e5ab1c495f9d43526dbc7ced2cb6e3521d8207719409066db928a,,,b226b97e0e67288aaaf85726ad855df71cb81406685c57c8e8c40cd8996aa0da,c331dbe8de7d85e72e6d4cfc7dd135b2f3451e07,False,"{""VRP-EVRP-Project-Hub"": {""dirty"": false, ""path"": ""/Users/guoyiyang/Documents/GitHub/FURP-2026-Yiyang-GUO-EVRP-TW/reference/VRP-EVRP-Project-Hub"", ""revision"": ""e3a890065105f978187e532642c4442522215e02""}, ""py-ga-VRPTW"": {""dirty"": false, ""path"": ""/Users/guoyiyang/Documents/GitHub/FURP-2026-Yiyang-GUO-EVRP-TW/reference/py-ga-VRPTW"", ""revision"": ""8e005caaaf6471a4505588d88c7f0f5e0d4ebffa""}}",stage02.3_constraint_guided_attempt16 + stage02.3_constraint_guided_rerun09,,preserve;see stage03_legacy_path_map.csv
stage03.0,measurement,stage03.0_measurement_attempt01,attempt01,stage03.0_measurement_attempt01,stage03_measurement_smoke01,smoke,__all__,__all__,"[""c101C5"", ""r105C5"", ""rc105C5"", ""c101_21"", ""r101_21"", ""rc101_21""]","[2014, 2015, 2016]",manifest,verified_legacy,results/stage03.0_measurement_attempt01/review/stage03.0_measurement_attempt01_manifest.json,results/stage03-measurement_smoke01/review/review_manifest.json,feasible,raw manifest or sidecar is missing,not_verified,NOT_READY_FOR_STAGE03_FORMAL_MEASUREMENT,not_applicable,not_published,fe95698d58bb3fdb29402df379cc1ddf4253cb99f1371812d82c141163a38ebe,computed,86c735f003164a6b75868a4abd6fe42ce178c188b4a34fb149e2813790401496,50ed2d642f7e5ab1c495f9d43526dbc7ced2cb6e3521d8207719409066db928a,,,b226b97e0e67288aaaf85726ad855df71cb81406685c57c8e8c40cd8996aa0da,c331dbe8de7d85e72e6d4cfc7dd135b2f3451e07,False,"{""VRP-EVRP-Project-Hub"": {""dirty"": false, ""path"": ""/Users/guoyiyang/Documents/GitHub/FURP-2026-Yiyang-GUO-EVRP-TW/reference/VRP-EVRP-Project-Hub"", ""revision"": ""e3a890065105f978187e532642c4442522215e02""}, ""py-ga-VRPTW"": {""dirty"": false, ""path"": ""/Users/guoyiyang/Documents/GitHub/FURP-2026-Yiyang-GUO-EVRP-TW/reference/py-ga-VRPTW"", ""revision"": ""8e005caaaf6471a4505588d88c7f0f5e0d4ebffa""}}",stage02.3_constraint_guided_attempt16 + stage02.3_constraint_guided_rerun09,,preserve;see stage03_legacy_path_map.csv
stage03.0,measurement,stage03.0_measurement_attempt01,attempt01,stage03.0_measurement_attempt01,stage03_measurement_smoke01,smoke,__all__,__all__,"[""c101C5"", ""r105C5"", ""rc105C5"", ""c101_21"", ""r101_21"", ""rc101_21""]","[2014, 2015, 2016]",review_report,verified_legacy,results/stage03.0_measurement_attempt01/review/stage03.0_measurement_attempt01_review_report.md,results/stage03-measurement_smoke01/review/review_report.md,feasible,raw manifest or sidecar is missing,not_verified,NOT_READY_FOR_STAGE03_FORMAL_MEASUREMENT,not_applicable,not_published,61d410a0e64575ff7585e6e1e966077d77f9c5c342a5a07cfaece15d29510ad2,review_manifest,86c735f003164a6b75868a4abd6fe42ce178c188b4a34fb149e2813790401496,50ed2d642f7e5ab1c495f9d43526dbc7ced2cb6e3521d8207719409066db928a,,,b226b97e0e67288aaaf85726ad855df71cb81406685c57c8e8c40cd8996aa0da,c331dbe8de7d85e72e6d4cfc7dd135b2f3451e07,False,"{""VRP-EVRP-Project-Hub"": {""dirty"": false, ""path"": ""/Users/guoyiyang/Documents/GitHub/FURP-2026-Yiyang-GUO-EVRP-TW/reference/VRP-EVRP-Project-Hub"", ""revision"": ""e3a890065105f978187e532642c4442522215e02""}, ""py-ga-VRPTW"": {""dirty"": false, ""path"": ""/Users/guoyiyang/Documents/GitHub/FURP-2026-Yiyang-GUO-EVRP-TW/reference/py-ga-VRPTW"", ""revision"": ""8e005caaaf6471a4505588d88c7f0f5e0d4ebffa""}}",stage02.3_constraint_guided_attempt16 + stage02.3_constraint_guided_rerun09,,preserve;see stage03_legacy_path_map.csv
stage03.0,measurement,stage03.0_measurement_attempt01,attempt01,stage03.0_measurement_attempt01,stage03_measurement_smoke01,smoke,__all__,__all__,"[""c101C5"", ""r105C5"", ""rc105C5"", ""c101_21"", ""r101_21"", ""rc101_21""]","[2014, 2015, 2016]",stage03_readiness,verified_legacy,results/stage03.0_measurement_attempt01/review/stage03.0_measurement_attempt01_stage03_readiness.csv,results/stage03-measurement_smoke01/review/stage03_readiness.csv,feasible,raw manifest or sidecar is missing,not_verified,NOT_READY_FOR_STAGE03_FORMAL_MEASUREMENT,not_applicable,not_published,6b15d7e3f469800f0a35f7d96e8a0c7db92a91f769a44ec57eb41a72f6d90831,review_manifest,86c735f003164a6b75868a4abd6fe42ce178c188b4a34fb149e2813790401496,50ed2d642f7e5ab1c495f9d43526dbc7ced2cb6e3521d8207719409066db928a,,,b226b97e0e67288aaaf85726ad855df71cb81406685c57c8e8c40cd8996aa0da,c331dbe8de7d85e72e6d4cfc7dd135b2f3451e07,False,"{""VRP-EVRP-Project-Hub"": {""dirty"": false, ""path"": ""/Users/guoyiyang/Documents/GitHub/FURP-2026-Yiyang-GUO-EVRP-TW/reference/VRP-EVRP-Project-Hub"", ""revision"": ""e3a890065105f978187e532642c4442522215e02""}, ""py-ga-VRPTW"": {""dirty"": false, ""path"": ""/Users/guoyiyang/Documents/GitHub/FURP-2026-Yiyang-GUO-EVRP-TW/reference/py-ga-VRPTW"", ""revision"": ""8e005caaaf6471a4505588d88c7f0f5e0d4ebffa""}}",stage02.3_constraint_guided_attempt16 + stage02.3_constraint_guided_rerun09,,preserve;see stage03_legacy_path_map.csv
stage03.0,measurement,stage03.0_measurement_attempt01,attempt01,stage03.0_measurement_attempt01,stage03_measurement_smoke01,smoke,__all__,__all__,"[""c101C5"", ""r105C5"", ""rc105C5"", ""c101_21"", ""r101_21"", ""rc101_21""]","[2014, 2015, 2016]",summary_results,verified_legacy,results/stage03.0_measurement_attempt01/review/stage03.0_measurement_attempt01_summary_results.csv,results/stage03-measurement_smoke01/review/summary_results.csv,feasible,raw manifest or sidecar is missing,not_verified,NOT_READY_FOR_STAGE03_FORMAL_MEASUREMENT,not_applicable,not_published,4cce749e0a0c33c466c80e501e99d9b4ef62d5801f630816cc27a7fda56e49fb,review_manifest,86c735f003164a6b75868a4abd6fe42ce178c188b4a34fb149e2813790401496,50ed2d642f7e5ab1c495f9d43526dbc7ced2cb6e3521d8207719409066db928a,,,b226b97e0e67288aaaf85726ad855df71cb81406685c57c8e8c40cd8996aa0da,c331dbe8de7d85e72e6d4cfc7dd135b2f3451e07,False,"{""VRP-EVRP-Project-Hub"": {""dirty"": false, ""path"": ""/Users/guoyiyang/Documents/GitHub/FURP-2026-Yiyang-GUO-EVRP-TW/reference/VRP-EVRP-Project-Hub"", ""revision"": ""e3a890065105f978187e532642c4442522215e02""}, ""py-ga-VRPTW"": {""dirty"": false, ""path"": ""/Users/guoyiyang/Documents/GitHub/FURP-2026-Yiyang-GUO-EVRP-TW/reference/py-ga-VRPTW"", ""revision"": ""8e005caaaf6471a4505588d88c7f0f5e0d4ebffa""}}",stage02.3_constraint_guided_attempt16 + stage02.3_constraint_guided_rerun09,,preserve;see stage03_legacy_path_map.csv
stage03.0,measurement,stage03.0_measurement_attempt01,attempt01,stage03.0_measurement_attempt01,stage03_measurement_smoke01,smoke,__all__,__all__,"[""c101C5"", ""r105C5"", ""rc105C5"", ""c101_21"", ""r101_21"", ""rc101_21""]","[2014, 2015, 2016]",trace_reconciliation,verified_legacy,results/stage03.0_measurement_attempt01/review/stage03.0_measurement_attempt01_trace_reconciliation.csv,results/stage03-measurement_smoke01/review/trace_reconciliation.csv,feasible,raw manifest or sidecar is missing,not_verified,NOT_READY_FOR_STAGE03_FORMAL_MEASUREMENT,not_applicable,not_published,9e39dad2f614e57a2328a10c8e24f1f96c8b91ca29094452e2fc8662dde91732,review_manifest,86c735f003164a6b75868a4abd6fe42ce178c188b4a34fb149e2813790401496,50ed2d642f7e5ab1c495f9d43526dbc7ced2cb6e3521d8207719409066db928a,,,b226b97e0e67288aaaf85726ad855df71cb81406685c57c8e8c40cd8996aa0da,c331dbe8de7d85e72e6d4cfc7dd135b2f3451e07,False,"{""VRP-EVRP-Project-Hub"": {""dirty"": false, ""path"": ""/Users/guoyiyang/Documents/GitHub/FURP-2026-Yiyang-GUO-EVRP-TW/reference/VRP-EVRP-Project-Hub"", ""revision"": ""e3a890065105f978187e532642c4442522215e02""}, ""py-ga-VRPTW"": {""dirty"": false, ""path"": ""/Users/guoyiyang/Documents/GitHub/FURP-2026-Yiyang-GUO-EVRP-TW/reference/py-ga-VRPTW"", ""revision"": ""8e005caaaf6471a4505588d88c7f0f5e0d4ebffa""}}",stage02.3_constraint_guided_attempt16 + stage02.3_constraint_guided_rerun09,,preserve;see stage03_legacy_path_map.csv
stage03.0,measurement,stage03.0_measurement_attempt01,attempt01,stage03.0_measurement_attempt01,stage03_measurement_smoke01,smoke,__all__,__all__,"[""c101C5"", ""r105C5"", ""rc105C5"", ""c101_21"", ""r101_21"", ""rc101_21""]","[2014, 2015, 2016]",manifest_metadata,legacy_with_manifest_error,results/stage03.0_measurement_attempt01/control/stage03.0_measurement_attempt01_manifest_metadata.json,results/stage03-measurement_smoke01/run_metadata.json,feasible,raw manifest or sidecar is missing,not_verified,NOT_READY_FOR_STAGE03_FORMAL_MEASUREMENT,not_applicable,not_published,44a9ce64abb6a33450d2b92c539a50d90c4861617c732db5d3135fbb43032ad3,computed,86c735f003164a6b75868a4abd6fe42ce178c188b4a34fb149e2813790401496,50ed2d642f7e5ab1c495f9d43526dbc7ced2cb6e3521d8207719409066db928a,,,b226b97e0e67288aaaf85726ad855df71cb81406685c57c8e8c40cd8996aa0da,c331dbe8de7d85e72e6d4cfc7dd135b2f3451e07,False,"{""VRP-EVRP-Project-Hub"": {""dirty"": false, ""path"": ""/Users/guoyiyang/Documents/GitHub/FURP-2026-Yiyang-GUO-EVRP-TW/reference/VRP-EVRP-Project-Hub"", ""revision"": ""e3a890065105f978187e532642c4442522215e02""}, ""py-ga-VRPTW"": {""dirty"": false, ""path"": ""/Users/guoyiyang/Documents/GitHub/FURP-2026-Yiyang-GUO-EVRP-TW/reference/py-ga-VRPTW"", ""revision"": ""8e005caaaf6471a4505588d88c7f0f5e0d4ebffa""}}",stage02.3_constraint_guided_attempt16 + stage02.3_constraint_guided_rerun09,,preserve;see stage03_legacy_path_map.csv
stage03.0,measurement,stage03.0_measurement_attempt01,attempt01,stage03.0_measurement_attempt01,stage03_measurement_smoke01,smoke,c101C5,2014,"[""c101C5"", ""r105C5"", ""rc105C5"", ""c101_21"", ""r101_21"", ""rc101_21""]","[2014, 2015, 2016]",solution,legacy_with_manifest_error,results/stage03.0_measurement_attempt01/c101C5/2014/stage03.0_measurement_attempt01_solution_c101C5_2014.json,results/stage03-measurement_smoke01/solutions/c101C5-alns_stage02_constraint_guided-2014.json,feasible,raw manifest or sidecar is missing,not_verified,NOT_READY_FOR_STAGE03_FORMAL_MEASUREMENT,not_applicable,not_published,9bc8fee0911b09e57f4c1760425edda3cc71aa25ca5ca403fe05e225b211d7d0,computed,86c735f003164a6b75868a4abd6fe42ce178c188b4a34fb149e2813790401496,50ed2d642f7e5ab1c495f9d43526dbc7ced2cb6e3521d8207719409066db928a,8612d6d9aad051776097a5e50c7408f39352b8107b0639d58e5eda713f9ff876,29761e9c85996dfe52bf9d1abfcf7a6ced698184bb6656c516c4d48784a6d88a,b226b97e0e67288aaaf85726ad855df71cb81406685c57c8e8c40cd8996aa0da,c331dbe8de7d85e72e6d4cfc7dd135b2f3451e07,False,"{""VRP-EVRP-Project-Hub"": {""dirty"": false, ""path"": ""/Users/guoyiyang/Documents/GitHub/FURP-2026-Yiyang-GUO-EVRP-TW/reference/VRP-EVRP-Project-Hub"", ""revision"": ""e3a890065105f978187e532642c4442522215e02""}, ""py-ga-VRPTW"": {""dirty"": false, ""path"": ""/Users/guoyiyang/Documents/GitHub/FURP-2026-Yiyang-GUO-EVRP-TW/reference/py-ga-VRPTW"", ""revision"": ""8e005caaaf6471a4505588d88c7f0f5e0d4ebffa""}}",stage02.3_constraint_guided_attempt16 + stage02.3_constraint_guided_rerun09,,preserve;see stage03_legacy_path_map.csv
stage03.0,measurement,stage03.0_measurement_attempt01,attempt01,stage03.0_measurement_attempt01,stage03_measurement_smoke01,smoke,c101C5,2015,"[""c101C5"", ""r105C5"", ""rc105C5"", ""c101_21"", ""r101_21"", ""rc101_21""]","[2014, 2015, 2016]",solution,legacy_with_manifest_error,results/stage03.0_measurement_attempt01/c101C5/2015/stage03.0_measurement_attempt01_solution_c101C5_2015.json,results/stage03-measurement_smoke01/solutions/c101C5-alns_stage02_constraint_guided-2015.json,feasible,raw manifest or sidecar is missing,not_verified,NOT_READY_FOR_STAGE03_FORMAL_MEASUREMENT,not_applicable,not_published,b1855d6e454679257dcdf716439c863951f9a787db170ef0e33534d15ccfb467,computed,86c735f003164a6b75868a4abd6fe42ce178c188b4a34fb149e2813790401496,50ed2d642f7e5ab1c495f9d43526dbc7ced2cb6e3521d8207719409066db928a,8612d6d9aad051776097a5e50c7408f39352b8107b0639d58e5eda713f9ff876,dc9ace6d61a7c395e1f0fb1b303af1302de0b6596d8fedd5659fccbd8d250ffa,b226b97e0e67288aaaf85726ad855df71cb81406685c57c8e8c40cd8996aa0da,c331dbe8de7d85e72e6d4cfc7dd135b2f3451e07,False,"{""VRP-EVRP-Project-Hub"": {""dirty"": false, ""path"": ""/Users/guoyiyang/Documents/GitHub/FURP-2026-Yiyang-GUO-EVRP-TW/reference/VRP-EVRP-Project-Hub"", ""revision"": ""e3a890065105f978187e532642c4442522215e02""}, ""py-ga-VRPTW"": {""dirty"": false, ""path"": ""/Users/guoyiyang/Documents/GitHub/FURP-2026-Yiyang-GUO-EVRP-TW/reference/py-ga-VRPTW"", ""revision"": ""8e005caaaf6471a4505588d88c7f0f5e0d4ebffa""}}",stage02.3_constraint_guided_attempt16 + stage02.3_constraint_guided_rerun09,,preserve;see stage03_legacy_path_map.csv
stage03.0,measurement,stage03.0_measurement_attempt01,attempt01,stage03.0_measurement_attempt01,stage03_measurement_smoke01,smoke,c101C5,2016,"[""c101C5"", ""r105C5"", ""rc105C5"", ""c101_21"", ""r101_21"", ""rc101_21""]","[2014, 2015, 2016]",solution,legacy_with_manifest_error,results/stage03.0_measurement_attempt01/c101C5/2016/stage03.0_measurement_attempt01_solution_c101C5_2016.json,results/stage03-measurement_smoke01/solutions/c101C5-alns_stage02_constraint_guided-2016.json,feasible,raw manifest or sidecar is missing,not_verified,NOT_READY_FOR_STAGE03_FORMAL_MEASUREMENT,not_applicable,not_published,f51c31019783882711b0321089a25ed837ee0dcece584f9264c1fe160ea9f5b1,computed,86c735f003164a6b75868a4abd6fe42ce178c188b4a34fb149e2813790401496,50ed2d642f7e5ab1c495f9d43526dbc7ced2cb6e3521d8207719409066db928a,8612d6d9aad051776097a5e50c7408f39352b8107b0639d58e5eda713f9ff876,bea4c69838d7fb779759434ad2dc24e7a8e3c93bb43751b32bad5b3650350cfd,b226b97e0e67288aaaf85726ad855df71cb81406685c57c8e8c40cd8996aa0da,c331dbe8de7d85e72e6d4cfc7dd135b2f3451e07,False,"{""VRP-EVRP-Project-Hub"": {""dirty"": false, ""path"": ""/Users/guoyiyang/Documents/GitHub/FURP-2026-Yiyang-GUO-EVRP-TW/reference/VRP-EVRP-Project-Hub"", ""revision"": ""e3a890065105f978187e532642c4442522215e02""}, ""py-ga-VRPTW"": {""dirty"": false, ""path"": ""/Users/guoyiyang/Documents/GitHub/FURP-2026-Yiyang-GUO-EVRP-TW/reference/py-ga-VRPTW"", ""revision"": ""8e005caaaf6471a4505588d88c7f0f5e0d4ebffa""}}",stage02.3_constraint_guided_attempt16 + stage02.3_constraint_guided_rerun09,,preserve;see stage03_legacy_path_map.csv
stage03.0,measurement,stage03.0_measurement_attempt01,attempt01,stage03.0_measurement_attempt01,stage03_measurement_smoke01,smoke,c101_21,2014,"[""c101C5"", ""r105C5"", ""rc105C5"", ""c101_21"", ""r101_21"", ""rc101_21""]","[2014, 2015, 2016]",solution,legacy_with_manifest_error,results/stage03.0_measurement_attempt01/c101_21/2014/stage03.0_measurement_attempt01_solution_c101_21_2014.json,results/stage03-measurement_smoke01/solutions/c101_21-alns_stage02_constraint_guided-2014.json,feasible,raw manifest or sidecar is missing,not_verified,NOT_READY_FOR_STAGE03_FORMAL_MEASUREMENT,not_applicable,not_published,f19d9f1725fd0d484f93b68929ca2637cabe528822b05c006737a10c1a2a4bc8,computed,86c735f003164a6b75868a4abd6fe42ce178c188b4a34fb149e2813790401496,50ed2d642f7e5ab1c495f9d43526dbc7ced2cb6e3521d8207719409066db928a,c5cda6ca63a7d518902cf4b02d98b4aa0f373aaa0658d5c666d1c46d38871cb9,bded1ccbb12bd55b35dc579359f8cb164a073ccd8ea21fa86f8187a482e8dec0,b226b97e0e67288aaaf85726ad855df71cb81406685c57c8e8c40cd8996aa0da,c331dbe8de7d85e72e6d4cfc7dd135b2f3451e07,False,"{""VRP-EVRP-Project-Hub"": {""dirty"": false, ""path"": ""/Users/guoyiyang/Documents/GitHub/FURP-2026-Yiyang-GUO-EVRP-TW/reference/VRP-EVRP-Project-Hub"", ""revision"": ""e3a890065105f978187e532642c4442522215e02""}, ""py-ga-VRPTW"": {""dirty"": false, ""path"": ""/Users/guoyiyang/Documents/GitHub/FURP-2026-Yiyang-GUO-EVRP-TW/reference/py-ga-VRPTW"", ""revision"": ""8e005caaaf6471a4505588d88c7f0f5e0d4ebffa""}}",stage02.3_constraint_guided_attempt16 + stage02.3_constraint_guided_rerun09,,preserve;see stage03_legacy_path_map.csv
stage03.0,measurement,stage03.0_measurement_attempt01,attempt01,stage03.0_measurement_attempt01,stage03_measurement_smoke01,smoke,c101_21,2015,"[""c101C5"", ""r105C5"", ""rc105C5"", ""c101_21"", ""r101_21"", ""rc101_21""]","[2014, 2015, 2016]",solution,legacy_with_manifest_error,results/stage03.0_measurement_attempt01/c101_21/2015/stage03.0_measurement_attempt01_solution_c101_21_2015.json,results/stage03-measurement_smoke01/solutions/c101_21-alns_stage02_constraint_guided-2015.json,feasible,raw manifest or sidecar is missing,not_verified,NOT_READY_FOR_STAGE03_FORMAL_MEASUREMENT,not_applicable,not_published,9a2a3d05c3f10b04d552e17e31f8dce3cdffc17a538c469e959a9973e3eafdee,computed,86c735f003164a6b75868a4abd6fe42ce178c188b4a34fb149e2813790401496,50ed2d642f7e5ab1c495f9d43526dbc7ced2cb6e3521d8207719409066db928a,c5cda6ca63a7d518902cf4b02d98b4aa0f373aaa0658d5c666d1c46d38871cb9,7556d9ef639941c5ae3fa8fe48ce415fb8f456f273af53d276d49fc434e519a2,b226b97e0e67288aaaf85726ad855df71cb81406685c57c8e8c40cd8996aa0da,c331dbe8de7d85e72e6d4cfc7dd135b2f3451e07,False,"{""VRP-EVRP-Project-Hub"": {""dirty"": false, ""path"": ""/Users/guoyiyang/Documents/GitHub/FURP-2026-Yiyang-GUO-EVRP-TW/reference/VRP-EVRP-Project-Hub"", ""revision"": ""e3a890065105f978187e532642c4442522215e02""}, ""py-ga-VRPTW"": {""dirty"": false, ""path"": ""/Users/guoyiyang/Documents/GitHub/FURP-2026-Yiyang-GUO-EVRP-TW/reference/py-ga-VRPTW"", ""revision"": ""8e005caaaf6471a4505588d88c7f0f5e0d4ebffa""}}",stage02.3_constraint_guided_attempt16 + stage02.3_constraint_guided_rerun09,,preserve;see stage03_legacy_path_map.csv
stage03.0,measurement,stage03.0_measurement_attempt01,attempt01,stage03.0_measurement_attempt01,stage03_measurement_smoke01,smoke,c101_21,2016,"[""c101C5"", ""r105C5"", ""rc105C5"", ""c101_21"", ""r101_21"", ""rc101_21""]","[2014, 2015, 2016]",solution,legacy_with_manifest_error,results/stage03.0_measurement_attempt01/c101_21/2016/stage03.0_measurement_attempt01_solution_c101_21_2016.json,results/stage03-measurement_smoke01/solutions/c101_21-alns_stage02_constraint_guided-2016.json,feasible,raw manifest or sidecar is missing,not_verified,NOT_READY_FOR_STAGE03_FORMAL_MEASUREMENT,not_applicable,not_published,e89c630c32fae1f87e90168de6d428445a0c382ca76d015645af40df330696d5,computed,86c735f003164a6b75868a4abd6fe42ce178c188b4a34fb149e2813790401496,50ed2d642f7e5ab1c495f9d43526dbc7ced2cb6e3521d8207719409066db928a,c5cda6ca63a7d518902cf4b02d98b4aa0f373aaa0658d5c666d1c46d38871cb9,265ff13c241113039b279ae8fd79c78a0dff798f72e8d667c4637f90039c3761,b226b97e0e67288aaaf85726ad855df71cb81406685c57c8e8c40cd8996aa0da,c331dbe8de7d85e72e6d4cfc7dd135b2f3451e07,False,"{""VRP-EVRP-Project-Hub"": {""dirty"": false, ""path"": ""/Users/guoyiyang/Documents/GitHub/FURP-2026-Yiyang-GUO-EVRP-TW/reference/VRP-EVRP-Project-Hub"", ""revision"": ""e3a890065105f978187e532642c4442522215e02""}, ""py-ga-VRPTW"": {""dirty"": false, ""path"": ""/Users/guoyiyang/Documents/GitHub/FURP-2026-Yiyang-GUO-EVRP-TW/reference/py-ga-VRPTW"", ""revision"": ""8e005caaaf6471a4505588d88c7f0f5e0d4ebffa""}}",stage02.3_constraint_guided_attempt16 + stage02.3_constraint_guided_rerun09,,preserve;see stage03_legacy_path_map.csv
stage03.0,measurement,stage03.0_measurement_attempt01,attempt01,stage03.0_measurement_attempt01,stage03_measurement_smoke01,smoke,r101_21,2014,"[""c101C5"", ""r105C5"", ""rc105C5"", ""c101_21"", ""r101_21"", ""rc101_21""]","[2014, 2015, 2016]",solution,legacy_with_manifest_error,results/stage03.0_measurement_attempt01/r101_21/2014/stage03.0_measurement_attempt01_solution_r101_21_2014.json,results/stage03-measurement_smoke01/solutions/r101_21-alns_stage02_constraint_guided-2014.json,feasible,raw manifest or sidecar is missing,not_verified,NOT_READY_FOR_STAGE03_FORMAL_MEASUREMENT,not_applicable,not_published,66a7376d256d974ec8840b3b6695b5b54e0f7e4f690d384332bdc6ecab36db2e,computed,86c735f003164a6b75868a4abd6fe42ce178c188b4a34fb149e2813790401496,50ed2d642f7e5ab1c495f9d43526dbc7ced2cb6e3521d8207719409066db928a,0e5a3dffffbd3c516b528ef32ba1a488b817d2f151fc3e8c81023814de1c103a,23e56e85e58743345c96cb703af6203224d46ff58003d88978b04a06ed604381,b226b97e0e67288aaaf85726ad855df71cb81406685c57c8e8c40cd8996aa0da,c331dbe8de7d85e72e6d4cfc7dd135b2f3451e07,False,"{""VRP-EVRP-Project-Hub"": {""dirty"": false, ""path"": ""/Users/guoyiyang/Documents/GitHub/FURP-2026-Yiyang-GUO-EVRP-TW/reference/VRP-EVRP-Project-Hub"", ""revision"": ""e3a890065105f978187e532642c4442522215e02""}, ""py-ga-VRPTW"": {""dirty"": false, ""path"": ""/Users/guoyiyang/Documents/GitHub/FURP-2026-Yiyang-GUO-EVRP-TW/reference/py-ga-VRPTW"", ""revision"": ""8e005caaaf6471a4505588d88c7f0f5e0d4ebffa""}}",stage02.3_constraint_guided_attempt16 + stage02.3_constraint_guided_rerun09,,preserve;see stage03_legacy_path_map.csv
stage03.0,measurement,stage03.0_measurement_attempt01,attempt01,stage03.0_measurement_attempt01,stage03_measurement_smoke01,smoke,r101_21,2015,"[""c101C5"", ""r105C5"", ""rc105C5"", ""c101_21"", ""r101_21"", ""rc101_21""]","[2014, 2015, 2016]",solution,legacy_with_manifest_error,results/stage03.0_measurement_attempt01/r101_21/2015/stage03.0_measurement_attempt01_solution_r101_21_2015.json,results/stage03-measurement_smoke01/solutions/r101_21-alns_stage02_constraint_guided-2015.json,feasible,raw manifest or sidecar is missing,not_verified,NOT_READY_FOR_STAGE03_FORMAL_MEASUREMENT,not_applicable,not_published,012a3a681c55bb71f849ac74d36c328677aab20e7289e358fa4a0cf5ee1054ae,computed,86c735f003164a6b75868a4abd6fe42ce178c188b4a34fb149e2813790401496,50ed2d642f7e5ab1c495f9d43526dbc7ced2cb6e3521d8207719409066db928a,0e5a3dffffbd3c516b528ef32ba1a488b817d2f151fc3e8c81023814de1c103a,daece5e030c58e767abbce387421a937690b669c96d5f48105f14f4fffb52dd5,b226b97e0e67288aaaf85726ad855df71cb81406685c57c8e8c40cd8996aa0da,c331dbe8de7d85e72e6d4cfc7dd135b2f3451e07,False,"{""VRP-EVRP-Project-Hub"": {""dirty"": false, ""path"": ""/Users/guoyiyang/Documents/GitHub/FURP-2026-Yiyang-GUO-EVRP-TW/reference/VRP-EVRP-Project-Hub"", ""revision"": ""e3a890065105f978187e532642c4442522215e02""}, ""py-ga-VRPTW"": {""dirty"": false, ""path"": ""/Users/guoyiyang/Documents/GitHub/FURP-2026-Yiyang-GUO-EVRP-TW/reference/py-ga-VRPTW"", ""revision"": ""8e005caaaf6471a4505588d88c7f0f5e0d4ebffa""}}",stage02.3_constraint_guided_attempt16 + stage02.3_constraint_guided_rerun09,,preserve;see stage03_legacy_path_map.csv
stage03.0,measurement,stage03.0_measurement_attempt01,attempt01,stage03.0_measurement_attempt01,stage03_measurement_smoke01,smoke,r101_21,2016,"[""c101C5"", ""r105C5"", ""rc105C5"", ""c101_21"", ""r101_21"", ""rc101_21""]","[2014, 2015, 2016]",solution,legacy_with_manifest_error,results/stage03.0_measurement_attempt01/r101_21/2016/stage03.0_measurement_attempt01_solution_r101_21_2016.json,results/stage03-measurement_smoke01/solutions/r101_21-alns_stage02_constraint_guided-2016.json,feasible,raw manifest or sidecar is missing,not_verified,NOT_READY_FOR_STAGE03_FORMAL_MEASUREMENT,not_applicable,not_published,d4612419cb02671351b7811f81329f0f216a0fa794fa9f9f6b630c016ce645db,computed,86c735f003164a6b75868a4abd6fe42ce178c188b4a34fb149e2813790401496,50ed2d642f7e5ab1c495f9d43526dbc7ced2cb6e3521d8207719409066db928a,0e5a3dffffbd3c516b528ef32ba1a488b817d2f151fc3e8c81023814de1c103a,0e8272910fcbda9c5e16bd0f2f60cb8cb7b3ce8f1c8daa97448d6f0e8e252797,b226b97e0e67288aaaf85726ad855df71cb81406685c57c8e8c40cd8996aa0da,c331dbe8de7d85e72e6d4cfc7dd135b2f3451e07,False,"{""VRP-EVRP-Project-Hub"": {""dirty"": false, ""path"": ""/Users/guoyiyang/Documents/GitHub/FURP-2026-Yiyang-GUO-EVRP-TW/reference/VRP-EVRP-Project-Hub"", ""revision"": ""e3a890065105f978187e532642c4442522215e02""}, ""py-ga-VRPTW"": {""dirty"": false, ""path"": ""/Users/guoyiyang/Documents/GitHub/FURP-2026-Yiyang-GUO-EVRP-TW/reference/py-ga-VRPTW"", ""revision"": ""8e005caaaf6471a4505588d88c7f0f5e0d4ebffa""}}",stage02.3_constraint_guided_attempt16 + stage02.3_constraint_guided_rerun09,,preserve;see stage03_legacy_path_map.csv
stage03.0,measurement,stage03.0_measurement_attempt01,attempt01,stage03.0_measurement_attempt01,stage03_measurement_smoke01,smoke,r105C5,2014,"[""c101C5"", ""r105C5"", ""rc105C5"", ""c101_21"", ""r101_21"", ""rc101_21""]","[2014, 2015, 2016]",solution,legacy_with_manifest_error,results/stage03.0_measurement_attempt01/r105C5/2014/stage03.0_measurement_attempt01_solution_r105C5_2014.json,results/stage03-measurement_smoke01/solutions/r105C5-alns_stage02_constraint_guided-2014.json,feasible,raw manifest or sidecar is missing,not_verified,NOT_READY_FOR_STAGE03_FORMAL_MEASUREMENT,not_applicable,not_published,37f614411458fbc7802b1db8344ab4be5ef9dc9767d4851e1d3b65f343139676,computed,86c735f003164a6b75868a4abd6fe42ce178c188b4a34fb149e2813790401496,50ed2d642f7e5ab1c495f9d43526dbc7ced2cb6e3521d8207719409066db928a,eb27ec04e799ee6d39dee3d66f15128e197811afa8c664295acbdf6444176434,76d22033d8e294265956c5b8dc004397ef87b4e26c39bb679d37d7692a065a14,b226b97e0e67288aaaf85726ad855df71cb81406685c57c8e8c40cd8996aa0da,c331dbe8de7d85e72e6d4cfc7dd135b2f3451e07,False,"{""VRP-EVRP-Project-Hub"": {""dirty"": false, ""path"": ""/Users/guoyiyang/Documents/GitHub/FURP-2026-Yiyang-GUO-EVRP-TW/reference/VRP-EVRP-Project-Hub"", ""revision"": ""e3a890065105f978187e532642c4442522215e02""}, ""py-ga-VRPTW"": {""dirty"": false, ""path"": ""/Users/guoyiyang/Documents/GitHub/FURP-2026-Yiyang-GUO-EVRP-TW/reference/py-ga-VRPTW"", ""revision"": ""8e005caaaf6471a4505588d88c7f0f5e0d4ebffa""}}",stage02.3_constraint_guided_attempt16 + stage02.3_constraint_guided_rerun09,,preserve;see stage03_legacy_path_map.csv
stage03.0,measurement,stage03.0_measurement_attempt01,attempt01,stage03.0_measurement_attempt01,stage03_measurement_smoke01,smoke,r105C5,2015,"[""c101C5"", ""r105C5"", ""rc105C5"", ""c101_21"", ""r101_21"", ""rc101_21""]","[2014, 2015, 2016]",solution,legacy_with_manifest_error,results/stage03.0_measurement_attempt01/r105C5/2015/stage03.0_measurement_attempt01_solution_r105C5_2015.json,results/stage03-measurement_smoke01/solutions/r105C5-alns_stage02_constraint_guided-2015.json,feasible,raw manifest or sidecar is missing,not_verified,NOT_READY_FOR_STAGE03_FORMAL_MEASUREMENT,not_applicable,not_published,5986d9d10e21f0dc93293751bd7d938a3769de674f21974964409251ce7e32ce,computed,86c735f003164a6b75868a4abd6fe42ce178c188b4a34fb149e2813790401496,50ed2d642f7e5ab1c495f9d43526dbc7ced2cb6e3521d8207719409066db928a,eb27ec04e799ee6d39dee3d66f15128e197811afa8c664295acbdf6444176434,7c93b15b629e5264fad8d1dcc6b40ca7cd2a474ea408f898e2b4d6d58fdf866a,b226b97e0e67288aaaf85726ad855df71cb81406685c57c8e8c40cd8996aa0da,c331dbe8de7d85e72e6d4cfc7dd135b2f3451e07,False,"{""VRP-EVRP-Project-Hub"": {""dirty"": false, ""path"": ""/Users/guoyiyang/Documents/GitHub/FURP-2026-Yiyang-GUO-EVRP-TW/reference/VRP-EVRP-Project-Hub"", ""revision"": ""e3a890065105f978187e532642c4442522215e02""}, ""py-ga-VRPTW"": {""dirty"": false, ""path"": ""/Users/guoyiyang/Documents/GitHub/FURP-2026-Yiyang-GUO-EVRP-TW/reference/py-ga-VRPTW"", ""revision"": ""8e005caaaf6471a4505588d88c7f0f5e0d4ebffa""}}",stage02.3_constraint_guided_attempt16 + stage02.3_constraint_guided_rerun09,,preserve;see stage03_legacy_path_map.csv
stage03.0,measurement,stage03.0_measurement_attempt01,attempt01,stage03.0_measurement_attempt01,stage03_measurement_smoke01,smoke,r105C5,2016,"[""c101C5"", ""r105C5"", ""rc105C5"", ""c101_21"", ""r101_21"", ""rc101_21""]","[2014, 2015, 2016]",solution,legacy_with_manifest_error,results/stage03.0_measurement_attempt01/r105C5/2016/stage03.0_measurement_attempt01_solution_r105C5_2016.json,results/stage03-measurement_smoke01/solutions/r105C5-alns_stage02_constraint_guided-2016.json,feasible,raw manifest or sidecar is missing,not_verified,NOT_READY_FOR_STAGE03_FORMAL_MEASUREMENT,not_applicable,not_published,06501df94705311d988665f4a9a554aae7cbca6fdb7e497d6fd0161f382f29ab,computed,86c735f003164a6b75868a4abd6fe42ce178c188b4a34fb149e2813790401496,50ed2d642f7e5ab1c495f9d43526dbc7ced2cb6e3521d8207719409066db928a,eb27ec04e799ee6d39dee3d66f15128e197811afa8c664295acbdf6444176434,0dcf39e5f2ff76f3551c0e27ae7986d92109ec3de7620b63dd925cd078b54b92,b226b97e0e67288aaaf85726ad855df71cb81406685c57c8e8c40cd8996aa0da,c331dbe8de7d85e72e6d4cfc7dd135b2f3451e07,False,"{""VRP-EVRP-Project-Hub"": {""dirty"": false, ""path"": ""/Users/guoyiyang/Documents/GitHub/FURP-2026-Yiyang-GUO-EVRP-TW/reference/VRP-EVRP-Project-Hub"", ""revision"": ""e3a890065105f978187e532642c4442522215e02""}, ""py-ga-VRPTW"": {""dirty"": false, ""path"": ""/Users/guoyiyang/Documents/GitHub/FURP-2026-Yiyang-GUO-EVRP-TW/reference/py-ga-VRPTW"", ""revision"": ""8e005caaaf6471a4505588d88c7f0f5e0d4ebffa""}}",stage02.3_constraint_guided_attempt16 + stage02.3_constraint_guided_rerun09,,preserve;see stage03_legacy_path_map.csv
stage03.0,measurement,stage03.0_measurement_attempt01,attempt01,stage03.0_measurement_attempt01,stage03_measurement_smoke01,smoke,rc101_21,2014,"[""c101C5"", ""r105C5"", ""rc105C5"", ""c101_21"", ""r101_21"", ""rc101_21""]","[2014, 2015, 2016]",solution,legacy_with_manifest_error,results/stage03.0_measurement_attempt01/rc101_21/2014/stage03.0_measurement_attempt01_solution_rc101_21_2014.json,results/stage03-measurement_smoke01/solutions/rc101_21-alns_stage02_constraint_guided-2014.json,feasible,raw manifest or sidecar is missing,not_verified,NOT_READY_FOR_STAGE03_FORMAL_MEASUREMENT,not_applicable,not_published,33c0a8cc644aa5435696b770dc03a668abe03c25bbd28e993590389e81247471,computed,86c735f003164a6b75868a4abd6fe42ce178c188b4a34fb149e2813790401496,50ed2d642f7e5ab1c495f9d43526dbc7ced2cb6e3521d8207719409066db928a,272a3e58d53d4ba9516f01506164cf8a9b98bfeeb8dbd1fd62f6557e4c98e3a1,1e1d023daecb825b02f17698fdb4b6f28183e5e84ffba9984cbf4f68b752479c,b226b97e0e67288aaaf85726ad855df71cb81406685c57c8e8c40cd8996aa0da,c331dbe8de7d85e72e6d4cfc7dd135b2f3451e07,False,"{""VRP-EVRP-Project-Hub"": {""dirty"": false, ""path"": ""/Users/guoyiyang/Documents/GitHub/FURP-2026-Yiyang-GUO-EVRP-TW/reference/VRP-EVRP-Project-Hub"", ""revision"": ""e3a890065105f978187e532642c4442522215e02""}, ""py-ga-VRPTW"": {""dirty"": false, ""path"": ""/Users/guoyiyang/Documents/GitHub/FURP-2026-Yiyang-GUO-EVRP-TW/reference/py-ga-VRPTW"", ""revision"": ""8e005caaaf6471a4505588d88c7f0f5e0d4ebffa""}}",stage02.3_constraint_guided_attempt16 + stage02.3_constraint_guided_rerun09,,preserve;see stage03_legacy_path_map.csv
stage03.0,measurement,stage03.0_measurement_attempt01,attempt01,stage03.0_measurement_attempt01,stage03_measurement_smoke01,smoke,rc101_21,2015,"[""c101C5"", ""r105C5"", ""rc105C5"", ""c101_21"", ""r101_21"", ""rc101_21""]","[2014, 2015, 2016]",solution,legacy_with_manifest_error,results/stage03.0_measurement_attempt01/rc101_21/2015/stage03.0_measurement_attempt01_solution_rc101_21_2015.json,results/stage03-measurement_smoke01/solutions/rc101_21-alns_stage02_constraint_guided-2015.json,feasible,raw manifest or sidecar is missing,not_verified,NOT_READY_FOR_STAGE03_FORMAL_MEASUREMENT,not_applicable,not_published,fdce75e025ab6dda082730ab3b512d517cabf59ce108abc102ccd4a02f01b75d,computed,86c735f003164a6b75868a4abd6fe42ce178c188b4a34fb149e2813790401496,50ed2d642f7e5ab1c495f9d43526dbc7ced2cb6e3521d8207719409066db928a,272a3e58d53d4ba9516f01506164cf8a9b98bfeeb8dbd1fd62f6557e4c98e3a1,715775903d666646e71ddca8b432467e168be4e4b808d342069abf0a44023f13,b226b97e0e67288aaaf85726ad855df71cb81406685c57c8e8c40cd8996aa0da,c331dbe8de7d85e72e6d4cfc7dd135b2f3451e07,False,"{""VRP-EVRP-Project-Hub"": {""dirty"": false, ""path"": ""/Users/guoyiyang/Documents/GitHub/FURP-2026-Yiyang-GUO-EVRP-TW/reference/VRP-EVRP-Project-Hub"", ""revision"": ""e3a890065105f978187e532642c4442522215e02""}, ""py-ga-VRPTW"": {""dirty"": false, ""path"": ""/Users/guoyiyang/Documents/GitHub/FURP-2026-Yiyang-GUO-EVRP-TW/reference/py-ga-VRPTW"", ""revision"": ""8e005caaaf6471a4505588d88c7f0f5e0d4ebffa""}}",stage02.3_constraint_guided_attempt16 + stage02.3_constraint_guided_rerun09,,preserve;see stage03_legacy_path_map.csv
stage03.0,measurement,stage03.0_measurement_attempt01,attempt01,stage03.0_measurement_attempt01,stage03_measurement_smoke01,smoke,rc101_21,2016,"[""c101C5"", ""r105C5"", ""rc105C5"", ""c101_21"", ""r101_21"", ""rc101_21""]","[2014, 2015, 2016]",solution,legacy_with_manifest_error,results/stage03.0_measurement_attempt01/rc101_21/2016/stage03.0_measurement_attempt01_solution_rc101_21_2016.json,results/stage03-measurement_smoke01/solutions/rc101_21-alns_stage02_constraint_guided-2016.json,feasible,raw manifest or sidecar is missing,not_verified,NOT_READY_FOR_STAGE03_FORMAL_MEASUREMENT,not_applicable,not_published,a4245aa12e62658c9dd60cad4e109e224c8ac4bcda8b507b963eae9f85047629,computed,86c735f003164a6b75868a4abd6fe42ce178c188b4a34fb149e2813790401496,50ed2d642f7e5ab1c495f9d43526dbc7ced2cb6e3521d8207719409066db928a,272a3e58d53d4ba9516f01506164cf8a9b98bfeeb8dbd1fd62f6557e4c98e3a1,3d23641aa68e698b3a0566d18b1520b0bf80f868581ef30b3ea6eef33d046fec,b226b97e0e67288aaaf85726ad855df71cb81406685c57c8e8c40cd8996aa0da,c331dbe8de7d85e72e6d4cfc7dd135b2f3451e07,False,"{""VRP-EVRP-Project-Hub"": {""dirty"": false, ""path"": ""/Users/guoyiyang/Documents/GitHub/FURP-2026-Yiyang-GUO-EVRP-TW/reference/VRP-EVRP-Project-Hub"", ""revision"": ""e3a890065105f978187e532642c4442522215e02""}, ""py-ga-VRPTW"": {""dirty"": false, ""path"": ""/Users/guoyiyang/Documents/GitHub/FURP-2026-Yiyang-GUO-EVRP-TW/reference/py-ga-VRPTW"", ""revision"": ""8e005caaaf6471a4505588d88c7f0f5e0d4ebffa""}}",stage02.3_constraint_guided_attempt16 + stage02.3_constraint_guided_rerun09,,preserve;see stage03_legacy_path_map.csv
stage03.0,measurement,stage03.0_measurement_attempt01,attempt01,stage03.0_measurement_attempt01,stage03_measurement_smoke01,smoke,rc105C5,2014,"[""c101C5"", ""r105C5"", ""rc105C5"", ""c101_21"", ""r101_21"", ""rc101_21""]","[2014, 2015, 2016]",solution,legacy_with_manifest_error,results/stage03.0_measurement_attempt01/rc105C5/2014/stage03.0_measurement_attempt01_solution_rc105C5_2014.json,results/stage03-measurement_smoke01/solutions/rc105C5-alns_stage02_constraint_guided-2014.json,feasible,raw manifest or sidecar is missing,not_verified,NOT_READY_FOR_STAGE03_FORMAL_MEASUREMENT,not_applicable,not_published,707124f4dc787ca88f5388fa3b1cdac327b82829474633871b32b34f00b4026e,computed,86c735f003164a6b75868a4abd6fe42ce178c188b4a34fb149e2813790401496,50ed2d642f7e5ab1c495f9d43526dbc7ced2cb6e3521d8207719409066db928a,2ccfba6c447fa43a994934690acb67c7355ca04d232394907ed6938bc362c643,cc550ee409da1b46ee3dd0a71781eca45b089ecc3fe33a4c7907cf8d16468271,b226b97e0e67288aaaf85726ad855df71cb81406685c57c8e8c40cd8996aa0da,c331dbe8de7d85e72e6d4cfc7dd135b2f3451e07,False,"{""VRP-EVRP-Project-Hub"": {""dirty"": false, ""path"": ""/Users/guoyiyang/Documents/GitHub/FURP-2026-Yiyang-GUO-EVRP-TW/reference/VRP-EVRP-Project-Hub"", ""revision"": ""e3a890065105f978187e532642c4442522215e02""}, ""py-ga-VRPTW"": {""dirty"": false, ""path"": ""/Users/guoyiyang/Documents/GitHub/FURP-2026-Yiyang-GUO-EVRP-TW/reference/py-ga-VRPTW"", ""revision"": ""8e005caaaf6471a4505588d88c7f0f5e0d4ebffa""}}",stage02.3_constraint_guided_attempt16 + stage02.3_constraint_guided_rerun09,,preserve;see stage03_legacy_path_map.csv
stage03.0,measurement,stage03.0_measurement_attempt01,attempt01,stage03.0_measurement_attempt01,stage03_measurement_smoke01,smoke,rc105C5,2015,"[""c101C5"", ""r105C5"", ""rc105C5"", ""c101_21"", ""r101_21"", ""rc101_21""]","[2014, 2015, 2016]",solution,legacy_with_manifest_error,results/stage03.0_measurement_attempt01/rc105C5/2015/stage03.0_measurement_attempt01_solution_rc105C5_2015.json,results/stage03-measurement_smoke01/solutions/rc105C5-alns_stage02_constraint_guided-2015.json,feasible,raw manifest or sidecar is missing,not_verified,NOT_READY_FOR_STAGE03_FORMAL_MEASUREMENT,not_applicable,not_published,39653ab2e3da8a9d3aa50c89421d36a09ff96d491401b99036322816394b5b54,computed,86c735f003164a6b75868a4abd6fe42ce178c188b4a34fb149e2813790401496,50ed2d642f7e5ab1c495f9d43526dbc7ced2cb6e3521d8207719409066db928a,2ccfba6c447fa43a994934690acb67c7355ca04d232394907ed6938bc362c643,ded180cd47e28f9fd9edc5caea8b8380ed2e697868df41f254e178992cc88c95,b226b97e0e67288aaaf85726ad855df71cb81406685c57c8e8c40cd8996aa0da,c331dbe8de7d85e72e6d4cfc7dd135b2f3451e07,False,"{""VRP-EVRP-Project-Hub"": {""dirty"": false, ""path"": ""/Users/guoyiyang/Documents/GitHub/FURP-2026-Yiyang-GUO-EVRP-TW/reference/VRP-EVRP-Project-Hub"", ""revision"": ""e3a890065105f978187e532642c4442522215e02""}, ""py-ga-VRPTW"": {""dirty"": false, ""path"": ""/Users/guoyiyang/Documents/GitHub/FURP-2026-Yiyang-GUO-EVRP-TW/reference/py-ga-VRPTW"", ""revision"": ""8e005caaaf6471a4505588d88c7f0f5e0d4ebffa""}}",stage02.3_constraint_guided_attempt16 + stage02.3_constraint_guided_rerun09,,preserve;see stage03_legacy_path_map.csv
stage03.0,measurement,stage03.0_measurement_attempt01,attempt01,stage03.0_measurement_attempt01,stage03_measurement_smoke01,smoke,rc105C5,2016,"[""c101C5"", ""r105C5"", ""rc105C5"", ""c101_21"", ""r101_21"", ""rc101_21""]","[2014, 2015, 2016]",solution,legacy_with_manifest_error,results/stage03.0_measurement_attempt01/rc105C5/2016/stage03.0_measurement_attempt01_solution_rc105C5_2016.json,results/stage03-measurement_smoke01/solutions/rc105C5-alns_stage02_constraint_guided-2016.json,feasible,raw manifest or sidecar is missing,not_verified,NOT_READY_FOR_STAGE03_FORMAL_MEASUREMENT,not_applicable,not_published,07b1f3b11b045328517d98b2d0c40fa8775d963d24888b70296134d8c64c58e6,computed,86c735f003164a6b75868a4abd6fe42ce178c188b4a34fb149e2813790401496,50ed2d642f7e5ab1c495f9d43526dbc7ced2cb6e3521d8207719409066db928a,2ccfba6c447fa43a994934690acb67c7355ca04d232394907ed6938bc362c643,c002bbfd8358195a56fc06a82f2cccb43c418649f6c64f064a6ef806d28f7cb1,b226b97e0e67288aaaf85726ad855df71cb81406685c57c8e8c40cd8996aa0da,c331dbe8de7d85e72e6d4cfc7dd135b2f3451e07,False,"{""VRP-EVRP-Project-Hub"": {""dirty"": false, ""path"": ""/Users/guoyiyang/Documents/GitHub/FURP-2026-Yiyang-GUO-EVRP-TW/reference/VRP-EVRP-Project-Hub"", ""revision"": ""e3a890065105f978187e532642c4442522215e02""}, ""py-ga-VRPTW"": {""dirty"": false, ""path"": ""/Users/guoyiyang/Documents/GitHub/FURP-2026-Yiyang-GUO-EVRP-TW/reference/py-ga-VRPTW"", ""revision"": ""8e005caaaf6471a4505588d88c7f0f5e0d4ebffa""}}",stage02.3_constraint_guided_attempt16 + stage02.3_constraint_guided_rerun09,,preserve;see stage03_legacy_path_map.csv
stage03.0,measurement,stage03.0_measurement_attempt01,attempt01,stage03.0_measurement_attempt01,stage03_measurement_smoke01,smoke,c101C5,2014,"[""c101C5"", ""r105C5"", ""rc105C5"", ""c101_21"", ""r101_21"", ""rc101_21""]","[2014, 2015, 2016]",trace,legacy_with_manifest_error,results/stage03.0_measurement_attempt01/c101C5/2014/stage03.0_measurement_attempt01_trace_c101C5_2014.json,results/stage03-measurement_smoke01/traces/c101C5-alns_stage02_constraint_guided-2014.json,feasible,raw manifest or sidecar is missing,not_verified,NOT_READY_FOR_STAGE03_FORMAL_MEASUREMENT,not_applicable,not_published,abf2a3bce784d652a19b61603f4def263e9074dd4b3d04bee8f397e7793495ad,computed,86c735f003164a6b75868a4abd6fe42ce178c188b4a34fb149e2813790401496,50ed2d642f7e5ab1c495f9d43526dbc7ced2cb6e3521d8207719409066db928a,8612d6d9aad051776097a5e50c7408f39352b8107b0639d58e5eda713f9ff876,29761e9c85996dfe52bf9d1abfcf7a6ced698184bb6656c516c4d48784a6d88a,b226b97e0e67288aaaf85726ad855df71cb81406685c57c8e8c40cd8996aa0da,c331dbe8de7d85e72e6d4cfc7dd135b2f3451e07,False,"{""VRP-EVRP-Project-Hub"": {""dirty"": false, ""path"": ""/Users/guoyiyang/Documents/GitHub/FURP-2026-Yiyang-GUO-EVRP-TW/reference/VRP-EVRP-Project-Hub"", ""revision"": ""e3a890065105f978187e532642c4442522215e02""}, ""py-ga-VRPTW"": {""dirty"": false, ""path"": ""/Users/guoyiyang/Documents/GitHub/FURP-2026-Yiyang-GUO-EVRP-TW/reference/py-ga-VRPTW"", ""revision"": ""8e005caaaf6471a4505588d88c7f0f5e0d4ebffa""}}",stage02.3_constraint_guided_attempt16 + stage02.3_constraint_guided_rerun09,,preserve;see stage03_legacy_path_map.csv
stage03.0,measurement,stage03.0_measurement_attempt01,attempt01,stage03.0_measurement_attempt01,stage03_measurement_smoke01,smoke,c101C5,2015,"[""c101C5"", ""r105C5"", ""rc105C5"", ""c101_21"", ""r101_21"", ""rc101_21""]","[2014, 2015, 2016]",trace,legacy_with_manifest_error,results/stage03.0_measurement_attempt01/c101C5/2015/stage03.0_measurement_attempt01_trace_c101C5_2015.json,results/stage03-measurement_smoke01/traces/c101C5-alns_stage02_constraint_guided-2015.json,feasible,raw manifest or sidecar is missing,not_verified,NOT_READY_FOR_STAGE03_FORMAL_MEASUREMENT,not_applicable,not_published,00b0371872f76ff8911dd37bff9b72982cabee38c57970109a73091d574e757c,computed,86c735f003164a6b75868a4abd6fe42ce178c188b4a34fb149e2813790401496,50ed2d642f7e5ab1c495f9d43526dbc7ced2cb6e3521d8207719409066db928a,8612d6d9aad051776097a5e50c7408f39352b8107b0639d58e5eda713f9ff876,dc9ace6d61a7c395e1f0fb1b303af1302de0b6596d8fedd5659fccbd8d250ffa,b226b97e0e67288aaaf85726ad855df71cb81406685c57c8e8c40cd8996aa0da,c331dbe8de7d85e72e6d4cfc7dd135b2f3451e07,False,"{""VRP-EVRP-Project-Hub"": {""dirty"": false, ""path"": ""/Users/guoyiyang/Documents/GitHub/FURP-2026-Yiyang-GUO-EVRP-TW/reference/VRP-EVRP-Project-Hub"", ""revision"": ""e3a890065105f978187e532642c4442522215e02""}, ""py-ga-VRPTW"": {""dirty"": false, ""path"": ""/Users/guoyiyang/Documents/GitHub/FURP-2026-Yiyang-GUO-EVRP-TW/reference/py-ga-VRPTW"", ""revision"": ""8e005caaaf6471a4505588d88c7f0f5e0d4ebffa""}}",stage02.3_constraint_guided_attempt16 + stage02.3_constraint_guided_rerun09,,preserve;see stage03_legacy_path_map.csv
stage03.0,measurement,stage03.0_measurement_attempt01,attempt01,stage03.0_measurement_attempt01,stage03_measurement_smoke01,smoke,c101C5,2016,"[""c101C5"", ""r105C5"", ""rc105C5"", ""c101_21"", ""r101_21"", ""rc101_21""]","[2014, 2015, 2016]",trace,legacy_with_manifest_error,results/stage03.0_measurement_attempt01/c101C5/2016/stage03.0_measurement_attempt01_trace_c101C5_2016.json,results/stage03-measurement_smoke01/traces/c101C5-alns_stage02_constraint_guided-2016.json,feasible,raw manifest or sidecar is missing,not_verified,NOT_READY_FOR_STAGE03_FORMAL_MEASUREMENT,not_applicable,not_published,d7ca76c41f2838efabcdd6854a5d1d56e96741b7f8dfcfded034cb6423631fa6,computed,86c735f003164a6b75868a4abd6fe42ce178c188b4a34fb149e2813790401496,50ed2d642f7e5ab1c495f9d43526dbc7ced2cb6e3521d8207719409066db928a,8612d6d9aad051776097a5e50c7408f39352b8107b0639d58e5eda713f9ff876,bea4c69838d7fb779759434ad2dc24e7a8e3c93bb43751b32bad5b3650350cfd,b226b97e0e67288aaaf85726ad855df71cb81406685c57c8e8c40cd8996aa0da,c331dbe8de7d85e72e6d4cfc7dd135b2f3451e07,False,"{""VRP-EVRP-Project-Hub"": {""dirty"": false, ""path"": ""/Users/guoyiyang/Documents/GitHub/FURP-2026-Yiyang-GUO-EVRP-TW/reference/VRP-EVRP-Project-Hub"", ""revision"": ""e3a890065105f978187e532642c4442522215e02""}, ""py-ga-VRPTW"": {""dirty"": false, ""path"": ""/Users/guoyiyang/Documents/GitHub/FURP-2026-Yiyang-GUO-EVRP-TW/reference/py-ga-VRPTW"", ""revision"": ""8e005caaaf6471a4505588d88c7f0f5e0d4ebffa""}}",stage02.3_constraint_guided_attempt16 + stage02.3_constraint_guided_rerun09,,preserve;see stage03_legacy_path_map.csv
stage03.0,measurement,stage03.0_measurement_attempt01,attempt01,stage03.0_measurement_attempt01,stage03_measurement_smoke01,smoke,c101_21,2014,"[""c101C5"", ""r105C5"", ""rc105C5"", ""c101_21"", ""r101_21"", ""rc101_21""]","[2014, 2015, 2016]",trace,legacy_with_manifest_error,results/stage03.0_measurement_attempt01/c101_21/2014/stage03.0_measurement_attempt01_trace_c101_21_2014.json,results/stage03-measurement_smoke01/traces/c101_21-alns_stage02_constraint_guided-2014.json,feasible,raw manifest or sidecar is missing,not_verified,NOT_READY_FOR_STAGE03_FORMAL_MEASUREMENT,not_applicable,not_published,21f913cba4e291333e5dd6e5aef9c3af172c5523107bddbae7c1f54a3d66d1d7,computed,86c735f003164a6b75868a4abd6fe42ce178c188b4a34fb149e2813790401496,50ed2d642f7e5ab1c495f9d43526dbc7ced2cb6e3521d8207719409066db928a,c5cda6ca63a7d518902cf4b02d98b4aa0f373aaa0658d5c666d1c46d38871cb9,bded1ccbb12bd55b35dc579359f8cb164a073ccd8ea21fa86f8187a482e8dec0,b226b97e0e67288aaaf85726ad855df71cb81406685c57c8e8c40cd8996aa0da,c331dbe8de7d85e72e6d4cfc7dd135b2f3451e07,False,"{""VRP-EVRP-Project-Hub"": {""dirty"": false, ""path"": ""/Users/guoyiyang/Documents/GitHub/FURP-2026-Yiyang-GUO-EVRP-TW/reference/VRP-EVRP-Project-Hub"", ""revision"": ""e3a890065105f978187e532642c4442522215e02""}, ""py-ga-VRPTW"": {""dirty"": false, ""path"": ""/Users/guoyiyang/Documents/GitHub/FURP-2026-Yiyang-GUO-EVRP-TW/reference/py-ga-VRPTW"", ""revision"": ""8e005caaaf6471a4505588d88c7f0f5e0d4ebffa""}}",stage02.3_constraint_guided_attempt16 + stage02.3_constraint_guided_rerun09,,preserve;see stage03_legacy_path_map.csv
stage03.0,measurement,stage03.0_measurement_attempt01,attempt01,stage03.0_measurement_attempt01,stage03_measurement_smoke01,smoke,c101_21,2015,"[""c101C5"", ""r105C5"", ""rc105C5"", ""c101_21"", ""r101_21"", ""rc101_21""]","[2014, 2015, 2016]",trace,legacy_with_manifest_error,results/stage03.0_measurement_attempt01/c101_21/2015/stage03.0_measurement_attempt01_trace_c101_21_2015.json,results/stage03-measurement_smoke01/traces/c101_21-alns_stage02_constraint_guided-2015.json,feasible,raw manifest or sidecar is missing,not_verified,NOT_READY_FOR_STAGE03_FORMAL_MEASUREMENT,not_applicable,not_published,f415b1fd4fb49d2d49c23f455049d85ad86f28dbc0f58447b429fe64338c12ea,computed,86c735f003164a6b75868a4abd6fe42ce178c188b4a34fb149e2813790401496,50ed2d642f7e5ab1c495f9d43526dbc7ced2cb6e3521d8207719409066db928a,c5cda6ca63a7d518902cf4b02d98b4aa0f373aaa0658d5c666d1c46d38871cb9,7556d9ef639941c5ae3fa8fe48ce415fb8f456f273af53d276d49fc434e519a2,b226b97e0e67288aaaf85726ad855df71cb81406685c57c8e8c40cd8996aa0da,c331dbe8de7d85e72e6d4cfc7dd135b2f3451e07,False,"{""VRP-EVRP-Project-Hub"": {""dirty"": false, ""path"": ""/Users/guoyiyang/Documents/GitHub/FURP-2026-Yiyang-GUO-EVRP-TW/reference/VRP-EVRP-Project-Hub"", ""revision"": ""e3a890065105f978187e532642c4442522215e02""}, ""py-ga-VRPTW"": {""dirty"": false, ""path"": ""/Users/guoyiyang/Documents/GitHub/FURP-2026-Yiyang-GUO-EVRP-TW/reference/py-ga-VRPTW"", ""revision"": ""8e005caaaf6471a4505588d88c7f0f5e0d4ebffa""}}",stage02.3_constraint_guided_attempt16 + stage02.3_constraint_guided_rerun09,,preserve;see stage03_legacy_path_map.csv
stage03.0,measurement,stage03.0_measurement_attempt01,attempt01,stage03.0_measurement_attempt01,stage03_measurement_smoke01,smoke,c101_21,2016,"[""c101C5"", ""r105C5"", ""rc105C5"", ""c101_21"", ""r101_21"", ""rc101_21""]","[2014, 2015, 2016]",trace,legacy_with_manifest_error,results/stage03.0_measurement_attempt01/c101_21/2016/stage03.0_measurement_attempt01_trace_c101_21_2016.json,results/stage03-measurement_smoke01/traces/c101_21-alns_stage02_constraint_guided-2016.json,feasible,raw manifest or sidecar is missing,not_verified,NOT_READY_FOR_STAGE03_FORMAL_MEASUREMENT,not_applicable,not_published,994fbffa67052da671abbee8d90f77d4064f7798dc2a3255a277b44449c77d29,computed,86c735f003164a6b75868a4abd6fe42ce178c188b4a34fb149e2813790401496,50ed2d642f7e5ab1c495f9d43526dbc7ced2cb6e3521d8207719409066db928a,c5cda6ca63a7d518902cf4b02d98b4aa0f373aaa0658d5c666d1c46d38871cb9,265ff13c241113039b279ae8fd79c78a0dff798f72e8d667c4637f90039c3761,b226b97e0e67288aaaf85726ad855df71cb81406685c57c8e8c40cd8996aa0da,c331dbe8de7d85e72e6d4cfc7dd135b2f3451e07,False,"{""VRP-EVRP-Project-Hub"": {""dirty"": false, ""path"": ""/Users/guoyiyang/Documents/GitHub/FURP-2026-Yiyang-GUO-EVRP-TW/reference/VRP-EVRP-Project-Hub"", ""revision"": ""e3a890065105f978187e532642c4442522215e02""}, ""py-ga-VRPTW"": {""dirty"": false, ""path"": ""/Users/guoyiyang/Documents/GitHub/FURP-2026-Yiyang-GUO-EVRP-TW/reference/py-ga-VRPTW"", ""revision"": ""8e005caaaf6471a4505588d88c7f0f5e0d4ebffa""}}",stage02.3_constraint_guided_attempt16 + stage02.3_constraint_guided_rerun09,,preserve;see stage03_legacy_path_map.csv
stage03.0,measurement,stage03.0_measurement_attempt01,attempt01,stage03.0_measurement_attempt01,stage03_measurement_smoke01,smoke,r101_21,2014,"[""c101C5"", ""r105C5"", ""rc105C5"", ""c101_21"", ""r101_21"", ""rc101_21""]","[2014, 2015, 2016]",trace,legacy_with_manifest_error,results/stage03.0_measurement_attempt01/r101_21/2014/stage03.0_measurement_attempt01_trace_r101_21_2014.json,results/stage03-measurement_smoke01/traces/r101_21-alns_stage02_constraint_guided-2014.json,feasible,raw manifest or sidecar is missing,not_verified,NOT_READY_FOR_STAGE03_FORMAL_MEASUREMENT,not_applicable,not_published,3c66fb1105c48c65670bbe41b71f08750da53c85699619642d97942d0e33a39d,computed,86c735f003164a6b75868a4abd6fe42ce178c188b4a34fb149e2813790401496,50ed2d642f7e5ab1c495f9d43526dbc7ced2cb6e3521d8207719409066db928a,0e5a3dffffbd3c516b528ef32ba1a488b817d2f151fc3e8c81023814de1c103a,23e56e85e58743345c96cb703af6203224d46ff58003d88978b04a06ed604381,b226b97e0e67288aaaf85726ad855df71cb81406685c57c8e8c40cd8996aa0da,c331dbe8de7d85e72e6d4cfc7dd135b2f3451e07,False,"{""VRP-EVRP-Project-Hub"": {""dirty"": false, ""path"": ""/Users/guoyiyang/Documents/GitHub/FURP-2026-Yiyang-GUO-EVRP-TW/reference/VRP-EVRP-Project-Hub"", ""revision"": ""e3a890065105f978187e532642c4442522215e02""}, ""py-ga-VRPTW"": {""dirty"": false, ""path"": ""/Users/guoyiyang/Documents/GitHub/FURP-2026-Yiyang-GUO-EVRP-TW/reference/py-ga-VRPTW"", ""revision"": ""8e005caaaf6471a4505588d88c7f0f5e0d4ebffa""}}",stage02.3_constraint_guided_attempt16 + stage02.3_constraint_guided_rerun09,,preserve;see stage03_legacy_path_map.csv
stage03.0,measurement,stage03.0_measurement_attempt01,attempt01,stage03.0_measurement_attempt01,stage03_measurement_smoke01,smoke,r101_21,2015,"[""c101C5"", ""r105C5"", ""rc105C5"", ""c101_21"", ""r101_21"", ""rc101_21""]","[2014, 2015, 2016]",trace,legacy_with_manifest_error,results/stage03.0_measurement_attempt01/r101_21/2015/stage03.0_measurement_attempt01_trace_r101_21_2015.json,results/stage03-measurement_smoke01/traces/r101_21-alns_stage02_constraint_guided-2015.json,feasible,raw manifest or sidecar is missing,not_verified,NOT_READY_FOR_STAGE03_FORMAL_MEASUREMENT,not_applicable,not_published,30d566a59b5e6c108cf6c654e5b7917bf51d03bf7c0afb01bb77cdac1654ce4d,computed,86c735f003164a6b75868a4abd6fe42ce178c188b4a34fb149e2813790401496,50ed2d642f7e5ab1c495f9d43526dbc7ced2cb6e3521d8207719409066db928a,0e5a3dffffbd3c516b528ef32ba1a488b817d2f151fc3e8c81023814de1c103a,daece5e030c58e767abbce387421a937690b669c96d5f48105f14f4fffb52dd5,b226b97e0e67288aaaf85726ad855df71cb81406685c57c8e8c40cd8996aa0da,c331dbe8de7d85e72e6d4cfc7dd135b2f3451e07,False,"{""VRP-EVRP-Project-Hub"": {""dirty"": false, ""path"": ""/Users/guoyiyang/Documents/GitHub/FURP-2026-Yiyang-GUO-EVRP-TW/reference/VRP-EVRP-Project-Hub"", ""revision"": ""e3a890065105f978187e532642c4442522215e02""}, ""py-ga-VRPTW"": {""dirty"": false, ""path"": ""/Users/guoyiyang/Documents/GitHub/FURP-2026-Yiyang-GUO-EVRP-TW/reference/py-ga-VRPTW"", ""revision"": ""8e005caaaf6471a4505588d88c7f0f5e0d4ebffa""}}",stage02.3_constraint_guided_attempt16 + stage02.3_constraint_guided_rerun09,,preserve;see stage03_legacy_path_map.csv
stage03.0,measurement,stage03.0_measurement_attempt01,attempt01,stage03.0_measurement_attempt01,stage03_measurement_smoke01,smoke,r101_21,2016,"[""c101C5"", ""r105C5"", ""rc105C5"", ""c101_21"", ""r101_21"", ""rc101_21""]","[2014, 2015, 2016]",trace,legacy_with_manifest_error,results/stage03.0_measurement_attempt01/r101_21/2016/stage03.0_measurement_attempt01_trace_r101_21_2016.json,results/stage03-measurement_smoke01/traces/r101_21-alns_stage02_constraint_guided-2016.json,feasible,raw manifest or sidecar is missing,not_verified,NOT_READY_FOR_STAGE03_FORMAL_MEASUREMENT,not_applicable,not_published,95b84c6ee22d33059de18228eb89001e284aa49884351875c2c484a77acf7f8c,computed,86c735f003164a6b75868a4abd6fe42ce178c188b4a34fb149e2813790401496,50ed2d642f7e5ab1c495f9d43526dbc7ced2cb6e3521d8207719409066db928a,0e5a3dffffbd3c516b528ef32ba1a488b817d2f151fc3e8c81023814de1c103a,0e8272910fcbda9c5e16bd0f2f60cb8cb7b3ce8f1c8daa97448d6f0e8e252797,b226b97e0e67288aaaf85726ad855df71cb81406685c57c8e8c40cd8996aa0da,c331dbe8de7d85e72e6d4cfc7dd135b2f3451e07,False,"{""VRP-EVRP-Project-Hub"": {""dirty"": false, ""path"": ""/Users/guoyiyang/Documents/GitHub/FURP-2026-Yiyang-GUO-EVRP-TW/reference/VRP-EVRP-Project-Hub"", ""revision"": ""e3a890065105f978187e532642c4442522215e02""}, ""py-ga-VRPTW"": {""dirty"": false, ""path"": ""/Users/guoyiyang/Documents/GitHub/FURP-2026-Yiyang-GUO-EVRP-TW/reference/py-ga-VRPTW"", ""revision"": ""8e005caaaf6471a4505588d88c7f0f5e0d4ebffa""}}",stage02.3_constraint_guided_attempt16 + stage02.3_constraint_guided_rerun09,,preserve;see stage03_legacy_path_map.csv
stage03.0,measurement,stage03.0_measurement_attempt01,attempt01,stage03.0_measurement_attempt01,stage03_measurement_smoke01,smoke,r105C5,2014,"[""c101C5"", ""r105C5"", ""rc105C5"", ""c101_21"", ""r101_21"", ""rc101_21""]","[2014, 2015, 2016]",trace,legacy_with_manifest_error,results/stage03.0_measurement_attempt01/r105C5/2014/stage03.0_measurement_attempt01_trace_r105C5_2014.json,results/stage03-measurement_smoke01/traces/r105C5-alns_stage02_constraint_guided-2014.json,feasible,raw manifest or sidecar is missing,not_verified,NOT_READY_FOR_STAGE03_FORMAL_MEASUREMENT,not_applicable,not_published,ecfa0da1acf5a6eb2acd9400c122a0c8bd72b6b532442e4327697fa274272d3d,computed,86c735f003164a6b75868a4abd6fe42ce178c188b4a34fb149e2813790401496,50ed2d642f7e5ab1c495f9d43526dbc7ced2cb6e3521d8207719409066db928a,eb27ec04e799ee6d39dee3d66f15128e197811afa8c664295acbdf6444176434,76d22033d8e294265956c5b8dc004397ef87b4e26c39bb679d37d7692a065a14,b226b97e0e67288aaaf85726ad855df71cb81406685c57c8e8c40cd8996aa0da,c331dbe8de7d85e72e6d4cfc7dd135b2f3451e07,False,"{""VRP-EVRP-Project-Hub"": {""dirty"": false, ""path"": ""/Users/guoyiyang/Documents/GitHub/FURP-2026-Yiyang-GUO-EVRP-TW/reference/VRP-EVRP-Project-Hub"", ""revision"": ""e3a890065105f978187e532642c4442522215e02""}, ""py-ga-VRPTW"": {""dirty"": false, ""path"": ""/Users/guoyiyang/Documents/GitHub/FURP-2026-Yiyang-GUO-EVRP-TW/reference/py-ga-VRPTW"", ""revision"": ""8e005caaaf6471a4505588d88c7f0f5e0d4ebffa""}}",stage02.3_constraint_guided_attempt16 + stage02.3_constraint_guided_rerun09,,preserve;see stage03_legacy_path_map.csv
stage03.0,measurement,stage03.0_measurement_attempt01,attempt01,stage03.0_measurement_attempt01,stage03_measurement_smoke01,smoke,r105C5,2015,"[""c101C5"", ""r105C5"", ""rc105C5"", ""c101_21"", ""r101_21"", ""rc101_21""]","[2014, 2015, 2016]",trace,legacy_with_manifest_error,results/stage03.0_measurement_attempt01/r105C5/2015/stage03.0_measurement_attempt01_trace_r105C5_2015.json,results/stage03-measurement_smoke01/traces/r105C5-alns_stage02_constraint_guided-2015.json,feasible,raw manifest or sidecar is missing,not_verified,NOT_READY_FOR_STAGE03_FORMAL_MEASUREMENT,not_applicable,not_published,83c67b8c4250e06b3b23038333c0900a44ade31643c9d0767f17057a85e5b8f7,computed,86c735f003164a6b75868a4abd6fe42ce178c188b4a34fb149e2813790401496,50ed2d642f7e5ab1c495f9d43526dbc7ced2cb6e3521d8207719409066db928a,eb27ec04e799ee6d39dee3d66f15128e197811afa8c664295acbdf6444176434,7c93b15b629e5264fad8d1dcc6b40ca7cd2a474ea408f898e2b4d6d58fdf866a,b226b97e0e67288aaaf85726ad855df71cb81406685c57c8e8c40cd8996aa0da,c331dbe8de7d85e72e6d4cfc7dd135b2f3451e07,False,"{""VRP-EVRP-Project-Hub"": {""dirty"": false, ""path"": ""/Users/guoyiyang/Documents/GitHub/FURP-2026-Yiyang-GUO-EVRP-TW/reference/VRP-EVRP-Project-Hub"", ""revision"": ""e3a890065105f978187e532642c4442522215e02""}, ""py-ga-VRPTW"": {""dirty"": false, ""path"": ""/Users/guoyiyang/Documents/GitHub/FURP-2026-Yiyang-GUO-EVRP-TW/reference/py-ga-VRPTW"", ""revision"": ""8e005caaaf6471a4505588d88c7f0f5e0d4ebffa""}}",stage02.3_constraint_guided_attempt16 + stage02.3_constraint_guided_rerun09,,preserve;see stage03_legacy_path_map.csv
stage03.0,measurement,stage03.0_measurement_attempt01,attempt01,stage03.0_measurement_attempt01,stage03_measurement_smoke01,smoke,r105C5,2016,"[""c101C5"", ""r105C5"", ""rc105C5"", ""c101_21"", ""r101_21"", ""rc101_21""]","[2014, 2015, 2016]",trace,legacy_with_manifest_error,results/stage03.0_measurement_attempt01/r105C5/2016/stage03.0_measurement_attempt01_trace_r105C5_2016.json,results/stage03-measurement_smoke01/traces/r105C5-alns_stage02_constraint_guided-2016.json,feasible,raw manifest or sidecar is missing,not_verified,NOT_READY_FOR_STAGE03_FORMAL_MEASUREMENT,not_applicable,not_published,8c57511ce34ec7a92ef64965e40550297fdbee3958763fea97de839848889d72,computed,86c735f003164a6b75868a4abd6fe42ce178c188b4a34fb149e2813790401496,50ed2d642f7e5ab1c495f9d43526dbc7ced2cb6e3521d8207719409066db928a,eb27ec04e799ee6d39dee3d66f15128e197811afa8c664295acbdf6444176434,0dcf39e5f2ff76f3551c0e27ae7986d92109ec3de7620b63dd925cd078b54b92,b226b97e0e67288aaaf85726ad855df71cb81406685c57c8e8c40cd8996aa0da,c331dbe8de7d85e72e6d4cfc7dd135b2f3451e07,False,"{""VRP-EVRP-Project-Hub"": {""dirty"": false, ""path"": ""/Users/guoyiyang/Documents/GitHub/FURP-2026-Yiyang-GUO-EVRP-TW/reference/VRP-EVRP-Project-Hub"", ""revision"": ""e3a890065105f978187e532642c4442522215e02""}, ""py-ga-VRPTW"": {""dirty"": false, ""path"": ""/Users/guoyiyang/Documents/GitHub/FURP-2026-Yiyang-GUO-EVRP-TW/reference/py-ga-VRPTW"", ""revision"": ""8e005caaaf6471a4505588d88c7f0f5e0d4ebffa""}}",stage02.3_constraint_guided_attempt16 + stage02.3_constraint_guided_rerun09,,preserve;see stage03_legacy_path_map.csv
stage03.0,measurement,stage03.0_measurement_attempt01,attempt01,stage03.0_measurement_attempt01,stage03_measurement_smoke01,smoke,rc101_21,2014,"[""c101C5"", ""r105C5"", ""rc105C5"", ""c101_21"", ""r101_21"", ""rc101_21""]","[2014, 2015, 2016]",trace,legacy_with_manifest_error,results/stage03.0_measurement_attempt01/rc101_21/2014/stage03.0_measurement_attempt01_trace_rc101_21_2014.json,results/stage03-measurement_smoke01/traces/rc101_21-alns_stage02_constraint_guided-2014.json,feasible,raw manifest or sidecar is missing,not_verified,NOT_READY_FOR_STAGE03_FORMAL_MEASUREMENT,not_applicable,not_published,33d18a2c7fde681baccbb946a14769fb952b4925b508313e33dbd60839262ed2,computed,86c735f003164a6b75868a4abd6fe42ce178c188b4a34fb149e2813790401496,50ed2d642f7e5ab1c495f9d43526dbc7ced2cb6e3521d8207719409066db928a,272a3e58d53d4ba9516f01506164cf8a9b98bfeeb8dbd1fd62f6557e4c98e3a1,1e1d023daecb825b02f17698fdb4b6f28183e5e84ffba9984cbf4f68b752479c,b226b97e0e67288aaaf85726ad855df71cb81406685c57c8e8c40cd8996aa0da,c331dbe8de7d85e72e6d4cfc7dd135b2f3451e07,False,"{""VRP-EVRP-Project-Hub"": {""dirty"": false, ""path"": ""/Users/guoyiyang/Documents/GitHub/FURP-2026-Yiyang-GUO-EVRP-TW/reference/VRP-EVRP-Project-Hub"", ""revision"": ""e3a890065105f978187e532642c4442522215e02""}, ""py-ga-VRPTW"": {""dirty"": false, ""path"": ""/Users/guoyiyang/Documents/GitHub/FURP-2026-Yiyang-GUO-EVRP-TW/reference/py-ga-VRPTW"", ""revision"": ""8e005caaaf6471a4505588d88c7f0f5e0d4ebffa""}}",stage02.3_constraint_guided_attempt16 + stage02.3_constraint_guided_rerun09,,preserve;see stage03_legacy_path_map.csv
stage03.0,measurement,stage03.0_measurement_attempt01,attempt01,stage03.0_measurement_attempt01,stage03_measurement_smoke01,smoke,rc101_21,2015,"[""c101C5"", ""r105C5"", ""rc105C5"", ""c101_21"", ""r101_21"", ""rc101_21""]","[2014, 2015, 2016]",trace,legacy_with_manifest_error,results/stage03.0_measurement_attempt01/rc101_21/2015/stage03.0_measurement_attempt01_trace_rc101_21_2015.json,results/stage03-measurement_smoke01/traces/rc101_21-alns_stage02_constraint_guided-2015.json,feasible,raw manifest or sidecar is missing,not_verified,NOT_READY_FOR_STAGE03_FORMAL_MEASUREMENT,not_applicable,not_published,ab814dd13a78a2dde919d16b6b5aca445ab22ebfc68ddc0575b34614f518cb3c,computed,86c735f003164a6b75868a4abd6fe42ce178c188b4a34fb149e2813790401496,50ed2d642f7e5ab1c495f9d43526dbc7ced2cb6e3521d8207719409066db928a,272a3e58d53d4ba9516f01506164cf8a9b98bfeeb8dbd1fd62f6557e4c98e3a1,715775903d666646e71ddca8b432467e168be4e4b808d342069abf0a44023f13,b226b97e0e67288aaaf85726ad855df71cb81406685c57c8e8c40cd8996aa0da,c331dbe8de7d85e72e6d4cfc7dd135b2f3451e07,False,"{""VRP-EVRP-Project-Hub"": {""dirty"": false, ""path"": ""/Users/guoyiyang/Documents/GitHub/FURP-2026-Yiyang-GUO-EVRP-TW/reference/VRP-EVRP-Project-Hub"", ""revision"": ""e3a890065105f978187e532642c4442522215e02""}, ""py-ga-VRPTW"": {""dirty"": false, ""path"": ""/Users/guoyiyang/Documents/GitHub/FURP-2026-Yiyang-GUO-EVRP-TW/reference/py-ga-VRPTW"", ""revision"": ""8e005caaaf6471a4505588d88c7f0f5e0d4ebffa""}}",stage02.3_constraint_guided_attempt16 + stage02.3_constraint_guided_rerun09,,preserve;see stage03_legacy_path_map.csv
stage03.0,measurement,stage03.0_measurement_attempt01,attempt01,stage03.0_measurement_attempt01,stage03_measurement_smoke01,smoke,rc101_21,2016,"[""c101C5"", ""r105C5"", ""rc105C5"", ""c101_21"", ""r101_21"", ""rc101_21""]","[2014, 2015, 2016]",trace,legacy_with_manifest_error,results/stage03.0_measurement_attempt01/rc101_21/2016/stage03.0_measurement_attempt01_trace_rc101_21_2016.json,results/stage03-measurement_smoke01/traces/rc101_21-alns_stage02_constraint_guided-2016.json,feasible,raw manifest or sidecar is missing,not_verified,NOT_READY_FOR_STAGE03_FORMAL_MEASUREMENT,not_applicable,not_published,8f08805babda8e77a69ee281afc8c45e689855a9744c39d7226d27bfcd1c9a17,computed,86c735f003164a6b75868a4abd6fe42ce178c188b4a34fb149e2813790401496,50ed2d642f7e5ab1c495f9d43526dbc7ced2cb6e3521d8207719409066db928a,272a3e58d53d4ba9516f01506164cf8a9b98bfeeb8dbd1fd62f6557e4c98e3a1,3d23641aa68e698b3a0566d18b1520b0bf80f868581ef30b3ea6eef33d046fec,b226b97e0e67288aaaf85726ad855df71cb81406685c57c8e8c40cd8996aa0da,c331dbe8de7d85e72e6d4cfc7dd135b2f3451e07,False,"{""VRP-EVRP-Project-Hub"": {""dirty"": false, ""path"": ""/Users/guoyiyang/Documents/GitHub/FURP-2026-Yiyang-GUO-EVRP-TW/reference/VRP-EVRP-Project-Hub"", ""revision"": ""e3a890065105f978187e532642c4442522215e02""}, ""py-ga-VRPTW"": {""dirty"": false, ""path"": ""/Users/guoyiyang/Documents/GitHub/FURP-2026-Yiyang-GUO-EVRP-TW/reference/py-ga-VRPTW"", ""revision"": ""8e005caaaf6471a4505588d88c7f0f5e0d4ebffa""}}",stage02.3_constraint_guided_attempt16 + stage02.3_constraint_guided_rerun09,,preserve;see stage03_legacy_path_map.csv
stage03.0,measurement,stage03.0_measurement_attempt01,attempt01,stage03.0_measurement_attempt01,stage03_measurement_smoke01,smoke,rc105C5,2014,"[""c101C5"", ""r105C5"", ""rc105C5"", ""c101_21"", ""r101_21"", ""rc101_21""]","[2014, 2015, 2016]",trace,legacy_with_manifest_error,results/stage03.0_measurement_attempt01/rc105C5/2014/stage03.0_measurement_attempt01_trace_rc105C5_2014.json,results/stage03-measurement_smoke01/traces/rc105C5-alns_stage02_constraint_guided-2014.json,feasible,raw manifest or sidecar is missing,not_verified,NOT_READY_FOR_STAGE03_FORMAL_MEASUREMENT,not_applicable,not_published,17e360b2f4d33b67033ee441e048c2cdcdb7dbdd1a0ce0b53da7c05588113f32,computed,86c735f003164a6b75868a4abd6fe42ce178c188b4a34fb149e2813790401496,50ed2d642f7e5ab1c495f9d43526dbc7ced2cb6e3521d8207719409066db928a,2ccfba6c447fa43a994934690acb67c7355ca04d232394907ed6938bc362c643,cc550ee409da1b46ee3dd0a71781eca45b089ecc3fe33a4c7907cf8d16468271,b226b97e0e67288aaaf85726ad855df71cb81406685c57c8e8c40cd8996aa0da,c331dbe8de7d85e72e6d4cfc7dd135b2f3451e07,False,"{""VRP-EVRP-Project-Hub"": {""dirty"": false, ""path"": ""/Users/guoyiyang/Documents/GitHub/FURP-2026-Yiyang-GUO-EVRP-TW/reference/VRP-EVRP-Project-Hub"", ""revision"": ""e3a890065105f978187e532642c4442522215e02""}, ""py-ga-VRPTW"": {""dirty"": false, ""path"": ""/Users/guoyiyang/Documents/GitHub/FURP-2026-Yiyang-GUO-EVRP-TW/reference/py-ga-VRPTW"", ""revision"": ""8e005caaaf6471a4505588d88c7f0f5e0d4ebffa""}}",stage02.3_constraint_guided_attempt16 + stage02.3_constraint_guided_rerun09,,preserve;see stage03_legacy_path_map.csv
stage03.0,measurement,stage03.0_measurement_attempt01,attempt01,stage03.0_measurement_attempt01,stage03_measurement_smoke01,smoke,rc105C5,2015,"[""c101C5"", ""r105C5"", ""rc105C5"", ""c101_21"", ""r101_21"", ""rc101_21""]","[2014, 2015, 2016]",trace,legacy_with_manifest_error,results/stage03.0_measurement_attempt01/rc105C5/2015/stage03.0_measurement_attempt01_trace_rc105C5_2015.json,results/stage03-measurement_smoke01/traces/rc105C5-alns_stage02_constraint_guided-2015.json,feasible,raw manifest or sidecar is missing,not_verified,NOT_READY_FOR_STAGE03_FORMAL_MEASUREMENT,not_applicable,not_published,fe609284665e6cffb10c8ed4a368adc1d50b13ac5bf2c0e1bc2be6ec778ca33e,computed,86c735f003164a6b75868a4abd6fe42ce178c188b4a34fb149e2813790401496,50ed2d642f7e5ab1c495f9d43526dbc7ced2cb6e3521d8207719409066db928a,2ccfba6c447fa43a994934690acb67c7355ca04d232394907ed6938bc362c643,ded180cd47e28f9fd9edc5caea8b8380ed2e697868df41f254e178992cc88c95,b226b97e0e67288aaaf85726ad855df71cb81406685c57c8e8c40cd8996aa0da,c331dbe8de7d85e72e6d4cfc7dd135b2f3451e07,False,"{""VRP-EVRP-Project-Hub"": {""dirty"": false, ""path"": ""/Users/guoyiyang/Documents/GitHub/FURP-2026-Yiyang-GUO-EVRP-TW/reference/VRP-EVRP-Project-Hub"", ""revision"": ""e3a890065105f978187e532642c4442522215e02""}, ""py-ga-VRPTW"": {""dirty"": false, ""path"": ""/Users/guoyiyang/Documents/GitHub/FURP-2026-Yiyang-GUO-EVRP-TW/reference/py-ga-VRPTW"", ""revision"": ""8e005caaaf6471a4505588d88c7f0f5e0d4ebffa""}}",stage02.3_constraint_guided_attempt16 + stage02.3_constraint_guided_rerun09,,preserve;see stage03_legacy_path_map.csv
stage03.0,measurement,stage03.0_measurement_attempt01,attempt01,stage03.0_measurement_attempt01,stage03_measurement_smoke01,smoke,rc105C5,2016,"[""c101C5"", ""r105C5"", ""rc105C5"", ""c101_21"", ""r101_21"", ""rc101_21""]","[2014, 2015, 2016]",trace,legacy_with_manifest_error,results/stage03.0_measurement_attempt01/rc105C5/2016/stage03.0_measurement_attempt01_trace_rc105C5_2016.json,results/stage03-measurement_smoke01/traces/rc105C5-alns_stage02_constraint_guided-2016.json,feasible,raw manifest or sidecar is missing,not_verified,NOT_READY_FOR_STAGE03_FORMAL_MEASUREMENT,not_applicable,not_published,4856d405629bf0800e664853b82ac7c3cc4d72e729d174c65e73a0d3106f26c3,computed,86c735f003164a6b75868a4abd6fe42ce178c188b4a34fb149e2813790401496,50ed2d642f7e5ab1c495f9d43526dbc7ced2cb6e3521d8207719409066db928a,2ccfba6c447fa43a994934690acb67c7355ca04d232394907ed6938bc362c643,c002bbfd8358195a56fc06a82f2cccb43c418649f6c64f064a6ef806d28f7cb1,b226b97e0e67288aaaf85726ad855df71cb81406685c57c8e8c40cd8996aa0da,c331dbe8de7d85e72e6d4cfc7dd135b2f3451e07,False,"{""VRP-EVRP-Project-Hub"": {""dirty"": false, ""path"": ""/Users/guoyiyang/Documents/GitHub/FURP-2026-Yiyang-GUO-EVRP-TW/reference/VRP-EVRP-Project-Hub"", ""revision"": ""e3a890065105f978187e532642c4442522215e02""}, ""py-ga-VRPTW"": {""dirty"": false, ""path"": ""/Users/guoyiyang/Documents/GitHub/FURP-2026-Yiyang-GUO-EVRP-TW/reference/py-ga-VRPTW"", ""revision"": ""8e005caaaf6471a4505588d88c7f0f5e0d4ebffa""}}",stage02.3_constraint_guided_attempt16 + stage02.3_constraint_guided_rerun09,,preserve;see stage03_legacy_path_map.csv
stage03.0,measurement,stage03.0_measurement_attempt02,attempt02,stage03.0_measurement_attempt02,stage03_measurement_smoke02,smoke,__all__,__all__,"[""c101C5"", ""r105C5"", ""rc105C5"", ""c101_21"", ""r101_21"", ""rc101_21""]","[2014, 2015, 2016]",environment,legacy_with_manifest_error,results/stage03.0_measurement_attempt02/control/stage03.0_measurement_attempt02_environment.json,results/stage03-measurement_smoke02/environment.json,feasible,raw manifest or sidecar is missing,not_verified,not_present,not_applicable,not_published,187f7eed91041cad5fe3356728b01a1914c3a654064706e09b4facf108ee1e91,computed,b7c35c0fc532250b4a971f0cff79ad90895029510fa77a5cf733f921dce701d2,50ed2d642f7e5ab1c495f9d43526dbc7ced2cb6e3521d8207719409066db928a,,,b226b97e0e67288aaaf85726ad855df71cb81406685c57c8e8c40cd8996aa0da,2d4591ca9cf7515f65cc89c5394e93d335e2840f,False,"{""VRP-EVRP-Project-Hub"": {""dirty"": false, ""path"": ""/Users/guoyiyang/Documents/GitHub/FURP-2026-Yiyang-GUO-EVRP-TW/reference/VRP-EVRP-Project-Hub"", ""revision"": ""e3a890065105f978187e532642c4442522215e02""}, ""py-ga-VRPTW"": {""dirty"": false, ""path"": ""/Users/guoyiyang/Documents/GitHub/FURP-2026-Yiyang-GUO-EVRP-TW/reference/py-ga-VRPTW"", ""revision"": ""8e005caaaf6471a4505588d88c7f0f5e0d4ebffa""}}",stage02.3_constraint_guided_attempt16 + stage02.3_constraint_guided_rerun09,,preserve;see stage03_legacy_path_map.csv
stage03.0,measurement,stage03.0_measurement_attempt02,attempt02,stage03.0_measurement_attempt02,stage03_measurement_smoke02,smoke,c101C5,2014,"[""c101C5"", ""r105C5"", ""rc105C5"", ""c101_21"", ""r101_21"", ""rc101_21""]","[2014, 2015, 2016]",environment,legacy_with_manifest_error,results/stage03.0_measurement_attempt02/c101C5/2014/stage03.0_measurement_attempt02_environment_c101C5_2014.json,results/stage03-measurement_smoke02/environments/c101C5-alns_stage02_constraint_guided-2014.json,feasible,raw manifest or sidecar is missing,not_verified,not_present,not_applicable,not_published,f6c06ff4adc9aa32cbb4e6f21bb42eb435ee2ecb0700e64449116f57204ae882,computed,b7c35c0fc532250b4a971f0cff79ad90895029510fa77a5cf733f921dce701d2,50ed2d642f7e5ab1c495f9d43526dbc7ced2cb6e3521d8207719409066db928a,8612d6d9aad051776097a5e50c7408f39352b8107b0639d58e5eda713f9ff876,ecbcc66bad0e9572222d32efa80d678ccb959b054fa8e53dfbebf6985db971be,b226b97e0e67288aaaf85726ad855df71cb81406685c57c8e8c40cd8996aa0da,2d4591ca9cf7515f65cc89c5394e93d335e2840f,False,"{""VRP-EVRP-Project-Hub"": {""dirty"": false, ""path"": ""/Users/guoyiyang/Documents/GitHub/FURP-2026-Yiyang-GUO-EVRP-TW/reference/VRP-EVRP-Project-Hub"", ""revision"": ""e3a890065105f978187e532642c4442522215e02""}, ""py-ga-VRPTW"": {""dirty"": false, ""path"": ""/Users/guoyiyang/Documents/GitHub/FURP-2026-Yiyang-GUO-EVRP-TW/reference/py-ga-VRPTW"", ""revision"": ""8e005caaaf6471a4505588d88c7f0f5e0d4ebffa""}}",stage02.3_constraint_guided_attempt16 + stage02.3_constraint_guided_rerun09,,preserve;see stage03_legacy_path_map.csv
stage03.0,measurement,stage03.0_measurement_attempt02,attempt02,stage03.0_measurement_attempt02,stage03_measurement_smoke02,smoke,c101C5,2015,"[""c101C5"", ""r105C5"", ""rc105C5"", ""c101_21"", ""r101_21"", ""rc101_21""]","[2014, 2015, 2016]",environment,legacy_with_manifest_error,results/stage03.0_measurement_attempt02/c101C5/2015/stage03.0_measurement_attempt02_environment_c101C5_2015.json,results/stage03-measurement_smoke02/environments/c101C5-alns_stage02_constraint_guided-2015.json,feasible,raw manifest or sidecar is missing,not_verified,not_present,not_applicable,not_published,9be35a691043b3cb15636790ba6199817f16281384597a71956051d1187b12ca,computed,b7c35c0fc532250b4a971f0cff79ad90895029510fa77a5cf733f921dce701d2,50ed2d642f7e5ab1c495f9d43526dbc7ced2cb6e3521d8207719409066db928a,8612d6d9aad051776097a5e50c7408f39352b8107b0639d58e5eda713f9ff876,9729fde213b9203c47f6dfa71b900aed36c5ed5de546d37316da94400e03c647,b226b97e0e67288aaaf85726ad855df71cb81406685c57c8e8c40cd8996aa0da,2d4591ca9cf7515f65cc89c5394e93d335e2840f,False,"{""VRP-EVRP-Project-Hub"": {""dirty"": false, ""path"": ""/Users/guoyiyang/Documents/GitHub/FURP-2026-Yiyang-GUO-EVRP-TW/reference/VRP-EVRP-Project-Hub"", ""revision"": ""e3a890065105f978187e532642c4442522215e02""}, ""py-ga-VRPTW"": {""dirty"": false, ""path"": ""/Users/guoyiyang/Documents/GitHub/FURP-2026-Yiyang-GUO-EVRP-TW/reference/py-ga-VRPTW"", ""revision"": ""8e005caaaf6471a4505588d88c7f0f5e0d4ebffa""}}",stage02.3_constraint_guided_attempt16 + stage02.3_constraint_guided_rerun09,,preserve;see stage03_legacy_path_map.csv
stage03.0,measurement,stage03.0_measurement_attempt02,attempt02,stage03.0_measurement_attempt02,stage03_measurement_smoke02,smoke,c101C5,2016,"[""c101C5"", ""r105C5"", ""rc105C5"", ""c101_21"", ""r101_21"", ""rc101_21""]","[2014, 2015, 2016]",environment,legacy_with_manifest_error,results/stage03.0_measurement_attempt02/c101C5/2016/stage03.0_measurement_attempt02_environment_c101C5_2016.json,results/stage03-measurement_smoke02/environments/c101C5-alns_stage02_constraint_guided-2016.json,feasible,raw manifest or sidecar is missing,not_verified,not_present,not_applicable,not_published,efc507b14130324721a27f1635d33af1b0c364a9f1cd18385beef5139060af45,computed,b7c35c0fc532250b4a971f0cff79ad90895029510fa77a5cf733f921dce701d2,50ed2d642f7e5ab1c495f9d43526dbc7ced2cb6e3521d8207719409066db928a,8612d6d9aad051776097a5e50c7408f39352b8107b0639d58e5eda713f9ff876,22089186bff477223b3aef6b771bdd081b18aecfcf6436b1401545c8759a71af,b226b97e0e67288aaaf85726ad855df71cb81406685c57c8e8c40cd8996aa0da,2d4591ca9cf7515f65cc89c5394e93d335e2840f,False,"{""VRP-EVRP-Project-Hub"": {""dirty"": false, ""path"": ""/Users/guoyiyang/Documents/GitHub/FURP-2026-Yiyang-GUO-EVRP-TW/reference/VRP-EVRP-Project-Hub"", ""revision"": ""e3a890065105f978187e532642c4442522215e02""}, ""py-ga-VRPTW"": {""dirty"": false, ""path"": ""/Users/guoyiyang/Documents/GitHub/FURP-2026-Yiyang-GUO-EVRP-TW/reference/py-ga-VRPTW"", ""revision"": ""8e005caaaf6471a4505588d88c7f0f5e0d4ebffa""}}",stage02.3_constraint_guided_attempt16 + stage02.3_constraint_guided_rerun09,,preserve;see stage03_legacy_path_map.csv
stage03.0,measurement,stage03.0_measurement_attempt02,attempt02,stage03.0_measurement_attempt02,stage03_measurement_smoke02,smoke,c101_21,2014,"[""c101C5"", ""r105C5"", ""rc105C5"", ""c101_21"", ""r101_21"", ""rc101_21""]","[2014, 2015, 2016]",environment,legacy_with_manifest_error,results/stage03.0_measurement_attempt02/c101_21/2014/stage03.0_measurement_attempt02_environment_c101_21_2014.json,results/stage03-measurement_smoke02/environments/c101_21-alns_stage02_constraint_guided-2014.json,feasible,raw manifest or sidecar is missing,not_verified,not_present,not_applicable,not_published,a637f239104a148155cb640e24dda51279157216932ac5e69e70c85991f1de56,computed,b7c35c0fc532250b4a971f0cff79ad90895029510fa77a5cf733f921dce701d2,50ed2d642f7e5ab1c495f9d43526dbc7ced2cb6e3521d8207719409066db928a,c5cda6ca63a7d518902cf4b02d98b4aa0f373aaa0658d5c666d1c46d38871cb9,8f249087045d5fa8f4cbcd57fd78e5240caff2797a2cb3c8b301faf99ee52ea6,b226b97e0e67288aaaf85726ad855df71cb81406685c57c8e8c40cd8996aa0da,2d4591ca9cf7515f65cc89c5394e93d335e2840f,False,"{""VRP-EVRP-Project-Hub"": {""dirty"": false, ""path"": ""/Users/guoyiyang/Documents/GitHub/FURP-2026-Yiyang-GUO-EVRP-TW/reference/VRP-EVRP-Project-Hub"", ""revision"": ""e3a890065105f978187e532642c4442522215e02""}, ""py-ga-VRPTW"": {""dirty"": false, ""path"": ""/Users/guoyiyang/Documents/GitHub/FURP-2026-Yiyang-GUO-EVRP-TW/reference/py-ga-VRPTW"", ""revision"": ""8e005caaaf6471a4505588d88c7f0f5e0d4ebffa""}}",stage02.3_constraint_guided_attempt16 + stage02.3_constraint_guided_rerun09,,preserve;see stage03_legacy_path_map.csv
stage03.0,measurement,stage03.0_measurement_attempt02,attempt02,stage03.0_measurement_attempt02,stage03_measurement_smoke02,smoke,c101_21,2015,"[""c101C5"", ""r105C5"", ""rc105C5"", ""c101_21"", ""r101_21"", ""rc101_21""]","[2014, 2015, 2016]",environment,legacy_with_manifest_error,results/stage03.0_measurement_attempt02/c101_21/2015/stage03.0_measurement_attempt02_environment_c101_21_2015.json,results/stage03-measurement_smoke02/environments/c101_21-alns_stage02_constraint_guided-2015.json,feasible,raw manifest or sidecar is missing,not_verified,not_present,not_applicable,not_published,a4b12f4bd216e83ab3f5698fcbcca8e541f90d36dc5860a2823a5a2cf752ea62,computed,b7c35c0fc532250b4a971f0cff79ad90895029510fa77a5cf733f921dce701d2,50ed2d642f7e5ab1c495f9d43526dbc7ced2cb6e3521d8207719409066db928a,c5cda6ca63a7d518902cf4b02d98b4aa0f373aaa0658d5c666d1c46d38871cb9,35276e9fb5f7a5289540c111538f825130f81d7a28a71f7cd050760973e93e86,b226b97e0e67288aaaf85726ad855df71cb81406685c57c8e8c40cd8996aa0da,2d4591ca9cf7515f65cc89c5394e93d335e2840f,False,"{""VRP-EVRP-Project-Hub"": {""dirty"": false, ""path"": ""/Users/guoyiyang/Documents/GitHub/FURP-2026-Yiyang-GUO-EVRP-TW/reference/VRP-EVRP-Project-Hub"", ""revision"": ""e3a890065105f978187e532642c4442522215e02""}, ""py-ga-VRPTW"": {""dirty"": false, ""path"": ""/Users/guoyiyang/Documents/GitHub/FURP-2026-Yiyang-GUO-EVRP-TW/reference/py-ga-VRPTW"", ""revision"": ""8e005caaaf6471a4505588d88c7f0f5e0d4ebffa""}}",stage02.3_constraint_guided_attempt16 + stage02.3_constraint_guided_rerun09,,preserve;see stage03_legacy_path_map.csv
stage03.0,measurement,stage03.0_measurement_attempt02,attempt02,stage03.0_measurement_attempt02,stage03_measurement_smoke02,smoke,c101_21,2016,"[""c101C5"", ""r105C5"", ""rc105C5"", ""c101_21"", ""r101_21"", ""rc101_21""]","[2014, 2015, 2016]",environment,legacy_with_manifest_error,results/stage03.0_measurement_attempt02/c101_21/2016/stage03.0_measurement_attempt02_environment_c101_21_2016.json,results/stage03-measurement_smoke02/environments/c101_21-alns_stage02_constraint_guided-2016.json,feasible,raw manifest or sidecar is missing,not_verified,not_present,not_applicable,not_published,227560aee4088fbf006f15e892792141bb4f10f37bba191f2e060d9a6132f8da,computed,b7c35c0fc532250b4a971f0cff79ad90895029510fa77a5cf733f921dce701d2,50ed2d642f7e5ab1c495f9d43526dbc7ced2cb6e3521d8207719409066db928a,c5cda6ca63a7d518902cf4b02d98b4aa0f373aaa0658d5c666d1c46d38871cb9,3d85999c57c29feeef0b874c51f9cb5c596c448fc3f85191e7cfda12bcdffe7a,b226b97e0e67288aaaf85726ad855df71cb81406685c57c8e8c40cd8996aa0da,2d4591ca9cf7515f65cc89c5394e93d335e2840f,False,"{""VRP-EVRP-Project-Hub"": {""dirty"": false, ""path"": ""/Users/guoyiyang/Documents/GitHub/FURP-2026-Yiyang-GUO-EVRP-TW/reference/VRP-EVRP-Project-Hub"", ""revision"": ""e3a890065105f978187e532642c4442522215e02""}, ""py-ga-VRPTW"": {""dirty"": false, ""path"": ""/Users/guoyiyang/Documents/GitHub/FURP-2026-Yiyang-GUO-EVRP-TW/reference/py-ga-VRPTW"", ""revision"": ""8e005caaaf6471a4505588d88c7f0f5e0d4ebffa""}}",stage02.3_constraint_guided_attempt16 + stage02.3_constraint_guided_rerun09,,preserve;see stage03_legacy_path_map.csv
stage03.0,measurement,stage03.0_measurement_attempt02,attempt02,stage03.0_measurement_attempt02,stage03_measurement_smoke02,smoke,r101_21,2014,"[""c101C5"", ""r105C5"", ""rc105C5"", ""c101_21"", ""r101_21"", ""rc101_21""]","[2014, 2015, 2016]",environment,legacy_with_manifest_error,results/stage03.0_measurement_attempt02/r101_21/2014/stage03.0_measurement_attempt02_environment_r101_21_2014.json,results/stage03-measurement_smoke02/environments/r101_21-alns_stage02_constraint_guided-2014.json,feasible,raw manifest or sidecar is missing,not_verified,not_present,not_applicable,not_published,bd19a23559bd34be3acb61db87eddb8a7965a4a97b9234ee9da00b7cbb217179,computed,b7c35c0fc532250b4a971f0cff79ad90895029510fa77a5cf733f921dce701d2,50ed2d642f7e5ab1c495f9d43526dbc7ced2cb6e3521d8207719409066db928a,0e5a3dffffbd3c516b528ef32ba1a488b817d2f151fc3e8c81023814de1c103a,8338e96bd3644fb28824346aac966f858d1ff921dac66a5c77a3d3fcecf01537,b226b97e0e67288aaaf85726ad855df71cb81406685c57c8e8c40cd8996aa0da,2d4591ca9cf7515f65cc89c5394e93d335e2840f,False,"{""VRP-EVRP-Project-Hub"": {""dirty"": false, ""path"": ""/Users/guoyiyang/Documents/GitHub/FURP-2026-Yiyang-GUO-EVRP-TW/reference/VRP-EVRP-Project-Hub"", ""revision"": ""e3a890065105f978187e532642c4442522215e02""}, ""py-ga-VRPTW"": {""dirty"": false, ""path"": ""/Users/guoyiyang/Documents/GitHub/FURP-2026-Yiyang-GUO-EVRP-TW/reference/py-ga-VRPTW"", ""revision"": ""8e005caaaf6471a4505588d88c7f0f5e0d4ebffa""}}",stage02.3_constraint_guided_attempt16 + stage02.3_constraint_guided_rerun09,,preserve;see stage03_legacy_path_map.csv
stage03.0,measurement,stage03.0_measurement_attempt02,attempt02,stage03.0_measurement_attempt02,stage03_measurement_smoke02,smoke,r101_21,2015,"[""c101C5"", ""r105C5"", ""rc105C5"", ""c101_21"", ""r101_21"", ""rc101_21""]","[2014, 2015, 2016]",environment,legacy_with_manifest_error,results/stage03.0_measurement_attempt02/r101_21/2015/stage03.0_measurement_attempt02_environment_r101_21_2015.json,results/stage03-measurement_smoke02/environments/r101_21-alns_stage02_constraint_guided-2015.json,feasible,raw manifest or sidecar is missing,not_verified,not_present,not_applicable,not_published,98e6f9f3079267a2b0b45b4d0c12bdcf0f1f268ac3fbbec856eef7b50c827239,computed,b7c35c0fc532250b4a971f0cff79ad90895029510fa77a5cf733f921dce701d2,50ed2d642f7e5ab1c495f9d43526dbc7ced2cb6e3521d8207719409066db928a,0e5a3dffffbd3c516b528ef32ba1a488b817d2f151fc3e8c81023814de1c103a,fe1a36ce049964222f9177bf051b70adcc97ebd390aab36c208fb6e9bd193204,b226b97e0e67288aaaf85726ad855df71cb81406685c57c8e8c40cd8996aa0da,2d4591ca9cf7515f65cc89c5394e93d335e2840f,False,"{""VRP-EVRP-Project-Hub"": {""dirty"": false, ""path"": ""/Users/guoyiyang/Documents/GitHub/FURP-2026-Yiyang-GUO-EVRP-TW/reference/VRP-EVRP-Project-Hub"", ""revision"": ""e3a890065105f978187e532642c4442522215e02""}, ""py-ga-VRPTW"": {""dirty"": false, ""path"": ""/Users/guoyiyang/Documents/GitHub/FURP-2026-Yiyang-GUO-EVRP-TW/reference/py-ga-VRPTW"", ""revision"": ""8e005caaaf6471a4505588d88c7f0f5e0d4ebffa""}}",stage02.3_constraint_guided_attempt16 + stage02.3_constraint_guided_rerun09,,preserve;see stage03_legacy_path_map.csv
stage03.0,measurement,stage03.0_measurement_attempt02,attempt02,stage03.0_measurement_attempt02,stage03_measurement_smoke02,smoke,r101_21,2016,"[""c101C5"", ""r105C5"", ""rc105C5"", ""c101_21"", ""r101_21"", ""rc101_21""]","[2014, 2015, 2016]",environment,legacy_with_manifest_error,results/stage03.0_measurement_attempt02/r101_21/2016/stage03.0_measurement_attempt02_environment_r101_21_2016.json,results/stage03-measurement_smoke02/environments/r101_21-alns_stage02_constraint_guided-2016.json,feasible,raw manifest or sidecar is missing,not_verified,not_present,not_applicable,not_published,7e16a2f4b6e04af0f3e1290b238a677b35db1cddc84ce7b1f5858ee52171188a,computed,b7c35c0fc532250b4a971f0cff79ad90895029510fa77a5cf733f921dce701d2,50ed2d642f7e5ab1c495f9d43526dbc7ced2cb6e3521d8207719409066db928a,0e5a3dffffbd3c516b528ef32ba1a488b817d2f151fc3e8c81023814de1c103a,77e77a6dfa8f2762a34aadf14de2635b8a3c14ad79f7e5c53e7d5562bd1fac6c,b226b97e0e67288aaaf85726ad855df71cb81406685c57c8e8c40cd8996aa0da,2d4591ca9cf7515f65cc89c5394e93d335e2840f,False,"{""VRP-EVRP-Project-Hub"": {""dirty"": false, ""path"": ""/Users/guoyiyang/Documents/GitHub/FURP-2026-Yiyang-GUO-EVRP-TW/reference/VRP-EVRP-Project-Hub"", ""revision"": ""e3a890065105f978187e532642c4442522215e02""}, ""py-ga-VRPTW"": {""dirty"": false, ""path"": ""/Users/guoyiyang/Documents/GitHub/FURP-2026-Yiyang-GUO-EVRP-TW/reference/py-ga-VRPTW"", ""revision"": ""8e005caaaf6471a4505588d88c7f0f5e0d4ebffa""}}",stage02.3_constraint_guided_attempt16 + stage02.3_constraint_guided_rerun09,,preserve;see stage03_legacy_path_map.csv
stage03.0,measurement,stage03.0_measurement_attempt02,attempt02,stage03.0_measurement_attempt02,stage03_measurement_smoke02,smoke,r105C5,2014,"[""c101C5"", ""r105C5"", ""rc105C5"", ""c101_21"", ""r101_21"", ""rc101_21""]","[2014, 2015, 2016]",environment,legacy_with_manifest_error,results/stage03.0_measurement_attempt02/r105C5/2014/stage03.0_measurement_attempt02_environment_r105C5_2014.json,results/stage03-measurement_smoke02/environments/r105C5-alns_stage02_constraint_guided-2014.json,feasible,raw manifest or sidecar is missing,not_verified,not_present,not_applicable,not_published,d5d9991d675e606b6fb9040d3c73915ce3a3a0bea5df037475b21f47981e365a,computed,b7c35c0fc532250b4a971f0cff79ad90895029510fa77a5cf733f921dce701d2,50ed2d642f7e5ab1c495f9d43526dbc7ced2cb6e3521d8207719409066db928a,eb27ec04e799ee6d39dee3d66f15128e197811afa8c664295acbdf6444176434,e493c1d452df86e4b6ba8673e3a82caa56d64fd61009b3c0d7b341083eb2b666,b226b97e0e67288aaaf85726ad855df71cb81406685c57c8e8c40cd8996aa0da,2d4591ca9cf7515f65cc89c5394e93d335e2840f,False,"{""VRP-EVRP-Project-Hub"": {""dirty"": false, ""path"": ""/Users/guoyiyang/Documents/GitHub/FURP-2026-Yiyang-GUO-EVRP-TW/reference/VRP-EVRP-Project-Hub"", ""revision"": ""e3a890065105f978187e532642c4442522215e02""}, ""py-ga-VRPTW"": {""dirty"": false, ""path"": ""/Users/guoyiyang/Documents/GitHub/FURP-2026-Yiyang-GUO-EVRP-TW/reference/py-ga-VRPTW"", ""revision"": ""8e005caaaf6471a4505588d88c7f0f5e0d4ebffa""}}",stage02.3_constraint_guided_attempt16 + stage02.3_constraint_guided_rerun09,,preserve;see stage03_legacy_path_map.csv
stage03.0,measurement,stage03.0_measurement_attempt02,attempt02,stage03.0_measurement_attempt02,stage03_measurement_smoke02,smoke,r105C5,2015,"[""c101C5"", ""r105C5"", ""rc105C5"", ""c101_21"", ""r101_21"", ""rc101_21""]","[2014, 2015, 2016]",environment,legacy_with_manifest_error,results/stage03.0_measurement_attempt02/r105C5/2015/stage03.0_measurement_attempt02_environment_r105C5_2015.json,results/stage03-measurement_smoke02/environments/r105C5-alns_stage02_constraint_guided-2015.json,feasible,raw manifest or sidecar is missing,not_verified,not_present,not_applicable,not_published,ca2930f0cf6dedfdcee4c71cf5d40e511cd7399d7953ceba457f582d80520228,computed,b7c35c0fc532250b4a971f0cff79ad90895029510fa77a5cf733f921dce701d2,50ed2d642f7e5ab1c495f9d43526dbc7ced2cb6e3521d8207719409066db928a,eb27ec04e799ee6d39dee3d66f15128e197811afa8c664295acbdf6444176434,2a17c5e1005627eb65fcd591df36885bb15a45fb1b9278478d09d59733a5000c,b226b97e0e67288aaaf85726ad855df71cb81406685c57c8e8c40cd8996aa0da,2d4591ca9cf7515f65cc89c5394e93d335e2840f,False,"{""VRP-EVRP-Project-Hub"": {""dirty"": false, ""path"": ""/Users/guoyiyang/Documents/GitHub/FURP-2026-Yiyang-GUO-EVRP-TW/reference/VRP-EVRP-Project-Hub"", ""revision"": ""e3a890065105f978187e532642c4442522215e02""}, ""py-ga-VRPTW"": {""dirty"": false, ""path"": ""/Users/guoyiyang/Documents/GitHub/FURP-2026-Yiyang-GUO-EVRP-TW/reference/py-ga-VRPTW"", ""revision"": ""8e005caaaf6471a4505588d88c7f0f5e0d4ebffa""}}",stage02.3_constraint_guided_attempt16 + stage02.3_constraint_guided_rerun09,,preserve;see stage03_legacy_path_map.csv
stage03.0,measurement,stage03.0_measurement_attempt02,attempt02,stage03.0_measurement_attempt02,stage03_measurement_smoke02,smoke,r105C5,2016,"[""c101C5"", ""r105C5"", ""rc105C5"", ""c101_21"", ""r101_21"", ""rc101_21""]","[2014, 2015, 2016]",environment,legacy_with_manifest_error,results/stage03.0_measurement_attempt02/r105C5/2016/stage03.0_measurement_attempt02_environment_r105C5_2016.json,results/stage03-measurement_smoke02/environments/r105C5-alns_stage02_constraint_guided-2016.json,feasible,raw manifest or sidecar is missing,not_verified,not_present,not_applicable,not_published,0e21a4afd3a2476238f5bd7009404da562d2ab17a0c2bb172a109bde73c65b19,computed,b7c35c0fc532250b4a971f0cff79ad90895029510fa77a5cf733f921dce701d2,50ed2d642f7e5ab1c495f9d43526dbc7ced2cb6e3521d8207719409066db928a,eb27ec04e799ee6d39dee3d66f15128e197811afa8c664295acbdf6444176434,08cbb1aece5ecc1281cf6629692b06b679edcfc70f3c056b5b0e875f5eb10a84,b226b97e0e67288aaaf85726ad855df71cb81406685c57c8e8c40cd8996aa0da,2d4591ca9cf7515f65cc89c5394e93d335e2840f,False,"{""VRP-EVRP-Project-Hub"": {""dirty"": false, ""path"": ""/Users/guoyiyang/Documents/GitHub/FURP-2026-Yiyang-GUO-EVRP-TW/reference/VRP-EVRP-Project-Hub"", ""revision"": ""e3a890065105f978187e532642c4442522215e02""}, ""py-ga-VRPTW"": {""dirty"": false, ""path"": ""/Users/guoyiyang/Documents/GitHub/FURP-2026-Yiyang-GUO-EVRP-TW/reference/py-ga-VRPTW"", ""revision"": ""8e005caaaf6471a4505588d88c7f0f5e0d4ebffa""}}",stage02.3_constraint_guided_attempt16 + stage02.3_constraint_guided_rerun09,,preserve;see stage03_legacy_path_map.csv
stage03.0,measurement,stage03.0_measurement_attempt02,attempt02,stage03.0_measurement_attempt02,stage03_measurement_smoke02,smoke,rc101_21,2014,"[""c101C5"", ""r105C5"", ""rc105C5"", ""c101_21"", ""r101_21"", ""rc101_21""]","[2014, 2015, 2016]",environment,legacy_with_manifest_error,results/stage03.0_measurement_attempt02/rc101_21/2014/stage03.0_measurement_attempt02_environment_rc101_21_2014.json,results/stage03-measurement_smoke02/environments/rc101_21-alns_stage02_constraint_guided-2014.json,feasible,raw manifest or sidecar is missing,not_verified,not_present,not_applicable,not_published,bc6b217a20847528a7e1da5243110a4b0c4b99333db3e9a23c0c79fda8c9c681,computed,b7c35c0fc532250b4a971f0cff79ad90895029510fa77a5cf733f921dce701d2,50ed2d642f7e5ab1c495f9d43526dbc7ced2cb6e3521d8207719409066db928a,272a3e58d53d4ba9516f01506164cf8a9b98bfeeb8dbd1fd62f6557e4c98e3a1,c7b0455be0683879144d28d6ce714a11ed2df1e81ecf439e3213725d54ff4909,b226b97e0e67288aaaf85726ad855df71cb81406685c57c8e8c40cd8996aa0da,2d4591ca9cf7515f65cc89c5394e93d335e2840f,False,"{""VRP-EVRP-Project-Hub"": {""dirty"": false, ""path"": ""/Users/guoyiyang/Documents/GitHub/FURP-2026-Yiyang-GUO-EVRP-TW/reference/VRP-EVRP-Project-Hub"", ""revision"": ""e3a890065105f978187e532642c4442522215e02""}, ""py-ga-VRPTW"": {""dirty"": false, ""path"": ""/Users/guoyiyang/Documents/GitHub/FURP-2026-Yiyang-GUO-EVRP-TW/reference/py-ga-VRPTW"", ""revision"": ""8e005caaaf6471a4505588d88c7f0f5e0d4ebffa""}}",stage02.3_constraint_guided_attempt16 + stage02.3_constraint_guided_rerun09,,preserve;see stage03_legacy_path_map.csv
stage03.0,measurement,stage03.0_measurement_attempt02,attempt02,stage03.0_measurement_attempt02,stage03_measurement_smoke02,smoke,rc101_21,2015,"[""c101C5"", ""r105C5"", ""rc105C5"", ""c101_21"", ""r101_21"", ""rc101_21""]","[2014, 2015, 2016]",environment,legacy_with_manifest_error,results/stage03.0_measurement_attempt02/rc101_21/2015/stage03.0_measurement_attempt02_environment_rc101_21_2015.json,results/stage03-measurement_smoke02/environments/rc101_21-alns_stage02_constraint_guided-2015.json,feasible,raw manifest or sidecar is missing,not_verified,not_present,not_applicable,not_published,5704cf067ef8ae18a643c0dfb32e0fce6297bdb4eacbfaee394e47fdef2dc130,computed,b7c35c0fc532250b4a971f0cff79ad90895029510fa77a5cf733f921dce701d2,50ed2d642f7e5ab1c495f9d43526dbc7ced2cb6e3521d8207719409066db928a,272a3e58d53d4ba9516f01506164cf8a9b98bfeeb8dbd1fd62f6557e4c98e3a1,9f86a1678e0b9506ce5aab36c8cb56ed696d120c5d2008dcb260e2d1c5a6137a,b226b97e0e67288aaaf85726ad855df71cb81406685c57c8e8c40cd8996aa0da,2d4591ca9cf7515f65cc89c5394e93d335e2840f,False,"{""VRP-EVRP-Project-Hub"": {""dirty"": false, ""path"": ""/Users/guoyiyang/Documents/GitHub/FURP-2026-Yiyang-GUO-EVRP-TW/reference/VRP-EVRP-Project-Hub"", ""revision"": ""e3a890065105f978187e532642c4442522215e02""}, ""py-ga-VRPTW"": {""dirty"": false, ""path"": ""/Users/guoyiyang/Documents/GitHub/FURP-2026-Yiyang-GUO-EVRP-TW/reference/py-ga-VRPTW"", ""revision"": ""8e005caaaf6471a4505588d88c7f0f5e0d4ebffa""}}",stage02.3_constraint_guided_attempt16 + stage02.3_constraint_guided_rerun09,,preserve;see stage03_legacy_path_map.csv
stage03.0,measurement,stage03.0_measurement_attempt02,attempt02,stage03.0_measurement_attempt02,stage03_measurement_smoke02,smoke,rc101_21,2016,"[""c101C5"", ""r105C5"", ""rc105C5"", ""c101_21"", ""r101_21"", ""rc101_21""]","[2014, 2015, 2016]",environment,legacy_with_manifest_error,results/stage03.0_measurement_attempt02/rc101_21/2016/stage03.0_measurement_attempt02_environment_rc101_21_2016.json,results/stage03-measurement_smoke02/environments/rc101_21-alns_stage02_constraint_guided-2016.json,feasible,raw manifest or sidecar is missing,not_verified,not_present,not_applicable,not_published,56fa2496d6c59785f61ce2210f4f7edae14b1edf811603a9e4175d18ab9f2d96,computed,b7c35c0fc532250b4a971f0cff79ad90895029510fa77a5cf733f921dce701d2,50ed2d642f7e5ab1c495f9d43526dbc7ced2cb6e3521d8207719409066db928a,272a3e58d53d4ba9516f01506164cf8a9b98bfeeb8dbd1fd62f6557e4c98e3a1,531a9f19289011e5f3008cb274804c795d3064e957b80bedf9a793e45e07fa0a,b226b97e0e67288aaaf85726ad855df71cb81406685c57c8e8c40cd8996aa0da,2d4591ca9cf7515f65cc89c5394e93d335e2840f,False,"{""VRP-EVRP-Project-Hub"": {""dirty"": false, ""path"": ""/Users/guoyiyang/Documents/GitHub/FURP-2026-Yiyang-GUO-EVRP-TW/reference/VRP-EVRP-Project-Hub"", ""revision"": ""e3a890065105f978187e532642c4442522215e02""}, ""py-ga-VRPTW"": {""dirty"": false, ""path"": ""/Users/guoyiyang/Documents/GitHub/FURP-2026-Yiyang-GUO-EVRP-TW/reference/py-ga-VRPTW"", ""revision"": ""8e005caaaf6471a4505588d88c7f0f5e0d4ebffa""}}",stage02.3_constraint_guided_attempt16 + stage02.3_constraint_guided_rerun09,,preserve;see stage03_legacy_path_map.csv
stage03.0,measurement,stage03.0_measurement_attempt02,attempt02,stage03.0_measurement_attempt02,stage03_measurement_smoke02,smoke,rc105C5,2014,"[""c101C5"", ""r105C5"", ""rc105C5"", ""c101_21"", ""r101_21"", ""rc101_21""]","[2014, 2015, 2016]",environment,legacy_with_manifest_error,results/stage03.0_measurement_attempt02/rc105C5/2014/stage03.0_measurement_attempt02_environment_rc105C5_2014.json,results/stage03-measurement_smoke02/environments/rc105C5-alns_stage02_constraint_guided-2014.json,feasible,raw manifest or sidecar is missing,not_verified,not_present,not_applicable,not_published,f25fee2a8890b8e8d9bfe54eb2b238a33ca267729ab9b3c2513e7af8d20e1373,computed,b7c35c0fc532250b4a971f0cff79ad90895029510fa77a5cf733f921dce701d2,50ed2d642f7e5ab1c495f9d43526dbc7ced2cb6e3521d8207719409066db928a,2ccfba6c447fa43a994934690acb67c7355ca04d232394907ed6938bc362c643,0e6e5fa540e1e45e3a36fb8b7faf91f0a5e8b8ad8ee00309117ac7053e522bcf,b226b97e0e67288aaaf85726ad855df71cb81406685c57c8e8c40cd8996aa0da,2d4591ca9cf7515f65cc89c5394e93d335e2840f,False,"{""VRP-EVRP-Project-Hub"": {""dirty"": false, ""path"": ""/Users/guoyiyang/Documents/GitHub/FURP-2026-Yiyang-GUO-EVRP-TW/reference/VRP-EVRP-Project-Hub"", ""revision"": ""e3a890065105f978187e532642c4442522215e02""}, ""py-ga-VRPTW"": {""dirty"": false, ""path"": ""/Users/guoyiyang/Documents/GitHub/FURP-2026-Yiyang-GUO-EVRP-TW/reference/py-ga-VRPTW"", ""revision"": ""8e005caaaf6471a4505588d88c7f0f5e0d4ebffa""}}",stage02.3_constraint_guided_attempt16 + stage02.3_constraint_guided_rerun09,,preserve;see stage03_legacy_path_map.csv
stage03.0,measurement,stage03.0_measurement_attempt02,attempt02,stage03.0_measurement_attempt02,stage03_measurement_smoke02,smoke,rc105C5,2015,"[""c101C5"", ""r105C5"", ""rc105C5"", ""c101_21"", ""r101_21"", ""rc101_21""]","[2014, 2015, 2016]",environment,legacy_with_manifest_error,results/stage03.0_measurement_attempt02/rc105C5/2015/stage03.0_measurement_attempt02_environment_rc105C5_2015.json,results/stage03-measurement_smoke02/environments/rc105C5-alns_stage02_constraint_guided-2015.json,feasible,raw manifest or sidecar is missing,not_verified,not_present,not_applicable,not_published,36cd8aebbf262099fd0fd59aee308d58eb4f5622f8f1de8b918f6ca760312bc3,computed,b7c35c0fc532250b4a971f0cff79ad90895029510fa77a5cf733f921dce701d2,50ed2d642f7e5ab1c495f9d43526dbc7ced2cb6e3521d8207719409066db928a,2ccfba6c447fa43a994934690acb67c7355ca04d232394907ed6938bc362c643,6f017807b2be97bdb58108a38e978ce2c2448ad3eb806dfc6ea0bb36254b6ce4,b226b97e0e67288aaaf85726ad855df71cb81406685c57c8e8c40cd8996aa0da,2d4591ca9cf7515f65cc89c5394e93d335e2840f,False,"{""VRP-EVRP-Project-Hub"": {""dirty"": false, ""path"": ""/Users/guoyiyang/Documents/GitHub/FURP-2026-Yiyang-GUO-EVRP-TW/reference/VRP-EVRP-Project-Hub"", ""revision"": ""e3a890065105f978187e532642c4442522215e02""}, ""py-ga-VRPTW"": {""dirty"": false, ""path"": ""/Users/guoyiyang/Documents/GitHub/FURP-2026-Yiyang-GUO-EVRP-TW/reference/py-ga-VRPTW"", ""revision"": ""8e005caaaf6471a4505588d88c7f0f5e0d4ebffa""}}",stage02.3_constraint_guided_attempt16 + stage02.3_constraint_guided_rerun09,,preserve;see stage03_legacy_path_map.csv
stage03.0,measurement,stage03.0_measurement_attempt02,attempt02,stage03.0_measurement_attempt02,stage03_measurement_smoke02,smoke,rc105C5,2016,"[""c101C5"", ""r105C5"", ""rc105C5"", ""c101_21"", ""r101_21"", ""rc101_21""]","[2014, 2015, 2016]",environment,legacy_with_manifest_error,results/stage03.0_measurement_attempt02/rc105C5/2016/stage03.0_measurement_attempt02_environment_rc105C5_2016.json,results/stage03-measurement_smoke02/environments/rc105C5-alns_stage02_constraint_guided-2016.json,feasible,raw manifest or sidecar is missing,not_verified,not_present,not_applicable,not_published,7d2c75b72a4107ef90dc6945888167323efad96c9a6a279fdddff0c663777dba,computed,b7c35c0fc532250b4a971f0cff79ad90895029510fa77a5cf733f921dce701d2,50ed2d642f7e5ab1c495f9d43526dbc7ced2cb6e3521d8207719409066db928a,2ccfba6c447fa43a994934690acb67c7355ca04d232394907ed6938bc362c643,2e716c7123ba22a528b5baf3cc2175e3dc75a80364b60be524c309b66d199fb7,b226b97e0e67288aaaf85726ad855df71cb81406685c57c8e8c40cd8996aa0da,2d4591ca9cf7515f65cc89c5394e93d335e2840f,False,"{""VRP-EVRP-Project-Hub"": {""dirty"": false, ""path"": ""/Users/guoyiyang/Documents/GitHub/FURP-2026-Yiyang-GUO-EVRP-TW/reference/VRP-EVRP-Project-Hub"", ""revision"": ""e3a890065105f978187e532642c4442522215e02""}, ""py-ga-VRPTW"": {""dirty"": false, ""path"": ""/Users/guoyiyang/Documents/GitHub/FURP-2026-Yiyang-GUO-EVRP-TW/reference/py-ga-VRPTW"", ""revision"": ""8e005caaaf6471a4505588d88c7f0f5e0d4ebffa""}}",stage02.3_constraint_guided_attempt16 + stage02.3_constraint_guided_rerun09,,preserve;see stage03_legacy_path_map.csv
stage03.0,measurement,stage03.0_measurement_attempt02,attempt02,stage03.0_measurement_attempt02,stage03_measurement_smoke02,smoke,c101C5,2014,"[""c101C5"", ""r105C5"", ""rc105C5"", ""c101_21"", ""r101_21"", ""rc101_21""]","[2014, 2015, 2016]",events,legacy_with_manifest_error,results/stage03.0_measurement_attempt02/c101C5/2014/stage03.0_measurement_attempt02_events_c101C5_2014.jsonl,results/stage03-measurement_smoke02/events/c101C5-alns_stage02_constraint_guided-2014.jsonl,feasible,raw manifest or sidecar is missing,not_verified,not_present,not_applicable,not_published,a185ffe648c7382eef72709c257feca7e62312f568c16bc780a484a1998e7feb,computed,b7c35c0fc532250b4a971f0cff79ad90895029510fa77a5cf733f921dce701d2,50ed2d642f7e5ab1c495f9d43526dbc7ced2cb6e3521d8207719409066db928a,8612d6d9aad051776097a5e50c7408f39352b8107b0639d58e5eda713f9ff876,ecbcc66bad0e9572222d32efa80d678ccb959b054fa8e53dfbebf6985db971be,b226b97e0e67288aaaf85726ad855df71cb81406685c57c8e8c40cd8996aa0da,2d4591ca9cf7515f65cc89c5394e93d335e2840f,False,"{""VRP-EVRP-Project-Hub"": {""dirty"": false, ""path"": ""/Users/guoyiyang/Documents/GitHub/FURP-2026-Yiyang-GUO-EVRP-TW/reference/VRP-EVRP-Project-Hub"", ""revision"": ""e3a890065105f978187e532642c4442522215e02""}, ""py-ga-VRPTW"": {""dirty"": false, ""path"": ""/Users/guoyiyang/Documents/GitHub/FURP-2026-Yiyang-GUO-EVRP-TW/reference/py-ga-VRPTW"", ""revision"": ""8e005caaaf6471a4505588d88c7f0f5e0d4ebffa""}}",stage02.3_constraint_guided_attempt16 + stage02.3_constraint_guided_rerun09,,preserve;see stage03_legacy_path_map.csv
stage03.0,measurement,stage03.0_measurement_attempt02,attempt02,stage03.0_measurement_attempt02,stage03_measurement_smoke02,smoke,c101C5,2015,"[""c101C5"", ""r105C5"", ""rc105C5"", ""c101_21"", ""r101_21"", ""rc101_21""]","[2014, 2015, 2016]",events,legacy_with_manifest_error,results/stage03.0_measurement_attempt02/c101C5/2015/stage03.0_measurement_attempt02_events_c101C5_2015.jsonl,results/stage03-measurement_smoke02/events/c101C5-alns_stage02_constraint_guided-2015.jsonl,feasible,raw manifest or sidecar is missing,not_verified,not_present,not_applicable,not_published,3d8715d6a1991b0d8b8875c24df3c279cd43f56341353d110c3597b92ac44bf9,computed,b7c35c0fc532250b4a971f0cff79ad90895029510fa77a5cf733f921dce701d2,50ed2d642f7e5ab1c495f9d43526dbc7ced2cb6e3521d8207719409066db928a,8612d6d9aad051776097a5e50c7408f39352b8107b0639d58e5eda713f9ff876,9729fde213b9203c47f6dfa71b900aed36c5ed5de546d37316da94400e03c647,b226b97e0e67288aaaf85726ad855df71cb81406685c57c8e8c40cd8996aa0da,2d4591ca9cf7515f65cc89c5394e93d335e2840f,False,"{""VRP-EVRP-Project-Hub"": {""dirty"": false, ""path"": ""/Users/guoyiyang/Documents/GitHub/FURP-2026-Yiyang-GUO-EVRP-TW/reference/VRP-EVRP-Project-Hub"", ""revision"": ""e3a890065105f978187e532642c4442522215e02""}, ""py-ga-VRPTW"": {""dirty"": false, ""path"": ""/Users/guoyiyang/Documents/GitHub/FURP-2026-Yiyang-GUO-EVRP-TW/reference/py-ga-VRPTW"", ""revision"": ""8e005caaaf6471a4505588d88c7f0f5e0d4ebffa""}}",stage02.3_constraint_guided_attempt16 + stage02.3_constraint_guided_rerun09,,preserve;see stage03_legacy_path_map.csv
stage03.0,measurement,stage03.0_measurement_attempt02,attempt02,stage03.0_measurement_attempt02,stage03_measurement_smoke02,smoke,c101C5,2016,"[""c101C5"", ""r105C5"", ""rc105C5"", ""c101_21"", ""r101_21"", ""rc101_21""]","[2014, 2015, 2016]",events,legacy_with_manifest_error,results/stage03.0_measurement_attempt02/c101C5/2016/stage03.0_measurement_attempt02_events_c101C5_2016.jsonl,results/stage03-measurement_smoke02/events/c101C5-alns_stage02_constraint_guided-2016.jsonl,feasible,raw manifest or sidecar is missing,not_verified,not_present,not_applicable,not_published,3584359e6bab8ec37ea32cc4afb1980d7ea51e15666c07e7e8c6dd4511e77bcd,computed,b7c35c0fc532250b4a971f0cff79ad90895029510fa77a5cf733f921dce701d2,50ed2d642f7e5ab1c495f9d43526dbc7ced2cb6e3521d8207719409066db928a,8612d6d9aad051776097a5e50c7408f39352b8107b0639d58e5eda713f9ff876,22089186bff477223b3aef6b771bdd081b18aecfcf6436b1401545c8759a71af,b226b97e0e67288aaaf85726ad855df71cb81406685c57c8e8c40cd8996aa0da,2d4591ca9cf7515f65cc89c5394e93d335e2840f,False,"{""VRP-EVRP-Project-Hub"": {""dirty"": false, ""path"": ""/Users/guoyiyang/Documents/GitHub/FURP-2026-Yiyang-GUO-EVRP-TW/reference/VRP-EVRP-Project-Hub"", ""revision"": ""e3a890065105f978187e532642c4442522215e02""}, ""py-ga-VRPTW"": {""dirty"": false, ""path"": ""/Users/guoyiyang/Documents/GitHub/FURP-2026-Yiyang-GUO-EVRP-TW/reference/py-ga-VRPTW"", ""revision"": ""8e005caaaf6471a4505588d88c7f0f5e0d4ebffa""}}",stage02.3_constraint_guided_attempt16 + stage02.3_constraint_guided_rerun09,,preserve;see stage03_legacy_path_map.csv
stage03.0,measurement,stage03.0_measurement_attempt02,attempt02,stage03.0_measurement_attempt02,stage03_measurement_smoke02,smoke,c101_21,2014,"[""c101C5"", ""r105C5"", ""rc105C5"", ""c101_21"", ""r101_21"", ""rc101_21""]","[2014, 2015, 2016]",events,legacy_with_manifest_error,results/stage03.0_measurement_attempt02/c101_21/2014/stage03.0_measurement_attempt02_events_c101_21_2014.jsonl,results/stage03-measurement_smoke02/events/c101_21-alns_stage02_constraint_guided-2014.jsonl,feasible,raw manifest or sidecar is missing,not_verified,not_present,not_applicable,not_published,e5debbb0f487176dd529774d8e10d6cafe4bfb8d943663baac0bed7bf523e7a8,computed,b7c35c0fc532250b4a971f0cff79ad90895029510fa77a5cf733f921dce701d2,50ed2d642f7e5ab1c495f9d43526dbc7ced2cb6e3521d8207719409066db928a,c5cda6ca63a7d518902cf4b02d98b4aa0f373aaa0658d5c666d1c46d38871cb9,8f249087045d5fa8f4cbcd57fd78e5240caff2797a2cb3c8b301faf99ee52ea6,b226b97e0e67288aaaf85726ad855df71cb81406685c57c8e8c40cd8996aa0da,2d4591ca9cf7515f65cc89c5394e93d335e2840f,False,"{""VRP-EVRP-Project-Hub"": {""dirty"": false, ""path"": ""/Users/guoyiyang/Documents/GitHub/FURP-2026-Yiyang-GUO-EVRP-TW/reference/VRP-EVRP-Project-Hub"", ""revision"": ""e3a890065105f978187e532642c4442522215e02""}, ""py-ga-VRPTW"": {""dirty"": false, ""path"": ""/Users/guoyiyang/Documents/GitHub/FURP-2026-Yiyang-GUO-EVRP-TW/reference/py-ga-VRPTW"", ""revision"": ""8e005caaaf6471a4505588d88c7f0f5e0d4ebffa""}}",stage02.3_constraint_guided_attempt16 + stage02.3_constraint_guided_rerun09,,preserve;see stage03_legacy_path_map.csv
stage03.0,measurement,stage03.0_measurement_attempt02,attempt02,stage03.0_measurement_attempt02,stage03_measurement_smoke02,smoke,c101_21,2015,"[""c101C5"", ""r105C5"", ""rc105C5"", ""c101_21"", ""r101_21"", ""rc101_21""]","[2014, 2015, 2016]",events,legacy_with_manifest_error,results/stage03.0_measurement_attempt02/c101_21/2015/stage03.0_measurement_attempt02_events_c101_21_2015.jsonl,results/stage03-measurement_smoke02/events/c101_21-alns_stage02_constraint_guided-2015.jsonl,feasible,raw manifest or sidecar is missing,not_verified,not_present,not_applicable,not_published,e325f03d6e850a271bb963367ef58f944f399b753a702df93f74023e030e1e47,computed,b7c35c0fc532250b4a971f0cff79ad90895029510fa77a5cf733f921dce701d2,50ed2d642f7e5ab1c495f9d43526dbc7ced2cb6e3521d8207719409066db928a,c5cda6ca63a7d518902cf4b02d98b4aa0f373aaa0658d5c666d1c46d38871cb9,35276e9fb5f7a5289540c111538f825130f81d7a28a71f7cd050760973e93e86,b226b97e0e67288aaaf85726ad855df71cb81406685c57c8e8c40cd8996aa0da,2d4591ca9cf7515f65cc89c5394e93d335e2840f,False,"{""VRP-EVRP-Project-Hub"": {""dirty"": false, ""path"": ""/Users/guoyiyang/Documents/GitHub/FURP-2026-Yiyang-GUO-EVRP-TW/reference/VRP-EVRP-Project-Hub"", ""revision"": ""e3a890065105f978187e532642c4442522215e02""}, ""py-ga-VRPTW"": {""dirty"": false, ""path"": ""/Users/guoyiyang/Documents/GitHub/FURP-2026-Yiyang-GUO-EVRP-TW/reference/py-ga-VRPTW"", ""revision"": ""8e005caaaf6471a4505588d88c7f0f5e0d4ebffa""}}",stage02.3_constraint_guided_attempt16 + stage02.3_constraint_guided_rerun09,,preserve;see stage03_legacy_path_map.csv
stage03.0,measurement,stage03.0_measurement_attempt02,attempt02,stage03.0_measurement_attempt02,stage03_measurement_smoke02,smoke,c101_21,2016,"[""c101C5"", ""r105C5"", ""rc105C5"", ""c101_21"", ""r101_21"", ""rc101_21""]","[2014, 2015, 2016]",events,legacy_with_manifest_error,results/stage03.0_measurement_attempt02/c101_21/2016/stage03.0_measurement_attempt02_events_c101_21_2016.jsonl,results/stage03-measurement_smoke02/events/c101_21-alns_stage02_constraint_guided-2016.jsonl,feasible,raw manifest or sidecar is missing,not_verified,not_present,not_applicable,not_published,c38c76e578506acd91ea19514681e886b7f16b72c77b34833171e64bcdeddf79,computed,b7c35c0fc532250b4a971f0cff79ad90895029510fa77a5cf733f921dce701d2,50ed2d642f7e5ab1c495f9d43526dbc7ced2cb6e3521d8207719409066db928a,c5cda6ca63a7d518902cf4b02d98b4aa0f373aaa0658d5c666d1c46d38871cb9,3d85999c57c29feeef0b874c51f9cb5c596c448fc3f85191e7cfda12bcdffe7a,b226b97e0e67288aaaf85726ad855df71cb81406685c57c8e8c40cd8996aa0da,2d4591ca9cf7515f65cc89c5394e93d335e2840f,False,"{""VRP-EVRP-Project-Hub"": {""dirty"": false, ""path"": ""/Users/guoyiyang/Documents/GitHub/FURP-2026-Yiyang-GUO-EVRP-TW/reference/VRP-EVRP-Project-Hub"", ""revision"": ""e3a890065105f978187e532642c4442522215e02""}, ""py-ga-VRPTW"": {""dirty"": false, ""path"": ""/Users/guoyiyang/Documents/GitHub/FURP-2026-Yiyang-GUO-EVRP-TW/reference/py-ga-VRPTW"", ""revision"": ""8e005caaaf6471a4505588d88c7f0f5e0d4ebffa""}}",stage02.3_constraint_guided_attempt16 + stage02.3_constraint_guided_rerun09,,preserve;see stage03_legacy_path_map.csv
stage03.0,measurement,stage03.0_measurement_attempt02,attempt02,stage03.0_measurement_attempt02,stage03_measurement_smoke02,smoke,r101_21,2014,"[""c101C5"", ""r105C5"", ""rc105C5"", ""c101_21"", ""r101_21"", ""rc101_21""]","[2014, 2015, 2016]",events,legacy_with_manifest_error,results/stage03.0_measurement_attempt02/r101_21/2014/stage03.0_measurement_attempt02_events_r101_21_2014.jsonl,results/stage03-measurement_smoke02/events/r101_21-alns_stage02_constraint_guided-2014.jsonl,feasible,raw manifest or sidecar is missing,not_verified,not_present,not_applicable,not_published,b2344005ad6b6521a295284d07e23de5ba9c4261efe87b0cfad43dffa24d5695,computed,b7c35c0fc532250b4a971f0cff79ad90895029510fa77a5cf733f921dce701d2,50ed2d642f7e5ab1c495f9d43526dbc7ced2cb6e3521d8207719409066db928a,0e5a3dffffbd3c516b528ef32ba1a488b817d2f151fc3e8c81023814de1c103a,8338e96bd3644fb28824346aac966f858d1ff921dac66a5c77a3d3fcecf01537,b226b97e0e67288aaaf85726ad855df71cb81406685c57c8e8c40cd8996aa0da,2d4591ca9cf7515f65cc89c5394e93d335e2840f,False,"{""VRP-EVRP-Project-Hub"": {""dirty"": false, ""path"": ""/Users/guoyiyang/Documents/GitHub/FURP-2026-Yiyang-GUO-EVRP-TW/reference/VRP-EVRP-Project-Hub"", ""revision"": ""e3a890065105f978187e532642c4442522215e02""}, ""py-ga-VRPTW"": {""dirty"": false, ""path"": ""/Users/guoyiyang/Documents/GitHub/FURP-2026-Yiyang-GUO-EVRP-TW/reference/py-ga-VRPTW"", ""revision"": ""8e005caaaf6471a4505588d88c7f0f5e0d4ebffa""}}",stage02.3_constraint_guided_attempt16 + stage02.3_constraint_guided_rerun09,,preserve;see stage03_legacy_path_map.csv
stage03.0,measurement,stage03.0_measurement_attempt02,attempt02,stage03.0_measurement_attempt02,stage03_measurement_smoke02,smoke,r101_21,2015,"[""c101C5"", ""r105C5"", ""rc105C5"", ""c101_21"", ""r101_21"", ""rc101_21""]","[2014, 2015, 2016]",events,legacy_with_manifest_error,results/stage03.0_measurement_attempt02/r101_21/2015/stage03.0_measurement_attempt02_events_r101_21_2015.jsonl,results/stage03-measurement_smoke02/events/r101_21-alns_stage02_constraint_guided-2015.jsonl,feasible,raw manifest or sidecar is missing,not_verified,not_present,not_applicable,not_published,18611fab162adbb65da5523d03c880ccdfeeeec6001802409eec1d17c49fc696,computed,b7c35c0fc532250b4a971f0cff79ad90895029510fa77a5cf733f921dce701d2,50ed2d642f7e5ab1c495f9d43526dbc7ced2cb6e3521d8207719409066db928a,0e5a3dffffbd3c516b528ef32ba1a488b817d2f151fc3e8c81023814de1c103a,fe1a36ce049964222f9177bf051b70adcc97ebd390aab36c208fb6e9bd193204,b226b97e0e67288aaaf85726ad855df71cb81406685c57c8e8c40cd8996aa0da,2d4591ca9cf7515f65cc89c5394e93d335e2840f,False,"{""VRP-EVRP-Project-Hub"": {""dirty"": false, ""path"": ""/Users/guoyiyang/Documents/GitHub/FURP-2026-Yiyang-GUO-EVRP-TW/reference/VRP-EVRP-Project-Hub"", ""revision"": ""e3a890065105f978187e532642c4442522215e02""}, ""py-ga-VRPTW"": {""dirty"": false, ""path"": ""/Users/guoyiyang/Documents/GitHub/FURP-2026-Yiyang-GUO-EVRP-TW/reference/py-ga-VRPTW"", ""revision"": ""8e005caaaf6471a4505588d88c7f0f5e0d4ebffa""}}",stage02.3_constraint_guided_attempt16 + stage02.3_constraint_guided_rerun09,,preserve;see stage03_legacy_path_map.csv
stage03.0,measurement,stage03.0_measurement_attempt02,attempt02,stage03.0_measurement_attempt02,stage03_measurement_smoke02,smoke,r101_21,2016,"[""c101C5"", ""r105C5"", ""rc105C5"", ""c101_21"", ""r101_21"", ""rc101_21""]","[2014, 2015, 2016]",events,legacy_with_manifest_error,results/stage03.0_measurement_attempt02/r101_21/2016/stage03.0_measurement_attempt02_events_r101_21_2016.jsonl,results/stage03-measurement_smoke02/events/r101_21-alns_stage02_constraint_guided-2016.jsonl,feasible,raw manifest or sidecar is missing,not_verified,not_present,not_applicable,not_published,32f3f5f3fad233961398b1c23dfb71fd64ab00a818768e4941e3dc11c7ad483a,computed,b7c35c0fc532250b4a971f0cff79ad90895029510fa77a5cf733f921dce701d2,50ed2d642f7e5ab1c495f9d43526dbc7ced2cb6e3521d8207719409066db928a,0e5a3dffffbd3c516b528ef32ba1a488b817d2f151fc3e8c81023814de1c103a,77e77a6dfa8f2762a34aadf14de2635b8a3c14ad79f7e5c53e7d5562bd1fac6c,b226b97e0e67288aaaf85726ad855df71cb81406685c57c8e8c40cd8996aa0da,2d4591ca9cf7515f65cc89c5394e93d335e2840f,False,"{""VRP-EVRP-Project-Hub"": {""dirty"": false, ""path"": ""/Users/guoyiyang/Documents/GitHub/FURP-2026-Yiyang-GUO-EVRP-TW/reference/VRP-EVRP-Project-Hub"", ""revision"": ""e3a890065105f978187e532642c4442522215e02""}, ""py-ga-VRPTW"": {""dirty"": false, ""path"": ""/Users/guoyiyang/Documents/GitHub/FURP-2026-Yiyang-GUO-EVRP-TW/reference/py-ga-VRPTW"", ""revision"": ""8e005caaaf6471a4505588d88c7f0f5e0d4ebffa""}}",stage02.3_constraint_guided_attempt16 + stage02.3_constraint_guided_rerun09,,preserve;see stage03_legacy_path_map.csv
stage03.0,measurement,stage03.0_measurement_attempt02,attempt02,stage03.0_measurement_attempt02,stage03_measurement_smoke02,smoke,r105C5,2014,"[""c101C5"", ""r105C5"", ""rc105C5"", ""c101_21"", ""r101_21"", ""rc101_21""]","[2014, 2015, 2016]",events,legacy_with_manifest_error,results/stage03.0_measurement_attempt02/r105C5/2014/stage03.0_measurement_attempt02_events_r105C5_2014.jsonl,results/stage03-measurement_smoke02/events/r105C5-alns_stage02_constraint_guided-2014.jsonl,feasible,raw manifest or sidecar is missing,not_verified,not_present,not_applicable,not_published,273d7532aa9feb82f748fa1febe370172a8f5036e3e51c7319dc9ea953b1944a,computed,b7c35c0fc532250b4a971f0cff79ad90895029510fa77a5cf733f921dce701d2,50ed2d642f7e5ab1c495f9d43526dbc7ced2cb6e3521d8207719409066db928a,eb27ec04e799ee6d39dee3d66f15128e197811afa8c664295acbdf6444176434,e493c1d452df86e4b6ba8673e3a82caa56d64fd61009b3c0d7b341083eb2b666,b226b97e0e67288aaaf85726ad855df71cb81406685c57c8e8c40cd8996aa0da,2d4591ca9cf7515f65cc89c5394e93d335e2840f,False,"{""VRP-EVRP-Project-Hub"": {""dirty"": false, ""path"": ""/Users/guoyiyang/Documents/GitHub/FURP-2026-Yiyang-GUO-EVRP-TW/reference/VRP-EVRP-Project-Hub"", ""revision"": ""e3a890065105f978187e532642c4442522215e02""}, ""py-ga-VRPTW"": {""dirty"": false, ""path"": ""/Users/guoyiyang/Documents/GitHub/FURP-2026-Yiyang-GUO-EVRP-TW/reference/py-ga-VRPTW"", ""revision"": ""8e005caaaf6471a4505588d88c7f0f5e0d4ebffa""}}",stage02.3_constraint_guided_attempt16 + stage02.3_constraint_guided_rerun09,,preserve;see stage03_legacy_path_map.csv
stage03.0,measurement,stage03.0_measurement_attempt02,attempt02,stage03.0_measurement_attempt02,stage03_measurement_smoke02,smoke,r105C5,2015,"[""c101C5"", ""r105C5"", ""rc105C5"", ""c101_21"", ""r101_21"", ""rc101_21""]","[2014, 2015, 2016]",events,legacy_with_manifest_error,results/stage03.0_measurement_attempt02/r105C5/2015/stage03.0_measurement_attempt02_events_r105C5_2015.jsonl,results/stage03-measurement_smoke02/events/r105C5-alns_stage02_constraint_guided-2015.jsonl,feasible,raw manifest or sidecar is missing,not_verified,not_present,not_applicable,not_published,5cc1356f073502b7ce744f5c189e45df5f7b04556483bed81c6b060a77dcac2a,computed,b7c35c0fc532250b4a971f0cff79ad90895029510fa77a5cf733f921dce701d2,50ed2d642f7e5ab1c495f9d43526dbc7ced2cb6e3521d8207719409066db928a,eb27ec04e799ee6d39dee3d66f15128e197811afa8c664295acbdf6444176434,2a17c5e1005627eb65fcd591df36885bb15a45fb1b9278478d09d59733a5000c,b226b97e0e67288aaaf85726ad855df71cb81406685c57c8e8c40cd8996aa0da,2d4591ca9cf7515f65cc89c5394e93d335e2840f,False,"{""VRP-EVRP-Project-Hub"": {""dirty"": false, ""path"": ""/Users/guoyiyang/Documents/GitHub/FURP-2026-Yiyang-GUO-EVRP-TW/reference/VRP-EVRP-Project-Hub"", ""revision"": ""e3a890065105f978187e532642c4442522215e02""}, ""py-ga-VRPTW"": {""dirty"": false, ""path"": ""/Users/guoyiyang/Documents/GitHub/FURP-2026-Yiyang-GUO-EVRP-TW/reference/py-ga-VRPTW"", ""revision"": ""8e005caaaf6471a4505588d88c7f0f5e0d4ebffa""}}",stage02.3_constraint_guided_attempt16 + stage02.3_constraint_guided_rerun09,,preserve;see stage03_legacy_path_map.csv
stage03.0,measurement,stage03.0_measurement_attempt02,attempt02,stage03.0_measurement_attempt02,stage03_measurement_smoke02,smoke,r105C5,2016,"[""c101C5"", ""r105C5"", ""rc105C5"", ""c101_21"", ""r101_21"", ""rc101_21""]","[2014, 2015, 2016]",events,legacy_with_manifest_error,results/stage03.0_measurement_attempt02/r105C5/2016/stage03.0_measurement_attempt02_events_r105C5_2016.jsonl,results/stage03-measurement_smoke02/events/r105C5-alns_stage02_constraint_guided-2016.jsonl,feasible,raw manifest or sidecar is missing,not_verified,not_present,not_applicable,not_published,4aa2fe6f0385d54c9166e81c66a9e2e7344e5bb7b531f79d0bc33532cea1a75e,computed,b7c35c0fc532250b4a971f0cff79ad90895029510fa77a5cf733f921dce701d2,50ed2d642f7e5ab1c495f9d43526dbc7ced2cb6e3521d8207719409066db928a,eb27ec04e799ee6d39dee3d66f15128e197811afa8c664295acbdf6444176434,08cbb1aece5ecc1281cf6629692b06b679edcfc70f3c056b5b0e875f5eb10a84,b226b97e0e67288aaaf85726ad855df71cb81406685c57c8e8c40cd8996aa0da,2d4591ca9cf7515f65cc89c5394e93d335e2840f,False,"{""VRP-EVRP-Project-Hub"": {""dirty"": false, ""path"": ""/Users/guoyiyang/Documents/GitHub/FURP-2026-Yiyang-GUO-EVRP-TW/reference/VRP-EVRP-Project-Hub"", ""revision"": ""e3a890065105f978187e532642c4442522215e02""}, ""py-ga-VRPTW"": {""dirty"": false, ""path"": ""/Users/guoyiyang/Documents/GitHub/FURP-2026-Yiyang-GUO-EVRP-TW/reference/py-ga-VRPTW"", ""revision"": ""8e005caaaf6471a4505588d88c7f0f5e0d4ebffa""}}",stage02.3_constraint_guided_attempt16 + stage02.3_constraint_guided_rerun09,,preserve;see stage03_legacy_path_map.csv
stage03.0,measurement,stage03.0_measurement_attempt02,attempt02,stage03.0_measurement_attempt02,stage03_measurement_smoke02,smoke,rc101_21,2014,"[""c101C5"", ""r105C5"", ""rc105C5"", ""c101_21"", ""r101_21"", ""rc101_21""]","[2014, 2015, 2016]",events,legacy_with_manifest_error,results/stage03.0_measurement_attempt02/rc101_21/2014/stage03.0_measurement_attempt02_events_rc101_21_2014.jsonl,results/stage03-measurement_smoke02/events/rc101_21-alns_stage02_constraint_guided-2014.jsonl,feasible,raw manifest or sidecar is missing,not_verified,not_present,not_applicable,not_published,336d2d34e616ef91eae5e3f4ca7472e8e7d5ecdde694a6cbf3bb6525c01fac65,computed,b7c35c0fc532250b4a971f0cff79ad90895029510fa77a5cf733f921dce701d2,50ed2d642f7e5ab1c495f9d43526dbc7ced2cb6e3521d8207719409066db928a,272a3e58d53d4ba9516f01506164cf8a9b98bfeeb8dbd1fd62f6557e4c98e3a1,c7b0455be0683879144d28d6ce714a11ed2df1e81ecf439e3213725d54ff4909,b226b97e0e67288aaaf85726ad855df71cb81406685c57c8e8c40cd8996aa0da,2d4591ca9cf7515f65cc89c5394e93d335e2840f,False,"{""VRP-EVRP-Project-Hub"": {""dirty"": false, ""path"": ""/Users/guoyiyang/Documents/GitHub/FURP-2026-Yiyang-GUO-EVRP-TW/reference/VRP-EVRP-Project-Hub"", ""revision"": ""e3a890065105f978187e532642c4442522215e02""}, ""py-ga-VRPTW"": {""dirty"": false, ""path"": ""/Users/guoyiyang/Documents/GitHub/FURP-2026-Yiyang-GUO-EVRP-TW/reference/py-ga-VRPTW"", ""revision"": ""8e005caaaf6471a4505588d88c7f0f5e0d4ebffa""}}",stage02.3_constraint_guided_attempt16 + stage02.3_constraint_guided_rerun09,,preserve;see stage03_legacy_path_map.csv
stage03.0,measurement,stage03.0_measurement_attempt02,attempt02,stage03.0_measurement_attempt02,stage03_measurement_smoke02,smoke,rc101_21,2015,"[""c101C5"", ""r105C5"", ""rc105C5"", ""c101_21"", ""r101_21"", ""rc101_21""]","[2014, 2015, 2016]",events,legacy_with_manifest_error,results/stage03.0_measurement_attempt02/rc101_21/2015/stage03.0_measurement_attempt02_events_rc101_21_2015.jsonl,results/stage03-measurement_smoke02/events/rc101_21-alns_stage02_constraint_guided-2015.jsonl,feasible,raw manifest or sidecar is missing,not_verified,not_present,not_applicable,not_published,165fe0c3aaa9113358f8347cdff8e717cd42ed55cb9d240cf36749192a2cb258,computed,b7c35c0fc532250b4a971f0cff79ad90895029510fa77a5cf733f921dce701d2,50ed2d642f7e5ab1c495f9d43526dbc7ced2cb6e3521d8207719409066db928a,272a3e58d53d4ba9516f01506164cf8a9b98bfeeb8dbd1fd62f6557e4c98e3a1,9f86a1678e0b9506ce5aab36c8cb56ed696d120c5d2008dcb260e2d1c5a6137a,b226b97e0e67288aaaf85726ad855df71cb81406685c57c8e8c40cd8996aa0da,2d4591ca9cf7515f65cc89c5394e93d335e2840f,False,"{""VRP-EVRP-Project-Hub"": {""dirty"": false, ""path"": ""/Users/guoyiyang/Documents/GitHub/FURP-2026-Yiyang-GUO-EVRP-TW/reference/VRP-EVRP-Project-Hub"", ""revision"": ""e3a890065105f978187e532642c4442522215e02""}, ""py-ga-VRPTW"": {""dirty"": false, ""path"": ""/Users/guoyiyang/Documents/GitHub/FURP-2026-Yiyang-GUO-EVRP-TW/reference/py-ga-VRPTW"", ""revision"": ""8e005caaaf6471a4505588d88c7f0f5e0d4ebffa""}}",stage02.3_constraint_guided_attempt16 + stage02.3_constraint_guided_rerun09,,preserve;see stage03_legacy_path_map.csv
stage03.0,measurement,stage03.0_measurement_attempt02,attempt02,stage03.0_measurement_attempt02,stage03_measurement_smoke02,smoke,rc101_21,2016,"[""c101C5"", ""r105C5"", ""rc105C5"", ""c101_21"", ""r101_21"", ""rc101_21""]","[2014, 2015, 2016]",events,legacy_with_manifest_error,results/stage03.0_measurement_attempt02/rc101_21/2016/stage03.0_measurement_attempt02_events_rc101_21_2016.jsonl,results/stage03-measurement_smoke02/events/rc101_21-alns_stage02_constraint_guided-2016.jsonl,feasible,raw manifest or sidecar is missing,not_verified,not_present,not_applicable,not_published,07eadecb694ccc6764d6d84727a2cd3ae19d1a4fb4cbe2104dcf35f10fe4d2c8,computed,b7c35c0fc532250b4a971f0cff79ad90895029510fa77a5cf733f921dce701d2,50ed2d642f7e5ab1c495f9d43526dbc7ced2cb6e3521d8207719409066db928a,272a3e58d53d4ba9516f01506164cf8a9b98bfeeb8dbd1fd62f6557e4c98e3a1,531a9f19289011e5f3008cb274804c795d3064e957b80bedf9a793e45e07fa0a,b226b97e0e67288aaaf85726ad855df71cb81406685c57c8e8c40cd8996aa0da,2d4591ca9cf7515f65cc89c5394e93d335e2840f,False,"{""VRP-EVRP-Project-Hub"": {""dirty"": false, ""path"": ""/Users/guoyiyang/Documents/GitHub/FURP-2026-Yiyang-GUO-EVRP-TW/reference/VRP-EVRP-Project-Hub"", ""revision"": ""e3a890065105f978187e532642c4442522215e02""}, ""py-ga-VRPTW"": {""dirty"": false, ""path"": ""/Users/guoyiyang/Documents/GitHub/FURP-2026-Yiyang-GUO-EVRP-TW/reference/py-ga-VRPTW"", ""revision"": ""8e005caaaf6471a4505588d88c7f0f5e0d4ebffa""}}",stage02.3_constraint_guided_attempt16 + stage02.3_constraint_guided_rerun09,,preserve;see stage03_legacy_path_map.csv
stage03.0,measurement,stage03.0_measurement_attempt02,attempt02,stage03.0_measurement_attempt02,stage03_measurement_smoke02,smoke,rc105C5,2014,"[""c101C5"", ""r105C5"", ""rc105C5"", ""c101_21"", ""r101_21"", ""rc101_21""]","[2014, 2015, 2016]",events,legacy_with_manifest_error,results/stage03.0_measurement_attempt02/rc105C5/2014/stage03.0_measurement_attempt02_events_rc105C5_2014.jsonl,results/stage03-measurement_smoke02/events/rc105C5-alns_stage02_constraint_guided-2014.jsonl,feasible,raw manifest or sidecar is missing,not_verified,not_present,not_applicable,not_published,5bf4a0d818c559c768353daba034be4905f79d20c53be0263559afc7e483c242,computed,b7c35c0fc532250b4a971f0cff79ad90895029510fa77a5cf733f921dce701d2,50ed2d642f7e5ab1c495f9d43526dbc7ced2cb6e3521d8207719409066db928a,2ccfba6c447fa43a994934690acb67c7355ca04d232394907ed6938bc362c643,0e6e5fa540e1e45e3a36fb8b7faf91f0a5e8b8ad8ee00309117ac7053e522bcf,b226b97e0e67288aaaf85726ad855df71cb81406685c57c8e8c40cd8996aa0da,2d4591ca9cf7515f65cc89c5394e93d335e2840f,False,"{""VRP-EVRP-Project-Hub"": {""dirty"": false, ""path"": ""/Users/guoyiyang/Documents/GitHub/FURP-2026-Yiyang-GUO-EVRP-TW/reference/VRP-EVRP-Project-Hub"", ""revision"": ""e3a890065105f978187e532642c4442522215e02""}, ""py-ga-VRPTW"": {""dirty"": false, ""path"": ""/Users/guoyiyang/Documents/GitHub/FURP-2026-Yiyang-GUO-EVRP-TW/reference/py-ga-VRPTW"", ""revision"": ""8e005caaaf6471a4505588d88c7f0f5e0d4ebffa""}}",stage02.3_constraint_guided_attempt16 + stage02.3_constraint_guided_rerun09,,preserve;see stage03_legacy_path_map.csv
stage03.0,measurement,stage03.0_measurement_attempt02,attempt02,stage03.0_measurement_attempt02,stage03_measurement_smoke02,smoke,rc105C5,2015,"[""c101C5"", ""r105C5"", ""rc105C5"", ""c101_21"", ""r101_21"", ""rc101_21""]","[2014, 2015, 2016]",events,legacy_with_manifest_error,results/stage03.0_measurement_attempt02/rc105C5/2015/stage03.0_measurement_attempt02_events_rc105C5_2015.jsonl,results/stage03-measurement_smoke02/events/rc105C5-alns_stage02_constraint_guided-2015.jsonl,feasible,raw manifest or sidecar is missing,not_verified,not_present,not_applicable,not_published,f0422f5f104db0def62103d1aeba7cbd2db3515a8973af427f8a21a9195ff5a9,computed,b7c35c0fc532250b4a971f0cff79ad90895029510fa77a5cf733f921dce701d2,50ed2d642f7e5ab1c495f9d43526dbc7ced2cb6e3521d8207719409066db928a,2ccfba6c447fa43a994934690acb67c7355ca04d232394907ed6938bc362c643,6f017807b2be97bdb58108a38e978ce2c2448ad3eb806dfc6ea0bb36254b6ce4,b226b97e0e67288aaaf85726ad855df71cb81406685c57c8e8c40cd8996aa0da,2d4591ca9cf7515f65cc89c5394e93d335e2840f,False,"{""VRP-EVRP-Project-Hub"": {""dirty"": false, ""path"": ""/Users/guoyiyang/Documents/GitHub/FURP-2026-Yiyang-GUO-EVRP-TW/reference/VRP-EVRP-Project-Hub"", ""revision"": ""e3a890065105f978187e532642c4442522215e02""}, ""py-ga-VRPTW"": {""dirty"": false, ""path"": ""/Users/guoyiyang/Documents/GitHub/FURP-2026-Yiyang-GUO-EVRP-TW/reference/py-ga-VRPTW"", ""revision"": ""8e005caaaf6471a4505588d88c7f0f5e0d4ebffa""}}",stage02.3_constraint_guided_attempt16 + stage02.3_constraint_guided_rerun09,,preserve;see stage03_legacy_path_map.csv
stage03.0,measurement,stage03.0_measurement_attempt02,attempt02,stage03.0_measurement_attempt02,stage03_measurement_smoke02,smoke,rc105C5,2016,"[""c101C5"", ""r105C5"", ""rc105C5"", ""c101_21"", ""r101_21"", ""rc101_21""]","[2014, 2015, 2016]",events,legacy_with_manifest_error,results/stage03.0_measurement_attempt02/rc105C5/2016/stage03.0_measurement_attempt02_events_rc105C5_2016.jsonl,results/stage03-measurement_smoke02/events/rc105C5-alns_stage02_constraint_guided-2016.jsonl,feasible,raw manifest or sidecar is missing,not_verified,not_present,not_applicable,not_published,a14869ace4603c449ee256101f39bcf563601ac83b5af8be5046cb39105f1914,computed,b7c35c0fc532250b4a971f0cff79ad90895029510fa77a5cf733f921dce701d2,50ed2d642f7e5ab1c495f9d43526dbc7ced2cb6e3521d8207719409066db928a,2ccfba6c447fa43a994934690acb67c7355ca04d232394907ed6938bc362c643,2e716c7123ba22a528b5baf3cc2175e3dc75a80364b60be524c309b66d199fb7,b226b97e0e67288aaaf85726ad855df71cb81406685c57c8e8c40cd8996aa0da,2d4591ca9cf7515f65cc89c5394e93d335e2840f,False,"{""VRP-EVRP-Project-Hub"": {""dirty"": false, ""path"": ""/Users/guoyiyang/Documents/GitHub/FURP-2026-Yiyang-GUO-EVRP-TW/reference/VRP-EVRP-Project-Hub"", ""revision"": ""e3a890065105f978187e532642c4442522215e02""}, ""py-ga-VRPTW"": {""dirty"": false, ""path"": ""/Users/guoyiyang/Documents/GitHub/FURP-2026-Yiyang-GUO-EVRP-TW/reference/py-ga-VRPTW"", ""revision"": ""8e005caaaf6471a4505588d88c7f0f5e0d4ebffa""}}",stage02.3_constraint_guided_attempt16 + stage02.3_constraint_guided_rerun09,,preserve;see stage03_legacy_path_map.csv
stage03.0,measurement,stage03.0_measurement_attempt02,attempt02,stage03.0_measurement_attempt02,stage03_measurement_smoke02,smoke,__all__,__all__,"[""c101C5"", ""r105C5"", ""rc105C5"", ""c101_21"", ""r101_21"", ""rc101_21""]","[2014, 2015, 2016]",manifest,legacy_with_manifest_error,results/stage03.0_measurement_attempt02/control/stage03.0_measurement_attempt02_manifest.json,results/stage03-measurement_smoke02/manifest.json,feasible,raw manifest or sidecar is missing,not_verified,not_present,not_applicable,not_published,e5ecb1fea996f614efac12d5ccaf8d6565bcad6e932b6213042b051ba2e723ef,computed,b7c35c0fc532250b4a971f0cff79ad90895029510fa77a5cf733f921dce701d2,50ed2d642f7e5ab1c495f9d43526dbc7ced2cb6e3521d8207719409066db928a,,,b226b97e0e67288aaaf85726ad855df71cb81406685c57c8e8c40cd8996aa0da,2d4591ca9cf7515f65cc89c5394e93d335e2840f,False,"{""VRP-EVRP-Project-Hub"": {""dirty"": false, ""path"": ""/Users/guoyiyang/Documents/GitHub/FURP-2026-Yiyang-GUO-EVRP-TW/reference/VRP-EVRP-Project-Hub"", ""revision"": ""e3a890065105f978187e532642c4442522215e02""}, ""py-ga-VRPTW"": {""dirty"": false, ""path"": ""/Users/guoyiyang/Documents/GitHub/FURP-2026-Yiyang-GUO-EVRP-TW/reference/py-ga-VRPTW"", ""revision"": ""8e005caaaf6471a4505588d88c7f0f5e0d4ebffa""}}",stage02.3_constraint_guided_attempt16 + stage02.3_constraint_guided_rerun09,,preserve;see stage03_legacy_path_map.csv
stage03.0,measurement,stage03.0_measurement_attempt02,attempt02,stage03.0_measurement_attempt02,stage03_measurement_smoke02,smoke,__all__,__all__,"[""c101C5"", ""r105C5"", ""rc105C5"", ""c101_21"", ""r101_21"", ""rc101_21""]","[2014, 2015, 2016]",config,legacy_with_manifest_error,results/stage03.0_measurement_attempt02/control/stage03.0_measurement_attempt02_config.toml,results/stage03-measurement_smoke02/parameters.toml,feasible,raw manifest or sidecar is missing,not_verified,not_present,not_applicable,not_published,50ed2d642f7e5ab1c495f9d43526dbc7ced2cb6e3521d8207719409066db928a,computed,b7c35c0fc532250b4a971f0cff79ad90895029510fa77a5cf733f921dce701d2,50ed2d642f7e5ab1c495f9d43526dbc7ced2cb6e3521d8207719409066db928a,,,b226b97e0e67288aaaf85726ad855df71cb81406685c57c8e8c40cd8996aa0da,2d4591ca9cf7515f65cc89c5394e93d335e2840f,False,"{""VRP-EVRP-Project-Hub"": {""dirty"": false, ""path"": ""/Users/guoyiyang/Documents/GitHub/FURP-2026-Yiyang-GUO-EVRP-TW/reference/VRP-EVRP-Project-Hub"", ""revision"": ""e3a890065105f978187e532642c4442522215e02""}, ""py-ga-VRPTW"": {""dirty"": false, ""path"": ""/Users/guoyiyang/Documents/GitHub/FURP-2026-Yiyang-GUO-EVRP-TW/reference/py-ga-VRPTW"", ""revision"": ""8e005caaaf6471a4505588d88c7f0f5e0d4ebffa""}}",stage02.3_constraint_guided_attempt16 + stage02.3_constraint_guided_rerun09,,preserve;see stage03_legacy_path_map.csv
stage03.0,measurement,stage03.0_measurement_attempt02,attempt02,stage03.0_measurement_attempt02,stage03_measurement_smoke02,smoke,c101C5,2014,"[""c101C5"", ""r105C5"", ""rc105C5"", ""c101_21"", ""r101_21"", ""rc101_21""]","[2014, 2015, 2016]",raw,legacy_with_manifest_error,results/stage03.0_measurement_attempt02/c101C5/2014/stage03.0_measurement_attempt02_raw_c101C5_2014.json,results/stage03-measurement_smoke02/raw/c101C5-alns_stage02_constraint_guided-2014.json,feasible,raw manifest or sidecar is missing,not_verified,not_present,not_applicable,not_published,37d000bc6c8664172403dd60b3d889428d4942fdd82d64011b6e58a61258f212,computed,b7c35c0fc532250b4a971f0cff79ad90895029510fa77a5cf733f921dce701d2,50ed2d642f7e5ab1c495f9d43526dbc7ced2cb6e3521d8207719409066db928a,8612d6d9aad051776097a5e50c7408f39352b8107b0639d58e5eda713f9ff876,ecbcc66bad0e9572222d32efa80d678ccb959b054fa8e53dfbebf6985db971be,b226b97e0e67288aaaf85726ad855df71cb81406685c57c8e8c40cd8996aa0da,2d4591ca9cf7515f65cc89c5394e93d335e2840f,False,"{""VRP-EVRP-Project-Hub"": {""dirty"": false, ""path"": ""/Users/guoyiyang/Documents/GitHub/FURP-2026-Yiyang-GUO-EVRP-TW/reference/VRP-EVRP-Project-Hub"", ""revision"": ""e3a890065105f978187e532642c4442522215e02""}, ""py-ga-VRPTW"": {""dirty"": false, ""path"": ""/Users/guoyiyang/Documents/GitHub/FURP-2026-Yiyang-GUO-EVRP-TW/reference/py-ga-VRPTW"", ""revision"": ""8e005caaaf6471a4505588d88c7f0f5e0d4ebffa""}}",stage02.3_constraint_guided_attempt16 + stage02.3_constraint_guided_rerun09,,preserve;see stage03_legacy_path_map.csv
stage03.0,measurement,stage03.0_measurement_attempt02,attempt02,stage03.0_measurement_attempt02,stage03_measurement_smoke02,smoke,c101C5,2015,"[""c101C5"", ""r105C5"", ""rc105C5"", ""c101_21"", ""r101_21"", ""rc101_21""]","[2014, 2015, 2016]",raw,legacy_with_manifest_error,results/stage03.0_measurement_attempt02/c101C5/2015/stage03.0_measurement_attempt02_raw_c101C5_2015.json,results/stage03-measurement_smoke02/raw/c101C5-alns_stage02_constraint_guided-2015.json,feasible,raw manifest or sidecar is missing,not_verified,not_present,not_applicable,not_published,70ac3f263e6b46fb63f3e3acfcdee9c7919039aa2a54573ea691775e880f8558,computed,b7c35c0fc532250b4a971f0cff79ad90895029510fa77a5cf733f921dce701d2,50ed2d642f7e5ab1c495f9d43526dbc7ced2cb6e3521d8207719409066db928a,8612d6d9aad051776097a5e50c7408f39352b8107b0639d58e5eda713f9ff876,9729fde213b9203c47f6dfa71b900aed36c5ed5de546d37316da94400e03c647,b226b97e0e67288aaaf85726ad855df71cb81406685c57c8e8c40cd8996aa0da,2d4591ca9cf7515f65cc89c5394e93d335e2840f,False,"{""VRP-EVRP-Project-Hub"": {""dirty"": false, ""path"": ""/Users/guoyiyang/Documents/GitHub/FURP-2026-Yiyang-GUO-EVRP-TW/reference/VRP-EVRP-Project-Hub"", ""revision"": ""e3a890065105f978187e532642c4442522215e02""}, ""py-ga-VRPTW"": {""dirty"": false, ""path"": ""/Users/guoyiyang/Documents/GitHub/FURP-2026-Yiyang-GUO-EVRP-TW/reference/py-ga-VRPTW"", ""revision"": ""8e005caaaf6471a4505588d88c7f0f5e0d4ebffa""}}",stage02.3_constraint_guided_attempt16 + stage02.3_constraint_guided_rerun09,,preserve;see stage03_legacy_path_map.csv
stage03.0,measurement,stage03.0_measurement_attempt02,attempt02,stage03.0_measurement_attempt02,stage03_measurement_smoke02,smoke,c101C5,2016,"[""c101C5"", ""r105C5"", ""rc105C5"", ""c101_21"", ""r101_21"", ""rc101_21""]","[2014, 2015, 2016]",raw,legacy_with_manifest_error,results/stage03.0_measurement_attempt02/c101C5/2016/stage03.0_measurement_attempt02_raw_c101C5_2016.json,results/stage03-measurement_smoke02/raw/c101C5-alns_stage02_constraint_guided-2016.json,feasible,raw manifest or sidecar is missing,not_verified,not_present,not_applicable,not_published,0aabeac328d371b1467c7d1b9246a73e5a2cb10f438099b041ff8b9d36889abc,computed,b7c35c0fc532250b4a971f0cff79ad90895029510fa77a5cf733f921dce701d2,50ed2d642f7e5ab1c495f9d43526dbc7ced2cb6e3521d8207719409066db928a,8612d6d9aad051776097a5e50c7408f39352b8107b0639d58e5eda713f9ff876,22089186bff477223b3aef6b771bdd081b18aecfcf6436b1401545c8759a71af,b226b97e0e67288aaaf85726ad855df71cb81406685c57c8e8c40cd8996aa0da,2d4591ca9cf7515f65cc89c5394e93d335e2840f,False,"{""VRP-EVRP-Project-Hub"": {""dirty"": false, ""path"": ""/Users/guoyiyang/Documents/GitHub/FURP-2026-Yiyang-GUO-EVRP-TW/reference/VRP-EVRP-Project-Hub"", ""revision"": ""e3a890065105f978187e532642c4442522215e02""}, ""py-ga-VRPTW"": {""dirty"": false, ""path"": ""/Users/guoyiyang/Documents/GitHub/FURP-2026-Yiyang-GUO-EVRP-TW/reference/py-ga-VRPTW"", ""revision"": ""8e005caaaf6471a4505588d88c7f0f5e0d4ebffa""}}",stage02.3_constraint_guided_attempt16 + stage02.3_constraint_guided_rerun09,,preserve;see stage03_legacy_path_map.csv
stage03.0,measurement,stage03.0_measurement_attempt02,attempt02,stage03.0_measurement_attempt02,stage03_measurement_smoke02,smoke,c101_21,2014,"[""c101C5"", ""r105C5"", ""rc105C5"", ""c101_21"", ""r101_21"", ""rc101_21""]","[2014, 2015, 2016]",raw,legacy_with_manifest_error,results/stage03.0_measurement_attempt02/c101_21/2014/stage03.0_measurement_attempt02_raw_c101_21_2014.json,results/stage03-measurement_smoke02/raw/c101_21-alns_stage02_constraint_guided-2014.json,feasible,raw manifest or sidecar is missing,not_verified,not_present,not_applicable,not_published,43a720ceb29f794d1455a7342a6b5a7cdb1fd8f32e2671bce706b69265ba93e7,computed,b7c35c0fc532250b4a971f0cff79ad90895029510fa77a5cf733f921dce701d2,50ed2d642f7e5ab1c495f9d43526dbc7ced2cb6e3521d8207719409066db928a,c5cda6ca63a7d518902cf4b02d98b4aa0f373aaa0658d5c666d1c46d38871cb9,8f249087045d5fa8f4cbcd57fd78e5240caff2797a2cb3c8b301faf99ee52ea6,b226b97e0e67288aaaf85726ad855df71cb81406685c57c8e8c40cd8996aa0da,2d4591ca9cf7515f65cc89c5394e93d335e2840f,False,"{""VRP-EVRP-Project-Hub"": {""dirty"": false, ""path"": ""/Users/guoyiyang/Documents/GitHub/FURP-2026-Yiyang-GUO-EVRP-TW/reference/VRP-EVRP-Project-Hub"", ""revision"": ""e3a890065105f978187e532642c4442522215e02""}, ""py-ga-VRPTW"": {""dirty"": false, ""path"": ""/Users/guoyiyang/Documents/GitHub/FURP-2026-Yiyang-GUO-EVRP-TW/reference/py-ga-VRPTW"", ""revision"": ""8e005caaaf6471a4505588d88c7f0f5e0d4ebffa""}}",stage02.3_constraint_guided_attempt16 + stage02.3_constraint_guided_rerun09,,preserve;see stage03_legacy_path_map.csv
stage03.0,measurement,stage03.0_measurement_attempt02,attempt02,stage03.0_measurement_attempt02,stage03_measurement_smoke02,smoke,c101_21,2015,"[""c101C5"", ""r105C5"", ""rc105C5"", ""c101_21"", ""r101_21"", ""rc101_21""]","[2014, 2015, 2016]",raw,legacy_with_manifest_error,results/stage03.0_measurement_attempt02/c101_21/2015/stage03.0_measurement_attempt02_raw_c101_21_2015.json,results/stage03-measurement_smoke02/raw/c101_21-alns_stage02_constraint_guided-2015.json,feasible,raw manifest or sidecar is missing,not_verified,not_present,not_applicable,not_published,022c1ce5d1fe27bbbf032810b301d548269f28c52d4d34270d0d329ed07d7f18,computed,b7c35c0fc532250b4a971f0cff79ad90895029510fa77a5cf733f921dce701d2,50ed2d642f7e5ab1c495f9d43526dbc7ced2cb6e3521d8207719409066db928a,c5cda6ca63a7d518902cf4b02d98b4aa0f373aaa0658d5c666d1c46d38871cb9,35276e9fb5f7a5289540c111538f825130f81d7a28a71f7cd050760973e93e86,b226b97e0e67288aaaf85726ad855df71cb81406685c57c8e8c40cd8996aa0da,2d4591ca9cf7515f65cc89c5394e93d335e2840f,False,"{""VRP-EVRP-Project-Hub"": {""dirty"": false, ""path"": ""/Users/guoyiyang/Documents/GitHub/FURP-2026-Yiyang-GUO-EVRP-TW/reference/VRP-EVRP-Project-Hub"", ""revision"": ""e3a890065105f978187e532642c4442522215e02""}, ""py-ga-VRPTW"": {""dirty"": false, ""path"": ""/Users/guoyiyang/Documents/GitHub/FURP-2026-Yiyang-GUO-EVRP-TW/reference/py-ga-VRPTW"", ""revision"": ""8e005caaaf6471a4505588d88c7f0f5e0d4ebffa""}}",stage02.3_constraint_guided_attempt16 + stage02.3_constraint_guided_rerun09,,preserve;see stage03_legacy_path_map.csv
stage03.0,measurement,stage03.0_measurement_attempt02,attempt02,stage03.0_measurement_attempt02,stage03_measurement_smoke02,smoke,c101_21,2016,"[""c101C5"", ""r105C5"", ""rc105C5"", ""c101_21"", ""r101_21"", ""rc101_21""]","[2014, 2015, 2016]",raw,legacy_with_manifest_error,results/stage03.0_measurement_attempt02/c101_21/2016/stage03.0_measurement_attempt02_raw_c101_21_2016.json,results/stage03-measurement_smoke02/raw/c101_21-alns_stage02_constraint_guided-2016.json,feasible,raw manifest or sidecar is missing,not_verified,not_present,not_applicable,not_published,ed037688e70e8d8c1c66487b02822356f480a0f735f6e079e421d992d4698539,computed,b7c35c0fc532250b4a971f0cff79ad90895029510fa77a5cf733f921dce701d2,50ed2d642f7e5ab1c495f9d43526dbc7ced2cb6e3521d8207719409066db928a,c5cda6ca63a7d518902cf4b02d98b4aa0f373aaa0658d5c666d1c46d38871cb9,3d85999c57c29feeef0b874c51f9cb5c596c448fc3f85191e7cfda12bcdffe7a,b226b97e0e67288aaaf85726ad855df71cb81406685c57c8e8c40cd8996aa0da,2d4591ca9cf7515f65cc89c5394e93d335e2840f,False,"{""VRP-EVRP-Project-Hub"": {""dirty"": false, ""path"": ""/Users/guoyiyang/Documents/GitHub/FURP-2026-Yiyang-GUO-EVRP-TW/reference/VRP-EVRP-Project-Hub"", ""revision"": ""e3a890065105f978187e532642c4442522215e02""}, ""py-ga-VRPTW"": {""dirty"": false, ""path"": ""/Users/guoyiyang/Documents/GitHub/FURP-2026-Yiyang-GUO-EVRP-TW/reference/py-ga-VRPTW"", ""revision"": ""8e005caaaf6471a4505588d88c7f0f5e0d4ebffa""}}",stage02.3_constraint_guided_attempt16 + stage02.3_constraint_guided_rerun09,,preserve;see stage03_legacy_path_map.csv
stage03.0,measurement,stage03.0_measurement_attempt02,attempt02,stage03.0_measurement_attempt02,stage03_measurement_smoke02,smoke,r101_21,2014,"[""c101C5"", ""r105C5"", ""rc105C5"", ""c101_21"", ""r101_21"", ""rc101_21""]","[2014, 2015, 2016]",raw,legacy_with_manifest_error,results/stage03.0_measurement_attempt02/r101_21/2014/stage03.0_measurement_attempt02_raw_r101_21_2014.json,results/stage03-measurement_smoke02/raw/r101_21-alns_stage02_constraint_guided-2014.json,feasible,raw manifest or sidecar is missing,not_verified,not_present,not_applicable,not_published,7f0a258a352f5fa278e84a1cee66d893a5ffe4ba54d917d870966af5ba2eaa0a,computed,b7c35c0fc532250b4a971f0cff79ad90895029510fa77a5cf733f921dce701d2,50ed2d642f7e5ab1c495f9d43526dbc7ced2cb6e3521d8207719409066db928a,0e5a3dffffbd3c516b528ef32ba1a488b817d2f151fc3e8c81023814de1c103a,8338e96bd3644fb28824346aac966f858d1ff921dac66a5c77a3d3fcecf01537,b226b97e0e67288aaaf85726ad855df71cb81406685c57c8e8c40cd8996aa0da,2d4591ca9cf7515f65cc89c5394e93d335e2840f,False,"{""VRP-EVRP-Project-Hub"": {""dirty"": false, ""path"": ""/Users/guoyiyang/Documents/GitHub/FURP-2026-Yiyang-GUO-EVRP-TW/reference/VRP-EVRP-Project-Hub"", ""revision"": ""e3a890065105f978187e532642c4442522215e02""}, ""py-ga-VRPTW"": {""dirty"": false, ""path"": ""/Users/guoyiyang/Documents/GitHub/FURP-2026-Yiyang-GUO-EVRP-TW/reference/py-ga-VRPTW"", ""revision"": ""8e005caaaf6471a4505588d88c7f0f5e0d4ebffa""}}",stage02.3_constraint_guided_attempt16 + stage02.3_constraint_guided_rerun09,,preserve;see stage03_legacy_path_map.csv
stage03.0,measurement,stage03.0_measurement_attempt02,attempt02,stage03.0_measurement_attempt02,stage03_measurement_smoke02,smoke,r101_21,2015,"[""c101C5"", ""r105C5"", ""rc105C5"", ""c101_21"", ""r101_21"", ""rc101_21""]","[2014, 2015, 2016]",raw,legacy_with_manifest_error,results/stage03.0_measurement_attempt02/r101_21/2015/stage03.0_measurement_attempt02_raw_r101_21_2015.json,results/stage03-measurement_smoke02/raw/r101_21-alns_stage02_constraint_guided-2015.json,feasible,raw manifest or sidecar is missing,not_verified,not_present,not_applicable,not_published,f53661e8cb769a38d869b0c8fb49252df369da18b1bce2e2d4c0f545be69f646,computed,b7c35c0fc532250b4a971f0cff79ad90895029510fa77a5cf733f921dce701d2,50ed2d642f7e5ab1c495f9d43526dbc7ced2cb6e3521d8207719409066db928a,0e5a3dffffbd3c516b528ef32ba1a488b817d2f151fc3e8c81023814de1c103a,fe1a36ce049964222f9177bf051b70adcc97ebd390aab36c208fb6e9bd193204,b226b97e0e67288aaaf85726ad855df71cb81406685c57c8e8c40cd8996aa0da,2d4591ca9cf7515f65cc89c5394e93d335e2840f,False,"{""VRP-EVRP-Project-Hub"": {""dirty"": false, ""path"": ""/Users/guoyiyang/Documents/GitHub/FURP-2026-Yiyang-GUO-EVRP-TW/reference/VRP-EVRP-Project-Hub"", ""revision"": ""e3a890065105f978187e532642c4442522215e02""}, ""py-ga-VRPTW"": {""dirty"": false, ""path"": ""/Users/guoyiyang/Documents/GitHub/FURP-2026-Yiyang-GUO-EVRP-TW/reference/py-ga-VRPTW"", ""revision"": ""8e005caaaf6471a4505588d88c7f0f5e0d4ebffa""}}",stage02.3_constraint_guided_attempt16 + stage02.3_constraint_guided_rerun09,,preserve;see stage03_legacy_path_map.csv
stage03.0,measurement,stage03.0_measurement_attempt02,attempt02,stage03.0_measurement_attempt02,stage03_measurement_smoke02,smoke,r101_21,2016,"[""c101C5"", ""r105C5"", ""rc105C5"", ""c101_21"", ""r101_21"", ""rc101_21""]","[2014, 2015, 2016]",raw,legacy_with_manifest_error,results/stage03.0_measurement_attempt02/r101_21/2016/stage03.0_measurement_attempt02_raw_r101_21_2016.json,results/stage03-measurement_smoke02/raw/r101_21-alns_stage02_constraint_guided-2016.json,feasible,raw manifest or sidecar is missing,not_verified,not_present,not_applicable,not_published,3239b3447f7ffa4ebbfade0622bbbf7bcd8cbcec932e62967c4860111f819c3f,computed,b7c35c0fc532250b4a971f0cff79ad90895029510fa77a5cf733f921dce701d2,50ed2d642f7e5ab1c495f9d43526dbc7ced2cb6e3521d8207719409066db928a,0e5a3dffffbd3c516b528ef32ba1a488b817d2f151fc3e8c81023814de1c103a,77e77a6dfa8f2762a34aadf14de2635b8a3c14ad79f7e5c53e7d5562bd1fac6c,b226b97e0e67288aaaf85726ad855df71cb81406685c57c8e8c40cd8996aa0da,2d4591ca9cf7515f65cc89c5394e93d335e2840f,False,"{""VRP-EVRP-Project-Hub"": {""dirty"": false, ""path"": ""/Users/guoyiyang/Documents/GitHub/FURP-2026-Yiyang-GUO-EVRP-TW/reference/VRP-EVRP-Project-Hub"", ""revision"": ""e3a890065105f978187e532642c4442522215e02""}, ""py-ga-VRPTW"": {""dirty"": false, ""path"": ""/Users/guoyiyang/Documents/GitHub/FURP-2026-Yiyang-GUO-EVRP-TW/reference/py-ga-VRPTW"", ""revision"": ""8e005caaaf6471a4505588d88c7f0f5e0d4ebffa""}}",stage02.3_constraint_guided_attempt16 + stage02.3_constraint_guided_rerun09,,preserve;see stage03_legacy_path_map.csv
stage03.0,measurement,stage03.0_measurement_attempt02,attempt02,stage03.0_measurement_attempt02,stage03_measurement_smoke02,smoke,r105C5,2014,"[""c101C5"", ""r105C5"", ""rc105C5"", ""c101_21"", ""r101_21"", ""rc101_21""]","[2014, 2015, 2016]",raw,legacy_with_manifest_error,results/stage03.0_measurement_attempt02/r105C5/2014/stage03.0_measurement_attempt02_raw_r105C5_2014.json,results/stage03-measurement_smoke02/raw/r105C5-alns_stage02_constraint_guided-2014.json,feasible,raw manifest or sidecar is missing,not_verified,not_present,not_applicable,not_published,a24db1c31465aa45dbd2a34b5005b384faeeae01b7dcac24f86e9dfa94af4b38,computed,b7c35c0fc532250b4a971f0cff79ad90895029510fa77a5cf733f921dce701d2,50ed2d642f7e5ab1c495f9d43526dbc7ced2cb6e3521d8207719409066db928a,eb27ec04e799ee6d39dee3d66f15128e197811afa8c664295acbdf6444176434,e493c1d452df86e4b6ba8673e3a82caa56d64fd61009b3c0d7b341083eb2b666,b226b97e0e67288aaaf85726ad855df71cb81406685c57c8e8c40cd8996aa0da,2d4591ca9cf7515f65cc89c5394e93d335e2840f,False,"{""VRP-EVRP-Project-Hub"": {""dirty"": false, ""path"": ""/Users/guoyiyang/Documents/GitHub/FURP-2026-Yiyang-GUO-EVRP-TW/reference/VRP-EVRP-Project-Hub"", ""revision"": ""e3a890065105f978187e532642c4442522215e02""}, ""py-ga-VRPTW"": {""dirty"": false, ""path"": ""/Users/guoyiyang/Documents/GitHub/FURP-2026-Yiyang-GUO-EVRP-TW/reference/py-ga-VRPTW"", ""revision"": ""8e005caaaf6471a4505588d88c7f0f5e0d4ebffa""}}",stage02.3_constraint_guided_attempt16 + stage02.3_constraint_guided_rerun09,,preserve;see stage03_legacy_path_map.csv
stage03.0,measurement,stage03.0_measurement_attempt02,attempt02,stage03.0_measurement_attempt02,stage03_measurement_smoke02,smoke,r105C5,2015,"[""c101C5"", ""r105C5"", ""rc105C5"", ""c101_21"", ""r101_21"", ""rc101_21""]","[2014, 2015, 2016]",raw,legacy_with_manifest_error,results/stage03.0_measurement_attempt02/r105C5/2015/stage03.0_measurement_attempt02_raw_r105C5_2015.json,results/stage03-measurement_smoke02/raw/r105C5-alns_stage02_constraint_guided-2015.json,feasible,raw manifest or sidecar is missing,not_verified,not_present,not_applicable,not_published,4ef62733ab09d7e9be92057296ac313a75e53c50dbec1a73812ab693a5e3f1d0,computed,b7c35c0fc532250b4a971f0cff79ad90895029510fa77a5cf733f921dce701d2,50ed2d642f7e5ab1c495f9d43526dbc7ced2cb6e3521d8207719409066db928a,eb27ec04e799ee6d39dee3d66f15128e197811afa8c664295acbdf6444176434,2a17c5e1005627eb65fcd591df36885bb15a45fb1b9278478d09d59733a5000c,b226b97e0e67288aaaf85726ad855df71cb81406685c57c8e8c40cd8996aa0da,2d4591ca9cf7515f65cc89c5394e93d335e2840f,False,"{""VRP-EVRP-Project-Hub"": {""dirty"": false, ""path"": ""/Users/guoyiyang/Documents/GitHub/FURP-2026-Yiyang-GUO-EVRP-TW/reference/VRP-EVRP-Project-Hub"", ""revision"": ""e3a890065105f978187e532642c4442522215e02""}, ""py-ga-VRPTW"": {""dirty"": false, ""path"": ""/Users/guoyiyang/Documents/GitHub/FURP-2026-Yiyang-GUO-EVRP-TW/reference/py-ga-VRPTW"", ""revision"": ""8e005caaaf6471a4505588d88c7f0f5e0d4ebffa""}}",stage02.3_constraint_guided_attempt16 + stage02.3_constraint_guided_rerun09,,preserve;see stage03_legacy_path_map.csv
stage03.0,measurement,stage03.0_measurement_attempt02,attempt02,stage03.0_measurement_attempt02,stage03_measurement_smoke02,smoke,r105C5,2016,"[""c101C5"", ""r105C5"", ""rc105C5"", ""c101_21"", ""r101_21"", ""rc101_21""]","[2014, 2015, 2016]",raw,legacy_with_manifest_error,results/stage03.0_measurement_attempt02/r105C5/2016/stage03.0_measurement_attempt02_raw_r105C5_2016.json,results/stage03-measurement_smoke02/raw/r105C5-alns_stage02_constraint_guided-2016.json,feasible,raw manifest or sidecar is missing,not_verified,not_present,not_applicable,not_published,e3f816911205e36a3637b3e585fb6e20df045aaac382a87bfd05ba52301fc3b7,computed,b7c35c0fc532250b4a971f0cff79ad90895029510fa77a5cf733f921dce701d2,50ed2d642f7e5ab1c495f9d43526dbc7ced2cb6e3521d8207719409066db928a,eb27ec04e799ee6d39dee3d66f15128e197811afa8c664295acbdf6444176434,08cbb1aece5ecc1281cf6629692b06b679edcfc70f3c056b5b0e875f5eb10a84,b226b97e0e67288aaaf85726ad855df71cb81406685c57c8e8c40cd8996aa0da,2d4591ca9cf7515f65cc89c5394e93d335e2840f,False,"{""VRP-EVRP-Project-Hub"": {""dirty"": false, ""path"": ""/Users/guoyiyang/Documents/GitHub/FURP-2026-Yiyang-GUO-EVRP-TW/reference/VRP-EVRP-Project-Hub"", ""revision"": ""e3a890065105f978187e532642c4442522215e02""}, ""py-ga-VRPTW"": {""dirty"": false, ""path"": ""/Users/guoyiyang/Documents/GitHub/FURP-2026-Yiyang-GUO-EVRP-TW/reference/py-ga-VRPTW"", ""revision"": ""8e005caaaf6471a4505588d88c7f0f5e0d4ebffa""}}",stage02.3_constraint_guided_attempt16 + stage02.3_constraint_guided_rerun09,,preserve;see stage03_legacy_path_map.csv
stage03.0,measurement,stage03.0_measurement_attempt02,attempt02,stage03.0_measurement_attempt02,stage03_measurement_smoke02,smoke,rc101_21,2014,"[""c101C5"", ""r105C5"", ""rc105C5"", ""c101_21"", ""r101_21"", ""rc101_21""]","[2014, 2015, 2016]",raw,legacy_with_manifest_error,results/stage03.0_measurement_attempt02/rc101_21/2014/stage03.0_measurement_attempt02_raw_rc101_21_2014.json,results/stage03-measurement_smoke02/raw/rc101_21-alns_stage02_constraint_guided-2014.json,feasible,raw manifest or sidecar is missing,not_verified,not_present,not_applicable,not_published,9190d4c78e050799ef303779cd90912771d38b9340a704a4cfc998c4773b9fff,computed,b7c35c0fc532250b4a971f0cff79ad90895029510fa77a5cf733f921dce701d2,50ed2d642f7e5ab1c495f9d43526dbc7ced2cb6e3521d8207719409066db928a,272a3e58d53d4ba9516f01506164cf8a9b98bfeeb8dbd1fd62f6557e4c98e3a1,c7b0455be0683879144d28d6ce714a11ed2df1e81ecf439e3213725d54ff4909,b226b97e0e67288aaaf85726ad855df71cb81406685c57c8e8c40cd8996aa0da,2d4591ca9cf7515f65cc89c5394e93d335e2840f,False,"{""VRP-EVRP-Project-Hub"": {""dirty"": false, ""path"": ""/Users/guoyiyang/Documents/GitHub/FURP-2026-Yiyang-GUO-EVRP-TW/reference/VRP-EVRP-Project-Hub"", ""revision"": ""e3a890065105f978187e532642c4442522215e02""}, ""py-ga-VRPTW"": {""dirty"": false, ""path"": ""/Users/guoyiyang/Documents/GitHub/FURP-2026-Yiyang-GUO-EVRP-TW/reference/py-ga-VRPTW"", ""revision"": ""8e005caaaf6471a4505588d88c7f0f5e0d4ebffa""}}",stage02.3_constraint_guided_attempt16 + stage02.3_constraint_guided_rerun09,,preserve;see stage03_legacy_path_map.csv
stage03.0,measurement,stage03.0_measurement_attempt02,attempt02,stage03.0_measurement_attempt02,stage03_measurement_smoke02,smoke,rc101_21,2015,"[""c101C5"", ""r105C5"", ""rc105C5"", ""c101_21"", ""r101_21"", ""rc101_21""]","[2014, 2015, 2016]",raw,legacy_with_manifest_error,results/stage03.0_measurement_attempt02/rc101_21/2015/stage03.0_measurement_attempt02_raw_rc101_21_2015.json,results/stage03-measurement_smoke02/raw/rc101_21-alns_stage02_constraint_guided-2015.json,feasible,raw manifest or sidecar is missing,not_verified,not_present,not_applicable,not_published,e9cb92786fe8856db47d23fc9fef612c3c3139c0589e823ab2a82d9e8feb15ad,computed,b7c35c0fc532250b4a971f0cff79ad90895029510fa77a5cf733f921dce701d2,50ed2d642f7e5ab1c495f9d43526dbc7ced2cb6e3521d8207719409066db928a,272a3e58d53d4ba9516f01506164cf8a9b98bfeeb8dbd1fd62f6557e4c98e3a1,9f86a1678e0b9506ce5aab36c8cb56ed696d120c5d2008dcb260e2d1c5a6137a,b226b97e0e67288aaaf85726ad855df71cb81406685c57c8e8c40cd8996aa0da,2d4591ca9cf7515f65cc89c5394e93d335e2840f,False,"{""VRP-EVRP-Project-Hub"": {""dirty"": false, ""path"": ""/Users/guoyiyang/Documents/GitHub/FURP-2026-Yiyang-GUO-EVRP-TW/reference/VRP-EVRP-Project-Hub"", ""revision"": ""e3a890065105f978187e532642c4442522215e02""}, ""py-ga-VRPTW"": {""dirty"": false, ""path"": ""/Users/guoyiyang/Documents/GitHub/FURP-2026-Yiyang-GUO-EVRP-TW/reference/py-ga-VRPTW"", ""revision"": ""8e005caaaf6471a4505588d88c7f0f5e0d4ebffa""}}",stage02.3_constraint_guided_attempt16 + stage02.3_constraint_guided_rerun09,,preserve;see stage03_legacy_path_map.csv
stage03.0,measurement,stage03.0_measurement_attempt02,attempt02,stage03.0_measurement_attempt02,stage03_measurement_smoke02,smoke,rc101_21,2016,"[""c101C5"", ""r105C5"", ""rc105C5"", ""c101_21"", ""r101_21"", ""rc101_21""]","[2014, 2015, 2016]",raw,legacy_with_manifest_error,results/stage03.0_measurement_attempt02/rc101_21/2016/stage03.0_measurement_attempt02_raw_rc101_21_2016.json,results/stage03-measurement_smoke02/raw/rc101_21-alns_stage02_constraint_guided-2016.json,feasible,raw manifest or sidecar is missing,not_verified,not_present,not_applicable,not_published,8e9701f2dde058cfe3a25ad91dc2a19f79dc81fbc473c79b7fb215a4ef7dfeaa,computed,b7c35c0fc532250b4a971f0cff79ad90895029510fa77a5cf733f921dce701d2,50ed2d642f7e5ab1c495f9d43526dbc7ced2cb6e3521d8207719409066db928a,272a3e58d53d4ba9516f01506164cf8a9b98bfeeb8dbd1fd62f6557e4c98e3a1,531a9f19289011e5f3008cb274804c795d3064e957b80bedf9a793e45e07fa0a,b226b97e0e67288aaaf85726ad855df71cb81406685c57c8e8c40cd8996aa0da,2d4591ca9cf7515f65cc89c5394e93d335e2840f,False,"{""VRP-EVRP-Project-Hub"": {""dirty"": false, ""path"": ""/Users/guoyiyang/Documents/GitHub/FURP-2026-Yiyang-GUO-EVRP-TW/reference/VRP-EVRP-Project-Hub"", ""revision"": ""e3a890065105f978187e532642c4442522215e02""}, ""py-ga-VRPTW"": {""dirty"": false, ""path"": ""/Users/guoyiyang/Documents/GitHub/FURP-2026-Yiyang-GUO-EVRP-TW/reference/py-ga-VRPTW"", ""revision"": ""8e005caaaf6471a4505588d88c7f0f5e0d4ebffa""}}",stage02.3_constraint_guided_attempt16 + stage02.3_constraint_guided_rerun09,,preserve;see stage03_legacy_path_map.csv
stage03.0,measurement,stage03.0_measurement_attempt02,attempt02,stage03.0_measurement_attempt02,stage03_measurement_smoke02,smoke,rc105C5,2014,"[""c101C5"", ""r105C5"", ""rc105C5"", ""c101_21"", ""r101_21"", ""rc101_21""]","[2014, 2015, 2016]",raw,legacy_with_manifest_error,results/stage03.0_measurement_attempt02/rc105C5/2014/stage03.0_measurement_attempt02_raw_rc105C5_2014.json,results/stage03-measurement_smoke02/raw/rc105C5-alns_stage02_constraint_guided-2014.json,feasible,raw manifest or sidecar is missing,not_verified,not_present,not_applicable,not_published,4926331228b01740de08eff39a3aa4dd16d3ebfb8ef9cae1f282bfa6d775b61a,computed,b7c35c0fc532250b4a971f0cff79ad90895029510fa77a5cf733f921dce701d2,50ed2d642f7e5ab1c495f9d43526dbc7ced2cb6e3521d8207719409066db928a,2ccfba6c447fa43a994934690acb67c7355ca04d232394907ed6938bc362c643,0e6e5fa540e1e45e3a36fb8b7faf91f0a5e8b8ad8ee00309117ac7053e522bcf,b226b97e0e67288aaaf85726ad855df71cb81406685c57c8e8c40cd8996aa0da,2d4591ca9cf7515f65cc89c5394e93d335e2840f,False,"{""VRP-EVRP-Project-Hub"": {""dirty"": false, ""path"": ""/Users/guoyiyang/Documents/GitHub/FURP-2026-Yiyang-GUO-EVRP-TW/reference/VRP-EVRP-Project-Hub"", ""revision"": ""e3a890065105f978187e532642c4442522215e02""}, ""py-ga-VRPTW"": {""dirty"": false, ""path"": ""/Users/guoyiyang/Documents/GitHub/FURP-2026-Yiyang-GUO-EVRP-TW/reference/py-ga-VRPTW"", ""revision"": ""8e005caaaf6471a4505588d88c7f0f5e0d4ebffa""}}",stage02.3_constraint_guided_attempt16 + stage02.3_constraint_guided_rerun09,,preserve;see stage03_legacy_path_map.csv
stage03.0,measurement,stage03.0_measurement_attempt02,attempt02,stage03.0_measurement_attempt02,stage03_measurement_smoke02,smoke,rc105C5,2015,"[""c101C5"", ""r105C5"", ""rc105C5"", ""c101_21"", ""r101_21"", ""rc101_21""]","[2014, 2015, 2016]",raw,legacy_with_manifest_error,results/stage03.0_measurement_attempt02/rc105C5/2015/stage03.0_measurement_attempt02_raw_rc105C5_2015.json,results/stage03-measurement_smoke02/raw/rc105C5-alns_stage02_constraint_guided-2015.json,feasible,raw manifest or sidecar is missing,not_verified,not_present,not_applicable,not_published,6524cf1e6a129eb326a87d4c41d1da8ae72c6be5d2ecfec621b1436fb9865576,computed,b7c35c0fc532250b4a971f0cff79ad90895029510fa77a5cf733f921dce701d2,50ed2d642f7e5ab1c495f9d43526dbc7ced2cb6e3521d8207719409066db928a,2ccfba6c447fa43a994934690acb67c7355ca04d232394907ed6938bc362c643,6f017807b2be97bdb58108a38e978ce2c2448ad3eb806dfc6ea0bb36254b6ce4,b226b97e0e67288aaaf85726ad855df71cb81406685c57c8e8c40cd8996aa0da,2d4591ca9cf7515f65cc89c5394e93d335e2840f,False,"{""VRP-EVRP-Project-Hub"": {""dirty"": false, ""path"": ""/Users/guoyiyang/Documents/GitHub/FURP-2026-Yiyang-GUO-EVRP-TW/reference/VRP-EVRP-Project-Hub"", ""revision"": ""e3a890065105f978187e532642c4442522215e02""}, ""py-ga-VRPTW"": {""dirty"": false, ""path"": ""/Users/guoyiyang/Documents/GitHub/FURP-2026-Yiyang-GUO-EVRP-TW/reference/py-ga-VRPTW"", ""revision"": ""8e005caaaf6471a4505588d88c7f0f5e0d4ebffa""}}",stage02.3_constraint_guided_attempt16 + stage02.3_constraint_guided_rerun09,,preserve;see stage03_legacy_path_map.csv
stage03.0,measurement,stage03.0_measurement_attempt02,attempt02,stage03.0_measurement_attempt02,stage03_measurement_smoke02,smoke,rc105C5,2016,"[""c101C5"", ""r105C5"", ""rc105C5"", ""c101_21"", ""r101_21"", ""rc101_21""]","[2014, 2015, 2016]",raw,legacy_with_manifest_error,results/stage03.0_measurement_attempt02/rc105C5/2016/stage03.0_measurement_attempt02_raw_rc105C5_2016.json,results/stage03-measurement_smoke02/raw/rc105C5-alns_stage02_constraint_guided-2016.json,feasible,raw manifest or sidecar is missing,not_verified,not_present,not_applicable,not_published,438238309f4216d1d008505f503b334bb27fc2c96d53b00471d858d83fabfa2b,computed,b7c35c0fc532250b4a971f0cff79ad90895029510fa77a5cf733f921dce701d2,50ed2d642f7e5ab1c495f9d43526dbc7ced2cb6e3521d8207719409066db928a,2ccfba6c447fa43a994934690acb67c7355ca04d232394907ed6938bc362c643,2e716c7123ba22a528b5baf3cc2175e3dc75a80364b60be524c309b66d199fb7,b226b97e0e67288aaaf85726ad855df71cb81406685c57c8e8c40cd8996aa0da,2d4591ca9cf7515f65cc89c5394e93d335e2840f,False,"{""VRP-EVRP-Project-Hub"": {""dirty"": false, ""path"": ""/Users/guoyiyang/Documents/GitHub/FURP-2026-Yiyang-GUO-EVRP-TW/reference/VRP-EVRP-Project-Hub"", ""revision"": ""e3a890065105f978187e532642c4442522215e02""}, ""py-ga-VRPTW"": {""dirty"": false, ""path"": ""/Users/guoyiyang/Documents/GitHub/FURP-2026-Yiyang-GUO-EVRP-TW/reference/py-ga-VRPTW"", ""revision"": ""8e005caaaf6471a4505588d88c7f0f5e0d4ebffa""}}",stage02.3_constraint_guided_attempt16 + stage02.3_constraint_guided_rerun09,,preserve;see stage03_legacy_path_map.csv
stage03.0,measurement,stage03.0_measurement_attempt02,attempt02,stage03.0_measurement_attempt02,stage03_measurement_smoke02,smoke,__all__,__all__,"[""c101C5"", ""r105C5"", ""rc105C5"", ""c101_21"", ""r101_21"", ""rc101_21""]","[2014, 2015, 2016]",raw_per_run_results,legacy_with_manifest_error,results/stage03.0_measurement_attempt02/all/all/stage03.0_measurement_attempt02_raw_per_run_results.csv,results/stage03-measurement_smoke02/raw_per_run_results.csv,feasible,raw manifest or sidecar is missing,not_verified,not_present,not_applicable,not_published,fe28512182bf4a1e1f6c3fc55f9981cb5352332637780be6ac6df35dadd92882,computed,b7c35c0fc532250b4a971f0cff79ad90895029510fa77a5cf733f921dce701d2,50ed2d642f7e5ab1c495f9d43526dbc7ced2cb6e3521d8207719409066db928a,,,b226b97e0e67288aaaf85726ad855df71cb81406685c57c8e8c40cd8996aa0da,2d4591ca9cf7515f65cc89c5394e93d335e2840f,False,"{""VRP-EVRP-Project-Hub"": {""dirty"": false, ""path"": ""/Users/guoyiyang/Documents/GitHub/FURP-2026-Yiyang-GUO-EVRP-TW/reference/VRP-EVRP-Project-Hub"", ""revision"": ""e3a890065105f978187e532642c4442522215e02""}, ""py-ga-VRPTW"": {""dirty"": false, ""path"": ""/Users/guoyiyang/Documents/GitHub/FURP-2026-Yiyang-GUO-EVRP-TW/reference/py-ga-VRPTW"", ""revision"": ""8e005caaaf6471a4505588d88c7f0f5e0d4ebffa""}}",stage02.3_constraint_guided_attempt16 + stage02.3_constraint_guided_rerun09,,preserve;see stage03_legacy_path_map.csv
stage03.0,measurement,stage03.0_measurement_attempt02,attempt02,stage03.0_measurement_attempt02,stage03_measurement_smoke02,smoke,__all__,__all__,"[""c101C5"", ""r105C5"", ""rc105C5"", ""c101_21"", ""r101_21"", ""rc101_21""]","[2014, 2015, 2016]",manifest_metadata,legacy_with_manifest_error,results/stage03.0_measurement_attempt02/control/stage03.0_measurement_attempt02_manifest_metadata.json,results/stage03-measurement_smoke02/run_metadata.json,feasible,raw manifest or sidecar is missing,not_verified,not_present,not_applicable,not_published,b83a1a497d65c4644bf2922d9290738b52300cb7cc90d265cd4d843f126b8cf9,computed,b7c35c0fc532250b4a971f0cff79ad90895029510fa77a5cf733f921dce701d2,50ed2d642f7e5ab1c495f9d43526dbc7ced2cb6e3521d8207719409066db928a,,,b226b97e0e67288aaaf85726ad855df71cb81406685c57c8e8c40cd8996aa0da,2d4591ca9cf7515f65cc89c5394e93d335e2840f,False,"{""VRP-EVRP-Project-Hub"": {""dirty"": false, ""path"": ""/Users/guoyiyang/Documents/GitHub/FURP-2026-Yiyang-GUO-EVRP-TW/reference/VRP-EVRP-Project-Hub"", ""revision"": ""e3a890065105f978187e532642c4442522215e02""}, ""py-ga-VRPTW"": {""dirty"": false, ""path"": ""/Users/guoyiyang/Documents/GitHub/FURP-2026-Yiyang-GUO-EVRP-TW/reference/py-ga-VRPTW"", ""revision"": ""8e005caaaf6471a4505588d88c7f0f5e0d4ebffa""}}",stage02.3_constraint_guided_attempt16 + stage02.3_constraint_guided_rerun09,,preserve;see stage03_legacy_path_map.csv
stage03.0,measurement,stage03.0_measurement_attempt02,attempt02,stage03.0_measurement_attempt02,stage03_measurement_smoke02,smoke,c101C5,2014,"[""c101C5"", ""r105C5"", ""rc105C5"", ""c101_21"", ""r101_21"", ""rc101_21""]","[2014, 2015, 2016]",solution,legacy_with_manifest_error,results/stage03.0_measurement_attempt02/c101C5/2014/stage03.0_measurement_attempt02_solution_c101C5_2014.json,results/stage03-measurement_smoke02/solutions/c101C5-alns_stage02_constraint_guided-2014.json,feasible,raw manifest or sidecar is missing,not_verified,not_present,not_applicable,not_published,9bc8fee0911b09e57f4c1760425edda3cc71aa25ca5ca403fe05e225b211d7d0,computed,b7c35c0fc532250b4a971f0cff79ad90895029510fa77a5cf733f921dce701d2,50ed2d642f7e5ab1c495f9d43526dbc7ced2cb6e3521d8207719409066db928a,8612d6d9aad051776097a5e50c7408f39352b8107b0639d58e5eda713f9ff876,ecbcc66bad0e9572222d32efa80d678ccb959b054fa8e53dfbebf6985db971be,b226b97e0e67288aaaf85726ad855df71cb81406685c57c8e8c40cd8996aa0da,2d4591ca9cf7515f65cc89c5394e93d335e2840f,False,"{""VRP-EVRP-Project-Hub"": {""dirty"": false, ""path"": ""/Users/guoyiyang/Documents/GitHub/FURP-2026-Yiyang-GUO-EVRP-TW/reference/VRP-EVRP-Project-Hub"", ""revision"": ""e3a890065105f978187e532642c4442522215e02""}, ""py-ga-VRPTW"": {""dirty"": false, ""path"": ""/Users/guoyiyang/Documents/GitHub/FURP-2026-Yiyang-GUO-EVRP-TW/reference/py-ga-VRPTW"", ""revision"": ""8e005caaaf6471a4505588d88c7f0f5e0d4ebffa""}}",stage02.3_constraint_guided_attempt16 + stage02.3_constraint_guided_rerun09,,preserve;see stage03_legacy_path_map.csv
stage03.0,measurement,stage03.0_measurement_attempt02,attempt02,stage03.0_measurement_attempt02,stage03_measurement_smoke02,smoke,c101C5,2015,"[""c101C5"", ""r105C5"", ""rc105C5"", ""c101_21"", ""r101_21"", ""rc101_21""]","[2014, 2015, 2016]",solution,legacy_with_manifest_error,results/stage03.0_measurement_attempt02/c101C5/2015/stage03.0_measurement_attempt02_solution_c101C5_2015.json,results/stage03-measurement_smoke02/solutions/c101C5-alns_stage02_constraint_guided-2015.json,feasible,raw manifest or sidecar is missing,not_verified,not_present,not_applicable,not_published,b1855d6e454679257dcdf716439c863951f9a787db170ef0e33534d15ccfb467,computed,b7c35c0fc532250b4a971f0cff79ad90895029510fa77a5cf733f921dce701d2,50ed2d642f7e5ab1c495f9d43526dbc7ced2cb6e3521d8207719409066db928a,8612d6d9aad051776097a5e50c7408f39352b8107b0639d58e5eda713f9ff876,9729fde213b9203c47f6dfa71b900aed36c5ed5de546d37316da94400e03c647,b226b97e0e67288aaaf85726ad855df71cb81406685c57c8e8c40cd8996aa0da,2d4591ca9cf7515f65cc89c5394e93d335e2840f,False,"{""VRP-EVRP-Project-Hub"": {""dirty"": false, ""path"": ""/Users/guoyiyang/Documents/GitHub/FURP-2026-Yiyang-GUO-EVRP-TW/reference/VRP-EVRP-Project-Hub"", ""revision"": ""e3a890065105f978187e532642c4442522215e02""}, ""py-ga-VRPTW"": {""dirty"": false, ""path"": ""/Users/guoyiyang/Documents/GitHub/FURP-2026-Yiyang-GUO-EVRP-TW/reference/py-ga-VRPTW"", ""revision"": ""8e005caaaf6471a4505588d88c7f0f5e0d4ebffa""}}",stage02.3_constraint_guided_attempt16 + stage02.3_constraint_guided_rerun09,,preserve;see stage03_legacy_path_map.csv
stage03.0,measurement,stage03.0_measurement_attempt02,attempt02,stage03.0_measurement_attempt02,stage03_measurement_smoke02,smoke,c101C5,2016,"[""c101C5"", ""r105C5"", ""rc105C5"", ""c101_21"", ""r101_21"", ""rc101_21""]","[2014, 2015, 2016]",solution,legacy_with_manifest_error,results/stage03.0_measurement_attempt02/c101C5/2016/stage03.0_measurement_attempt02_solution_c101C5_2016.json,results/stage03-measurement_smoke02/solutions/c101C5-alns_stage02_constraint_guided-2016.json,feasible,raw manifest or sidecar is missing,not_verified,not_present,not_applicable,not_published,f51c31019783882711b0321089a25ed837ee0dcece584f9264c1fe160ea9f5b1,computed,b7c35c0fc532250b4a971f0cff79ad90895029510fa77a5cf733f921dce701d2,50ed2d642f7e5ab1c495f9d43526dbc7ced2cb6e3521d8207719409066db928a,8612d6d9aad051776097a5e50c7408f39352b8107b0639d58e5eda713f9ff876,22089186bff477223b3aef6b771bdd081b18aecfcf6436b1401545c8759a71af,b226b97e0e67288aaaf85726ad855df71cb81406685c57c8e8c40cd8996aa0da,2d4591ca9cf7515f65cc89c5394e93d335e2840f,False,"{""VRP-EVRP-Project-Hub"": {""dirty"": false, ""path"": ""/Users/guoyiyang/Documents/GitHub/FURP-2026-Yiyang-GUO-EVRP-TW/reference/VRP-EVRP-Project-Hub"", ""revision"": ""e3a890065105f978187e532642c4442522215e02""}, ""py-ga-VRPTW"": {""dirty"": false, ""path"": ""/Users/guoyiyang/Documents/GitHub/FURP-2026-Yiyang-GUO-EVRP-TW/reference/py-ga-VRPTW"", ""revision"": ""8e005caaaf6471a4505588d88c7f0f5e0d4ebffa""}}",stage02.3_constraint_guided_attempt16 + stage02.3_constraint_guided_rerun09,,preserve;see stage03_legacy_path_map.csv
stage03.0,measurement,stage03.0_measurement_attempt02,attempt02,stage03.0_measurement_attempt02,stage03_measurement_smoke02,smoke,c101_21,2014,"[""c101C5"", ""r105C5"", ""rc105C5"", ""c101_21"", ""r101_21"", ""rc101_21""]","[2014, 2015, 2016]",solution,legacy_with_manifest_error,results/stage03.0_measurement_attempt02/c101_21/2014/stage03.0_measurement_attempt02_solution_c101_21_2014.json,results/stage03-measurement_smoke02/solutions/c101_21-alns_stage02_constraint_guided-2014.json,feasible,raw manifest or sidecar is missing,not_verified,not_present,not_applicable,not_published,bfbebb5e3fba341e978d9498dc7826048950b3d058fa159e702be9e1832347c4,computed,b7c35c0fc532250b4a971f0cff79ad90895029510fa77a5cf733f921dce701d2,50ed2d642f7e5ab1c495f9d43526dbc7ced2cb6e3521d8207719409066db928a,c5cda6ca63a7d518902cf4b02d98b4aa0f373aaa0658d5c666d1c46d38871cb9,8f249087045d5fa8f4cbcd57fd78e5240caff2797a2cb3c8b301faf99ee52ea6,b226b97e0e67288aaaf85726ad855df71cb81406685c57c8e8c40cd8996aa0da,2d4591ca9cf7515f65cc89c5394e93d335e2840f,False,"{""VRP-EVRP-Project-Hub"": {""dirty"": false, ""path"": ""/Users/guoyiyang/Documents/GitHub/FURP-2026-Yiyang-GUO-EVRP-TW/reference/VRP-EVRP-Project-Hub"", ""revision"": ""e3a890065105f978187e532642c4442522215e02""}, ""py-ga-VRPTW"": {""dirty"": false, ""path"": ""/Users/guoyiyang/Documents/GitHub/FURP-2026-Yiyang-GUO-EVRP-TW/reference/py-ga-VRPTW"", ""revision"": ""8e005caaaf6471a4505588d88c7f0f5e0d4ebffa""}}",stage02.3_constraint_guided_attempt16 + stage02.3_constraint_guided_rerun09,,preserve;see stage03_legacy_path_map.csv
stage03.0,measurement,stage03.0_measurement_attempt02,attempt02,stage03.0_measurement_attempt02,stage03_measurement_smoke02,smoke,c101_21,2015,"[""c101C5"", ""r105C5"", ""rc105C5"", ""c101_21"", ""r101_21"", ""rc101_21""]","[2014, 2015, 2016]",solution,legacy_with_manifest_error,results/stage03.0_measurement_attempt02/c101_21/2015/stage03.0_measurement_attempt02_solution_c101_21_2015.json,results/stage03-measurement_smoke02/solutions/c101_21-alns_stage02_constraint_guided-2015.json,feasible,raw manifest or sidecar is missing,not_verified,not_present,not_applicable,not_published,89c49bdd2e8cc8070049c67b15872e39f34bb34e4b34893b07ab8d2d6b213208,computed,b7c35c0fc532250b4a971f0cff79ad90895029510fa77a5cf733f921dce701d2,50ed2d642f7e5ab1c495f9d43526dbc7ced2cb6e3521d8207719409066db928a,c5cda6ca63a7d518902cf4b02d98b4aa0f373aaa0658d5c666d1c46d38871cb9,35276e9fb5f7a5289540c111538f825130f81d7a28a71f7cd050760973e93e86,b226b97e0e67288aaaf85726ad855df71cb81406685c57c8e8c40cd8996aa0da,2d4591ca9cf7515f65cc89c5394e93d335e2840f,False,"{""VRP-EVRP-Project-Hub"": {""dirty"": false, ""path"": ""/Users/guoyiyang/Documents/GitHub/FURP-2026-Yiyang-GUO-EVRP-TW/reference/VRP-EVRP-Project-Hub"", ""revision"": ""e3a890065105f978187e532642c4442522215e02""}, ""py-ga-VRPTW"": {""dirty"": false, ""path"": ""/Users/guoyiyang/Documents/GitHub/FURP-2026-Yiyang-GUO-EVRP-TW/reference/py-ga-VRPTW"", ""revision"": ""8e005caaaf6471a4505588d88c7f0f5e0d4ebffa""}}",stage02.3_constraint_guided_attempt16 + stage02.3_constraint_guided_rerun09,,preserve;see stage03_legacy_path_map.csv
stage03.0,measurement,stage03.0_measurement_attempt02,attempt02,stage03.0_measurement_attempt02,stage03_measurement_smoke02,smoke,c101_21,2016,"[""c101C5"", ""r105C5"", ""rc105C5"", ""c101_21"", ""r101_21"", ""rc101_21""]","[2014, 2015, 2016]",solution,legacy_with_manifest_error,results/stage03.0_measurement_attempt02/c101_21/2016/stage03.0_measurement_attempt02_solution_c101_21_2016.json,results/stage03-measurement_smoke02/solutions/c101_21-alns_stage02_constraint_guided-2016.json,feasible,raw manifest or sidecar is missing,not_verified,not_present,not_applicable,not_published,bb81a5428e7df7d06b4651d35ec399223c9a5b9d76dafb3577158755a4b13a55,computed,b7c35c0fc532250b4a971f0cff79ad90895029510fa77a5cf733f921dce701d2,50ed2d642f7e5ab1c495f9d43526dbc7ced2cb6e3521d8207719409066db928a,c5cda6ca63a7d518902cf4b02d98b4aa0f373aaa0658d5c666d1c46d38871cb9,3d85999c57c29feeef0b874c51f9cb5c596c448fc3f85191e7cfda12bcdffe7a,b226b97e0e67288aaaf85726ad855df71cb81406685c57c8e8c40cd8996aa0da,2d4591ca9cf7515f65cc89c5394e93d335e2840f,False,"{""VRP-EVRP-Project-Hub"": {""dirty"": false, ""path"": ""/Users/guoyiyang/Documents/GitHub/FURP-2026-Yiyang-GUO-EVRP-TW/reference/VRP-EVRP-Project-Hub"", ""revision"": ""e3a890065105f978187e532642c4442522215e02""}, ""py-ga-VRPTW"": {""dirty"": false, ""path"": ""/Users/guoyiyang/Documents/GitHub/FURP-2026-Yiyang-GUO-EVRP-TW/reference/py-ga-VRPTW"", ""revision"": ""8e005caaaf6471a4505588d88c7f0f5e0d4ebffa""}}",stage02.3_constraint_guided_attempt16 + stage02.3_constraint_guided_rerun09,,preserve;see stage03_legacy_path_map.csv
stage03.0,measurement,stage03.0_measurement_attempt02,attempt02,stage03.0_measurement_attempt02,stage03_measurement_smoke02,smoke,r101_21,2014,"[""c101C5"", ""r105C5"", ""rc105C5"", ""c101_21"", ""r101_21"", ""rc101_21""]","[2014, 2015, 2016]",solution,legacy_with_manifest_error,results/stage03.0_measurement_attempt02/r101_21/2014/stage03.0_measurement_attempt02_solution_r101_21_2014.json,results/stage03-measurement_smoke02/solutions/r101_21-alns_stage02_constraint_guided-2014.json,feasible,raw manifest or sidecar is missing,not_verified,not_present,not_applicable,not_published,66a7376d256d974ec8840b3b6695b5b54e0f7e4f690d384332bdc6ecab36db2e,computed,b7c35c0fc532250b4a971f0cff79ad90895029510fa77a5cf733f921dce701d2,50ed2d642f7e5ab1c495f9d43526dbc7ced2cb6e3521d8207719409066db928a,0e5a3dffffbd3c516b528ef32ba1a488b817d2f151fc3e8c81023814de1c103a,8338e96bd3644fb28824346aac966f858d1ff921dac66a5c77a3d3fcecf01537,b226b97e0e67288aaaf85726ad855df71cb81406685c57c8e8c40cd8996aa0da,2d4591ca9cf7515f65cc89c5394e93d335e2840f,False,"{""VRP-EVRP-Project-Hub"": {""dirty"": false, ""path"": ""/Users/guoyiyang/Documents/GitHub/FURP-2026-Yiyang-GUO-EVRP-TW/reference/VRP-EVRP-Project-Hub"", ""revision"": ""e3a890065105f978187e532642c4442522215e02""}, ""py-ga-VRPTW"": {""dirty"": false, ""path"": ""/Users/guoyiyang/Documents/GitHub/FURP-2026-Yiyang-GUO-EVRP-TW/reference/py-ga-VRPTW"", ""revision"": ""8e005caaaf6471a4505588d88c7f0f5e0d4ebffa""}}",stage02.3_constraint_guided_attempt16 + stage02.3_constraint_guided_rerun09,,preserve;see stage03_legacy_path_map.csv
stage03.0,measurement,stage03.0_measurement_attempt02,attempt02,stage03.0_measurement_attempt02,stage03_measurement_smoke02,smoke,r101_21,2015,"[""c101C5"", ""r105C5"", ""rc105C5"", ""c101_21"", ""r101_21"", ""rc101_21""]","[2014, 2015, 2016]",solution,legacy_with_manifest_error,results/stage03.0_measurement_attempt02/r101_21/2015/stage03.0_measurement_attempt02_solution_r101_21_2015.json,results/stage03-measurement_smoke02/solutions/r101_21-alns_stage02_constraint_guided-2015.json,feasible,raw manifest or sidecar is missing,not_verified,not_present,not_applicable,not_published,012a3a681c55bb71f849ac74d36c328677aab20e7289e358fa4a0cf5ee1054ae,computed,b7c35c0fc532250b4a971f0cff79ad90895029510fa77a5cf733f921dce701d2,50ed2d642f7e5ab1c495f9d43526dbc7ced2cb6e3521d8207719409066db928a,0e5a3dffffbd3c516b528ef32ba1a488b817d2f151fc3e8c81023814de1c103a,fe1a36ce049964222f9177bf051b70adcc97ebd390aab36c208fb6e9bd193204,b226b97e0e67288aaaf85726ad855df71cb81406685c57c8e8c40cd8996aa0da,2d4591ca9cf7515f65cc89c5394e93d335e2840f,False,"{""VRP-EVRP-Project-Hub"": {""dirty"": false, ""path"": ""/Users/guoyiyang/Documents/GitHub/FURP-2026-Yiyang-GUO-EVRP-TW/reference/VRP-EVRP-Project-Hub"", ""revision"": ""e3a890065105f978187e532642c4442522215e02""}, ""py-ga-VRPTW"": {""dirty"": false, ""path"": ""/Users/guoyiyang/Documents/GitHub/FURP-2026-Yiyang-GUO-EVRP-TW/reference/py-ga-VRPTW"", ""revision"": ""8e005caaaf6471a4505588d88c7f0f5e0d4ebffa""}}",stage02.3_constraint_guided_attempt16 + stage02.3_constraint_guided_rerun09,,preserve;see stage03_legacy_path_map.csv
stage03.0,measurement,stage03.0_measurement_attempt02,attempt02,stage03.0_measurement_attempt02,stage03_measurement_smoke02,smoke,r101_21,2016,"[""c101C5"", ""r105C5"", ""rc105C5"", ""c101_21"", ""r101_21"", ""rc101_21""]","[2014, 2015, 2016]",solution,legacy_with_manifest_error,results/stage03.0_measurement_attempt02/r101_21/2016/stage03.0_measurement_attempt02_solution_r101_21_2016.json,results/stage03-measurement_smoke02/solutions/r101_21-alns_stage02_constraint_guided-2016.json,feasible,raw manifest or sidecar is missing,not_verified,not_present,not_applicable,not_published,0d7654fffa035a8695c6ffeece353ee6cae3252e72cc16b91d8ede8f6b552f92,computed,b7c35c0fc532250b4a971f0cff79ad90895029510fa77a5cf733f921dce701d2,50ed2d642f7e5ab1c495f9d43526dbc7ced2cb6e3521d8207719409066db928a,0e5a3dffffbd3c516b528ef32ba1a488b817d2f151fc3e8c81023814de1c103a,77e77a6dfa8f2762a34aadf14de2635b8a3c14ad79f7e5c53e7d5562bd1fac6c,b226b97e0e67288aaaf85726ad855df71cb81406685c57c8e8c40cd8996aa0da,2d4591ca9cf7515f65cc89c5394e93d335e2840f,False,"{""VRP-EVRP-Project-Hub"": {""dirty"": false, ""path"": ""/Users/guoyiyang/Documents/GitHub/FURP-2026-Yiyang-GUO-EVRP-TW/reference/VRP-EVRP-Project-Hub"", ""revision"": ""e3a890065105f978187e532642c4442522215e02""}, ""py-ga-VRPTW"": {""dirty"": false, ""path"": ""/Users/guoyiyang/Documents/GitHub/FURP-2026-Yiyang-GUO-EVRP-TW/reference/py-ga-VRPTW"", ""revision"": ""8e005caaaf6471a4505588d88c7f0f5e0d4ebffa""}}",stage02.3_constraint_guided_attempt16 + stage02.3_constraint_guided_rerun09,,preserve;see stage03_legacy_path_map.csv
stage03.0,measurement,stage03.0_measurement_attempt02,attempt02,stage03.0_measurement_attempt02,stage03_measurement_smoke02,smoke,r105C5,2014,"[""c101C5"", ""r105C5"", ""rc105C5"", ""c101_21"", ""r101_21"", ""rc101_21""]","[2014, 2015, 2016]",solution,legacy_with_manifest_error,results/stage03.0_measurement_attempt02/r105C5/2014/stage03.0_measurement_attempt02_solution_r105C5_2014.json,results/stage03-measurement_smoke02/solutions/r105C5-alns_stage02_constraint_guided-2014.json,feasible,raw manifest or sidecar is missing,not_verified,not_present,not_applicable,not_published,37f614411458fbc7802b1db8344ab4be5ef9dc9767d4851e1d3b65f343139676,computed,b7c35c0fc532250b4a971f0cff79ad90895029510fa77a5cf733f921dce701d2,50ed2d642f7e5ab1c495f9d43526dbc7ced2cb6e3521d8207719409066db928a,eb27ec04e799ee6d39dee3d66f15128e197811afa8c664295acbdf6444176434,e493c1d452df86e4b6ba8673e3a82caa56d64fd61009b3c0d7b341083eb2b666,b226b97e0e67288aaaf85726ad855df71cb81406685c57c8e8c40cd8996aa0da,2d4591ca9cf7515f65cc89c5394e93d335e2840f,False,"{""VRP-EVRP-Project-Hub"": {""dirty"": false, ""path"": ""/Users/guoyiyang/Documents/GitHub/FURP-2026-Yiyang-GUO-EVRP-TW/reference/VRP-EVRP-Project-Hub"", ""revision"": ""e3a890065105f978187e532642c4442522215e02""}, ""py-ga-VRPTW"": {""dirty"": false, ""path"": ""/Users/guoyiyang/Documents/GitHub/FURP-2026-Yiyang-GUO-EVRP-TW/reference/py-ga-VRPTW"", ""revision"": ""8e005caaaf6471a4505588d88c7f0f5e0d4ebffa""}}",stage02.3_constraint_guided_attempt16 + stage02.3_constraint_guided_rerun09,,preserve;see stage03_legacy_path_map.csv
stage03.0,measurement,stage03.0_measurement_attempt02,attempt02,stage03.0_measurement_attempt02,stage03_measurement_smoke02,smoke,r105C5,2015,"[""c101C5"", ""r105C5"", ""rc105C5"", ""c101_21"", ""r101_21"", ""rc101_21""]","[2014, 2015, 2016]",solution,legacy_with_manifest_error,results/stage03.0_measurement_attempt02/r105C5/2015/stage03.0_measurement_attempt02_solution_r105C5_2015.json,results/stage03-measurement_smoke02/solutions/r105C5-alns_stage02_constraint_guided-2015.json,feasible,raw manifest or sidecar is missing,not_verified,not_present,not_applicable,not_published,5986d9d10e21f0dc93293751bd7d938a3769de674f21974964409251ce7e32ce,computed,b7c35c0fc532250b4a971f0cff79ad90895029510fa77a5cf733f921dce701d2,50ed2d642f7e5ab1c495f9d43526dbc7ced2cb6e3521d8207719409066db928a,eb27ec04e799ee6d39dee3d66f15128e197811afa8c664295acbdf6444176434,2a17c5e1005627eb65fcd591df36885bb15a45fb1b9278478d09d59733a5000c,b226b97e0e67288aaaf85726ad855df71cb81406685c57c8e8c40cd8996aa0da,2d4591ca9cf7515f65cc89c5394e93d335e2840f,False,"{""VRP-EVRP-Project-Hub"": {""dirty"": false, ""path"": ""/Users/guoyiyang/Documents/GitHub/FURP-2026-Yiyang-GUO-EVRP-TW/reference/VRP-EVRP-Project-Hub"", ""revision"": ""e3a890065105f978187e532642c4442522215e02""}, ""py-ga-VRPTW"": {""dirty"": false, ""path"": ""/Users/guoyiyang/Documents/GitHub/FURP-2026-Yiyang-GUO-EVRP-TW/reference/py-ga-VRPTW"", ""revision"": ""8e005caaaf6471a4505588d88c7f0f5e0d4ebffa""}}",stage02.3_constraint_guided_attempt16 + stage02.3_constraint_guided_rerun09,,preserve;see stage03_legacy_path_map.csv
stage03.0,measurement,stage03.0_measurement_attempt02,attempt02,stage03.0_measurement_attempt02,stage03_measurement_smoke02,smoke,r105C5,2016,"[""c101C5"", ""r105C5"", ""rc105C5"", ""c101_21"", ""r101_21"", ""rc101_21""]","[2014, 2015, 2016]",solution,legacy_with_manifest_error,results/stage03.0_measurement_attempt02/r105C5/2016/stage03.0_measurement_attempt02_solution_r105C5_2016.json,results/stage03-measurement_smoke02/solutions/r105C5-alns_stage02_constraint_guided-2016.json,feasible,raw manifest or sidecar is missing,not_verified,not_present,not_applicable,not_published,06501df94705311d988665f4a9a554aae7cbca6fdb7e497d6fd0161f382f29ab,computed,b7c35c0fc532250b4a971f0cff79ad90895029510fa77a5cf733f921dce701d2,50ed2d642f7e5ab1c495f9d43526dbc7ced2cb6e3521d8207719409066db928a,eb27ec04e799ee6d39dee3d66f15128e197811afa8c664295acbdf6444176434,08cbb1aece5ecc1281cf6629692b06b679edcfc70f3c056b5b0e875f5eb10a84,b226b97e0e67288aaaf85726ad855df71cb81406685c57c8e8c40cd8996aa0da,2d4591ca9cf7515f65cc89c5394e93d335e2840f,False,"{""VRP-EVRP-Project-Hub"": {""dirty"": false, ""path"": ""/Users/guoyiyang/Documents/GitHub/FURP-2026-Yiyang-GUO-EVRP-TW/reference/VRP-EVRP-Project-Hub"", ""revision"": ""e3a890065105f978187e532642c4442522215e02""}, ""py-ga-VRPTW"": {""dirty"": false, ""path"": ""/Users/guoyiyang/Documents/GitHub/FURP-2026-Yiyang-GUO-EVRP-TW/reference/py-ga-VRPTW"", ""revision"": ""8e005caaaf6471a4505588d88c7f0f5e0d4ebffa""}}",stage02.3_constraint_guided_attempt16 + stage02.3_constraint_guided_rerun09,,preserve;see stage03_legacy_path_map.csv
stage03.0,measurement,stage03.0_measurement_attempt02,attempt02,stage03.0_measurement_attempt02,stage03_measurement_smoke02,smoke,rc101_21,2014,"[""c101C5"", ""r105C5"", ""rc105C5"", ""c101_21"", ""r101_21"", ""rc101_21""]","[2014, 2015, 2016]",solution,legacy_with_manifest_error,results/stage03.0_measurement_attempt02/rc101_21/2014/stage03.0_measurement_attempt02_solution_rc101_21_2014.json,results/stage03-measurement_smoke02/solutions/rc101_21-alns_stage02_constraint_guided-2014.json,feasible,raw manifest or sidecar is missing,not_verified,not_present,not_applicable,not_published,24e23841fe26272ebd13c415c48beb417b4cf583f6a95683d18607c23d795d82,computed,b7c35c0fc532250b4a971f0cff79ad90895029510fa77a5cf733f921dce701d2,50ed2d642f7e5ab1c495f9d43526dbc7ced2cb6e3521d8207719409066db928a,272a3e58d53d4ba9516f01506164cf8a9b98bfeeb8dbd1fd62f6557e4c98e3a1,c7b0455be0683879144d28d6ce714a11ed2df1e81ecf439e3213725d54ff4909,b226b97e0e67288aaaf85726ad855df71cb81406685c57c8e8c40cd8996aa0da,2d4591ca9cf7515f65cc89c5394e93d335e2840f,False,"{""VRP-EVRP-Project-Hub"": {""dirty"": false, ""path"": ""/Users/guoyiyang/Documents/GitHub/FURP-2026-Yiyang-GUO-EVRP-TW/reference/VRP-EVRP-Project-Hub"", ""revision"": ""e3a890065105f978187e532642c4442522215e02""}, ""py-ga-VRPTW"": {""dirty"": false, ""path"": ""/Users/guoyiyang/Documents/GitHub/FURP-2026-Yiyang-GUO-EVRP-TW/reference/py-ga-VRPTW"", ""revision"": ""8e005caaaf6471a4505588d88c7f0f5e0d4ebffa""}}",stage02.3_constraint_guided_attempt16 + stage02.3_constraint_guided_rerun09,,preserve;see stage03_legacy_path_map.csv
stage03.0,measurement,stage03.0_measurement_attempt02,attempt02,stage03.0_measurement_attempt02,stage03_measurement_smoke02,smoke,rc101_21,2015,"[""c101C5"", ""r105C5"", ""rc105C5"", ""c101_21"", ""r101_21"", ""rc101_21""]","[2014, 2015, 2016]",solution,legacy_with_manifest_error,results/stage03.0_measurement_attempt02/rc101_21/2015/stage03.0_measurement_attempt02_solution_rc101_21_2015.json,results/stage03-measurement_smoke02/solutions/rc101_21-alns_stage02_constraint_guided-2015.json,feasible,raw manifest or sidecar is missing,not_verified,not_present,not_applicable,not_published,d223c40f4bdc4e08586e6e059af0d6bdc8a5852210b3e34a37236175d5699cd6,computed,b7c35c0fc532250b4a971f0cff79ad90895029510fa77a5cf733f921dce701d2,50ed2d642f7e5ab1c495f9d43526dbc7ced2cb6e3521d8207719409066db928a,272a3e58d53d4ba9516f01506164cf8a9b98bfeeb8dbd1fd62f6557e4c98e3a1,9f86a1678e0b9506ce5aab36c8cb56ed696d120c5d2008dcb260e2d1c5a6137a,b226b97e0e67288aaaf85726ad855df71cb81406685c57c8e8c40cd8996aa0da,2d4591ca9cf7515f65cc89c5394e93d335e2840f,False,"{""VRP-EVRP-Project-Hub"": {""dirty"": false, ""path"": ""/Users/guoyiyang/Documents/GitHub/FURP-2026-Yiyang-GUO-EVRP-TW/reference/VRP-EVRP-Project-Hub"", ""revision"": ""e3a890065105f978187e532642c4442522215e02""}, ""py-ga-VRPTW"": {""dirty"": false, ""path"": ""/Users/guoyiyang/Documents/GitHub/FURP-2026-Yiyang-GUO-EVRP-TW/reference/py-ga-VRPTW"", ""revision"": ""8e005caaaf6471a4505588d88c7f0f5e0d4ebffa""}}",stage02.3_constraint_guided_attempt16 + stage02.3_constraint_guided_rerun09,,preserve;see stage03_legacy_path_map.csv
stage03.0,measurement,stage03.0_measurement_attempt02,attempt02,stage03.0_measurement_attempt02,stage03_measurement_smoke02,smoke,rc101_21,2016,"[""c101C5"", ""r105C5"", ""rc105C5"", ""c101_21"", ""r101_21"", ""rc101_21""]","[2014, 2015, 2016]",solution,legacy_with_manifest_error,results/stage03.0_measurement_attempt02/rc101_21/2016/stage03.0_measurement_attempt02_solution_rc101_21_2016.json,results/stage03-measurement_smoke02/solutions/rc101_21-alns_stage02_constraint_guided-2016.json,feasible,raw manifest or sidecar is missing,not_verified,not_present,not_applicable,not_published,72d3923e46f78ea558d98bacbdcbaf2bcf70b87404dd55c82415746744b86df8,computed,b7c35c0fc532250b4a971f0cff79ad90895029510fa77a5cf733f921dce701d2,50ed2d642f7e5ab1c495f9d43526dbc7ced2cb6e3521d8207719409066db928a,272a3e58d53d4ba9516f01506164cf8a9b98bfeeb8dbd1fd62f6557e4c98e3a1,531a9f19289011e5f3008cb274804c795d3064e957b80bedf9a793e45e07fa0a,b226b97e0e67288aaaf85726ad855df71cb81406685c57c8e8c40cd8996aa0da,2d4591ca9cf7515f65cc89c5394e93d335e2840f,False,"{""VRP-EVRP-Project-Hub"": {""dirty"": false, ""path"": ""/Users/guoyiyang/Documents/GitHub/FURP-2026-Yiyang-GUO-EVRP-TW/reference/VRP-EVRP-Project-Hub"", ""revision"": ""e3a890065105f978187e532642c4442522215e02""}, ""py-ga-VRPTW"": {""dirty"": false, ""path"": ""/Users/guoyiyang/Documents/GitHub/FURP-2026-Yiyang-GUO-EVRP-TW/reference/py-ga-VRPTW"", ""revision"": ""8e005caaaf6471a4505588d88c7f0f5e0d4ebffa""}}",stage02.3_constraint_guided_attempt16 + stage02.3_constraint_guided_rerun09,,preserve;see stage03_legacy_path_map.csv
stage03.0,measurement,stage03.0_measurement_attempt02,attempt02,stage03.0_measurement_attempt02,stage03_measurement_smoke02,smoke,rc105C5,2014,"[""c101C5"", ""r105C5"", ""rc105C5"", ""c101_21"", ""r101_21"", ""rc101_21""]","[2014, 2015, 2016]",solution,legacy_with_manifest_error,results/stage03.0_measurement_attempt02/rc105C5/2014/stage03.0_measurement_attempt02_solution_rc105C5_2014.json,results/stage03-measurement_smoke02/solutions/rc105C5-alns_stage02_constraint_guided-2014.json,feasible,raw manifest or sidecar is missing,not_verified,not_present,not_applicable,not_published,707124f4dc787ca88f5388fa3b1cdac327b82829474633871b32b34f00b4026e,computed,b7c35c0fc532250b4a971f0cff79ad90895029510fa77a5cf733f921dce701d2,50ed2d642f7e5ab1c495f9d43526dbc7ced2cb6e3521d8207719409066db928a,2ccfba6c447fa43a994934690acb67c7355ca04d232394907ed6938bc362c643,0e6e5fa540e1e45e3a36fb8b7faf91f0a5e8b8ad8ee00309117ac7053e522bcf,b226b97e0e67288aaaf85726ad855df71cb81406685c57c8e8c40cd8996aa0da,2d4591ca9cf7515f65cc89c5394e93d335e2840f,False,"{""VRP-EVRP-Project-Hub"": {""dirty"": false, ""path"": ""/Users/guoyiyang/Documents/GitHub/FURP-2026-Yiyang-GUO-EVRP-TW/reference/VRP-EVRP-Project-Hub"", ""revision"": ""e3a890065105f978187e532642c4442522215e02""}, ""py-ga-VRPTW"": {""dirty"": false, ""path"": ""/Users/guoyiyang/Documents/GitHub/FURP-2026-Yiyang-GUO-EVRP-TW/reference/py-ga-VRPTW"", ""revision"": ""8e005caaaf6471a4505588d88c7f0f5e0d4ebffa""}}",stage02.3_constraint_guided_attempt16 + stage02.3_constraint_guided_rerun09,,preserve;see stage03_legacy_path_map.csv
stage03.0,measurement,stage03.0_measurement_attempt02,attempt02,stage03.0_measurement_attempt02,stage03_measurement_smoke02,smoke,rc105C5,2015,"[""c101C5"", ""r105C5"", ""rc105C5"", ""c101_21"", ""r101_21"", ""rc101_21""]","[2014, 2015, 2016]",solution,legacy_with_manifest_error,results/stage03.0_measurement_attempt02/rc105C5/2015/stage03.0_measurement_attempt02_solution_rc105C5_2015.json,results/stage03-measurement_smoke02/solutions/rc105C5-alns_stage02_constraint_guided-2015.json,feasible,raw manifest or sidecar is missing,not_verified,not_present,not_applicable,not_published,39653ab2e3da8a9d3aa50c89421d36a09ff96d491401b99036322816394b5b54,computed,b7c35c0fc532250b4a971f0cff79ad90895029510fa77a5cf733f921dce701d2,50ed2d642f7e5ab1c495f9d43526dbc7ced2cb6e3521d8207719409066db928a,2ccfba6c447fa43a994934690acb67c7355ca04d232394907ed6938bc362c643,6f017807b2be97bdb58108a38e978ce2c2448ad3eb806dfc6ea0bb36254b6ce4,b226b97e0e67288aaaf85726ad855df71cb81406685c57c8e8c40cd8996aa0da,2d4591ca9cf7515f65cc89c5394e93d335e2840f,False,"{""VRP-EVRP-Project-Hub"": {""dirty"": false, ""path"": ""/Users/guoyiyang/Documents/GitHub/FURP-2026-Yiyang-GUO-EVRP-TW/reference/VRP-EVRP-Project-Hub"", ""revision"": ""e3a890065105f978187e532642c4442522215e02""}, ""py-ga-VRPTW"": {""dirty"": false, ""path"": ""/Users/guoyiyang/Documents/GitHub/FURP-2026-Yiyang-GUO-EVRP-TW/reference/py-ga-VRPTW"", ""revision"": ""8e005caaaf6471a4505588d88c7f0f5e0d4ebffa""}}",stage02.3_constraint_guided_attempt16 + stage02.3_constraint_guided_rerun09,,preserve;see stage03_legacy_path_map.csv
stage03.0,measurement,stage03.0_measurement_attempt02,attempt02,stage03.0_measurement_attempt02,stage03_measurement_smoke02,smoke,rc105C5,2016,"[""c101C5"", ""r105C5"", ""rc105C5"", ""c101_21"", ""r101_21"", ""rc101_21""]","[2014, 2015, 2016]",solution,legacy_with_manifest_error,results/stage03.0_measurement_attempt02/rc105C5/2016/stage03.0_measurement_attempt02_solution_rc105C5_2016.json,results/stage03-measurement_smoke02/solutions/rc105C5-alns_stage02_constraint_guided-2016.json,feasible,raw manifest or sidecar is missing,not_verified,not_present,not_applicable,not_published,07b1f3b11b045328517d98b2d0c40fa8775d963d24888b70296134d8c64c58e6,computed,b7c35c0fc532250b4a971f0cff79ad90895029510fa77a5cf733f921dce701d2,50ed2d642f7e5ab1c495f9d43526dbc7ced2cb6e3521d8207719409066db928a,2ccfba6c447fa43a994934690acb67c7355ca04d232394907ed6938bc362c643,2e716c7123ba22a528b5baf3cc2175e3dc75a80364b60be524c309b66d199fb7,b226b97e0e67288aaaf85726ad855df71cb81406685c57c8e8c40cd8996aa0da,2d4591ca9cf7515f65cc89c5394e93d335e2840f,False,"{""VRP-EVRP-Project-Hub"": {""dirty"": false, ""path"": ""/Users/guoyiyang/Documents/GitHub/FURP-2026-Yiyang-GUO-EVRP-TW/reference/VRP-EVRP-Project-Hub"", ""revision"": ""e3a890065105f978187e532642c4442522215e02""}, ""py-ga-VRPTW"": {""dirty"": false, ""path"": ""/Users/guoyiyang/Documents/GitHub/FURP-2026-Yiyang-GUO-EVRP-TW/reference/py-ga-VRPTW"", ""revision"": ""8e005caaaf6471a4505588d88c7f0f5e0d4ebffa""}}",stage02.3_constraint_guided_attempt16 + stage02.3_constraint_guided_rerun09,,preserve;see stage03_legacy_path_map.csv
stage03.0,measurement,stage03.0_measurement_attempt02,attempt02,stage03.0_measurement_attempt02,stage03_measurement_smoke02,smoke,c101C5,2014,"[""c101C5"", ""r105C5"", ""rc105C5"", ""c101_21"", ""r101_21"", ""rc101_21""]","[2014, 2015, 2016]",trace,legacy_with_manifest_error,results/stage03.0_measurement_attempt02/c101C5/2014/stage03.0_measurement_attempt02_trace_c101C5_2014.json,results/stage03-measurement_smoke02/traces/c101C5-alns_stage02_constraint_guided-2014.json,feasible,raw manifest or sidecar is missing,not_verified,not_present,not_applicable,not_published,ddfed30a619a687f339ee921b19af0682e5f9ace3990694ff30e17e1237e93ae,computed,b7c35c0fc532250b4a971f0cff79ad90895029510fa77a5cf733f921dce701d2,50ed2d642f7e5ab1c495f9d43526dbc7ced2cb6e3521d8207719409066db928a,8612d6d9aad051776097a5e50c7408f39352b8107b0639d58e5eda713f9ff876,ecbcc66bad0e9572222d32efa80d678ccb959b054fa8e53dfbebf6985db971be,b226b97e0e67288aaaf85726ad855df71cb81406685c57c8e8c40cd8996aa0da,2d4591ca9cf7515f65cc89c5394e93d335e2840f,False,"{""VRP-EVRP-Project-Hub"": {""dirty"": false, ""path"": ""/Users/guoyiyang/Documents/GitHub/FURP-2026-Yiyang-GUO-EVRP-TW/reference/VRP-EVRP-Project-Hub"", ""revision"": ""e3a890065105f978187e532642c4442522215e02""}, ""py-ga-VRPTW"": {""dirty"": false, ""path"": ""/Users/guoyiyang/Documents/GitHub/FURP-2026-Yiyang-GUO-EVRP-TW/reference/py-ga-VRPTW"", ""revision"": ""8e005caaaf6471a4505588d88c7f0f5e0d4ebffa""}}",stage02.3_constraint_guided_attempt16 + stage02.3_constraint_guided_rerun09,,preserve;see stage03_legacy_path_map.csv
stage03.0,measurement,stage03.0_measurement_attempt02,attempt02,stage03.0_measurement_attempt02,stage03_measurement_smoke02,smoke,c101C5,2015,"[""c101C5"", ""r105C5"", ""rc105C5"", ""c101_21"", ""r101_21"", ""rc101_21""]","[2014, 2015, 2016]",trace,legacy_with_manifest_error,results/stage03.0_measurement_attempt02/c101C5/2015/stage03.0_measurement_attempt02_trace_c101C5_2015.json,results/stage03-measurement_smoke02/traces/c101C5-alns_stage02_constraint_guided-2015.json,feasible,raw manifest or sidecar is missing,not_verified,not_present,not_applicable,not_published,e7ee07d954a0b4c31cdc1daae2eb2b2413eb7322b7b81bde2faa3de30ac797f3,computed,b7c35c0fc532250b4a971f0cff79ad90895029510fa77a5cf733f921dce701d2,50ed2d642f7e5ab1c495f9d43526dbc7ced2cb6e3521d8207719409066db928a,8612d6d9aad051776097a5e50c7408f39352b8107b0639d58e5eda713f9ff876,9729fde213b9203c47f6dfa71b900aed36c5ed5de546d37316da94400e03c647,b226b97e0e67288aaaf85726ad855df71cb81406685c57c8e8c40cd8996aa0da,2d4591ca9cf7515f65cc89c5394e93d335e2840f,False,"{""VRP-EVRP-Project-Hub"": {""dirty"": false, ""path"": ""/Users/guoyiyang/Documents/GitHub/FURP-2026-Yiyang-GUO-EVRP-TW/reference/VRP-EVRP-Project-Hub"", ""revision"": ""e3a890065105f978187e532642c4442522215e02""}, ""py-ga-VRPTW"": {""dirty"": false, ""path"": ""/Users/guoyiyang/Documents/GitHub/FURP-2026-Yiyang-GUO-EVRP-TW/reference/py-ga-VRPTW"", ""revision"": ""8e005caaaf6471a4505588d88c7f0f5e0d4ebffa""}}",stage02.3_constraint_guided_attempt16 + stage02.3_constraint_guided_rerun09,,preserve;see stage03_legacy_path_map.csv
stage03.0,measurement,stage03.0_measurement_attempt02,attempt02,stage03.0_measurement_attempt02,stage03_measurement_smoke02,smoke,c101C5,2016,"[""c101C5"", ""r105C5"", ""rc105C5"", ""c101_21"", ""r101_21"", ""rc101_21""]","[2014, 2015, 2016]",trace,legacy_with_manifest_error,results/stage03.0_measurement_attempt02/c101C5/2016/stage03.0_measurement_attempt02_trace_c101C5_2016.json,results/stage03-measurement_smoke02/traces/c101C5-alns_stage02_constraint_guided-2016.json,feasible,raw manifest or sidecar is missing,not_verified,not_present,not_applicable,not_published,c34eeacd5a2f6e1286ff4b797cfd29eea2193eb16fb8db4df202c03def584a3c,computed,b7c35c0fc532250b4a971f0cff79ad90895029510fa77a5cf733f921dce701d2,50ed2d642f7e5ab1c495f9d43526dbc7ced2cb6e3521d8207719409066db928a,8612d6d9aad051776097a5e50c7408f39352b8107b0639d58e5eda713f9ff876,22089186bff477223b3aef6b771bdd081b18aecfcf6436b1401545c8759a71af,b226b97e0e67288aaaf85726ad855df71cb81406685c57c8e8c40cd8996aa0da,2d4591ca9cf7515f65cc89c5394e93d335e2840f,False,"{""VRP-EVRP-Project-Hub"": {""dirty"": false, ""path"": ""/Users/guoyiyang/Documents/GitHub/FURP-2026-Yiyang-GUO-EVRP-TW/reference/VRP-EVRP-Project-Hub"", ""revision"": ""e3a890065105f978187e532642c4442522215e02""}, ""py-ga-VRPTW"": {""dirty"": false, ""path"": ""/Users/guoyiyang/Documents/GitHub/FURP-2026-Yiyang-GUO-EVRP-TW/reference/py-ga-VRPTW"", ""revision"": ""8e005caaaf6471a4505588d88c7f0f5e0d4ebffa""}}",stage02.3_constraint_guided_attempt16 + stage02.3_constraint_guided_rerun09,,preserve;see stage03_legacy_path_map.csv
stage03.0,measurement,stage03.0_measurement_attempt02,attempt02,stage03.0_measurement_attempt02,stage03_measurement_smoke02,smoke,c101_21,2014,"[""c101C5"", ""r105C5"", ""rc105C5"", ""c101_21"", ""r101_21"", ""rc101_21""]","[2014, 2015, 2016]",trace,legacy_with_manifest_error,results/stage03.0_measurement_attempt02/c101_21/2014/stage03.0_measurement_attempt02_trace_c101_21_2014.json,results/stage03-measurement_smoke02/traces/c101_21-alns_stage02_constraint_guided-2014.json,feasible,raw manifest or sidecar is missing,not_verified,not_present,not_applicable,not_published,d90e36ffb96c171157aa0fff0bea3effd496ed01fb6f31a8f103fc7869896350,computed,b7c35c0fc532250b4a971f0cff79ad90895029510fa77a5cf733f921dce701d2,50ed2d642f7e5ab1c495f9d43526dbc7ced2cb6e3521d8207719409066db928a,c5cda6ca63a7d518902cf4b02d98b4aa0f373aaa0658d5c666d1c46d38871cb9,8f249087045d5fa8f4cbcd57fd78e5240caff2797a2cb3c8b301faf99ee52ea6,b226b97e0e67288aaaf85726ad855df71cb81406685c57c8e8c40cd8996aa0da,2d4591ca9cf7515f65cc89c5394e93d335e2840f,False,"{""VRP-EVRP-Project-Hub"": {""dirty"": false, ""path"": ""/Users/guoyiyang/Documents/GitHub/FURP-2026-Yiyang-GUO-EVRP-TW/reference/VRP-EVRP-Project-Hub"", ""revision"": ""e3a890065105f978187e532642c4442522215e02""}, ""py-ga-VRPTW"": {""dirty"": false, ""path"": ""/Users/guoyiyang/Documents/GitHub/FURP-2026-Yiyang-GUO-EVRP-TW/reference/py-ga-VRPTW"", ""revision"": ""8e005caaaf6471a4505588d88c7f0f5e0d4ebffa""}}",stage02.3_constraint_guided_attempt16 + stage02.3_constraint_guided_rerun09,,preserve;see stage03_legacy_path_map.csv
stage03.0,measurement,stage03.0_measurement_attempt02,attempt02,stage03.0_measurement_attempt02,stage03_measurement_smoke02,smoke,c101_21,2015,"[""c101C5"", ""r105C5"", ""rc105C5"", ""c101_21"", ""r101_21"", ""rc101_21""]","[2014, 2015, 2016]",trace,legacy_with_manifest_error,results/stage03.0_measurement_attempt02/c101_21/2015/stage03.0_measurement_attempt02_trace_c101_21_2015.json,results/stage03-measurement_smoke02/traces/c101_21-alns_stage02_constraint_guided-2015.json,feasible,raw manifest or sidecar is missing,not_verified,not_present,not_applicable,not_published,f2c088bcfb85258687c962635828146857769e1a24e654b84f1b6cf2abf23988,computed,b7c35c0fc532250b4a971f0cff79ad90895029510fa77a5cf733f921dce701d2,50ed2d642f7e5ab1c495f9d43526dbc7ced2cb6e3521d8207719409066db928a,c5cda6ca63a7d518902cf4b02d98b4aa0f373aaa0658d5c666d1c46d38871cb9,35276e9fb5f7a5289540c111538f825130f81d7a28a71f7cd050760973e93e86,b226b97e0e67288aaaf85726ad855df71cb81406685c57c8e8c40cd8996aa0da,2d4591ca9cf7515f65cc89c5394e93d335e2840f,False,"{""VRP-EVRP-Project-Hub"": {""dirty"": false, ""path"": ""/Users/guoyiyang/Documents/GitHub/FURP-2026-Yiyang-GUO-EVRP-TW/reference/VRP-EVRP-Project-Hub"", ""revision"": ""e3a890065105f978187e532642c4442522215e02""}, ""py-ga-VRPTW"": {""dirty"": false, ""path"": ""/Users/guoyiyang/Documents/GitHub/FURP-2026-Yiyang-GUO-EVRP-TW/reference/py-ga-VRPTW"", ""revision"": ""8e005caaaf6471a4505588d88c7f0f5e0d4ebffa""}}",stage02.3_constraint_guided_attempt16 + stage02.3_constraint_guided_rerun09,,preserve;see stage03_legacy_path_map.csv
stage03.0,measurement,stage03.0_measurement_attempt02,attempt02,stage03.0_measurement_attempt02,stage03_measurement_smoke02,smoke,c101_21,2016,"[""c101C5"", ""r105C5"", ""rc105C5"", ""c101_21"", ""r101_21"", ""rc101_21""]","[2014, 2015, 2016]",trace,legacy_with_manifest_error,results/stage03.0_measurement_attempt02/c101_21/2016/stage03.0_measurement_attempt02_trace_c101_21_2016.json,results/stage03-measurement_smoke02/traces/c101_21-alns_stage02_constraint_guided-2016.json,feasible,raw manifest or sidecar is missing,not_verified,not_present,not_applicable,not_published,eeab5e8ea5a1e109106248fc3f0e5a9002f0c25da1a86c02a53487763f79aec3,computed,b7c35c0fc532250b4a971f0cff79ad90895029510fa77a5cf733f921dce701d2,50ed2d642f7e5ab1c495f9d43526dbc7ced2cb6e3521d8207719409066db928a,c5cda6ca63a7d518902cf4b02d98b4aa0f373aaa0658d5c666d1c46d38871cb9,3d85999c57c29feeef0b874c51f9cb5c596c448fc3f85191e7cfda12bcdffe7a,b226b97e0e67288aaaf85726ad855df71cb81406685c57c8e8c40cd8996aa0da,2d4591ca9cf7515f65cc89c5394e93d335e2840f,False,"{""VRP-EVRP-Project-Hub"": {""dirty"": false, ""path"": ""/Users/guoyiyang/Documents/GitHub/FURP-2026-Yiyang-GUO-EVRP-TW/reference/VRP-EVRP-Project-Hub"", ""revision"": ""e3a890065105f978187e532642c4442522215e02""}, ""py-ga-VRPTW"": {""dirty"": false, ""path"": ""/Users/guoyiyang/Documents/GitHub/FURP-2026-Yiyang-GUO-EVRP-TW/reference/py-ga-VRPTW"", ""revision"": ""8e005caaaf6471a4505588d88c7f0f5e0d4ebffa""}}",stage02.3_constraint_guided_attempt16 + stage02.3_constraint_guided_rerun09,,preserve;see stage03_legacy_path_map.csv
stage03.0,measurement,stage03.0_measurement_attempt02,attempt02,stage03.0_measurement_attempt02,stage03_measurement_smoke02,smoke,r101_21,2014,"[""c101C5"", ""r105C5"", ""rc105C5"", ""c101_21"", ""r101_21"", ""rc101_21""]","[2014, 2015, 2016]",trace,legacy_with_manifest_error,results/stage03.0_measurement_attempt02/r101_21/2014/stage03.0_measurement_attempt02_trace_r101_21_2014.json,results/stage03-measurement_smoke02/traces/r101_21-alns_stage02_constraint_guided-2014.json,feasible,raw manifest or sidecar is missing,not_verified,not_present,not_applicable,not_published,2823e6c847398812cbbd4af6f224a13d8df3f3b25507052151f500e104766461,computed,b7c35c0fc532250b4a971f0cff79ad90895029510fa77a5cf733f921dce701d2,50ed2d642f7e5ab1c495f9d43526dbc7ced2cb6e3521d8207719409066db928a,0e5a3dffffbd3c516b528ef32ba1a488b817d2f151fc3e8c81023814de1c103a,8338e96bd3644fb28824346aac966f858d1ff921dac66a5c77a3d3fcecf01537,b226b97e0e67288aaaf85726ad855df71cb81406685c57c8e8c40cd8996aa0da,2d4591ca9cf7515f65cc89c5394e93d335e2840f,False,"{""VRP-EVRP-Project-Hub"": {""dirty"": false, ""path"": ""/Users/guoyiyang/Documents/GitHub/FURP-2026-Yiyang-GUO-EVRP-TW/reference/VRP-EVRP-Project-Hub"", ""revision"": ""e3a890065105f978187e532642c4442522215e02""}, ""py-ga-VRPTW"": {""dirty"": false, ""path"": ""/Users/guoyiyang/Documents/GitHub/FURP-2026-Yiyang-GUO-EVRP-TW/reference/py-ga-VRPTW"", ""revision"": ""8e005caaaf6471a4505588d88c7f0f5e0d4ebffa""}}",stage02.3_constraint_guided_attempt16 + stage02.3_constraint_guided_rerun09,,preserve;see stage03_legacy_path_map.csv
stage03.0,measurement,stage03.0_measurement_attempt02,attempt02,stage03.0_measurement_attempt02,stage03_measurement_smoke02,smoke,r101_21,2015,"[""c101C5"", ""r105C5"", ""rc105C5"", ""c101_21"", ""r101_21"", ""rc101_21""]","[2014, 2015, 2016]",trace,legacy_with_manifest_error,results/stage03.0_measurement_attempt02/r101_21/2015/stage03.0_measurement_attempt02_trace_r101_21_2015.json,results/stage03-measurement_smoke02/traces/r101_21-alns_stage02_constraint_guided-2015.json,feasible,raw manifest or sidecar is missing,not_verified,not_present,not_applicable,not_published,b254fc3e2e13845b93d5a20865d5bacf2ef0b84e70dda6a9d19befa4e238aec8,computed,b7c35c0fc532250b4a971f0cff79ad90895029510fa77a5cf733f921dce701d2,50ed2d642f7e5ab1c495f9d43526dbc7ced2cb6e3521d8207719409066db928a,0e5a3dffffbd3c516b528ef32ba1a488b817d2f151fc3e8c81023814de1c103a,fe1a36ce049964222f9177bf051b70adcc97ebd390aab36c208fb6e9bd193204,b226b97e0e67288aaaf85726ad855df71cb81406685c57c8e8c40cd8996aa0da,2d4591ca9cf7515f65cc89c5394e93d335e2840f,False,"{""VRP-EVRP-Project-Hub"": {""dirty"": false, ""path"": ""/Users/guoyiyang/Documents/GitHub/FURP-2026-Yiyang-GUO-EVRP-TW/reference/VRP-EVRP-Project-Hub"", ""revision"": ""e3a890065105f978187e532642c4442522215e02""}, ""py-ga-VRPTW"": {""dirty"": false, ""path"": ""/Users/guoyiyang/Documents/GitHub/FURP-2026-Yiyang-GUO-EVRP-TW/reference/py-ga-VRPTW"", ""revision"": ""8e005caaaf6471a4505588d88c7f0f5e0d4ebffa""}}",stage02.3_constraint_guided_attempt16 + stage02.3_constraint_guided_rerun09,,preserve;see stage03_legacy_path_map.csv
stage03.0,measurement,stage03.0_measurement_attempt02,attempt02,stage03.0_measurement_attempt02,stage03_measurement_smoke02,smoke,r101_21,2016,"[""c101C5"", ""r105C5"", ""rc105C5"", ""c101_21"", ""r101_21"", ""rc101_21""]","[2014, 2015, 2016]",trace,legacy_with_manifest_error,results/stage03.0_measurement_attempt02/r101_21/2016/stage03.0_measurement_attempt02_trace_r101_21_2016.json,results/stage03-measurement_smoke02/traces/r101_21-alns_stage02_constraint_guided-2016.json,feasible,raw manifest or sidecar is missing,not_verified,not_present,not_applicable,not_published,246716a431510213778acddaf09ad4bf3b619d21761e6f3e21ba4b55fbb468ff,computed,b7c35c0fc532250b4a971f0cff79ad90895029510fa77a5cf733f921dce701d2,50ed2d642f7e5ab1c495f9d43526dbc7ced2cb6e3521d8207719409066db928a,0e5a3dffffbd3c516b528ef32ba1a488b817d2f151fc3e8c81023814de1c103a,77e77a6dfa8f2762a34aadf14de2635b8a3c14ad79f7e5c53e7d5562bd1fac6c,b226b97e0e67288aaaf85726ad855df71cb81406685c57c8e8c40cd8996aa0da,2d4591ca9cf7515f65cc89c5394e93d335e2840f,False,"{""VRP-EVRP-Project-Hub"": {""dirty"": false, ""path"": ""/Users/guoyiyang/Documents/GitHub/FURP-2026-Yiyang-GUO-EVRP-TW/reference/VRP-EVRP-Project-Hub"", ""revision"": ""e3a890065105f978187e532642c4442522215e02""}, ""py-ga-VRPTW"": {""dirty"": false, ""path"": ""/Users/guoyiyang/Documents/GitHub/FURP-2026-Yiyang-GUO-EVRP-TW/reference/py-ga-VRPTW"", ""revision"": ""8e005caaaf6471a4505588d88c7f0f5e0d4ebffa""}}",stage02.3_constraint_guided_attempt16 + stage02.3_constraint_guided_rerun09,,preserve;see stage03_legacy_path_map.csv
stage03.0,measurement,stage03.0_measurement_attempt02,attempt02,stage03.0_measurement_attempt02,stage03_measurement_smoke02,smoke,r105C5,2014,"[""c101C5"", ""r105C5"", ""rc105C5"", ""c101_21"", ""r101_21"", ""rc101_21""]","[2014, 2015, 2016]",trace,legacy_with_manifest_error,results/stage03.0_measurement_attempt02/r105C5/2014/stage03.0_measurement_attempt02_trace_r105C5_2014.json,results/stage03-measurement_smoke02/traces/r105C5-alns_stage02_constraint_guided-2014.json,feasible,raw manifest or sidecar is missing,not_verified,not_present,not_applicable,not_published,6031f1dc005085e394bbb48cace04139b12c0f5e1298be80897f70903160a8d7,computed,b7c35c0fc532250b4a971f0cff79ad90895029510fa77a5cf733f921dce701d2,50ed2d642f7e5ab1c495f9d43526dbc7ced2cb6e3521d8207719409066db928a,eb27ec04e799ee6d39dee3d66f15128e197811afa8c664295acbdf6444176434,e493c1d452df86e4b6ba8673e3a82caa56d64fd61009b3c0d7b341083eb2b666,b226b97e0e67288aaaf85726ad855df71cb81406685c57c8e8c40cd8996aa0da,2d4591ca9cf7515f65cc89c5394e93d335e2840f,False,"{""VRP-EVRP-Project-Hub"": {""dirty"": false, ""path"": ""/Users/guoyiyang/Documents/GitHub/FURP-2026-Yiyang-GUO-EVRP-TW/reference/VRP-EVRP-Project-Hub"", ""revision"": ""e3a890065105f978187e532642c4442522215e02""}, ""py-ga-VRPTW"": {""dirty"": false, ""path"": ""/Users/guoyiyang/Documents/GitHub/FURP-2026-Yiyang-GUO-EVRP-TW/reference/py-ga-VRPTW"", ""revision"": ""8e005caaaf6471a4505588d88c7f0f5e0d4ebffa""}}",stage02.3_constraint_guided_attempt16 + stage02.3_constraint_guided_rerun09,,preserve;see stage03_legacy_path_map.csv
stage03.0,measurement,stage03.0_measurement_attempt02,attempt02,stage03.0_measurement_attempt02,stage03_measurement_smoke02,smoke,r105C5,2015,"[""c101C5"", ""r105C5"", ""rc105C5"", ""c101_21"", ""r101_21"", ""rc101_21""]","[2014, 2015, 2016]",trace,legacy_with_manifest_error,results/stage03.0_measurement_attempt02/r105C5/2015/stage03.0_measurement_attempt02_trace_r105C5_2015.json,results/stage03-measurement_smoke02/traces/r105C5-alns_stage02_constraint_guided-2015.json,feasible,raw manifest or sidecar is missing,not_verified,not_present,not_applicable,not_published,fdfe6c3876c25b8a685f1b8a376f55f761bdf0f568dbf1923b5ef1db1aaa12ba,computed,b7c35c0fc532250b4a971f0cff79ad90895029510fa77a5cf733f921dce701d2,50ed2d642f7e5ab1c495f9d43526dbc7ced2cb6e3521d8207719409066db928a,eb27ec04e799ee6d39dee3d66f15128e197811afa8c664295acbdf6444176434,2a17c5e1005627eb65fcd591df36885bb15a45fb1b9278478d09d59733a5000c,b226b97e0e67288aaaf85726ad855df71cb81406685c57c8e8c40cd8996aa0da,2d4591ca9cf7515f65cc89c5394e93d335e2840f,False,"{""VRP-EVRP-Project-Hub"": {""dirty"": false, ""path"": ""/Users/guoyiyang/Documents/GitHub/FURP-2026-Yiyang-GUO-EVRP-TW/reference/VRP-EVRP-Project-Hub"", ""revision"": ""e3a890065105f978187e532642c4442522215e02""}, ""py-ga-VRPTW"": {""dirty"": false, ""path"": ""/Users/guoyiyang/Documents/GitHub/FURP-2026-Yiyang-GUO-EVRP-TW/reference/py-ga-VRPTW"", ""revision"": ""8e005caaaf6471a4505588d88c7f0f5e0d4ebffa""}}",stage02.3_constraint_guided_attempt16 + stage02.3_constraint_guided_rerun09,,preserve;see stage03_legacy_path_map.csv
stage03.0,measurement,stage03.0_measurement_attempt02,attempt02,stage03.0_measurement_attempt02,stage03_measurement_smoke02,smoke,r105C5,2016,"[""c101C5"", ""r105C5"", ""rc105C5"", ""c101_21"", ""r101_21"", ""rc101_21""]","[2014, 2015, 2016]",trace,legacy_with_manifest_error,results/stage03.0_measurement_attempt02/r105C5/2016/stage03.0_measurement_attempt02_trace_r105C5_2016.json,results/stage03-measurement_smoke02/traces/r105C5-alns_stage02_constraint_guided-2016.json,feasible,raw manifest or sidecar is missing,not_verified,not_present,not_applicable,not_published,0f37c40a554f4cbdb0186e5b52d6b9d59f2e6f8e668b4aec02e74c60f64b1d7a,computed,b7c35c0fc532250b4a971f0cff79ad90895029510fa77a5cf733f921dce701d2,50ed2d642f7e5ab1c495f9d43526dbc7ced2cb6e3521d8207719409066db928a,eb27ec04e799ee6d39dee3d66f15128e197811afa8c664295acbdf6444176434,08cbb1aece5ecc1281cf6629692b06b679edcfc70f3c056b5b0e875f5eb10a84,b226b97e0e67288aaaf85726ad855df71cb81406685c57c8e8c40cd8996aa0da,2d4591ca9cf7515f65cc89c5394e93d335e2840f,False,"{""VRP-EVRP-Project-Hub"": {""dirty"": false, ""path"": ""/Users/guoyiyang/Documents/GitHub/FURP-2026-Yiyang-GUO-EVRP-TW/reference/VRP-EVRP-Project-Hub"", ""revision"": ""e3a890065105f978187e532642c4442522215e02""}, ""py-ga-VRPTW"": {""dirty"": false, ""path"": ""/Users/guoyiyang/Documents/GitHub/FURP-2026-Yiyang-GUO-EVRP-TW/reference/py-ga-VRPTW"", ""revision"": ""8e005caaaf6471a4505588d88c7f0f5e0d4ebffa""}}",stage02.3_constraint_guided_attempt16 + stage02.3_constraint_guided_rerun09,,preserve;see stage03_legacy_path_map.csv
stage03.0,measurement,stage03.0_measurement_attempt02,attempt02,stage03.0_measurement_attempt02,stage03_measurement_smoke02,smoke,rc101_21,2014,"[""c101C5"", ""r105C5"", ""rc105C5"", ""c101_21"", ""r101_21"", ""rc101_21""]","[2014, 2015, 2016]",trace,legacy_with_manifest_error,results/stage03.0_measurement_attempt02/rc101_21/2014/stage03.0_measurement_attempt02_trace_rc101_21_2014.json,results/stage03-measurement_smoke02/traces/rc101_21-alns_stage02_constraint_guided-2014.json,feasible,raw manifest or sidecar is missing,not_verified,not_present,not_applicable,not_published,cb34dddfdbcf3f897742b912202314d430389b7caf40fa06e116973410beb16c,computed,b7c35c0fc532250b4a971f0cff79ad90895029510fa77a5cf733f921dce701d2,50ed2d642f7e5ab1c495f9d43526dbc7ced2cb6e3521d8207719409066db928a,272a3e58d53d4ba9516f01506164cf8a9b98bfeeb8dbd1fd62f6557e4c98e3a1,c7b0455be0683879144d28d6ce714a11ed2df1e81ecf439e3213725d54ff4909,b226b97e0e67288aaaf85726ad855df71cb81406685c57c8e8c40cd8996aa0da,2d4591ca9cf7515f65cc89c5394e93d335e2840f,False,"{""VRP-EVRP-Project-Hub"": {""dirty"": false, ""path"": ""/Users/guoyiyang/Documents/GitHub/FURP-2026-Yiyang-GUO-EVRP-TW/reference/VRP-EVRP-Project-Hub"", ""revision"": ""e3a890065105f978187e532642c4442522215e02""}, ""py-ga-VRPTW"": {""dirty"": false, ""path"": ""/Users/guoyiyang/Documents/GitHub/FURP-2026-Yiyang-GUO-EVRP-TW/reference/py-ga-VRPTW"", ""revision"": ""8e005caaaf6471a4505588d88c7f0f5e0d4ebffa""}}",stage02.3_constraint_guided_attempt16 + stage02.3_constraint_guided_rerun09,,preserve;see stage03_legacy_path_map.csv
stage03.0,measurement,stage03.0_measurement_attempt02,attempt02,stage03.0_measurement_attempt02,stage03_measurement_smoke02,smoke,rc101_21,2015,"[""c101C5"", ""r105C5"", ""rc105C5"", ""c101_21"", ""r101_21"", ""rc101_21""]","[2014, 2015, 2016]",trace,legacy_with_manifest_error,results/stage03.0_measurement_attempt02/rc101_21/2015/stage03.0_measurement_attempt02_trace_rc101_21_2015.json,results/stage03-measurement_smoke02/traces/rc101_21-alns_stage02_constraint_guided-2015.json,feasible,raw manifest or sidecar is missing,not_verified,not_present,not_applicable,not_published,273f6b74c6ef94ff7b0dec29c0a38ef069927fb388acbab732d1e7cb8df797b2,computed,b7c35c0fc532250b4a971f0cff79ad90895029510fa77a5cf733f921dce701d2,50ed2d642f7e5ab1c495f9d43526dbc7ced2cb6e3521d8207719409066db928a,272a3e58d53d4ba9516f01506164cf8a9b98bfeeb8dbd1fd62f6557e4c98e3a1,9f86a1678e0b9506ce5aab36c8cb56ed696d120c5d2008dcb260e2d1c5a6137a,b226b97e0e67288aaaf85726ad855df71cb81406685c57c8e8c40cd8996aa0da,2d4591ca9cf7515f65cc89c5394e93d335e2840f,False,"{""VRP-EVRP-Project-Hub"": {""dirty"": false, ""path"": ""/Users/guoyiyang/Documents/GitHub/FURP-2026-Yiyang-GUO-EVRP-TW/reference/VRP-EVRP-Project-Hub"", ""revision"": ""e3a890065105f978187e532642c4442522215e02""}, ""py-ga-VRPTW"": {""dirty"": false, ""path"": ""/Users/guoyiyang/Documents/GitHub/FURP-2026-Yiyang-GUO-EVRP-TW/reference/py-ga-VRPTW"", ""revision"": ""8e005caaaf6471a4505588d88c7f0f5e0d4ebffa""}}",stage02.3_constraint_guided_attempt16 + stage02.3_constraint_guided_rerun09,,preserve;see stage03_legacy_path_map.csv
stage03.0,measurement,stage03.0_measurement_attempt02,attempt02,stage03.0_measurement_attempt02,stage03_measurement_smoke02,smoke,rc101_21,2016,"[""c101C5"", ""r105C5"", ""rc105C5"", ""c101_21"", ""r101_21"", ""rc101_21""]","[2014, 2015, 2016]",trace,legacy_with_manifest_error,results/stage03.0_measurement_attempt02/rc101_21/2016/stage03.0_measurement_attempt02_trace_rc101_21_2016.json,results/stage03-measurement_smoke02/traces/rc101_21-alns_stage02_constraint_guided-2016.json,feasible,raw manifest or sidecar is missing,not_verified,not_present,not_applicable,not_published,2a56893f5643dadcf32a8a82333e691ddb349a47230f53b34cbd04ebb31c2c61,computed,b7c35c0fc532250b4a971f0cff79ad90895029510fa77a5cf733f921dce701d2,50ed2d642f7e5ab1c495f9d43526dbc7ced2cb6e3521d8207719409066db928a,272a3e58d53d4ba9516f01506164cf8a9b98bfeeb8dbd1fd62f6557e4c98e3a1,531a9f19289011e5f3008cb274804c795d3064e957b80bedf9a793e45e07fa0a,b226b97e0e67288aaaf85726ad855df71cb81406685c57c8e8c40cd8996aa0da,2d4591ca9cf7515f65cc89c5394e93d335e2840f,False,"{""VRP-EVRP-Project-Hub"": {""dirty"": false, ""path"": ""/Users/guoyiyang/Documents/GitHub/FURP-2026-Yiyang-GUO-EVRP-TW/reference/VRP-EVRP-Project-Hub"", ""revision"": ""e3a890065105f978187e532642c4442522215e02""}, ""py-ga-VRPTW"": {""dirty"": false, ""path"": ""/Users/guoyiyang/Documents/GitHub/FURP-2026-Yiyang-GUO-EVRP-TW/reference/py-ga-VRPTW"", ""revision"": ""8e005caaaf6471a4505588d88c7f0f5e0d4ebffa""}}",stage02.3_constraint_guided_attempt16 + stage02.3_constraint_guided_rerun09,,preserve;see stage03_legacy_path_map.csv
stage03.0,measurement,stage03.0_measurement_attempt02,attempt02,stage03.0_measurement_attempt02,stage03_measurement_smoke02,smoke,rc105C5,2014,"[""c101C5"", ""r105C5"", ""rc105C5"", ""c101_21"", ""r101_21"", ""rc101_21""]","[2014, 2015, 2016]",trace,legacy_with_manifest_error,results/stage03.0_measurement_attempt02/rc105C5/2014/stage03.0_measurement_attempt02_trace_rc105C5_2014.json,results/stage03-measurement_smoke02/traces/rc105C5-alns_stage02_constraint_guided-2014.json,feasible,raw manifest or sidecar is missing,not_verified,not_present,not_applicable,not_published,2276142ba46e187e1443bb2cb92ca59bf60896b37b12cf41a0e32ccfcd7db0aa,computed,b7c35c0fc532250b4a971f0cff79ad90895029510fa77a5cf733f921dce701d2,50ed2d642f7e5ab1c495f9d43526dbc7ced2cb6e3521d8207719409066db928a,2ccfba6c447fa43a994934690acb67c7355ca04d232394907ed6938bc362c643,0e6e5fa540e1e45e3a36fb8b7faf91f0a5e8b8ad8ee00309117ac7053e522bcf,b226b97e0e67288aaaf85726ad855df71cb81406685c57c8e8c40cd8996aa0da,2d4591ca9cf7515f65cc89c5394e93d335e2840f,False,"{""VRP-EVRP-Project-Hub"": {""dirty"": false, ""path"": ""/Users/guoyiyang/Documents/GitHub/FURP-2026-Yiyang-GUO-EVRP-TW/reference/VRP-EVRP-Project-Hub"", ""revision"": ""e3a890065105f978187e532642c4442522215e02""}, ""py-ga-VRPTW"": {""dirty"": false, ""path"": ""/Users/guoyiyang/Documents/GitHub/FURP-2026-Yiyang-GUO-EVRP-TW/reference/py-ga-VRPTW"", ""revision"": ""8e005caaaf6471a4505588d88c7f0f5e0d4ebffa""}}",stage02.3_constraint_guided_attempt16 + stage02.3_constraint_guided_rerun09,,preserve;see stage03_legacy_path_map.csv
stage03.0,measurement,stage03.0_measurement_attempt02,attempt02,stage03.0_measurement_attempt02,stage03_measurement_smoke02,smoke,rc105C5,2015,"[""c101C5"", ""r105C5"", ""rc105C5"", ""c101_21"", ""r101_21"", ""rc101_21""]","[2014, 2015, 2016]",trace,legacy_with_manifest_error,results/stage03.0_measurement_attempt02/rc105C5/2015/stage03.0_measurement_attempt02_trace_rc105C5_2015.json,results/stage03-measurement_smoke02/traces/rc105C5-alns_stage02_constraint_guided-2015.json,feasible,raw manifest or sidecar is missing,not_verified,not_present,not_applicable,not_published,71f70b6d8107016a1a9617c0b56d336bc277c2330b012139e3c2848dea5ed1c4,computed,b7c35c0fc532250b4a971f0cff79ad90895029510fa77a5cf733f921dce701d2,50ed2d642f7e5ab1c495f9d43526dbc7ced2cb6e3521d8207719409066db928a,2ccfba6c447fa43a994934690acb67c7355ca04d232394907ed6938bc362c643,6f017807b2be97bdb58108a38e978ce2c2448ad3eb806dfc6ea0bb36254b6ce4,b226b97e0e67288aaaf85726ad855df71cb81406685c57c8e8c40cd8996aa0da,2d4591ca9cf7515f65cc89c5394e93d335e2840f,False,"{""VRP-EVRP-Project-Hub"": {""dirty"": false, ""path"": ""/Users/guoyiyang/Documents/GitHub/FURP-2026-Yiyang-GUO-EVRP-TW/reference/VRP-EVRP-Project-Hub"", ""revision"": ""e3a890065105f978187e532642c4442522215e02""}, ""py-ga-VRPTW"": {""dirty"": false, ""path"": ""/Users/guoyiyang/Documents/GitHub/FURP-2026-Yiyang-GUO-EVRP-TW/reference/py-ga-VRPTW"", ""revision"": ""8e005caaaf6471a4505588d88c7f0f5e0d4ebffa""}}",stage02.3_constraint_guided_attempt16 + stage02.3_constraint_guided_rerun09,,preserve;see stage03_legacy_path_map.csv
stage03.0,measurement,stage03.0_measurement_attempt02,attempt02,stage03.0_measurement_attempt02,stage03_measurement_smoke02,smoke,rc105C5,2016,"[""c101C5"", ""r105C5"", ""rc105C5"", ""c101_21"", ""r101_21"", ""rc101_21""]","[2014, 2015, 2016]",trace,legacy_with_manifest_error,results/stage03.0_measurement_attempt02/rc105C5/2016/stage03.0_measurement_attempt02_trace_rc105C5_2016.json,results/stage03-measurement_smoke02/traces/rc105C5-alns_stage02_constraint_guided-2016.json,feasible,raw manifest or sidecar is missing,not_verified,not_present,not_applicable,not_published,adc2071628f40a760ee2daa49086e8c9f8ef6fa8d52a07f007af83c0dbf4c44a,computed,b7c35c0fc532250b4a971f0cff79ad90895029510fa77a5cf733f921dce701d2,50ed2d642f7e5ab1c495f9d43526dbc7ced2cb6e3521d8207719409066db928a,2ccfba6c447fa43a994934690acb67c7355ca04d232394907ed6938bc362c643,2e716c7123ba22a528b5baf3cc2175e3dc75a80364b60be524c309b66d199fb7,b226b97e0e67288aaaf85726ad855df71cb81406685c57c8e8c40cd8996aa0da,2d4591ca9cf7515f65cc89c5394e93d335e2840f,False,"{""VRP-EVRP-Project-Hub"": {""dirty"": false, ""path"": ""/Users/guoyiyang/Documents/GitHub/FURP-2026-Yiyang-GUO-EVRP-TW/reference/VRP-EVRP-Project-Hub"", ""revision"": ""e3a890065105f978187e532642c4442522215e02""}, ""py-ga-VRPTW"": {""dirty"": false, ""path"": ""/Users/guoyiyang/Documents/GitHub/FURP-2026-Yiyang-GUO-EVRP-TW/reference/py-ga-VRPTW"", ""revision"": ""8e005caaaf6471a4505588d88c7f0f5e0d4ebffa""}}",stage02.3_constraint_guided_attempt16 + stage02.3_constraint_guided_rerun09,,preserve;see stage03_legacy_path_map.csv
stage03.0,measurement,stage03.0_measurement_attempt03,attempt03,stage03.0_measurement_attempt03,stage03_measurement_smoke03,smoke,__all__,__all__,"[""c101C5"", ""r105C5"", ""rc105C5"", ""c101_21"", ""r101_21"", ""rc101_21""]","[2014, 2015, 2016]",environment,verified_legacy,results/stage03.0_measurement_attempt03/control/stage03.0_measurement_attempt03_environment.json,results/stage03-measurement_smoke03/environment.json,feasible,,not_verified,NOT_READY_FOR_STAGE03_FORMAL_MEASUREMENT,not_applicable,not_published,0fd34fa45291e0a49e150a4cd3a0edb6a20b7a45c962d72c0ba4b20159d9c35d,raw_manifest,f275840934ede6b2efc3479d1aed03c4c4a7ef85e153c41a747f4b32abfda226,50ed2d642f7e5ab1c495f9d43526dbc7ced2cb6e3521d8207719409066db928a,,,b226b97e0e67288aaaf85726ad855df71cb81406685c57c8e8c40cd8996aa0da,c683cc56f7787411b7b7e8e439479e917f9f1d54,False,"{""VRP-EVRP-Project-Hub"": {""dirty"": false, ""path"": ""/Users/guoyiyang/Documents/GitHub/FURP-2026-Yiyang-GUO-EVRP-TW/reference/VRP-EVRP-Project-Hub"", ""revision"": ""e3a890065105f978187e532642c4442522215e02""}, ""py-ga-VRPTW"": {""dirty"": false, ""path"": ""/Users/guoyiyang/Documents/GitHub/FURP-2026-Yiyang-GUO-EVRP-TW/reference/py-ga-VRPTW"", ""revision"": ""8e005caaaf6471a4505588d88c7f0f5e0d4ebffa""}}",stage02.3_constraint_guided_attempt16 + stage02.3_constraint_guided_rerun09,,preserve;see stage03_legacy_path_map.csv
stage03.0,measurement,stage03.0_measurement_attempt03,attempt03,stage03.0_measurement_attempt03,stage03_measurement_smoke03,smoke,c101C5,2014,"[""c101C5"", ""r105C5"", ""rc105C5"", ""c101_21"", ""r101_21"", ""rc101_21""]","[2014, 2015, 2016]",environment,verified_legacy,results/stage03.0_measurement_attempt03/c101C5/2014/stage03.0_measurement_attempt03_environment_c101C5_2014.json,results/stage03-measurement_smoke03/environments/c101C5-alns_stage02_constraint_guided-2014.json,feasible,,not_verified,NOT_READY_FOR_STAGE03_FORMAL_MEASUREMENT,not_applicable,not_published,0649b8fbc2f8f6b7a1dcc3dc5f2d7c307832904334758ce824a53348e10788da,raw_manifest,f275840934ede6b2efc3479d1aed03c4c4a7ef85e153c41a747f4b32abfda226,50ed2d642f7e5ab1c495f9d43526dbc7ced2cb6e3521d8207719409066db928a,8612d6d9aad051776097a5e50c7408f39352b8107b0639d58e5eda713f9ff876,fd33aa330762081c8fb317b708d9084f15ac4dac07f948f3489d6aee2771f3ca,b226b97e0e67288aaaf85726ad855df71cb81406685c57c8e8c40cd8996aa0da,c683cc56f7787411b7b7e8e439479e917f9f1d54,False,"{""VRP-EVRP-Project-Hub"": {""dirty"": false, ""path"": ""/Users/guoyiyang/Documents/GitHub/FURP-2026-Yiyang-GUO-EVRP-TW/reference/VRP-EVRP-Project-Hub"", ""revision"": ""e3a890065105f978187e532642c4442522215e02""}, ""py-ga-VRPTW"": {""dirty"": false, ""path"": ""/Users/guoyiyang/Documents/GitHub/FURP-2026-Yiyang-GUO-EVRP-TW/reference/py-ga-VRPTW"", ""revision"": ""8e005caaaf6471a4505588d88c7f0f5e0d4ebffa""}}",stage02.3_constraint_guided_attempt16 + stage02.3_constraint_guided_rerun09,,preserve;see stage03_legacy_path_map.csv
stage03.0,measurement,stage03.0_measurement_attempt03,attempt03,stage03.0_measurement_attempt03,stage03_measurement_smoke03,smoke,c101C5,2015,"[""c101C5"", ""r105C5"", ""rc105C5"", ""c101_21"", ""r101_21"", ""rc101_21""]","[2014, 2015, 2016]",environment,verified_legacy,results/stage03.0_measurement_attempt03/c101C5/2015/stage03.0_measurement_attempt03_environment_c101C5_2015.json,results/stage03-measurement_smoke03/environments/c101C5-alns_stage02_constraint_guided-2015.json,feasible,,not_verified,NOT_READY_FOR_STAGE03_FORMAL_MEASUREMENT,not_applicable,not_published,7d7b119f3e32af296447f5050fd2f5dac40bfc869062a5d094b40cf59b283700,raw_manifest,f275840934ede6b2efc3479d1aed03c4c4a7ef85e153c41a747f4b32abfda226,50ed2d642f7e5ab1c495f9d43526dbc7ced2cb6e3521d8207719409066db928a,8612d6d9aad051776097a5e50c7408f39352b8107b0639d58e5eda713f9ff876,0c8ae9aa9cfb340a11d8529445425a0e93908b33fd52a75d0aa89ef3782ab516,b226b97e0e67288aaaf85726ad855df71cb81406685c57c8e8c40cd8996aa0da,c683cc56f7787411b7b7e8e439479e917f9f1d54,False,"{""VRP-EVRP-Project-Hub"": {""dirty"": false, ""path"": ""/Users/guoyiyang/Documents/GitHub/FURP-2026-Yiyang-GUO-EVRP-TW/reference/VRP-EVRP-Project-Hub"", ""revision"": ""e3a890065105f978187e532642c4442522215e02""}, ""py-ga-VRPTW"": {""dirty"": false, ""path"": ""/Users/guoyiyang/Documents/GitHub/FURP-2026-Yiyang-GUO-EVRP-TW/reference/py-ga-VRPTW"", ""revision"": ""8e005caaaf6471a4505588d88c7f0f5e0d4ebffa""}}",stage02.3_constraint_guided_attempt16 + stage02.3_constraint_guided_rerun09,,preserve;see stage03_legacy_path_map.csv
stage03.0,measurement,stage03.0_measurement_attempt03,attempt03,stage03.0_measurement_attempt03,stage03_measurement_smoke03,smoke,c101C5,2016,"[""c101C5"", ""r105C5"", ""rc105C5"", ""c101_21"", ""r101_21"", ""rc101_21""]","[2014, 2015, 2016]",environment,verified_legacy,results/stage03.0_measurement_attempt03/c101C5/2016/stage03.0_measurement_attempt03_environment_c101C5_2016.json,results/stage03-measurement_smoke03/environments/c101C5-alns_stage02_constraint_guided-2016.json,feasible,,not_verified,NOT_READY_FOR_STAGE03_FORMAL_MEASUREMENT,not_applicable,not_published,2e5471b7228a85ea759750ad91e774ea87f74a03efb48c47f58874bd9fad1717,raw_manifest,f275840934ede6b2efc3479d1aed03c4c4a7ef85e153c41a747f4b32abfda226,50ed2d642f7e5ab1c495f9d43526dbc7ced2cb6e3521d8207719409066db928a,8612d6d9aad051776097a5e50c7408f39352b8107b0639d58e5eda713f9ff876,ba3b92dd534b9c04a192b992c8cb3b2b239c54335b86605610348163ffd621dd,b226b97e0e67288aaaf85726ad855df71cb81406685c57c8e8c40cd8996aa0da,c683cc56f7787411b7b7e8e439479e917f9f1d54,False,"{""VRP-EVRP-Project-Hub"": {""dirty"": false, ""path"": ""/Users/guoyiyang/Documents/GitHub/FURP-2026-Yiyang-GUO-EVRP-TW/reference/VRP-EVRP-Project-Hub"", ""revision"": ""e3a890065105f978187e532642c4442522215e02""}, ""py-ga-VRPTW"": {""dirty"": false, ""path"": ""/Users/guoyiyang/Documents/GitHub/FURP-2026-Yiyang-GUO-EVRP-TW/reference/py-ga-VRPTW"", ""revision"": ""8e005caaaf6471a4505588d88c7f0f5e0d4ebffa""}}",stage02.3_constraint_guided_attempt16 + stage02.3_constraint_guided_rerun09,,preserve;see stage03_legacy_path_map.csv
stage03.0,measurement,stage03.0_measurement_attempt03,attempt03,stage03.0_measurement_attempt03,stage03_measurement_smoke03,smoke,c101_21,2014,"[""c101C5"", ""r105C5"", ""rc105C5"", ""c101_21"", ""r101_21"", ""rc101_21""]","[2014, 2015, 2016]",environment,verified_legacy,results/stage03.0_measurement_attempt03/c101_21/2014/stage03.0_measurement_attempt03_environment_c101_21_2014.json,results/stage03-measurement_smoke03/environments/c101_21-alns_stage02_constraint_guided-2014.json,feasible,,not_verified,NOT_READY_FOR_STAGE03_FORMAL_MEASUREMENT,not_applicable,not_published,c1e87ada4397cb35ea8586687b36b1c1474f97a127bc48ef0bb2158c97333780,raw_manifest,f275840934ede6b2efc3479d1aed03c4c4a7ef85e153c41a747f4b32abfda226,50ed2d642f7e5ab1c495f9d43526dbc7ced2cb6e3521d8207719409066db928a,c5cda6ca63a7d518902cf4b02d98b4aa0f373aaa0658d5c666d1c46d38871cb9,69e9782f17aff16ddf4848bcbb9c309b1bb2b142fc224cf128de33b68a08826e,b226b97e0e67288aaaf85726ad855df71cb81406685c57c8e8c40cd8996aa0da,c683cc56f7787411b7b7e8e439479e917f9f1d54,False,"{""VRP-EVRP-Project-Hub"": {""dirty"": false, ""path"": ""/Users/guoyiyang/Documents/GitHub/FURP-2026-Yiyang-GUO-EVRP-TW/reference/VRP-EVRP-Project-Hub"", ""revision"": ""e3a890065105f978187e532642c4442522215e02""}, ""py-ga-VRPTW"": {""dirty"": false, ""path"": ""/Users/guoyiyang/Documents/GitHub/FURP-2026-Yiyang-GUO-EVRP-TW/reference/py-ga-VRPTW"", ""revision"": ""8e005caaaf6471a4505588d88c7f0f5e0d4ebffa""}}",stage02.3_constraint_guided_attempt16 + stage02.3_constraint_guided_rerun09,,preserve;see stage03_legacy_path_map.csv
stage03.0,measurement,stage03.0_measurement_attempt03,attempt03,stage03.0_measurement_attempt03,stage03_measurement_smoke03,smoke,c101_21,2015,"[""c101C5"", ""r105C5"", ""rc105C5"", ""c101_21"", ""r101_21"", ""rc101_21""]","[2014, 2015, 2016]",environment,verified_legacy,results/stage03.0_measurement_attempt03/c101_21/2015/stage03.0_measurement_attempt03_environment_c101_21_2015.json,results/stage03-measurement_smoke03/environments/c101_21-alns_stage02_constraint_guided-2015.json,feasible,,not_verified,NOT_READY_FOR_STAGE03_FORMAL_MEASUREMENT,not_applicable,not_published,e32baab888210f25899f44689086ff23ca1a08d4685ba7142c30cdcd56330c75,raw_manifest,f275840934ede6b2efc3479d1aed03c4c4a7ef85e153c41a747f4b32abfda226,50ed2d642f7e5ab1c495f9d43526dbc7ced2cb6e3521d8207719409066db928a,c5cda6ca63a7d518902cf4b02d98b4aa0f373aaa0658d5c666d1c46d38871cb9,bcf12ab030521ca00bcf4069f3990226ab21151aaa112549328040535ec1068e,b226b97e0e67288aaaf85726ad855df71cb81406685c57c8e8c40cd8996aa0da,c683cc56f7787411b7b7e8e439479e917f9f1d54,False,"{""VRP-EVRP-Project-Hub"": {""dirty"": false, ""path"": ""/Users/guoyiyang/Documents/GitHub/FURP-2026-Yiyang-GUO-EVRP-TW/reference/VRP-EVRP-Project-Hub"", ""revision"": ""e3a890065105f978187e532642c4442522215e02""}, ""py-ga-VRPTW"": {""dirty"": false, ""path"": ""/Users/guoyiyang/Documents/GitHub/FURP-2026-Yiyang-GUO-EVRP-TW/reference/py-ga-VRPTW"", ""revision"": ""8e005caaaf6471a4505588d88c7f0f5e0d4ebffa""}}",stage02.3_constraint_guided_attempt16 + stage02.3_constraint_guided_rerun09,,preserve;see stage03_legacy_path_map.csv
stage03.0,measurement,stage03.0_measurement_attempt03,attempt03,stage03.0_measurement_attempt03,stage03_measurement_smoke03,smoke,c101_21,2016,"[""c101C5"", ""r105C5"", ""rc105C5"", ""c101_21"", ""r101_21"", ""rc101_21""]","[2014, 2015, 2016]",environment,verified_legacy,results/stage03.0_measurement_attempt03/c101_21/2016/stage03.0_measurement_attempt03_environment_c101_21_2016.json,results/stage03-measurement_smoke03/environments/c101_21-alns_stage02_constraint_guided-2016.json,feasible,,not_verified,NOT_READY_FOR_STAGE03_FORMAL_MEASUREMENT,not_applicable,not_published,eadfd1ee12fa1595d193520b6001bf8b813e456f63d6c5768cf55244ffa159ab,raw_manifest,f275840934ede6b2efc3479d1aed03c4c4a7ef85e153c41a747f4b32abfda226,50ed2d642f7e5ab1c495f9d43526dbc7ced2cb6e3521d8207719409066db928a,c5cda6ca63a7d518902cf4b02d98b4aa0f373aaa0658d5c666d1c46d38871cb9,1814628f4e909b84455f5d97f3965bdef5e2a9eb87e9a0c4bd73e175a839ff7a,b226b97e0e67288aaaf85726ad855df71cb81406685c57c8e8c40cd8996aa0da,c683cc56f7787411b7b7e8e439479e917f9f1d54,False,"{""VRP-EVRP-Project-Hub"": {""dirty"": false, ""path"": ""/Users/guoyiyang/Documents/GitHub/FURP-2026-Yiyang-GUO-EVRP-TW/reference/VRP-EVRP-Project-Hub"", ""revision"": ""e3a890065105f978187e532642c4442522215e02""}, ""py-ga-VRPTW"": {""dirty"": false, ""path"": ""/Users/guoyiyang/Documents/GitHub/FURP-2026-Yiyang-GUO-EVRP-TW/reference/py-ga-VRPTW"", ""revision"": ""8e005caaaf6471a4505588d88c7f0f5e0d4ebffa""}}",stage02.3_constraint_guided_attempt16 + stage02.3_constraint_guided_rerun09,,preserve;see stage03_legacy_path_map.csv
stage03.0,measurement,stage03.0_measurement_attempt03,attempt03,stage03.0_measurement_attempt03,stage03_measurement_smoke03,smoke,r101_21,2014,"[""c101C5"", ""r105C5"", ""rc105C5"", ""c101_21"", ""r101_21"", ""rc101_21""]","[2014, 2015, 2016]",environment,verified_legacy,results/stage03.0_measurement_attempt03/r101_21/2014/stage03.0_measurement_attempt03_environment_r101_21_2014.json,results/stage03-measurement_smoke03/environments/r101_21-alns_stage02_constraint_guided-2014.json,feasible,,not_verified,NOT_READY_FOR_STAGE03_FORMAL_MEASUREMENT,not_applicable,not_published,1278f72ff8b55b0f63105ecc009862207926541fa6a5ed1f43faf0bd9958debb,raw_manifest,f275840934ede6b2efc3479d1aed03c4c4a7ef85e153c41a747f4b32abfda226,50ed2d642f7e5ab1c495f9d43526dbc7ced2cb6e3521d8207719409066db928a,0e5a3dffffbd3c516b528ef32ba1a488b817d2f151fc3e8c81023814de1c103a,5a0b972f71bdca2f9578a1fb7d96aab52396c257d0b04a40421a60047e2e8635,b226b97e0e67288aaaf85726ad855df71cb81406685c57c8e8c40cd8996aa0da,c683cc56f7787411b7b7e8e439479e917f9f1d54,False,"{""VRP-EVRP-Project-Hub"": {""dirty"": false, ""path"": ""/Users/guoyiyang/Documents/GitHub/FURP-2026-Yiyang-GUO-EVRP-TW/reference/VRP-EVRP-Project-Hub"", ""revision"": ""e3a890065105f978187e532642c4442522215e02""}, ""py-ga-VRPTW"": {""dirty"": false, ""path"": ""/Users/guoyiyang/Documents/GitHub/FURP-2026-Yiyang-GUO-EVRP-TW/reference/py-ga-VRPTW"", ""revision"": ""8e005caaaf6471a4505588d88c7f0f5e0d4ebffa""}}",stage02.3_constraint_guided_attempt16 + stage02.3_constraint_guided_rerun09,,preserve;see stage03_legacy_path_map.csv
stage03.0,measurement,stage03.0_measurement_attempt03,attempt03,stage03.0_measurement_attempt03,stage03_measurement_smoke03,smoke,r101_21,2015,"[""c101C5"", ""r105C5"", ""rc105C5"", ""c101_21"", ""r101_21"", ""rc101_21""]","[2014, 2015, 2016]",environment,verified_legacy,results/stage03.0_measurement_attempt03/r101_21/2015/stage03.0_measurement_attempt03_environment_r101_21_2015.json,results/stage03-measurement_smoke03/environments/r101_21-alns_stage02_constraint_guided-2015.json,feasible,,not_verified,NOT_READY_FOR_STAGE03_FORMAL_MEASUREMENT,not_applicable,not_published,7c4e3d92d7592667c69618f5ee61e843cddd3ad6ec6f95bb1d8216812d6d71b5,raw_manifest,f275840934ede6b2efc3479d1aed03c4c4a7ef85e153c41a747f4b32abfda226,50ed2d642f7e5ab1c495f9d43526dbc7ced2cb6e3521d8207719409066db928a,0e5a3dffffbd3c516b528ef32ba1a488b817d2f151fc3e8c81023814de1c103a,51671f7e9bd290a71756200197c43573e11e41bf6bfdea7c71250c0ea51d45d5,b226b97e0e67288aaaf85726ad855df71cb81406685c57c8e8c40cd8996aa0da,c683cc56f7787411b7b7e8e439479e917f9f1d54,False,"{""VRP-EVRP-Project-Hub"": {""dirty"": false, ""path"": ""/Users/guoyiyang/Documents/GitHub/FURP-2026-Yiyang-GUO-EVRP-TW/reference/VRP-EVRP-Project-Hub"", ""revision"": ""e3a890065105f978187e532642c4442522215e02""}, ""py-ga-VRPTW"": {""dirty"": false, ""path"": ""/Users/guoyiyang/Documents/GitHub/FURP-2026-Yiyang-GUO-EVRP-TW/reference/py-ga-VRPTW"", ""revision"": ""8e005caaaf6471a4505588d88c7f0f5e0d4ebffa""}}",stage02.3_constraint_guided_attempt16 + stage02.3_constraint_guided_rerun09,,preserve;see stage03_legacy_path_map.csv
stage03.0,measurement,stage03.0_measurement_attempt03,attempt03,stage03.0_measurement_attempt03,stage03_measurement_smoke03,smoke,r101_21,2016,"[""c101C5"", ""r105C5"", ""rc105C5"", ""c101_21"", ""r101_21"", ""rc101_21""]","[2014, 2015, 2016]",environment,verified_legacy,results/stage03.0_measurement_attempt03/r101_21/2016/stage03.0_measurement_attempt03_environment_r101_21_2016.json,results/stage03-measurement_smoke03/environments/r101_21-alns_stage02_constraint_guided-2016.json,feasible,,not_verified,NOT_READY_FOR_STAGE03_FORMAL_MEASUREMENT,not_applicable,not_published,889e544e2f268b1d203ba24885032c9b87348678f35cccadb961534549e467b8,raw_manifest,f275840934ede6b2efc3479d1aed03c4c4a7ef85e153c41a747f4b32abfda226,50ed2d642f7e5ab1c495f9d43526dbc7ced2cb6e3521d8207719409066db928a,0e5a3dffffbd3c516b528ef32ba1a488b817d2f151fc3e8c81023814de1c103a,602b1a478922303e0c660ffd5607ec8c3d5ca55c2ffdfb2972b1b611794a8896,b226b97e0e67288aaaf85726ad855df71cb81406685c57c8e8c40cd8996aa0da,c683cc56f7787411b7b7e8e439479e917f9f1d54,False,"{""VRP-EVRP-Project-Hub"": {""dirty"": false, ""path"": ""/Users/guoyiyang/Documents/GitHub/FURP-2026-Yiyang-GUO-EVRP-TW/reference/VRP-EVRP-Project-Hub"", ""revision"": ""e3a890065105f978187e532642c4442522215e02""}, ""py-ga-VRPTW"": {""dirty"": false, ""path"": ""/Users/guoyiyang/Documents/GitHub/FURP-2026-Yiyang-GUO-EVRP-TW/reference/py-ga-VRPTW"", ""revision"": ""8e005caaaf6471a4505588d88c7f0f5e0d4ebffa""}}",stage02.3_constraint_guided_attempt16 + stage02.3_constraint_guided_rerun09,,preserve;see stage03_legacy_path_map.csv
stage03.0,measurement,stage03.0_measurement_attempt03,attempt03,stage03.0_measurement_attempt03,stage03_measurement_smoke03,smoke,r105C5,2014,"[""c101C5"", ""r105C5"", ""rc105C5"", ""c101_21"", ""r101_21"", ""rc101_21""]","[2014, 2015, 2016]",environment,verified_legacy,results/stage03.0_measurement_attempt03/r105C5/2014/stage03.0_measurement_attempt03_environment_r105C5_2014.json,results/stage03-measurement_smoke03/environments/r105C5-alns_stage02_constraint_guided-2014.json,feasible,,not_verified,NOT_READY_FOR_STAGE03_FORMAL_MEASUREMENT,not_applicable,not_published,25fab5edee30d54e8da7bf91731fba170f26bfcb2908d4d2f2f8d70b5bcef043,raw_manifest,f275840934ede6b2efc3479d1aed03c4c4a7ef85e153c41a747f4b32abfda226,50ed2d642f7e5ab1c495f9d43526dbc7ced2cb6e3521d8207719409066db928a,eb27ec04e799ee6d39dee3d66f15128e197811afa8c664295acbdf6444176434,4d6afea4fb981320756da48969b4c4302da7807bd6943fe3a925e661ca603c30,b226b97e0e67288aaaf85726ad855df71cb81406685c57c8e8c40cd8996aa0da,c683cc56f7787411b7b7e8e439479e917f9f1d54,False,"{""VRP-EVRP-Project-Hub"": {""dirty"": false, ""path"": ""/Users/guoyiyang/Documents/GitHub/FURP-2026-Yiyang-GUO-EVRP-TW/reference/VRP-EVRP-Project-Hub"", ""revision"": ""e3a890065105f978187e532642c4442522215e02""}, ""py-ga-VRPTW"": {""dirty"": false, ""path"": ""/Users/guoyiyang/Documents/GitHub/FURP-2026-Yiyang-GUO-EVRP-TW/reference/py-ga-VRPTW"", ""revision"": ""8e005caaaf6471a4505588d88c7f0f5e0d4ebffa""}}",stage02.3_constraint_guided_attempt16 + stage02.3_constraint_guided_rerun09,,preserve;see stage03_legacy_path_map.csv
stage03.0,measurement,stage03.0_measurement_attempt03,attempt03,stage03.0_measurement_attempt03,stage03_measurement_smoke03,smoke,r105C5,2015,"[""c101C5"", ""r105C5"", ""rc105C5"", ""c101_21"", ""r101_21"", ""rc101_21""]","[2014, 2015, 2016]",environment,verified_legacy,results/stage03.0_measurement_attempt03/r105C5/2015/stage03.0_measurement_attempt03_environment_r105C5_2015.json,results/stage03-measurement_smoke03/environments/r105C5-alns_stage02_constraint_guided-2015.json,feasible,,not_verified,NOT_READY_FOR_STAGE03_FORMAL_MEASUREMENT,not_applicable,not_published,f802ef7800c4eb63bf8b5990cd3a12608e08d286fbd669eded345d662dbc21e3,raw_manifest,f275840934ede6b2efc3479d1aed03c4c4a7ef85e153c41a747f4b32abfda226,50ed2d642f7e5ab1c495f9d43526dbc7ced2cb6e3521d8207719409066db928a,eb27ec04e799ee6d39dee3d66f15128e197811afa8c664295acbdf6444176434,40a788752c9253b1af5b909f1eda0b261be84898b70f14d38967520377e04457,b226b97e0e67288aaaf85726ad855df71cb81406685c57c8e8c40cd8996aa0da,c683cc56f7787411b7b7e8e439479e917f9f1d54,False,"{""VRP-EVRP-Project-Hub"": {""dirty"": false, ""path"": ""/Users/guoyiyang/Documents/GitHub/FURP-2026-Yiyang-GUO-EVRP-TW/reference/VRP-EVRP-Project-Hub"", ""revision"": ""e3a890065105f978187e532642c4442522215e02""}, ""py-ga-VRPTW"": {""dirty"": false, ""path"": ""/Users/guoyiyang/Documents/GitHub/FURP-2026-Yiyang-GUO-EVRP-TW/reference/py-ga-VRPTW"", ""revision"": ""8e005caaaf6471a4505588d88c7f0f5e0d4ebffa""}}",stage02.3_constraint_guided_attempt16 + stage02.3_constraint_guided_rerun09,,preserve;see stage03_legacy_path_map.csv
stage03.0,measurement,stage03.0_measurement_attempt03,attempt03,stage03.0_measurement_attempt03,stage03_measurement_smoke03,smoke,r105C5,2016,"[""c101C5"", ""r105C5"", ""rc105C5"", ""c101_21"", ""r101_21"", ""rc101_21""]","[2014, 2015, 2016]",environment,verified_legacy,results/stage03.0_measurement_attempt03/r105C5/2016/stage03.0_measurement_attempt03_environment_r105C5_2016.json,results/stage03-measurement_smoke03/environments/r105C5-alns_stage02_constraint_guided-2016.json,feasible,,not_verified,NOT_READY_FOR_STAGE03_FORMAL_MEASUREMENT,not_applicable,not_published,8116d2514343093355f3bf4f48c4d5c273116d585a5f835571648ffefd7975dd,raw_manifest,f275840934ede6b2efc3479d1aed03c4c4a7ef85e153c41a747f4b32abfda226,50ed2d642f7e5ab1c495f9d43526dbc7ced2cb6e3521d8207719409066db928a,eb27ec04e799ee6d39dee3d66f15128e197811afa8c664295acbdf6444176434,3f2a306da7be5557be576ddbcad10c0c0a28a786bcea06730e23dfece0eeb491,b226b97e0e67288aaaf85726ad855df71cb81406685c57c8e8c40cd8996aa0da,c683cc56f7787411b7b7e8e439479e917f9f1d54,False,"{""VRP-EVRP-Project-Hub"": {""dirty"": false, ""path"": ""/Users/guoyiyang/Documents/GitHub/FURP-2026-Yiyang-GUO-EVRP-TW/reference/VRP-EVRP-Project-Hub"", ""revision"": ""e3a890065105f978187e532642c4442522215e02""}, ""py-ga-VRPTW"": {""dirty"": false, ""path"": ""/Users/guoyiyang/Documents/GitHub/FURP-2026-Yiyang-GUO-EVRP-TW/reference/py-ga-VRPTW"", ""revision"": ""8e005caaaf6471a4505588d88c7f0f5e0d4ebffa""}}",stage02.3_constraint_guided_attempt16 + stage02.3_constraint_guided_rerun09,,preserve;see stage03_legacy_path_map.csv
stage03.0,measurement,stage03.0_measurement_attempt03,attempt03,stage03.0_measurement_attempt03,stage03_measurement_smoke03,smoke,rc101_21,2014,"[""c101C5"", ""r105C5"", ""rc105C5"", ""c101_21"", ""r101_21"", ""rc101_21""]","[2014, 2015, 2016]",environment,verified_legacy,results/stage03.0_measurement_attempt03/rc101_21/2014/stage03.0_measurement_attempt03_environment_rc101_21_2014.json,results/stage03-measurement_smoke03/environments/rc101_21-alns_stage02_constraint_guided-2014.json,feasible,,not_verified,NOT_READY_FOR_STAGE03_FORMAL_MEASUREMENT,not_applicable,not_published,1d29cb36735b34ad9386cba8529e6aa7c34583af75d940d4f5d09704f44d7177,raw_manifest,f275840934ede6b2efc3479d1aed03c4c4a7ef85e153c41a747f4b32abfda226,50ed2d642f7e5ab1c495f9d43526dbc7ced2cb6e3521d8207719409066db928a,272a3e58d53d4ba9516f01506164cf8a9b98bfeeb8dbd1fd62f6557e4c98e3a1,5b001861e0cf49cd58560ec741484cbb0699cb55753ed6aa5537fbb26b693736,b226b97e0e67288aaaf85726ad855df71cb81406685c57c8e8c40cd8996aa0da,c683cc56f7787411b7b7e8e439479e917f9f1d54,False,"{""VRP-EVRP-Project-Hub"": {""dirty"": false, ""path"": ""/Users/guoyiyang/Documents/GitHub/FURP-2026-Yiyang-GUO-EVRP-TW/reference/VRP-EVRP-Project-Hub"", ""revision"": ""e3a890065105f978187e532642c4442522215e02""}, ""py-ga-VRPTW"": {""dirty"": false, ""path"": ""/Users/guoyiyang/Documents/GitHub/FURP-2026-Yiyang-GUO-EVRP-TW/reference/py-ga-VRPTW"", ""revision"": ""8e005caaaf6471a4505588d88c7f0f5e0d4ebffa""}}",stage02.3_constraint_guided_attempt16 + stage02.3_constraint_guided_rerun09,,preserve;see stage03_legacy_path_map.csv
stage03.0,measurement,stage03.0_measurement_attempt03,attempt03,stage03.0_measurement_attempt03,stage03_measurement_smoke03,smoke,rc101_21,2015,"[""c101C5"", ""r105C5"", ""rc105C5"", ""c101_21"", ""r101_21"", ""rc101_21""]","[2014, 2015, 2016]",environment,verified_legacy,results/stage03.0_measurement_attempt03/rc101_21/2015/stage03.0_measurement_attempt03_environment_rc101_21_2015.json,results/stage03-measurement_smoke03/environments/rc101_21-alns_stage02_constraint_guided-2015.json,feasible,,not_verified,NOT_READY_FOR_STAGE03_FORMAL_MEASUREMENT,not_applicable,not_published,a128b2b52be4c7ae69b1e1dd72a97d81e8700abdced0d5454d2eace22b46de4a,raw_manifest,f275840934ede6b2efc3479d1aed03c4c4a7ef85e153c41a747f4b32abfda226,50ed2d642f7e5ab1c495f9d43526dbc7ced2cb6e3521d8207719409066db928a,272a3e58d53d4ba9516f01506164cf8a9b98bfeeb8dbd1fd62f6557e4c98e3a1,7c8b2eff394a2c63d528c942e981b389b89c680feed3c47592817a42d3e50131,b226b97e0e67288aaaf85726ad855df71cb81406685c57c8e8c40cd8996aa0da,c683cc56f7787411b7b7e8e439479e917f9f1d54,False,"{""VRP-EVRP-Project-Hub"": {""dirty"": false, ""path"": ""/Users/guoyiyang/Documents/GitHub/FURP-2026-Yiyang-GUO-EVRP-TW/reference/VRP-EVRP-Project-Hub"", ""revision"": ""e3a890065105f978187e532642c4442522215e02""}, ""py-ga-VRPTW"": {""dirty"": false, ""path"": ""/Users/guoyiyang/Documents/GitHub/FURP-2026-Yiyang-GUO-EVRP-TW/reference/py-ga-VRPTW"", ""revision"": ""8e005caaaf6471a4505588d88c7f0f5e0d4ebffa""}}",stage02.3_constraint_guided_attempt16 + stage02.3_constraint_guided_rerun09,,preserve;see stage03_legacy_path_map.csv
stage03.0,measurement,stage03.0_measurement_attempt03,attempt03,stage03.0_measurement_attempt03,stage03_measurement_smoke03,smoke,rc101_21,2016,"[""c101C5"", ""r105C5"", ""rc105C5"", ""c101_21"", ""r101_21"", ""rc101_21""]","[2014, 2015, 2016]",environment,verified_legacy,results/stage03.0_measurement_attempt03/rc101_21/2016/stage03.0_measurement_attempt03_environment_rc101_21_2016.json,results/stage03-measurement_smoke03/environments/rc101_21-alns_stage02_constraint_guided-2016.json,feasible,,not_verified,NOT_READY_FOR_STAGE03_FORMAL_MEASUREMENT,not_applicable,not_published,18b813bdf66ea8e89463e935643aec6a12ba544ecff0a86f6b946a087ba48958,raw_manifest,f275840934ede6b2efc3479d1aed03c4c4a7ef85e153c41a747f4b32abfda226,50ed2d642f7e5ab1c495f9d43526dbc7ced2cb6e3521d8207719409066db928a,272a3e58d53d4ba9516f01506164cf8a9b98bfeeb8dbd1fd62f6557e4c98e3a1,a24b8b066165058662ed0555d73ae50a2c7220d2a0f1466f14984149c11a4954,b226b97e0e67288aaaf85726ad855df71cb81406685c57c8e8c40cd8996aa0da,c683cc56f7787411b7b7e8e439479e917f9f1d54,False,"{""VRP-EVRP-Project-Hub"": {""dirty"": false, ""path"": ""/Users/guoyiyang/Documents/GitHub/FURP-2026-Yiyang-GUO-EVRP-TW/reference/VRP-EVRP-Project-Hub"", ""revision"": ""e3a890065105f978187e532642c4442522215e02""}, ""py-ga-VRPTW"": {""dirty"": false, ""path"": ""/Users/guoyiyang/Documents/GitHub/FURP-2026-Yiyang-GUO-EVRP-TW/reference/py-ga-VRPTW"", ""revision"": ""8e005caaaf6471a4505588d88c7f0f5e0d4ebffa""}}",stage02.3_constraint_guided_attempt16 + stage02.3_constraint_guided_rerun09,,preserve;see stage03_legacy_path_map.csv
stage03.0,measurement,stage03.0_measurement_attempt03,attempt03,stage03.0_measurement_attempt03,stage03_measurement_smoke03,smoke,rc105C5,2014,"[""c101C5"", ""r105C5"", ""rc105C5"", ""c101_21"", ""r101_21"", ""rc101_21""]","[2014, 2015, 2016]",environment,verified_legacy,results/stage03.0_measurement_attempt03/rc105C5/2014/stage03.0_measurement_attempt03_environment_rc105C5_2014.json,results/stage03-measurement_smoke03/environments/rc105C5-alns_stage02_constraint_guided-2014.json,feasible,,not_verified,NOT_READY_FOR_STAGE03_FORMAL_MEASUREMENT,not_applicable,not_published,06d8014226321ed9ee6b70ef26d364a6502557de05b3a4b5bd5eca28603277c7,raw_manifest,f275840934ede6b2efc3479d1aed03c4c4a7ef85e153c41a747f4b32abfda226,50ed2d642f7e5ab1c495f9d43526dbc7ced2cb6e3521d8207719409066db928a,2ccfba6c447fa43a994934690acb67c7355ca04d232394907ed6938bc362c643,d1166f6ac37b348e9018f4447bbcd7a110aae97e2199e6c993e18570f09e7f39,b226b97e0e67288aaaf85726ad855df71cb81406685c57c8e8c40cd8996aa0da,c683cc56f7787411b7b7e8e439479e917f9f1d54,False,"{""VRP-EVRP-Project-Hub"": {""dirty"": false, ""path"": ""/Users/guoyiyang/Documents/GitHub/FURP-2026-Yiyang-GUO-EVRP-TW/reference/VRP-EVRP-Project-Hub"", ""revision"": ""e3a890065105f978187e532642c4442522215e02""}, ""py-ga-VRPTW"": {""dirty"": false, ""path"": ""/Users/guoyiyang/Documents/GitHub/FURP-2026-Yiyang-GUO-EVRP-TW/reference/py-ga-VRPTW"", ""revision"": ""8e005caaaf6471a4505588d88c7f0f5e0d4ebffa""}}",stage02.3_constraint_guided_attempt16 + stage02.3_constraint_guided_rerun09,,preserve;see stage03_legacy_path_map.csv
stage03.0,measurement,stage03.0_measurement_attempt03,attempt03,stage03.0_measurement_attempt03,stage03_measurement_smoke03,smoke,rc105C5,2015,"[""c101C5"", ""r105C5"", ""rc105C5"", ""c101_21"", ""r101_21"", ""rc101_21""]","[2014, 2015, 2016]",environment,verified_legacy,results/stage03.0_measurement_attempt03/rc105C5/2015/stage03.0_measurement_attempt03_environment_rc105C5_2015.json,results/stage03-measurement_smoke03/environments/rc105C5-alns_stage02_constraint_guided-2015.json,feasible,,not_verified,NOT_READY_FOR_STAGE03_FORMAL_MEASUREMENT,not_applicable,not_published,a7beb0b10c3fc81c07bb0d9d4f461fd200f98175dfceb6cd4702d8d8efbf0e00,raw_manifest,f275840934ede6b2efc3479d1aed03c4c4a7ef85e153c41a747f4b32abfda226,50ed2d642f7e5ab1c495f9d43526dbc7ced2cb6e3521d8207719409066db928a,2ccfba6c447fa43a994934690acb67c7355ca04d232394907ed6938bc362c643,6166cff54ae05c2a1b869ef5837778b9ea98dd55e7e512e4fee139c2b8f58cf0,b226b97e0e67288aaaf85726ad855df71cb81406685c57c8e8c40cd8996aa0da,c683cc56f7787411b7b7e8e439479e917f9f1d54,False,"{""VRP-EVRP-Project-Hub"": {""dirty"": false, ""path"": ""/Users/guoyiyang/Documents/GitHub/FURP-2026-Yiyang-GUO-EVRP-TW/reference/VRP-EVRP-Project-Hub"", ""revision"": ""e3a890065105f978187e532642c4442522215e02""}, ""py-ga-VRPTW"": {""dirty"": false, ""path"": ""/Users/guoyiyang/Documents/GitHub/FURP-2026-Yiyang-GUO-EVRP-TW/reference/py-ga-VRPTW"", ""revision"": ""8e005caaaf6471a4505588d88c7f0f5e0d4ebffa""}}",stage02.3_constraint_guided_attempt16 + stage02.3_constraint_guided_rerun09,,preserve;see stage03_legacy_path_map.csv
stage03.0,measurement,stage03.0_measurement_attempt03,attempt03,stage03.0_measurement_attempt03,stage03_measurement_smoke03,smoke,rc105C5,2016,"[""c101C5"", ""r105C5"", ""rc105C5"", ""c101_21"", ""r101_21"", ""rc101_21""]","[2014, 2015, 2016]",environment,verified_legacy,results/stage03.0_measurement_attempt03/rc105C5/2016/stage03.0_measurement_attempt03_environment_rc105C5_2016.json,results/stage03-measurement_smoke03/environments/rc105C5-alns_stage02_constraint_guided-2016.json,feasible,,not_verified,NOT_READY_FOR_STAGE03_FORMAL_MEASUREMENT,not_applicable,not_published,baed794890a2c889e29972c98f0eba027f6440b5b9af2dfc1d790ebd2c6eac64,raw_manifest,f275840934ede6b2efc3479d1aed03c4c4a7ef85e153c41a747f4b32abfda226,50ed2d642f7e5ab1c495f9d43526dbc7ced2cb6e3521d8207719409066db928a,2ccfba6c447fa43a994934690acb67c7355ca04d232394907ed6938bc362c643,b0f52ddfbf0067d25e24d677e9d0e98431b6b39fd5faf2bcfab10beb062ccb6a,b226b97e0e67288aaaf85726ad855df71cb81406685c57c8e8c40cd8996aa0da,c683cc56f7787411b7b7e8e439479e917f9f1d54,False,"{""VRP-EVRP-Project-Hub"": {""dirty"": false, ""path"": ""/Users/guoyiyang/Documents/GitHub/FURP-2026-Yiyang-GUO-EVRP-TW/reference/VRP-EVRP-Project-Hub"", ""revision"": ""e3a890065105f978187e532642c4442522215e02""}, ""py-ga-VRPTW"": {""dirty"": false, ""path"": ""/Users/guoyiyang/Documents/GitHub/FURP-2026-Yiyang-GUO-EVRP-TW/reference/py-ga-VRPTW"", ""revision"": ""8e005caaaf6471a4505588d88c7f0f5e0d4ebffa""}}",stage02.3_constraint_guided_attempt16 + stage02.3_constraint_guided_rerun09,,preserve;see stage03_legacy_path_map.csv
stage03.0,measurement,stage03.0_measurement_attempt03,attempt03,stage03.0_measurement_attempt03,stage03_measurement_smoke03,smoke,c101C5,2014,"[""c101C5"", ""r105C5"", ""rc105C5"", ""c101_21"", ""r101_21"", ""rc101_21""]","[2014, 2015, 2016]",events,verified_legacy,results/stage03.0_measurement_attempt03/c101C5/2014/stage03.0_measurement_attempt03_events_c101C5_2014.jsonl,results/stage03-measurement_smoke03/events/c101C5-alns_stage02_constraint_guided-2014.jsonl,feasible,,not_verified,NOT_READY_FOR_STAGE03_FORMAL_MEASUREMENT,not_applicable,not_published,bb7c59cdbb3eb690708a5088bf718bfc7212c7cd87aa02de022a26f6639735e9,raw_manifest,f275840934ede6b2efc3479d1aed03c4c4a7ef85e153c41a747f4b32abfda226,50ed2d642f7e5ab1c495f9d43526dbc7ced2cb6e3521d8207719409066db928a,8612d6d9aad051776097a5e50c7408f39352b8107b0639d58e5eda713f9ff876,fd33aa330762081c8fb317b708d9084f15ac4dac07f948f3489d6aee2771f3ca,b226b97e0e67288aaaf85726ad855df71cb81406685c57c8e8c40cd8996aa0da,c683cc56f7787411b7b7e8e439479e917f9f1d54,False,"{""VRP-EVRP-Project-Hub"": {""dirty"": false, ""path"": ""/Users/guoyiyang/Documents/GitHub/FURP-2026-Yiyang-GUO-EVRP-TW/reference/VRP-EVRP-Project-Hub"", ""revision"": ""e3a890065105f978187e532642c4442522215e02""}, ""py-ga-VRPTW"": {""dirty"": false, ""path"": ""/Users/guoyiyang/Documents/GitHub/FURP-2026-Yiyang-GUO-EVRP-TW/reference/py-ga-VRPTW"", ""revision"": ""8e005caaaf6471a4505588d88c7f0f5e0d4ebffa""}}",stage02.3_constraint_guided_attempt16 + stage02.3_constraint_guided_rerun09,,preserve;see stage03_legacy_path_map.csv
stage03.0,measurement,stage03.0_measurement_attempt03,attempt03,stage03.0_measurement_attempt03,stage03_measurement_smoke03,smoke,c101C5,2015,"[""c101C5"", ""r105C5"", ""rc105C5"", ""c101_21"", ""r101_21"", ""rc101_21""]","[2014, 2015, 2016]",events,verified_legacy,results/stage03.0_measurement_attempt03/c101C5/2015/stage03.0_measurement_attempt03_events_c101C5_2015.jsonl,results/stage03-measurement_smoke03/events/c101C5-alns_stage02_constraint_guided-2015.jsonl,feasible,,not_verified,NOT_READY_FOR_STAGE03_FORMAL_MEASUREMENT,not_applicable,not_published,54ad2a5211e655fd7584b9ad593faa3d316d359873f990dc6211cf64a93cf580,raw_manifest,f275840934ede6b2efc3479d1aed03c4c4a7ef85e153c41a747f4b32abfda226,50ed2d642f7e5ab1c495f9d43526dbc7ced2cb6e3521d8207719409066db928a,8612d6d9aad051776097a5e50c7408f39352b8107b0639d58e5eda713f9ff876,0c8ae9aa9cfb340a11d8529445425a0e93908b33fd52a75d0aa89ef3782ab516,b226b97e0e67288aaaf85726ad855df71cb81406685c57c8e8c40cd8996aa0da,c683cc56f7787411b7b7e8e439479e917f9f1d54,False,"{""VRP-EVRP-Project-Hub"": {""dirty"": false, ""path"": ""/Users/guoyiyang/Documents/GitHub/FURP-2026-Yiyang-GUO-EVRP-TW/reference/VRP-EVRP-Project-Hub"", ""revision"": ""e3a890065105f978187e532642c4442522215e02""}, ""py-ga-VRPTW"": {""dirty"": false, ""path"": ""/Users/guoyiyang/Documents/GitHub/FURP-2026-Yiyang-GUO-EVRP-TW/reference/py-ga-VRPTW"", ""revision"": ""8e005caaaf6471a4505588d88c7f0f5e0d4ebffa""}}",stage02.3_constraint_guided_attempt16 + stage02.3_constraint_guided_rerun09,,preserve;see stage03_legacy_path_map.csv
stage03.0,measurement,stage03.0_measurement_attempt03,attempt03,stage03.0_measurement_attempt03,stage03_measurement_smoke03,smoke,c101C5,2016,"[""c101C5"", ""r105C5"", ""rc105C5"", ""c101_21"", ""r101_21"", ""rc101_21""]","[2014, 2015, 2016]",events,verified_legacy,results/stage03.0_measurement_attempt03/c101C5/2016/stage03.0_measurement_attempt03_events_c101C5_2016.jsonl,results/stage03-measurement_smoke03/events/c101C5-alns_stage02_constraint_guided-2016.jsonl,feasible,,not_verified,NOT_READY_FOR_STAGE03_FORMAL_MEASUREMENT,not_applicable,not_published,3937f303fb080fa10544a7d4f924bb1f9178df6ae815a24fba905f3a9fca45dc,raw_manifest,f275840934ede6b2efc3479d1aed03c4c4a7ef85e153c41a747f4b32abfda226,50ed2d642f7e5ab1c495f9d43526dbc7ced2cb6e3521d8207719409066db928a,8612d6d9aad051776097a5e50c7408f39352b8107b0639d58e5eda713f9ff876,ba3b92dd534b9c04a192b992c8cb3b2b239c54335b86605610348163ffd621dd,b226b97e0e67288aaaf85726ad855df71cb81406685c57c8e8c40cd8996aa0da,c683cc56f7787411b7b7e8e439479e917f9f1d54,False,"{""VRP-EVRP-Project-Hub"": {""dirty"": false, ""path"": ""/Users/guoyiyang/Documents/GitHub/FURP-2026-Yiyang-GUO-EVRP-TW/reference/VRP-EVRP-Project-Hub"", ""revision"": ""e3a890065105f978187e532642c4442522215e02""}, ""py-ga-VRPTW"": {""dirty"": false, ""path"": ""/Users/guoyiyang/Documents/GitHub/FURP-2026-Yiyang-GUO-EVRP-TW/reference/py-ga-VRPTW"", ""revision"": ""8e005caaaf6471a4505588d88c7f0f5e0d4ebffa""}}",stage02.3_constraint_guided_attempt16 + stage02.3_constraint_guided_rerun09,,preserve;see stage03_legacy_path_map.csv
stage03.0,measurement,stage03.0_measurement_attempt03,attempt03,stage03.0_measurement_attempt03,stage03_measurement_smoke03,smoke,c101_21,2014,"[""c101C5"", ""r105C5"", ""rc105C5"", ""c101_21"", ""r101_21"", ""rc101_21""]","[2014, 2015, 2016]",events,verified_legacy,results/stage03.0_measurement_attempt03/c101_21/2014/stage03.0_measurement_attempt03_events_c101_21_2014.jsonl,results/stage03-measurement_smoke03/events/c101_21-alns_stage02_constraint_guided-2014.jsonl,feasible,,not_verified,NOT_READY_FOR_STAGE03_FORMAL_MEASUREMENT,not_applicable,not_published,365ab951e5554380da3fd54fe9f88089f363c6fb579b9972ed573fa2ba0f64e7,raw_manifest,f275840934ede6b2efc3479d1aed03c4c4a7ef85e153c41a747f4b32abfda226,50ed2d642f7e5ab1c495f9d43526dbc7ced2cb6e3521d8207719409066db928a,c5cda6ca63a7d518902cf4b02d98b4aa0f373aaa0658d5c666d1c46d38871cb9,69e9782f17aff16ddf4848bcbb9c309b1bb2b142fc224cf128de33b68a08826e,b226b97e0e67288aaaf85726ad855df71cb81406685c57c8e8c40cd8996aa0da,c683cc56f7787411b7b7e8e439479e917f9f1d54,False,"{""VRP-EVRP-Project-Hub"": {""dirty"": false, ""path"": ""/Users/guoyiyang/Documents/GitHub/FURP-2026-Yiyang-GUO-EVRP-TW/reference/VRP-EVRP-Project-Hub"", ""revision"": ""e3a890065105f978187e532642c4442522215e02""}, ""py-ga-VRPTW"": {""dirty"": false, ""path"": ""/Users/guoyiyang/Documents/GitHub/FURP-2026-Yiyang-GUO-EVRP-TW/reference/py-ga-VRPTW"", ""revision"": ""8e005caaaf6471a4505588d88c7f0f5e0d4ebffa""}}",stage02.3_constraint_guided_attempt16 + stage02.3_constraint_guided_rerun09,,preserve;see stage03_legacy_path_map.csv
stage03.0,measurement,stage03.0_measurement_attempt03,attempt03,stage03.0_measurement_attempt03,stage03_measurement_smoke03,smoke,c101_21,2015,"[""c101C5"", ""r105C5"", ""rc105C5"", ""c101_21"", ""r101_21"", ""rc101_21""]","[2014, 2015, 2016]",events,verified_legacy,results/stage03.0_measurement_attempt03/c101_21/2015/stage03.0_measurement_attempt03_events_c101_21_2015.jsonl,results/stage03-measurement_smoke03/events/c101_21-alns_stage02_constraint_guided-2015.jsonl,feasible,,not_verified,NOT_READY_FOR_STAGE03_FORMAL_MEASUREMENT,not_applicable,not_published,a7015c4e22f72b05c06acd2bc4336c94488747c32e76cc4a717d1b8df77989fb,raw_manifest,f275840934ede6b2efc3479d1aed03c4c4a7ef85e153c41a747f4b32abfda226,50ed2d642f7e5ab1c495f9d43526dbc7ced2cb6e3521d8207719409066db928a,c5cda6ca63a7d518902cf4b02d98b4aa0f373aaa0658d5c666d1c46d38871cb9,bcf12ab030521ca00bcf4069f3990226ab21151aaa112549328040535ec1068e,b226b97e0e67288aaaf85726ad855df71cb81406685c57c8e8c40cd8996aa0da,c683cc56f7787411b7b7e8e439479e917f9f1d54,False,"{""VRP-EVRP-Project-Hub"": {""dirty"": false, ""path"": ""/Users/guoyiyang/Documents/GitHub/FURP-2026-Yiyang-GUO-EVRP-TW/reference/VRP-EVRP-Project-Hub"", ""revision"": ""e3a890065105f978187e532642c4442522215e02""}, ""py-ga-VRPTW"": {""dirty"": false, ""path"": ""/Users/guoyiyang/Documents/GitHub/FURP-2026-Yiyang-GUO-EVRP-TW/reference/py-ga-VRPTW"", ""revision"": ""8e005caaaf6471a4505588d88c7f0f5e0d4ebffa""}}",stage02.3_constraint_guided_attempt16 + stage02.3_constraint_guided_rerun09,,preserve;see stage03_legacy_path_map.csv
stage03.0,measurement,stage03.0_measurement_attempt03,attempt03,stage03.0_measurement_attempt03,stage03_measurement_smoke03,smoke,c101_21,2016,"[""c101C5"", ""r105C5"", ""rc105C5"", ""c101_21"", ""r101_21"", ""rc101_21""]","[2014, 2015, 2016]",events,verified_legacy,results/stage03.0_measurement_attempt03/c101_21/2016/stage03.0_measurement_attempt03_events_c101_21_2016.jsonl,results/stage03-measurement_smoke03/events/c101_21-alns_stage02_constraint_guided-2016.jsonl,feasible,,not_verified,NOT_READY_FOR_STAGE03_FORMAL_MEASUREMENT,not_applicable,not_published,83aedb71f5f4cb53480ece038a512f4f68f1b8a705c64d88a2e4b29fbbe2fcd0,raw_manifest,f275840934ede6b2efc3479d1aed03c4c4a7ef85e153c41a747f4b32abfda226,50ed2d642f7e5ab1c495f9d43526dbc7ced2cb6e3521d8207719409066db928a,c5cda6ca63a7d518902cf4b02d98b4aa0f373aaa0658d5c666d1c46d38871cb9,1814628f4e909b84455f5d97f3965bdef5e2a9eb87e9a0c4bd73e175a839ff7a,b226b97e0e67288aaaf85726ad855df71cb81406685c57c8e8c40cd8996aa0da,c683cc56f7787411b7b7e8e439479e917f9f1d54,False,"{""VRP-EVRP-Project-Hub"": {""dirty"": false, ""path"": ""/Users/guoyiyang/Documents/GitHub/FURP-2026-Yiyang-GUO-EVRP-TW/reference/VRP-EVRP-Project-Hub"", ""revision"": ""e3a890065105f978187e532642c4442522215e02""}, ""py-ga-VRPTW"": {""dirty"": false, ""path"": ""/Users/guoyiyang/Documents/GitHub/FURP-2026-Yiyang-GUO-EVRP-TW/reference/py-ga-VRPTW"", ""revision"": ""8e005caaaf6471a4505588d88c7f0f5e0d4ebffa""}}",stage02.3_constraint_guided_attempt16 + stage02.3_constraint_guided_rerun09,,preserve;see stage03_legacy_path_map.csv
stage03.0,measurement,stage03.0_measurement_attempt03,attempt03,stage03.0_measurement_attempt03,stage03_measurement_smoke03,smoke,r101_21,2014,"[""c101C5"", ""r105C5"", ""rc105C5"", ""c101_21"", ""r101_21"", ""rc101_21""]","[2014, 2015, 2016]",events,verified_legacy,results/stage03.0_measurement_attempt03/r101_21/2014/stage03.0_measurement_attempt03_events_r101_21_2014.jsonl,results/stage03-measurement_smoke03/events/r101_21-alns_stage02_constraint_guided-2014.jsonl,feasible,,not_verified,NOT_READY_FOR_STAGE03_FORMAL_MEASUREMENT,not_applicable,not_published,4736758b6bff98b9b62d16d3e134a8eb7c6fb400292d2ee92bbe83d1a95da96c,raw_manifest,f275840934ede6b2efc3479d1aed03c4c4a7ef85e153c41a747f4b32abfda226,50ed2d642f7e5ab1c495f9d43526dbc7ced2cb6e3521d8207719409066db928a,0e5a3dffffbd3c516b528ef32ba1a488b817d2f151fc3e8c81023814de1c103a,5a0b972f71bdca2f9578a1fb7d96aab52396c257d0b04a40421a60047e2e8635,b226b97e0e67288aaaf85726ad855df71cb81406685c57c8e8c40cd8996aa0da,c683cc56f7787411b7b7e8e439479e917f9f1d54,False,"{""VRP-EVRP-Project-Hub"": {""dirty"": false, ""path"": ""/Users/guoyiyang/Documents/GitHub/FURP-2026-Yiyang-GUO-EVRP-TW/reference/VRP-EVRP-Project-Hub"", ""revision"": ""e3a890065105f978187e532642c4442522215e02""}, ""py-ga-VRPTW"": {""dirty"": false, ""path"": ""/Users/guoyiyang/Documents/GitHub/FURP-2026-Yiyang-GUO-EVRP-TW/reference/py-ga-VRPTW"", ""revision"": ""8e005caaaf6471a4505588d88c7f0f5e0d4ebffa""}}",stage02.3_constraint_guided_attempt16 + stage02.3_constraint_guided_rerun09,,preserve;see stage03_legacy_path_map.csv
stage03.0,measurement,stage03.0_measurement_attempt03,attempt03,stage03.0_measurement_attempt03,stage03_measurement_smoke03,smoke,r101_21,2015,"[""c101C5"", ""r105C5"", ""rc105C5"", ""c101_21"", ""r101_21"", ""rc101_21""]","[2014, 2015, 2016]",events,verified_legacy,results/stage03.0_measurement_attempt03/r101_21/2015/stage03.0_measurement_attempt03_events_r101_21_2015.jsonl,results/stage03-measurement_smoke03/events/r101_21-alns_stage02_constraint_guided-2015.jsonl,feasible,,not_verified,NOT_READY_FOR_STAGE03_FORMAL_MEASUREMENT,not_applicable,not_published,274d3f4cc32b93c247b563ac899f70f22ef329385fe7c5fbb2c3828e16e50c8f,raw_manifest,f275840934ede6b2efc3479d1aed03c4c4a7ef85e153c41a747f4b32abfda226,50ed2d642f7e5ab1c495f9d43526dbc7ced2cb6e3521d8207719409066db928a,0e5a3dffffbd3c516b528ef32ba1a488b817d2f151fc3e8c81023814de1c103a,51671f7e9bd290a71756200197c43573e11e41bf6bfdea7c71250c0ea51d45d5,b226b97e0e67288aaaf85726ad855df71cb81406685c57c8e8c40cd8996aa0da,c683cc56f7787411b7b7e8e439479e917f9f1d54,False,"{""VRP-EVRP-Project-Hub"": {""dirty"": false, ""path"": ""/Users/guoyiyang/Documents/GitHub/FURP-2026-Yiyang-GUO-EVRP-TW/reference/VRP-EVRP-Project-Hub"", ""revision"": ""e3a890065105f978187e532642c4442522215e02""}, ""py-ga-VRPTW"": {""dirty"": false, ""path"": ""/Users/guoyiyang/Documents/GitHub/FURP-2026-Yiyang-GUO-EVRP-TW/reference/py-ga-VRPTW"", ""revision"": ""8e005caaaf6471a4505588d88c7f0f5e0d4ebffa""}}",stage02.3_constraint_guided_attempt16 + stage02.3_constraint_guided_rerun09,,preserve;see stage03_legacy_path_map.csv
stage03.0,measurement,stage03.0_measurement_attempt03,attempt03,stage03.0_measurement_attempt03,stage03_measurement_smoke03,smoke,r101_21,2016,"[""c101C5"", ""r105C5"", ""rc105C5"", ""c101_21"", ""r101_21"", ""rc101_21""]","[2014, 2015, 2016]",events,verified_legacy,results/stage03.0_measurement_attempt03/r101_21/2016/stage03.0_measurement_attempt03_events_r101_21_2016.jsonl,results/stage03-measurement_smoke03/events/r101_21-alns_stage02_constraint_guided-2016.jsonl,feasible,,not_verified,NOT_READY_FOR_STAGE03_FORMAL_MEASUREMENT,not_applicable,not_published,11e33b0764a5da3af9a4c53e31e270e13286f96819188225f3ea9e1c42c16bcb,raw_manifest,f275840934ede6b2efc3479d1aed03c4c4a7ef85e153c41a747f4b32abfda226,50ed2d642f7e5ab1c495f9d43526dbc7ced2cb6e3521d8207719409066db928a,0e5a3dffffbd3c516b528ef32ba1a488b817d2f151fc3e8c81023814de1c103a,602b1a478922303e0c660ffd5607ec8c3d5ca55c2ffdfb2972b1b611794a8896,b226b97e0e67288aaaf85726ad855df71cb81406685c57c8e8c40cd8996aa0da,c683cc56f7787411b7b7e8e439479e917f9f1d54,False,"{""VRP-EVRP-Project-Hub"": {""dirty"": false, ""path"": ""/Users/guoyiyang/Documents/GitHub/FURP-2026-Yiyang-GUO-EVRP-TW/reference/VRP-EVRP-Project-Hub"", ""revision"": ""e3a890065105f978187e532642c4442522215e02""}, ""py-ga-VRPTW"": {""dirty"": false, ""path"": ""/Users/guoyiyang/Documents/GitHub/FURP-2026-Yiyang-GUO-EVRP-TW/reference/py-ga-VRPTW"", ""revision"": ""8e005caaaf6471a4505588d88c7f0f5e0d4ebffa""}}",stage02.3_constraint_guided_attempt16 + stage02.3_constraint_guided_rerun09,,preserve;see stage03_legacy_path_map.csv
stage03.0,measurement,stage03.0_measurement_attempt03,attempt03,stage03.0_measurement_attempt03,stage03_measurement_smoke03,smoke,r105C5,2014,"[""c101C5"", ""r105C5"", ""rc105C5"", ""c101_21"", ""r101_21"", ""rc101_21""]","[2014, 2015, 2016]",events,verified_legacy,results/stage03.0_measurement_attempt03/r105C5/2014/stage03.0_measurement_attempt03_events_r105C5_2014.jsonl,results/stage03-measurement_smoke03/events/r105C5-alns_stage02_constraint_guided-2014.jsonl,feasible,,not_verified,NOT_READY_FOR_STAGE03_FORMAL_MEASUREMENT,not_applicable,not_published,012e4def2489314ae68b5b7361bff3f58a36af140f130de3f848570104d0916b,raw_manifest,f275840934ede6b2efc3479d1aed03c4c4a7ef85e153c41a747f4b32abfda226,50ed2d642f7e5ab1c495f9d43526dbc7ced2cb6e3521d8207719409066db928a,eb27ec04e799ee6d39dee3d66f15128e197811afa8c664295acbdf6444176434,4d6afea4fb981320756da48969b4c4302da7807bd6943fe3a925e661ca603c30,b226b97e0e67288aaaf85726ad855df71cb81406685c57c8e8c40cd8996aa0da,c683cc56f7787411b7b7e8e439479e917f9f1d54,False,"{""VRP-EVRP-Project-Hub"": {""dirty"": false, ""path"": ""/Users/guoyiyang/Documents/GitHub/FURP-2026-Yiyang-GUO-EVRP-TW/reference/VRP-EVRP-Project-Hub"", ""revision"": ""e3a890065105f978187e532642c4442522215e02""}, ""py-ga-VRPTW"": {""dirty"": false, ""path"": ""/Users/guoyiyang/Documents/GitHub/FURP-2026-Yiyang-GUO-EVRP-TW/reference/py-ga-VRPTW"", ""revision"": ""8e005caaaf6471a4505588d88c7f0f5e0d4ebffa""}}",stage02.3_constraint_guided_attempt16 + stage02.3_constraint_guided_rerun09,,preserve;see stage03_legacy_path_map.csv
stage03.0,measurement,stage03.0_measurement_attempt03,attempt03,stage03.0_measurement_attempt03,stage03_measurement_smoke03,smoke,r105C5,2015,"[""c101C5"", ""r105C5"", ""rc105C5"", ""c101_21"", ""r101_21"", ""rc101_21""]","[2014, 2015, 2016]",events,verified_legacy,results/stage03.0_measurement_attempt03/r105C5/2015/stage03.0_measurement_attempt03_events_r105C5_2015.jsonl,results/stage03-measurement_smoke03/events/r105C5-alns_stage02_constraint_guided-2015.jsonl,feasible,,not_verified,NOT_READY_FOR_STAGE03_FORMAL_MEASUREMENT,not_applicable,not_published,1a36d36da3e3cee8266635246a458f4982a2ebfec0ebc4c7c1e1ca214d354351,raw_manifest,f275840934ede6b2efc3479d1aed03c4c4a7ef85e153c41a747f4b32abfda226,50ed2d642f7e5ab1c495f9d43526dbc7ced2cb6e3521d8207719409066db928a,eb27ec04e799ee6d39dee3d66f15128e197811afa8c664295acbdf6444176434,40a788752c9253b1af5b909f1eda0b261be84898b70f14d38967520377e04457,b226b97e0e67288aaaf85726ad855df71cb81406685c57c8e8c40cd8996aa0da,c683cc56f7787411b7b7e8e439479e917f9f1d54,False,"{""VRP-EVRP-Project-Hub"": {""dirty"": false, ""path"": ""/Users/guoyiyang/Documents/GitHub/FURP-2026-Yiyang-GUO-EVRP-TW/reference/VRP-EVRP-Project-Hub"", ""revision"": ""e3a890065105f978187e532642c4442522215e02""}, ""py-ga-VRPTW"": {""dirty"": false, ""path"": ""/Users/guoyiyang/Documents/GitHub/FURP-2026-Yiyang-GUO-EVRP-TW/reference/py-ga-VRPTW"", ""revision"": ""8e005caaaf6471a4505588d88c7f0f5e0d4ebffa""}}",stage02.3_constraint_guided_attempt16 + stage02.3_constraint_guided_rerun09,,preserve;see stage03_legacy_path_map.csv
stage03.0,measurement,stage03.0_measurement_attempt03,attempt03,stage03.0_measurement_attempt03,stage03_measurement_smoke03,smoke,r105C5,2016,"[""c101C5"", ""r105C5"", ""rc105C5"", ""c101_21"", ""r101_21"", ""rc101_21""]","[2014, 2015, 2016]",events,verified_legacy,results/stage03.0_measurement_attempt03/r105C5/2016/stage03.0_measurement_attempt03_events_r105C5_2016.jsonl,results/stage03-measurement_smoke03/events/r105C5-alns_stage02_constraint_guided-2016.jsonl,feasible,,not_verified,NOT_READY_FOR_STAGE03_FORMAL_MEASUREMENT,not_applicable,not_published,1a93c945458278a14c3113ef0cfc194407db4691e0f8de02dd6cdaa11274d987,raw_manifest,f275840934ede6b2efc3479d1aed03c4c4a7ef85e153c41a747f4b32abfda226,50ed2d642f7e5ab1c495f9d43526dbc7ced2cb6e3521d8207719409066db928a,eb27ec04e799ee6d39dee3d66f15128e197811afa8c664295acbdf6444176434,3f2a306da7be5557be576ddbcad10c0c0a28a786bcea06730e23dfece0eeb491,b226b97e0e67288aaaf85726ad855df71cb81406685c57c8e8c40cd8996aa0da,c683cc56f7787411b7b7e8e439479e917f9f1d54,False,"{""VRP-EVRP-Project-Hub"": {""dirty"": false, ""path"": ""/Users/guoyiyang/Documents/GitHub/FURP-2026-Yiyang-GUO-EVRP-TW/reference/VRP-EVRP-Project-Hub"", ""revision"": ""e3a890065105f978187e532642c4442522215e02""}, ""py-ga-VRPTW"": {""dirty"": false, ""path"": ""/Users/guoyiyang/Documents/GitHub/FURP-2026-Yiyang-GUO-EVRP-TW/reference/py-ga-VRPTW"", ""revision"": ""8e005caaaf6471a4505588d88c7f0f5e0d4ebffa""}}",stage02.3_constraint_guided_attempt16 + stage02.3_constraint_guided_rerun09,,preserve;see stage03_legacy_path_map.csv
stage03.0,measurement,stage03.0_measurement_attempt03,attempt03,stage03.0_measurement_attempt03,stage03_measurement_smoke03,smoke,rc101_21,2014,"[""c101C5"", ""r105C5"", ""rc105C5"", ""c101_21"", ""r101_21"", ""rc101_21""]","[2014, 2015, 2016]",events,verified_legacy,results/stage03.0_measurement_attempt03/rc101_21/2014/stage03.0_measurement_attempt03_events_rc101_21_2014.jsonl,results/stage03-measurement_smoke03/events/rc101_21-alns_stage02_constraint_guided-2014.jsonl,feasible,,not_verified,NOT_READY_FOR_STAGE03_FORMAL_MEASUREMENT,not_applicable,not_published,9c3eb0a154e141922d0a7c8c7d918827bd3fb1ed5eb77c9eddb38101ff32522e,raw_manifest,f275840934ede6b2efc3479d1aed03c4c4a7ef85e153c41a747f4b32abfda226,50ed2d642f7e5ab1c495f9d43526dbc7ced2cb6e3521d8207719409066db928a,272a3e58d53d4ba9516f01506164cf8a9b98bfeeb8dbd1fd62f6557e4c98e3a1,5b001861e0cf49cd58560ec741484cbb0699cb55753ed6aa5537fbb26b693736,b226b97e0e67288aaaf85726ad855df71cb81406685c57c8e8c40cd8996aa0da,c683cc56f7787411b7b7e8e439479e917f9f1d54,False,"{""VRP-EVRP-Project-Hub"": {""dirty"": false, ""path"": ""/Users/guoyiyang/Documents/GitHub/FURP-2026-Yiyang-GUO-EVRP-TW/reference/VRP-EVRP-Project-Hub"", ""revision"": ""e3a890065105f978187e532642c4442522215e02""}, ""py-ga-VRPTW"": {""dirty"": false, ""path"": ""/Users/guoyiyang/Documents/GitHub/FURP-2026-Yiyang-GUO-EVRP-TW/reference/py-ga-VRPTW"", ""revision"": ""8e005caaaf6471a4505588d88c7f0f5e0d4ebffa""}}",stage02.3_constraint_guided_attempt16 + stage02.3_constraint_guided_rerun09,,preserve;see stage03_legacy_path_map.csv
stage03.0,measurement,stage03.0_measurement_attempt03,attempt03,stage03.0_measurement_attempt03,stage03_measurement_smoke03,smoke,rc101_21,2015,"[""c101C5"", ""r105C5"", ""rc105C5"", ""c101_21"", ""r101_21"", ""rc101_21""]","[2014, 2015, 2016]",events,verified_legacy,results/stage03.0_measurement_attempt03/rc101_21/2015/stage03.0_measurement_attempt03_events_rc101_21_2015.jsonl,results/stage03-measurement_smoke03/events/rc101_21-alns_stage02_constraint_guided-2015.jsonl,feasible,,not_verified,NOT_READY_FOR_STAGE03_FORMAL_MEASUREMENT,not_applicable,not_published,5172bdd65c3f284e7d07b179e2a1a28a9f1f0b9d0fab3ada28e71cbf8605ed3c,raw_manifest,f275840934ede6b2efc3479d1aed03c4c4a7ef85e153c41a747f4b32abfda226,50ed2d642f7e5ab1c495f9d43526dbc7ced2cb6e3521d8207719409066db928a,272a3e58d53d4ba9516f01506164cf8a9b98bfeeb8dbd1fd62f6557e4c98e3a1,7c8b2eff394a2c63d528c942e981b389b89c680feed3c47592817a42d3e50131,b226b97e0e67288aaaf85726ad855df71cb81406685c57c8e8c40cd8996aa0da,c683cc56f7787411b7b7e8e439479e917f9f1d54,False,"{""VRP-EVRP-Project-Hub"": {""dirty"": false, ""path"": ""/Users/guoyiyang/Documents/GitHub/FURP-2026-Yiyang-GUO-EVRP-TW/reference/VRP-EVRP-Project-Hub"", ""revision"": ""e3a890065105f978187e532642c4442522215e02""}, ""py-ga-VRPTW"": {""dirty"": false, ""path"": ""/Users/guoyiyang/Documents/GitHub/FURP-2026-Yiyang-GUO-EVRP-TW/reference/py-ga-VRPTW"", ""revision"": ""8e005caaaf6471a4505588d88c7f0f5e0d4ebffa""}}",stage02.3_constraint_guided_attempt16 + stage02.3_constraint_guided_rerun09,,preserve;see stage03_legacy_path_map.csv
stage03.0,measurement,stage03.0_measurement_attempt03,attempt03,stage03.0_measurement_attempt03,stage03_measurement_smoke03,smoke,rc101_21,2016,"[""c101C5"", ""r105C5"", ""rc105C5"", ""c101_21"", ""r101_21"", ""rc101_21""]","[2014, 2015, 2016]",events,verified_legacy,results/stage03.0_measurement_attempt03/rc101_21/2016/stage03.0_measurement_attempt03_events_rc101_21_2016.jsonl,results/stage03-measurement_smoke03/events/rc101_21-alns_stage02_constraint_guided-2016.jsonl,feasible,,not_verified,NOT_READY_FOR_STAGE03_FORMAL_MEASUREMENT,not_applicable,not_published,37008af10eec7633b278868da197556683470b5e589f6c4e8ac9943c332509fc,raw_manifest,f275840934ede6b2efc3479d1aed03c4c4a7ef85e153c41a747f4b32abfda226,50ed2d642f7e5ab1c495f9d43526dbc7ced2cb6e3521d8207719409066db928a,272a3e58d53d4ba9516f01506164cf8a9b98bfeeb8dbd1fd62f6557e4c98e3a1,a24b8b066165058662ed0555d73ae50a2c7220d2a0f1466f14984149c11a4954,b226b97e0e67288aaaf85726ad855df71cb81406685c57c8e8c40cd8996aa0da,c683cc56f7787411b7b7e8e439479e917f9f1d54,False,"{""VRP-EVRP-Project-Hub"": {""dirty"": false, ""path"": ""/Users/guoyiyang/Documents/GitHub/FURP-2026-Yiyang-GUO-EVRP-TW/reference/VRP-EVRP-Project-Hub"", ""revision"": ""e3a890065105f978187e532642c4442522215e02""}, ""py-ga-VRPTW"": {""dirty"": false, ""path"": ""/Users/guoyiyang/Documents/GitHub/FURP-2026-Yiyang-GUO-EVRP-TW/reference/py-ga-VRPTW"", ""revision"": ""8e005caaaf6471a4505588d88c7f0f5e0d4ebffa""}}",stage02.3_constraint_guided_attempt16 + stage02.3_constraint_guided_rerun09,,preserve;see stage03_legacy_path_map.csv
stage03.0,measurement,stage03.0_measurement_attempt03,attempt03,stage03.0_measurement_attempt03,stage03_measurement_smoke03,smoke,rc105C5,2014,"[""c101C5"", ""r105C5"", ""rc105C5"", ""c101_21"", ""r101_21"", ""rc101_21""]","[2014, 2015, 2016]",events,verified_legacy,results/stage03.0_measurement_attempt03/rc105C5/2014/stage03.0_measurement_attempt03_events_rc105C5_2014.jsonl,results/stage03-measurement_smoke03/events/rc105C5-alns_stage02_constraint_guided-2014.jsonl,feasible,,not_verified,NOT_READY_FOR_STAGE03_FORMAL_MEASUREMENT,not_applicable,not_published,26741df9e835e3521ad604b62b718bb89cda44d5e92035cf792b3d087381411e,raw_manifest,f275840934ede6b2efc3479d1aed03c4c4a7ef85e153c41a747f4b32abfda226,50ed2d642f7e5ab1c495f9d43526dbc7ced2cb6e3521d8207719409066db928a,2ccfba6c447fa43a994934690acb67c7355ca04d232394907ed6938bc362c643,d1166f6ac37b348e9018f4447bbcd7a110aae97e2199e6c993e18570f09e7f39,b226b97e0e67288aaaf85726ad855df71cb81406685c57c8e8c40cd8996aa0da,c683cc56f7787411b7b7e8e439479e917f9f1d54,False,"{""VRP-EVRP-Project-Hub"": {""dirty"": false, ""path"": ""/Users/guoyiyang/Documents/GitHub/FURP-2026-Yiyang-GUO-EVRP-TW/reference/VRP-EVRP-Project-Hub"", ""revision"": ""e3a890065105f978187e532642c4442522215e02""}, ""py-ga-VRPTW"": {""dirty"": false, ""path"": ""/Users/guoyiyang/Documents/GitHub/FURP-2026-Yiyang-GUO-EVRP-TW/reference/py-ga-VRPTW"", ""revision"": ""8e005caaaf6471a4505588d88c7f0f5e0d4ebffa""}}",stage02.3_constraint_guided_attempt16 + stage02.3_constraint_guided_rerun09,,preserve;see stage03_legacy_path_map.csv
stage03.0,measurement,stage03.0_measurement_attempt03,attempt03,stage03.0_measurement_attempt03,stage03_measurement_smoke03,smoke,rc105C5,2015,"[""c101C5"", ""r105C5"", ""rc105C5"", ""c101_21"", ""r101_21"", ""rc101_21""]","[2014, 2015, 2016]",events,verified_legacy,results/stage03.0_measurement_attempt03/rc105C5/2015/stage03.0_measurement_attempt03_events_rc105C5_2015.jsonl,results/stage03-measurement_smoke03/events/rc105C5-alns_stage02_constraint_guided-2015.jsonl,feasible,,not_verified,NOT_READY_FOR_STAGE03_FORMAL_MEASUREMENT,not_applicable,not_published,21ce7773a1eb226ad19bc725c05bca8c714d9f453b81db68bfcab29f57271b49,raw_manifest,f275840934ede6b2efc3479d1aed03c4c4a7ef85e153c41a747f4b32abfda226,50ed2d642f7e5ab1c495f9d43526dbc7ced2cb6e3521d8207719409066db928a,2ccfba6c447fa43a994934690acb67c7355ca04d232394907ed6938bc362c643,6166cff54ae05c2a1b869ef5837778b9ea98dd55e7e512e4fee139c2b8f58cf0,b226b97e0e67288aaaf85726ad855df71cb81406685c57c8e8c40cd8996aa0da,c683cc56f7787411b7b7e8e439479e917f9f1d54,False,"{""VRP-EVRP-Project-Hub"": {""dirty"": false, ""path"": ""/Users/guoyiyang/Documents/GitHub/FURP-2026-Yiyang-GUO-EVRP-TW/reference/VRP-EVRP-Project-Hub"", ""revision"": ""e3a890065105f978187e532642c4442522215e02""}, ""py-ga-VRPTW"": {""dirty"": false, ""path"": ""/Users/guoyiyang/Documents/GitHub/FURP-2026-Yiyang-GUO-EVRP-TW/reference/py-ga-VRPTW"", ""revision"": ""8e005caaaf6471a4505588d88c7f0f5e0d4ebffa""}}",stage02.3_constraint_guided_attempt16 + stage02.3_constraint_guided_rerun09,,preserve;see stage03_legacy_path_map.csv
stage03.0,measurement,stage03.0_measurement_attempt03,attempt03,stage03.0_measurement_attempt03,stage03_measurement_smoke03,smoke,rc105C5,2016,"[""c101C5"", ""r105C5"", ""rc105C5"", ""c101_21"", ""r101_21"", ""rc101_21""]","[2014, 2015, 2016]",events,verified_legacy,results/stage03.0_measurement_attempt03/rc105C5/2016/stage03.0_measurement_attempt03_events_rc105C5_2016.jsonl,results/stage03-measurement_smoke03/events/rc105C5-alns_stage02_constraint_guided-2016.jsonl,feasible,,not_verified,NOT_READY_FOR_STAGE03_FORMAL_MEASUREMENT,not_applicable,not_published,352df75df6030736b1dab86d81c47b54d169530dc795ab47670ce5eeae71fdb8,raw_manifest,f275840934ede6b2efc3479d1aed03c4c4a7ef85e153c41a747f4b32abfda226,50ed2d642f7e5ab1c495f9d43526dbc7ced2cb6e3521d8207719409066db928a,2ccfba6c447fa43a994934690acb67c7355ca04d232394907ed6938bc362c643,b0f52ddfbf0067d25e24d677e9d0e98431b6b39fd5faf2bcfab10beb062ccb6a,b226b97e0e67288aaaf85726ad855df71cb81406685c57c8e8c40cd8996aa0da,c683cc56f7787411b7b7e8e439479e917f9f1d54,False,"{""VRP-EVRP-Project-Hub"": {""dirty"": false, ""path"": ""/Users/guoyiyang/Documents/GitHub/FURP-2026-Yiyang-GUO-EVRP-TW/reference/VRP-EVRP-Project-Hub"", ""revision"": ""e3a890065105f978187e532642c4442522215e02""}, ""py-ga-VRPTW"": {""dirty"": false, ""path"": ""/Users/guoyiyang/Documents/GitHub/FURP-2026-Yiyang-GUO-EVRP-TW/reference/py-ga-VRPTW"", ""revision"": ""8e005caaaf6471a4505588d88c7f0f5e0d4ebffa""}}",stage02.3_constraint_guided_attempt16 + stage02.3_constraint_guided_rerun09,,preserve;see stage03_legacy_path_map.csv
stage03.0,measurement,stage03.0_measurement_attempt03,attempt03,stage03.0_measurement_attempt03,stage03_measurement_smoke03,smoke,__all__,__all__,"[""c101C5"", ""r105C5"", ""rc105C5"", ""c101_21"", ""r101_21"", ""rc101_21""]","[2014, 2015, 2016]",manifest,verified_legacy,results/stage03.0_measurement_attempt03/control/stage03.0_measurement_attempt03_manifest.json,results/stage03-measurement_smoke03/manifest.json,feasible,,not_verified,NOT_READY_FOR_STAGE03_FORMAL_MEASUREMENT,not_applicable,not_published,082b309e25d6bfed62e51fe789181095e718d974d5761f5bbebdaee520160f05,computed,f275840934ede6b2efc3479d1aed03c4c4a7ef85e153c41a747f4b32abfda226,50ed2d642f7e5ab1c495f9d43526dbc7ced2cb6e3521d8207719409066db928a,,,b226b97e0e67288aaaf85726ad855df71cb81406685c57c8e8c40cd8996aa0da,c683cc56f7787411b7b7e8e439479e917f9f1d54,False,"{""VRP-EVRP-Project-Hub"": {""dirty"": false, ""path"": ""/Users/guoyiyang/Documents/GitHub/FURP-2026-Yiyang-GUO-EVRP-TW/reference/VRP-EVRP-Project-Hub"", ""revision"": ""e3a890065105f978187e532642c4442522215e02""}, ""py-ga-VRPTW"": {""dirty"": false, ""path"": ""/Users/guoyiyang/Documents/GitHub/FURP-2026-Yiyang-GUO-EVRP-TW/reference/py-ga-VRPTW"", ""revision"": ""8e005caaaf6471a4505588d88c7f0f5e0d4ebffa""}}",stage02.3_constraint_guided_attempt16 + stage02.3_constraint_guided_rerun09,,preserve;see stage03_legacy_path_map.csv
stage03.0,measurement,stage03.0_measurement_attempt03,attempt03,stage03.0_measurement_attempt03,stage03_measurement_smoke03,smoke,__all__,__all__,"[""c101C5"", ""r105C5"", ""rc105C5"", ""c101_21"", ""r101_21"", ""rc101_21""]","[2014, 2015, 2016]",manifest_checksum,verified_legacy,results/stage03.0_measurement_attempt03/control/stage03.0_measurement_attempt03_manifest_checksum.sha256,results/stage03-measurement_smoke03/manifest.sha256,feasible,,not_verified,NOT_READY_FOR_STAGE03_FORMAL_MEASUREMENT,not_applicable,not_published,d8dff3f2f9dd9eb7eb5769a50c8c7d52ea2bd2ede6df363eb6ce268a1176aabe,computed,f275840934ede6b2efc3479d1aed03c4c4a7ef85e153c41a747f4b32abfda226,50ed2d642f7e5ab1c495f9d43526dbc7ced2cb6e3521d8207719409066db928a,,,b226b97e0e67288aaaf85726ad855df71cb81406685c57c8e8c40cd8996aa0da,c683cc56f7787411b7b7e8e439479e917f9f1d54,False,"{""VRP-EVRP-Project-Hub"": {""dirty"": false, ""path"": ""/Users/guoyiyang/Documents/GitHub/FURP-2026-Yiyang-GUO-EVRP-TW/reference/VRP-EVRP-Project-Hub"", ""revision"": ""e3a890065105f978187e532642c4442522215e02""}, ""py-ga-VRPTW"": {""dirty"": false, ""path"": ""/Users/guoyiyang/Documents/GitHub/FURP-2026-Yiyang-GUO-EVRP-TW/reference/py-ga-VRPTW"", ""revision"": ""8e005caaaf6471a4505588d88c7f0f5e0d4ebffa""}}",stage02.3_constraint_guided_attempt16 + stage02.3_constraint_guided_rerun09,,preserve;see stage03_legacy_path_map.csv
stage03.0,measurement,stage03.0_measurement_attempt03,attempt03,stage03.0_measurement_attempt03,stage03_measurement_smoke03,smoke,__all__,__all__,"[""c101C5"", ""r105C5"", ""rc105C5"", ""c101_21"", ""r101_21"", ""rc101_21""]","[2014, 2015, 2016]",config,verified_legacy,results/stage03.0_measurement_attempt03/control/stage03.0_measurement_attempt03_config.toml,results/stage03-measurement_smoke03/parameters.toml,feasible,,not_verified,NOT_READY_FOR_STAGE03_FORMAL_MEASUREMENT,not_applicable,not_published,50ed2d642f7e5ab1c495f9d43526dbc7ced2cb6e3521d8207719409066db928a,raw_manifest,f275840934ede6b2efc3479d1aed03c4c4a7ef85e153c41a747f4b32abfda226,50ed2d642f7e5ab1c495f9d43526dbc7ced2cb6e3521d8207719409066db928a,,,b226b97e0e67288aaaf85726ad855df71cb81406685c57c8e8c40cd8996aa0da,c683cc56f7787411b7b7e8e439479e917f9f1d54,False,"{""VRP-EVRP-Project-Hub"": {""dirty"": false, ""path"": ""/Users/guoyiyang/Documents/GitHub/FURP-2026-Yiyang-GUO-EVRP-TW/reference/VRP-EVRP-Project-Hub"", ""revision"": ""e3a890065105f978187e532642c4442522215e02""}, ""py-ga-VRPTW"": {""dirty"": false, ""path"": ""/Users/guoyiyang/Documents/GitHub/FURP-2026-Yiyang-GUO-EVRP-TW/reference/py-ga-VRPTW"", ""revision"": ""8e005caaaf6471a4505588d88c7f0f5e0d4ebffa""}}",stage02.3_constraint_guided_attempt16 + stage02.3_constraint_guided_rerun09,,preserve;see stage03_legacy_path_map.csv
stage03.0,measurement,stage03.0_measurement_attempt03,attempt03,stage03.0_measurement_attempt03,stage03_measurement_smoke03,smoke,c101C5,2014,"[""c101C5"", ""r105C5"", ""rc105C5"", ""c101_21"", ""r101_21"", ""rc101_21""]","[2014, 2015, 2016]",raw,verified_legacy,results/stage03.0_measurement_attempt03/c101C5/2014/stage03.0_measurement_attempt03_raw_c101C5_2014.json,results/stage03-measurement_smoke03/raw/c101C5-alns_stage02_constraint_guided-2014.json,feasible,,not_verified,NOT_READY_FOR_STAGE03_FORMAL_MEASUREMENT,not_applicable,not_published,f6284c55b3b16a4227eaf4eb6d39f5cf2622ae6130f0182ae1810eb63c08a073,raw_manifest,f275840934ede6b2efc3479d1aed03c4c4a7ef85e153c41a747f4b32abfda226,50ed2d642f7e5ab1c495f9d43526dbc7ced2cb6e3521d8207719409066db928a,8612d6d9aad051776097a5e50c7408f39352b8107b0639d58e5eda713f9ff876,fd33aa330762081c8fb317b708d9084f15ac4dac07f948f3489d6aee2771f3ca,b226b97e0e67288aaaf85726ad855df71cb81406685c57c8e8c40cd8996aa0da,c683cc56f7787411b7b7e8e439479e917f9f1d54,False,"{""VRP-EVRP-Project-Hub"": {""dirty"": false, ""path"": ""/Users/guoyiyang/Documents/GitHub/FURP-2026-Yiyang-GUO-EVRP-TW/reference/VRP-EVRP-Project-Hub"", ""revision"": ""e3a890065105f978187e532642c4442522215e02""}, ""py-ga-VRPTW"": {""dirty"": false, ""path"": ""/Users/guoyiyang/Documents/GitHub/FURP-2026-Yiyang-GUO-EVRP-TW/reference/py-ga-VRPTW"", ""revision"": ""8e005caaaf6471a4505588d88c7f0f5e0d4ebffa""}}",stage02.3_constraint_guided_attempt16 + stage02.3_constraint_guided_rerun09,,preserve;see stage03_legacy_path_map.csv
stage03.0,measurement,stage03.0_measurement_attempt03,attempt03,stage03.0_measurement_attempt03,stage03_measurement_smoke03,smoke,c101C5,2015,"[""c101C5"", ""r105C5"", ""rc105C5"", ""c101_21"", ""r101_21"", ""rc101_21""]","[2014, 2015, 2016]",raw,verified_legacy,results/stage03.0_measurement_attempt03/c101C5/2015/stage03.0_measurement_attempt03_raw_c101C5_2015.json,results/stage03-measurement_smoke03/raw/c101C5-alns_stage02_constraint_guided-2015.json,feasible,,not_verified,NOT_READY_FOR_STAGE03_FORMAL_MEASUREMENT,not_applicable,not_published,fb43dd038fda725159785eff00d6dc59f1b5f7cc630fe89581085b4bd2c6dcb5,raw_manifest,f275840934ede6b2efc3479d1aed03c4c4a7ef85e153c41a747f4b32abfda226,50ed2d642f7e5ab1c495f9d43526dbc7ced2cb6e3521d8207719409066db928a,8612d6d9aad051776097a5e50c7408f39352b8107b0639d58e5eda713f9ff876,0c8ae9aa9cfb340a11d8529445425a0e93908b33fd52a75d0aa89ef3782ab516,b226b97e0e67288aaaf85726ad855df71cb81406685c57c8e8c40cd8996aa0da,c683cc56f7787411b7b7e8e439479e917f9f1d54,False,"{""VRP-EVRP-Project-Hub"": {""dirty"": false, ""path"": ""/Users/guoyiyang/Documents/GitHub/FURP-2026-Yiyang-GUO-EVRP-TW/reference/VRP-EVRP-Project-Hub"", ""revision"": ""e3a890065105f978187e532642c4442522215e02""}, ""py-ga-VRPTW"": {""dirty"": false, ""path"": ""/Users/guoyiyang/Documents/GitHub/FURP-2026-Yiyang-GUO-EVRP-TW/reference/py-ga-VRPTW"", ""revision"": ""8e005caaaf6471a4505588d88c7f0f5e0d4ebffa""}}",stage02.3_constraint_guided_attempt16 + stage02.3_constraint_guided_rerun09,,preserve;see stage03_legacy_path_map.csv
stage03.0,measurement,stage03.0_measurement_attempt03,attempt03,stage03.0_measurement_attempt03,stage03_measurement_smoke03,smoke,c101C5,2016,"[""c101C5"", ""r105C5"", ""rc105C5"", ""c101_21"", ""r101_21"", ""rc101_21""]","[2014, 2015, 2016]",raw,verified_legacy,results/stage03.0_measurement_attempt03/c101C5/2016/stage03.0_measurement_attempt03_raw_c101C5_2016.json,results/stage03-measurement_smoke03/raw/c101C5-alns_stage02_constraint_guided-2016.json,feasible,,not_verified,NOT_READY_FOR_STAGE03_FORMAL_MEASUREMENT,not_applicable,not_published,d3fce88cd8ce020eec7923cb8caa1c771898065df64a3c1db5b7d758e14a34f6,raw_manifest,f275840934ede6b2efc3479d1aed03c4c4a7ef85e153c41a747f4b32abfda226,50ed2d642f7e5ab1c495f9d43526dbc7ced2cb6e3521d8207719409066db928a,8612d6d9aad051776097a5e50c7408f39352b8107b0639d58e5eda713f9ff876,ba3b92dd534b9c04a192b992c8cb3b2b239c54335b86605610348163ffd621dd,b226b97e0e67288aaaf85726ad855df71cb81406685c57c8e8c40cd8996aa0da,c683cc56f7787411b7b7e8e439479e917f9f1d54,False,"{""VRP-EVRP-Project-Hub"": {""dirty"": false, ""path"": ""/Users/guoyiyang/Documents/GitHub/FURP-2026-Yiyang-GUO-EVRP-TW/reference/VRP-EVRP-Project-Hub"", ""revision"": ""e3a890065105f978187e532642c4442522215e02""}, ""py-ga-VRPTW"": {""dirty"": false, ""path"": ""/Users/guoyiyang/Documents/GitHub/FURP-2026-Yiyang-GUO-EVRP-TW/reference/py-ga-VRPTW"", ""revision"": ""8e005caaaf6471a4505588d88c7f0f5e0d4ebffa""}}",stage02.3_constraint_guided_attempt16 + stage02.3_constraint_guided_rerun09,,preserve;see stage03_legacy_path_map.csv
stage03.0,measurement,stage03.0_measurement_attempt03,attempt03,stage03.0_measurement_attempt03,stage03_measurement_smoke03,smoke,c101_21,2014,"[""c101C5"", ""r105C5"", ""rc105C5"", ""c101_21"", ""r101_21"", ""rc101_21""]","[2014, 2015, 2016]",raw,verified_legacy,results/stage03.0_measurement_attempt03/c101_21/2014/stage03.0_measurement_attempt03_raw_c101_21_2014.json,results/stage03-measurement_smoke03/raw/c101_21-alns_stage02_constraint_guided-2014.json,feasible,,not_verified,NOT_READY_FOR_STAGE03_FORMAL_MEASUREMENT,not_applicable,not_published,da5087d862383d3d40e10493313c32ad9d6cb770fd8ba531eb0fed5946e6dcfc,raw_manifest,f275840934ede6b2efc3479d1aed03c4c4a7ef85e153c41a747f4b32abfda226,50ed2d642f7e5ab1c495f9d43526dbc7ced2cb6e3521d8207719409066db928a,c5cda6ca63a7d518902cf4b02d98b4aa0f373aaa0658d5c666d1c46d38871cb9,69e9782f17aff16ddf4848bcbb9c309b1bb2b142fc224cf128de33b68a08826e,b226b97e0e67288aaaf85726ad855df71cb81406685c57c8e8c40cd8996aa0da,c683cc56f7787411b7b7e8e439479e917f9f1d54,False,"{""VRP-EVRP-Project-Hub"": {""dirty"": false, ""path"": ""/Users/guoyiyang/Documents/GitHub/FURP-2026-Yiyang-GUO-EVRP-TW/reference/VRP-EVRP-Project-Hub"", ""revision"": ""e3a890065105f978187e532642c4442522215e02""}, ""py-ga-VRPTW"": {""dirty"": false, ""path"": ""/Users/guoyiyang/Documents/GitHub/FURP-2026-Yiyang-GUO-EVRP-TW/reference/py-ga-VRPTW"", ""revision"": ""8e005caaaf6471a4505588d88c7f0f5e0d4ebffa""}}",stage02.3_constraint_guided_attempt16 + stage02.3_constraint_guided_rerun09,,preserve;see stage03_legacy_path_map.csv
stage03.0,measurement,stage03.0_measurement_attempt03,attempt03,stage03.0_measurement_attempt03,stage03_measurement_smoke03,smoke,c101_21,2015,"[""c101C5"", ""r105C5"", ""rc105C5"", ""c101_21"", ""r101_21"", ""rc101_21""]","[2014, 2015, 2016]",raw,verified_legacy,results/stage03.0_measurement_attempt03/c101_21/2015/stage03.0_measurement_attempt03_raw_c101_21_2015.json,results/stage03-measurement_smoke03/raw/c101_21-alns_stage02_constraint_guided-2015.json,feasible,,not_verified,NOT_READY_FOR_STAGE03_FORMAL_MEASUREMENT,not_applicable,not_published,9fbff98fc95ac11d0408fd63f9e26a6e8eda822f2fa9e86a02a5e11ba6e2597f,raw_manifest,f275840934ede6b2efc3479d1aed03c4c4a7ef85e153c41a747f4b32abfda226,50ed2d642f7e5ab1c495f9d43526dbc7ced2cb6e3521d8207719409066db928a,c5cda6ca63a7d518902cf4b02d98b4aa0f373aaa0658d5c666d1c46d38871cb9,bcf12ab030521ca00bcf4069f3990226ab21151aaa112549328040535ec1068e,b226b97e0e67288aaaf85726ad855df71cb81406685c57c8e8c40cd8996aa0da,c683cc56f7787411b7b7e8e439479e917f9f1d54,False,"{""VRP-EVRP-Project-Hub"": {""dirty"": false, ""path"": ""/Users/guoyiyang/Documents/GitHub/FURP-2026-Yiyang-GUO-EVRP-TW/reference/VRP-EVRP-Project-Hub"", ""revision"": ""e3a890065105f978187e532642c4442522215e02""}, ""py-ga-VRPTW"": {""dirty"": false, ""path"": ""/Users/guoyiyang/Documents/GitHub/FURP-2026-Yiyang-GUO-EVRP-TW/reference/py-ga-VRPTW"", ""revision"": ""8e005caaaf6471a4505588d88c7f0f5e0d4ebffa""}}",stage02.3_constraint_guided_attempt16 + stage02.3_constraint_guided_rerun09,,preserve;see stage03_legacy_path_map.csv
stage03.0,measurement,stage03.0_measurement_attempt03,attempt03,stage03.0_measurement_attempt03,stage03_measurement_smoke03,smoke,c101_21,2016,"[""c101C5"", ""r105C5"", ""rc105C5"", ""c101_21"", ""r101_21"", ""rc101_21""]","[2014, 2015, 2016]",raw,verified_legacy,results/stage03.0_measurement_attempt03/c101_21/2016/stage03.0_measurement_attempt03_raw_c101_21_2016.json,results/stage03-measurement_smoke03/raw/c101_21-alns_stage02_constraint_guided-2016.json,feasible,,not_verified,NOT_READY_FOR_STAGE03_FORMAL_MEASUREMENT,not_applicable,not_published,9f7b990a23c57b0de8fc58ec7122dc3ead5c5c1910ad2f0e541ab02575808b1c,raw_manifest,f275840934ede6b2efc3479d1aed03c4c4a7ef85e153c41a747f4b32abfda226,50ed2d642f7e5ab1c495f9d43526dbc7ced2cb6e3521d8207719409066db928a,c5cda6ca63a7d518902cf4b02d98b4aa0f373aaa0658d5c666d1c46d38871cb9,1814628f4e909b84455f5d97f3965bdef5e2a9eb87e9a0c4bd73e175a839ff7a,b226b97e0e67288aaaf85726ad855df71cb81406685c57c8e8c40cd8996aa0da,c683cc56f7787411b7b7e8e439479e917f9f1d54,False,"{""VRP-EVRP-Project-Hub"": {""dirty"": false, ""path"": ""/Users/guoyiyang/Documents/GitHub/FURP-2026-Yiyang-GUO-EVRP-TW/reference/VRP-EVRP-Project-Hub"", ""revision"": ""e3a890065105f978187e532642c4442522215e02""}, ""py-ga-VRPTW"": {""dirty"": false, ""path"": ""/Users/guoyiyang/Documents/GitHub/FURP-2026-Yiyang-GUO-EVRP-TW/reference/py-ga-VRPTW"", ""revision"": ""8e005caaaf6471a4505588d88c7f0f5e0d4ebffa""}}",stage02.3_constraint_guided_attempt16 + stage02.3_constraint_guided_rerun09,,preserve;see stage03_legacy_path_map.csv
stage03.0,measurement,stage03.0_measurement_attempt03,attempt03,stage03.0_measurement_attempt03,stage03_measurement_smoke03,smoke,r101_21,2014,"[""c101C5"", ""r105C5"", ""rc105C5"", ""c101_21"", ""r101_21"", ""rc101_21""]","[2014, 2015, 2016]",raw,verified_legacy,results/stage03.0_measurement_attempt03/r101_21/2014/stage03.0_measurement_attempt03_raw_r101_21_2014.json,results/stage03-measurement_smoke03/raw/r101_21-alns_stage02_constraint_guided-2014.json,feasible,,not_verified,NOT_READY_FOR_STAGE03_FORMAL_MEASUREMENT,not_applicable,not_published,7641ea04d84a1ca9fd5f8fe4261ddd77e4c24e60cf20bd66b7ab3fd833bf9c23,raw_manifest,f275840934ede6b2efc3479d1aed03c4c4a7ef85e153c41a747f4b32abfda226,50ed2d642f7e5ab1c495f9d43526dbc7ced2cb6e3521d8207719409066db928a,0e5a3dffffbd3c516b528ef32ba1a488b817d2f151fc3e8c81023814de1c103a,5a0b972f71bdca2f9578a1fb7d96aab52396c257d0b04a40421a60047e2e8635,b226b97e0e67288aaaf85726ad855df71cb81406685c57c8e8c40cd8996aa0da,c683cc56f7787411b7b7e8e439479e917f9f1d54,False,"{""VRP-EVRP-Project-Hub"": {""dirty"": false, ""path"": ""/Users/guoyiyang/Documents/GitHub/FURP-2026-Yiyang-GUO-EVRP-TW/reference/VRP-EVRP-Project-Hub"", ""revision"": ""e3a890065105f978187e532642c4442522215e02""}, ""py-ga-VRPTW"": {""dirty"": false, ""path"": ""/Users/guoyiyang/Documents/GitHub/FURP-2026-Yiyang-GUO-EVRP-TW/reference/py-ga-VRPTW"", ""revision"": ""8e005caaaf6471a4505588d88c7f0f5e0d4ebffa""}}",stage02.3_constraint_guided_attempt16 + stage02.3_constraint_guided_rerun09,,preserve;see stage03_legacy_path_map.csv
stage03.0,measurement,stage03.0_measurement_attempt03,attempt03,stage03.0_measurement_attempt03,stage03_measurement_smoke03,smoke,r101_21,2015,"[""c101C5"", ""r105C5"", ""rc105C5"", ""c101_21"", ""r101_21"", ""rc101_21""]","[2014, 2015, 2016]",raw,verified_legacy,results/stage03.0_measurement_attempt03/r101_21/2015/stage03.0_measurement_attempt03_raw_r101_21_2015.json,results/stage03-measurement_smoke03/raw/r101_21-alns_stage02_constraint_guided-2015.json,feasible,,not_verified,NOT_READY_FOR_STAGE03_FORMAL_MEASUREMENT,not_applicable,not_published,9c0c39f386c3500d28509913bda6e543dbb411a8a098ee467186239ca078bc03,raw_manifest,f275840934ede6b2efc3479d1aed03c4c4a7ef85e153c41a747f4b32abfda226,50ed2d642f7e5ab1c495f9d43526dbc7ced2cb6e3521d8207719409066db928a,0e5a3dffffbd3c516b528ef32ba1a488b817d2f151fc3e8c81023814de1c103a,51671f7e9bd290a71756200197c43573e11e41bf6bfdea7c71250c0ea51d45d5,b226b97e0e67288aaaf85726ad855df71cb81406685c57c8e8c40cd8996aa0da,c683cc56f7787411b7b7e8e439479e917f9f1d54,False,"{""VRP-EVRP-Project-Hub"": {""dirty"": false, ""path"": ""/Users/guoyiyang/Documents/GitHub/FURP-2026-Yiyang-GUO-EVRP-TW/reference/VRP-EVRP-Project-Hub"", ""revision"": ""e3a890065105f978187e532642c4442522215e02""}, ""py-ga-VRPTW"": {""dirty"": false, ""path"": ""/Users/guoyiyang/Documents/GitHub/FURP-2026-Yiyang-GUO-EVRP-TW/reference/py-ga-VRPTW"", ""revision"": ""8e005caaaf6471a4505588d88c7f0f5e0d4ebffa""}}",stage02.3_constraint_guided_attempt16 + stage02.3_constraint_guided_rerun09,,preserve;see stage03_legacy_path_map.csv
stage03.0,measurement,stage03.0_measurement_attempt03,attempt03,stage03.0_measurement_attempt03,stage03_measurement_smoke03,smoke,r101_21,2016,"[""c101C5"", ""r105C5"", ""rc105C5"", ""c101_21"", ""r101_21"", ""rc101_21""]","[2014, 2015, 2016]",raw,verified_legacy,results/stage03.0_measurement_attempt03/r101_21/2016/stage03.0_measurement_attempt03_raw_r101_21_2016.json,results/stage03-measurement_smoke03/raw/r101_21-alns_stage02_constraint_guided-2016.json,feasible,,not_verified,NOT_READY_FOR_STAGE03_FORMAL_MEASUREMENT,not_applicable,not_published,98148d1ba33d7e9bf7fc955f28f1d1b0da6194e2b5bd8e2b1b89b73d1063a504,raw_manifest,f275840934ede6b2efc3479d1aed03c4c4a7ef85e153c41a747f4b32abfda226,50ed2d642f7e5ab1c495f9d43526dbc7ced2cb6e3521d8207719409066db928a,0e5a3dffffbd3c516b528ef32ba1a488b817d2f151fc3e8c81023814de1c103a,602b1a478922303e0c660ffd5607ec8c3d5ca55c2ffdfb2972b1b611794a8896,b226b97e0e67288aaaf85726ad855df71cb81406685c57c8e8c40cd8996aa0da,c683cc56f7787411b7b7e8e439479e917f9f1d54,False,"{""VRP-EVRP-Project-Hub"": {""dirty"": false, ""path"": ""/Users/guoyiyang/Documents/GitHub/FURP-2026-Yiyang-GUO-EVRP-TW/reference/VRP-EVRP-Project-Hub"", ""revision"": ""e3a890065105f978187e532642c4442522215e02""}, ""py-ga-VRPTW"": {""dirty"": false, ""path"": ""/Users/guoyiyang/Documents/GitHub/FURP-2026-Yiyang-GUO-EVRP-TW/reference/py-ga-VRPTW"", ""revision"": ""8e005caaaf6471a4505588d88c7f0f5e0d4ebffa""}}",stage02.3_constraint_guided_attempt16 + stage02.3_constraint_guided_rerun09,,preserve;see stage03_legacy_path_map.csv
stage03.0,measurement,stage03.0_measurement_attempt03,attempt03,stage03.0_measurement_attempt03,stage03_measurement_smoke03,smoke,r105C5,2014,"[""c101C5"", ""r105C5"", ""rc105C5"", ""c101_21"", ""r101_21"", ""rc101_21""]","[2014, 2015, 2016]",raw,verified_legacy,results/stage03.0_measurement_attempt03/r105C5/2014/stage03.0_measurement_attempt03_raw_r105C5_2014.json,results/stage03-measurement_smoke03/raw/r105C5-alns_stage02_constraint_guided-2014.json,feasible,,not_verified,NOT_READY_FOR_STAGE03_FORMAL_MEASUREMENT,not_applicable,not_published,88211501360faea44c2c0a14ad96f6688f1bfdc19d95c584b15d33223f53a74b,raw_manifest,f275840934ede6b2efc3479d1aed03c4c4a7ef85e153c41a747f4b32abfda226,50ed2d642f7e5ab1c495f9d43526dbc7ced2cb6e3521d8207719409066db928a,eb27ec04e799ee6d39dee3d66f15128e197811afa8c664295acbdf6444176434,4d6afea4fb981320756da48969b4c4302da7807bd6943fe3a925e661ca603c30,b226b97e0e67288aaaf85726ad855df71cb81406685c57c8e8c40cd8996aa0da,c683cc56f7787411b7b7e8e439479e917f9f1d54,False,"{""VRP-EVRP-Project-Hub"": {""dirty"": false, ""path"": ""/Users/guoyiyang/Documents/GitHub/FURP-2026-Yiyang-GUO-EVRP-TW/reference/VRP-EVRP-Project-Hub"", ""revision"": ""e3a890065105f978187e532642c4442522215e02""}, ""py-ga-VRPTW"": {""dirty"": false, ""path"": ""/Users/guoyiyang/Documents/GitHub/FURP-2026-Yiyang-GUO-EVRP-TW/reference/py-ga-VRPTW"", ""revision"": ""8e005caaaf6471a4505588d88c7f0f5e0d4ebffa""}}",stage02.3_constraint_guided_attempt16 + stage02.3_constraint_guided_rerun09,,preserve;see stage03_legacy_path_map.csv
stage03.0,measurement,stage03.0_measurement_attempt03,attempt03,stage03.0_measurement_attempt03,stage03_measurement_smoke03,smoke,r105C5,2015,"[""c101C5"", ""r105C5"", ""rc105C5"", ""c101_21"", ""r101_21"", ""rc101_21""]","[2014, 2015, 2016]",raw,verified_legacy,results/stage03.0_measurement_attempt03/r105C5/2015/stage03.0_measurement_attempt03_raw_r105C5_2015.json,results/stage03-measurement_smoke03/raw/r105C5-alns_stage02_constraint_guided-2015.json,feasible,,not_verified,NOT_READY_FOR_STAGE03_FORMAL_MEASUREMENT,not_applicable,not_published,8195328332ba47fde3d19f1e5660b50a58e412819b5cef30f5c5defb32701c71,raw_manifest,f275840934ede6b2efc3479d1aed03c4c4a7ef85e153c41a747f4b32abfda226,50ed2d642f7e5ab1c495f9d43526dbc7ced2cb6e3521d8207719409066db928a,eb27ec04e799ee6d39dee3d66f15128e197811afa8c664295acbdf6444176434,40a788752c9253b1af5b909f1eda0b261be84898b70f14d38967520377e04457,b226b97e0e67288aaaf85726ad855df71cb81406685c57c8e8c40cd8996aa0da,c683cc56f7787411b7b7e8e439479e917f9f1d54,False,"{""VRP-EVRP-Project-Hub"": {""dirty"": false, ""path"": ""/Users/guoyiyang/Documents/GitHub/FURP-2026-Yiyang-GUO-EVRP-TW/reference/VRP-EVRP-Project-Hub"", ""revision"": ""e3a890065105f978187e532642c4442522215e02""}, ""py-ga-VRPTW"": {""dirty"": false, ""path"": ""/Users/guoyiyang/Documents/GitHub/FURP-2026-Yiyang-GUO-EVRP-TW/reference/py-ga-VRPTW"", ""revision"": ""8e005caaaf6471a4505588d88c7f0f5e0d4ebffa""}}",stage02.3_constraint_guided_attempt16 + stage02.3_constraint_guided_rerun09,,preserve;see stage03_legacy_path_map.csv
stage03.0,measurement,stage03.0_measurement_attempt03,attempt03,stage03.0_measurement_attempt03,stage03_measurement_smoke03,smoke,r105C5,2016,"[""c101C5"", ""r105C5"", ""rc105C5"", ""c101_21"", ""r101_21"", ""rc101_21""]","[2014, 2015, 2016]",raw,verified_legacy,results/stage03.0_measurement_attempt03/r105C5/2016/stage03.0_measurement_attempt03_raw_r105C5_2016.json,results/stage03-measurement_smoke03/raw/r105C5-alns_stage02_constraint_guided-2016.json,feasible,,not_verified,NOT_READY_FOR_STAGE03_FORMAL_MEASUREMENT,not_applicable,not_published,f4508c08f4aa11bb8bada71c06483406f1c4bac824a88af806a1e3b1e5d3a15e,raw_manifest,f275840934ede6b2efc3479d1aed03c4c4a7ef85e153c41a747f4b32abfda226,50ed2d642f7e5ab1c495f9d43526dbc7ced2cb6e3521d8207719409066db928a,eb27ec04e799ee6d39dee3d66f15128e197811afa8c664295acbdf6444176434,3f2a306da7be5557be576ddbcad10c0c0a28a786bcea06730e23dfece0eeb491,b226b97e0e67288aaaf85726ad855df71cb81406685c57c8e8c40cd8996aa0da,c683cc56f7787411b7b7e8e439479e917f9f1d54,False,"{""VRP-EVRP-Project-Hub"": {""dirty"": false, ""path"": ""/Users/guoyiyang/Documents/GitHub/FURP-2026-Yiyang-GUO-EVRP-TW/reference/VRP-EVRP-Project-Hub"", ""revision"": ""e3a890065105f978187e532642c4442522215e02""}, ""py-ga-VRPTW"": {""dirty"": false, ""path"": ""/Users/guoyiyang/Documents/GitHub/FURP-2026-Yiyang-GUO-EVRP-TW/reference/py-ga-VRPTW"", ""revision"": ""8e005caaaf6471a4505588d88c7f0f5e0d4ebffa""}}",stage02.3_constraint_guided_attempt16 + stage02.3_constraint_guided_rerun09,,preserve;see stage03_legacy_path_map.csv
stage03.0,measurement,stage03.0_measurement_attempt03,attempt03,stage03.0_measurement_attempt03,stage03_measurement_smoke03,smoke,rc101_21,2014,"[""c101C5"", ""r105C5"", ""rc105C5"", ""c101_21"", ""r101_21"", ""rc101_21""]","[2014, 2015, 2016]",raw,verified_legacy,results/stage03.0_measurement_attempt03/rc101_21/2014/stage03.0_measurement_attempt03_raw_rc101_21_2014.json,results/stage03-measurement_smoke03/raw/rc101_21-alns_stage02_constraint_guided-2014.json,feasible,,not_verified,NOT_READY_FOR_STAGE03_FORMAL_MEASUREMENT,not_applicable,not_published,ad44ee29b94b65874e0aad1699441451a497a0fd35af1024f422c432210df112,raw_manifest,f275840934ede6b2efc3479d1aed03c4c4a7ef85e153c41a747f4b32abfda226,50ed2d642f7e5ab1c495f9d43526dbc7ced2cb6e3521d8207719409066db928a,272a3e58d53d4ba9516f01506164cf8a9b98bfeeb8dbd1fd62f6557e4c98e3a1,5b001861e0cf49cd58560ec741484cbb0699cb55753ed6aa5537fbb26b693736,b226b97e0e67288aaaf85726ad855df71cb81406685c57c8e8c40cd8996aa0da,c683cc56f7787411b7b7e8e439479e917f9f1d54,False,"{""VRP-EVRP-Project-Hub"": {""dirty"": false, ""path"": ""/Users/guoyiyang/Documents/GitHub/FURP-2026-Yiyang-GUO-EVRP-TW/reference/VRP-EVRP-Project-Hub"", ""revision"": ""e3a890065105f978187e532642c4442522215e02""}, ""py-ga-VRPTW"": {""dirty"": false, ""path"": ""/Users/guoyiyang/Documents/GitHub/FURP-2026-Yiyang-GUO-EVRP-TW/reference/py-ga-VRPTW"", ""revision"": ""8e005caaaf6471a4505588d88c7f0f5e0d4ebffa""}}",stage02.3_constraint_guided_attempt16 + stage02.3_constraint_guided_rerun09,,preserve;see stage03_legacy_path_map.csv
stage03.0,measurement,stage03.0_measurement_attempt03,attempt03,stage03.0_measurement_attempt03,stage03_measurement_smoke03,smoke,rc101_21,2015,"[""c101C5"", ""r105C5"", ""rc105C5"", ""c101_21"", ""r101_21"", ""rc101_21""]","[2014, 2015, 2016]",raw,verified_legacy,results/stage03.0_measurement_attempt03/rc101_21/2015/stage03.0_measurement_attempt03_raw_rc101_21_2015.json,results/stage03-measurement_smoke03/raw/rc101_21-alns_stage02_constraint_guided-2015.json,feasible,,not_verified,NOT_READY_FOR_STAGE03_FORMAL_MEASUREMENT,not_applicable,not_published,56e98e85335d7fee8d9f40dbe2251f8252fb5545dc2482e95d162cda85bd7b1f,raw_manifest,f275840934ede6b2efc3479d1aed03c4c4a7ef85e153c41a747f4b32abfda226,50ed2d642f7e5ab1c495f9d43526dbc7ced2cb6e3521d8207719409066db928a,272a3e58d53d4ba9516f01506164cf8a9b98bfeeb8dbd1fd62f6557e4c98e3a1,7c8b2eff394a2c63d528c942e981b389b89c680feed3c47592817a42d3e50131,b226b97e0e67288aaaf85726ad855df71cb81406685c57c8e8c40cd8996aa0da,c683cc56f7787411b7b7e8e439479e917f9f1d54,False,"{""VRP-EVRP-Project-Hub"": {""dirty"": false, ""path"": ""/Users/guoyiyang/Documents/GitHub/FURP-2026-Yiyang-GUO-EVRP-TW/reference/VRP-EVRP-Project-Hub"", ""revision"": ""e3a890065105f978187e532642c4442522215e02""}, ""py-ga-VRPTW"": {""dirty"": false, ""path"": ""/Users/guoyiyang/Documents/GitHub/FURP-2026-Yiyang-GUO-EVRP-TW/reference/py-ga-VRPTW"", ""revision"": ""8e005caaaf6471a4505588d88c7f0f5e0d4ebffa""}}",stage02.3_constraint_guided_attempt16 + stage02.3_constraint_guided_rerun09,,preserve;see stage03_legacy_path_map.csv
stage03.0,measurement,stage03.0_measurement_attempt03,attempt03,stage03.0_measurement_attempt03,stage03_measurement_smoke03,smoke,rc101_21,2016,"[""c101C5"", ""r105C5"", ""rc105C5"", ""c101_21"", ""r101_21"", ""rc101_21""]","[2014, 2015, 2016]",raw,verified_legacy,results/stage03.0_measurement_attempt03/rc101_21/2016/stage03.0_measurement_attempt03_raw_rc101_21_2016.json,results/stage03-measurement_smoke03/raw/rc101_21-alns_stage02_constraint_guided-2016.json,feasible,,not_verified,NOT_READY_FOR_STAGE03_FORMAL_MEASUREMENT,not_applicable,not_published,3dc4d439beda5604b71d7ea073a303d18291e60cabefd5d648741ffa707ca14a,raw_manifest,f275840934ede6b2efc3479d1aed03c4c4a7ef85e153c41a747f4b32abfda226,50ed2d642f7e5ab1c495f9d43526dbc7ced2cb6e3521d8207719409066db928a,272a3e58d53d4ba9516f01506164cf8a9b98bfeeb8dbd1fd62f6557e4c98e3a1,a24b8b066165058662ed0555d73ae50a2c7220d2a0f1466f14984149c11a4954,b226b97e0e67288aaaf85726ad855df71cb81406685c57c8e8c40cd8996aa0da,c683cc56f7787411b7b7e8e439479e917f9f1d54,False,"{""VRP-EVRP-Project-Hub"": {""dirty"": false, ""path"": ""/Users/guoyiyang/Documents/GitHub/FURP-2026-Yiyang-GUO-EVRP-TW/reference/VRP-EVRP-Project-Hub"", ""revision"": ""e3a890065105f978187e532642c4442522215e02""}, ""py-ga-VRPTW"": {""dirty"": false, ""path"": ""/Users/guoyiyang/Documents/GitHub/FURP-2026-Yiyang-GUO-EVRP-TW/reference/py-ga-VRPTW"", ""revision"": ""8e005caaaf6471a4505588d88c7f0f5e0d4ebffa""}}",stage02.3_constraint_guided_attempt16 + stage02.3_constraint_guided_rerun09,,preserve;see stage03_legacy_path_map.csv
stage03.0,measurement,stage03.0_measurement_attempt03,attempt03,stage03.0_measurement_attempt03,stage03_measurement_smoke03,smoke,rc105C5,2014,"[""c101C5"", ""r105C5"", ""rc105C5"", ""c101_21"", ""r101_21"", ""rc101_21""]","[2014, 2015, 2016]",raw,verified_legacy,results/stage03.0_measurement_attempt03/rc105C5/2014/stage03.0_measurement_attempt03_raw_rc105C5_2014.json,results/stage03-measurement_smoke03/raw/rc105C5-alns_stage02_constraint_guided-2014.json,feasible,,not_verified,NOT_READY_FOR_STAGE03_FORMAL_MEASUREMENT,not_applicable,not_published,71622220f243875bd505b86542d212c49e5197f6b21c2bd4f7df99f50f9ff163,raw_manifest,f275840934ede6b2efc3479d1aed03c4c4a7ef85e153c41a747f4b32abfda226,50ed2d642f7e5ab1c495f9d43526dbc7ced2cb6e3521d8207719409066db928a,2ccfba6c447fa43a994934690acb67c7355ca04d232394907ed6938bc362c643,d1166f6ac37b348e9018f4447bbcd7a110aae97e2199e6c993e18570f09e7f39,b226b97e0e67288aaaf85726ad855df71cb81406685c57c8e8c40cd8996aa0da,c683cc56f7787411b7b7e8e439479e917f9f1d54,False,"{""VRP-EVRP-Project-Hub"": {""dirty"": false, ""path"": ""/Users/guoyiyang/Documents/GitHub/FURP-2026-Yiyang-GUO-EVRP-TW/reference/VRP-EVRP-Project-Hub"", ""revision"": ""e3a890065105f978187e532642c4442522215e02""}, ""py-ga-VRPTW"": {""dirty"": false, ""path"": ""/Users/guoyiyang/Documents/GitHub/FURP-2026-Yiyang-GUO-EVRP-TW/reference/py-ga-VRPTW"", ""revision"": ""8e005caaaf6471a4505588d88c7f0f5e0d4ebffa""}}",stage02.3_constraint_guided_attempt16 + stage02.3_constraint_guided_rerun09,,preserve;see stage03_legacy_path_map.csv
stage03.0,measurement,stage03.0_measurement_attempt03,attempt03,stage03.0_measurement_attempt03,stage03_measurement_smoke03,smoke,rc105C5,2015,"[""c101C5"", ""r105C5"", ""rc105C5"", ""c101_21"", ""r101_21"", ""rc101_21""]","[2014, 2015, 2016]",raw,verified_legacy,results/stage03.0_measurement_attempt03/rc105C5/2015/stage03.0_measurement_attempt03_raw_rc105C5_2015.json,results/stage03-measurement_smoke03/raw/rc105C5-alns_stage02_constraint_guided-2015.json,feasible,,not_verified,NOT_READY_FOR_STAGE03_FORMAL_MEASUREMENT,not_applicable,not_published,597d3df62a9e48b84dd9e0ad37f3071f52ac75bd5cbe40155dd7cf0dcf96f327,raw_manifest,f275840934ede6b2efc3479d1aed03c4c4a7ef85e153c41a747f4b32abfda226,50ed2d642f7e5ab1c495f9d43526dbc7ced2cb6e3521d8207719409066db928a,2ccfba6c447fa43a994934690acb67c7355ca04d232394907ed6938bc362c643,6166cff54ae05c2a1b869ef5837778b9ea98dd55e7e512e4fee139c2b8f58cf0,b226b97e0e67288aaaf85726ad855df71cb81406685c57c8e8c40cd8996aa0da,c683cc56f7787411b7b7e8e439479e917f9f1d54,False,"{""VRP-EVRP-Project-Hub"": {""dirty"": false, ""path"": ""/Users/guoyiyang/Documents/GitHub/FURP-2026-Yiyang-GUO-EVRP-TW/reference/VRP-EVRP-Project-Hub"", ""revision"": ""e3a890065105f978187e532642c4442522215e02""}, ""py-ga-VRPTW"": {""dirty"": false, ""path"": ""/Users/guoyiyang/Documents/GitHub/FURP-2026-Yiyang-GUO-EVRP-TW/reference/py-ga-VRPTW"", ""revision"": ""8e005caaaf6471a4505588d88c7f0f5e0d4ebffa""}}",stage02.3_constraint_guided_attempt16 + stage02.3_constraint_guided_rerun09,,preserve;see stage03_legacy_path_map.csv
stage03.0,measurement,stage03.0_measurement_attempt03,attempt03,stage03.0_measurement_attempt03,stage03_measurement_smoke03,smoke,rc105C5,2016,"[""c101C5"", ""r105C5"", ""rc105C5"", ""c101_21"", ""r101_21"", ""rc101_21""]","[2014, 2015, 2016]",raw,verified_legacy,results/stage03.0_measurement_attempt03/rc105C5/2016/stage03.0_measurement_attempt03_raw_rc105C5_2016.json,results/stage03-measurement_smoke03/raw/rc105C5-alns_stage02_constraint_guided-2016.json,feasible,,not_verified,NOT_READY_FOR_STAGE03_FORMAL_MEASUREMENT,not_applicable,not_published,9195148af9de697e0c233611ac1a61fdb38eaaa5e67b9365b18687eed84b4b94,raw_manifest,f275840934ede6b2efc3479d1aed03c4c4a7ef85e153c41a747f4b32abfda226,50ed2d642f7e5ab1c495f9d43526dbc7ced2cb6e3521d8207719409066db928a,2ccfba6c447fa43a994934690acb67c7355ca04d232394907ed6938bc362c643,b0f52ddfbf0067d25e24d677e9d0e98431b6b39fd5faf2bcfab10beb062ccb6a,b226b97e0e67288aaaf85726ad855df71cb81406685c57c8e8c40cd8996aa0da,c683cc56f7787411b7b7e8e439479e917f9f1d54,False,"{""VRP-EVRP-Project-Hub"": {""dirty"": false, ""path"": ""/Users/guoyiyang/Documents/GitHub/FURP-2026-Yiyang-GUO-EVRP-TW/reference/VRP-EVRP-Project-Hub"", ""revision"": ""e3a890065105f978187e532642c4442522215e02""}, ""py-ga-VRPTW"": {""dirty"": false, ""path"": ""/Users/guoyiyang/Documents/GitHub/FURP-2026-Yiyang-GUO-EVRP-TW/reference/py-ga-VRPTW"", ""revision"": ""8e005caaaf6471a4505588d88c7f0f5e0d4ebffa""}}",stage02.3_constraint_guided_attempt16 + stage02.3_constraint_guided_rerun09,,preserve;see stage03_legacy_path_map.csv
stage03.0,measurement,stage03.0_measurement_attempt03,attempt03,stage03.0_measurement_attempt03,stage03_measurement_smoke03,smoke,__all__,__all__,"[""c101C5"", ""r105C5"", ""rc105C5"", ""c101_21"", ""r101_21"", ""rc101_21""]","[2014, 2015, 2016]",raw_per_run_results,verified_legacy,results/stage03.0_measurement_attempt03/all/all/stage03.0_measurement_attempt03_raw_per_run_results.csv,results/stage03-measurement_smoke03/raw_per_run_results.csv,feasible,,not_verified,NOT_READY_FOR_STAGE03_FORMAL_MEASUREMENT,not_applicable,not_published,197722304789335175a3ce6391a7e176d8d29b1cf9e7706e2a97629457c38430,raw_manifest,f275840934ede6b2efc3479d1aed03c4c4a7ef85e153c41a747f4b32abfda226,50ed2d642f7e5ab1c495f9d43526dbc7ced2cb6e3521d8207719409066db928a,,,b226b97e0e67288aaaf85726ad855df71cb81406685c57c8e8c40cd8996aa0da,c683cc56f7787411b7b7e8e439479e917f9f1d54,False,"{""VRP-EVRP-Project-Hub"": {""dirty"": false, ""path"": ""/Users/guoyiyang/Documents/GitHub/FURP-2026-Yiyang-GUO-EVRP-TW/reference/VRP-EVRP-Project-Hub"", ""revision"": ""e3a890065105f978187e532642c4442522215e02""}, ""py-ga-VRPTW"": {""dirty"": false, ""path"": ""/Users/guoyiyang/Documents/GitHub/FURP-2026-Yiyang-GUO-EVRP-TW/reference/py-ga-VRPTW"", ""revision"": ""8e005caaaf6471a4505588d88c7f0f5e0d4ebffa""}}",stage02.3_constraint_guided_attempt16 + stage02.3_constraint_guided_rerun09,,preserve;see stage03_legacy_path_map.csv
stage03.0,measurement,stage03.0_measurement_attempt03,attempt03,stage03.0_measurement_attempt03,stage03_measurement_smoke03,smoke,__all__,__all__,"[""c101C5"", ""r105C5"", ""rc105C5"", ""c101_21"", ""r101_21"", ""rc101_21""]","[2014, 2015, 2016]",baseline_comparison,verified_legacy,results/stage03.0_measurement_attempt03/review/stage03.0_measurement_attempt03_baseline_comparison.csv,results/stage03-measurement_smoke03/review/baseline_comparison.csv,feasible,,not_verified,NOT_READY_FOR_STAGE03_FORMAL_MEASUREMENT,not_applicable,not_published,1bf081460486f2ef22d3939da8f96126f4ce52d436309c45732930cba1e57a6b,review_manifest,f275840934ede6b2efc3479d1aed03c4c4a7ef85e153c41a747f4b32abfda226,50ed2d642f7e5ab1c495f9d43526dbc7ced2cb6e3521d8207719409066db928a,,,b226b97e0e67288aaaf85726ad855df71cb81406685c57c8e8c40cd8996aa0da,c683cc56f7787411b7b7e8e439479e917f9f1d54,False,"{""VRP-EVRP-Project-Hub"": {""dirty"": false, ""path"": ""/Users/guoyiyang/Documents/GitHub/FURP-2026-Yiyang-GUO-EVRP-TW/reference/VRP-EVRP-Project-Hub"", ""revision"": ""e3a890065105f978187e532642c4442522215e02""}, ""py-ga-VRPTW"": {""dirty"": false, ""path"": ""/Users/guoyiyang/Documents/GitHub/FURP-2026-Yiyang-GUO-EVRP-TW/reference/py-ga-VRPTW"", ""revision"": ""8e005caaaf6471a4505588d88c7f0f5e0d4ebffa""}}",stage02.3_constraint_guided_attempt16 + stage02.3_constraint_guided_rerun09,,preserve;see stage03_legacy_path_map.csv
stage03.0,measurement,stage03.0_measurement_attempt03,attempt03,stage03.0_measurement_attempt03,stage03_measurement_smoke03,smoke,__all__,__all__,"[""c101C5"", ""r105C5"", ""rc105C5"", ""c101_21"", ""r101_21"", ""rc101_21""]","[2014, 2015, 2016]",deadline_report,verified_legacy,results/stage03.0_measurement_attempt03/review/stage03.0_measurement_attempt03_deadline_report.csv,results/stage03-measurement_smoke03/review/deadline_report.csv,feasible,,not_verified,NOT_READY_FOR_STAGE03_FORMAL_MEASUREMENT,not_applicable,not_published,e1e496eab1b3e6631262083c6ca1c3aaf5d18af1efed42ed7640dc4d9a90d972,review_manifest,f275840934ede6b2efc3479d1aed03c4c4a7ef85e153c41a747f4b32abfda226,50ed2d642f7e5ab1c495f9d43526dbc7ced2cb6e3521d8207719409066db928a,,,b226b97e0e67288aaaf85726ad855df71cb81406685c57c8e8c40cd8996aa0da,c683cc56f7787411b7b7e8e439479e917f9f1d54,False,"{""VRP-EVRP-Project-Hub"": {""dirty"": false, ""path"": ""/Users/guoyiyang/Documents/GitHub/FURP-2026-Yiyang-GUO-EVRP-TW/reference/VRP-EVRP-Project-Hub"", ""revision"": ""e3a890065105f978187e532642c4442522215e02""}, ""py-ga-VRPTW"": {""dirty"": false, ""path"": ""/Users/guoyiyang/Documents/GitHub/FURP-2026-Yiyang-GUO-EVRP-TW/reference/py-ga-VRPTW"", ""revision"": ""8e005caaaf6471a4505588d88c7f0f5e0d4ebffa""}}",stage02.3_constraint_guided_attempt16 + stage02.3_constraint_guided_rerun09,,preserve;see stage03_legacy_path_map.csv
stage03.0,measurement,stage03.0_measurement_attempt03,attempt03,stage03.0_measurement_attempt03,stage03_measurement_smoke03,smoke,__all__,__all__,"[""c101C5"", ""r105C5"", ""rc105C5"", ""c101_21"", ""r101_21"", ""rc101_21""]","[2014, 2015, 2016]",recomputed_per_run_results,verified_legacy,results/stage03.0_measurement_attempt03/review/stage03.0_measurement_attempt03_recomputed_per_run_results.csv,results/stage03-measurement_smoke03/review/recomputed_per_run_results.csv,feasible,,not_verified,NOT_READY_FOR_STAGE03_FORMAL_MEASUREMENT,not_applicable,not_published,db1e02c95c3f9745cec171b5cea2f3d11f67552149231bd1ab7880faf70e84c8,review_manifest,f275840934ede6b2efc3479d1aed03c4c4a7ef85e153c41a747f4b32abfda226,50ed2d642f7e5ab1c495f9d43526dbc7ced2cb6e3521d8207719409066db928a,,,b226b97e0e67288aaaf85726ad855df71cb81406685c57c8e8c40cd8996aa0da,c683cc56f7787411b7b7e8e439479e917f9f1d54,False,"{""VRP-EVRP-Project-Hub"": {""dirty"": false, ""path"": ""/Users/guoyiyang/Documents/GitHub/FURP-2026-Yiyang-GUO-EVRP-TW/reference/VRP-EVRP-Project-Hub"", ""revision"": ""e3a890065105f978187e532642c4442522215e02""}, ""py-ga-VRPTW"": {""dirty"": false, ""path"": ""/Users/guoyiyang/Documents/GitHub/FURP-2026-Yiyang-GUO-EVRP-TW/reference/py-ga-VRPTW"", ""revision"": ""8e005caaaf6471a4505588d88c7f0f5e0d4ebffa""}}",stage02.3_constraint_guided_attempt16 + stage02.3_constraint_guided_rerun09,,preserve;see stage03_legacy_path_map.csv
stage03.0,measurement,stage03.0_measurement_attempt03,attempt03,stage03.0_measurement_attempt03,stage03_measurement_smoke03,smoke,__all__,__all__,"[""c101C5"", ""r105C5"", ""rc105C5"", ""c101_21"", ""r101_21"", ""rc101_21""]","[2014, 2015, 2016]",review_findings,verified_legacy,results/stage03.0_measurement_attempt03/review/stage03.0_measurement_attempt03_review_findings.csv,results/stage03-measurement_smoke03/review/review_findings.csv,feasible,,not_verified,NOT_READY_FOR_STAGE03_FORMAL_MEASUREMENT,not_applicable,not_published,c5b66eda0d9742a2f1940ea69a1df4a1c71637be822586a786c62c36e5d64516,review_manifest,f275840934ede6b2efc3479d1aed03c4c4a7ef85e153c41a747f4b32abfda226,50ed2d642f7e5ab1c495f9d43526dbc7ced2cb6e3521d8207719409066db928a,,,b226b97e0e67288aaaf85726ad855df71cb81406685c57c8e8c40cd8996aa0da,c683cc56f7787411b7b7e8e439479e917f9f1d54,False,"{""VRP-EVRP-Project-Hub"": {""dirty"": false, ""path"": ""/Users/guoyiyang/Documents/GitHub/FURP-2026-Yiyang-GUO-EVRP-TW/reference/VRP-EVRP-Project-Hub"", ""revision"": ""e3a890065105f978187e532642c4442522215e02""}, ""py-ga-VRPTW"": {""dirty"": false, ""path"": ""/Users/guoyiyang/Documents/GitHub/FURP-2026-Yiyang-GUO-EVRP-TW/reference/py-ga-VRPTW"", ""revision"": ""8e005caaaf6471a4505588d88c7f0f5e0d4ebffa""}}",stage02.3_constraint_guided_attempt16 + stage02.3_constraint_guided_rerun09,,preserve;see stage03_legacy_path_map.csv
stage03.0,measurement,stage03.0_measurement_attempt03,attempt03,stage03.0_measurement_attempt03,stage03_measurement_smoke03,smoke,__all__,__all__,"[""c101C5"", ""r105C5"", ""rc105C5"", ""c101_21"", ""r101_21"", ""rc101_21""]","[2014, 2015, 2016]",manifest,verified_legacy,results/stage03.0_measurement_attempt03/review/stage03.0_measurement_attempt03_manifest.json,results/stage03-measurement_smoke03/review/review_manifest.json,feasible,,not_verified,NOT_READY_FOR_STAGE03_FORMAL_MEASUREMENT,not_applicable,not_published,06363e149d66988d977bb0dc52e32f4db6ab41ea63bc5d7f8ba198dff8d6ec9d,computed,f275840934ede6b2efc3479d1aed03c4c4a7ef85e153c41a747f4b32abfda226,50ed2d642f7e5ab1c495f9d43526dbc7ced2cb6e3521d8207719409066db928a,,,b226b97e0e67288aaaf85726ad855df71cb81406685c57c8e8c40cd8996aa0da,c683cc56f7787411b7b7e8e439479e917f9f1d54,False,"{""VRP-EVRP-Project-Hub"": {""dirty"": false, ""path"": ""/Users/guoyiyang/Documents/GitHub/FURP-2026-Yiyang-GUO-EVRP-TW/reference/VRP-EVRP-Project-Hub"", ""revision"": ""e3a890065105f978187e532642c4442522215e02""}, ""py-ga-VRPTW"": {""dirty"": false, ""path"": ""/Users/guoyiyang/Documents/GitHub/FURP-2026-Yiyang-GUO-EVRP-TW/reference/py-ga-VRPTW"", ""revision"": ""8e005caaaf6471a4505588d88c7f0f5e0d4ebffa""}}",stage02.3_constraint_guided_attempt16 + stage02.3_constraint_guided_rerun09,,preserve;see stage03_legacy_path_map.csv
stage03.0,measurement,stage03.0_measurement_attempt03,attempt03,stage03.0_measurement_attempt03,stage03_measurement_smoke03,smoke,__all__,__all__,"[""c101C5"", ""r105C5"", ""rc105C5"", ""c101_21"", ""r101_21"", ""rc101_21""]","[2014, 2015, 2016]",review_report,verified_legacy,results/stage03.0_measurement_attempt03/review/stage03.0_measurement_attempt03_review_report.md,results/stage03-measurement_smoke03/review/review_report.md,feasible,,not_verified,NOT_READY_FOR_STAGE03_FORMAL_MEASUREMENT,not_applicable,not_published,624e6eec4a485992103166b856412eba6e5cc7c3ff77e1c39fae2fbbe5a9bc35,review_manifest,f275840934ede6b2efc3479d1aed03c4c4a7ef85e153c41a747f4b32abfda226,50ed2d642f7e5ab1c495f9d43526dbc7ced2cb6e3521d8207719409066db928a,,,b226b97e0e67288aaaf85726ad855df71cb81406685c57c8e8c40cd8996aa0da,c683cc56f7787411b7b7e8e439479e917f9f1d54,False,"{""VRP-EVRP-Project-Hub"": {""dirty"": false, ""path"": ""/Users/guoyiyang/Documents/GitHub/FURP-2026-Yiyang-GUO-EVRP-TW/reference/VRP-EVRP-Project-Hub"", ""revision"": ""e3a890065105f978187e532642c4442522215e02""}, ""py-ga-VRPTW"": {""dirty"": false, ""path"": ""/Users/guoyiyang/Documents/GitHub/FURP-2026-Yiyang-GUO-EVRP-TW/reference/py-ga-VRPTW"", ""revision"": ""8e005caaaf6471a4505588d88c7f0f5e0d4ebffa""}}",stage02.3_constraint_guided_attempt16 + stage02.3_constraint_guided_rerun09,,preserve;see stage03_legacy_path_map.csv
stage03.0,measurement,stage03.0_measurement_attempt03,attempt03,stage03.0_measurement_attempt03,stage03_measurement_smoke03,smoke,__all__,__all__,"[""c101C5"", ""r105C5"", ""rc105C5"", ""c101_21"", ""r101_21"", ""rc101_21""]","[2014, 2015, 2016]",stage03_readiness,verified_legacy,results/stage03.0_measurement_attempt03/review/stage03.0_measurement_attempt03_stage03_readiness.csv,results/stage03-measurement_smoke03/review/stage03_readiness.csv,feasible,,not_verified,NOT_READY_FOR_STAGE03_FORMAL_MEASUREMENT,not_applicable,not_published,1eec89e94420240c75498d96b5286194b0a0ce084c04c6f6d3384dcd491577c8,review_manifest,f275840934ede6b2efc3479d1aed03c4c4a7ef85e153c41a747f4b32abfda226,50ed2d642f7e5ab1c495f9d43526dbc7ced2cb6e3521d8207719409066db928a,,,b226b97e0e67288aaaf85726ad855df71cb81406685c57c8e8c40cd8996aa0da,c683cc56f7787411b7b7e8e439479e917f9f1d54,False,"{""VRP-EVRP-Project-Hub"": {""dirty"": false, ""path"": ""/Users/guoyiyang/Documents/GitHub/FURP-2026-Yiyang-GUO-EVRP-TW/reference/VRP-EVRP-Project-Hub"", ""revision"": ""e3a890065105f978187e532642c4442522215e02""}, ""py-ga-VRPTW"": {""dirty"": false, ""path"": ""/Users/guoyiyang/Documents/GitHub/FURP-2026-Yiyang-GUO-EVRP-TW/reference/py-ga-VRPTW"", ""revision"": ""8e005caaaf6471a4505588d88c7f0f5e0d4ebffa""}}",stage02.3_constraint_guided_attempt16 + stage02.3_constraint_guided_rerun09,,preserve;see stage03_legacy_path_map.csv
stage03.0,measurement,stage03.0_measurement_attempt03,attempt03,stage03.0_measurement_attempt03,stage03_measurement_smoke03,smoke,__all__,__all__,"[""c101C5"", ""r105C5"", ""rc105C5"", ""c101_21"", ""r101_21"", ""rc101_21""]","[2014, 2015, 2016]",summary_results,verified_legacy,results/stage03.0_measurement_attempt03/review/stage03.0_measurement_attempt03_summary_results.csv,results/stage03-measurement_smoke03/review/summary_results.csv,feasible,,not_verified,NOT_READY_FOR_STAGE03_FORMAL_MEASUREMENT,not_applicable,not_published,b89b65339c5f02ea976fdbe318a00105417dd40984bb4751b78c0af8c4517ea2,review_manifest,f275840934ede6b2efc3479d1aed03c4c4a7ef85e153c41a747f4b32abfda226,50ed2d642f7e5ab1c495f9d43526dbc7ced2cb6e3521d8207719409066db928a,,,b226b97e0e67288aaaf85726ad855df71cb81406685c57c8e8c40cd8996aa0da,c683cc56f7787411b7b7e8e439479e917f9f1d54,False,"{""VRP-EVRP-Project-Hub"": {""dirty"": false, ""path"": ""/Users/guoyiyang/Documents/GitHub/FURP-2026-Yiyang-GUO-EVRP-TW/reference/VRP-EVRP-Project-Hub"", ""revision"": ""e3a890065105f978187e532642c4442522215e02""}, ""py-ga-VRPTW"": {""dirty"": false, ""path"": ""/Users/guoyiyang/Documents/GitHub/FURP-2026-Yiyang-GUO-EVRP-TW/reference/py-ga-VRPTW"", ""revision"": ""8e005caaaf6471a4505588d88c7f0f5e0d4ebffa""}}",stage02.3_constraint_guided_attempt16 + stage02.3_constraint_guided_rerun09,,preserve;see stage03_legacy_path_map.csv
stage03.0,measurement,stage03.0_measurement_attempt03,attempt03,stage03.0_measurement_attempt03,stage03_measurement_smoke03,smoke,__all__,__all__,"[""c101C5"", ""r105C5"", ""rc105C5"", ""c101_21"", ""r101_21"", ""rc101_21""]","[2014, 2015, 2016]",trace_reconciliation,verified_legacy,results/stage03.0_measurement_attempt03/review/stage03.0_measurement_attempt03_trace_reconciliation.csv,results/stage03-measurement_smoke03/review/trace_reconciliation.csv,feasible,,not_verified,NOT_READY_FOR_STAGE03_FORMAL_MEASUREMENT,not_applicable,not_published,e19af8ba6870c96727bc7b45461da334b0bba8009b10b7c65a174dec4dbadc90,review_manifest,f275840934ede6b2efc3479d1aed03c4c4a7ef85e153c41a747f4b32abfda226,50ed2d642f7e5ab1c495f9d43526dbc7ced2cb6e3521d8207719409066db928a,,,b226b97e0e67288aaaf85726ad855df71cb81406685c57c8e8c40cd8996aa0da,c683cc56f7787411b7b7e8e439479e917f9f1d54,False,"{""VRP-EVRP-Project-Hub"": {""dirty"": false, ""path"": ""/Users/guoyiyang/Documents/GitHub/FURP-2026-Yiyang-GUO-EVRP-TW/reference/VRP-EVRP-Project-Hub"", ""revision"": ""e3a890065105f978187e532642c4442522215e02""}, ""py-ga-VRPTW"": {""dirty"": false, ""path"": ""/Users/guoyiyang/Documents/GitHub/FURP-2026-Yiyang-GUO-EVRP-TW/reference/py-ga-VRPTW"", ""revision"": ""8e005caaaf6471a4505588d88c7f0f5e0d4ebffa""}}",stage02.3_constraint_guided_attempt16 + stage02.3_constraint_guided_rerun09,,preserve;see stage03_legacy_path_map.csv
stage03.0,measurement,stage03.0_measurement_attempt03,attempt03,stage03.0_measurement_attempt03,stage03_measurement_smoke03,smoke,__all__,__all__,"[""c101C5"", ""r105C5"", ""rc105C5"", ""c101_21"", ""r101_21"", ""rc101_21""]","[2014, 2015, 2016]",manifest_metadata,verified_legacy,results/stage03.0_measurement_attempt03/control/stage03.0_measurement_attempt03_manifest_metadata.json,results/stage03-measurement_smoke03/run_metadata.json,feasible,,not_verified,NOT_READY_FOR_STAGE03_FORMAL_MEASUREMENT,not_applicable,not_published,4638a93d0206cfefcbc92dbf3aae0f58b39e7631cb22b995b0f3267a145b6874,raw_manifest,f275840934ede6b2efc3479d1aed03c4c4a7ef85e153c41a747f4b32abfda226,50ed2d642f7e5ab1c495f9d43526dbc7ced2cb6e3521d8207719409066db928a,,,b226b97e0e67288aaaf85726ad855df71cb81406685c57c8e8c40cd8996aa0da,c683cc56f7787411b7b7e8e439479e917f9f1d54,False,"{""VRP-EVRP-Project-Hub"": {""dirty"": false, ""path"": ""/Users/guoyiyang/Documents/GitHub/FURP-2026-Yiyang-GUO-EVRP-TW/reference/VRP-EVRP-Project-Hub"", ""revision"": ""e3a890065105f978187e532642c4442522215e02""}, ""py-ga-VRPTW"": {""dirty"": false, ""path"": ""/Users/guoyiyang/Documents/GitHub/FURP-2026-Yiyang-GUO-EVRP-TW/reference/py-ga-VRPTW"", ""revision"": ""8e005caaaf6471a4505588d88c7f0f5e0d4ebffa""}}",stage02.3_constraint_guided_attempt16 + stage02.3_constraint_guided_rerun09,,preserve;see stage03_legacy_path_map.csv
stage03.0,measurement,stage03.0_measurement_attempt03,attempt03,stage03.0_measurement_attempt03,stage03_measurement_smoke03,smoke,c101C5,2014,"[""c101C5"", ""r105C5"", ""rc105C5"", ""c101_21"", ""r101_21"", ""rc101_21""]","[2014, 2015, 2016]",solution,verified_legacy,results/stage03.0_measurement_attempt03/c101C5/2014/stage03.0_measurement_attempt03_solution_c101C5_2014.json,results/stage03-measurement_smoke03/solutions/c101C5-alns_stage02_constraint_guided-2014.json,feasible,,not_verified,NOT_READY_FOR_STAGE03_FORMAL_MEASUREMENT,not_applicable,not_published,9bc8fee0911b09e57f4c1760425edda3cc71aa25ca5ca403fe05e225b211d7d0,raw_manifest,f275840934ede6b2efc3479d1aed03c4c4a7ef85e153c41a747f4b32abfda226,50ed2d642f7e5ab1c495f9d43526dbc7ced2cb6e3521d8207719409066db928a,8612d6d9aad051776097a5e50c7408f39352b8107b0639d58e5eda713f9ff876,fd33aa330762081c8fb317b708d9084f15ac4dac07f948f3489d6aee2771f3ca,b226b97e0e67288aaaf85726ad855df71cb81406685c57c8e8c40cd8996aa0da,c683cc56f7787411b7b7e8e439479e917f9f1d54,False,"{""VRP-EVRP-Project-Hub"": {""dirty"": false, ""path"": ""/Users/guoyiyang/Documents/GitHub/FURP-2026-Yiyang-GUO-EVRP-TW/reference/VRP-EVRP-Project-Hub"", ""revision"": ""e3a890065105f978187e532642c4442522215e02""}, ""py-ga-VRPTW"": {""dirty"": false, ""path"": ""/Users/guoyiyang/Documents/GitHub/FURP-2026-Yiyang-GUO-EVRP-TW/reference/py-ga-VRPTW"", ""revision"": ""8e005caaaf6471a4505588d88c7f0f5e0d4ebffa""}}",stage02.3_constraint_guided_attempt16 + stage02.3_constraint_guided_rerun09,,preserve;see stage03_legacy_path_map.csv
stage03.0,measurement,stage03.0_measurement_attempt03,attempt03,stage03.0_measurement_attempt03,stage03_measurement_smoke03,smoke,c101C5,2015,"[""c101C5"", ""r105C5"", ""rc105C5"", ""c101_21"", ""r101_21"", ""rc101_21""]","[2014, 2015, 2016]",solution,verified_legacy,results/stage03.0_measurement_attempt03/c101C5/2015/stage03.0_measurement_attempt03_solution_c101C5_2015.json,results/stage03-measurement_smoke03/solutions/c101C5-alns_stage02_constraint_guided-2015.json,feasible,,not_verified,NOT_READY_FOR_STAGE03_FORMAL_MEASUREMENT,not_applicable,not_published,b1855d6e454679257dcdf716439c863951f9a787db170ef0e33534d15ccfb467,raw_manifest,f275840934ede6b2efc3479d1aed03c4c4a7ef85e153c41a747f4b32abfda226,50ed2d642f7e5ab1c495f9d43526dbc7ced2cb6e3521d8207719409066db928a,8612d6d9aad051776097a5e50c7408f39352b8107b0639d58e5eda713f9ff876,0c8ae9aa9cfb340a11d8529445425a0e93908b33fd52a75d0aa89ef3782ab516,b226b97e0e67288aaaf85726ad855df71cb81406685c57c8e8c40cd8996aa0da,c683cc56f7787411b7b7e8e439479e917f9f1d54,False,"{""VRP-EVRP-Project-Hub"": {""dirty"": false, ""path"": ""/Users/guoyiyang/Documents/GitHub/FURP-2026-Yiyang-GUO-EVRP-TW/reference/VRP-EVRP-Project-Hub"", ""revision"": ""e3a890065105f978187e532642c4442522215e02""}, ""py-ga-VRPTW"": {""dirty"": false, ""path"": ""/Users/guoyiyang/Documents/GitHub/FURP-2026-Yiyang-GUO-EVRP-TW/reference/py-ga-VRPTW"", ""revision"": ""8e005caaaf6471a4505588d88c7f0f5e0d4ebffa""}}",stage02.3_constraint_guided_attempt16 + stage02.3_constraint_guided_rerun09,,preserve;see stage03_legacy_path_map.csv
stage03.0,measurement,stage03.0_measurement_attempt03,attempt03,stage03.0_measurement_attempt03,stage03_measurement_smoke03,smoke,c101C5,2016,"[""c101C5"", ""r105C5"", ""rc105C5"", ""c101_21"", ""r101_21"", ""rc101_21""]","[2014, 2015, 2016]",solution,verified_legacy,results/stage03.0_measurement_attempt03/c101C5/2016/stage03.0_measurement_attempt03_solution_c101C5_2016.json,results/stage03-measurement_smoke03/solutions/c101C5-alns_stage02_constraint_guided-2016.json,feasible,,not_verified,NOT_READY_FOR_STAGE03_FORMAL_MEASUREMENT,not_applicable,not_published,f51c31019783882711b0321089a25ed837ee0dcece584f9264c1fe160ea9f5b1,raw_manifest,f275840934ede6b2efc3479d1aed03c4c4a7ef85e153c41a747f4b32abfda226,50ed2d642f7e5ab1c495f9d43526dbc7ced2cb6e3521d8207719409066db928a,8612d6d9aad051776097a5e50c7408f39352b8107b0639d58e5eda713f9ff876,ba3b92dd534b9c04a192b992c8cb3b2b239c54335b86605610348163ffd621dd,b226b97e0e67288aaaf85726ad855df71cb81406685c57c8e8c40cd8996aa0da,c683cc56f7787411b7b7e8e439479e917f9f1d54,False,"{""VRP-EVRP-Project-Hub"": {""dirty"": false, ""path"": ""/Users/guoyiyang/Documents/GitHub/FURP-2026-Yiyang-GUO-EVRP-TW/reference/VRP-EVRP-Project-Hub"", ""revision"": ""e3a890065105f978187e532642c4442522215e02""}, ""py-ga-VRPTW"": {""dirty"": false, ""path"": ""/Users/guoyiyang/Documents/GitHub/FURP-2026-Yiyang-GUO-EVRP-TW/reference/py-ga-VRPTW"", ""revision"": ""8e005caaaf6471a4505588d88c7f0f5e0d4ebffa""}}",stage02.3_constraint_guided_attempt16 + stage02.3_constraint_guided_rerun09,,preserve;see stage03_legacy_path_map.csv
stage03.0,measurement,stage03.0_measurement_attempt03,attempt03,stage03.0_measurement_attempt03,stage03_measurement_smoke03,smoke,c101_21,2014,"[""c101C5"", ""r105C5"", ""rc105C5"", ""c101_21"", ""r101_21"", ""rc101_21""]","[2014, 2015, 2016]",solution,verified_legacy,results/stage03.0_measurement_attempt03/c101_21/2014/stage03.0_measurement_attempt03_solution_c101_21_2014.json,results/stage03-measurement_smoke03/solutions/c101_21-alns_stage02_constraint_guided-2014.json,feasible,,not_verified,NOT_READY_FOR_STAGE03_FORMAL_MEASUREMENT,not_applicable,not_published,bfbebb5e3fba341e978d9498dc7826048950b3d058fa159e702be9e1832347c4,raw_manifest,f275840934ede6b2efc3479d1aed03c4c4a7ef85e153c41a747f4b32abfda226,50ed2d642f7e5ab1c495f9d43526dbc7ced2cb6e3521d8207719409066db928a,c5cda6ca63a7d518902cf4b02d98b4aa0f373aaa0658d5c666d1c46d38871cb9,69e9782f17aff16ddf4848bcbb9c309b1bb2b142fc224cf128de33b68a08826e,b226b97e0e67288aaaf85726ad855df71cb81406685c57c8e8c40cd8996aa0da,c683cc56f7787411b7b7e8e439479e917f9f1d54,False,"{""VRP-EVRP-Project-Hub"": {""dirty"": false, ""path"": ""/Users/guoyiyang/Documents/GitHub/FURP-2026-Yiyang-GUO-EVRP-TW/reference/VRP-EVRP-Project-Hub"", ""revision"": ""e3a890065105f978187e532642c4442522215e02""}, ""py-ga-VRPTW"": {""dirty"": false, ""path"": ""/Users/guoyiyang/Documents/GitHub/FURP-2026-Yiyang-GUO-EVRP-TW/reference/py-ga-VRPTW"", ""revision"": ""8e005caaaf6471a4505588d88c7f0f5e0d4ebffa""}}",stage02.3_constraint_guided_attempt16 + stage02.3_constraint_guided_rerun09,,preserve;see stage03_legacy_path_map.csv
stage03.0,measurement,stage03.0_measurement_attempt03,attempt03,stage03.0_measurement_attempt03,stage03_measurement_smoke03,smoke,c101_21,2015,"[""c101C5"", ""r105C5"", ""rc105C5"", ""c101_21"", ""r101_21"", ""rc101_21""]","[2014, 2015, 2016]",solution,verified_legacy,results/stage03.0_measurement_attempt03/c101_21/2015/stage03.0_measurement_attempt03_solution_c101_21_2015.json,results/stage03-measurement_smoke03/solutions/c101_21-alns_stage02_constraint_guided-2015.json,feasible,,not_verified,NOT_READY_FOR_STAGE03_FORMAL_MEASUREMENT,not_applicable,not_published,89c49bdd2e8cc8070049c67b15872e39f34bb34e4b34893b07ab8d2d6b213208,raw_manifest,f275840934ede6b2efc3479d1aed03c4c4a7ef85e153c41a747f4b32abfda226,50ed2d642f7e5ab1c495f9d43526dbc7ced2cb6e3521d8207719409066db928a,c5cda6ca63a7d518902cf4b02d98b4aa0f373aaa0658d5c666d1c46d38871cb9,bcf12ab030521ca00bcf4069f3990226ab21151aaa112549328040535ec1068e,b226b97e0e67288aaaf85726ad855df71cb81406685c57c8e8c40cd8996aa0da,c683cc56f7787411b7b7e8e439479e917f9f1d54,False,"{""VRP-EVRP-Project-Hub"": {""dirty"": false, ""path"": ""/Users/guoyiyang/Documents/GitHub/FURP-2026-Yiyang-GUO-EVRP-TW/reference/VRP-EVRP-Project-Hub"", ""revision"": ""e3a890065105f978187e532642c4442522215e02""}, ""py-ga-VRPTW"": {""dirty"": false, ""path"": ""/Users/guoyiyang/Documents/GitHub/FURP-2026-Yiyang-GUO-EVRP-TW/reference/py-ga-VRPTW"", ""revision"": ""8e005caaaf6471a4505588d88c7f0f5e0d4ebffa""}}",stage02.3_constraint_guided_attempt16 + stage02.3_constraint_guided_rerun09,,preserve;see stage03_legacy_path_map.csv
stage03.0,measurement,stage03.0_measurement_attempt03,attempt03,stage03.0_measurement_attempt03,stage03_measurement_smoke03,smoke,c101_21,2016,"[""c101C5"", ""r105C5"", ""rc105C5"", ""c101_21"", ""r101_21"", ""rc101_21""]","[2014, 2015, 2016]",solution,verified_legacy,results/stage03.0_measurement_attempt03/c101_21/2016/stage03.0_measurement_attempt03_solution_c101_21_2016.json,results/stage03-measurement_smoke03/solutions/c101_21-alns_stage02_constraint_guided-2016.json,feasible,,not_verified,NOT_READY_FOR_STAGE03_FORMAL_MEASUREMENT,not_applicable,not_published,bb81a5428e7df7d06b4651d35ec399223c9a5b9d76dafb3577158755a4b13a55,raw_manifest,f275840934ede6b2efc3479d1aed03c4c4a7ef85e153c41a747f4b32abfda226,50ed2d642f7e5ab1c495f9d43526dbc7ced2cb6e3521d8207719409066db928a,c5cda6ca63a7d518902cf4b02d98b4aa0f373aaa0658d5c666d1c46d38871cb9,1814628f4e909b84455f5d97f3965bdef5e2a9eb87e9a0c4bd73e175a839ff7a,b226b97e0e67288aaaf85726ad855df71cb81406685c57c8e8c40cd8996aa0da,c683cc56f7787411b7b7e8e439479e917f9f1d54,False,"{""VRP-EVRP-Project-Hub"": {""dirty"": false, ""path"": ""/Users/guoyiyang/Documents/GitHub/FURP-2026-Yiyang-GUO-EVRP-TW/reference/VRP-EVRP-Project-Hub"", ""revision"": ""e3a890065105f978187e532642c4442522215e02""}, ""py-ga-VRPTW"": {""dirty"": false, ""path"": ""/Users/guoyiyang/Documents/GitHub/FURP-2026-Yiyang-GUO-EVRP-TW/reference/py-ga-VRPTW"", ""revision"": ""8e005caaaf6471a4505588d88c7f0f5e0d4ebffa""}}",stage02.3_constraint_guided_attempt16 + stage02.3_constraint_guided_rerun09,,preserve;see stage03_legacy_path_map.csv
stage03.0,measurement,stage03.0_measurement_attempt03,attempt03,stage03.0_measurement_attempt03,stage03_measurement_smoke03,smoke,r101_21,2014,"[""c101C5"", ""r105C5"", ""rc105C5"", ""c101_21"", ""r101_21"", ""rc101_21""]","[2014, 2015, 2016]",solution,verified_legacy,results/stage03.0_measurement_attempt03/r101_21/2014/stage03.0_measurement_attempt03_solution_r101_21_2014.json,results/stage03-measurement_smoke03/solutions/r101_21-alns_stage02_constraint_guided-2014.json,feasible,,not_verified,NOT_READY_FOR_STAGE03_FORMAL_MEASUREMENT,not_applicable,not_published,66a7376d256d974ec8840b3b6695b5b54e0f7e4f690d384332bdc6ecab36db2e,raw_manifest,f275840934ede6b2efc3479d1aed03c4c4a7ef85e153c41a747f4b32abfda226,50ed2d642f7e5ab1c495f9d43526dbc7ced2cb6e3521d8207719409066db928a,0e5a3dffffbd3c516b528ef32ba1a488b817d2f151fc3e8c81023814de1c103a,5a0b972f71bdca2f9578a1fb7d96aab52396c257d0b04a40421a60047e2e8635,b226b97e0e67288aaaf85726ad855df71cb81406685c57c8e8c40cd8996aa0da,c683cc56f7787411b7b7e8e439479e917f9f1d54,False,"{""VRP-EVRP-Project-Hub"": {""dirty"": false, ""path"": ""/Users/guoyiyang/Documents/GitHub/FURP-2026-Yiyang-GUO-EVRP-TW/reference/VRP-EVRP-Project-Hub"", ""revision"": ""e3a890065105f978187e532642c4442522215e02""}, ""py-ga-VRPTW"": {""dirty"": false, ""path"": ""/Users/guoyiyang/Documents/GitHub/FURP-2026-Yiyang-GUO-EVRP-TW/reference/py-ga-VRPTW"", ""revision"": ""8e005caaaf6471a4505588d88c7f0f5e0d4ebffa""}}",stage02.3_constraint_guided_attempt16 + stage02.3_constraint_guided_rerun09,,preserve;see stage03_legacy_path_map.csv
stage03.0,measurement,stage03.0_measurement_attempt03,attempt03,stage03.0_measurement_attempt03,stage03_measurement_smoke03,smoke,r101_21,2015,"[""c101C5"", ""r105C5"", ""rc105C5"", ""c101_21"", ""r101_21"", ""rc101_21""]","[2014, 2015, 2016]",solution,verified_legacy,results/stage03.0_measurement_attempt03/r101_21/2015/stage03.0_measurement_attempt03_solution_r101_21_2015.json,results/stage03-measurement_smoke03/solutions/r101_21-alns_stage02_constraint_guided-2015.json,feasible,,not_verified,NOT_READY_FOR_STAGE03_FORMAL_MEASUREMENT,not_applicable,not_published,012a3a681c55bb71f849ac74d36c328677aab20e7289e358fa4a0cf5ee1054ae,raw_manifest,f275840934ede6b2efc3479d1aed03c4c4a7ef85e153c41a747f4b32abfda226,50ed2d642f7e5ab1c495f9d43526dbc7ced2cb6e3521d8207719409066db928a,0e5a3dffffbd3c516b528ef32ba1a488b817d2f151fc3e8c81023814de1c103a,51671f7e9bd290a71756200197c43573e11e41bf6bfdea7c71250c0ea51d45d5,b226b97e0e67288aaaf85726ad855df71cb81406685c57c8e8c40cd8996aa0da,c683cc56f7787411b7b7e8e439479e917f9f1d54,False,"{""VRP-EVRP-Project-Hub"": {""dirty"": false, ""path"": ""/Users/guoyiyang/Documents/GitHub/FURP-2026-Yiyang-GUO-EVRP-TW/reference/VRP-EVRP-Project-Hub"", ""revision"": ""e3a890065105f978187e532642c4442522215e02""}, ""py-ga-VRPTW"": {""dirty"": false, ""path"": ""/Users/guoyiyang/Documents/GitHub/FURP-2026-Yiyang-GUO-EVRP-TW/reference/py-ga-VRPTW"", ""revision"": ""8e005caaaf6471a4505588d88c7f0f5e0d4ebffa""}}",stage02.3_constraint_guided_attempt16 + stage02.3_constraint_guided_rerun09,,preserve;see stage03_legacy_path_map.csv
stage03.0,measurement,stage03.0_measurement_attempt03,attempt03,stage03.0_measurement_attempt03,stage03_measurement_smoke03,smoke,r101_21,2016,"[""c101C5"", ""r105C5"", ""rc105C5"", ""c101_21"", ""r101_21"", ""rc101_21""]","[2014, 2015, 2016]",solution,verified_legacy,results/stage03.0_measurement_attempt03/r101_21/2016/stage03.0_measurement_attempt03_solution_r101_21_2016.json,results/stage03-measurement_smoke03/solutions/r101_21-alns_stage02_constraint_guided-2016.json,feasible,,not_verified,NOT_READY_FOR_STAGE03_FORMAL_MEASUREMENT,not_applicable,not_published,0d7654fffa035a8695c6ffeece353ee6cae3252e72cc16b91d8ede8f6b552f92,raw_manifest,f275840934ede6b2efc3479d1aed03c4c4a7ef85e153c41a747f4b32abfda226,50ed2d642f7e5ab1c495f9d43526dbc7ced2cb6e3521d8207719409066db928a,0e5a3dffffbd3c516b528ef32ba1a488b817d2f151fc3e8c81023814de1c103a,602b1a478922303e0c660ffd5607ec8c3d5ca55c2ffdfb2972b1b611794a8896,b226b97e0e67288aaaf85726ad855df71cb81406685c57c8e8c40cd8996aa0da,c683cc56f7787411b7b7e8e439479e917f9f1d54,False,"{""VRP-EVRP-Project-Hub"": {""dirty"": false, ""path"": ""/Users/guoyiyang/Documents/GitHub/FURP-2026-Yiyang-GUO-EVRP-TW/reference/VRP-EVRP-Project-Hub"", ""revision"": ""e3a890065105f978187e532642c4442522215e02""}, ""py-ga-VRPTW"": {""dirty"": false, ""path"": ""/Users/guoyiyang/Documents/GitHub/FURP-2026-Yiyang-GUO-EVRP-TW/reference/py-ga-VRPTW"", ""revision"": ""8e005caaaf6471a4505588d88c7f0f5e0d4ebffa""}}",stage02.3_constraint_guided_attempt16 + stage02.3_constraint_guided_rerun09,,preserve;see stage03_legacy_path_map.csv
stage03.0,measurement,stage03.0_measurement_attempt03,attempt03,stage03.0_measurement_attempt03,stage03_measurement_smoke03,smoke,r105C5,2014,"[""c101C5"", ""r105C5"", ""rc105C5"", ""c101_21"", ""r101_21"", ""rc101_21""]","[2014, 2015, 2016]",solution,verified_legacy,results/stage03.0_measurement_attempt03/r105C5/2014/stage03.0_measurement_attempt03_solution_r105C5_2014.json,results/stage03-measurement_smoke03/solutions/r105C5-alns_stage02_constraint_guided-2014.json,feasible,,not_verified,NOT_READY_FOR_STAGE03_FORMAL_MEASUREMENT,not_applicable,not_published,37f614411458fbc7802b1db8344ab4be5ef9dc9767d4851e1d3b65f343139676,raw_manifest,f275840934ede6b2efc3479d1aed03c4c4a7ef85e153c41a747f4b32abfda226,50ed2d642f7e5ab1c495f9d43526dbc7ced2cb6e3521d8207719409066db928a,eb27ec04e799ee6d39dee3d66f15128e197811afa8c664295acbdf6444176434,4d6afea4fb981320756da48969b4c4302da7807bd6943fe3a925e661ca603c30,b226b97e0e67288aaaf85726ad855df71cb81406685c57c8e8c40cd8996aa0da,c683cc56f7787411b7b7e8e439479e917f9f1d54,False,"{""VRP-EVRP-Project-Hub"": {""dirty"": false, ""path"": ""/Users/guoyiyang/Documents/GitHub/FURP-2026-Yiyang-GUO-EVRP-TW/reference/VRP-EVRP-Project-Hub"", ""revision"": ""e3a890065105f978187e532642c4442522215e02""}, ""py-ga-VRPTW"": {""dirty"": false, ""path"": ""/Users/guoyiyang/Documents/GitHub/FURP-2026-Yiyang-GUO-EVRP-TW/reference/py-ga-VRPTW"", ""revision"": ""8e005caaaf6471a4505588d88c7f0f5e0d4ebffa""}}",stage02.3_constraint_guided_attempt16 + stage02.3_constraint_guided_rerun09,,preserve;see stage03_legacy_path_map.csv
stage03.0,measurement,stage03.0_measurement_attempt03,attempt03,stage03.0_measurement_attempt03,stage03_measurement_smoke03,smoke,r105C5,2015,"[""c101C5"", ""r105C5"", ""rc105C5"", ""c101_21"", ""r101_21"", ""rc101_21""]","[2014, 2015, 2016]",solution,verified_legacy,results/stage03.0_measurement_attempt03/r105C5/2015/stage03.0_measurement_attempt03_solution_r105C5_2015.json,results/stage03-measurement_smoke03/solutions/r105C5-alns_stage02_constraint_guided-2015.json,feasible,,not_verified,NOT_READY_FOR_STAGE03_FORMAL_MEASUREMENT,not_applicable,not_published,5986d9d10e21f0dc93293751bd7d938a3769de674f21974964409251ce7e32ce,raw_manifest,f275840934ede6b2efc3479d1aed03c4c4a7ef85e153c41a747f4b32abfda226,50ed2d642f7e5ab1c495f9d43526dbc7ced2cb6e3521d8207719409066db928a,eb27ec04e799ee6d39dee3d66f15128e197811afa8c664295acbdf6444176434,40a788752c9253b1af5b909f1eda0b261be84898b70f14d38967520377e04457,b226b97e0e67288aaaf85726ad855df71cb81406685c57c8e8c40cd8996aa0da,c683cc56f7787411b7b7e8e439479e917f9f1d54,False,"{""VRP-EVRP-Project-Hub"": {""dirty"": false, ""path"": ""/Users/guoyiyang/Documents/GitHub/FURP-2026-Yiyang-GUO-EVRP-TW/reference/VRP-EVRP-Project-Hub"", ""revision"": ""e3a890065105f978187e532642c4442522215e02""}, ""py-ga-VRPTW"": {""dirty"": false, ""path"": ""/Users/guoyiyang/Documents/GitHub/FURP-2026-Yiyang-GUO-EVRP-TW/reference/py-ga-VRPTW"", ""revision"": ""8e005caaaf6471a4505588d88c7f0f5e0d4ebffa""}}",stage02.3_constraint_guided_attempt16 + stage02.3_constraint_guided_rerun09,,preserve;see stage03_legacy_path_map.csv
stage03.0,measurement,stage03.0_measurement_attempt03,attempt03,stage03.0_measurement_attempt03,stage03_measurement_smoke03,smoke,r105C5,2016,"[""c101C5"", ""r105C5"", ""rc105C5"", ""c101_21"", ""r101_21"", ""rc101_21""]","[2014, 2015, 2016]",solution,verified_legacy,results/stage03.0_measurement_attempt03/r105C5/2016/stage03.0_measurement_attempt03_solution_r105C5_2016.json,results/stage03-measurement_smoke03/solutions/r105C5-alns_stage02_constraint_guided-2016.json,feasible,,not_verified,NOT_READY_FOR_STAGE03_FORMAL_MEASUREMENT,not_applicable,not_published,06501df94705311d988665f4a9a554aae7cbca6fdb7e497d6fd0161f382f29ab,raw_manifest,f275840934ede6b2efc3479d1aed03c4c4a7ef85e153c41a747f4b32abfda226,50ed2d642f7e5ab1c495f9d43526dbc7ced2cb6e3521d8207719409066db928a,eb27ec04e799ee6d39dee3d66f15128e197811afa8c664295acbdf6444176434,3f2a306da7be5557be576ddbcad10c0c0a28a786bcea06730e23dfece0eeb491,b226b97e0e67288aaaf85726ad855df71cb81406685c57c8e8c40cd8996aa0da,c683cc56f7787411b7b7e8e439479e917f9f1d54,False,"{""VRP-EVRP-Project-Hub"": {""dirty"": false, ""path"": ""/Users/guoyiyang/Documents/GitHub/FURP-2026-Yiyang-GUO-EVRP-TW/reference/VRP-EVRP-Project-Hub"", ""revision"": ""e3a890065105f978187e532642c4442522215e02""}, ""py-ga-VRPTW"": {""dirty"": false, ""path"": ""/Users/guoyiyang/Documents/GitHub/FURP-2026-Yiyang-GUO-EVRP-TW/reference/py-ga-VRPTW"", ""revision"": ""8e005caaaf6471a4505588d88c7f0f5e0d4ebffa""}}",stage02.3_constraint_guided_attempt16 + stage02.3_constraint_guided_rerun09,,preserve;see stage03_legacy_path_map.csv
stage03.0,measurement,stage03.0_measurement_attempt03,attempt03,stage03.0_measurement_attempt03,stage03_measurement_smoke03,smoke,rc101_21,2014,"[""c101C5"", ""r105C5"", ""rc105C5"", ""c101_21"", ""r101_21"", ""rc101_21""]","[2014, 2015, 2016]",solution,verified_legacy,results/stage03.0_measurement_attempt03/rc101_21/2014/stage03.0_measurement_attempt03_solution_rc101_21_2014.json,results/stage03-measurement_smoke03/solutions/rc101_21-alns_stage02_constraint_guided-2014.json,feasible,,not_verified,NOT_READY_FOR_STAGE03_FORMAL_MEASUREMENT,not_applicable,not_published,24e23841fe26272ebd13c415c48beb417b4cf583f6a95683d18607c23d795d82,raw_manifest,f275840934ede6b2efc3479d1aed03c4c4a7ef85e153c41a747f4b32abfda226,50ed2d642f7e5ab1c495f9d43526dbc7ced2cb6e3521d8207719409066db928a,272a3e58d53d4ba9516f01506164cf8a9b98bfeeb8dbd1fd62f6557e4c98e3a1,5b001861e0cf49cd58560ec741484cbb0699cb55753ed6aa5537fbb26b693736,b226b97e0e67288aaaf85726ad855df71cb81406685c57c8e8c40cd8996aa0da,c683cc56f7787411b7b7e8e439479e917f9f1d54,False,"{""VRP-EVRP-Project-Hub"": {""dirty"": false, ""path"": ""/Users/guoyiyang/Documents/GitHub/FURP-2026-Yiyang-GUO-EVRP-TW/reference/VRP-EVRP-Project-Hub"", ""revision"": ""e3a890065105f978187e532642c4442522215e02""}, ""py-ga-VRPTW"": {""dirty"": false, ""path"": ""/Users/guoyiyang/Documents/GitHub/FURP-2026-Yiyang-GUO-EVRP-TW/reference/py-ga-VRPTW"", ""revision"": ""8e005caaaf6471a4505588d88c7f0f5e0d4ebffa""}}",stage02.3_constraint_guided_attempt16 + stage02.3_constraint_guided_rerun09,,preserve;see stage03_legacy_path_map.csv
stage03.0,measurement,stage03.0_measurement_attempt03,attempt03,stage03.0_measurement_attempt03,stage03_measurement_smoke03,smoke,rc101_21,2015,"[""c101C5"", ""r105C5"", ""rc105C5"", ""c101_21"", ""r101_21"", ""rc101_21""]","[2014, 2015, 2016]",solution,verified_legacy,results/stage03.0_measurement_attempt03/rc101_21/2015/stage03.0_measurement_attempt03_solution_rc101_21_2015.json,results/stage03-measurement_smoke03/solutions/rc101_21-alns_stage02_constraint_guided-2015.json,feasible,,not_verified,NOT_READY_FOR_STAGE03_FORMAL_MEASUREMENT,not_applicable,not_published,d223c40f4bdc4e08586e6e059af0d6bdc8a5852210b3e34a37236175d5699cd6,raw_manifest,f275840934ede6b2efc3479d1aed03c4c4a7ef85e153c41a747f4b32abfda226,50ed2d642f7e5ab1c495f9d43526dbc7ced2cb6e3521d8207719409066db928a,272a3e58d53d4ba9516f01506164cf8a9b98bfeeb8dbd1fd62f6557e4c98e3a1,7c8b2eff394a2c63d528c942e981b389b89c680feed3c47592817a42d3e50131,b226b97e0e67288aaaf85726ad855df71cb81406685c57c8e8c40cd8996aa0da,c683cc56f7787411b7b7e8e439479e917f9f1d54,False,"{""VRP-EVRP-Project-Hub"": {""dirty"": false, ""path"": ""/Users/guoyiyang/Documents/GitHub/FURP-2026-Yiyang-GUO-EVRP-TW/reference/VRP-EVRP-Project-Hub"", ""revision"": ""e3a890065105f978187e532642c4442522215e02""}, ""py-ga-VRPTW"": {""dirty"": false, ""path"": ""/Users/guoyiyang/Documents/GitHub/FURP-2026-Yiyang-GUO-EVRP-TW/reference/py-ga-VRPTW"", ""revision"": ""8e005caaaf6471a4505588d88c7f0f5e0d4ebffa""}}",stage02.3_constraint_guided_attempt16 + stage02.3_constraint_guided_rerun09,,preserve;see stage03_legacy_path_map.csv
stage03.0,measurement,stage03.0_measurement_attempt03,attempt03,stage03.0_measurement_attempt03,stage03_measurement_smoke03,smoke,rc101_21,2016,"[""c101C5"", ""r105C5"", ""rc105C5"", ""c101_21"", ""r101_21"", ""rc101_21""]","[2014, 2015, 2016]",solution,verified_legacy,results/stage03.0_measurement_attempt03/rc101_21/2016/stage03.0_measurement_attempt03_solution_rc101_21_2016.json,results/stage03-measurement_smoke03/solutions/rc101_21-alns_stage02_constraint_guided-2016.json,feasible,,not_verified,NOT_READY_FOR_STAGE03_FORMAL_MEASUREMENT,not_applicable,not_published,bc166cd83bc2999465d50fa84d0255faad5eb1e86544cec00efe9c365fb3814c,raw_manifest,f275840934ede6b2efc3479d1aed03c4c4a7ef85e153c41a747f4b32abfda226,50ed2d642f7e5ab1c495f9d43526dbc7ced2cb6e3521d8207719409066db928a,272a3e58d53d4ba9516f01506164cf8a9b98bfeeb8dbd1fd62f6557e4c98e3a1,a24b8b066165058662ed0555d73ae50a2c7220d2a0f1466f14984149c11a4954,b226b97e0e67288aaaf85726ad855df71cb81406685c57c8e8c40cd8996aa0da,c683cc56f7787411b7b7e8e439479e917f9f1d54,False,"{""VRP-EVRP-Project-Hub"": {""dirty"": false, ""path"": ""/Users/guoyiyang/Documents/GitHub/FURP-2026-Yiyang-GUO-EVRP-TW/reference/VRP-EVRP-Project-Hub"", ""revision"": ""e3a890065105f978187e532642c4442522215e02""}, ""py-ga-VRPTW"": {""dirty"": false, ""path"": ""/Users/guoyiyang/Documents/GitHub/FURP-2026-Yiyang-GUO-EVRP-TW/reference/py-ga-VRPTW"", ""revision"": ""8e005caaaf6471a4505588d88c7f0f5e0d4ebffa""}}",stage02.3_constraint_guided_attempt16 + stage02.3_constraint_guided_rerun09,,preserve;see stage03_legacy_path_map.csv
stage03.0,measurement,stage03.0_measurement_attempt03,attempt03,stage03.0_measurement_attempt03,stage03_measurement_smoke03,smoke,rc105C5,2014,"[""c101C5"", ""r105C5"", ""rc105C5"", ""c101_21"", ""r101_21"", ""rc101_21""]","[2014, 2015, 2016]",solution,verified_legacy,results/stage03.0_measurement_attempt03/rc105C5/2014/stage03.0_measurement_attempt03_solution_rc105C5_2014.json,results/stage03-measurement_smoke03/solutions/rc105C5-alns_stage02_constraint_guided-2014.json,feasible,,not_verified,NOT_READY_FOR_STAGE03_FORMAL_MEASUREMENT,not_applicable,not_published,707124f4dc787ca88f5388fa3b1cdac327b82829474633871b32b34f00b4026e,raw_manifest,f275840934ede6b2efc3479d1aed03c4c4a7ef85e153c41a747f4b32abfda226,50ed2d642f7e5ab1c495f9d43526dbc7ced2cb6e3521d8207719409066db928a,2ccfba6c447fa43a994934690acb67c7355ca04d232394907ed6938bc362c643,d1166f6ac37b348e9018f4447bbcd7a110aae97e2199e6c993e18570f09e7f39,b226b97e0e67288aaaf85726ad855df71cb81406685c57c8e8c40cd8996aa0da,c683cc56f7787411b7b7e8e439479e917f9f1d54,False,"{""VRP-EVRP-Project-Hub"": {""dirty"": false, ""path"": ""/Users/guoyiyang/Documents/GitHub/FURP-2026-Yiyang-GUO-EVRP-TW/reference/VRP-EVRP-Project-Hub"", ""revision"": ""e3a890065105f978187e532642c4442522215e02""}, ""py-ga-VRPTW"": {""dirty"": false, ""path"": ""/Users/guoyiyang/Documents/GitHub/FURP-2026-Yiyang-GUO-EVRP-TW/reference/py-ga-VRPTW"", ""revision"": ""8e005caaaf6471a4505588d88c7f0f5e0d4ebffa""}}",stage02.3_constraint_guided_attempt16 + stage02.3_constraint_guided_rerun09,,preserve;see stage03_legacy_path_map.csv
stage03.0,measurement,stage03.0_measurement_attempt03,attempt03,stage03.0_measurement_attempt03,stage03_measurement_smoke03,smoke,rc105C5,2015,"[""c101C5"", ""r105C5"", ""rc105C5"", ""c101_21"", ""r101_21"", ""rc101_21""]","[2014, 2015, 2016]",solution,verified_legacy,results/stage03.0_measurement_attempt03/rc105C5/2015/stage03.0_measurement_attempt03_solution_rc105C5_2015.json,results/stage03-measurement_smoke03/solutions/rc105C5-alns_stage02_constraint_guided-2015.json,feasible,,not_verified,NOT_READY_FOR_STAGE03_FORMAL_MEASUREMENT,not_applicable,not_published,39653ab2e3da8a9d3aa50c89421d36a09ff96d491401b99036322816394b5b54,raw_manifest,f275840934ede6b2efc3479d1aed03c4c4a7ef85e153c41a747f4b32abfda226,50ed2d642f7e5ab1c495f9d43526dbc7ced2cb6e3521d8207719409066db928a,2ccfba6c447fa43a994934690acb67c7355ca04d232394907ed6938bc362c643,6166cff54ae05c2a1b869ef5837778b9ea98dd55e7e512e4fee139c2b8f58cf0,b226b97e0e67288aaaf85726ad855df71cb81406685c57c8e8c40cd8996aa0da,c683cc56f7787411b7b7e8e439479e917f9f1d54,False,"{""VRP-EVRP-Project-Hub"": {""dirty"": false, ""path"": ""/Users/guoyiyang/Documents/GitHub/FURP-2026-Yiyang-GUO-EVRP-TW/reference/VRP-EVRP-Project-Hub"", ""revision"": ""e3a890065105f978187e532642c4442522215e02""}, ""py-ga-VRPTW"": {""dirty"": false, ""path"": ""/Users/guoyiyang/Documents/GitHub/FURP-2026-Yiyang-GUO-EVRP-TW/reference/py-ga-VRPTW"", ""revision"": ""8e005caaaf6471a4505588d88c7f0f5e0d4ebffa""}}",stage02.3_constraint_guided_attempt16 + stage02.3_constraint_guided_rerun09,,preserve;see stage03_legacy_path_map.csv
stage03.0,measurement,stage03.0_measurement_attempt03,attempt03,stage03.0_measurement_attempt03,stage03_measurement_smoke03,smoke,rc105C5,2016,"[""c101C5"", ""r105C5"", ""rc105C5"", ""c101_21"", ""r101_21"", ""rc101_21""]","[2014, 2015, 2016]",solution,verified_legacy,results/stage03.0_measurement_attempt03/rc105C5/2016/stage03.0_measurement_attempt03_solution_rc105C5_2016.json,results/stage03-measurement_smoke03/solutions/rc105C5-alns_stage02_constraint_guided-2016.json,feasible,,not_verified,NOT_READY_FOR_STAGE03_FORMAL_MEASUREMENT,not_applicable,not_published,07b1f3b11b045328517d98b2d0c40fa8775d963d24888b70296134d8c64c58e6,raw_manifest,f275840934ede6b2efc3479d1aed03c4c4a7ef85e153c41a747f4b32abfda226,50ed2d642f7e5ab1c495f9d43526dbc7ced2cb6e3521d8207719409066db928a,2ccfba6c447fa43a994934690acb67c7355ca04d232394907ed6938bc362c643,b0f52ddfbf0067d25e24d677e9d0e98431b6b39fd5faf2bcfab10beb062ccb6a,b226b97e0e67288aaaf85726ad855df71cb81406685c57c8e8c40cd8996aa0da,c683cc56f7787411b7b7e8e439479e917f9f1d54,False,"{""VRP-EVRP-Project-Hub"": {""dirty"": false, ""path"": ""/Users/guoyiyang/Documents/GitHub/FURP-2026-Yiyang-GUO-EVRP-TW/reference/VRP-EVRP-Project-Hub"", ""revision"": ""e3a890065105f978187e532642c4442522215e02""}, ""py-ga-VRPTW"": {""dirty"": false, ""path"": ""/Users/guoyiyang/Documents/GitHub/FURP-2026-Yiyang-GUO-EVRP-TW/reference/py-ga-VRPTW"", ""revision"": ""8e005caaaf6471a4505588d88c7f0f5e0d4ebffa""}}",stage02.3_constraint_guided_attempt16 + stage02.3_constraint_guided_rerun09,,preserve;see stage03_legacy_path_map.csv
stage03.0,measurement,stage03.0_measurement_attempt03,attempt03,stage03.0_measurement_attempt03,stage03_measurement_smoke03,smoke,c101C5,2014,"[""c101C5"", ""r105C5"", ""rc105C5"", ""c101_21"", ""r101_21"", ""rc101_21""]","[2014, 2015, 2016]",trace,verified_legacy,results/stage03.0_measurement_attempt03/c101C5/2014/stage03.0_measurement_attempt03_trace_c101C5_2014.json,results/stage03-measurement_smoke03/traces/c101C5-alns_stage02_constraint_guided-2014.json,feasible,,not_verified,NOT_READY_FOR_STAGE03_FORMAL_MEASUREMENT,not_applicable,not_published,d5874c830f9f3c7ef90a2f3e9e503f6d73afe3a67d318eb9b930e69a1b3f0c1b,raw_manifest,f275840934ede6b2efc3479d1aed03c4c4a7ef85e153c41a747f4b32abfda226,50ed2d642f7e5ab1c495f9d43526dbc7ced2cb6e3521d8207719409066db928a,8612d6d9aad051776097a5e50c7408f39352b8107b0639d58e5eda713f9ff876,fd33aa330762081c8fb317b708d9084f15ac4dac07f948f3489d6aee2771f3ca,b226b97e0e67288aaaf85726ad855df71cb81406685c57c8e8c40cd8996aa0da,c683cc56f7787411b7b7e8e439479e917f9f1d54,False,"{""VRP-EVRP-Project-Hub"": {""dirty"": false, ""path"": ""/Users/guoyiyang/Documents/GitHub/FURP-2026-Yiyang-GUO-EVRP-TW/reference/VRP-EVRP-Project-Hub"", ""revision"": ""e3a890065105f978187e532642c4442522215e02""}, ""py-ga-VRPTW"": {""dirty"": false, ""path"": ""/Users/guoyiyang/Documents/GitHub/FURP-2026-Yiyang-GUO-EVRP-TW/reference/py-ga-VRPTW"", ""revision"": ""8e005caaaf6471a4505588d88c7f0f5e0d4ebffa""}}",stage02.3_constraint_guided_attempt16 + stage02.3_constraint_guided_rerun09,,preserve;see stage03_legacy_path_map.csv
stage03.0,measurement,stage03.0_measurement_attempt03,attempt03,stage03.0_measurement_attempt03,stage03_measurement_smoke03,smoke,c101C5,2015,"[""c101C5"", ""r105C5"", ""rc105C5"", ""c101_21"", ""r101_21"", ""rc101_21""]","[2014, 2015, 2016]",trace,verified_legacy,results/stage03.0_measurement_attempt03/c101C5/2015/stage03.0_measurement_attempt03_trace_c101C5_2015.json,results/stage03-measurement_smoke03/traces/c101C5-alns_stage02_constraint_guided-2015.json,feasible,,not_verified,NOT_READY_FOR_STAGE03_FORMAL_MEASUREMENT,not_applicable,not_published,9ce7ffc699d99cd9f305b17d5f6a605ebcfec4389e6573499dce52a2fc9a94ba,raw_manifest,f275840934ede6b2efc3479d1aed03c4c4a7ef85e153c41a747f4b32abfda226,50ed2d642f7e5ab1c495f9d43526dbc7ced2cb6e3521d8207719409066db928a,8612d6d9aad051776097a5e50c7408f39352b8107b0639d58e5eda713f9ff876,0c8ae9aa9cfb340a11d8529445425a0e93908b33fd52a75d0aa89ef3782ab516,b226b97e0e67288aaaf85726ad855df71cb81406685c57c8e8c40cd8996aa0da,c683cc56f7787411b7b7e8e439479e917f9f1d54,False,"{""VRP-EVRP-Project-Hub"": {""dirty"": false, ""path"": ""/Users/guoyiyang/Documents/GitHub/FURP-2026-Yiyang-GUO-EVRP-TW/reference/VRP-EVRP-Project-Hub"", ""revision"": ""e3a890065105f978187e532642c4442522215e02""}, ""py-ga-VRPTW"": {""dirty"": false, ""path"": ""/Users/guoyiyang/Documents/GitHub/FURP-2026-Yiyang-GUO-EVRP-TW/reference/py-ga-VRPTW"", ""revision"": ""8e005caaaf6471a4505588d88c7f0f5e0d4ebffa""}}",stage02.3_constraint_guided_attempt16 + stage02.3_constraint_guided_rerun09,,preserve;see stage03_legacy_path_map.csv
stage03.0,measurement,stage03.0_measurement_attempt03,attempt03,stage03.0_measurement_attempt03,stage03_measurement_smoke03,smoke,c101C5,2016,"[""c101C5"", ""r105C5"", ""rc105C5"", ""c101_21"", ""r101_21"", ""rc101_21""]","[2014, 2015, 2016]",trace,verified_legacy,results/stage03.0_measurement_attempt03/c101C5/2016/stage03.0_measurement_attempt03_trace_c101C5_2016.json,results/stage03-measurement_smoke03/traces/c101C5-alns_stage02_constraint_guided-2016.json,feasible,,not_verified,NOT_READY_FOR_STAGE03_FORMAL_MEASUREMENT,not_applicable,not_published,9fe8387e5b6583d101f3d8acaf02caca56d2d3ca0b1b9ea9fce0b80abeb9e644,raw_manifest,f275840934ede6b2efc3479d1aed03c4c4a7ef85e153c41a747f4b32abfda226,50ed2d642f7e5ab1c495f9d43526dbc7ced2cb6e3521d8207719409066db928a,8612d6d9aad051776097a5e50c7408f39352b8107b0639d58e5eda713f9ff876,ba3b92dd534b9c04a192b992c8cb3b2b239c54335b86605610348163ffd621dd,b226b97e0e67288aaaf85726ad855df71cb81406685c57c8e8c40cd8996aa0da,c683cc56f7787411b7b7e8e439479e917f9f1d54,False,"{""VRP-EVRP-Project-Hub"": {""dirty"": false, ""path"": ""/Users/guoyiyang/Documents/GitHub/FURP-2026-Yiyang-GUO-EVRP-TW/reference/VRP-EVRP-Project-Hub"", ""revision"": ""e3a890065105f978187e532642c4442522215e02""}, ""py-ga-VRPTW"": {""dirty"": false, ""path"": ""/Users/guoyiyang/Documents/GitHub/FURP-2026-Yiyang-GUO-EVRP-TW/reference/py-ga-VRPTW"", ""revision"": ""8e005caaaf6471a4505588d88c7f0f5e0d4ebffa""}}",stage02.3_constraint_guided_attempt16 + stage02.3_constraint_guided_rerun09,,preserve;see stage03_legacy_path_map.csv
stage03.0,measurement,stage03.0_measurement_attempt03,attempt03,stage03.0_measurement_attempt03,stage03_measurement_smoke03,smoke,c101_21,2014,"[""c101C5"", ""r105C5"", ""rc105C5"", ""c101_21"", ""r101_21"", ""rc101_21""]","[2014, 2015, 2016]",trace,verified_legacy,results/stage03.0_measurement_attempt03/c101_21/2014/stage03.0_measurement_attempt03_trace_c101_21_2014.json,results/stage03-measurement_smoke03/traces/c101_21-alns_stage02_constraint_guided-2014.json,feasible,,not_verified,NOT_READY_FOR_STAGE03_FORMAL_MEASUREMENT,not_applicable,not_published,a5068f0db9745cf83b9680a40ae070ca98b64d9cf2d76f68a62924548001717a,raw_manifest,f275840934ede6b2efc3479d1aed03c4c4a7ef85e153c41a747f4b32abfda226,50ed2d642f7e5ab1c495f9d43526dbc7ced2cb6e3521d8207719409066db928a,c5cda6ca63a7d518902cf4b02d98b4aa0f373aaa0658d5c666d1c46d38871cb9,69e9782f17aff16ddf4848bcbb9c309b1bb2b142fc224cf128de33b68a08826e,b226b97e0e67288aaaf85726ad855df71cb81406685c57c8e8c40cd8996aa0da,c683cc56f7787411b7b7e8e439479e917f9f1d54,False,"{""VRP-EVRP-Project-Hub"": {""dirty"": false, ""path"": ""/Users/guoyiyang/Documents/GitHub/FURP-2026-Yiyang-GUO-EVRP-TW/reference/VRP-EVRP-Project-Hub"", ""revision"": ""e3a890065105f978187e532642c4442522215e02""}, ""py-ga-VRPTW"": {""dirty"": false, ""path"": ""/Users/guoyiyang/Documents/GitHub/FURP-2026-Yiyang-GUO-EVRP-TW/reference/py-ga-VRPTW"", ""revision"": ""8e005caaaf6471a4505588d88c7f0f5e0d4ebffa""}}",stage02.3_constraint_guided_attempt16 + stage02.3_constraint_guided_rerun09,,preserve;see stage03_legacy_path_map.csv
stage03.0,measurement,stage03.0_measurement_attempt03,attempt03,stage03.0_measurement_attempt03,stage03_measurement_smoke03,smoke,c101_21,2015,"[""c101C5"", ""r105C5"", ""rc105C5"", ""c101_21"", ""r101_21"", ""rc101_21""]","[2014, 2015, 2016]",trace,verified_legacy,results/stage03.0_measurement_attempt03/c101_21/2015/stage03.0_measurement_attempt03_trace_c101_21_2015.json,results/stage03-measurement_smoke03/traces/c101_21-alns_stage02_constraint_guided-2015.json,feasible,,not_verified,NOT_READY_FOR_STAGE03_FORMAL_MEASUREMENT,not_applicable,not_published,2b1be3c3f05a2a976e979a191acc4a3852de601326e490e9efe29f9ef5729dcc,raw_manifest,f275840934ede6b2efc3479d1aed03c4c4a7ef85e153c41a747f4b32abfda226,50ed2d642f7e5ab1c495f9d43526dbc7ced2cb6e3521d8207719409066db928a,c5cda6ca63a7d518902cf4b02d98b4aa0f373aaa0658d5c666d1c46d38871cb9,bcf12ab030521ca00bcf4069f3990226ab21151aaa112549328040535ec1068e,b226b97e0e67288aaaf85726ad855df71cb81406685c57c8e8c40cd8996aa0da,c683cc56f7787411b7b7e8e439479e917f9f1d54,False,"{""VRP-EVRP-Project-Hub"": {""dirty"": false, ""path"": ""/Users/guoyiyang/Documents/GitHub/FURP-2026-Yiyang-GUO-EVRP-TW/reference/VRP-EVRP-Project-Hub"", ""revision"": ""e3a890065105f978187e532642c4442522215e02""}, ""py-ga-VRPTW"": {""dirty"": false, ""path"": ""/Users/guoyiyang/Documents/GitHub/FURP-2026-Yiyang-GUO-EVRP-TW/reference/py-ga-VRPTW"", ""revision"": ""8e005caaaf6471a4505588d88c7f0f5e0d4ebffa""}}",stage02.3_constraint_guided_attempt16 + stage02.3_constraint_guided_rerun09,,preserve;see stage03_legacy_path_map.csv
stage03.0,measurement,stage03.0_measurement_attempt03,attempt03,stage03.0_measurement_attempt03,stage03_measurement_smoke03,smoke,c101_21,2016,"[""c101C5"", ""r105C5"", ""rc105C5"", ""c101_21"", ""r101_21"", ""rc101_21""]","[2014, 2015, 2016]",trace,verified_legacy,results/stage03.0_measurement_attempt03/c101_21/2016/stage03.0_measurement_attempt03_trace_c101_21_2016.json,results/stage03-measurement_smoke03/traces/c101_21-alns_stage02_constraint_guided-2016.json,feasible,,not_verified,NOT_READY_FOR_STAGE03_FORMAL_MEASUREMENT,not_applicable,not_published,fe89c84a0d93539cd37a3c04674e507fe6e2be64279e4815bbbd7e9a290197d9,raw_manifest,f275840934ede6b2efc3479d1aed03c4c4a7ef85e153c41a747f4b32abfda226,50ed2d642f7e5ab1c495f9d43526dbc7ced2cb6e3521d8207719409066db928a,c5cda6ca63a7d518902cf4b02d98b4aa0f373aaa0658d5c666d1c46d38871cb9,1814628f4e909b84455f5d97f3965bdef5e2a9eb87e9a0c4bd73e175a839ff7a,b226b97e0e67288aaaf85726ad855df71cb81406685c57c8e8c40cd8996aa0da,c683cc56f7787411b7b7e8e439479e917f9f1d54,False,"{""VRP-EVRP-Project-Hub"": {""dirty"": false, ""path"": ""/Users/guoyiyang/Documents/GitHub/FURP-2026-Yiyang-GUO-EVRP-TW/reference/VRP-EVRP-Project-Hub"", ""revision"": ""e3a890065105f978187e532642c4442522215e02""}, ""py-ga-VRPTW"": {""dirty"": false, ""path"": ""/Users/guoyiyang/Documents/GitHub/FURP-2026-Yiyang-GUO-EVRP-TW/reference/py-ga-VRPTW"", ""revision"": ""8e005caaaf6471a4505588d88c7f0f5e0d4ebffa""}}",stage02.3_constraint_guided_attempt16 + stage02.3_constraint_guided_rerun09,,preserve;see stage03_legacy_path_map.csv
stage03.0,measurement,stage03.0_measurement_attempt03,attempt03,stage03.0_measurement_attempt03,stage03_measurement_smoke03,smoke,r101_21,2014,"[""c101C5"", ""r105C5"", ""rc105C5"", ""c101_21"", ""r101_21"", ""rc101_21""]","[2014, 2015, 2016]",trace,verified_legacy,results/stage03.0_measurement_attempt03/r101_21/2014/stage03.0_measurement_attempt03_trace_r101_21_2014.json,results/stage03-measurement_smoke03/traces/r101_21-alns_stage02_constraint_guided-2014.json,feasible,,not_verified,NOT_READY_FOR_STAGE03_FORMAL_MEASUREMENT,not_applicable,not_published,76e7ade83caeebdce83c2b29067d0581deda1b7a536b90acda1acb64a166bc93,raw_manifest,f275840934ede6b2efc3479d1aed03c4c4a7ef85e153c41a747f4b32abfda226,50ed2d642f7e5ab1c495f9d43526dbc7ced2cb6e3521d8207719409066db928a,0e5a3dffffbd3c516b528ef32ba1a488b817d2f151fc3e8c81023814de1c103a,5a0b972f71bdca2f9578a1fb7d96aab52396c257d0b04a40421a60047e2e8635,b226b97e0e67288aaaf85726ad855df71cb81406685c57c8e8c40cd8996aa0da,c683cc56f7787411b7b7e8e439479e917f9f1d54,False,"{""VRP-EVRP-Project-Hub"": {""dirty"": false, ""path"": ""/Users/guoyiyang/Documents/GitHub/FURP-2026-Yiyang-GUO-EVRP-TW/reference/VRP-EVRP-Project-Hub"", ""revision"": ""e3a890065105f978187e532642c4442522215e02""}, ""py-ga-VRPTW"": {""dirty"": false, ""path"": ""/Users/guoyiyang/Documents/GitHub/FURP-2026-Yiyang-GUO-EVRP-TW/reference/py-ga-VRPTW"", ""revision"": ""8e005caaaf6471a4505588d88c7f0f5e0d4ebffa""}}",stage02.3_constraint_guided_attempt16 + stage02.3_constraint_guided_rerun09,,preserve;see stage03_legacy_path_map.csv
stage03.0,measurement,stage03.0_measurement_attempt03,attempt03,stage03.0_measurement_attempt03,stage03_measurement_smoke03,smoke,r101_21,2015,"[""c101C5"", ""r105C5"", ""rc105C5"", ""c101_21"", ""r101_21"", ""rc101_21""]","[2014, 2015, 2016]",trace,verified_legacy,results/stage03.0_measurement_attempt03/r101_21/2015/stage03.0_measurement_attempt03_trace_r101_21_2015.json,results/stage03-measurement_smoke03/traces/r101_21-alns_stage02_constraint_guided-2015.json,feasible,,not_verified,NOT_READY_FOR_STAGE03_FORMAL_MEASUREMENT,not_applicable,not_published,4a907e2e4b086f68355161ca61f16d2795f3c58c8cc5c404eec7a06f96974ad2,raw_manifest,f275840934ede6b2efc3479d1aed03c4c4a7ef85e153c41a747f4b32abfda226,50ed2d642f7e5ab1c495f9d43526dbc7ced2cb6e3521d8207719409066db928a,0e5a3dffffbd3c516b528ef32ba1a488b817d2f151fc3e8c81023814de1c103a,51671f7e9bd290a71756200197c43573e11e41bf6bfdea7c71250c0ea51d45d5,b226b97e0e67288aaaf85726ad855df71cb81406685c57c8e8c40cd8996aa0da,c683cc56f7787411b7b7e8e439479e917f9f1d54,False,"{""VRP-EVRP-Project-Hub"": {""dirty"": false, ""path"": ""/Users/guoyiyang/Documents/GitHub/FURP-2026-Yiyang-GUO-EVRP-TW/reference/VRP-EVRP-Project-Hub"", ""revision"": ""e3a890065105f978187e532642c4442522215e02""}, ""py-ga-VRPTW"": {""dirty"": false, ""path"": ""/Users/guoyiyang/Documents/GitHub/FURP-2026-Yiyang-GUO-EVRP-TW/reference/py-ga-VRPTW"", ""revision"": ""8e005caaaf6471a4505588d88c7f0f5e0d4ebffa""}}",stage02.3_constraint_guided_attempt16 + stage02.3_constraint_guided_rerun09,,preserve;see stage03_legacy_path_map.csv
stage03.0,measurement,stage03.0_measurement_attempt03,attempt03,stage03.0_measurement_attempt03,stage03_measurement_smoke03,smoke,r101_21,2016,"[""c101C5"", ""r105C5"", ""rc105C5"", ""c101_21"", ""r101_21"", ""rc101_21""]","[2014, 2015, 2016]",trace,verified_legacy,results/stage03.0_measurement_attempt03/r101_21/2016/stage03.0_measurement_attempt03_trace_r101_21_2016.json,results/stage03-measurement_smoke03/traces/r101_21-alns_stage02_constraint_guided-2016.json,feasible,,not_verified,NOT_READY_FOR_STAGE03_FORMAL_MEASUREMENT,not_applicable,not_published,71ca891587a3be32e71697bc869983f0f3548f395d4e898c2b2b75ce7350c228,raw_manifest,f275840934ede6b2efc3479d1aed03c4c4a7ef85e153c41a747f4b32abfda226,50ed2d642f7e5ab1c495f9d43526dbc7ced2cb6e3521d8207719409066db928a,0e5a3dffffbd3c516b528ef32ba1a488b817d2f151fc3e8c81023814de1c103a,602b1a478922303e0c660ffd5607ec8c3d5ca55c2ffdfb2972b1b611794a8896,b226b97e0e67288aaaf85726ad855df71cb81406685c57c8e8c40cd8996aa0da,c683cc56f7787411b7b7e8e439479e917f9f1d54,False,"{""VRP-EVRP-Project-Hub"": {""dirty"": false, ""path"": ""/Users/guoyiyang/Documents/GitHub/FURP-2026-Yiyang-GUO-EVRP-TW/reference/VRP-EVRP-Project-Hub"", ""revision"": ""e3a890065105f978187e532642c4442522215e02""}, ""py-ga-VRPTW"": {""dirty"": false, ""path"": ""/Users/guoyiyang/Documents/GitHub/FURP-2026-Yiyang-GUO-EVRP-TW/reference/py-ga-VRPTW"", ""revision"": ""8e005caaaf6471a4505588d88c7f0f5e0d4ebffa""}}",stage02.3_constraint_guided_attempt16 + stage02.3_constraint_guided_rerun09,,preserve;see stage03_legacy_path_map.csv
stage03.0,measurement,stage03.0_measurement_attempt03,attempt03,stage03.0_measurement_attempt03,stage03_measurement_smoke03,smoke,r105C5,2014,"[""c101C5"", ""r105C5"", ""rc105C5"", ""c101_21"", ""r101_21"", ""rc101_21""]","[2014, 2015, 2016]",trace,verified_legacy,results/stage03.0_measurement_attempt03/r105C5/2014/stage03.0_measurement_attempt03_trace_r105C5_2014.json,results/stage03-measurement_smoke03/traces/r105C5-alns_stage02_constraint_guided-2014.json,feasible,,not_verified,NOT_READY_FOR_STAGE03_FORMAL_MEASUREMENT,not_applicable,not_published,b2c7c429d1b56067ebfd7b68ecc1c50fae749246bd1ed30440a9219a4034b400,raw_manifest,f275840934ede6b2efc3479d1aed03c4c4a7ef85e153c41a747f4b32abfda226,50ed2d642f7e5ab1c495f9d43526dbc7ced2cb6e3521d8207719409066db928a,eb27ec04e799ee6d39dee3d66f15128e197811afa8c664295acbdf6444176434,4d6afea4fb981320756da48969b4c4302da7807bd6943fe3a925e661ca603c30,b226b97e0e67288aaaf85726ad855df71cb81406685c57c8e8c40cd8996aa0da,c683cc56f7787411b7b7e8e439479e917f9f1d54,False,"{""VRP-EVRP-Project-Hub"": {""dirty"": false, ""path"": ""/Users/guoyiyang/Documents/GitHub/FURP-2026-Yiyang-GUO-EVRP-TW/reference/VRP-EVRP-Project-Hub"", ""revision"": ""e3a890065105f978187e532642c4442522215e02""}, ""py-ga-VRPTW"": {""dirty"": false, ""path"": ""/Users/guoyiyang/Documents/GitHub/FURP-2026-Yiyang-GUO-EVRP-TW/reference/py-ga-VRPTW"", ""revision"": ""8e005caaaf6471a4505588d88c7f0f5e0d4ebffa""}}",stage02.3_constraint_guided_attempt16 + stage02.3_constraint_guided_rerun09,,preserve;see stage03_legacy_path_map.csv
stage03.0,measurement,stage03.0_measurement_attempt03,attempt03,stage03.0_measurement_attempt03,stage03_measurement_smoke03,smoke,r105C5,2015,"[""c101C5"", ""r105C5"", ""rc105C5"", ""c101_21"", ""r101_21"", ""rc101_21""]","[2014, 2015, 2016]",trace,verified_legacy,results/stage03.0_measurement_attempt03/r105C5/2015/stage03.0_measurement_attempt03_trace_r105C5_2015.json,results/stage03-measurement_smoke03/traces/r105C5-alns_stage02_constraint_guided-2015.json,feasible,,not_verified,NOT_READY_FOR_STAGE03_FORMAL_MEASUREMENT,not_applicable,not_published,1a01f8911eb83721f432f089f243b01bf2452c73a0cc2cd30f1e9c383f84a6a4,raw_manifest,f275840934ede6b2efc3479d1aed03c4c4a7ef85e153c41a747f4b32abfda226,50ed2d642f7e5ab1c495f9d43526dbc7ced2cb6e3521d8207719409066db928a,eb27ec04e799ee6d39dee3d66f15128e197811afa8c664295acbdf6444176434,40a788752c9253b1af5b909f1eda0b261be84898b70f14d38967520377e04457,b226b97e0e67288aaaf85726ad855df71cb81406685c57c8e8c40cd8996aa0da,c683cc56f7787411b7b7e8e439479e917f9f1d54,False,"{""VRP-EVRP-Project-Hub"": {""dirty"": false, ""path"": ""/Users/guoyiyang/Documents/GitHub/FURP-2026-Yiyang-GUO-EVRP-TW/reference/VRP-EVRP-Project-Hub"", ""revision"": ""e3a890065105f978187e532642c4442522215e02""}, ""py-ga-VRPTW"": {""dirty"": false, ""path"": ""/Users/guoyiyang/Documents/GitHub/FURP-2026-Yiyang-GUO-EVRP-TW/reference/py-ga-VRPTW"", ""revision"": ""8e005caaaf6471a4505588d88c7f0f5e0d4ebffa""}}",stage02.3_constraint_guided_attempt16 + stage02.3_constraint_guided_rerun09,,preserve;see stage03_legacy_path_map.csv
stage03.0,measurement,stage03.0_measurement_attempt03,attempt03,stage03.0_measurement_attempt03,stage03_measurement_smoke03,smoke,r105C5,2016,"[""c101C5"", ""r105C5"", ""rc105C5"", ""c101_21"", ""r101_21"", ""rc101_21""]","[2014, 2015, 2016]",trace,verified_legacy,results/stage03.0_measurement_attempt03/r105C5/2016/stage03.0_measurement_attempt03_trace_r105C5_2016.json,results/stage03-measurement_smoke03/traces/r105C5-alns_stage02_constraint_guided-2016.json,feasible,,not_verified,NOT_READY_FOR_STAGE03_FORMAL_MEASUREMENT,not_applicable,not_published,55bbd79da668fd9a7082d1d0edb6f8554c191d93ddef3d9ec39bd6153d7053e0,raw_manifest,f275840934ede6b2efc3479d1aed03c4c4a7ef85e153c41a747f4b32abfda226,50ed2d642f7e5ab1c495f9d43526dbc7ced2cb6e3521d8207719409066db928a,eb27ec04e799ee6d39dee3d66f15128e197811afa8c664295acbdf6444176434,3f2a306da7be5557be576ddbcad10c0c0a28a786bcea06730e23dfece0eeb491,b226b97e0e67288aaaf85726ad855df71cb81406685c57c8e8c40cd8996aa0da,c683cc56f7787411b7b7e8e439479e917f9f1d54,False,"{""VRP-EVRP-Project-Hub"": {""dirty"": false, ""path"": ""/Users/guoyiyang/Documents/GitHub/FURP-2026-Yiyang-GUO-EVRP-TW/reference/VRP-EVRP-Project-Hub"", ""revision"": ""e3a890065105f978187e532642c4442522215e02""}, ""py-ga-VRPTW"": {""dirty"": false, ""path"": ""/Users/guoyiyang/Documents/GitHub/FURP-2026-Yiyang-GUO-EVRP-TW/reference/py-ga-VRPTW"", ""revision"": ""8e005caaaf6471a4505588d88c7f0f5e0d4ebffa""}}",stage02.3_constraint_guided_attempt16 + stage02.3_constraint_guided_rerun09,,preserve;see stage03_legacy_path_map.csv
stage03.0,measurement,stage03.0_measurement_attempt03,attempt03,stage03.0_measurement_attempt03,stage03_measurement_smoke03,smoke,rc101_21,2014,"[""c101C5"", ""r105C5"", ""rc105C5"", ""c101_21"", ""r101_21"", ""rc101_21""]","[2014, 2015, 2016]",trace,verified_legacy,results/stage03.0_measurement_attempt03/rc101_21/2014/stage03.0_measurement_attempt03_trace_rc101_21_2014.json,results/stage03-measurement_smoke03/traces/rc101_21-alns_stage02_constraint_guided-2014.json,feasible,,not_verified,NOT_READY_FOR_STAGE03_FORMAL_MEASUREMENT,not_applicable,not_published,bdd8a877e5cba2a90207f8612bc59ea9d3eea759b3025047fa4113d90ab2e635,raw_manifest,f275840934ede6b2efc3479d1aed03c4c4a7ef85e153c41a747f4b32abfda226,50ed2d642f7e5ab1c495f9d43526dbc7ced2cb6e3521d8207719409066db928a,272a3e58d53d4ba9516f01506164cf8a9b98bfeeb8dbd1fd62f6557e4c98e3a1,5b001861e0cf49cd58560ec741484cbb0699cb55753ed6aa5537fbb26b693736,b226b97e0e67288aaaf85726ad855df71cb81406685c57c8e8c40cd8996aa0da,c683cc56f7787411b7b7e8e439479e917f9f1d54,False,"{""VRP-EVRP-Project-Hub"": {""dirty"": false, ""path"": ""/Users/guoyiyang/Documents/GitHub/FURP-2026-Yiyang-GUO-EVRP-TW/reference/VRP-EVRP-Project-Hub"", ""revision"": ""e3a890065105f978187e532642c4442522215e02""}, ""py-ga-VRPTW"": {""dirty"": false, ""path"": ""/Users/guoyiyang/Documents/GitHub/FURP-2026-Yiyang-GUO-EVRP-TW/reference/py-ga-VRPTW"", ""revision"": ""8e005caaaf6471a4505588d88c7f0f5e0d4ebffa""}}",stage02.3_constraint_guided_attempt16 + stage02.3_constraint_guided_rerun09,,preserve;see stage03_legacy_path_map.csv
stage03.0,measurement,stage03.0_measurement_attempt03,attempt03,stage03.0_measurement_attempt03,stage03_measurement_smoke03,smoke,rc101_21,2015,"[""c101C5"", ""r105C5"", ""rc105C5"", ""c101_21"", ""r101_21"", ""rc101_21""]","[2014, 2015, 2016]",trace,verified_legacy,results/stage03.0_measurement_attempt03/rc101_21/2015/stage03.0_measurement_attempt03_trace_rc101_21_2015.json,results/stage03-measurement_smoke03/traces/rc101_21-alns_stage02_constraint_guided-2015.json,feasible,,not_verified,NOT_READY_FOR_STAGE03_FORMAL_MEASUREMENT,not_applicable,not_published,195444740668b8c810bf05359b7752a76c4933d1e86009b92256c098b329b638,raw_manifest,f275840934ede6b2efc3479d1aed03c4c4a7ef85e153c41a747f4b32abfda226,50ed2d642f7e5ab1c495f9d43526dbc7ced2cb6e3521d8207719409066db928a,272a3e58d53d4ba9516f01506164cf8a9b98bfeeb8dbd1fd62f6557e4c98e3a1,7c8b2eff394a2c63d528c942e981b389b89c680feed3c47592817a42d3e50131,b226b97e0e67288aaaf85726ad855df71cb81406685c57c8e8c40cd8996aa0da,c683cc56f7787411b7b7e8e439479e917f9f1d54,False,"{""VRP-EVRP-Project-Hub"": {""dirty"": false, ""path"": ""/Users/guoyiyang/Documents/GitHub/FURP-2026-Yiyang-GUO-EVRP-TW/reference/VRP-EVRP-Project-Hub"", ""revision"": ""e3a890065105f978187e532642c4442522215e02""}, ""py-ga-VRPTW"": {""dirty"": false, ""path"": ""/Users/guoyiyang/Documents/GitHub/FURP-2026-Yiyang-GUO-EVRP-TW/reference/py-ga-VRPTW"", ""revision"": ""8e005caaaf6471a4505588d88c7f0f5e0d4ebffa""}}",stage02.3_constraint_guided_attempt16 + stage02.3_constraint_guided_rerun09,,preserve;see stage03_legacy_path_map.csv
stage03.0,measurement,stage03.0_measurement_attempt03,attempt03,stage03.0_measurement_attempt03,stage03_measurement_smoke03,smoke,rc101_21,2016,"[""c101C5"", ""r105C5"", ""rc105C5"", ""c101_21"", ""r101_21"", ""rc101_21""]","[2014, 2015, 2016]",trace,verified_legacy,results/stage03.0_measurement_attempt03/rc101_21/2016/stage03.0_measurement_attempt03_trace_rc101_21_2016.json,results/stage03-measurement_smoke03/traces/rc101_21-alns_stage02_constraint_guided-2016.json,feasible,,not_verified,NOT_READY_FOR_STAGE03_FORMAL_MEASUREMENT,not_applicable,not_published,b653b9d17eac5d85f6a557eb3705017b277196c775b2d31c3cc4762663c97288,raw_manifest,f275840934ede6b2efc3479d1aed03c4c4a7ef85e153c41a747f4b32abfda226,50ed2d642f7e5ab1c495f9d43526dbc7ced2cb6e3521d8207719409066db928a,272a3e58d53d4ba9516f01506164cf8a9b98bfeeb8dbd1fd62f6557e4c98e3a1,a24b8b066165058662ed0555d73ae50a2c7220d2a0f1466f14984149c11a4954,b226b97e0e67288aaaf85726ad855df71cb81406685c57c8e8c40cd8996aa0da,c683cc56f7787411b7b7e8e439479e917f9f1d54,False,"{""VRP-EVRP-Project-Hub"": {""dirty"": false, ""path"": ""/Users/guoyiyang/Documents/GitHub/FURP-2026-Yiyang-GUO-EVRP-TW/reference/VRP-EVRP-Project-Hub"", ""revision"": ""e3a890065105f978187e532642c4442522215e02""}, ""py-ga-VRPTW"": {""dirty"": false, ""path"": ""/Users/guoyiyang/Documents/GitHub/FURP-2026-Yiyang-GUO-EVRP-TW/reference/py-ga-VRPTW"", ""revision"": ""8e005caaaf6471a4505588d88c7f0f5e0d4ebffa""}}",stage02.3_constraint_guided_attempt16 + stage02.3_constraint_guided_rerun09,,preserve;see stage03_legacy_path_map.csv
stage03.0,measurement,stage03.0_measurement_attempt03,attempt03,stage03.0_measurement_attempt03,stage03_measurement_smoke03,smoke,rc105C5,2014,"[""c101C5"", ""r105C5"", ""rc105C5"", ""c101_21"", ""r101_21"", ""rc101_21""]","[2014, 2015, 2016]",trace,verified_legacy,results/stage03.0_measurement_attempt03/rc105C5/2014/stage03.0_measurement_attempt03_trace_rc105C5_2014.json,results/stage03-measurement_smoke03/traces/rc105C5-alns_stage02_constraint_guided-2014.json,feasible,,not_verified,NOT_READY_FOR_STAGE03_FORMAL_MEASUREMENT,not_applicable,not_published,af797616fe1c81ff0c93c7129e8a63a8b170c305c6ca03b0b4374242d32acdcd,raw_manifest,f275840934ede6b2efc3479d1aed03c4c4a7ef85e153c41a747f4b32abfda226,50ed2d642f7e5ab1c495f9d43526dbc7ced2cb6e3521d8207719409066db928a,2ccfba6c447fa43a994934690acb67c7355ca04d232394907ed6938bc362c643,d1166f6ac37b348e9018f4447bbcd7a110aae97e2199e6c993e18570f09e7f39,b226b97e0e67288aaaf85726ad855df71cb81406685c57c8e8c40cd8996aa0da,c683cc56f7787411b7b7e8e439479e917f9f1d54,False,"{""VRP-EVRP-Project-Hub"": {""dirty"": false, ""path"": ""/Users/guoyiyang/Documents/GitHub/FURP-2026-Yiyang-GUO-EVRP-TW/reference/VRP-EVRP-Project-Hub"", ""revision"": ""e3a890065105f978187e532642c4442522215e02""}, ""py-ga-VRPTW"": {""dirty"": false, ""path"": ""/Users/guoyiyang/Documents/GitHub/FURP-2026-Yiyang-GUO-EVRP-TW/reference/py-ga-VRPTW"", ""revision"": ""8e005caaaf6471a4505588d88c7f0f5e0d4ebffa""}}",stage02.3_constraint_guided_attempt16 + stage02.3_constraint_guided_rerun09,,preserve;see stage03_legacy_path_map.csv
stage03.0,measurement,stage03.0_measurement_attempt03,attempt03,stage03.0_measurement_attempt03,stage03_measurement_smoke03,smoke,rc105C5,2015,"[""c101C5"", ""r105C5"", ""rc105C5"", ""c101_21"", ""r101_21"", ""rc101_21""]","[2014, 2015, 2016]",trace,verified_legacy,results/stage03.0_measurement_attempt03/rc105C5/2015/stage03.0_measurement_attempt03_trace_rc105C5_2015.json,results/stage03-measurement_smoke03/traces/rc105C5-alns_stage02_constraint_guided-2015.json,feasible,,not_verified,NOT_READY_FOR_STAGE03_FORMAL_MEASUREMENT,not_applicable,not_published,f6dfa0396ad66316077c1959c55b66ad975ece3fee5a8f10530492429f7b79c5,raw_manifest,f275840934ede6b2efc3479d1aed03c4c4a7ef85e153c41a747f4b32abfda226,50ed2d642f7e5ab1c495f9d43526dbc7ced2cb6e3521d8207719409066db928a,2ccfba6c447fa43a994934690acb67c7355ca04d232394907ed6938bc362c643,6166cff54ae05c2a1b869ef5837778b9ea98dd55e7e512e4fee139c2b8f58cf0,b226b97e0e67288aaaf85726ad855df71cb81406685c57c8e8c40cd8996aa0da,c683cc56f7787411b7b7e8e439479e917f9f1d54,False,"{""VRP-EVRP-Project-Hub"": {""dirty"": false, ""path"": ""/Users/guoyiyang/Documents/GitHub/FURP-2026-Yiyang-GUO-EVRP-TW/reference/VRP-EVRP-Project-Hub"", ""revision"": ""e3a890065105f978187e532642c4442522215e02""}, ""py-ga-VRPTW"": {""dirty"": false, ""path"": ""/Users/guoyiyang/Documents/GitHub/FURP-2026-Yiyang-GUO-EVRP-TW/reference/py-ga-VRPTW"", ""revision"": ""8e005caaaf6471a4505588d88c7f0f5e0d4ebffa""}}",stage02.3_constraint_guided_attempt16 + stage02.3_constraint_guided_rerun09,,preserve;see stage03_legacy_path_map.csv
stage03.0,measurement,stage03.0_measurement_attempt03,attempt03,stage03.0_measurement_attempt03,stage03_measurement_smoke03,smoke,rc105C5,2016,"[""c101C5"", ""r105C5"", ""rc105C5"", ""c101_21"", ""r101_21"", ""rc101_21""]","[2014, 2015, 2016]",trace,verified_legacy,results/stage03.0_measurement_attempt03/rc105C5/2016/stage03.0_measurement_attempt03_trace_rc105C5_2016.json,results/stage03-measurement_smoke03/traces/rc105C5-alns_stage02_constraint_guided-2016.json,feasible,,not_verified,NOT_READY_FOR_STAGE03_FORMAL_MEASUREMENT,not_applicable,not_published,c26c8cca8963761bb851ed018f7958857b190f48c3355ac7ac0e1ddec1d89346,raw_manifest,f275840934ede6b2efc3479d1aed03c4c4a7ef85e153c41a747f4b32abfda226,50ed2d642f7e5ab1c495f9d43526dbc7ced2cb6e3521d8207719409066db928a,2ccfba6c447fa43a994934690acb67c7355ca04d232394907ed6938bc362c643,b0f52ddfbf0067d25e24d677e9d0e98431b6b39fd5faf2bcfab10beb062ccb6a,b226b97e0e67288aaaf85726ad855df71cb81406685c57c8e8c40cd8996aa0da,c683cc56f7787411b7b7e8e439479e917f9f1d54,False,"{""VRP-EVRP-Project-Hub"": {""dirty"": false, ""path"": ""/Users/guoyiyang/Documents/GitHub/FURP-2026-Yiyang-GUO-EVRP-TW/reference/VRP-EVRP-Project-Hub"", ""revision"": ""e3a890065105f978187e532642c4442522215e02""}, ""py-ga-VRPTW"": {""dirty"": false, ""path"": ""/Users/guoyiyang/Documents/GitHub/FURP-2026-Yiyang-GUO-EVRP-TW/reference/py-ga-VRPTW"", ""revision"": ""8e005caaaf6471a4505588d88c7f0f5e0d4ebffa""}}",stage02.3_constraint_guided_attempt16 + stage02.3_constraint_guided_rerun09,,preserve;see stage03_legacy_path_map.csv
stage03.0,measurement,stage03.0_measurement_attempt04,attempt04,stage03.0_measurement_attempt04,stage03_measurement_smoke04,smoke,__all__,__all__,"[""c101C5"", ""r105C5"", ""rc105C5"", ""c101_21"", ""r101_21"", ""rc101_21""]","[2014, 2015, 2016]",environment,verified_legacy,results/stage03.0_measurement_attempt04/control/stage03.0_measurement_attempt04_environment.json,results/stage03-measurement_smoke04/environment.json,feasible,,pass,READY_FOR_STAGE03_FORMAL_MEASUREMENT,not_applicable,pass,6a430f07617e9c806ffeaebd88ea0be07c04cbbd74e5ef6fe2a1c3881e83ca15,raw_manifest,380c6e5877faec191d00c501af697deb073d861a644b2fb71e106c31a6c4fca6,50ed2d642f7e5ab1c495f9d43526dbc7ced2cb6e3521d8207719409066db928a,,,b226b97e0e67288aaaf85726ad855df71cb81406685c57c8e8c40cd8996aa0da,9f211b67968e59dc04e8e31591ad4204114bd6ab,False,"{""VRP-EVRP-Project-Hub"": {""dirty"": false, ""path"": ""/Users/guoyiyang/Documents/GitHub/FURP-2026-Yiyang-GUO-EVRP-TW/reference/VRP-EVRP-Project-Hub"", ""revision"": ""e3a890065105f978187e532642c4442522215e02""}, ""py-ga-VRPTW"": {""dirty"": false, ""path"": ""/Users/guoyiyang/Documents/GitHub/FURP-2026-Yiyang-GUO-EVRP-TW/reference/py-ga-VRPTW"", ""revision"": ""8e005caaaf6471a4505588d88c7f0f5e0d4ebffa""}}",stage02.3_constraint_guided_attempt16 + stage02.3_constraint_guided_rerun09,,preserve;see stage03_legacy_path_map.csv
stage03.0,measurement,stage03.0_measurement_attempt04,attempt04,stage03.0_measurement_attempt04,stage03_measurement_smoke04,smoke,c101C5,2014,"[""c101C5"", ""r105C5"", ""rc105C5"", ""c101_21"", ""r101_21"", ""rc101_21""]","[2014, 2015, 2016]",environment,verified_legacy,results/stage03.0_measurement_attempt04/c101C5/2014/stage03.0_measurement_attempt04_environment_c101C5_2014.json,results/stage03-measurement_smoke04/environments/c101C5-alns_stage02_constraint_guided-2014.json,feasible,,pass,READY_FOR_STAGE03_FORMAL_MEASUREMENT,not_applicable,pass,136d626d2c7df4efa1494bda623a49a008f78c2dd5770513c5742d5c906d6f13,raw_manifest,380c6e5877faec191d00c501af697deb073d861a644b2fb71e106c31a6c4fca6,50ed2d642f7e5ab1c495f9d43526dbc7ced2cb6e3521d8207719409066db928a,8612d6d9aad051776097a5e50c7408f39352b8107b0639d58e5eda713f9ff876,3e80831db18b25dd8b58d9e18252a1fe67164b4942d45325369c97759e0781f0,b226b97e0e67288aaaf85726ad855df71cb81406685c57c8e8c40cd8996aa0da,9f211b67968e59dc04e8e31591ad4204114bd6ab,False,"{""VRP-EVRP-Project-Hub"": {""dirty"": false, ""path"": ""/Users/guoyiyang/Documents/GitHub/FURP-2026-Yiyang-GUO-EVRP-TW/reference/VRP-EVRP-Project-Hub"", ""revision"": ""e3a890065105f978187e532642c4442522215e02""}, ""py-ga-VRPTW"": {""dirty"": false, ""path"": ""/Users/guoyiyang/Documents/GitHub/FURP-2026-Yiyang-GUO-EVRP-TW/reference/py-ga-VRPTW"", ""revision"": ""8e005caaaf6471a4505588d88c7f0f5e0d4ebffa""}}",stage02.3_constraint_guided_attempt16 + stage02.3_constraint_guided_rerun09,,preserve;see stage03_legacy_path_map.csv
stage03.0,measurement,stage03.0_measurement_attempt04,attempt04,stage03.0_measurement_attempt04,stage03_measurement_smoke04,smoke,c101C5,2015,"[""c101C5"", ""r105C5"", ""rc105C5"", ""c101_21"", ""r101_21"", ""rc101_21""]","[2014, 2015, 2016]",environment,verified_legacy,results/stage03.0_measurement_attempt04/c101C5/2015/stage03.0_measurement_attempt04_environment_c101C5_2015.json,results/stage03-measurement_smoke04/environments/c101C5-alns_stage02_constraint_guided-2015.json,feasible,,pass,READY_FOR_STAGE03_FORMAL_MEASUREMENT,not_applicable,pass,26d28e4c4912312b206b2ca9d19b943c4fb943b02faa5d98a067b8765e2345aa,raw_manifest,380c6e5877faec191d00c501af697deb073d861a644b2fb71e106c31a6c4fca6,50ed2d642f7e5ab1c495f9d43526dbc7ced2cb6e3521d8207719409066db928a,8612d6d9aad051776097a5e50c7408f39352b8107b0639d58e5eda713f9ff876,785b0fbde8c4b8a9ef3967509d3febedd851bea045eb60c2cdaff256bea6f1f2,b226b97e0e67288aaaf85726ad855df71cb81406685c57c8e8c40cd8996aa0da,9f211b67968e59dc04e8e31591ad4204114bd6ab,False,"{""VRP-EVRP-Project-Hub"": {""dirty"": false, ""path"": ""/Users/guoyiyang/Documents/GitHub/FURP-2026-Yiyang-GUO-EVRP-TW/reference/VRP-EVRP-Project-Hub"", ""revision"": ""e3a890065105f978187e532642c4442522215e02""}, ""py-ga-VRPTW"": {""dirty"": false, ""path"": ""/Users/guoyiyang/Documents/GitHub/FURP-2026-Yiyang-GUO-EVRP-TW/reference/py-ga-VRPTW"", ""revision"": ""8e005caaaf6471a4505588d88c7f0f5e0d4ebffa""}}",stage02.3_constraint_guided_attempt16 + stage02.3_constraint_guided_rerun09,,preserve;see stage03_legacy_path_map.csv
stage03.0,measurement,stage03.0_measurement_attempt04,attempt04,stage03.0_measurement_attempt04,stage03_measurement_smoke04,smoke,c101C5,2016,"[""c101C5"", ""r105C5"", ""rc105C5"", ""c101_21"", ""r101_21"", ""rc101_21""]","[2014, 2015, 2016]",environment,verified_legacy,results/stage03.0_measurement_attempt04/c101C5/2016/stage03.0_measurement_attempt04_environment_c101C5_2016.json,results/stage03-measurement_smoke04/environments/c101C5-alns_stage02_constraint_guided-2016.json,feasible,,pass,READY_FOR_STAGE03_FORMAL_MEASUREMENT,not_applicable,pass,e99738403a681c49bab24ef133fa05832391e12c1bccab002a4622c649839ce5,raw_manifest,380c6e5877faec191d00c501af697deb073d861a644b2fb71e106c31a6c4fca6,50ed2d642f7e5ab1c495f9d43526dbc7ced2cb6e3521d8207719409066db928a,8612d6d9aad051776097a5e50c7408f39352b8107b0639d58e5eda713f9ff876,8e154d7ff2aa959d977b2fe85be8eb7d448836560c514feaddd55fc0d01df546,b226b97e0e67288aaaf85726ad855df71cb81406685c57c8e8c40cd8996aa0da,9f211b67968e59dc04e8e31591ad4204114bd6ab,False,"{""VRP-EVRP-Project-Hub"": {""dirty"": false, ""path"": ""/Users/guoyiyang/Documents/GitHub/FURP-2026-Yiyang-GUO-EVRP-TW/reference/VRP-EVRP-Project-Hub"", ""revision"": ""e3a890065105f978187e532642c4442522215e02""}, ""py-ga-VRPTW"": {""dirty"": false, ""path"": ""/Users/guoyiyang/Documents/GitHub/FURP-2026-Yiyang-GUO-EVRP-TW/reference/py-ga-VRPTW"", ""revision"": ""8e005caaaf6471a4505588d88c7f0f5e0d4ebffa""}}",stage02.3_constraint_guided_attempt16 + stage02.3_constraint_guided_rerun09,,preserve;see stage03_legacy_path_map.csv
stage03.0,measurement,stage03.0_measurement_attempt04,attempt04,stage03.0_measurement_attempt04,stage03_measurement_smoke04,smoke,c101_21,2014,"[""c101C5"", ""r105C5"", ""rc105C5"", ""c101_21"", ""r101_21"", ""rc101_21""]","[2014, 2015, 2016]",environment,verified_legacy,results/stage03.0_measurement_attempt04/c101_21/2014/stage03.0_measurement_attempt04_environment_c101_21_2014.json,results/stage03-measurement_smoke04/environments/c101_21-alns_stage02_constraint_guided-2014.json,feasible,,pass,READY_FOR_STAGE03_FORMAL_MEASUREMENT,not_applicable,pass,cf69abd5bc6e6833192a1e058eea3aec41d4196b8b3297334385c890cd94d0ef,raw_manifest,380c6e5877faec191d00c501af697deb073d861a644b2fb71e106c31a6c4fca6,50ed2d642f7e5ab1c495f9d43526dbc7ced2cb6e3521d8207719409066db928a,c5cda6ca63a7d518902cf4b02d98b4aa0f373aaa0658d5c666d1c46d38871cb9,5a97fbe35823682bc67553abbb9e466c7af5906a32a39eb2aafa6c142468fa4c,b226b97e0e67288aaaf85726ad855df71cb81406685c57c8e8c40cd8996aa0da,9f211b67968e59dc04e8e31591ad4204114bd6ab,False,"{""VRP-EVRP-Project-Hub"": {""dirty"": false, ""path"": ""/Users/guoyiyang/Documents/GitHub/FURP-2026-Yiyang-GUO-EVRP-TW/reference/VRP-EVRP-Project-Hub"", ""revision"": ""e3a890065105f978187e532642c4442522215e02""}, ""py-ga-VRPTW"": {""dirty"": false, ""path"": ""/Users/guoyiyang/Documents/GitHub/FURP-2026-Yiyang-GUO-EVRP-TW/reference/py-ga-VRPTW"", ""revision"": ""8e005caaaf6471a4505588d88c7f0f5e0d4ebffa""}}",stage02.3_constraint_guided_attempt16 + stage02.3_constraint_guided_rerun09,,preserve;see stage03_legacy_path_map.csv
stage03.0,measurement,stage03.0_measurement_attempt04,attempt04,stage03.0_measurement_attempt04,stage03_measurement_smoke04,smoke,c101_21,2015,"[""c101C5"", ""r105C5"", ""rc105C5"", ""c101_21"", ""r101_21"", ""rc101_21""]","[2014, 2015, 2016]",environment,verified_legacy,results/stage03.0_measurement_attempt04/c101_21/2015/stage03.0_measurement_attempt04_environment_c101_21_2015.json,results/stage03-measurement_smoke04/environments/c101_21-alns_stage02_constraint_guided-2015.json,feasible,,pass,READY_FOR_STAGE03_FORMAL_MEASUREMENT,not_applicable,pass,7f943439e666b1cd02a4bb5e6dd23830f7259de05a589c5aec3fcee463566630,raw_manifest,380c6e5877faec191d00c501af697deb073d861a644b2fb71e106c31a6c4fca6,50ed2d642f7e5ab1c495f9d43526dbc7ced2cb6e3521d8207719409066db928a,c5cda6ca63a7d518902cf4b02d98b4aa0f373aaa0658d5c666d1c46d38871cb9,f3134e49dbf12e2772044aea805defa908beacef6047dfad9ad8a33a33cec9fb,b226b97e0e67288aaaf85726ad855df71cb81406685c57c8e8c40cd8996aa0da,9f211b67968e59dc04e8e31591ad4204114bd6ab,False,"{""VRP-EVRP-Project-Hub"": {""dirty"": false, ""path"": ""/Users/guoyiyang/Documents/GitHub/FURP-2026-Yiyang-GUO-EVRP-TW/reference/VRP-EVRP-Project-Hub"", ""revision"": ""e3a890065105f978187e532642c4442522215e02""}, ""py-ga-VRPTW"": {""dirty"": false, ""path"": ""/Users/guoyiyang/Documents/GitHub/FURP-2026-Yiyang-GUO-EVRP-TW/reference/py-ga-VRPTW"", ""revision"": ""8e005caaaf6471a4505588d88c7f0f5e0d4ebffa""}}",stage02.3_constraint_guided_attempt16 + stage02.3_constraint_guided_rerun09,,preserve;see stage03_legacy_path_map.csv
stage03.0,measurement,stage03.0_measurement_attempt04,attempt04,stage03.0_measurement_attempt04,stage03_measurement_smoke04,smoke,c101_21,2016,"[""c101C5"", ""r105C5"", ""rc105C5"", ""c101_21"", ""r101_21"", ""rc101_21""]","[2014, 2015, 2016]",environment,verified_legacy,results/stage03.0_measurement_attempt04/c101_21/2016/stage03.0_measurement_attempt04_environment_c101_21_2016.json,results/stage03-measurement_smoke04/environments/c101_21-alns_stage02_constraint_guided-2016.json,feasible,,pass,READY_FOR_STAGE03_FORMAL_MEASUREMENT,not_applicable,pass,caadb2593d2ca245751615b8b11a98d6c02c14cd45b587a713818b5845281f8a,raw_manifest,380c6e5877faec191d00c501af697deb073d861a644b2fb71e106c31a6c4fca6,50ed2d642f7e5ab1c495f9d43526dbc7ced2cb6e3521d8207719409066db928a,c5cda6ca63a7d518902cf4b02d98b4aa0f373aaa0658d5c666d1c46d38871cb9,ab6aaee600087b3852ee46f7d477ad4f864de18eae5badbb5ab9cc8be95bbcea,b226b97e0e67288aaaf85726ad855df71cb81406685c57c8e8c40cd8996aa0da,9f211b67968e59dc04e8e31591ad4204114bd6ab,False,"{""VRP-EVRP-Project-Hub"": {""dirty"": false, ""path"": ""/Users/guoyiyang/Documents/GitHub/FURP-2026-Yiyang-GUO-EVRP-TW/reference/VRP-EVRP-Project-Hub"", ""revision"": ""e3a890065105f978187e532642c4442522215e02""}, ""py-ga-VRPTW"": {""dirty"": false, ""path"": ""/Users/guoyiyang/Documents/GitHub/FURP-2026-Yiyang-GUO-EVRP-TW/reference/py-ga-VRPTW"", ""revision"": ""8e005caaaf6471a4505588d88c7f0f5e0d4ebffa""}}",stage02.3_constraint_guided_attempt16 + stage02.3_constraint_guided_rerun09,,preserve;see stage03_legacy_path_map.csv
stage03.0,measurement,stage03.0_measurement_attempt04,attempt04,stage03.0_measurement_attempt04,stage03_measurement_smoke04,smoke,r101_21,2014,"[""c101C5"", ""r105C5"", ""rc105C5"", ""c101_21"", ""r101_21"", ""rc101_21""]","[2014, 2015, 2016]",environment,verified_legacy,results/stage03.0_measurement_attempt04/r101_21/2014/stage03.0_measurement_attempt04_environment_r101_21_2014.json,results/stage03-measurement_smoke04/environments/r101_21-alns_stage02_constraint_guided-2014.json,feasible,,pass,READY_FOR_STAGE03_FORMAL_MEASUREMENT,not_applicable,pass,5a232aedf9ca55055cc8eaa3662b3378789fb559d369c8aa8147a3b27a32b948,raw_manifest,380c6e5877faec191d00c501af697deb073d861a644b2fb71e106c31a6c4fca6,50ed2d642f7e5ab1c495f9d43526dbc7ced2cb6e3521d8207719409066db928a,0e5a3dffffbd3c516b528ef32ba1a488b817d2f151fc3e8c81023814de1c103a,176365cb3d76d3c3bab2bdd2cbd7ac36e1f135806f5d0d53aece14bcfbc82281,b226b97e0e67288aaaf85726ad855df71cb81406685c57c8e8c40cd8996aa0da,9f211b67968e59dc04e8e31591ad4204114bd6ab,False,"{""VRP-EVRP-Project-Hub"": {""dirty"": false, ""path"": ""/Users/guoyiyang/Documents/GitHub/FURP-2026-Yiyang-GUO-EVRP-TW/reference/VRP-EVRP-Project-Hub"", ""revision"": ""e3a890065105f978187e532642c4442522215e02""}, ""py-ga-VRPTW"": {""dirty"": false, ""path"": ""/Users/guoyiyang/Documents/GitHub/FURP-2026-Yiyang-GUO-EVRP-TW/reference/py-ga-VRPTW"", ""revision"": ""8e005caaaf6471a4505588d88c7f0f5e0d4ebffa""}}",stage02.3_constraint_guided_attempt16 + stage02.3_constraint_guided_rerun09,,preserve;see stage03_legacy_path_map.csv
stage03.0,measurement,stage03.0_measurement_attempt04,attempt04,stage03.0_measurement_attempt04,stage03_measurement_smoke04,smoke,r101_21,2015,"[""c101C5"", ""r105C5"", ""rc105C5"", ""c101_21"", ""r101_21"", ""rc101_21""]","[2014, 2015, 2016]",environment,verified_legacy,results/stage03.0_measurement_attempt04/r101_21/2015/stage03.0_measurement_attempt04_environment_r101_21_2015.json,results/stage03-measurement_smoke04/environments/r101_21-alns_stage02_constraint_guided-2015.json,feasible,,pass,READY_FOR_STAGE03_FORMAL_MEASUREMENT,not_applicable,pass,3b245209567685a88746f132d19eb2f9414d916e49499ad3cf17732fb5c57a48,raw_manifest,380c6e5877faec191d00c501af697deb073d861a644b2fb71e106c31a6c4fca6,50ed2d642f7e5ab1c495f9d43526dbc7ced2cb6e3521d8207719409066db928a,0e5a3dffffbd3c516b528ef32ba1a488b817d2f151fc3e8c81023814de1c103a,72d59cf54cbb6cc9d931b1072093b6124ec6411a491b0eca81a1eeebe8251536,b226b97e0e67288aaaf85726ad855df71cb81406685c57c8e8c40cd8996aa0da,9f211b67968e59dc04e8e31591ad4204114bd6ab,False,"{""VRP-EVRP-Project-Hub"": {""dirty"": false, ""path"": ""/Users/guoyiyang/Documents/GitHub/FURP-2026-Yiyang-GUO-EVRP-TW/reference/VRP-EVRP-Project-Hub"", ""revision"": ""e3a890065105f978187e532642c4442522215e02""}, ""py-ga-VRPTW"": {""dirty"": false, ""path"": ""/Users/guoyiyang/Documents/GitHub/FURP-2026-Yiyang-GUO-EVRP-TW/reference/py-ga-VRPTW"", ""revision"": ""8e005caaaf6471a4505588d88c7f0f5e0d4ebffa""}}",stage02.3_constraint_guided_attempt16 + stage02.3_constraint_guided_rerun09,,preserve;see stage03_legacy_path_map.csv
stage03.0,measurement,stage03.0_measurement_attempt04,attempt04,stage03.0_measurement_attempt04,stage03_measurement_smoke04,smoke,r101_21,2016,"[""c101C5"", ""r105C5"", ""rc105C5"", ""c101_21"", ""r101_21"", ""rc101_21""]","[2014, 2015, 2016]",environment,verified_legacy,results/stage03.0_measurement_attempt04/r101_21/2016/stage03.0_measurement_attempt04_environment_r101_21_2016.json,results/stage03-measurement_smoke04/environments/r101_21-alns_stage02_constraint_guided-2016.json,feasible,,pass,READY_FOR_STAGE03_FORMAL_MEASUREMENT,not_applicable,pass,42e88245a97d93b89e28657801d92b7d9909f49c1a39ad919f90a49e9f66b160,raw_manifest,380c6e5877faec191d00c501af697deb073d861a644b2fb71e106c31a6c4fca6,50ed2d642f7e5ab1c495f9d43526dbc7ced2cb6e3521d8207719409066db928a,0e5a3dffffbd3c516b528ef32ba1a488b817d2f151fc3e8c81023814de1c103a,1652f43248c82d6a342505b9743bef5439e226e7f1af68bdad8247d4d79c8d90,b226b97e0e67288aaaf85726ad855df71cb81406685c57c8e8c40cd8996aa0da,9f211b67968e59dc04e8e31591ad4204114bd6ab,False,"{""VRP-EVRP-Project-Hub"": {""dirty"": false, ""path"": ""/Users/guoyiyang/Documents/GitHub/FURP-2026-Yiyang-GUO-EVRP-TW/reference/VRP-EVRP-Project-Hub"", ""revision"": ""e3a890065105f978187e532642c4442522215e02""}, ""py-ga-VRPTW"": {""dirty"": false, ""path"": ""/Users/guoyiyang/Documents/GitHub/FURP-2026-Yiyang-GUO-EVRP-TW/reference/py-ga-VRPTW"", ""revision"": ""8e005caaaf6471a4505588d88c7f0f5e0d4ebffa""}}",stage02.3_constraint_guided_attempt16 + stage02.3_constraint_guided_rerun09,,preserve;see stage03_legacy_path_map.csv
stage03.0,measurement,stage03.0_measurement_attempt04,attempt04,stage03.0_measurement_attempt04,stage03_measurement_smoke04,smoke,r105C5,2014,"[""c101C5"", ""r105C5"", ""rc105C5"", ""c101_21"", ""r101_21"", ""rc101_21""]","[2014, 2015, 2016]",environment,verified_legacy,results/stage03.0_measurement_attempt04/r105C5/2014/stage03.0_measurement_attempt04_environment_r105C5_2014.json,results/stage03-measurement_smoke04/environments/r105C5-alns_stage02_constraint_guided-2014.json,feasible,,pass,READY_FOR_STAGE03_FORMAL_MEASUREMENT,not_applicable,pass,605278013f230c0670e15e6c8767828f027cf3544088600aa9c0eb3851e5ca05,raw_manifest,380c6e5877faec191d00c501af697deb073d861a644b2fb71e106c31a6c4fca6,50ed2d642f7e5ab1c495f9d43526dbc7ced2cb6e3521d8207719409066db928a,eb27ec04e799ee6d39dee3d66f15128e197811afa8c664295acbdf6444176434,9d8f1067d8b2e4d6486de0c912085d58121f5844e64ab2247ff7ac379608a713,b226b97e0e67288aaaf85726ad855df71cb81406685c57c8e8c40cd8996aa0da,9f211b67968e59dc04e8e31591ad4204114bd6ab,False,"{""VRP-EVRP-Project-Hub"": {""dirty"": false, ""path"": ""/Users/guoyiyang/Documents/GitHub/FURP-2026-Yiyang-GUO-EVRP-TW/reference/VRP-EVRP-Project-Hub"", ""revision"": ""e3a890065105f978187e532642c4442522215e02""}, ""py-ga-VRPTW"": {""dirty"": false, ""path"": ""/Users/guoyiyang/Documents/GitHub/FURP-2026-Yiyang-GUO-EVRP-TW/reference/py-ga-VRPTW"", ""revision"": ""8e005caaaf6471a4505588d88c7f0f5e0d4ebffa""}}",stage02.3_constraint_guided_attempt16 + stage02.3_constraint_guided_rerun09,,preserve;see stage03_legacy_path_map.csv
stage03.0,measurement,stage03.0_measurement_attempt04,attempt04,stage03.0_measurement_attempt04,stage03_measurement_smoke04,smoke,r105C5,2015,"[""c101C5"", ""r105C5"", ""rc105C5"", ""c101_21"", ""r101_21"", ""rc101_21""]","[2014, 2015, 2016]",environment,verified_legacy,results/stage03.0_measurement_attempt04/r105C5/2015/stage03.0_measurement_attempt04_environment_r105C5_2015.json,results/stage03-measurement_smoke04/environments/r105C5-alns_stage02_constraint_guided-2015.json,feasible,,pass,READY_FOR_STAGE03_FORMAL_MEASUREMENT,not_applicable,pass,38031dc7656d0ff779636d2c7176fe88ba35abd32ba5f39ed365f45cb804baf8,raw_manifest,380c6e5877faec191d00c501af697deb073d861a644b2fb71e106c31a6c4fca6,50ed2d642f7e5ab1c495f9d43526dbc7ced2cb6e3521d8207719409066db928a,eb27ec04e799ee6d39dee3d66f15128e197811afa8c664295acbdf6444176434,af820858e31102b17e1d8849de2742a014753376b2d01617cdfe2c20ea573df1,b226b97e0e67288aaaf85726ad855df71cb81406685c57c8e8c40cd8996aa0da,9f211b67968e59dc04e8e31591ad4204114bd6ab,False,"{""VRP-EVRP-Project-Hub"": {""dirty"": false, ""path"": ""/Users/guoyiyang/Documents/GitHub/FURP-2026-Yiyang-GUO-EVRP-TW/reference/VRP-EVRP-Project-Hub"", ""revision"": ""e3a890065105f978187e532642c4442522215e02""}, ""py-ga-VRPTW"": {""dirty"": false, ""path"": ""/Users/guoyiyang/Documents/GitHub/FURP-2026-Yiyang-GUO-EVRP-TW/reference/py-ga-VRPTW"", ""revision"": ""8e005caaaf6471a4505588d88c7f0f5e0d4ebffa""}}",stage02.3_constraint_guided_attempt16 + stage02.3_constraint_guided_rerun09,,preserve;see stage03_legacy_path_map.csv
stage03.0,measurement,stage03.0_measurement_attempt04,attempt04,stage03.0_measurement_attempt04,stage03_measurement_smoke04,smoke,r105C5,2016,"[""c101C5"", ""r105C5"", ""rc105C5"", ""c101_21"", ""r101_21"", ""rc101_21""]","[2014, 2015, 2016]",environment,verified_legacy,results/stage03.0_measurement_attempt04/r105C5/2016/stage03.0_measurement_attempt04_environment_r105C5_2016.json,results/stage03-measurement_smoke04/environments/r105C5-alns_stage02_constraint_guided-2016.json,feasible,,pass,READY_FOR_STAGE03_FORMAL_MEASUREMENT,not_applicable,pass,1b3825a958d23c9fceb993f217cbf192743ac1c87e4917a49a82ad9bd62da242,raw_manifest,380c6e5877faec191d00c501af697deb073d861a644b2fb71e106c31a6c4fca6,50ed2d642f7e5ab1c495f9d43526dbc7ced2cb6e3521d8207719409066db928a,eb27ec04e799ee6d39dee3d66f15128e197811afa8c664295acbdf6444176434,fcd0465eb6241932a845fe5629ca7847ea6bbdf9591f8301b026739e6d34c916,b226b97e0e67288aaaf85726ad855df71cb81406685c57c8e8c40cd8996aa0da,9f211b67968e59dc04e8e31591ad4204114bd6ab,False,"{""VRP-EVRP-Project-Hub"": {""dirty"": false, ""path"": ""/Users/guoyiyang/Documents/GitHub/FURP-2026-Yiyang-GUO-EVRP-TW/reference/VRP-EVRP-Project-Hub"", ""revision"": ""e3a890065105f978187e532642c4442522215e02""}, ""py-ga-VRPTW"": {""dirty"": false, ""path"": ""/Users/guoyiyang/Documents/GitHub/FURP-2026-Yiyang-GUO-EVRP-TW/reference/py-ga-VRPTW"", ""revision"": ""8e005caaaf6471a4505588d88c7f0f5e0d4ebffa""}}",stage02.3_constraint_guided_attempt16 + stage02.3_constraint_guided_rerun09,,preserve;see stage03_legacy_path_map.csv
stage03.0,measurement,stage03.0_measurement_attempt04,attempt04,stage03.0_measurement_attempt04,stage03_measurement_smoke04,smoke,rc101_21,2014,"[""c101C5"", ""r105C5"", ""rc105C5"", ""c101_21"", ""r101_21"", ""rc101_21""]","[2014, 2015, 2016]",environment,verified_legacy,results/stage03.0_measurement_attempt04/rc101_21/2014/stage03.0_measurement_attempt04_environment_rc101_21_2014.json,results/stage03-measurement_smoke04/environments/rc101_21-alns_stage02_constraint_guided-2014.json,feasible,,pass,READY_FOR_STAGE03_FORMAL_MEASUREMENT,not_applicable,pass,00487214b539fe7637ea0455e7bf24583ec40676a928933d4368d5021d806d8f,raw_manifest,380c6e5877faec191d00c501af697deb073d861a644b2fb71e106c31a6c4fca6,50ed2d642f7e5ab1c495f9d43526dbc7ced2cb6e3521d8207719409066db928a,272a3e58d53d4ba9516f01506164cf8a9b98bfeeb8dbd1fd62f6557e4c98e3a1,7ddc5b834743e0a9902b47423c276c3927f88bad912d7efe6e596c8a4878057d,b226b97e0e67288aaaf85726ad855df71cb81406685c57c8e8c40cd8996aa0da,9f211b67968e59dc04e8e31591ad4204114bd6ab,False,"{""VRP-EVRP-Project-Hub"": {""dirty"": false, ""path"": ""/Users/guoyiyang/Documents/GitHub/FURP-2026-Yiyang-GUO-EVRP-TW/reference/VRP-EVRP-Project-Hub"", ""revision"": ""e3a890065105f978187e532642c4442522215e02""}, ""py-ga-VRPTW"": {""dirty"": false, ""path"": ""/Users/guoyiyang/Documents/GitHub/FURP-2026-Yiyang-GUO-EVRP-TW/reference/py-ga-VRPTW"", ""revision"": ""8e005caaaf6471a4505588d88c7f0f5e0d4ebffa""}}",stage02.3_constraint_guided_attempt16 + stage02.3_constraint_guided_rerun09,,preserve;see stage03_legacy_path_map.csv
stage03.0,measurement,stage03.0_measurement_attempt04,attempt04,stage03.0_measurement_attempt04,stage03_measurement_smoke04,smoke,rc101_21,2015,"[""c101C5"", ""r105C5"", ""rc105C5"", ""c101_21"", ""r101_21"", ""rc101_21""]","[2014, 2015, 2016]",environment,verified_legacy,results/stage03.0_measurement_attempt04/rc101_21/2015/stage03.0_measurement_attempt04_environment_rc101_21_2015.json,results/stage03-measurement_smoke04/environments/rc101_21-alns_stage02_constraint_guided-2015.json,feasible,,pass,READY_FOR_STAGE03_FORMAL_MEASUREMENT,not_applicable,pass,98fa3080c2c85b479cfa22638ae24e2a35eb7bb64820fe3d6808e11913103822,raw_manifest,380c6e5877faec191d00c501af697deb073d861a644b2fb71e106c31a6c4fca6,50ed2d642f7e5ab1c495f9d43526dbc7ced2cb6e3521d8207719409066db928a,272a3e58d53d4ba9516f01506164cf8a9b98bfeeb8dbd1fd62f6557e4c98e3a1,3e37293d1485d7f220dda548d7ab443f80da87f33ee7955da3098997b0fc910a,b226b97e0e67288aaaf85726ad855df71cb81406685c57c8e8c40cd8996aa0da,9f211b67968e59dc04e8e31591ad4204114bd6ab,False,"{""VRP-EVRP-Project-Hub"": {""dirty"": false, ""path"": ""/Users/guoyiyang/Documents/GitHub/FURP-2026-Yiyang-GUO-EVRP-TW/reference/VRP-EVRP-Project-Hub"", ""revision"": ""e3a890065105f978187e532642c4442522215e02""}, ""py-ga-VRPTW"": {""dirty"": false, ""path"": ""/Users/guoyiyang/Documents/GitHub/FURP-2026-Yiyang-GUO-EVRP-TW/reference/py-ga-VRPTW"", ""revision"": ""8e005caaaf6471a4505588d88c7f0f5e0d4ebffa""}}",stage02.3_constraint_guided_attempt16 + stage02.3_constraint_guided_rerun09,,preserve;see stage03_legacy_path_map.csv
stage03.0,measurement,stage03.0_measurement_attempt04,attempt04,stage03.0_measurement_attempt04,stage03_measurement_smoke04,smoke,rc101_21,2016,"[""c101C5"", ""r105C5"", ""rc105C5"", ""c101_21"", ""r101_21"", ""rc101_21""]","[2014, 2015, 2016]",environment,verified_legacy,results/stage03.0_measurement_attempt04/rc101_21/2016/stage03.0_measurement_attempt04_environment_rc101_21_2016.json,results/stage03-measurement_smoke04/environments/rc101_21-alns_stage02_constraint_guided-2016.json,feasible,,pass,READY_FOR_STAGE03_FORMAL_MEASUREMENT,not_applicable,pass,2a2907dbc00c1d8963ff1c46347618ab3a7640774516883d35e0df482b0e9e5d,raw_manifest,380c6e5877faec191d00c501af697deb073d861a644b2fb71e106c31a6c4fca6,50ed2d642f7e5ab1c495f9d43526dbc7ced2cb6e3521d8207719409066db928a,272a3e58d53d4ba9516f01506164cf8a9b98bfeeb8dbd1fd62f6557e4c98e3a1,c0cd461ab7c4db2e082f293a1499162ddeafc2ced4d8a274bd3d4bca67cf6baf,b226b97e0e67288aaaf85726ad855df71cb81406685c57c8e8c40cd8996aa0da,9f211b67968e59dc04e8e31591ad4204114bd6ab,False,"{""VRP-EVRP-Project-Hub"": {""dirty"": false, ""path"": ""/Users/guoyiyang/Documents/GitHub/FURP-2026-Yiyang-GUO-EVRP-TW/reference/VRP-EVRP-Project-Hub"", ""revision"": ""e3a890065105f978187e532642c4442522215e02""}, ""py-ga-VRPTW"": {""dirty"": false, ""path"": ""/Users/guoyiyang/Documents/GitHub/FURP-2026-Yiyang-GUO-EVRP-TW/reference/py-ga-VRPTW"", ""revision"": ""8e005caaaf6471a4505588d88c7f0f5e0d4ebffa""}}",stage02.3_constraint_guided_attempt16 + stage02.3_constraint_guided_rerun09,,preserve;see stage03_legacy_path_map.csv
stage03.0,measurement,stage03.0_measurement_attempt04,attempt04,stage03.0_measurement_attempt04,stage03_measurement_smoke04,smoke,rc105C5,2014,"[""c101C5"", ""r105C5"", ""rc105C5"", ""c101_21"", ""r101_21"", ""rc101_21""]","[2014, 2015, 2016]",environment,verified_legacy,results/stage03.0_measurement_attempt04/rc105C5/2014/stage03.0_measurement_attempt04_environment_rc105C5_2014.json,results/stage03-measurement_smoke04/environments/rc105C5-alns_stage02_constraint_guided-2014.json,feasible,,pass,READY_FOR_STAGE03_FORMAL_MEASUREMENT,not_applicable,pass,75c65f01fd9085abe0c512ccea5800f3160bfc7dbf38783c31230e58aab0a00d,raw_manifest,380c6e5877faec191d00c501af697deb073d861a644b2fb71e106c31a6c4fca6,50ed2d642f7e5ab1c495f9d43526dbc7ced2cb6e3521d8207719409066db928a,2ccfba6c447fa43a994934690acb67c7355ca04d232394907ed6938bc362c643,4e9ad7f905bf0f4279b3978ea0798a784af1b7dab453fd7601e7ceb74b74e1af,b226b97e0e67288aaaf85726ad855df71cb81406685c57c8e8c40cd8996aa0da,9f211b67968e59dc04e8e31591ad4204114bd6ab,False,"{""VRP-EVRP-Project-Hub"": {""dirty"": false, ""path"": ""/Users/guoyiyang/Documents/GitHub/FURP-2026-Yiyang-GUO-EVRP-TW/reference/VRP-EVRP-Project-Hub"", ""revision"": ""e3a890065105f978187e532642c4442522215e02""}, ""py-ga-VRPTW"": {""dirty"": false, ""path"": ""/Users/guoyiyang/Documents/GitHub/FURP-2026-Yiyang-GUO-EVRP-TW/reference/py-ga-VRPTW"", ""revision"": ""8e005caaaf6471a4505588d88c7f0f5e0d4ebffa""}}",stage02.3_constraint_guided_attempt16 + stage02.3_constraint_guided_rerun09,,preserve;see stage03_legacy_path_map.csv
stage03.0,measurement,stage03.0_measurement_attempt04,attempt04,stage03.0_measurement_attempt04,stage03_measurement_smoke04,smoke,rc105C5,2015,"[""c101C5"", ""r105C5"", ""rc105C5"", ""c101_21"", ""r101_21"", ""rc101_21""]","[2014, 2015, 2016]",environment,verified_legacy,results/stage03.0_measurement_attempt04/rc105C5/2015/stage03.0_measurement_attempt04_environment_rc105C5_2015.json,results/stage03-measurement_smoke04/environments/rc105C5-alns_stage02_constraint_guided-2015.json,feasible,,pass,READY_FOR_STAGE03_FORMAL_MEASUREMENT,not_applicable,pass,1ac4b280ee8bc9de16288947c4f980c70a1941ea3f1d254776b5a29c4d4ab1ed,raw_manifest,380c6e5877faec191d00c501af697deb073d861a644b2fb71e106c31a6c4fca6,50ed2d642f7e5ab1c495f9d43526dbc7ced2cb6e3521d8207719409066db928a,2ccfba6c447fa43a994934690acb67c7355ca04d232394907ed6938bc362c643,b2705b893322aa901c188d536dbf7ffb1d6a9c0b07d4d8ba093546fa9155a701,b226b97e0e67288aaaf85726ad855df71cb81406685c57c8e8c40cd8996aa0da,9f211b67968e59dc04e8e31591ad4204114bd6ab,False,"{""VRP-EVRP-Project-Hub"": {""dirty"": false, ""path"": ""/Users/guoyiyang/Documents/GitHub/FURP-2026-Yiyang-GUO-EVRP-TW/reference/VRP-EVRP-Project-Hub"", ""revision"": ""e3a890065105f978187e532642c4442522215e02""}, ""py-ga-VRPTW"": {""dirty"": false, ""path"": ""/Users/guoyiyang/Documents/GitHub/FURP-2026-Yiyang-GUO-EVRP-TW/reference/py-ga-VRPTW"", ""revision"": ""8e005caaaf6471a4505588d88c7f0f5e0d4ebffa""}}",stage02.3_constraint_guided_attempt16 + stage02.3_constraint_guided_rerun09,,preserve;see stage03_legacy_path_map.csv
stage03.0,measurement,stage03.0_measurement_attempt04,attempt04,stage03.0_measurement_attempt04,stage03_measurement_smoke04,smoke,rc105C5,2016,"[""c101C5"", ""r105C5"", ""rc105C5"", ""c101_21"", ""r101_21"", ""rc101_21""]","[2014, 2015, 2016]",environment,verified_legacy,results/stage03.0_measurement_attempt04/rc105C5/2016/stage03.0_measurement_attempt04_environment_rc105C5_2016.json,results/stage03-measurement_smoke04/environments/rc105C5-alns_stage02_constraint_guided-2016.json,feasible,,pass,READY_FOR_STAGE03_FORMAL_MEASUREMENT,not_applicable,pass,f0c9a4264fb52f299f3e92d3f9ef943be5b3acce23c5a4c49c1d25a0aba827a7,raw_manifest,380c6e5877faec191d00c501af697deb073d861a644b2fb71e106c31a6c4fca6,50ed2d642f7e5ab1c495f9d43526dbc7ced2cb6e3521d8207719409066db928a,2ccfba6c447fa43a994934690acb67c7355ca04d232394907ed6938bc362c643,766578bed88811328d7b4bda0e23a5e4bd8c96e78240148c16f3b636a351b541,b226b97e0e67288aaaf85726ad855df71cb81406685c57c8e8c40cd8996aa0da,9f211b67968e59dc04e8e31591ad4204114bd6ab,False,"{""VRP-EVRP-Project-Hub"": {""dirty"": false, ""path"": ""/Users/guoyiyang/Documents/GitHub/FURP-2026-Yiyang-GUO-EVRP-TW/reference/VRP-EVRP-Project-Hub"", ""revision"": ""e3a890065105f978187e532642c4442522215e02""}, ""py-ga-VRPTW"": {""dirty"": false, ""path"": ""/Users/guoyiyang/Documents/GitHub/FURP-2026-Yiyang-GUO-EVRP-TW/reference/py-ga-VRPTW"", ""revision"": ""8e005caaaf6471a4505588d88c7f0f5e0d4ebffa""}}",stage02.3_constraint_guided_attempt16 + stage02.3_constraint_guided_rerun09,,preserve;see stage03_legacy_path_map.csv
stage03.0,measurement,stage03.0_measurement_attempt04,attempt04,stage03.0_measurement_attempt04,stage03_measurement_smoke04,smoke,c101C5,2014,"[""c101C5"", ""r105C5"", ""rc105C5"", ""c101_21"", ""r101_21"", ""rc101_21""]","[2014, 2015, 2016]",events,verified_legacy,results/stage03.0_measurement_attempt04/c101C5/2014/stage03.0_measurement_attempt04_events_c101C5_2014.jsonl,results/stage03-measurement_smoke04/events/c101C5-alns_stage02_constraint_guided-2014.jsonl,feasible,,pass,READY_FOR_STAGE03_FORMAL_MEASUREMENT,not_applicable,pass,d1095fb2cd7d06c9df0b03db5c058d614314462ab1daa32a93d5e85846b9197f,raw_manifest,380c6e5877faec191d00c501af697deb073d861a644b2fb71e106c31a6c4fca6,50ed2d642f7e5ab1c495f9d43526dbc7ced2cb6e3521d8207719409066db928a,8612d6d9aad051776097a5e50c7408f39352b8107b0639d58e5eda713f9ff876,3e80831db18b25dd8b58d9e18252a1fe67164b4942d45325369c97759e0781f0,b226b97e0e67288aaaf85726ad855df71cb81406685c57c8e8c40cd8996aa0da,9f211b67968e59dc04e8e31591ad4204114bd6ab,False,"{""VRP-EVRP-Project-Hub"": {""dirty"": false, ""path"": ""/Users/guoyiyang/Documents/GitHub/FURP-2026-Yiyang-GUO-EVRP-TW/reference/VRP-EVRP-Project-Hub"", ""revision"": ""e3a890065105f978187e532642c4442522215e02""}, ""py-ga-VRPTW"": {""dirty"": false, ""path"": ""/Users/guoyiyang/Documents/GitHub/FURP-2026-Yiyang-GUO-EVRP-TW/reference/py-ga-VRPTW"", ""revision"": ""8e005caaaf6471a4505588d88c7f0f5e0d4ebffa""}}",stage02.3_constraint_guided_attempt16 + stage02.3_constraint_guided_rerun09,,preserve;see stage03_legacy_path_map.csv
stage03.0,measurement,stage03.0_measurement_attempt04,attempt04,stage03.0_measurement_attempt04,stage03_measurement_smoke04,smoke,c101C5,2015,"[""c101C5"", ""r105C5"", ""rc105C5"", ""c101_21"", ""r101_21"", ""rc101_21""]","[2014, 2015, 2016]",events,verified_legacy,results/stage03.0_measurement_attempt04/c101C5/2015/stage03.0_measurement_attempt04_events_c101C5_2015.jsonl,results/stage03-measurement_smoke04/events/c101C5-alns_stage02_constraint_guided-2015.jsonl,feasible,,pass,READY_FOR_STAGE03_FORMAL_MEASUREMENT,not_applicable,pass,a3a66429bdc768bd3b1916bee65949fa17e78e67e170008a79d56c193e5c8342,raw_manifest,380c6e5877faec191d00c501af697deb073d861a644b2fb71e106c31a6c4fca6,50ed2d642f7e5ab1c495f9d43526dbc7ced2cb6e3521d8207719409066db928a,8612d6d9aad051776097a5e50c7408f39352b8107b0639d58e5eda713f9ff876,785b0fbde8c4b8a9ef3967509d3febedd851bea045eb60c2cdaff256bea6f1f2,b226b97e0e67288aaaf85726ad855df71cb81406685c57c8e8c40cd8996aa0da,9f211b67968e59dc04e8e31591ad4204114bd6ab,False,"{""VRP-EVRP-Project-Hub"": {""dirty"": false, ""path"": ""/Users/guoyiyang/Documents/GitHub/FURP-2026-Yiyang-GUO-EVRP-TW/reference/VRP-EVRP-Project-Hub"", ""revision"": ""e3a890065105f978187e532642c4442522215e02""}, ""py-ga-VRPTW"": {""dirty"": false, ""path"": ""/Users/guoyiyang/Documents/GitHub/FURP-2026-Yiyang-GUO-EVRP-TW/reference/py-ga-VRPTW"", ""revision"": ""8e005caaaf6471a4505588d88c7f0f5e0d4ebffa""}}",stage02.3_constraint_guided_attempt16 + stage02.3_constraint_guided_rerun09,,preserve;see stage03_legacy_path_map.csv
stage03.0,measurement,stage03.0_measurement_attempt04,attempt04,stage03.0_measurement_attempt04,stage03_measurement_smoke04,smoke,c101C5,2016,"[""c101C5"", ""r105C5"", ""rc105C5"", ""c101_21"", ""r101_21"", ""rc101_21""]","[2014, 2015, 2016]",events,verified_legacy,results/stage03.0_measurement_attempt04/c101C5/2016/stage03.0_measurement_attempt04_events_c101C5_2016.jsonl,results/stage03-measurement_smoke04/events/c101C5-alns_stage02_constraint_guided-2016.jsonl,feasible,,pass,READY_FOR_STAGE03_FORMAL_MEASUREMENT,not_applicable,pass,b8c684b26d8ba4dcd239dc7a4b62dc60c85fbdb5c22e70939f0b4921aab639b7,raw_manifest,380c6e5877faec191d00c501af697deb073d861a644b2fb71e106c31a6c4fca6,50ed2d642f7e5ab1c495f9d43526dbc7ced2cb6e3521d8207719409066db928a,8612d6d9aad051776097a5e50c7408f39352b8107b0639d58e5eda713f9ff876,8e154d7ff2aa959d977b2fe85be8eb7d448836560c514feaddd55fc0d01df546,b226b97e0e67288aaaf85726ad855df71cb81406685c57c8e8c40cd8996aa0da,9f211b67968e59dc04e8e31591ad4204114bd6ab,False,"{""VRP-EVRP-Project-Hub"": {""dirty"": false, ""path"": ""/Users/guoyiyang/Documents/GitHub/FURP-2026-Yiyang-GUO-EVRP-TW/reference/VRP-EVRP-Project-Hub"", ""revision"": ""e3a890065105f978187e532642c4442522215e02""}, ""py-ga-VRPTW"": {""dirty"": false, ""path"": ""/Users/guoyiyang/Documents/GitHub/FURP-2026-Yiyang-GUO-EVRP-TW/reference/py-ga-VRPTW"", ""revision"": ""8e005caaaf6471a4505588d88c7f0f5e0d4ebffa""}}",stage02.3_constraint_guided_attempt16 + stage02.3_constraint_guided_rerun09,,preserve;see stage03_legacy_path_map.csv
stage03.0,measurement,stage03.0_measurement_attempt04,attempt04,stage03.0_measurement_attempt04,stage03_measurement_smoke04,smoke,c101_21,2014,"[""c101C5"", ""r105C5"", ""rc105C5"", ""c101_21"", ""r101_21"", ""rc101_21""]","[2014, 2015, 2016]",events,verified_legacy,results/stage03.0_measurement_attempt04/c101_21/2014/stage03.0_measurement_attempt04_events_c101_21_2014.jsonl,results/stage03-measurement_smoke04/events/c101_21-alns_stage02_constraint_guided-2014.jsonl,feasible,,pass,READY_FOR_STAGE03_FORMAL_MEASUREMENT,not_applicable,pass,ec5c8fb3b6d825eadc180637371b054a6f23bf676d7f1ac54b14688ecfb4526d,raw_manifest,380c6e5877faec191d00c501af697deb073d861a644b2fb71e106c31a6c4fca6,50ed2d642f7e5ab1c495f9d43526dbc7ced2cb6e3521d8207719409066db928a,c5cda6ca63a7d518902cf4b02d98b4aa0f373aaa0658d5c666d1c46d38871cb9,5a97fbe35823682bc67553abbb9e466c7af5906a32a39eb2aafa6c142468fa4c,b226b97e0e67288aaaf85726ad855df71cb81406685c57c8e8c40cd8996aa0da,9f211b67968e59dc04e8e31591ad4204114bd6ab,False,"{""VRP-EVRP-Project-Hub"": {""dirty"": false, ""path"": ""/Users/guoyiyang/Documents/GitHub/FURP-2026-Yiyang-GUO-EVRP-TW/reference/VRP-EVRP-Project-Hub"", ""revision"": ""e3a890065105f978187e532642c4442522215e02""}, ""py-ga-VRPTW"": {""dirty"": false, ""path"": ""/Users/guoyiyang/Documents/GitHub/FURP-2026-Yiyang-GUO-EVRP-TW/reference/py-ga-VRPTW"", ""revision"": ""8e005caaaf6471a4505588d88c7f0f5e0d4ebffa""}}",stage02.3_constraint_guided_attempt16 + stage02.3_constraint_guided_rerun09,,preserve;see stage03_legacy_path_map.csv
stage03.0,measurement,stage03.0_measurement_attempt04,attempt04,stage03.0_measurement_attempt04,stage03_measurement_smoke04,smoke,c101_21,2015,"[""c101C5"", ""r105C5"", ""rc105C5"", ""c101_21"", ""r101_21"", ""rc101_21""]","[2014, 2015, 2016]",events,verified_legacy,results/stage03.0_measurement_attempt04/c101_21/2015/stage03.0_measurement_attempt04_events_c101_21_2015.jsonl,results/stage03-measurement_smoke04/events/c101_21-alns_stage02_constraint_guided-2015.jsonl,feasible,,pass,READY_FOR_STAGE03_FORMAL_MEASUREMENT,not_applicable,pass,2e272431dc5f3ee941673a6cd48f3f2cd322bfbcacce21ecf54929827ed58b81,raw_manifest,380c6e5877faec191d00c501af697deb073d861a644b2fb71e106c31a6c4fca6,50ed2d642f7e5ab1c495f9d43526dbc7ced2cb6e3521d8207719409066db928a,c5cda6ca63a7d518902cf4b02d98b4aa0f373aaa0658d5c666d1c46d38871cb9,f3134e49dbf12e2772044aea805defa908beacef6047dfad9ad8a33a33cec9fb,b226b97e0e67288aaaf85726ad855df71cb81406685c57c8e8c40cd8996aa0da,9f211b67968e59dc04e8e31591ad4204114bd6ab,False,"{""VRP-EVRP-Project-Hub"": {""dirty"": false, ""path"": ""/Users/guoyiyang/Documents/GitHub/FURP-2026-Yiyang-GUO-EVRP-TW/reference/VRP-EVRP-Project-Hub"", ""revision"": ""e3a890065105f978187e532642c4442522215e02""}, ""py-ga-VRPTW"": {""dirty"": false, ""path"": ""/Users/guoyiyang/Documents/GitHub/FURP-2026-Yiyang-GUO-EVRP-TW/reference/py-ga-VRPTW"", ""revision"": ""8e005caaaf6471a4505588d88c7f0f5e0d4ebffa""}}",stage02.3_constraint_guided_attempt16 + stage02.3_constraint_guided_rerun09,,preserve;see stage03_legacy_path_map.csv
stage03.0,measurement,stage03.0_measurement_attempt04,attempt04,stage03.0_measurement_attempt04,stage03_measurement_smoke04,smoke,c101_21,2016,"[""c101C5"", ""r105C5"", ""rc105C5"", ""c101_21"", ""r101_21"", ""rc101_21""]","[2014, 2015, 2016]",events,verified_legacy,results/stage03.0_measurement_attempt04/c101_21/2016/stage03.0_measurement_attempt04_events_c101_21_2016.jsonl,results/stage03-measurement_smoke04/events/c101_21-alns_stage02_constraint_guided-2016.jsonl,feasible,,pass,READY_FOR_STAGE03_FORMAL_MEASUREMENT,not_applicable,pass,9069ee05d6a26d0d4e6d18a39f9df8a1ad8c446a47c44a96fd18b1315b8c7c1e,raw_manifest,380c6e5877faec191d00c501af697deb073d861a644b2fb71e106c31a6c4fca6,50ed2d642f7e5ab1c495f9d43526dbc7ced2cb6e3521d8207719409066db928a,c5cda6ca63a7d518902cf4b02d98b4aa0f373aaa0658d5c666d1c46d38871cb9,ab6aaee600087b3852ee46f7d477ad4f864de18eae5badbb5ab9cc8be95bbcea,b226b97e0e67288aaaf85726ad855df71cb81406685c57c8e8c40cd8996aa0da,9f211b67968e59dc04e8e31591ad4204114bd6ab,False,"{""VRP-EVRP-Project-Hub"": {""dirty"": false, ""path"": ""/Users/guoyiyang/Documents/GitHub/FURP-2026-Yiyang-GUO-EVRP-TW/reference/VRP-EVRP-Project-Hub"", ""revision"": ""e3a890065105f978187e532642c4442522215e02""}, ""py-ga-VRPTW"": {""dirty"": false, ""path"": ""/Users/guoyiyang/Documents/GitHub/FURP-2026-Yiyang-GUO-EVRP-TW/reference/py-ga-VRPTW"", ""revision"": ""8e005caaaf6471a4505588d88c7f0f5e0d4ebffa""}}",stage02.3_constraint_guided_attempt16 + stage02.3_constraint_guided_rerun09,,preserve;see stage03_legacy_path_map.csv
stage03.0,measurement,stage03.0_measurement_attempt04,attempt04,stage03.0_measurement_attempt04,stage03_measurement_smoke04,smoke,r101_21,2014,"[""c101C5"", ""r105C5"", ""rc105C5"", ""c101_21"", ""r101_21"", ""rc101_21""]","[2014, 2015, 2016]",events,verified_legacy,results/stage03.0_measurement_attempt04/r101_21/2014/stage03.0_measurement_attempt04_events_r101_21_2014.jsonl,results/stage03-measurement_smoke04/events/r101_21-alns_stage02_constraint_guided-2014.jsonl,feasible,,pass,READY_FOR_STAGE03_FORMAL_MEASUREMENT,not_applicable,pass,0daecc98a11a453158a6dee442e3957eac8f477062d1ac2bf940999ef887788c,raw_manifest,380c6e5877faec191d00c501af697deb073d861a644b2fb71e106c31a6c4fca6,50ed2d642f7e5ab1c495f9d43526dbc7ced2cb6e3521d8207719409066db928a,0e5a3dffffbd3c516b528ef32ba1a488b817d2f151fc3e8c81023814de1c103a,176365cb3d76d3c3bab2bdd2cbd7ac36e1f135806f5d0d53aece14bcfbc82281,b226b97e0e67288aaaf85726ad855df71cb81406685c57c8e8c40cd8996aa0da,9f211b67968e59dc04e8e31591ad4204114bd6ab,False,"{""VRP-EVRP-Project-Hub"": {""dirty"": false, ""path"": ""/Users/guoyiyang/Documents/GitHub/FURP-2026-Yiyang-GUO-EVRP-TW/reference/VRP-EVRP-Project-Hub"", ""revision"": ""e3a890065105f978187e532642c4442522215e02""}, ""py-ga-VRPTW"": {""dirty"": false, ""path"": ""/Users/guoyiyang/Documents/GitHub/FURP-2026-Yiyang-GUO-EVRP-TW/reference/py-ga-VRPTW"", ""revision"": ""8e005caaaf6471a4505588d88c7f0f5e0d4ebffa""}}",stage02.3_constraint_guided_attempt16 + stage02.3_constraint_guided_rerun09,,preserve;see stage03_legacy_path_map.csv
stage03.0,measurement,stage03.0_measurement_attempt04,attempt04,stage03.0_measurement_attempt04,stage03_measurement_smoke04,smoke,r101_21,2015,"[""c101C5"", ""r105C5"", ""rc105C5"", ""c101_21"", ""r101_21"", ""rc101_21""]","[2014, 2015, 2016]",events,verified_legacy,results/stage03.0_measurement_attempt04/r101_21/2015/stage03.0_measurement_attempt04_events_r101_21_2015.jsonl,results/stage03-measurement_smoke04/events/r101_21-alns_stage02_constraint_guided-2015.jsonl,feasible,,pass,READY_FOR_STAGE03_FORMAL_MEASUREMENT,not_applicable,pass,739bd868083e1e60dbfc1de2a541d2420401b71523ae3ae5a8b033336ac0a150,raw_manifest,380c6e5877faec191d00c501af697deb073d861a644b2fb71e106c31a6c4fca6,50ed2d642f7e5ab1c495f9d43526dbc7ced2cb6e3521d8207719409066db928a,0e5a3dffffbd3c516b528ef32ba1a488b817d2f151fc3e8c81023814de1c103a,72d59cf54cbb6cc9d931b1072093b6124ec6411a491b0eca81a1eeebe8251536,b226b97e0e67288aaaf85726ad855df71cb81406685c57c8e8c40cd8996aa0da,9f211b67968e59dc04e8e31591ad4204114bd6ab,False,"{""VRP-EVRP-Project-Hub"": {""dirty"": false, ""path"": ""/Users/guoyiyang/Documents/GitHub/FURP-2026-Yiyang-GUO-EVRP-TW/reference/VRP-EVRP-Project-Hub"", ""revision"": ""e3a890065105f978187e532642c4442522215e02""}, ""py-ga-VRPTW"": {""dirty"": false, ""path"": ""/Users/guoyiyang/Documents/GitHub/FURP-2026-Yiyang-GUO-EVRP-TW/reference/py-ga-VRPTW"", ""revision"": ""8e005caaaf6471a4505588d88c7f0f5e0d4ebffa""}}",stage02.3_constraint_guided_attempt16 + stage02.3_constraint_guided_rerun09,,preserve;see stage03_legacy_path_map.csv
stage03.0,measurement,stage03.0_measurement_attempt04,attempt04,stage03.0_measurement_attempt04,stage03_measurement_smoke04,smoke,r101_21,2016,"[""c101C5"", ""r105C5"", ""rc105C5"", ""c101_21"", ""r101_21"", ""rc101_21""]","[2014, 2015, 2016]",events,verified_legacy,results/stage03.0_measurement_attempt04/r101_21/2016/stage03.0_measurement_attempt04_events_r101_21_2016.jsonl,results/stage03-measurement_smoke04/events/r101_21-alns_stage02_constraint_guided-2016.jsonl,feasible,,pass,READY_FOR_STAGE03_FORMAL_MEASUREMENT,not_applicable,pass,046e5f16120bc1ef8387ec71ecf00df2ec275486efe2e6fed01cfe2aaffcec0b,raw_manifest,380c6e5877faec191d00c501af697deb073d861a644b2fb71e106c31a6c4fca6,50ed2d642f7e5ab1c495f9d43526dbc7ced2cb6e3521d8207719409066db928a,0e5a3dffffbd3c516b528ef32ba1a488b817d2f151fc3e8c81023814de1c103a,1652f43248c82d6a342505b9743bef5439e226e7f1af68bdad8247d4d79c8d90,b226b97e0e67288aaaf85726ad855df71cb81406685c57c8e8c40cd8996aa0da,9f211b67968e59dc04e8e31591ad4204114bd6ab,False,"{""VRP-EVRP-Project-Hub"": {""dirty"": false, ""path"": ""/Users/guoyiyang/Documents/GitHub/FURP-2026-Yiyang-GUO-EVRP-TW/reference/VRP-EVRP-Project-Hub"", ""revision"": ""e3a890065105f978187e532642c4442522215e02""}, ""py-ga-VRPTW"": {""dirty"": false, ""path"": ""/Users/guoyiyang/Documents/GitHub/FURP-2026-Yiyang-GUO-EVRP-TW/reference/py-ga-VRPTW"", ""revision"": ""8e005caaaf6471a4505588d88c7f0f5e0d4ebffa""}}",stage02.3_constraint_guided_attempt16 + stage02.3_constraint_guided_rerun09,,preserve;see stage03_legacy_path_map.csv
stage03.0,measurement,stage03.0_measurement_attempt04,attempt04,stage03.0_measurement_attempt04,stage03_measurement_smoke04,smoke,r105C5,2014,"[""c101C5"", ""r105C5"", ""rc105C5"", ""c101_21"", ""r101_21"", ""rc101_21""]","[2014, 2015, 2016]",events,verified_legacy,results/stage03.0_measurement_attempt04/r105C5/2014/stage03.0_measurement_attempt04_events_r105C5_2014.jsonl,results/stage03-measurement_smoke04/events/r105C5-alns_stage02_constraint_guided-2014.jsonl,feasible,,pass,READY_FOR_STAGE03_FORMAL_MEASUREMENT,not_applicable,pass,2f128a06c47b29b9c6262c39b4cb9141dacdbd25f71e2e946a01fc56e70a91d7,raw_manifest,380c6e5877faec191d00c501af697deb073d861a644b2fb71e106c31a6c4fca6,50ed2d642f7e5ab1c495f9d43526dbc7ced2cb6e3521d8207719409066db928a,eb27ec04e799ee6d39dee3d66f15128e197811afa8c664295acbdf6444176434,9d8f1067d8b2e4d6486de0c912085d58121f5844e64ab2247ff7ac379608a713,b226b97e0e67288aaaf85726ad855df71cb81406685c57c8e8c40cd8996aa0da,9f211b67968e59dc04e8e31591ad4204114bd6ab,False,"{""VRP-EVRP-Project-Hub"": {""dirty"": false, ""path"": ""/Users/guoyiyang/Documents/GitHub/FURP-2026-Yiyang-GUO-EVRP-TW/reference/VRP-EVRP-Project-Hub"", ""revision"": ""e3a890065105f978187e532642c4442522215e02""}, ""py-ga-VRPTW"": {""dirty"": false, ""path"": ""/Users/guoyiyang/Documents/GitHub/FURP-2026-Yiyang-GUO-EVRP-TW/reference/py-ga-VRPTW"", ""revision"": ""8e005caaaf6471a4505588d88c7f0f5e0d4ebffa""}}",stage02.3_constraint_guided_attempt16 + stage02.3_constraint_guided_rerun09,,preserve;see stage03_legacy_path_map.csv
stage03.0,measurement,stage03.0_measurement_attempt04,attempt04,stage03.0_measurement_attempt04,stage03_measurement_smoke04,smoke,r105C5,2015,"[""c101C5"", ""r105C5"", ""rc105C5"", ""c101_21"", ""r101_21"", ""rc101_21""]","[2014, 2015, 2016]",events,verified_legacy,results/stage03.0_measurement_attempt04/r105C5/2015/stage03.0_measurement_attempt04_events_r105C5_2015.jsonl,results/stage03-measurement_smoke04/events/r105C5-alns_stage02_constraint_guided-2015.jsonl,feasible,,pass,READY_FOR_STAGE03_FORMAL_MEASUREMENT,not_applicable,pass,845d4f625de95af465e08807d72bbb76dd327ce50464f21f106a567b2f71e74d,raw_manifest,380c6e5877faec191d00c501af697deb073d861a644b2fb71e106c31a6c4fca6,50ed2d642f7e5ab1c495f9d43526dbc7ced2cb6e3521d8207719409066db928a,eb27ec04e799ee6d39dee3d66f15128e197811afa8c664295acbdf6444176434,af820858e31102b17e1d8849de2742a014753376b2d01617cdfe2c20ea573df1,b226b97e0e67288aaaf85726ad855df71cb81406685c57c8e8c40cd8996aa0da,9f211b67968e59dc04e8e31591ad4204114bd6ab,False,"{""VRP-EVRP-Project-Hub"": {""dirty"": false, ""path"": ""/Users/guoyiyang/Documents/GitHub/FURP-2026-Yiyang-GUO-EVRP-TW/reference/VRP-EVRP-Project-Hub"", ""revision"": ""e3a890065105f978187e532642c4442522215e02""}, ""py-ga-VRPTW"": {""dirty"": false, ""path"": ""/Users/guoyiyang/Documents/GitHub/FURP-2026-Yiyang-GUO-EVRP-TW/reference/py-ga-VRPTW"", ""revision"": ""8e005caaaf6471a4505588d88c7f0f5e0d4ebffa""}}",stage02.3_constraint_guided_attempt16 + stage02.3_constraint_guided_rerun09,,preserve;see stage03_legacy_path_map.csv
stage03.0,measurement,stage03.0_measurement_attempt04,attempt04,stage03.0_measurement_attempt04,stage03_measurement_smoke04,smoke,r105C5,2016,"[""c101C5"", ""r105C5"", ""rc105C5"", ""c101_21"", ""r101_21"", ""rc101_21""]","[2014, 2015, 2016]",events,verified_legacy,results/stage03.0_measurement_attempt04/r105C5/2016/stage03.0_measurement_attempt04_events_r105C5_2016.jsonl,results/stage03-measurement_smoke04/events/r105C5-alns_stage02_constraint_guided-2016.jsonl,feasible,,pass,READY_FOR_STAGE03_FORMAL_MEASUREMENT,not_applicable,pass,d720bf513f673aa1b6282b52e7ee61afb7ebfcd546e3b6c963a5a3c1299a6b6d,raw_manifest,380c6e5877faec191d00c501af697deb073d861a644b2fb71e106c31a6c4fca6,50ed2d642f7e5ab1c495f9d43526dbc7ced2cb6e3521d8207719409066db928a,eb27ec04e799ee6d39dee3d66f15128e197811afa8c664295acbdf6444176434,fcd0465eb6241932a845fe5629ca7847ea6bbdf9591f8301b026739e6d34c916,b226b97e0e67288aaaf85726ad855df71cb81406685c57c8e8c40cd8996aa0da,9f211b67968e59dc04e8e31591ad4204114bd6ab,False,"{""VRP-EVRP-Project-Hub"": {""dirty"": false, ""path"": ""/Users/guoyiyang/Documents/GitHub/FURP-2026-Yiyang-GUO-EVRP-TW/reference/VRP-EVRP-Project-Hub"", ""revision"": ""e3a890065105f978187e532642c4442522215e02""}, ""py-ga-VRPTW"": {""dirty"": false, ""path"": ""/Users/guoyiyang/Documents/GitHub/FURP-2026-Yiyang-GUO-EVRP-TW/reference/py-ga-VRPTW"", ""revision"": ""8e005caaaf6471a4505588d88c7f0f5e0d4ebffa""}}",stage02.3_constraint_guided_attempt16 + stage02.3_constraint_guided_rerun09,,preserve;see stage03_legacy_path_map.csv
stage03.0,measurement,stage03.0_measurement_attempt04,attempt04,stage03.0_measurement_attempt04,stage03_measurement_smoke04,smoke,rc101_21,2014,"[""c101C5"", ""r105C5"", ""rc105C5"", ""c101_21"", ""r101_21"", ""rc101_21""]","[2014, 2015, 2016]",events,verified_legacy,results/stage03.0_measurement_attempt04/rc101_21/2014/stage03.0_measurement_attempt04_events_rc101_21_2014.jsonl,results/stage03-measurement_smoke04/events/rc101_21-alns_stage02_constraint_guided-2014.jsonl,feasible,,pass,READY_FOR_STAGE03_FORMAL_MEASUREMENT,not_applicable,pass,22a7b407c4c7889f5a2c49667a591409941b567ba15868ad8b2ef461da9c22ef,raw_manifest,380c6e5877faec191d00c501af697deb073d861a644b2fb71e106c31a6c4fca6,50ed2d642f7e5ab1c495f9d43526dbc7ced2cb6e3521d8207719409066db928a,272a3e58d53d4ba9516f01506164cf8a9b98bfeeb8dbd1fd62f6557e4c98e3a1,7ddc5b834743e0a9902b47423c276c3927f88bad912d7efe6e596c8a4878057d,b226b97e0e67288aaaf85726ad855df71cb81406685c57c8e8c40cd8996aa0da,9f211b67968e59dc04e8e31591ad4204114bd6ab,False,"{""VRP-EVRP-Project-Hub"": {""dirty"": false, ""path"": ""/Users/guoyiyang/Documents/GitHub/FURP-2026-Yiyang-GUO-EVRP-TW/reference/VRP-EVRP-Project-Hub"", ""revision"": ""e3a890065105f978187e532642c4442522215e02""}, ""py-ga-VRPTW"": {""dirty"": false, ""path"": ""/Users/guoyiyang/Documents/GitHub/FURP-2026-Yiyang-GUO-EVRP-TW/reference/py-ga-VRPTW"", ""revision"": ""8e005caaaf6471a4505588d88c7f0f5e0d4ebffa""}}",stage02.3_constraint_guided_attempt16 + stage02.3_constraint_guided_rerun09,,preserve;see stage03_legacy_path_map.csv
stage03.0,measurement,stage03.0_measurement_attempt04,attempt04,stage03.0_measurement_attempt04,stage03_measurement_smoke04,smoke,rc101_21,2015,"[""c101C5"", ""r105C5"", ""rc105C5"", ""c101_21"", ""r101_21"", ""rc101_21""]","[2014, 2015, 2016]",events,verified_legacy,results/stage03.0_measurement_attempt04/rc101_21/2015/stage03.0_measurement_attempt04_events_rc101_21_2015.jsonl,results/stage03-measurement_smoke04/events/rc101_21-alns_stage02_constraint_guided-2015.jsonl,feasible,,pass,READY_FOR_STAGE03_FORMAL_MEASUREMENT,not_applicable,pass,32d95bea562966daccf4cb42ba88c6ba294fd63fe48e83dd2651a3f5e2487e1b,raw_manifest,380c6e5877faec191d00c501af697deb073d861a644b2fb71e106c31a6c4fca6,50ed2d642f7e5ab1c495f9d43526dbc7ced2cb6e3521d8207719409066db928a,272a3e58d53d4ba9516f01506164cf8a9b98bfeeb8dbd1fd62f6557e4c98e3a1,3e37293d1485d7f220dda548d7ab443f80da87f33ee7955da3098997b0fc910a,b226b97e0e67288aaaf85726ad855df71cb81406685c57c8e8c40cd8996aa0da,9f211b67968e59dc04e8e31591ad4204114bd6ab,False,"{""VRP-EVRP-Project-Hub"": {""dirty"": false, ""path"": ""/Users/guoyiyang/Documents/GitHub/FURP-2026-Yiyang-GUO-EVRP-TW/reference/VRP-EVRP-Project-Hub"", ""revision"": ""e3a890065105f978187e532642c4442522215e02""}, ""py-ga-VRPTW"": {""dirty"": false, ""path"": ""/Users/guoyiyang/Documents/GitHub/FURP-2026-Yiyang-GUO-EVRP-TW/reference/py-ga-VRPTW"", ""revision"": ""8e005caaaf6471a4505588d88c7f0f5e0d4ebffa""}}",stage02.3_constraint_guided_attempt16 + stage02.3_constraint_guided_rerun09,,preserve;see stage03_legacy_path_map.csv
stage03.0,measurement,stage03.0_measurement_attempt04,attempt04,stage03.0_measurement_attempt04,stage03_measurement_smoke04,smoke,rc101_21,2016,"[""c101C5"", ""r105C5"", ""rc105C5"", ""c101_21"", ""r101_21"", ""rc101_21""]","[2014, 2015, 2016]",events,verified_legacy,results/stage03.0_measurement_attempt04/rc101_21/2016/stage03.0_measurement_attempt04_events_rc101_21_2016.jsonl,results/stage03-measurement_smoke04/events/rc101_21-alns_stage02_constraint_guided-2016.jsonl,feasible,,pass,READY_FOR_STAGE03_FORMAL_MEASUREMENT,not_applicable,pass,07253a33c34fbde28c0839c6f3a6cc9270d8ef4bbaeab8b7cb7567593966811d,raw_manifest,380c6e5877faec191d00c501af697deb073d861a644b2fb71e106c31a6c4fca6,50ed2d642f7e5ab1c495f9d43526dbc7ced2cb6e3521d8207719409066db928a,272a3e58d53d4ba9516f01506164cf8a9b98bfeeb8dbd1fd62f6557e4c98e3a1,c0cd461ab7c4db2e082f293a1499162ddeafc2ced4d8a274bd3d4bca67cf6baf,b226b97e0e67288aaaf85726ad855df71cb81406685c57c8e8c40cd8996aa0da,9f211b67968e59dc04e8e31591ad4204114bd6ab,False,"{""VRP-EVRP-Project-Hub"": {""dirty"": false, ""path"": ""/Users/guoyiyang/Documents/GitHub/FURP-2026-Yiyang-GUO-EVRP-TW/reference/VRP-EVRP-Project-Hub"", ""revision"": ""e3a890065105f978187e532642c4442522215e02""}, ""py-ga-VRPTW"": {""dirty"": false, ""path"": ""/Users/guoyiyang/Documents/GitHub/FURP-2026-Yiyang-GUO-EVRP-TW/reference/py-ga-VRPTW"", ""revision"": ""8e005caaaf6471a4505588d88c7f0f5e0d4ebffa""}}",stage02.3_constraint_guided_attempt16 + stage02.3_constraint_guided_rerun09,,preserve;see stage03_legacy_path_map.csv
stage03.0,measurement,stage03.0_measurement_attempt04,attempt04,stage03.0_measurement_attempt04,stage03_measurement_smoke04,smoke,rc105C5,2014,"[""c101C5"", ""r105C5"", ""rc105C5"", ""c101_21"", ""r101_21"", ""rc101_21""]","[2014, 2015, 2016]",events,verified_legacy,results/stage03.0_measurement_attempt04/rc105C5/2014/stage03.0_measurement_attempt04_events_rc105C5_2014.jsonl,results/stage03-measurement_smoke04/events/rc105C5-alns_stage02_constraint_guided-2014.jsonl,feasible,,pass,READY_FOR_STAGE03_FORMAL_MEASUREMENT,not_applicable,pass,be40c1e485544cb93c6bd36ccf31ae0b5b015c8609c6b8e3a39a93526ee87a93,raw_manifest,380c6e5877faec191d00c501af697deb073d861a644b2fb71e106c31a6c4fca6,50ed2d642f7e5ab1c495f9d43526dbc7ced2cb6e3521d8207719409066db928a,2ccfba6c447fa43a994934690acb67c7355ca04d232394907ed6938bc362c643,4e9ad7f905bf0f4279b3978ea0798a784af1b7dab453fd7601e7ceb74b74e1af,b226b97e0e67288aaaf85726ad855df71cb81406685c57c8e8c40cd8996aa0da,9f211b67968e59dc04e8e31591ad4204114bd6ab,False,"{""VRP-EVRP-Project-Hub"": {""dirty"": false, ""path"": ""/Users/guoyiyang/Documents/GitHub/FURP-2026-Yiyang-GUO-EVRP-TW/reference/VRP-EVRP-Project-Hub"", ""revision"": ""e3a890065105f978187e532642c4442522215e02""}, ""py-ga-VRPTW"": {""dirty"": false, ""path"": ""/Users/guoyiyang/Documents/GitHub/FURP-2026-Yiyang-GUO-EVRP-TW/reference/py-ga-VRPTW"", ""revision"": ""8e005caaaf6471a4505588d88c7f0f5e0d4ebffa""}}",stage02.3_constraint_guided_attempt16 + stage02.3_constraint_guided_rerun09,,preserve;see stage03_legacy_path_map.csv
stage03.0,measurement,stage03.0_measurement_attempt04,attempt04,stage03.0_measurement_attempt04,stage03_measurement_smoke04,smoke,rc105C5,2015,"[""c101C5"", ""r105C5"", ""rc105C5"", ""c101_21"", ""r101_21"", ""rc101_21""]","[2014, 2015, 2016]",events,verified_legacy,results/stage03.0_measurement_attempt04/rc105C5/2015/stage03.0_measurement_attempt04_events_rc105C5_2015.jsonl,results/stage03-measurement_smoke04/events/rc105C5-alns_stage02_constraint_guided-2015.jsonl,feasible,,pass,READY_FOR_STAGE03_FORMAL_MEASUREMENT,not_applicable,pass,83a4f973f5ab699b49c4242ff2e92989a652f183331f7e9d4d233d1ec0044407,raw_manifest,380c6e5877faec191d00c501af697deb073d861a644b2fb71e106c31a6c4fca6,50ed2d642f7e5ab1c495f9d43526dbc7ced2cb6e3521d8207719409066db928a,2ccfba6c447fa43a994934690acb67c7355ca04d232394907ed6938bc362c643,b2705b893322aa901c188d536dbf7ffb1d6a9c0b07d4d8ba093546fa9155a701,b226b97e0e67288aaaf85726ad855df71cb81406685c57c8e8c40cd8996aa0da,9f211b67968e59dc04e8e31591ad4204114bd6ab,False,"{""VRP-EVRP-Project-Hub"": {""dirty"": false, ""path"": ""/Users/guoyiyang/Documents/GitHub/FURP-2026-Yiyang-GUO-EVRP-TW/reference/VRP-EVRP-Project-Hub"", ""revision"": ""e3a890065105f978187e532642c4442522215e02""}, ""py-ga-VRPTW"": {""dirty"": false, ""path"": ""/Users/guoyiyang/Documents/GitHub/FURP-2026-Yiyang-GUO-EVRP-TW/reference/py-ga-VRPTW"", ""revision"": ""8e005caaaf6471a4505588d88c7f0f5e0d4ebffa""}}",stage02.3_constraint_guided_attempt16 + stage02.3_constraint_guided_rerun09,,preserve;see stage03_legacy_path_map.csv
stage03.0,measurement,stage03.0_measurement_attempt04,attempt04,stage03.0_measurement_attempt04,stage03_measurement_smoke04,smoke,rc105C5,2016,"[""c101C5"", ""r105C5"", ""rc105C5"", ""c101_21"", ""r101_21"", ""rc101_21""]","[2014, 2015, 2016]",events,verified_legacy,results/stage03.0_measurement_attempt04/rc105C5/2016/stage03.0_measurement_attempt04_events_rc105C5_2016.jsonl,results/stage03-measurement_smoke04/events/rc105C5-alns_stage02_constraint_guided-2016.jsonl,feasible,,pass,READY_FOR_STAGE03_FORMAL_MEASUREMENT,not_applicable,pass,b63b096b10e2379a825b67cca7e1387ccc238c39fc3e64147cbc70353feb9317,raw_manifest,380c6e5877faec191d00c501af697deb073d861a644b2fb71e106c31a6c4fca6,50ed2d642f7e5ab1c495f9d43526dbc7ced2cb6e3521d8207719409066db928a,2ccfba6c447fa43a994934690acb67c7355ca04d232394907ed6938bc362c643,766578bed88811328d7b4bda0e23a5e4bd8c96e78240148c16f3b636a351b541,b226b97e0e67288aaaf85726ad855df71cb81406685c57c8e8c40cd8996aa0da,9f211b67968e59dc04e8e31591ad4204114bd6ab,False,"{""VRP-EVRP-Project-Hub"": {""dirty"": false, ""path"": ""/Users/guoyiyang/Documents/GitHub/FURP-2026-Yiyang-GUO-EVRP-TW/reference/VRP-EVRP-Project-Hub"", ""revision"": ""e3a890065105f978187e532642c4442522215e02""}, ""py-ga-VRPTW"": {""dirty"": false, ""path"": ""/Users/guoyiyang/Documents/GitHub/FURP-2026-Yiyang-GUO-EVRP-TW/reference/py-ga-VRPTW"", ""revision"": ""8e005caaaf6471a4505588d88c7f0f5e0d4ebffa""}}",stage02.3_constraint_guided_attempt16 + stage02.3_constraint_guided_rerun09,,preserve;see stage03_legacy_path_map.csv
stage03.0,measurement,stage03.0_measurement_attempt04,attempt04,stage03.0_measurement_attempt04,stage03_measurement_smoke04,smoke,__all__,__all__,"[""c101C5"", ""r105C5"", ""rc105C5"", ""c101_21"", ""r101_21"", ""rc101_21""]","[2014, 2015, 2016]",manifest,verified_legacy,results/stage03.0_measurement_attempt04/control/stage03.0_measurement_attempt04_manifest.json,results/stage03-measurement_smoke04/manifest.json,feasible,,pass,READY_FOR_STAGE03_FORMAL_MEASUREMENT,not_applicable,pass,05dde87a3e5eb3ccd3044ca9075e89a5b2059752ab65a4cbb5cd2c691e8e66b7,computed,380c6e5877faec191d00c501af697deb073d861a644b2fb71e106c31a6c4fca6,50ed2d642f7e5ab1c495f9d43526dbc7ced2cb6e3521d8207719409066db928a,,,b226b97e0e67288aaaf85726ad855df71cb81406685c57c8e8c40cd8996aa0da,9f211b67968e59dc04e8e31591ad4204114bd6ab,False,"{""VRP-EVRP-Project-Hub"": {""dirty"": false, ""path"": ""/Users/guoyiyang/Documents/GitHub/FURP-2026-Yiyang-GUO-EVRP-TW/reference/VRP-EVRP-Project-Hub"", ""revision"": ""e3a890065105f978187e532642c4442522215e02""}, ""py-ga-VRPTW"": {""dirty"": false, ""path"": ""/Users/guoyiyang/Documents/GitHub/FURP-2026-Yiyang-GUO-EVRP-TW/reference/py-ga-VRPTW"", ""revision"": ""8e005caaaf6471a4505588d88c7f0f5e0d4ebffa""}}",stage02.3_constraint_guided_attempt16 + stage02.3_constraint_guided_rerun09,,preserve;see stage03_legacy_path_map.csv
stage03.0,measurement,stage03.0_measurement_attempt04,attempt04,stage03.0_measurement_attempt04,stage03_measurement_smoke04,smoke,__all__,__all__,"[""c101C5"", ""r105C5"", ""rc105C5"", ""c101_21"", ""r101_21"", ""rc101_21""]","[2014, 2015, 2016]",manifest_checksum,verified_legacy,results/stage03.0_measurement_attempt04/control/stage03.0_measurement_attempt04_manifest_checksum.sha256,results/stage03-measurement_smoke04/manifest.sha256,feasible,,pass,READY_FOR_STAGE03_FORMAL_MEASUREMENT,not_applicable,pass,f5a29b7f013b582d125a8e6a5253892f7843fb99c8f57b5139dd56588ce63f47,computed,380c6e5877faec191d00c501af697deb073d861a644b2fb71e106c31a6c4fca6,50ed2d642f7e5ab1c495f9d43526dbc7ced2cb6e3521d8207719409066db928a,,,b226b97e0e67288aaaf85726ad855df71cb81406685c57c8e8c40cd8996aa0da,9f211b67968e59dc04e8e31591ad4204114bd6ab,False,"{""VRP-EVRP-Project-Hub"": {""dirty"": false, ""path"": ""/Users/guoyiyang/Documents/GitHub/FURP-2026-Yiyang-GUO-EVRP-TW/reference/VRP-EVRP-Project-Hub"", ""revision"": ""e3a890065105f978187e532642c4442522215e02""}, ""py-ga-VRPTW"": {""dirty"": false, ""path"": ""/Users/guoyiyang/Documents/GitHub/FURP-2026-Yiyang-GUO-EVRP-TW/reference/py-ga-VRPTW"", ""revision"": ""8e005caaaf6471a4505588d88c7f0f5e0d4ebffa""}}",stage02.3_constraint_guided_attempt16 + stage02.3_constraint_guided_rerun09,,preserve;see stage03_legacy_path_map.csv
stage03.0,measurement,stage03.0_measurement_attempt04,attempt04,stage03.0_measurement_attempt04,stage03_measurement_smoke04,smoke,__all__,__all__,"[""c101C5"", ""r105C5"", ""rc105C5"", ""c101_21"", ""r101_21"", ""rc101_21""]","[2014, 2015, 2016]",config,verified_legacy,results/stage03.0_measurement_attempt04/control/stage03.0_measurement_attempt04_config.toml,results/stage03-measurement_smoke04/parameters.toml,feasible,,pass,READY_FOR_STAGE03_FORMAL_MEASUREMENT,not_applicable,pass,50ed2d642f7e5ab1c495f9d43526dbc7ced2cb6e3521d8207719409066db928a,raw_manifest,380c6e5877faec191d00c501af697deb073d861a644b2fb71e106c31a6c4fca6,50ed2d642f7e5ab1c495f9d43526dbc7ced2cb6e3521d8207719409066db928a,,,b226b97e0e67288aaaf85726ad855df71cb81406685c57c8e8c40cd8996aa0da,9f211b67968e59dc04e8e31591ad4204114bd6ab,False,"{""VRP-EVRP-Project-Hub"": {""dirty"": false, ""path"": ""/Users/guoyiyang/Documents/GitHub/FURP-2026-Yiyang-GUO-EVRP-TW/reference/VRP-EVRP-Project-Hub"", ""revision"": ""e3a890065105f978187e532642c4442522215e02""}, ""py-ga-VRPTW"": {""dirty"": false, ""path"": ""/Users/guoyiyang/Documents/GitHub/FURP-2026-Yiyang-GUO-EVRP-TW/reference/py-ga-VRPTW"", ""revision"": ""8e005caaaf6471a4505588d88c7f0f5e0d4ebffa""}}",stage02.3_constraint_guided_attempt16 + stage02.3_constraint_guided_rerun09,,preserve;see stage03_legacy_path_map.csv
stage03.0,measurement,stage03.0_measurement_attempt04,attempt04,stage03.0_measurement_attempt04,stage03_measurement_smoke04,smoke,c101C5,2014,"[""c101C5"", ""r105C5"", ""rc105C5"", ""c101_21"", ""r101_21"", ""rc101_21""]","[2014, 2015, 2016]",raw,verified_legacy,results/stage03.0_measurement_attempt04/c101C5/2014/stage03.0_measurement_attempt04_raw_c101C5_2014.json,results/stage03-measurement_smoke04/raw/c101C5-alns_stage02_constraint_guided-2014.json,feasible,,pass,READY_FOR_STAGE03_FORMAL_MEASUREMENT,not_applicable,pass,cb0df49d999d5fd9f659913409db3f30bcf0f828feb923a9591a05bdc460546b,raw_manifest,380c6e5877faec191d00c501af697deb073d861a644b2fb71e106c31a6c4fca6,50ed2d642f7e5ab1c495f9d43526dbc7ced2cb6e3521d8207719409066db928a,8612d6d9aad051776097a5e50c7408f39352b8107b0639d58e5eda713f9ff876,3e80831db18b25dd8b58d9e18252a1fe67164b4942d45325369c97759e0781f0,b226b97e0e67288aaaf85726ad855df71cb81406685c57c8e8c40cd8996aa0da,9f211b67968e59dc04e8e31591ad4204114bd6ab,False,"{""VRP-EVRP-Project-Hub"": {""dirty"": false, ""path"": ""/Users/guoyiyang/Documents/GitHub/FURP-2026-Yiyang-GUO-EVRP-TW/reference/VRP-EVRP-Project-Hub"", ""revision"": ""e3a890065105f978187e532642c4442522215e02""}, ""py-ga-VRPTW"": {""dirty"": false, ""path"": ""/Users/guoyiyang/Documents/GitHub/FURP-2026-Yiyang-GUO-EVRP-TW/reference/py-ga-VRPTW"", ""revision"": ""8e005caaaf6471a4505588d88c7f0f5e0d4ebffa""}}",stage02.3_constraint_guided_attempt16 + stage02.3_constraint_guided_rerun09,,preserve;see stage03_legacy_path_map.csv
stage03.0,measurement,stage03.0_measurement_attempt04,attempt04,stage03.0_measurement_attempt04,stage03_measurement_smoke04,smoke,c101C5,2015,"[""c101C5"", ""r105C5"", ""rc105C5"", ""c101_21"", ""r101_21"", ""rc101_21""]","[2014, 2015, 2016]",raw,verified_legacy,results/stage03.0_measurement_attempt04/c101C5/2015/stage03.0_measurement_attempt04_raw_c101C5_2015.json,results/stage03-measurement_smoke04/raw/c101C5-alns_stage02_constraint_guided-2015.json,feasible,,pass,READY_FOR_STAGE03_FORMAL_MEASUREMENT,not_applicable,pass,bdba5c99b07d2e7b79aa5b911efe0c098edac4dcd08c38f4a6a5871aa499cc32,raw_manifest,380c6e5877faec191d00c501af697deb073d861a644b2fb71e106c31a6c4fca6,50ed2d642f7e5ab1c495f9d43526dbc7ced2cb6e3521d8207719409066db928a,8612d6d9aad051776097a5e50c7408f39352b8107b0639d58e5eda713f9ff876,785b0fbde8c4b8a9ef3967509d3febedd851bea045eb60c2cdaff256bea6f1f2,b226b97e0e67288aaaf85726ad855df71cb81406685c57c8e8c40cd8996aa0da,9f211b67968e59dc04e8e31591ad4204114bd6ab,False,"{""VRP-EVRP-Project-Hub"": {""dirty"": false, ""path"": ""/Users/guoyiyang/Documents/GitHub/FURP-2026-Yiyang-GUO-EVRP-TW/reference/VRP-EVRP-Project-Hub"", ""revision"": ""e3a890065105f978187e532642c4442522215e02""}, ""py-ga-VRPTW"": {""dirty"": false, ""path"": ""/Users/guoyiyang/Documents/GitHub/FURP-2026-Yiyang-GUO-EVRP-TW/reference/py-ga-VRPTW"", ""revision"": ""8e005caaaf6471a4505588d88c7f0f5e0d4ebffa""}}",stage02.3_constraint_guided_attempt16 + stage02.3_constraint_guided_rerun09,,preserve;see stage03_legacy_path_map.csv
stage03.0,measurement,stage03.0_measurement_attempt04,attempt04,stage03.0_measurement_attempt04,stage03_measurement_smoke04,smoke,c101C5,2016,"[""c101C5"", ""r105C5"", ""rc105C5"", ""c101_21"", ""r101_21"", ""rc101_21""]","[2014, 2015, 2016]",raw,verified_legacy,results/stage03.0_measurement_attempt04/c101C5/2016/stage03.0_measurement_attempt04_raw_c101C5_2016.json,results/stage03-measurement_smoke04/raw/c101C5-alns_stage02_constraint_guided-2016.json,feasible,,pass,READY_FOR_STAGE03_FORMAL_MEASUREMENT,not_applicable,pass,21a9b6d0d67c706c5370f014d832da86fc4791dfd3472a107de5eb2d7374b16e,raw_manifest,380c6e5877faec191d00c501af697deb073d861a644b2fb71e106c31a6c4fca6,50ed2d642f7e5ab1c495f9d43526dbc7ced2cb6e3521d8207719409066db928a,8612d6d9aad051776097a5e50c7408f39352b8107b0639d58e5eda713f9ff876,8e154d7ff2aa959d977b2fe85be8eb7d448836560c514feaddd55fc0d01df546,b226b97e0e67288aaaf85726ad855df71cb81406685c57c8e8c40cd8996aa0da,9f211b67968e59dc04e8e31591ad4204114bd6ab,False,"{""VRP-EVRP-Project-Hub"": {""dirty"": false, ""path"": ""/Users/guoyiyang/Documents/GitHub/FURP-2026-Yiyang-GUO-EVRP-TW/reference/VRP-EVRP-Project-Hub"", ""revision"": ""e3a890065105f978187e532642c4442522215e02""}, ""py-ga-VRPTW"": {""dirty"": false, ""path"": ""/Users/guoyiyang/Documents/GitHub/FURP-2026-Yiyang-GUO-EVRP-TW/reference/py-ga-VRPTW"", ""revision"": ""8e005caaaf6471a4505588d88c7f0f5e0d4ebffa""}}",stage02.3_constraint_guided_attempt16 + stage02.3_constraint_guided_rerun09,,preserve;see stage03_legacy_path_map.csv
stage03.0,measurement,stage03.0_measurement_attempt04,attempt04,stage03.0_measurement_attempt04,stage03_measurement_smoke04,smoke,c101_21,2014,"[""c101C5"", ""r105C5"", ""rc105C5"", ""c101_21"", ""r101_21"", ""rc101_21""]","[2014, 2015, 2016]",raw,verified_legacy,results/stage03.0_measurement_attempt04/c101_21/2014/stage03.0_measurement_attempt04_raw_c101_21_2014.json,results/stage03-measurement_smoke04/raw/c101_21-alns_stage02_constraint_guided-2014.json,feasible,,pass,READY_FOR_STAGE03_FORMAL_MEASUREMENT,not_applicable,pass,eceacb380ecb13430b1c9b83fb4d0e7dba65b91ee52547d639f897b64eba611f,raw_manifest,380c6e5877faec191d00c501af697deb073d861a644b2fb71e106c31a6c4fca6,50ed2d642f7e5ab1c495f9d43526dbc7ced2cb6e3521d8207719409066db928a,c5cda6ca63a7d518902cf4b02d98b4aa0f373aaa0658d5c666d1c46d38871cb9,5a97fbe35823682bc67553abbb9e466c7af5906a32a39eb2aafa6c142468fa4c,b226b97e0e67288aaaf85726ad855df71cb81406685c57c8e8c40cd8996aa0da,9f211b67968e59dc04e8e31591ad4204114bd6ab,False,"{""VRP-EVRP-Project-Hub"": {""dirty"": false, ""path"": ""/Users/guoyiyang/Documents/GitHub/FURP-2026-Yiyang-GUO-EVRP-TW/reference/VRP-EVRP-Project-Hub"", ""revision"": ""e3a890065105f978187e532642c4442522215e02""}, ""py-ga-VRPTW"": {""dirty"": false, ""path"": ""/Users/guoyiyang/Documents/GitHub/FURP-2026-Yiyang-GUO-EVRP-TW/reference/py-ga-VRPTW"", ""revision"": ""8e005caaaf6471a4505588d88c7f0f5e0d4ebffa""}}",stage02.3_constraint_guided_attempt16 + stage02.3_constraint_guided_rerun09,,preserve;see stage03_legacy_path_map.csv
stage03.0,measurement,stage03.0_measurement_attempt04,attempt04,stage03.0_measurement_attempt04,stage03_measurement_smoke04,smoke,c101_21,2015,"[""c101C5"", ""r105C5"", ""rc105C5"", ""c101_21"", ""r101_21"", ""rc101_21""]","[2014, 2015, 2016]",raw,verified_legacy,results/stage03.0_measurement_attempt04/c101_21/2015/stage03.0_measurement_attempt04_raw_c101_21_2015.json,results/stage03-measurement_smoke04/raw/c101_21-alns_stage02_constraint_guided-2015.json,feasible,,pass,READY_FOR_STAGE03_FORMAL_MEASUREMENT,not_applicable,pass,5d37f8f57af4b171dad6d761259e519b952be38fb3d18faa4deaaa99854c708e,raw_manifest,380c6e5877faec191d00c501af697deb073d861a644b2fb71e106c31a6c4fca6,50ed2d642f7e5ab1c495f9d43526dbc7ced2cb6e3521d8207719409066db928a,c5cda6ca63a7d518902cf4b02d98b4aa0f373aaa0658d5c666d1c46d38871cb9,f3134e49dbf12e2772044aea805defa908beacef6047dfad9ad8a33a33cec9fb,b226b97e0e67288aaaf85726ad855df71cb81406685c57c8e8c40cd8996aa0da,9f211b67968e59dc04e8e31591ad4204114bd6ab,False,"{""VRP-EVRP-Project-Hub"": {""dirty"": false, ""path"": ""/Users/guoyiyang/Documents/GitHub/FURP-2026-Yiyang-GUO-EVRP-TW/reference/VRP-EVRP-Project-Hub"", ""revision"": ""e3a890065105f978187e532642c4442522215e02""}, ""py-ga-VRPTW"": {""dirty"": false, ""path"": ""/Users/guoyiyang/Documents/GitHub/FURP-2026-Yiyang-GUO-EVRP-TW/reference/py-ga-VRPTW"", ""revision"": ""8e005caaaf6471a4505588d88c7f0f5e0d4ebffa""}}",stage02.3_constraint_guided_attempt16 + stage02.3_constraint_guided_rerun09,,preserve;see stage03_legacy_path_map.csv
stage03.0,measurement,stage03.0_measurement_attempt04,attempt04,stage03.0_measurement_attempt04,stage03_measurement_smoke04,smoke,c101_21,2016,"[""c101C5"", ""r105C5"", ""rc105C5"", ""c101_21"", ""r101_21"", ""rc101_21""]","[2014, 2015, 2016]",raw,verified_legacy,results/stage03.0_measurement_attempt04/c101_21/2016/stage03.0_measurement_attempt04_raw_c101_21_2016.json,results/stage03-measurement_smoke04/raw/c101_21-alns_stage02_constraint_guided-2016.json,feasible,,pass,READY_FOR_STAGE03_FORMAL_MEASUREMENT,not_applicable,pass,f686129a4abf3fb63d77a6f87cfb5f276c48ac8d8bb8903741580088984abeaf,raw_manifest,380c6e5877faec191d00c501af697deb073d861a644b2fb71e106c31a6c4fca6,50ed2d642f7e5ab1c495f9d43526dbc7ced2cb6e3521d8207719409066db928a,c5cda6ca63a7d518902cf4b02d98b4aa0f373aaa0658d5c666d1c46d38871cb9,ab6aaee600087b3852ee46f7d477ad4f864de18eae5badbb5ab9cc8be95bbcea,b226b97e0e67288aaaf85726ad855df71cb81406685c57c8e8c40cd8996aa0da,9f211b67968e59dc04e8e31591ad4204114bd6ab,False,"{""VRP-EVRP-Project-Hub"": {""dirty"": false, ""path"": ""/Users/guoyiyang/Documents/GitHub/FURP-2026-Yiyang-GUO-EVRP-TW/reference/VRP-EVRP-Project-Hub"", ""revision"": ""e3a890065105f978187e532642c4442522215e02""}, ""py-ga-VRPTW"": {""dirty"": false, ""path"": ""/Users/guoyiyang/Documents/GitHub/FURP-2026-Yiyang-GUO-EVRP-TW/reference/py-ga-VRPTW"", ""revision"": ""8e005caaaf6471a4505588d88c7f0f5e0d4ebffa""}}",stage02.3_constraint_guided_attempt16 + stage02.3_constraint_guided_rerun09,,preserve;see stage03_legacy_path_map.csv
stage03.0,measurement,stage03.0_measurement_attempt04,attempt04,stage03.0_measurement_attempt04,stage03_measurement_smoke04,smoke,r101_21,2014,"[""c101C5"", ""r105C5"", ""rc105C5"", ""c101_21"", ""r101_21"", ""rc101_21""]","[2014, 2015, 2016]",raw,verified_legacy,results/stage03.0_measurement_attempt04/r101_21/2014/stage03.0_measurement_attempt04_raw_r101_21_2014.json,results/stage03-measurement_smoke04/raw/r101_21-alns_stage02_constraint_guided-2014.json,feasible,,pass,READY_FOR_STAGE03_FORMAL_MEASUREMENT,not_applicable,pass,43a84abf49671307f4accc26e1e8990d8e9d92b493b20f002a95f5dd83ae7638,raw_manifest,380c6e5877faec191d00c501af697deb073d861a644b2fb71e106c31a6c4fca6,50ed2d642f7e5ab1c495f9d43526dbc7ced2cb6e3521d8207719409066db928a,0e5a3dffffbd3c516b528ef32ba1a488b817d2f151fc3e8c81023814de1c103a,176365cb3d76d3c3bab2bdd2cbd7ac36e1f135806f5d0d53aece14bcfbc82281,b226b97e0e67288aaaf85726ad855df71cb81406685c57c8e8c40cd8996aa0da,9f211b67968e59dc04e8e31591ad4204114bd6ab,False,"{""VRP-EVRP-Project-Hub"": {""dirty"": false, ""path"": ""/Users/guoyiyang/Documents/GitHub/FURP-2026-Yiyang-GUO-EVRP-TW/reference/VRP-EVRP-Project-Hub"", ""revision"": ""e3a890065105f978187e532642c4442522215e02""}, ""py-ga-VRPTW"": {""dirty"": false, ""path"": ""/Users/guoyiyang/Documents/GitHub/FURP-2026-Yiyang-GUO-EVRP-TW/reference/py-ga-VRPTW"", ""revision"": ""8e005caaaf6471a4505588d88c7f0f5e0d4ebffa""}}",stage02.3_constraint_guided_attempt16 + stage02.3_constraint_guided_rerun09,,preserve;see stage03_legacy_path_map.csv
stage03.0,measurement,stage03.0_measurement_attempt04,attempt04,stage03.0_measurement_attempt04,stage03_measurement_smoke04,smoke,r101_21,2015,"[""c101C5"", ""r105C5"", ""rc105C5"", ""c101_21"", ""r101_21"", ""rc101_21""]","[2014, 2015, 2016]",raw,verified_legacy,results/stage03.0_measurement_attempt04/r101_21/2015/stage03.0_measurement_attempt04_raw_r101_21_2015.json,results/stage03-measurement_smoke04/raw/r101_21-alns_stage02_constraint_guided-2015.json,feasible,,pass,READY_FOR_STAGE03_FORMAL_MEASUREMENT,not_applicable,pass,c4af42c8a480f4fdee78a8e169ff15f75deb1dbd8a83235bab6d6bfa1e1e0ed4,raw_manifest,380c6e5877faec191d00c501af697deb073d861a644b2fb71e106c31a6c4fca6,50ed2d642f7e5ab1c495f9d43526dbc7ced2cb6e3521d8207719409066db928a,0e5a3dffffbd3c516b528ef32ba1a488b817d2f151fc3e8c81023814de1c103a,72d59cf54cbb6cc9d931b1072093b6124ec6411a491b0eca81a1eeebe8251536,b226b97e0e67288aaaf85726ad855df71cb81406685c57c8e8c40cd8996aa0da,9f211b67968e59dc04e8e31591ad4204114bd6ab,False,"{""VRP-EVRP-Project-Hub"": {""dirty"": false, ""path"": ""/Users/guoyiyang/Documents/GitHub/FURP-2026-Yiyang-GUO-EVRP-TW/reference/VRP-EVRP-Project-Hub"", ""revision"": ""e3a890065105f978187e532642c4442522215e02""}, ""py-ga-VRPTW"": {""dirty"": false, ""path"": ""/Users/guoyiyang/Documents/GitHub/FURP-2026-Yiyang-GUO-EVRP-TW/reference/py-ga-VRPTW"", ""revision"": ""8e005caaaf6471a4505588d88c7f0f5e0d4ebffa""}}",stage02.3_constraint_guided_attempt16 + stage02.3_constraint_guided_rerun09,,preserve;see stage03_legacy_path_map.csv
stage03.0,measurement,stage03.0_measurement_attempt04,attempt04,stage03.0_measurement_attempt04,stage03_measurement_smoke04,smoke,r101_21,2016,"[""c101C5"", ""r105C5"", ""rc105C5"", ""c101_21"", ""r101_21"", ""rc101_21""]","[2014, 2015, 2016]",raw,verified_legacy,results/stage03.0_measurement_attempt04/r101_21/2016/stage03.0_measurement_attempt04_raw_r101_21_2016.json,results/stage03-measurement_smoke04/raw/r101_21-alns_stage02_constraint_guided-2016.json,feasible,,pass,READY_FOR_STAGE03_FORMAL_MEASUREMENT,not_applicable,pass,795fae516bad448792dfdf9910f0427b09ce8052a13bbb59c9e12a18fca2db98,raw_manifest,380c6e5877faec191d00c501af697deb073d861a644b2fb71e106c31a6c4fca6,50ed2d642f7e5ab1c495f9d43526dbc7ced2cb6e3521d8207719409066db928a,0e5a3dffffbd3c516b528ef32ba1a488b817d2f151fc3e8c81023814de1c103a,1652f43248c82d6a342505b9743bef5439e226e7f1af68bdad8247d4d79c8d90,b226b97e0e67288aaaf85726ad855df71cb81406685c57c8e8c40cd8996aa0da,9f211b67968e59dc04e8e31591ad4204114bd6ab,False,"{""VRP-EVRP-Project-Hub"": {""dirty"": false, ""path"": ""/Users/guoyiyang/Documents/GitHub/FURP-2026-Yiyang-GUO-EVRP-TW/reference/VRP-EVRP-Project-Hub"", ""revision"": ""e3a890065105f978187e532642c4442522215e02""}, ""py-ga-VRPTW"": {""dirty"": false, ""path"": ""/Users/guoyiyang/Documents/GitHub/FURP-2026-Yiyang-GUO-EVRP-TW/reference/py-ga-VRPTW"", ""revision"": ""8e005caaaf6471a4505588d88c7f0f5e0d4ebffa""}}",stage02.3_constraint_guided_attempt16 + stage02.3_constraint_guided_rerun09,,preserve;see stage03_legacy_path_map.csv
stage03.0,measurement,stage03.0_measurement_attempt04,attempt04,stage03.0_measurement_attempt04,stage03_measurement_smoke04,smoke,r105C5,2014,"[""c101C5"", ""r105C5"", ""rc105C5"", ""c101_21"", ""r101_21"", ""rc101_21""]","[2014, 2015, 2016]",raw,verified_legacy,results/stage03.0_measurement_attempt04/r105C5/2014/stage03.0_measurement_attempt04_raw_r105C5_2014.json,results/stage03-measurement_smoke04/raw/r105C5-alns_stage02_constraint_guided-2014.json,feasible,,pass,READY_FOR_STAGE03_FORMAL_MEASUREMENT,not_applicable,pass,14f03855c86f03ee23057ad9f9eae464040aadc401b4f56c572a3934dc8f56df,raw_manifest,380c6e5877faec191d00c501af697deb073d861a644b2fb71e106c31a6c4fca6,50ed2d642f7e5ab1c495f9d43526dbc7ced2cb6e3521d8207719409066db928a,eb27ec04e799ee6d39dee3d66f15128e197811afa8c664295acbdf6444176434,9d8f1067d8b2e4d6486de0c912085d58121f5844e64ab2247ff7ac379608a713,b226b97e0e67288aaaf85726ad855df71cb81406685c57c8e8c40cd8996aa0da,9f211b67968e59dc04e8e31591ad4204114bd6ab,False,"{""VRP-EVRP-Project-Hub"": {""dirty"": false, ""path"": ""/Users/guoyiyang/Documents/GitHub/FURP-2026-Yiyang-GUO-EVRP-TW/reference/VRP-EVRP-Project-Hub"", ""revision"": ""e3a890065105f978187e532642c4442522215e02""}, ""py-ga-VRPTW"": {""dirty"": false, ""path"": ""/Users/guoyiyang/Documents/GitHub/FURP-2026-Yiyang-GUO-EVRP-TW/reference/py-ga-VRPTW"", ""revision"": ""8e005caaaf6471a4505588d88c7f0f5e0d4ebffa""}}",stage02.3_constraint_guided_attempt16 + stage02.3_constraint_guided_rerun09,,preserve;see stage03_legacy_path_map.csv
stage03.0,measurement,stage03.0_measurement_attempt04,attempt04,stage03.0_measurement_attempt04,stage03_measurement_smoke04,smoke,r105C5,2015,"[""c101C5"", ""r105C5"", ""rc105C5"", ""c101_21"", ""r101_21"", ""rc101_21""]","[2014, 2015, 2016]",raw,verified_legacy,results/stage03.0_measurement_attempt04/r105C5/2015/stage03.0_measurement_attempt04_raw_r105C5_2015.json,results/stage03-measurement_smoke04/raw/r105C5-alns_stage02_constraint_guided-2015.json,feasible,,pass,READY_FOR_STAGE03_FORMAL_MEASUREMENT,not_applicable,pass,9f0c2aef43489b3493c761b362499810a29aaa6c18278fdb2de3d3832df04c02,raw_manifest,380c6e5877faec191d00c501af697deb073d861a644b2fb71e106c31a6c4fca6,50ed2d642f7e5ab1c495f9d43526dbc7ced2cb6e3521d8207719409066db928a,eb27ec04e799ee6d39dee3d66f15128e197811afa8c664295acbdf6444176434,af820858e31102b17e1d8849de2742a014753376b2d01617cdfe2c20ea573df1,b226b97e0e67288aaaf85726ad855df71cb81406685c57c8e8c40cd8996aa0da,9f211b67968e59dc04e8e31591ad4204114bd6ab,False,"{""VRP-EVRP-Project-Hub"": {""dirty"": false, ""path"": ""/Users/guoyiyang/Documents/GitHub/FURP-2026-Yiyang-GUO-EVRP-TW/reference/VRP-EVRP-Project-Hub"", ""revision"": ""e3a890065105f978187e532642c4442522215e02""}, ""py-ga-VRPTW"": {""dirty"": false, ""path"": ""/Users/guoyiyang/Documents/GitHub/FURP-2026-Yiyang-GUO-EVRP-TW/reference/py-ga-VRPTW"", ""revision"": ""8e005caaaf6471a4505588d88c7f0f5e0d4ebffa""}}",stage02.3_constraint_guided_attempt16 + stage02.3_constraint_guided_rerun09,,preserve;see stage03_legacy_path_map.csv
stage03.0,measurement,stage03.0_measurement_attempt04,attempt04,stage03.0_measurement_attempt04,stage03_measurement_smoke04,smoke,r105C5,2016,"[""c101C5"", ""r105C5"", ""rc105C5"", ""c101_21"", ""r101_21"", ""rc101_21""]","[2014, 2015, 2016]",raw,verified_legacy,results/stage03.0_measurement_attempt04/r105C5/2016/stage03.0_measurement_attempt04_raw_r105C5_2016.json,results/stage03-measurement_smoke04/raw/r105C5-alns_stage02_constraint_guided-2016.json,feasible,,pass,READY_FOR_STAGE03_FORMAL_MEASUREMENT,not_applicable,pass,3e1fa83e46ed2660dc0a3e8775f89e5982e5d32139f17434f0edb93f8f340d4a,raw_manifest,380c6e5877faec191d00c501af697deb073d861a644b2fb71e106c31a6c4fca6,50ed2d642f7e5ab1c495f9d43526dbc7ced2cb6e3521d8207719409066db928a,eb27ec04e799ee6d39dee3d66f15128e197811afa8c664295acbdf6444176434,fcd0465eb6241932a845fe5629ca7847ea6bbdf9591f8301b026739e6d34c916,b226b97e0e67288aaaf85726ad855df71cb81406685c57c8e8c40cd8996aa0da,9f211b67968e59dc04e8e31591ad4204114bd6ab,False,"{""VRP-EVRP-Project-Hub"": {""dirty"": false, ""path"": ""/Users/guoyiyang/Documents/GitHub/FURP-2026-Yiyang-GUO-EVRP-TW/reference/VRP-EVRP-Project-Hub"", ""revision"": ""e3a890065105f978187e532642c4442522215e02""}, ""py-ga-VRPTW"": {""dirty"": false, ""path"": ""/Users/guoyiyang/Documents/GitHub/FURP-2026-Yiyang-GUO-EVRP-TW/reference/py-ga-VRPTW"", ""revision"": ""8e005caaaf6471a4505588d88c7f0f5e0d4ebffa""}}",stage02.3_constraint_guided_attempt16 + stage02.3_constraint_guided_rerun09,,preserve;see stage03_legacy_path_map.csv
stage03.0,measurement,stage03.0_measurement_attempt04,attempt04,stage03.0_measurement_attempt04,stage03_measurement_smoke04,smoke,rc101_21,2014,"[""c101C5"", ""r105C5"", ""rc105C5"", ""c101_21"", ""r101_21"", ""rc101_21""]","[2014, 2015, 2016]",raw,verified_legacy,results/stage03.0_measurement_attempt04/rc101_21/2014/stage03.0_measurement_attempt04_raw_rc101_21_2014.json,results/stage03-measurement_smoke04/raw/rc101_21-alns_stage02_constraint_guided-2014.json,feasible,,pass,READY_FOR_STAGE03_FORMAL_MEASUREMENT,not_applicable,pass,103823b64cd6970a8243ce7cb68c41b56f95864159e9efa828559390dc1b1df0,raw_manifest,380c6e5877faec191d00c501af697deb073d861a644b2fb71e106c31a6c4fca6,50ed2d642f7e5ab1c495f9d43526dbc7ced2cb6e3521d8207719409066db928a,272a3e58d53d4ba9516f01506164cf8a9b98bfeeb8dbd1fd62f6557e4c98e3a1,7ddc5b834743e0a9902b47423c276c3927f88bad912d7efe6e596c8a4878057d,b226b97e0e67288aaaf85726ad855df71cb81406685c57c8e8c40cd8996aa0da,9f211b67968e59dc04e8e31591ad4204114bd6ab,False,"{""VRP-EVRP-Project-Hub"": {""dirty"": false, ""path"": ""/Users/guoyiyang/Documents/GitHub/FURP-2026-Yiyang-GUO-EVRP-TW/reference/VRP-EVRP-Project-Hub"", ""revision"": ""e3a890065105f978187e532642c4442522215e02""}, ""py-ga-VRPTW"": {""dirty"": false, ""path"": ""/Users/guoyiyang/Documents/GitHub/FURP-2026-Yiyang-GUO-EVRP-TW/reference/py-ga-VRPTW"", ""revision"": ""8e005caaaf6471a4505588d88c7f0f5e0d4ebffa""}}",stage02.3_constraint_guided_attempt16 + stage02.3_constraint_guided_rerun09,,preserve;see stage03_legacy_path_map.csv
stage03.0,measurement,stage03.0_measurement_attempt04,attempt04,stage03.0_measurement_attempt04,stage03_measurement_smoke04,smoke,rc101_21,2015,"[""c101C5"", ""r105C5"", ""rc105C5"", ""c101_21"", ""r101_21"", ""rc101_21""]","[2014, 2015, 2016]",raw,verified_legacy,results/stage03.0_measurement_attempt04/rc101_21/2015/stage03.0_measurement_attempt04_raw_rc101_21_2015.json,results/stage03-measurement_smoke04/raw/rc101_21-alns_stage02_constraint_guided-2015.json,feasible,,pass,READY_FOR_STAGE03_FORMAL_MEASUREMENT,not_applicable,pass,89eeaa4402cd96f8b13ca8dee7bf2dd275f4327db178dc0a25eca352f4a9f9dd,raw_manifest,380c6e5877faec191d00c501af697deb073d861a644b2fb71e106c31a6c4fca6,50ed2d642f7e5ab1c495f9d43526dbc7ced2cb6e3521d8207719409066db928a,272a3e58d53d4ba9516f01506164cf8a9b98bfeeb8dbd1fd62f6557e4c98e3a1,3e37293d1485d7f220dda548d7ab443f80da87f33ee7955da3098997b0fc910a,b226b97e0e67288aaaf85726ad855df71cb81406685c57c8e8c40cd8996aa0da,9f211b67968e59dc04e8e31591ad4204114bd6ab,False,"{""VRP-EVRP-Project-Hub"": {""dirty"": false, ""path"": ""/Users/guoyiyang/Documents/GitHub/FURP-2026-Yiyang-GUO-EVRP-TW/reference/VRP-EVRP-Project-Hub"", ""revision"": ""e3a890065105f978187e532642c4442522215e02""}, ""py-ga-VRPTW"": {""dirty"": false, ""path"": ""/Users/guoyiyang/Documents/GitHub/FURP-2026-Yiyang-GUO-EVRP-TW/reference/py-ga-VRPTW"", ""revision"": ""8e005caaaf6471a4505588d88c7f0f5e0d4ebffa""}}",stage02.3_constraint_guided_attempt16 + stage02.3_constraint_guided_rerun09,,preserve;see stage03_legacy_path_map.csv
stage03.0,measurement,stage03.0_measurement_attempt04,attempt04,stage03.0_measurement_attempt04,stage03_measurement_smoke04,smoke,rc101_21,2016,"[""c101C5"", ""r105C5"", ""rc105C5"", ""c101_21"", ""r101_21"", ""rc101_21""]","[2014, 2015, 2016]",raw,verified_legacy,results/stage03.0_measurement_attempt04/rc101_21/2016/stage03.0_measurement_attempt04_raw_rc101_21_2016.json,results/stage03-measurement_smoke04/raw/rc101_21-alns_stage02_constraint_guided-2016.json,feasible,,pass,READY_FOR_STAGE03_FORMAL_MEASUREMENT,not_applicable,pass,57621f3b6f421bba6223ea05d43c8ed5a8a2b5ef8efbf9876b33e6d3b2cb3740,raw_manifest,380c6e5877faec191d00c501af697deb073d861a644b2fb71e106c31a6c4fca6,50ed2d642f7e5ab1c495f9d43526dbc7ced2cb6e3521d8207719409066db928a,272a3e58d53d4ba9516f01506164cf8a9b98bfeeb8dbd1fd62f6557e4c98e3a1,c0cd461ab7c4db2e082f293a1499162ddeafc2ced4d8a274bd3d4bca67cf6baf,b226b97e0e67288aaaf85726ad855df71cb81406685c57c8e8c40cd8996aa0da,9f211b67968e59dc04e8e31591ad4204114bd6ab,False,"{""VRP-EVRP-Project-Hub"": {""dirty"": false, ""path"": ""/Users/guoyiyang/Documents/GitHub/FURP-2026-Yiyang-GUO-EVRP-TW/reference/VRP-EVRP-Project-Hub"", ""revision"": ""e3a890065105f978187e532642c4442522215e02""}, ""py-ga-VRPTW"": {""dirty"": false, ""path"": ""/Users/guoyiyang/Documents/GitHub/FURP-2026-Yiyang-GUO-EVRP-TW/reference/py-ga-VRPTW"", ""revision"": ""8e005caaaf6471a4505588d88c7f0f5e0d4ebffa""}}",stage02.3_constraint_guided_attempt16 + stage02.3_constraint_guided_rerun09,,preserve;see stage03_legacy_path_map.csv
stage03.0,measurement,stage03.0_measurement_attempt04,attempt04,stage03.0_measurement_attempt04,stage03_measurement_smoke04,smoke,rc105C5,2014,"[""c101C5"", ""r105C5"", ""rc105C5"", ""c101_21"", ""r101_21"", ""rc101_21""]","[2014, 2015, 2016]",raw,verified_legacy,results/stage03.0_measurement_attempt04/rc105C5/2014/stage03.0_measurement_attempt04_raw_rc105C5_2014.json,results/stage03-measurement_smoke04/raw/rc105C5-alns_stage02_constraint_guided-2014.json,feasible,,pass,READY_FOR_STAGE03_FORMAL_MEASUREMENT,not_applicable,pass,211f396c60cad758fec09e14e2bd1bb5115e70982b653c633e076b1300ed0188,raw_manifest,380c6e5877faec191d00c501af697deb073d861a644b2fb71e106c31a6c4fca6,50ed2d642f7e5ab1c495f9d43526dbc7ced2cb6e3521d8207719409066db928a,2ccfba6c447fa43a994934690acb67c7355ca04d232394907ed6938bc362c643,4e9ad7f905bf0f4279b3978ea0798a784af1b7dab453fd7601e7ceb74b74e1af,b226b97e0e67288aaaf85726ad855df71cb81406685c57c8e8c40cd8996aa0da,9f211b67968e59dc04e8e31591ad4204114bd6ab,False,"{""VRP-EVRP-Project-Hub"": {""dirty"": false, ""path"": ""/Users/guoyiyang/Documents/GitHub/FURP-2026-Yiyang-GUO-EVRP-TW/reference/VRP-EVRP-Project-Hub"", ""revision"": ""e3a890065105f978187e532642c4442522215e02""}, ""py-ga-VRPTW"": {""dirty"": false, ""path"": ""/Users/guoyiyang/Documents/GitHub/FURP-2026-Yiyang-GUO-EVRP-TW/reference/py-ga-VRPTW"", ""revision"": ""8e005caaaf6471a4505588d88c7f0f5e0d4ebffa""}}",stage02.3_constraint_guided_attempt16 + stage02.3_constraint_guided_rerun09,,preserve;see stage03_legacy_path_map.csv
stage03.0,measurement,stage03.0_measurement_attempt04,attempt04,stage03.0_measurement_attempt04,stage03_measurement_smoke04,smoke,rc105C5,2015,"[""c101C5"", ""r105C5"", ""rc105C5"", ""c101_21"", ""r101_21"", ""rc101_21""]","[2014, 2015, 2016]",raw,verified_legacy,results/stage03.0_measurement_attempt04/rc105C5/2015/stage03.0_measurement_attempt04_raw_rc105C5_2015.json,results/stage03-measurement_smoke04/raw/rc105C5-alns_stage02_constraint_guided-2015.json,feasible,,pass,READY_FOR_STAGE03_FORMAL_MEASUREMENT,not_applicable,pass,4893917674fc53e3ad7a04a319ca37edfebe9acd98b34dcf60c88cf5e60d20a8,raw_manifest,380c6e5877faec191d00c501af697deb073d861a644b2fb71e106c31a6c4fca6,50ed2d642f7e5ab1c495f9d43526dbc7ced2cb6e3521d8207719409066db928a,2ccfba6c447fa43a994934690acb67c7355ca04d232394907ed6938bc362c643,b2705b893322aa901c188d536dbf7ffb1d6a9c0b07d4d8ba093546fa9155a701,b226b97e0e67288aaaf85726ad855df71cb81406685c57c8e8c40cd8996aa0da,9f211b67968e59dc04e8e31591ad4204114bd6ab,False,"{""VRP-EVRP-Project-Hub"": {""dirty"": false, ""path"": ""/Users/guoyiyang/Documents/GitHub/FURP-2026-Yiyang-GUO-EVRP-TW/reference/VRP-EVRP-Project-Hub"", ""revision"": ""e3a890065105f978187e532642c4442522215e02""}, ""py-ga-VRPTW"": {""dirty"": false, ""path"": ""/Users/guoyiyang/Documents/GitHub/FURP-2026-Yiyang-GUO-EVRP-TW/reference/py-ga-VRPTW"", ""revision"": ""8e005caaaf6471a4505588d88c7f0f5e0d4ebffa""}}",stage02.3_constraint_guided_attempt16 + stage02.3_constraint_guided_rerun09,,preserve;see stage03_legacy_path_map.csv
stage03.0,measurement,stage03.0_measurement_attempt04,attempt04,stage03.0_measurement_attempt04,stage03_measurement_smoke04,smoke,rc105C5,2016,"[""c101C5"", ""r105C5"", ""rc105C5"", ""c101_21"", ""r101_21"", ""rc101_21""]","[2014, 2015, 2016]",raw,verified_legacy,results/stage03.0_measurement_attempt04/rc105C5/2016/stage03.0_measurement_attempt04_raw_rc105C5_2016.json,results/stage03-measurement_smoke04/raw/rc105C5-alns_stage02_constraint_guided-2016.json,feasible,,pass,READY_FOR_STAGE03_FORMAL_MEASUREMENT,not_applicable,pass,90df3225db6e193acd97f12a2ff0986de441f9348aad9c320661df0845ef752d,raw_manifest,380c6e5877faec191d00c501af697deb073d861a644b2fb71e106c31a6c4fca6,50ed2d642f7e5ab1c495f9d43526dbc7ced2cb6e3521d8207719409066db928a,2ccfba6c447fa43a994934690acb67c7355ca04d232394907ed6938bc362c643,766578bed88811328d7b4bda0e23a5e4bd8c96e78240148c16f3b636a351b541,b226b97e0e67288aaaf85726ad855df71cb81406685c57c8e8c40cd8996aa0da,9f211b67968e59dc04e8e31591ad4204114bd6ab,False,"{""VRP-EVRP-Project-Hub"": {""dirty"": false, ""path"": ""/Users/guoyiyang/Documents/GitHub/FURP-2026-Yiyang-GUO-EVRP-TW/reference/VRP-EVRP-Project-Hub"", ""revision"": ""e3a890065105f978187e532642c4442522215e02""}, ""py-ga-VRPTW"": {""dirty"": false, ""path"": ""/Users/guoyiyang/Documents/GitHub/FURP-2026-Yiyang-GUO-EVRP-TW/reference/py-ga-VRPTW"", ""revision"": ""8e005caaaf6471a4505588d88c7f0f5e0d4ebffa""}}",stage02.3_constraint_guided_attempt16 + stage02.3_constraint_guided_rerun09,,preserve;see stage03_legacy_path_map.csv
stage03.0,measurement,stage03.0_measurement_attempt04,attempt04,stage03.0_measurement_attempt04,stage03_measurement_smoke04,smoke,__all__,__all__,"[""c101C5"", ""r105C5"", ""rc105C5"", ""c101_21"", ""r101_21"", ""rc101_21""]","[2014, 2015, 2016]",raw_per_run_results,verified_legacy,results/stage03.0_measurement_attempt04/all/all/stage03.0_measurement_attempt04_raw_per_run_results.csv,results/stage03-measurement_smoke04/raw_per_run_results.csv,feasible,,pass,READY_FOR_STAGE03_FORMAL_MEASUREMENT,not_applicable,pass,9ca262b7e9aadfa23dcde74d07338cae4b405e51aeed6a4c00c2c399d9004720,raw_manifest,380c6e5877faec191d00c501af697deb073d861a644b2fb71e106c31a6c4fca6,50ed2d642f7e5ab1c495f9d43526dbc7ced2cb6e3521d8207719409066db928a,,,b226b97e0e67288aaaf85726ad855df71cb81406685c57c8e8c40cd8996aa0da,9f211b67968e59dc04e8e31591ad4204114bd6ab,False,"{""VRP-EVRP-Project-Hub"": {""dirty"": false, ""path"": ""/Users/guoyiyang/Documents/GitHub/FURP-2026-Yiyang-GUO-EVRP-TW/reference/VRP-EVRP-Project-Hub"", ""revision"": ""e3a890065105f978187e532642c4442522215e02""}, ""py-ga-VRPTW"": {""dirty"": false, ""path"": ""/Users/guoyiyang/Documents/GitHub/FURP-2026-Yiyang-GUO-EVRP-TW/reference/py-ga-VRPTW"", ""revision"": ""8e005caaaf6471a4505588d88c7f0f5e0d4ebffa""}}",stage02.3_constraint_guided_attempt16 + stage02.3_constraint_guided_rerun09,,preserve;see stage03_legacy_path_map.csv
stage03.0,measurement,stage03.0_measurement_attempt04,attempt04,stage03.0_measurement_attempt04,stage03_measurement_smoke04,smoke,__all__,__all__,"[""c101C5"", ""r105C5"", ""rc105C5"", ""c101_21"", ""r101_21"", ""rc101_21""]","[2014, 2015, 2016]",baseline_comparison,verified_legacy,results/stage03.0_measurement_attempt04/review/stage03.0_measurement_attempt04_baseline_comparison.csv,results/stage03-measurement_smoke04/review/baseline_comparison.csv,feasible,,pass,READY_FOR_STAGE03_FORMAL_MEASUREMENT,not_applicable,pass,2a6a0297f0dc33b291319571129e71982dfa8221abf5138a83e74ed97f9c3b01,review_manifest,380c6e5877faec191d00c501af697deb073d861a644b2fb71e106c31a6c4fca6,50ed2d642f7e5ab1c495f9d43526dbc7ced2cb6e3521d8207719409066db928a,,,b226b97e0e67288aaaf85726ad855df71cb81406685c57c8e8c40cd8996aa0da,9f211b67968e59dc04e8e31591ad4204114bd6ab,False,"{""VRP-EVRP-Project-Hub"": {""dirty"": false, ""path"": ""/Users/guoyiyang/Documents/GitHub/FURP-2026-Yiyang-GUO-EVRP-TW/reference/VRP-EVRP-Project-Hub"", ""revision"": ""e3a890065105f978187e532642c4442522215e02""}, ""py-ga-VRPTW"": {""dirty"": false, ""path"": ""/Users/guoyiyang/Documents/GitHub/FURP-2026-Yiyang-GUO-EVRP-TW/reference/py-ga-VRPTW"", ""revision"": ""8e005caaaf6471a4505588d88c7f0f5e0d4ebffa""}}",stage02.3_constraint_guided_attempt16 + stage02.3_constraint_guided_rerun09,,preserve;see stage03_legacy_path_map.csv
stage03.0,measurement,stage03.0_measurement_attempt04,attempt04,stage03.0_measurement_attempt04,stage03_measurement_smoke04,smoke,__all__,__all__,"[""c101C5"", ""r105C5"", ""rc105C5"", ""c101_21"", ""r101_21"", ""rc101_21""]","[2014, 2015, 2016]",deadline_report,verified_legacy,results/stage03.0_measurement_attempt04/review/stage03.0_measurement_attempt04_deadline_report.csv,results/stage03-measurement_smoke04/review/deadline_report.csv,feasible,,pass,READY_FOR_STAGE03_FORMAL_MEASUREMENT,not_applicable,pass,d06483cc1e191db1e2d15c27d2887fe6adbaa6c1933538e78add56e86f4c6065,review_manifest,380c6e5877faec191d00c501af697deb073d861a644b2fb71e106c31a6c4fca6,50ed2d642f7e5ab1c495f9d43526dbc7ced2cb6e3521d8207719409066db928a,,,b226b97e0e67288aaaf85726ad855df71cb81406685c57c8e8c40cd8996aa0da,9f211b67968e59dc04e8e31591ad4204114bd6ab,False,"{""VRP-EVRP-Project-Hub"": {""dirty"": false, ""path"": ""/Users/guoyiyang/Documents/GitHub/FURP-2026-Yiyang-GUO-EVRP-TW/reference/VRP-EVRP-Project-Hub"", ""revision"": ""e3a890065105f978187e532642c4442522215e02""}, ""py-ga-VRPTW"": {""dirty"": false, ""path"": ""/Users/guoyiyang/Documents/GitHub/FURP-2026-Yiyang-GUO-EVRP-TW/reference/py-ga-VRPTW"", ""revision"": ""8e005caaaf6471a4505588d88c7f0f5e0d4ebffa""}}",stage02.3_constraint_guided_attempt16 + stage02.3_constraint_guided_rerun09,,preserve;see stage03_legacy_path_map.csv
stage03.0,measurement,stage03.0_measurement_attempt04,attempt04,stage03.0_measurement_attempt04,stage03_measurement_smoke04,smoke,__all__,__all__,"[""c101C5"", ""r105C5"", ""rc105C5"", ""c101_21"", ""r101_21"", ""rc101_21""]","[2014, 2015, 2016]",recomputed_per_run_results,verified_legacy,results/stage03.0_measurement_attempt04/review/stage03.0_measurement_attempt04_recomputed_per_run_results.csv,results/stage03-measurement_smoke04/review/recomputed_per_run_results.csv,feasible,,pass,READY_FOR_STAGE03_FORMAL_MEASUREMENT,not_applicable,pass,5badc82528a33d0dd538404ac328658fef5e2ed1b5ec664ce948414ed93f8b74,review_manifest,380c6e5877faec191d00c501af697deb073d861a644b2fb71e106c31a6c4fca6,50ed2d642f7e5ab1c495f9d43526dbc7ced2cb6e3521d8207719409066db928a,,,b226b97e0e67288aaaf85726ad855df71cb81406685c57c8e8c40cd8996aa0da,9f211b67968e59dc04e8e31591ad4204114bd6ab,False,"{""VRP-EVRP-Project-Hub"": {""dirty"": false, ""path"": ""/Users/guoyiyang/Documents/GitHub/FURP-2026-Yiyang-GUO-EVRP-TW/reference/VRP-EVRP-Project-Hub"", ""revision"": ""e3a890065105f978187e532642c4442522215e02""}, ""py-ga-VRPTW"": {""dirty"": false, ""path"": ""/Users/guoyiyang/Documents/GitHub/FURP-2026-Yiyang-GUO-EVRP-TW/reference/py-ga-VRPTW"", ""revision"": ""8e005caaaf6471a4505588d88c7f0f5e0d4ebffa""}}",stage02.3_constraint_guided_attempt16 + stage02.3_constraint_guided_rerun09,,preserve;see stage03_legacy_path_map.csv
stage03.0,measurement,stage03.0_measurement_attempt04,attempt04,stage03.0_measurement_attempt04,stage03_measurement_smoke04,smoke,__all__,__all__,"[""c101C5"", ""r105C5"", ""rc105C5"", ""c101_21"", ""r101_21"", ""rc101_21""]","[2014, 2015, 2016]",review_findings,verified_legacy,results/stage03.0_measurement_attempt04/review/stage03.0_measurement_attempt04_review_findings.csv,results/stage03-measurement_smoke04/review/review_findings.csv,feasible,,pass,READY_FOR_STAGE03_FORMAL_MEASUREMENT,not_applicable,pass,fad3d77c14514b5cf1d24aa9549120b499535a76aad2483eae60918181243607,review_manifest,380c6e5877faec191d00c501af697deb073d861a644b2fb71e106c31a6c4fca6,50ed2d642f7e5ab1c495f9d43526dbc7ced2cb6e3521d8207719409066db928a,,,b226b97e0e67288aaaf85726ad855df71cb81406685c57c8e8c40cd8996aa0da,9f211b67968e59dc04e8e31591ad4204114bd6ab,False,"{""VRP-EVRP-Project-Hub"": {""dirty"": false, ""path"": ""/Users/guoyiyang/Documents/GitHub/FURP-2026-Yiyang-GUO-EVRP-TW/reference/VRP-EVRP-Project-Hub"", ""revision"": ""e3a890065105f978187e532642c4442522215e02""}, ""py-ga-VRPTW"": {""dirty"": false, ""path"": ""/Users/guoyiyang/Documents/GitHub/FURP-2026-Yiyang-GUO-EVRP-TW/reference/py-ga-VRPTW"", ""revision"": ""8e005caaaf6471a4505588d88c7f0f5e0d4ebffa""}}",stage02.3_constraint_guided_attempt16 + stage02.3_constraint_guided_rerun09,,preserve;see stage03_legacy_path_map.csv
stage03.0,measurement,stage03.0_measurement_attempt04,attempt04,stage03.0_measurement_attempt04,stage03_measurement_smoke04,smoke,__all__,__all__,"[""c101C5"", ""r105C5"", ""rc105C5"", ""c101_21"", ""r101_21"", ""rc101_21""]","[2014, 2015, 2016]",manifest,verified_legacy,results/stage03.0_measurement_attempt04/review/stage03.0_measurement_attempt04_manifest.json,results/stage03-measurement_smoke04/review/review_manifest.json,feasible,,pass,READY_FOR_STAGE03_FORMAL_MEASUREMENT,not_applicable,pass,1b3288796499035d4b6bcdbc27b0e2f40b2f177be339222912f4ad5dbf0c42ff,computed,380c6e5877faec191d00c501af697deb073d861a644b2fb71e106c31a6c4fca6,50ed2d642f7e5ab1c495f9d43526dbc7ced2cb6e3521d8207719409066db928a,,,b226b97e0e67288aaaf85726ad855df71cb81406685c57c8e8c40cd8996aa0da,9f211b67968e59dc04e8e31591ad4204114bd6ab,False,"{""VRP-EVRP-Project-Hub"": {""dirty"": false, ""path"": ""/Users/guoyiyang/Documents/GitHub/FURP-2026-Yiyang-GUO-EVRP-TW/reference/VRP-EVRP-Project-Hub"", ""revision"": ""e3a890065105f978187e532642c4442522215e02""}, ""py-ga-VRPTW"": {""dirty"": false, ""path"": ""/Users/guoyiyang/Documents/GitHub/FURP-2026-Yiyang-GUO-EVRP-TW/reference/py-ga-VRPTW"", ""revision"": ""8e005caaaf6471a4505588d88c7f0f5e0d4ebffa""}}",stage02.3_constraint_guided_attempt16 + stage02.3_constraint_guided_rerun09,,preserve;see stage03_legacy_path_map.csv
stage03.0,measurement,stage03.0_measurement_attempt04,attempt04,stage03.0_measurement_attempt04,stage03_measurement_smoke04,smoke,__all__,__all__,"[""c101C5"", ""r105C5"", ""rc105C5"", ""c101_21"", ""r101_21"", ""rc101_21""]","[2014, 2015, 2016]",review_report,verified_legacy,results/stage03.0_measurement_attempt04/review/stage03.0_measurement_attempt04_review_report.md,results/stage03-measurement_smoke04/review/review_report.md,feasible,,pass,READY_FOR_STAGE03_FORMAL_MEASUREMENT,not_applicable,pass,4e225b894574ebe42c023e2628f95ae774d68941406b11df3e5af5f301f795cc,review_manifest,380c6e5877faec191d00c501af697deb073d861a644b2fb71e106c31a6c4fca6,50ed2d642f7e5ab1c495f9d43526dbc7ced2cb6e3521d8207719409066db928a,,,b226b97e0e67288aaaf85726ad855df71cb81406685c57c8e8c40cd8996aa0da,9f211b67968e59dc04e8e31591ad4204114bd6ab,False,"{""VRP-EVRP-Project-Hub"": {""dirty"": false, ""path"": ""/Users/guoyiyang/Documents/GitHub/FURP-2026-Yiyang-GUO-EVRP-TW/reference/VRP-EVRP-Project-Hub"", ""revision"": ""e3a890065105f978187e532642c4442522215e02""}, ""py-ga-VRPTW"": {""dirty"": false, ""path"": ""/Users/guoyiyang/Documents/GitHub/FURP-2026-Yiyang-GUO-EVRP-TW/reference/py-ga-VRPTW"", ""revision"": ""8e005caaaf6471a4505588d88c7f0f5e0d4ebffa""}}",stage02.3_constraint_guided_attempt16 + stage02.3_constraint_guided_rerun09,,preserve;see stage03_legacy_path_map.csv
stage03.0,measurement,stage03.0_measurement_attempt04,attempt04,stage03.0_measurement_attempt04,stage03_measurement_smoke04,smoke,__all__,__all__,"[""c101C5"", ""r105C5"", ""rc105C5"", ""c101_21"", ""r101_21"", ""rc101_21""]","[2014, 2015, 2016]",stage03_readiness,verified_legacy,results/stage03.0_measurement_attempt04/review/stage03.0_measurement_attempt04_stage03_readiness.csv,results/stage03-measurement_smoke04/review/stage03_readiness.csv,feasible,,pass,READY_FOR_STAGE03_FORMAL_MEASUREMENT,not_applicable,pass,2a2b296ce1b2c4badd2c697ca0af784c25f0f54c06ade717744e29165c71b5a1,review_manifest,380c6e5877faec191d00c501af697deb073d861a644b2fb71e106c31a6c4fca6,50ed2d642f7e5ab1c495f9d43526dbc7ced2cb6e3521d8207719409066db928a,,,b226b97e0e67288aaaf85726ad855df71cb81406685c57c8e8c40cd8996aa0da,9f211b67968e59dc04e8e31591ad4204114bd6ab,False,"{""VRP-EVRP-Project-Hub"": {""dirty"": false, ""path"": ""/Users/guoyiyang/Documents/GitHub/FURP-2026-Yiyang-GUO-EVRP-TW/reference/VRP-EVRP-Project-Hub"", ""revision"": ""e3a890065105f978187e532642c4442522215e02""}, ""py-ga-VRPTW"": {""dirty"": false, ""path"": ""/Users/guoyiyang/Documents/GitHub/FURP-2026-Yiyang-GUO-EVRP-TW/reference/py-ga-VRPTW"", ""revision"": ""8e005caaaf6471a4505588d88c7f0f5e0d4ebffa""}}",stage02.3_constraint_guided_attempt16 + stage02.3_constraint_guided_rerun09,,preserve;see stage03_legacy_path_map.csv
stage03.0,measurement,stage03.0_measurement_attempt04,attempt04,stage03.0_measurement_attempt04,stage03_measurement_smoke04,smoke,__all__,__all__,"[""c101C5"", ""r105C5"", ""rc105C5"", ""c101_21"", ""r101_21"", ""rc101_21""]","[2014, 2015, 2016]",summary_results,verified_legacy,results/stage03.0_measurement_attempt04/review/stage03.0_measurement_attempt04_summary_results.csv,results/stage03-measurement_smoke04/review/summary_results.csv,feasible,,pass,READY_FOR_STAGE03_FORMAL_MEASUREMENT,not_applicable,pass,2b5e62ba8048eeaa4c876284123f430e330465943c20dfbc27fcd4b12c0d5b86,review_manifest,380c6e5877faec191d00c501af697deb073d861a644b2fb71e106c31a6c4fca6,50ed2d642f7e5ab1c495f9d43526dbc7ced2cb6e3521d8207719409066db928a,,,b226b97e0e67288aaaf85726ad855df71cb81406685c57c8e8c40cd8996aa0da,9f211b67968e59dc04e8e31591ad4204114bd6ab,False,"{""VRP-EVRP-Project-Hub"": {""dirty"": false, ""path"": ""/Users/guoyiyang/Documents/GitHub/FURP-2026-Yiyang-GUO-EVRP-TW/reference/VRP-EVRP-Project-Hub"", ""revision"": ""e3a890065105f978187e532642c4442522215e02""}, ""py-ga-VRPTW"": {""dirty"": false, ""path"": ""/Users/guoyiyang/Documents/GitHub/FURP-2026-Yiyang-GUO-EVRP-TW/reference/py-ga-VRPTW"", ""revision"": ""8e005caaaf6471a4505588d88c7f0f5e0d4ebffa""}}",stage02.3_constraint_guided_attempt16 + stage02.3_constraint_guided_rerun09,,preserve;see stage03_legacy_path_map.csv
stage03.0,measurement,stage03.0_measurement_attempt04,attempt04,stage03.0_measurement_attempt04,stage03_measurement_smoke04,smoke,__all__,__all__,"[""c101C5"", ""r105C5"", ""rc105C5"", ""c101_21"", ""r101_21"", ""rc101_21""]","[2014, 2015, 2016]",trace_reconciliation,verified_legacy,results/stage03.0_measurement_attempt04/review/stage03.0_measurement_attempt04_trace_reconciliation.csv,results/stage03-measurement_smoke04/review/trace_reconciliation.csv,feasible,,pass,READY_FOR_STAGE03_FORMAL_MEASUREMENT,not_applicable,pass,5099c4e19b8319529c289fbd3239ad1f897979a2cfcf285c5c6ce3f3d037bc0c,review_manifest,380c6e5877faec191d00c501af697deb073d861a644b2fb71e106c31a6c4fca6,50ed2d642f7e5ab1c495f9d43526dbc7ced2cb6e3521d8207719409066db928a,,,b226b97e0e67288aaaf85726ad855df71cb81406685c57c8e8c40cd8996aa0da,9f211b67968e59dc04e8e31591ad4204114bd6ab,False,"{""VRP-EVRP-Project-Hub"": {""dirty"": false, ""path"": ""/Users/guoyiyang/Documents/GitHub/FURP-2026-Yiyang-GUO-EVRP-TW/reference/VRP-EVRP-Project-Hub"", ""revision"": ""e3a890065105f978187e532642c4442522215e02""}, ""py-ga-VRPTW"": {""dirty"": false, ""path"": ""/Users/guoyiyang/Documents/GitHub/FURP-2026-Yiyang-GUO-EVRP-TW/reference/py-ga-VRPTW"", ""revision"": ""8e005caaaf6471a4505588d88c7f0f5e0d4ebffa""}}",stage02.3_constraint_guided_attempt16 + stage02.3_constraint_guided_rerun09,,preserve;see stage03_legacy_path_map.csv
stage03.0,measurement,stage03.0_measurement_attempt04,attempt04,stage03.0_measurement_attempt04,stage03_measurement_smoke04,smoke,__all__,__all__,"[""c101C5"", ""r105C5"", ""rc105C5"", ""c101_21"", ""r101_21"", ""rc101_21""]","[2014, 2015, 2016]",manifest_metadata,verified_legacy,results/stage03.0_measurement_attempt04/control/stage03.0_measurement_attempt04_manifest_metadata.json,results/stage03-measurement_smoke04/run_metadata.json,feasible,,pass,READY_FOR_STAGE03_FORMAL_MEASUREMENT,not_applicable,pass,c6c97fa0bb237dcc145b89f4c3ba04bc21229990562df6aed852458452fb4f28,raw_manifest,380c6e5877faec191d00c501af697deb073d861a644b2fb71e106c31a6c4fca6,50ed2d642f7e5ab1c495f9d43526dbc7ced2cb6e3521d8207719409066db928a,,,b226b97e0e67288aaaf85726ad855df71cb81406685c57c8e8c40cd8996aa0da,9f211b67968e59dc04e8e31591ad4204114bd6ab,False,"{""VRP-EVRP-Project-Hub"": {""dirty"": false, ""path"": ""/Users/guoyiyang/Documents/GitHub/FURP-2026-Yiyang-GUO-EVRP-TW/reference/VRP-EVRP-Project-Hub"", ""revision"": ""e3a890065105f978187e532642c4442522215e02""}, ""py-ga-VRPTW"": {""dirty"": false, ""path"": ""/Users/guoyiyang/Documents/GitHub/FURP-2026-Yiyang-GUO-EVRP-TW/reference/py-ga-VRPTW"", ""revision"": ""8e005caaaf6471a4505588d88c7f0f5e0d4ebffa""}}",stage02.3_constraint_guided_attempt16 + stage02.3_constraint_guided_rerun09,,preserve;see stage03_legacy_path_map.csv
stage03.0,measurement,stage03.0_measurement_attempt04,attempt04,stage03.0_measurement_attempt04,stage03_measurement_smoke04,smoke,c101C5,2014,"[""c101C5"", ""r105C5"", ""rc105C5"", ""c101_21"", ""r101_21"", ""rc101_21""]","[2014, 2015, 2016]",solution,verified_legacy,results/stage03.0_measurement_attempt04/c101C5/2014/stage03.0_measurement_attempt04_solution_c101C5_2014.json,results/stage03-measurement_smoke04/solutions/c101C5-alns_stage02_constraint_guided-2014.json,feasible,,pass,READY_FOR_STAGE03_FORMAL_MEASUREMENT,not_applicable,pass,9bc8fee0911b09e57f4c1760425edda3cc71aa25ca5ca403fe05e225b211d7d0,raw_manifest,380c6e5877faec191d00c501af697deb073d861a644b2fb71e106c31a6c4fca6,50ed2d642f7e5ab1c495f9d43526dbc7ced2cb6e3521d8207719409066db928a,8612d6d9aad051776097a5e50c7408f39352b8107b0639d58e5eda713f9ff876,3e80831db18b25dd8b58d9e18252a1fe67164b4942d45325369c97759e0781f0,b226b97e0e67288aaaf85726ad855df71cb81406685c57c8e8c40cd8996aa0da,9f211b67968e59dc04e8e31591ad4204114bd6ab,False,"{""VRP-EVRP-Project-Hub"": {""dirty"": false, ""path"": ""/Users/guoyiyang/Documents/GitHub/FURP-2026-Yiyang-GUO-EVRP-TW/reference/VRP-EVRP-Project-Hub"", ""revision"": ""e3a890065105f978187e532642c4442522215e02""}, ""py-ga-VRPTW"": {""dirty"": false, ""path"": ""/Users/guoyiyang/Documents/GitHub/FURP-2026-Yiyang-GUO-EVRP-TW/reference/py-ga-VRPTW"", ""revision"": ""8e005caaaf6471a4505588d88c7f0f5e0d4ebffa""}}",stage02.3_constraint_guided_attempt16 + stage02.3_constraint_guided_rerun09,,preserve;see stage03_legacy_path_map.csv
stage03.0,measurement,stage03.0_measurement_attempt04,attempt04,stage03.0_measurement_attempt04,stage03_measurement_smoke04,smoke,c101C5,2015,"[""c101C5"", ""r105C5"", ""rc105C5"", ""c101_21"", ""r101_21"", ""rc101_21""]","[2014, 2015, 2016]",solution,verified_legacy,results/stage03.0_measurement_attempt04/c101C5/2015/stage03.0_measurement_attempt04_solution_c101C5_2015.json,results/stage03-measurement_smoke04/solutions/c101C5-alns_stage02_constraint_guided-2015.json,feasible,,pass,READY_FOR_STAGE03_FORMAL_MEASUREMENT,not_applicable,pass,b1855d6e454679257dcdf716439c863951f9a787db170ef0e33534d15ccfb467,raw_manifest,380c6e5877faec191d00c501af697deb073d861a644b2fb71e106c31a6c4fca6,50ed2d642f7e5ab1c495f9d43526dbc7ced2cb6e3521d8207719409066db928a,8612d6d9aad051776097a5e50c7408f39352b8107b0639d58e5eda713f9ff876,785b0fbde8c4b8a9ef3967509d3febedd851bea045eb60c2cdaff256bea6f1f2,b226b97e0e67288aaaf85726ad855df71cb81406685c57c8e8c40cd8996aa0da,9f211b67968e59dc04e8e31591ad4204114bd6ab,False,"{""VRP-EVRP-Project-Hub"": {""dirty"": false, ""path"": ""/Users/guoyiyang/Documents/GitHub/FURP-2026-Yiyang-GUO-EVRP-TW/reference/VRP-EVRP-Project-Hub"", ""revision"": ""e3a890065105f978187e532642c4442522215e02""}, ""py-ga-VRPTW"": {""dirty"": false, ""path"": ""/Users/guoyiyang/Documents/GitHub/FURP-2026-Yiyang-GUO-EVRP-TW/reference/py-ga-VRPTW"", ""revision"": ""8e005caaaf6471a4505588d88c7f0f5e0d4ebffa""}}",stage02.3_constraint_guided_attempt16 + stage02.3_constraint_guided_rerun09,,preserve;see stage03_legacy_path_map.csv
stage03.0,measurement,stage03.0_measurement_attempt04,attempt04,stage03.0_measurement_attempt04,stage03_measurement_smoke04,smoke,c101C5,2016,"[""c101C5"", ""r105C5"", ""rc105C5"", ""c101_21"", ""r101_21"", ""rc101_21""]","[2014, 2015, 2016]",solution,verified_legacy,results/stage03.0_measurement_attempt04/c101C5/2016/stage03.0_measurement_attempt04_solution_c101C5_2016.json,results/stage03-measurement_smoke04/solutions/c101C5-alns_stage02_constraint_guided-2016.json,feasible,,pass,READY_FOR_STAGE03_FORMAL_MEASUREMENT,not_applicable,pass,f51c31019783882711b0321089a25ed837ee0dcece584f9264c1fe160ea9f5b1,raw_manifest,380c6e5877faec191d00c501af697deb073d861a644b2fb71e106c31a6c4fca6,50ed2d642f7e5ab1c495f9d43526dbc7ced2cb6e3521d8207719409066db928a,8612d6d9aad051776097a5e50c7408f39352b8107b0639d58e5eda713f9ff876,8e154d7ff2aa959d977b2fe85be8eb7d448836560c514feaddd55fc0d01df546,b226b97e0e67288aaaf85726ad855df71cb81406685c57c8e8c40cd8996aa0da,9f211b67968e59dc04e8e31591ad4204114bd6ab,False,"{""VRP-EVRP-Project-Hub"": {""dirty"": false, ""path"": ""/Users/guoyiyang/Documents/GitHub/FURP-2026-Yiyang-GUO-EVRP-TW/reference/VRP-EVRP-Project-Hub"", ""revision"": ""e3a890065105f978187e532642c4442522215e02""}, ""py-ga-VRPTW"": {""dirty"": false, ""path"": ""/Users/guoyiyang/Documents/GitHub/FURP-2026-Yiyang-GUO-EVRP-TW/reference/py-ga-VRPTW"", ""revision"": ""8e005caaaf6471a4505588d88c7f0f5e0d4ebffa""}}",stage02.3_constraint_guided_attempt16 + stage02.3_constraint_guided_rerun09,,preserve;see stage03_legacy_path_map.csv
stage03.0,measurement,stage03.0_measurement_attempt04,attempt04,stage03.0_measurement_attempt04,stage03_measurement_smoke04,smoke,c101_21,2014,"[""c101C5"", ""r105C5"", ""rc105C5"", ""c101_21"", ""r101_21"", ""rc101_21""]","[2014, 2015, 2016]",solution,verified_legacy,results/stage03.0_measurement_attempt04/c101_21/2014/stage03.0_measurement_attempt04_solution_c101_21_2014.json,results/stage03-measurement_smoke04/solutions/c101_21-alns_stage02_constraint_guided-2014.json,feasible,,pass,READY_FOR_STAGE03_FORMAL_MEASUREMENT,not_applicable,pass,bfbebb5e3fba341e978d9498dc7826048950b3d058fa159e702be9e1832347c4,raw_manifest,380c6e5877faec191d00c501af697deb073d861a644b2fb71e106c31a6c4fca6,50ed2d642f7e5ab1c495f9d43526dbc7ced2cb6e3521d8207719409066db928a,c5cda6ca63a7d518902cf4b02d98b4aa0f373aaa0658d5c666d1c46d38871cb9,5a97fbe35823682bc67553abbb9e466c7af5906a32a39eb2aafa6c142468fa4c,b226b97e0e67288aaaf85726ad855df71cb81406685c57c8e8c40cd8996aa0da,9f211b67968e59dc04e8e31591ad4204114bd6ab,False,"{""VRP-EVRP-Project-Hub"": {""dirty"": false, ""path"": ""/Users/guoyiyang/Documents/GitHub/FURP-2026-Yiyang-GUO-EVRP-TW/reference/VRP-EVRP-Project-Hub"", ""revision"": ""e3a890065105f978187e532642c4442522215e02""}, ""py-ga-VRPTW"": {""dirty"": false, ""path"": ""/Users/guoyiyang/Documents/GitHub/FURP-2026-Yiyang-GUO-EVRP-TW/reference/py-ga-VRPTW"", ""revision"": ""8e005caaaf6471a4505588d88c7f0f5e0d4ebffa""}}",stage02.3_constraint_guided_attempt16 + stage02.3_constraint_guided_rerun09,,preserve;see stage03_legacy_path_map.csv
stage03.0,measurement,stage03.0_measurement_attempt04,attempt04,stage03.0_measurement_attempt04,stage03_measurement_smoke04,smoke,c101_21,2015,"[""c101C5"", ""r105C5"", ""rc105C5"", ""c101_21"", ""r101_21"", ""rc101_21""]","[2014, 2015, 2016]",solution,verified_legacy,results/stage03.0_measurement_attempt04/c101_21/2015/stage03.0_measurement_attempt04_solution_c101_21_2015.json,results/stage03-measurement_smoke04/solutions/c101_21-alns_stage02_constraint_guided-2015.json,feasible,,pass,READY_FOR_STAGE03_FORMAL_MEASUREMENT,not_applicable,pass,89c49bdd2e8cc8070049c67b15872e39f34bb34e4b34893b07ab8d2d6b213208,raw_manifest,380c6e5877faec191d00c501af697deb073d861a644b2fb71e106c31a6c4fca6,50ed2d642f7e5ab1c495f9d43526dbc7ced2cb6e3521d8207719409066db928a,c5cda6ca63a7d518902cf4b02d98b4aa0f373aaa0658d5c666d1c46d38871cb9,f3134e49dbf12e2772044aea805defa908beacef6047dfad9ad8a33a33cec9fb,b226b97e0e67288aaaf85726ad855df71cb81406685c57c8e8c40cd8996aa0da,9f211b67968e59dc04e8e31591ad4204114bd6ab,False,"{""VRP-EVRP-Project-Hub"": {""dirty"": false, ""path"": ""/Users/guoyiyang/Documents/GitHub/FURP-2026-Yiyang-GUO-EVRP-TW/reference/VRP-EVRP-Project-Hub"", ""revision"": ""e3a890065105f978187e532642c4442522215e02""}, ""py-ga-VRPTW"": {""dirty"": false, ""path"": ""/Users/guoyiyang/Documents/GitHub/FURP-2026-Yiyang-GUO-EVRP-TW/reference/py-ga-VRPTW"", ""revision"": ""8e005caaaf6471a4505588d88c7f0f5e0d4ebffa""}}",stage02.3_constraint_guided_attempt16 + stage02.3_constraint_guided_rerun09,,preserve;see stage03_legacy_path_map.csv
stage03.0,measurement,stage03.0_measurement_attempt04,attempt04,stage03.0_measurement_attempt04,stage03_measurement_smoke04,smoke,c101_21,2016,"[""c101C5"", ""r105C5"", ""rc105C5"", ""c101_21"", ""r101_21"", ""rc101_21""]","[2014, 2015, 2016]",solution,verified_legacy,results/stage03.0_measurement_attempt04/c101_21/2016/stage03.0_measurement_attempt04_solution_c101_21_2016.json,results/stage03-measurement_smoke04/solutions/c101_21-alns_stage02_constraint_guided-2016.json,feasible,,pass,READY_FOR_STAGE03_FORMAL_MEASUREMENT,not_applicable,pass,bb81a5428e7df7d06b4651d35ec399223c9a5b9d76dafb3577158755a4b13a55,raw_manifest,380c6e5877faec191d00c501af697deb073d861a644b2fb71e106c31a6c4fca6,50ed2d642f7e5ab1c495f9d43526dbc7ced2cb6e3521d8207719409066db928a,c5cda6ca63a7d518902cf4b02d98b4aa0f373aaa0658d5c666d1c46d38871cb9,ab6aaee600087b3852ee46f7d477ad4f864de18eae5badbb5ab9cc8be95bbcea,b226b97e0e67288aaaf85726ad855df71cb81406685c57c8e8c40cd8996aa0da,9f211b67968e59dc04e8e31591ad4204114bd6ab,False,"{""VRP-EVRP-Project-Hub"": {""dirty"": false, ""path"": ""/Users/guoyiyang/Documents/GitHub/FURP-2026-Yiyang-GUO-EVRP-TW/reference/VRP-EVRP-Project-Hub"", ""revision"": ""e3a890065105f978187e532642c4442522215e02""}, ""py-ga-VRPTW"": {""dirty"": false, ""path"": ""/Users/guoyiyang/Documents/GitHub/FURP-2026-Yiyang-GUO-EVRP-TW/reference/py-ga-VRPTW"", ""revision"": ""8e005caaaf6471a4505588d88c7f0f5e0d4ebffa""}}",stage02.3_constraint_guided_attempt16 + stage02.3_constraint_guided_rerun09,,preserve;see stage03_legacy_path_map.csv
stage03.0,measurement,stage03.0_measurement_attempt04,attempt04,stage03.0_measurement_attempt04,stage03_measurement_smoke04,smoke,r101_21,2014,"[""c101C5"", ""r105C5"", ""rc105C5"", ""c101_21"", ""r101_21"", ""rc101_21""]","[2014, 2015, 2016]",solution,verified_legacy,results/stage03.0_measurement_attempt04/r101_21/2014/stage03.0_measurement_attempt04_solution_r101_21_2014.json,results/stage03-measurement_smoke04/solutions/r101_21-alns_stage02_constraint_guided-2014.json,feasible,,pass,READY_FOR_STAGE03_FORMAL_MEASUREMENT,not_applicable,pass,66a7376d256d974ec8840b3b6695b5b54e0f7e4f690d384332bdc6ecab36db2e,raw_manifest,380c6e5877faec191d00c501af697deb073d861a644b2fb71e106c31a6c4fca6,50ed2d642f7e5ab1c495f9d43526dbc7ced2cb6e3521d8207719409066db928a,0e5a3dffffbd3c516b528ef32ba1a488b817d2f151fc3e8c81023814de1c103a,176365cb3d76d3c3bab2bdd2cbd7ac36e1f135806f5d0d53aece14bcfbc82281,b226b97e0e67288aaaf85726ad855df71cb81406685c57c8e8c40cd8996aa0da,9f211b67968e59dc04e8e31591ad4204114bd6ab,False,"{""VRP-EVRP-Project-Hub"": {""dirty"": false, ""path"": ""/Users/guoyiyang/Documents/GitHub/FURP-2026-Yiyang-GUO-EVRP-TW/reference/VRP-EVRP-Project-Hub"", ""revision"": ""e3a890065105f978187e532642c4442522215e02""}, ""py-ga-VRPTW"": {""dirty"": false, ""path"": ""/Users/guoyiyang/Documents/GitHub/FURP-2026-Yiyang-GUO-EVRP-TW/reference/py-ga-VRPTW"", ""revision"": ""8e005caaaf6471a4505588d88c7f0f5e0d4ebffa""}}",stage02.3_constraint_guided_attempt16 + stage02.3_constraint_guided_rerun09,,preserve;see stage03_legacy_path_map.csv
stage03.0,measurement,stage03.0_measurement_attempt04,attempt04,stage03.0_measurement_attempt04,stage03_measurement_smoke04,smoke,r101_21,2015,"[""c101C5"", ""r105C5"", ""rc105C5"", ""c101_21"", ""r101_21"", ""rc101_21""]","[2014, 2015, 2016]",solution,verified_legacy,results/stage03.0_measurement_attempt04/r101_21/2015/stage03.0_measurement_attempt04_solution_r101_21_2015.json,results/stage03-measurement_smoke04/solutions/r101_21-alns_stage02_constraint_guided-2015.json,feasible,,pass,READY_FOR_STAGE03_FORMAL_MEASUREMENT,not_applicable,pass,012a3a681c55bb71f849ac74d36c328677aab20e7289e358fa4a0cf5ee1054ae,raw_manifest,380c6e5877faec191d00c501af697deb073d861a644b2fb71e106c31a6c4fca6,50ed2d642f7e5ab1c495f9d43526dbc7ced2cb6e3521d8207719409066db928a,0e5a3dffffbd3c516b528ef32ba1a488b817d2f151fc3e8c81023814de1c103a,72d59cf54cbb6cc9d931b1072093b6124ec6411a491b0eca81a1eeebe8251536,b226b97e0e67288aaaf85726ad855df71cb81406685c57c8e8c40cd8996aa0da,9f211b67968e59dc04e8e31591ad4204114bd6ab,False,"{""VRP-EVRP-Project-Hub"": {""dirty"": false, ""path"": ""/Users/guoyiyang/Documents/GitHub/FURP-2026-Yiyang-GUO-EVRP-TW/reference/VRP-EVRP-Project-Hub"", ""revision"": ""e3a890065105f978187e532642c4442522215e02""}, ""py-ga-VRPTW"": {""dirty"": false, ""path"": ""/Users/guoyiyang/Documents/GitHub/FURP-2026-Yiyang-GUO-EVRP-TW/reference/py-ga-VRPTW"", ""revision"": ""8e005caaaf6471a4505588d88c7f0f5e0d4ebffa""}}",stage02.3_constraint_guided_attempt16 + stage02.3_constraint_guided_rerun09,,preserve;see stage03_legacy_path_map.csv
stage03.0,measurement,stage03.0_measurement_attempt04,attempt04,stage03.0_measurement_attempt04,stage03_measurement_smoke04,smoke,r101_21,2016,"[""c101C5"", ""r105C5"", ""rc105C5"", ""c101_21"", ""r101_21"", ""rc101_21""]","[2014, 2015, 2016]",solution,verified_legacy,results/stage03.0_measurement_attempt04/r101_21/2016/stage03.0_measurement_attempt04_solution_r101_21_2016.json,results/stage03-measurement_smoke04/solutions/r101_21-alns_stage02_constraint_guided-2016.json,feasible,,pass,READY_FOR_STAGE03_FORMAL_MEASUREMENT,not_applicable,pass,0d7654fffa035a8695c6ffeece353ee6cae3252e72cc16b91d8ede8f6b552f92,raw_manifest,380c6e5877faec191d00c501af697deb073d861a644b2fb71e106c31a6c4fca6,50ed2d642f7e5ab1c495f9d43526dbc7ced2cb6e3521d8207719409066db928a,0e5a3dffffbd3c516b528ef32ba1a488b817d2f151fc3e8c81023814de1c103a,1652f43248c82d6a342505b9743bef5439e226e7f1af68bdad8247d4d79c8d90,b226b97e0e67288aaaf85726ad855df71cb81406685c57c8e8c40cd8996aa0da,9f211b67968e59dc04e8e31591ad4204114bd6ab,False,"{""VRP-EVRP-Project-Hub"": {""dirty"": false, ""path"": ""/Users/guoyiyang/Documents/GitHub/FURP-2026-Yiyang-GUO-EVRP-TW/reference/VRP-EVRP-Project-Hub"", ""revision"": ""e3a890065105f978187e532642c4442522215e02""}, ""py-ga-VRPTW"": {""dirty"": false, ""path"": ""/Users/guoyiyang/Documents/GitHub/FURP-2026-Yiyang-GUO-EVRP-TW/reference/py-ga-VRPTW"", ""revision"": ""8e005caaaf6471a4505588d88c7f0f5e0d4ebffa""}}",stage02.3_constraint_guided_attempt16 + stage02.3_constraint_guided_rerun09,,preserve;see stage03_legacy_path_map.csv
stage03.0,measurement,stage03.0_measurement_attempt04,attempt04,stage03.0_measurement_attempt04,stage03_measurement_smoke04,smoke,r105C5,2014,"[""c101C5"", ""r105C5"", ""rc105C5"", ""c101_21"", ""r101_21"", ""rc101_21""]","[2014, 2015, 2016]",solution,verified_legacy,results/stage03.0_measurement_attempt04/r105C5/2014/stage03.0_measurement_attempt04_solution_r105C5_2014.json,results/stage03-measurement_smoke04/solutions/r105C5-alns_stage02_constraint_guided-2014.json,feasible,,pass,READY_FOR_STAGE03_FORMAL_MEASUREMENT,not_applicable,pass,37f614411458fbc7802b1db8344ab4be5ef9dc9767d4851e1d3b65f343139676,raw_manifest,380c6e5877faec191d00c501af697deb073d861a644b2fb71e106c31a6c4fca6,50ed2d642f7e5ab1c495f9d43526dbc7ced2cb6e3521d8207719409066db928a,eb27ec04e799ee6d39dee3d66f15128e197811afa8c664295acbdf6444176434,9d8f1067d8b2e4d6486de0c912085d58121f5844e64ab2247ff7ac379608a713,b226b97e0e67288aaaf85726ad855df71cb81406685c57c8e8c40cd8996aa0da,9f211b67968e59dc04e8e31591ad4204114bd6ab,False,"{""VRP-EVRP-Project-Hub"": {""dirty"": false, ""path"": ""/Users/guoyiyang/Documents/GitHub/FURP-2026-Yiyang-GUO-EVRP-TW/reference/VRP-EVRP-Project-Hub"", ""revision"": ""e3a890065105f978187e532642c4442522215e02""}, ""py-ga-VRPTW"": {""dirty"": false, ""path"": ""/Users/guoyiyang/Documents/GitHub/FURP-2026-Yiyang-GUO-EVRP-TW/reference/py-ga-VRPTW"", ""revision"": ""8e005caaaf6471a4505588d88c7f0f5e0d4ebffa""}}",stage02.3_constraint_guided_attempt16 + stage02.3_constraint_guided_rerun09,,preserve;see stage03_legacy_path_map.csv
stage03.0,measurement,stage03.0_measurement_attempt04,attempt04,stage03.0_measurement_attempt04,stage03_measurement_smoke04,smoke,r105C5,2015,"[""c101C5"", ""r105C5"", ""rc105C5"", ""c101_21"", ""r101_21"", ""rc101_21""]","[2014, 2015, 2016]",solution,verified_legacy,results/stage03.0_measurement_attempt04/r105C5/2015/stage03.0_measurement_attempt04_solution_r105C5_2015.json,results/stage03-measurement_smoke04/solutions/r105C5-alns_stage02_constraint_guided-2015.json,feasible,,pass,READY_FOR_STAGE03_FORMAL_MEASUREMENT,not_applicable,pass,5986d9d10e21f0dc93293751bd7d938a3769de674f21974964409251ce7e32ce,raw_manifest,380c6e5877faec191d00c501af697deb073d861a644b2fb71e106c31a6c4fca6,50ed2d642f7e5ab1c495f9d43526dbc7ced2cb6e3521d8207719409066db928a,eb27ec04e799ee6d39dee3d66f15128e197811afa8c664295acbdf6444176434,af820858e31102b17e1d8849de2742a014753376b2d01617cdfe2c20ea573df1,b226b97e0e67288aaaf85726ad855df71cb81406685c57c8e8c40cd8996aa0da,9f211b67968e59dc04e8e31591ad4204114bd6ab,False,"{""VRP-EVRP-Project-Hub"": {""dirty"": false, ""path"": ""/Users/guoyiyang/Documents/GitHub/FURP-2026-Yiyang-GUO-EVRP-TW/reference/VRP-EVRP-Project-Hub"", ""revision"": ""e3a890065105f978187e532642c4442522215e02""}, ""py-ga-VRPTW"": {""dirty"": false, ""path"": ""/Users/guoyiyang/Documents/GitHub/FURP-2026-Yiyang-GUO-EVRP-TW/reference/py-ga-VRPTW"", ""revision"": ""8e005caaaf6471a4505588d88c7f0f5e0d4ebffa""}}",stage02.3_constraint_guided_attempt16 + stage02.3_constraint_guided_rerun09,,preserve;see stage03_legacy_path_map.csv
stage03.0,measurement,stage03.0_measurement_attempt04,attempt04,stage03.0_measurement_attempt04,stage03_measurement_smoke04,smoke,r105C5,2016,"[""c101C5"", ""r105C5"", ""rc105C5"", ""c101_21"", ""r101_21"", ""rc101_21""]","[2014, 2015, 2016]",solution,verified_legacy,results/stage03.0_measurement_attempt04/r105C5/2016/stage03.0_measurement_attempt04_solution_r105C5_2016.json,results/stage03-measurement_smoke04/solutions/r105C5-alns_stage02_constraint_guided-2016.json,feasible,,pass,READY_FOR_STAGE03_FORMAL_MEASUREMENT,not_applicable,pass,06501df94705311d988665f4a9a554aae7cbca6fdb7e497d6fd0161f382f29ab,raw_manifest,380c6e5877faec191d00c501af697deb073d861a644b2fb71e106c31a6c4fca6,50ed2d642f7e5ab1c495f9d43526dbc7ced2cb6e3521d8207719409066db928a,eb27ec04e799ee6d39dee3d66f15128e197811afa8c664295acbdf6444176434,fcd0465eb6241932a845fe5629ca7847ea6bbdf9591f8301b026739e6d34c916,b226b97e0e67288aaaf85726ad855df71cb81406685c57c8e8c40cd8996aa0da,9f211b67968e59dc04e8e31591ad4204114bd6ab,False,"{""VRP-EVRP-Project-Hub"": {""dirty"": false, ""path"": ""/Users/guoyiyang/Documents/GitHub/FURP-2026-Yiyang-GUO-EVRP-TW/reference/VRP-EVRP-Project-Hub"", ""revision"": ""e3a890065105f978187e532642c4442522215e02""}, ""py-ga-VRPTW"": {""dirty"": false, ""path"": ""/Users/guoyiyang/Documents/GitHub/FURP-2026-Yiyang-GUO-EVRP-TW/reference/py-ga-VRPTW"", ""revision"": ""8e005caaaf6471a4505588d88c7f0f5e0d4ebffa""}}",stage02.3_constraint_guided_attempt16 + stage02.3_constraint_guided_rerun09,,preserve;see stage03_legacy_path_map.csv
stage03.0,measurement,stage03.0_measurement_attempt04,attempt04,stage03.0_measurement_attempt04,stage03_measurement_smoke04,smoke,rc101_21,2014,"[""c101C5"", ""r105C5"", ""rc105C5"", ""c101_21"", ""r101_21"", ""rc101_21""]","[2014, 2015, 2016]",solution,verified_legacy,results/stage03.0_measurement_attempt04/rc101_21/2014/stage03.0_measurement_attempt04_solution_rc101_21_2014.json,results/stage03-measurement_smoke04/solutions/rc101_21-alns_stage02_constraint_guided-2014.json,feasible,,pass,READY_FOR_STAGE03_FORMAL_MEASUREMENT,not_applicable,pass,24e23841fe26272ebd13c415c48beb417b4cf583f6a95683d18607c23d795d82,raw_manifest,380c6e5877faec191d00c501af697deb073d861a644b2fb71e106c31a6c4fca6,50ed2d642f7e5ab1c495f9d43526dbc7ced2cb6e3521d8207719409066db928a,272a3e58d53d4ba9516f01506164cf8a9b98bfeeb8dbd1fd62f6557e4c98e3a1,7ddc5b834743e0a9902b47423c276c3927f88bad912d7efe6e596c8a4878057d,b226b97e0e67288aaaf85726ad855df71cb81406685c57c8e8c40cd8996aa0da,9f211b67968e59dc04e8e31591ad4204114bd6ab,False,"{""VRP-EVRP-Project-Hub"": {""dirty"": false, ""path"": ""/Users/guoyiyang/Documents/GitHub/FURP-2026-Yiyang-GUO-EVRP-TW/reference/VRP-EVRP-Project-Hub"", ""revision"": ""e3a890065105f978187e532642c4442522215e02""}, ""py-ga-VRPTW"": {""dirty"": false, ""path"": ""/Users/guoyiyang/Documents/GitHub/FURP-2026-Yiyang-GUO-EVRP-TW/reference/py-ga-VRPTW"", ""revision"": ""8e005caaaf6471a4505588d88c7f0f5e0d4ebffa""}}",stage02.3_constraint_guided_attempt16 + stage02.3_constraint_guided_rerun09,,preserve;see stage03_legacy_path_map.csv
stage03.0,measurement,stage03.0_measurement_attempt04,attempt04,stage03.0_measurement_attempt04,stage03_measurement_smoke04,smoke,rc101_21,2015,"[""c101C5"", ""r105C5"", ""rc105C5"", ""c101_21"", ""r101_21"", ""rc101_21""]","[2014, 2015, 2016]",solution,verified_legacy,results/stage03.0_measurement_attempt04/rc101_21/2015/stage03.0_measurement_attempt04_solution_rc101_21_2015.json,results/stage03-measurement_smoke04/solutions/rc101_21-alns_stage02_constraint_guided-2015.json,feasible,,pass,READY_FOR_STAGE03_FORMAL_MEASUREMENT,not_applicable,pass,d223c40f4bdc4e08586e6e059af0d6bdc8a5852210b3e34a37236175d5699cd6,raw_manifest,380c6e5877faec191d00c501af697deb073d861a644b2fb71e106c31a6c4fca6,50ed2d642f7e5ab1c495f9d43526dbc7ced2cb6e3521d8207719409066db928a,272a3e58d53d4ba9516f01506164cf8a9b98bfeeb8dbd1fd62f6557e4c98e3a1,3e37293d1485d7f220dda548d7ab443f80da87f33ee7955da3098997b0fc910a,b226b97e0e67288aaaf85726ad855df71cb81406685c57c8e8c40cd8996aa0da,9f211b67968e59dc04e8e31591ad4204114bd6ab,False,"{""VRP-EVRP-Project-Hub"": {""dirty"": false, ""path"": ""/Users/guoyiyang/Documents/GitHub/FURP-2026-Yiyang-GUO-EVRP-TW/reference/VRP-EVRP-Project-Hub"", ""revision"": ""e3a890065105f978187e532642c4442522215e02""}, ""py-ga-VRPTW"": {""dirty"": false, ""path"": ""/Users/guoyiyang/Documents/GitHub/FURP-2026-Yiyang-GUO-EVRP-TW/reference/py-ga-VRPTW"", ""revision"": ""8e005caaaf6471a4505588d88c7f0f5e0d4ebffa""}}",stage02.3_constraint_guided_attempt16 + stage02.3_constraint_guided_rerun09,,preserve;see stage03_legacy_path_map.csv
stage03.0,measurement,stage03.0_measurement_attempt04,attempt04,stage03.0_measurement_attempt04,stage03_measurement_smoke04,smoke,rc101_21,2016,"[""c101C5"", ""r105C5"", ""rc105C5"", ""c101_21"", ""r101_21"", ""rc101_21""]","[2014, 2015, 2016]",solution,verified_legacy,results/stage03.0_measurement_attempt04/rc101_21/2016/stage03.0_measurement_attempt04_solution_rc101_21_2016.json,results/stage03-measurement_smoke04/solutions/rc101_21-alns_stage02_constraint_guided-2016.json,feasible,,pass,READY_FOR_STAGE03_FORMAL_MEASUREMENT,not_applicable,pass,72d3923e46f78ea558d98bacbdcbaf2bcf70b87404dd55c82415746744b86df8,raw_manifest,380c6e5877faec191d00c501af697deb073d861a644b2fb71e106c31a6c4fca6,50ed2d642f7e5ab1c495f9d43526dbc7ced2cb6e3521d8207719409066db928a,272a3e58d53d4ba9516f01506164cf8a9b98bfeeb8dbd1fd62f6557e4c98e3a1,c0cd461ab7c4db2e082f293a1499162ddeafc2ced4d8a274bd3d4bca67cf6baf,b226b97e0e67288aaaf85726ad855df71cb81406685c57c8e8c40cd8996aa0da,9f211b67968e59dc04e8e31591ad4204114bd6ab,False,"{""VRP-EVRP-Project-Hub"": {""dirty"": false, ""path"": ""/Users/guoyiyang/Documents/GitHub/FURP-2026-Yiyang-GUO-EVRP-TW/reference/VRP-EVRP-Project-Hub"", ""revision"": ""e3a890065105f978187e532642c4442522215e02""}, ""py-ga-VRPTW"": {""dirty"": false, ""path"": ""/Users/guoyiyang/Documents/GitHub/FURP-2026-Yiyang-GUO-EVRP-TW/reference/py-ga-VRPTW"", ""revision"": ""8e005caaaf6471a4505588d88c7f0f5e0d4ebffa""}}",stage02.3_constraint_guided_attempt16 + stage02.3_constraint_guided_rerun09,,preserve;see stage03_legacy_path_map.csv
stage03.0,measurement,stage03.0_measurement_attempt04,attempt04,stage03.0_measurement_attempt04,stage03_measurement_smoke04,smoke,rc105C5,2014,"[""c101C5"", ""r105C5"", ""rc105C5"", ""c101_21"", ""r101_21"", ""rc101_21""]","[2014, 2015, 2016]",solution,verified_legacy,results/stage03.0_measurement_attempt04/rc105C5/2014/stage03.0_measurement_attempt04_solution_rc105C5_2014.json,results/stage03-measurement_smoke04/solutions/rc105C5-alns_stage02_constraint_guided-2014.json,feasible,,pass,READY_FOR_STAGE03_FORMAL_MEASUREMENT,not_applicable,pass,707124f4dc787ca88f5388fa3b1cdac327b82829474633871b32b34f00b4026e,raw_manifest,380c6e5877faec191d00c501af697deb073d861a644b2fb71e106c31a6c4fca6,50ed2d642f7e5ab1c495f9d43526dbc7ced2cb6e3521d8207719409066db928a,2ccfba6c447fa43a994934690acb67c7355ca04d232394907ed6938bc362c643,4e9ad7f905bf0f4279b3978ea0798a784af1b7dab453fd7601e7ceb74b74e1af,b226b97e0e67288aaaf85726ad855df71cb81406685c57c8e8c40cd8996aa0da,9f211b67968e59dc04e8e31591ad4204114bd6ab,False,"{""VRP-EVRP-Project-Hub"": {""dirty"": false, ""path"": ""/Users/guoyiyang/Documents/GitHub/FURP-2026-Yiyang-GUO-EVRP-TW/reference/VRP-EVRP-Project-Hub"", ""revision"": ""e3a890065105f978187e532642c4442522215e02""}, ""py-ga-VRPTW"": {""dirty"": false, ""path"": ""/Users/guoyiyang/Documents/GitHub/FURP-2026-Yiyang-GUO-EVRP-TW/reference/py-ga-VRPTW"", ""revision"": ""8e005caaaf6471a4505588d88c7f0f5e0d4ebffa""}}",stage02.3_constraint_guided_attempt16 + stage02.3_constraint_guided_rerun09,,preserve;see stage03_legacy_path_map.csv
stage03.0,measurement,stage03.0_measurement_attempt04,attempt04,stage03.0_measurement_attempt04,stage03_measurement_smoke04,smoke,rc105C5,2015,"[""c101C5"", ""r105C5"", ""rc105C5"", ""c101_21"", ""r101_21"", ""rc101_21""]","[2014, 2015, 2016]",solution,verified_legacy,results/stage03.0_measurement_attempt04/rc105C5/2015/stage03.0_measurement_attempt04_solution_rc105C5_2015.json,results/stage03-measurement_smoke04/solutions/rc105C5-alns_stage02_constraint_guided-2015.json,feasible,,pass,READY_FOR_STAGE03_FORMAL_MEASUREMENT,not_applicable,pass,39653ab2e3da8a9d3aa50c89421d36a09ff96d491401b99036322816394b5b54,raw_manifest,380c6e5877faec191d00c501af697deb073d861a644b2fb71e106c31a6c4fca6,50ed2d642f7e5ab1c495f9d43526dbc7ced2cb6e3521d8207719409066db928a,2ccfba6c447fa43a994934690acb67c7355ca04d232394907ed6938bc362c643,b2705b893322aa901c188d536dbf7ffb1d6a9c0b07d4d8ba093546fa9155a701,b226b97e0e67288aaaf85726ad855df71cb81406685c57c8e8c40cd8996aa0da,9f211b67968e59dc04e8e31591ad4204114bd6ab,False,"{""VRP-EVRP-Project-Hub"": {""dirty"": false, ""path"": ""/Users/guoyiyang/Documents/GitHub/FURP-2026-Yiyang-GUO-EVRP-TW/reference/VRP-EVRP-Project-Hub"", ""revision"": ""e3a890065105f978187e532642c4442522215e02""}, ""py-ga-VRPTW"": {""dirty"": false, ""path"": ""/Users/guoyiyang/Documents/GitHub/FURP-2026-Yiyang-GUO-EVRP-TW/reference/py-ga-VRPTW"", ""revision"": ""8e005caaaf6471a4505588d88c7f0f5e0d4ebffa""}}",stage02.3_constraint_guided_attempt16 + stage02.3_constraint_guided_rerun09,,preserve;see stage03_legacy_path_map.csv
stage03.0,measurement,stage03.0_measurement_attempt04,attempt04,stage03.0_measurement_attempt04,stage03_measurement_smoke04,smoke,rc105C5,2016,"[""c101C5"", ""r105C5"", ""rc105C5"", ""c101_21"", ""r101_21"", ""rc101_21""]","[2014, 2015, 2016]",solution,verified_legacy,results/stage03.0_measurement_attempt04/rc105C5/2016/stage03.0_measurement_attempt04_solution_rc105C5_2016.json,results/stage03-measurement_smoke04/solutions/rc105C5-alns_stage02_constraint_guided-2016.json,feasible,,pass,READY_FOR_STAGE03_FORMAL_MEASUREMENT,not_applicable,pass,07b1f3b11b045328517d98b2d0c40fa8775d963d24888b70296134d8c64c58e6,raw_manifest,380c6e5877faec191d00c501af697deb073d861a644b2fb71e106c31a6c4fca6,50ed2d642f7e5ab1c495f9d43526dbc7ced2cb6e3521d8207719409066db928a,2ccfba6c447fa43a994934690acb67c7355ca04d232394907ed6938bc362c643,766578bed88811328d7b4bda0e23a5e4bd8c96e78240148c16f3b636a351b541,b226b97e0e67288aaaf85726ad855df71cb81406685c57c8e8c40cd8996aa0da,9f211b67968e59dc04e8e31591ad4204114bd6ab,False,"{""VRP-EVRP-Project-Hub"": {""dirty"": false, ""path"": ""/Users/guoyiyang/Documents/GitHub/FURP-2026-Yiyang-GUO-EVRP-TW/reference/VRP-EVRP-Project-Hub"", ""revision"": ""e3a890065105f978187e532642c4442522215e02""}, ""py-ga-VRPTW"": {""dirty"": false, ""path"": ""/Users/guoyiyang/Documents/GitHub/FURP-2026-Yiyang-GUO-EVRP-TW/reference/py-ga-VRPTW"", ""revision"": ""8e005caaaf6471a4505588d88c7f0f5e0d4ebffa""}}",stage02.3_constraint_guided_attempt16 + stage02.3_constraint_guided_rerun09,,preserve;see stage03_legacy_path_map.csv
stage03.0,measurement,stage03.0_measurement_attempt04,attempt04,stage03.0_measurement_attempt04,stage03_measurement_smoke04,smoke,c101C5,2014,"[""c101C5"", ""r105C5"", ""rc105C5"", ""c101_21"", ""r101_21"", ""rc101_21""]","[2014, 2015, 2016]",trace,verified_legacy,results/stage03.0_measurement_attempt04/c101C5/2014/stage03.0_measurement_attempt04_trace_c101C5_2014.json,results/stage03-measurement_smoke04/traces/c101C5-alns_stage02_constraint_guided-2014.json,feasible,,pass,READY_FOR_STAGE03_FORMAL_MEASUREMENT,not_applicable,pass,87cdeb3dbe8998dde22fa778a8433c4b66dc15eb3fcfcfb484db8a583b8b7ce1,raw_manifest,380c6e5877faec191d00c501af697deb073d861a644b2fb71e106c31a6c4fca6,50ed2d642f7e5ab1c495f9d43526dbc7ced2cb6e3521d8207719409066db928a,8612d6d9aad051776097a5e50c7408f39352b8107b0639d58e5eda713f9ff876,3e80831db18b25dd8b58d9e18252a1fe67164b4942d45325369c97759e0781f0,b226b97e0e67288aaaf85726ad855df71cb81406685c57c8e8c40cd8996aa0da,9f211b67968e59dc04e8e31591ad4204114bd6ab,False,"{""VRP-EVRP-Project-Hub"": {""dirty"": false, ""path"": ""/Users/guoyiyang/Documents/GitHub/FURP-2026-Yiyang-GUO-EVRP-TW/reference/VRP-EVRP-Project-Hub"", ""revision"": ""e3a890065105f978187e532642c4442522215e02""}, ""py-ga-VRPTW"": {""dirty"": false, ""path"": ""/Users/guoyiyang/Documents/GitHub/FURP-2026-Yiyang-GUO-EVRP-TW/reference/py-ga-VRPTW"", ""revision"": ""8e005caaaf6471a4505588d88c7f0f5e0d4ebffa""}}",stage02.3_constraint_guided_attempt16 + stage02.3_constraint_guided_rerun09,,preserve;see stage03_legacy_path_map.csv
stage03.0,measurement,stage03.0_measurement_attempt04,attempt04,stage03.0_measurement_attempt04,stage03_measurement_smoke04,smoke,c101C5,2015,"[""c101C5"", ""r105C5"", ""rc105C5"", ""c101_21"", ""r101_21"", ""rc101_21""]","[2014, 2015, 2016]",trace,verified_legacy,results/stage03.0_measurement_attempt04/c101C5/2015/stage03.0_measurement_attempt04_trace_c101C5_2015.json,results/stage03-measurement_smoke04/traces/c101C5-alns_stage02_constraint_guided-2015.json,feasible,,pass,READY_FOR_STAGE03_FORMAL_MEASUREMENT,not_applicable,pass,225c3f9925cf8a04551fb85f791319a2d55bebb5069ffdd16eb9c13fbb3e14e6,raw_manifest,380c6e5877faec191d00c501af697deb073d861a644b2fb71e106c31a6c4fca6,50ed2d642f7e5ab1c495f9d43526dbc7ced2cb6e3521d8207719409066db928a,8612d6d9aad051776097a5e50c7408f39352b8107b0639d58e5eda713f9ff876,785b0fbde8c4b8a9ef3967509d3febedd851bea045eb60c2cdaff256bea6f1f2,b226b97e0e67288aaaf85726ad855df71cb81406685c57c8e8c40cd8996aa0da,9f211b67968e59dc04e8e31591ad4204114bd6ab,False,"{""VRP-EVRP-Project-Hub"": {""dirty"": false, ""path"": ""/Users/guoyiyang/Documents/GitHub/FURP-2026-Yiyang-GUO-EVRP-TW/reference/VRP-EVRP-Project-Hub"", ""revision"": ""e3a890065105f978187e532642c4442522215e02""}, ""py-ga-VRPTW"": {""dirty"": false, ""path"": ""/Users/guoyiyang/Documents/GitHub/FURP-2026-Yiyang-GUO-EVRP-TW/reference/py-ga-VRPTW"", ""revision"": ""8e005caaaf6471a4505588d88c7f0f5e0d4ebffa""}}",stage02.3_constraint_guided_attempt16 + stage02.3_constraint_guided_rerun09,,preserve;see stage03_legacy_path_map.csv
stage03.0,measurement,stage03.0_measurement_attempt04,attempt04,stage03.0_measurement_attempt04,stage03_measurement_smoke04,smoke,c101C5,2016,"[""c101C5"", ""r105C5"", ""rc105C5"", ""c101_21"", ""r101_21"", ""rc101_21""]","[2014, 2015, 2016]",trace,verified_legacy,results/stage03.0_measurement_attempt04/c101C5/2016/stage03.0_measurement_attempt04_trace_c101C5_2016.json,results/stage03-measurement_smoke04/traces/c101C5-alns_stage02_constraint_guided-2016.json,feasible,,pass,READY_FOR_STAGE03_FORMAL_MEASUREMENT,not_applicable,pass,1d01c579af484e83159ffe3f8df97fa101508e56187a2e9463a4485be641640d,raw_manifest,380c6e5877faec191d00c501af697deb073d861a644b2fb71e106c31a6c4fca6,50ed2d642f7e5ab1c495f9d43526dbc7ced2cb6e3521d8207719409066db928a,8612d6d9aad051776097a5e50c7408f39352b8107b0639d58e5eda713f9ff876,8e154d7ff2aa959d977b2fe85be8eb7d448836560c514feaddd55fc0d01df546,b226b97e0e67288aaaf85726ad855df71cb81406685c57c8e8c40cd8996aa0da,9f211b67968e59dc04e8e31591ad4204114bd6ab,False,"{""VRP-EVRP-Project-Hub"": {""dirty"": false, ""path"": ""/Users/guoyiyang/Documents/GitHub/FURP-2026-Yiyang-GUO-EVRP-TW/reference/VRP-EVRP-Project-Hub"", ""revision"": ""e3a890065105f978187e532642c4442522215e02""}, ""py-ga-VRPTW"": {""dirty"": false, ""path"": ""/Users/guoyiyang/Documents/GitHub/FURP-2026-Yiyang-GUO-EVRP-TW/reference/py-ga-VRPTW"", ""revision"": ""8e005caaaf6471a4505588d88c7f0f5e0d4ebffa""}}",stage02.3_constraint_guided_attempt16 + stage02.3_constraint_guided_rerun09,,preserve;see stage03_legacy_path_map.csv
stage03.0,measurement,stage03.0_measurement_attempt04,attempt04,stage03.0_measurement_attempt04,stage03_measurement_smoke04,smoke,c101_21,2014,"[""c101C5"", ""r105C5"", ""rc105C5"", ""c101_21"", ""r101_21"", ""rc101_21""]","[2014, 2015, 2016]",trace,verified_legacy,results/stage03.0_measurement_attempt04/c101_21/2014/stage03.0_measurement_attempt04_trace_c101_21_2014.json,results/stage03-measurement_smoke04/traces/c101_21-alns_stage02_constraint_guided-2014.json,feasible,,pass,READY_FOR_STAGE03_FORMAL_MEASUREMENT,not_applicable,pass,2a101f18520345f9a0e7a74a77e6afc09fe90438fe0b2d3b2af2220cce015522,raw_manifest,380c6e5877faec191d00c501af697deb073d861a644b2fb71e106c31a6c4fca6,50ed2d642f7e5ab1c495f9d43526dbc7ced2cb6e3521d8207719409066db928a,c5cda6ca63a7d518902cf4b02d98b4aa0f373aaa0658d5c666d1c46d38871cb9,5a97fbe35823682bc67553abbb9e466c7af5906a32a39eb2aafa6c142468fa4c,b226b97e0e67288aaaf85726ad855df71cb81406685c57c8e8c40cd8996aa0da,9f211b67968e59dc04e8e31591ad4204114bd6ab,False,"{""VRP-EVRP-Project-Hub"": {""dirty"": false, ""path"": ""/Users/guoyiyang/Documents/GitHub/FURP-2026-Yiyang-GUO-EVRP-TW/reference/VRP-EVRP-Project-Hub"", ""revision"": ""e3a890065105f978187e532642c4442522215e02""}, ""py-ga-VRPTW"": {""dirty"": false, ""path"": ""/Users/guoyiyang/Documents/GitHub/FURP-2026-Yiyang-GUO-EVRP-TW/reference/py-ga-VRPTW"", ""revision"": ""8e005caaaf6471a4505588d88c7f0f5e0d4ebffa""}}",stage02.3_constraint_guided_attempt16 + stage02.3_constraint_guided_rerun09,,preserve;see stage03_legacy_path_map.csv
stage03.0,measurement,stage03.0_measurement_attempt04,attempt04,stage03.0_measurement_attempt04,stage03_measurement_smoke04,smoke,c101_21,2015,"[""c101C5"", ""r105C5"", ""rc105C5"", ""c101_21"", ""r101_21"", ""rc101_21""]","[2014, 2015, 2016]",trace,verified_legacy,results/stage03.0_measurement_attempt04/c101_21/2015/stage03.0_measurement_attempt04_trace_c101_21_2015.json,results/stage03-measurement_smoke04/traces/c101_21-alns_stage02_constraint_guided-2015.json,feasible,,pass,READY_FOR_STAGE03_FORMAL_MEASUREMENT,not_applicable,pass,daf64715518bd855f0a459b022dc2d6218a576e65a8f7ceea3cb7be6e7a5c1fc,raw_manifest,380c6e5877faec191d00c501af697deb073d861a644b2fb71e106c31a6c4fca6,50ed2d642f7e5ab1c495f9d43526dbc7ced2cb6e3521d8207719409066db928a,c5cda6ca63a7d518902cf4b02d98b4aa0f373aaa0658d5c666d1c46d38871cb9,f3134e49dbf12e2772044aea805defa908beacef6047dfad9ad8a33a33cec9fb,b226b97e0e67288aaaf85726ad855df71cb81406685c57c8e8c40cd8996aa0da,9f211b67968e59dc04e8e31591ad4204114bd6ab,False,"{""VRP-EVRP-Project-Hub"": {""dirty"": false, ""path"": ""/Users/guoyiyang/Documents/GitHub/FURP-2026-Yiyang-GUO-EVRP-TW/reference/VRP-EVRP-Project-Hub"", ""revision"": ""e3a890065105f978187e532642c4442522215e02""}, ""py-ga-VRPTW"": {""dirty"": false, ""path"": ""/Users/guoyiyang/Documents/GitHub/FURP-2026-Yiyang-GUO-EVRP-TW/reference/py-ga-VRPTW"", ""revision"": ""8e005caaaf6471a4505588d88c7f0f5e0d4ebffa""}}",stage02.3_constraint_guided_attempt16 + stage02.3_constraint_guided_rerun09,,preserve;see stage03_legacy_path_map.csv
stage03.0,measurement,stage03.0_measurement_attempt04,attempt04,stage03.0_measurement_attempt04,stage03_measurement_smoke04,smoke,c101_21,2016,"[""c101C5"", ""r105C5"", ""rc105C5"", ""c101_21"", ""r101_21"", ""rc101_21""]","[2014, 2015, 2016]",trace,verified_legacy,results/stage03.0_measurement_attempt04/c101_21/2016/stage03.0_measurement_attempt04_trace_c101_21_2016.json,results/stage03-measurement_smoke04/traces/c101_21-alns_stage02_constraint_guided-2016.json,feasible,,pass,READY_FOR_STAGE03_FORMAL_MEASUREMENT,not_applicable,pass,309c4c82536fc37fb9e3d85f33c7e086103bd13deba22d96d2716331596078cf,raw_manifest,380c6e5877faec191d00c501af697deb073d861a644b2fb71e106c31a6c4fca6,50ed2d642f7e5ab1c495f9d43526dbc7ced2cb6e3521d8207719409066db928a,c5cda6ca63a7d518902cf4b02d98b4aa0f373aaa0658d5c666d1c46d38871cb9,ab6aaee600087b3852ee46f7d477ad4f864de18eae5badbb5ab9cc8be95bbcea,b226b97e0e67288aaaf85726ad855df71cb81406685c57c8e8c40cd8996aa0da,9f211b67968e59dc04e8e31591ad4204114bd6ab,False,"{""VRP-EVRP-Project-Hub"": {""dirty"": false, ""path"": ""/Users/guoyiyang/Documents/GitHub/FURP-2026-Yiyang-GUO-EVRP-TW/reference/VRP-EVRP-Project-Hub"", ""revision"": ""e3a890065105f978187e532642c4442522215e02""}, ""py-ga-VRPTW"": {""dirty"": false, ""path"": ""/Users/guoyiyang/Documents/GitHub/FURP-2026-Yiyang-GUO-EVRP-TW/reference/py-ga-VRPTW"", ""revision"": ""8e005caaaf6471a4505588d88c7f0f5e0d4ebffa""}}",stage02.3_constraint_guided_attempt16 + stage02.3_constraint_guided_rerun09,,preserve;see stage03_legacy_path_map.csv
stage03.0,measurement,stage03.0_measurement_attempt04,attempt04,stage03.0_measurement_attempt04,stage03_measurement_smoke04,smoke,r101_21,2014,"[""c101C5"", ""r105C5"", ""rc105C5"", ""c101_21"", ""r101_21"", ""rc101_21""]","[2014, 2015, 2016]",trace,verified_legacy,results/stage03.0_measurement_attempt04/r101_21/2014/stage03.0_measurement_attempt04_trace_r101_21_2014.json,results/stage03-measurement_smoke04/traces/r101_21-alns_stage02_constraint_guided-2014.json,feasible,,pass,READY_FOR_STAGE03_FORMAL_MEASUREMENT,not_applicable,pass,7de807d720d2fcaec2923ddfb23ad711efb586f548be005818f16fd66ac4010a,raw_manifest,380c6e5877faec191d00c501af697deb073d861a644b2fb71e106c31a6c4fca6,50ed2d642f7e5ab1c495f9d43526dbc7ced2cb6e3521d8207719409066db928a,0e5a3dffffbd3c516b528ef32ba1a488b817d2f151fc3e8c81023814de1c103a,176365cb3d76d3c3bab2bdd2cbd7ac36e1f135806f5d0d53aece14bcfbc82281,b226b97e0e67288aaaf85726ad855df71cb81406685c57c8e8c40cd8996aa0da,9f211b67968e59dc04e8e31591ad4204114bd6ab,False,"{""VRP-EVRP-Project-Hub"": {""dirty"": false, ""path"": ""/Users/guoyiyang/Documents/GitHub/FURP-2026-Yiyang-GUO-EVRP-TW/reference/VRP-EVRP-Project-Hub"", ""revision"": ""e3a890065105f978187e532642c4442522215e02""}, ""py-ga-VRPTW"": {""dirty"": false, ""path"": ""/Users/guoyiyang/Documents/GitHub/FURP-2026-Yiyang-GUO-EVRP-TW/reference/py-ga-VRPTW"", ""revision"": ""8e005caaaf6471a4505588d88c7f0f5e0d4ebffa""}}",stage02.3_constraint_guided_attempt16 + stage02.3_constraint_guided_rerun09,,preserve;see stage03_legacy_path_map.csv
stage03.0,measurement,stage03.0_measurement_attempt04,attempt04,stage03.0_measurement_attempt04,stage03_measurement_smoke04,smoke,r101_21,2015,"[""c101C5"", ""r105C5"", ""rc105C5"", ""c101_21"", ""r101_21"", ""rc101_21""]","[2014, 2015, 2016]",trace,verified_legacy,results/stage03.0_measurement_attempt04/r101_21/2015/stage03.0_measurement_attempt04_trace_r101_21_2015.json,results/stage03-measurement_smoke04/traces/r101_21-alns_stage02_constraint_guided-2015.json,feasible,,pass,READY_FOR_STAGE03_FORMAL_MEASUREMENT,not_applicable,pass,d3c43b110d3a7f2df8081c2797aee2d0850c4b6270860f1ad222ccd8af1e8f8b,raw_manifest,380c6e5877faec191d00c501af697deb073d861a644b2fb71e106c31a6c4fca6,50ed2d642f7e5ab1c495f9d43526dbc7ced2cb6e3521d8207719409066db928a,0e5a3dffffbd3c516b528ef32ba1a488b817d2f151fc3e8c81023814de1c103a,72d59cf54cbb6cc9d931b1072093b6124ec6411a491b0eca81a1eeebe8251536,b226b97e0e67288aaaf85726ad855df71cb81406685c57c8e8c40cd8996aa0da,9f211b67968e59dc04e8e31591ad4204114bd6ab,False,"{""VRP-EVRP-Project-Hub"": {""dirty"": false, ""path"": ""/Users/guoyiyang/Documents/GitHub/FURP-2026-Yiyang-GUO-EVRP-TW/reference/VRP-EVRP-Project-Hub"", ""revision"": ""e3a890065105f978187e532642c4442522215e02""}, ""py-ga-VRPTW"": {""dirty"": false, ""path"": ""/Users/guoyiyang/Documents/GitHub/FURP-2026-Yiyang-GUO-EVRP-TW/reference/py-ga-VRPTW"", ""revision"": ""8e005caaaf6471a4505588d88c7f0f5e0d4ebffa""}}",stage02.3_constraint_guided_attempt16 + stage02.3_constraint_guided_rerun09,,preserve;see stage03_legacy_path_map.csv
stage03.0,measurement,stage03.0_measurement_attempt04,attempt04,stage03.0_measurement_attempt04,stage03_measurement_smoke04,smoke,r101_21,2016,"[""c101C5"", ""r105C5"", ""rc105C5"", ""c101_21"", ""r101_21"", ""rc101_21""]","[2014, 2015, 2016]",trace,verified_legacy,results/stage03.0_measurement_attempt04/r101_21/2016/stage03.0_measurement_attempt04_trace_r101_21_2016.json,results/stage03-measurement_smoke04/traces/r101_21-alns_stage02_constraint_guided-2016.json,feasible,,pass,READY_FOR_STAGE03_FORMAL_MEASUREMENT,not_applicable,pass,dc7571e0121232ef9807ba91fa72dd26d080612b8e08f1de7c167d443fc8f000,raw_manifest,380c6e5877faec191d00c501af697deb073d861a644b2fb71e106c31a6c4fca6,50ed2d642f7e5ab1c495f9d43526dbc7ced2cb6e3521d8207719409066db928a,0e5a3dffffbd3c516b528ef32ba1a488b817d2f151fc3e8c81023814de1c103a,1652f43248c82d6a342505b9743bef5439e226e7f1af68bdad8247d4d79c8d90,b226b97e0e67288aaaf85726ad855df71cb81406685c57c8e8c40cd8996aa0da,9f211b67968e59dc04e8e31591ad4204114bd6ab,False,"{""VRP-EVRP-Project-Hub"": {""dirty"": false, ""path"": ""/Users/guoyiyang/Documents/GitHub/FURP-2026-Yiyang-GUO-EVRP-TW/reference/VRP-EVRP-Project-Hub"", ""revision"": ""e3a890065105f978187e532642c4442522215e02""}, ""py-ga-VRPTW"": {""dirty"": false, ""path"": ""/Users/guoyiyang/Documents/GitHub/FURP-2026-Yiyang-GUO-EVRP-TW/reference/py-ga-VRPTW"", ""revision"": ""8e005caaaf6471a4505588d88c7f0f5e0d4ebffa""}}",stage02.3_constraint_guided_attempt16 + stage02.3_constraint_guided_rerun09,,preserve;see stage03_legacy_path_map.csv
stage03.0,measurement,stage03.0_measurement_attempt04,attempt04,stage03.0_measurement_attempt04,stage03_measurement_smoke04,smoke,r105C5,2014,"[""c101C5"", ""r105C5"", ""rc105C5"", ""c101_21"", ""r101_21"", ""rc101_21""]","[2014, 2015, 2016]",trace,verified_legacy,results/stage03.0_measurement_attempt04/r105C5/2014/stage03.0_measurement_attempt04_trace_r105C5_2014.json,results/stage03-measurement_smoke04/traces/r105C5-alns_stage02_constraint_guided-2014.json,feasible,,pass,READY_FOR_STAGE03_FORMAL_MEASUREMENT,not_applicable,pass,d370023a86613b90046f380ad1f9affd2892e99b24db6a9722f30b394b77cbfa,raw_manifest,380c6e5877faec191d00c501af697deb073d861a644b2fb71e106c31a6c4fca6,50ed2d642f7e5ab1c495f9d43526dbc7ced2cb6e3521d8207719409066db928a,eb27ec04e799ee6d39dee3d66f15128e197811afa8c664295acbdf6444176434,9d8f1067d8b2e4d6486de0c912085d58121f5844e64ab2247ff7ac379608a713,b226b97e0e67288aaaf85726ad855df71cb81406685c57c8e8c40cd8996aa0da,9f211b67968e59dc04e8e31591ad4204114bd6ab,False,"{""VRP-EVRP-Project-Hub"": {""dirty"": false, ""path"": ""/Users/guoyiyang/Documents/GitHub/FURP-2026-Yiyang-GUO-EVRP-TW/reference/VRP-EVRP-Project-Hub"", ""revision"": ""e3a890065105f978187e532642c4442522215e02""}, ""py-ga-VRPTW"": {""dirty"": false, ""path"": ""/Users/guoyiyang/Documents/GitHub/FURP-2026-Yiyang-GUO-EVRP-TW/reference/py-ga-VRPTW"", ""revision"": ""8e005caaaf6471a4505588d88c7f0f5e0d4ebffa""}}",stage02.3_constraint_guided_attempt16 + stage02.3_constraint_guided_rerun09,,preserve;see stage03_legacy_path_map.csv
stage03.0,measurement,stage03.0_measurement_attempt04,attempt04,stage03.0_measurement_attempt04,stage03_measurement_smoke04,smoke,r105C5,2015,"[""c101C5"", ""r105C5"", ""rc105C5"", ""c101_21"", ""r101_21"", ""rc101_21""]","[2014, 2015, 2016]",trace,verified_legacy,results/stage03.0_measurement_attempt04/r105C5/2015/stage03.0_measurement_attempt04_trace_r105C5_2015.json,results/stage03-measurement_smoke04/traces/r105C5-alns_stage02_constraint_guided-2015.json,feasible,,pass,READY_FOR_STAGE03_FORMAL_MEASUREMENT,not_applicable,pass,cedf13b9bb46f33b28c494134cd7dba97c1b139f64837a586b344e9a149a9ae3,raw_manifest,380c6e5877faec191d00c501af697deb073d861a644b2fb71e106c31a6c4fca6,50ed2d642f7e5ab1c495f9d43526dbc7ced2cb6e3521d8207719409066db928a,eb27ec04e799ee6d39dee3d66f15128e197811afa8c664295acbdf6444176434,af820858e31102b17e1d8849de2742a014753376b2d01617cdfe2c20ea573df1,b226b97e0e67288aaaf85726ad855df71cb81406685c57c8e8c40cd8996aa0da,9f211b67968e59dc04e8e31591ad4204114bd6ab,False,"{""VRP-EVRP-Project-Hub"": {""dirty"": false, ""path"": ""/Users/guoyiyang/Documents/GitHub/FURP-2026-Yiyang-GUO-EVRP-TW/reference/VRP-EVRP-Project-Hub"", ""revision"": ""e3a890065105f978187e532642c4442522215e02""}, ""py-ga-VRPTW"": {""dirty"": false, ""path"": ""/Users/guoyiyang/Documents/GitHub/FURP-2026-Yiyang-GUO-EVRP-TW/reference/py-ga-VRPTW"", ""revision"": ""8e005caaaf6471a4505588d88c7f0f5e0d4ebffa""}}",stage02.3_constraint_guided_attempt16 + stage02.3_constraint_guided_rerun09,,preserve;see stage03_legacy_path_map.csv
stage03.0,measurement,stage03.0_measurement_attempt04,attempt04,stage03.0_measurement_attempt04,stage03_measurement_smoke04,smoke,r105C5,2016,"[""c101C5"", ""r105C5"", ""rc105C5"", ""c101_21"", ""r101_21"", ""rc101_21""]","[2014, 2015, 2016]",trace,verified_legacy,results/stage03.0_measurement_attempt04/r105C5/2016/stage03.0_measurement_attempt04_trace_r105C5_2016.json,results/stage03-measurement_smoke04/traces/r105C5-alns_stage02_constraint_guided-2016.json,feasible,,pass,READY_FOR_STAGE03_FORMAL_MEASUREMENT,not_applicable,pass,6b915d2e78eeab45a5e1eb90254d19b4ce78574e62a6b6813fdc9069da6e9569,raw_manifest,380c6e5877faec191d00c501af697deb073d861a644b2fb71e106c31a6c4fca6,50ed2d642f7e5ab1c495f9d43526dbc7ced2cb6e3521d8207719409066db928a,eb27ec04e799ee6d39dee3d66f15128e197811afa8c664295acbdf6444176434,fcd0465eb6241932a845fe5629ca7847ea6bbdf9591f8301b026739e6d34c916,b226b97e0e67288aaaf85726ad855df71cb81406685c57c8e8c40cd8996aa0da,9f211b67968e59dc04e8e31591ad4204114bd6ab,False,"{""VRP-EVRP-Project-Hub"": {""dirty"": false, ""path"": ""/Users/guoyiyang/Documents/GitHub/FURP-2026-Yiyang-GUO-EVRP-TW/reference/VRP-EVRP-Project-Hub"", ""revision"": ""e3a890065105f978187e532642c4442522215e02""}, ""py-ga-VRPTW"": {""dirty"": false, ""path"": ""/Users/guoyiyang/Documents/GitHub/FURP-2026-Yiyang-GUO-EVRP-TW/reference/py-ga-VRPTW"", ""revision"": ""8e005caaaf6471a4505588d88c7f0f5e0d4ebffa""}}",stage02.3_constraint_guided_attempt16 + stage02.3_constraint_guided_rerun09,,preserve;see stage03_legacy_path_map.csv
stage03.0,measurement,stage03.0_measurement_attempt04,attempt04,stage03.0_measurement_attempt04,stage03_measurement_smoke04,smoke,rc101_21,2014,"[""c101C5"", ""r105C5"", ""rc105C5"", ""c101_21"", ""r101_21"", ""rc101_21""]","[2014, 2015, 2016]",trace,verified_legacy,results/stage03.0_measurement_attempt04/rc101_21/2014/stage03.0_measurement_attempt04_trace_rc101_21_2014.json,results/stage03-measurement_smoke04/traces/rc101_21-alns_stage02_constraint_guided-2014.json,feasible,,pass,READY_FOR_STAGE03_FORMAL_MEASUREMENT,not_applicable,pass,32ab9018614f4d59e8d9f018e8d08e257c277d4479aeb6990c0ddc5cd8dd3af3,raw_manifest,380c6e5877faec191d00c501af697deb073d861a644b2fb71e106c31a6c4fca6,50ed2d642f7e5ab1c495f9d43526dbc7ced2cb6e3521d8207719409066db928a,272a3e58d53d4ba9516f01506164cf8a9b98bfeeb8dbd1fd62f6557e4c98e3a1,7ddc5b834743e0a9902b47423c276c3927f88bad912d7efe6e596c8a4878057d,b226b97e0e67288aaaf85726ad855df71cb81406685c57c8e8c40cd8996aa0da,9f211b67968e59dc04e8e31591ad4204114bd6ab,False,"{""VRP-EVRP-Project-Hub"": {""dirty"": false, ""path"": ""/Users/guoyiyang/Documents/GitHub/FURP-2026-Yiyang-GUO-EVRP-TW/reference/VRP-EVRP-Project-Hub"", ""revision"": ""e3a890065105f978187e532642c4442522215e02""}, ""py-ga-VRPTW"": {""dirty"": false, ""path"": ""/Users/guoyiyang/Documents/GitHub/FURP-2026-Yiyang-GUO-EVRP-TW/reference/py-ga-VRPTW"", ""revision"": ""8e005caaaf6471a4505588d88c7f0f5e0d4ebffa""}}",stage02.3_constraint_guided_attempt16 + stage02.3_constraint_guided_rerun09,,preserve;see stage03_legacy_path_map.csv
stage03.0,measurement,stage03.0_measurement_attempt04,attempt04,stage03.0_measurement_attempt04,stage03_measurement_smoke04,smoke,rc101_21,2015,"[""c101C5"", ""r105C5"", ""rc105C5"", ""c101_21"", ""r101_21"", ""rc101_21""]","[2014, 2015, 2016]",trace,verified_legacy,results/stage03.0_measurement_attempt04/rc101_21/2015/stage03.0_measurement_attempt04_trace_rc101_21_2015.json,results/stage03-measurement_smoke04/traces/rc101_21-alns_stage02_constraint_guided-2015.json,feasible,,pass,READY_FOR_STAGE03_FORMAL_MEASUREMENT,not_applicable,pass,ca034650f1bcf6ebf3286b88d7345022cbfcd1372be8d1167080f597f228ff8f,raw_manifest,380c6e5877faec191d00c501af697deb073d861a644b2fb71e106c31a6c4fca6,50ed2d642f7e5ab1c495f9d43526dbc7ced2cb6e3521d8207719409066db928a,272a3e58d53d4ba9516f01506164cf8a9b98bfeeb8dbd1fd62f6557e4c98e3a1,3e37293d1485d7f220dda548d7ab443f80da87f33ee7955da3098997b0fc910a,b226b97e0e67288aaaf85726ad855df71cb81406685c57c8e8c40cd8996aa0da,9f211b67968e59dc04e8e31591ad4204114bd6ab,False,"{""VRP-EVRP-Project-Hub"": {""dirty"": false, ""path"": ""/Users/guoyiyang/Documents/GitHub/FURP-2026-Yiyang-GUO-EVRP-TW/reference/VRP-EVRP-Project-Hub"", ""revision"": ""e3a890065105f978187e532642c4442522215e02""}, ""py-ga-VRPTW"": {""dirty"": false, ""path"": ""/Users/guoyiyang/Documents/GitHub/FURP-2026-Yiyang-GUO-EVRP-TW/reference/py-ga-VRPTW"", ""revision"": ""8e005caaaf6471a4505588d88c7f0f5e0d4ebffa""}}",stage02.3_constraint_guided_attempt16 + stage02.3_constraint_guided_rerun09,,preserve;see stage03_legacy_path_map.csv
stage03.0,measurement,stage03.0_measurement_attempt04,attempt04,stage03.0_measurement_attempt04,stage03_measurement_smoke04,smoke,rc101_21,2016,"[""c101C5"", ""r105C5"", ""rc105C5"", ""c101_21"", ""r101_21"", ""rc101_21""]","[2014, 2015, 2016]",trace,verified_legacy,results/stage03.0_measurement_attempt04/rc101_21/2016/stage03.0_measurement_attempt04_trace_rc101_21_2016.json,results/stage03-measurement_smoke04/traces/rc101_21-alns_stage02_constraint_guided-2016.json,feasible,,pass,READY_FOR_STAGE03_FORMAL_MEASUREMENT,not_applicable,pass,e0abbb522f07a1930eae7f7d589ba1d84c4320be16ab75d2618059d8fcbd8bf0,raw_manifest,380c6e5877faec191d00c501af697deb073d861a644b2fb71e106c31a6c4fca6,50ed2d642f7e5ab1c495f9d43526dbc7ced2cb6e3521d8207719409066db928a,272a3e58d53d4ba9516f01506164cf8a9b98bfeeb8dbd1fd62f6557e4c98e3a1,c0cd461ab7c4db2e082f293a1499162ddeafc2ced4d8a274bd3d4bca67cf6baf,b226b97e0e67288aaaf85726ad855df71cb81406685c57c8e8c40cd8996aa0da,9f211b67968e59dc04e8e31591ad4204114bd6ab,False,"{""VRP-EVRP-Project-Hub"": {""dirty"": false, ""path"": ""/Users/guoyiyang/Documents/GitHub/FURP-2026-Yiyang-GUO-EVRP-TW/reference/VRP-EVRP-Project-Hub"", ""revision"": ""e3a890065105f978187e532642c4442522215e02""}, ""py-ga-VRPTW"": {""dirty"": false, ""path"": ""/Users/guoyiyang/Documents/GitHub/FURP-2026-Yiyang-GUO-EVRP-TW/reference/py-ga-VRPTW"", ""revision"": ""8e005caaaf6471a4505588d88c7f0f5e0d4ebffa""}}",stage02.3_constraint_guided_attempt16 + stage02.3_constraint_guided_rerun09,,preserve;see stage03_legacy_path_map.csv
stage03.0,measurement,stage03.0_measurement_attempt04,attempt04,stage03.0_measurement_attempt04,stage03_measurement_smoke04,smoke,rc105C5,2014,"[""c101C5"", ""r105C5"", ""rc105C5"", ""c101_21"", ""r101_21"", ""rc101_21""]","[2014, 2015, 2016]",trace,verified_legacy,results/stage03.0_measurement_attempt04/rc105C5/2014/stage03.0_measurement_attempt04_trace_rc105C5_2014.json,results/stage03-measurement_smoke04/traces/rc105C5-alns_stage02_constraint_guided-2014.json,feasible,,pass,READY_FOR_STAGE03_FORMAL_MEASUREMENT,not_applicable,pass,9f907a0739a7b703d107917911004192755e73c5afe01c9de7b54ab0e40caa9a,raw_manifest,380c6e5877faec191d00c501af697deb073d861a644b2fb71e106c31a6c4fca6,50ed2d642f7e5ab1c495f9d43526dbc7ced2cb6e3521d8207719409066db928a,2ccfba6c447fa43a994934690acb67c7355ca04d232394907ed6938bc362c643,4e9ad7f905bf0f4279b3978ea0798a784af1b7dab453fd7601e7ceb74b74e1af,b226b97e0e67288aaaf85726ad855df71cb81406685c57c8e8c40cd8996aa0da,9f211b67968e59dc04e8e31591ad4204114bd6ab,False,"{""VRP-EVRP-Project-Hub"": {""dirty"": false, ""path"": ""/Users/guoyiyang/Documents/GitHub/FURP-2026-Yiyang-GUO-EVRP-TW/reference/VRP-EVRP-Project-Hub"", ""revision"": ""e3a890065105f978187e532642c4442522215e02""}, ""py-ga-VRPTW"": {""dirty"": false, ""path"": ""/Users/guoyiyang/Documents/GitHub/FURP-2026-Yiyang-GUO-EVRP-TW/reference/py-ga-VRPTW"", ""revision"": ""8e005caaaf6471a4505588d88c7f0f5e0d4ebffa""}}",stage02.3_constraint_guided_attempt16 + stage02.3_constraint_guided_rerun09,,preserve;see stage03_legacy_path_map.csv
stage03.0,measurement,stage03.0_measurement_attempt04,attempt04,stage03.0_measurement_attempt04,stage03_measurement_smoke04,smoke,rc105C5,2015,"[""c101C5"", ""r105C5"", ""rc105C5"", ""c101_21"", ""r101_21"", ""rc101_21""]","[2014, 2015, 2016]",trace,verified_legacy,results/stage03.0_measurement_attempt04/rc105C5/2015/stage03.0_measurement_attempt04_trace_rc105C5_2015.json,results/stage03-measurement_smoke04/traces/rc105C5-alns_stage02_constraint_guided-2015.json,feasible,,pass,READY_FOR_STAGE03_FORMAL_MEASUREMENT,not_applicable,pass,0bf75ca9bf6567ce412d846e2da439f5889fd6806e4f66f205bf895b2b9ee925,raw_manifest,380c6e5877faec191d00c501af697deb073d861a644b2fb71e106c31a6c4fca6,50ed2d642f7e5ab1c495f9d43526dbc7ced2cb6e3521d8207719409066db928a,2ccfba6c447fa43a994934690acb67c7355ca04d232394907ed6938bc362c643,b2705b893322aa901c188d536dbf7ffb1d6a9c0b07d4d8ba093546fa9155a701,b226b97e0e67288aaaf85726ad855df71cb81406685c57c8e8c40cd8996aa0da,9f211b67968e59dc04e8e31591ad4204114bd6ab,False,"{""VRP-EVRP-Project-Hub"": {""dirty"": false, ""path"": ""/Users/guoyiyang/Documents/GitHub/FURP-2026-Yiyang-GUO-EVRP-TW/reference/VRP-EVRP-Project-Hub"", ""revision"": ""e3a890065105f978187e532642c4442522215e02""}, ""py-ga-VRPTW"": {""dirty"": false, ""path"": ""/Users/guoyiyang/Documents/GitHub/FURP-2026-Yiyang-GUO-EVRP-TW/reference/py-ga-VRPTW"", ""revision"": ""8e005caaaf6471a4505588d88c7f0f5e0d4ebffa""}}",stage02.3_constraint_guided_attempt16 + stage02.3_constraint_guided_rerun09,,preserve;see stage03_legacy_path_map.csv
stage03.0,measurement,stage03.0_measurement_attempt04,attempt04,stage03.0_measurement_attempt04,stage03_measurement_smoke04,smoke,rc105C5,2016,"[""c101C5"", ""r105C5"", ""rc105C5"", ""c101_21"", ""r101_21"", ""rc101_21""]","[2014, 2015, 2016]",trace,verified_legacy,results/stage03.0_measurement_attempt04/rc105C5/2016/stage03.0_measurement_attempt04_trace_rc105C5_2016.json,results/stage03-measurement_smoke04/traces/rc105C5-alns_stage02_constraint_guided-2016.json,feasible,,pass,READY_FOR_STAGE03_FORMAL_MEASUREMENT,not_applicable,pass,71ea98ae9102abecaab008572a697f0e1ba6786ebce82fdce53c444650bd684c,raw_manifest,380c6e5877faec191d00c501af697deb073d861a644b2fb71e106c31a6c4fca6,50ed2d642f7e5ab1c495f9d43526dbc7ced2cb6e3521d8207719409066db928a,2ccfba6c447fa43a994934690acb67c7355ca04d232394907ed6938bc362c643,766578bed88811328d7b4bda0e23a5e4bd8c96e78240148c16f3b636a351b541,b226b97e0e67288aaaf85726ad855df71cb81406685c57c8e8c40cd8996aa0da,9f211b67968e59dc04e8e31591ad4204114bd6ab,False,"{""VRP-EVRP-Project-Hub"": {""dirty"": false, ""path"": ""/Users/guoyiyang/Documents/GitHub/FURP-2026-Yiyang-GUO-EVRP-TW/reference/VRP-EVRP-Project-Hub"", ""revision"": ""e3a890065105f978187e532642c4442522215e02""}, ""py-ga-VRPTW"": {""dirty"": false, ""path"": ""/Users/guoyiyang/Documents/GitHub/FURP-2026-Yiyang-GUO-EVRP-TW/reference/py-ga-VRPTW"", ""revision"": ""8e005caaaf6471a4505588d88c7f0f5e0d4ebffa""}}",stage02.3_constraint_guided_attempt16 + stage02.3_constraint_guided_rerun09,,preserve;see stage03_legacy_path_map.csv
stage03.0,measurement,stage03.0_measurement_attempt04,attempt04,stage03.0_measurement_attempt04,stage03_measurement_smoke04,smoke,__all__,__all__,"[""c101C5"", ""r105C5"", ""rc105C5"", ""c101_21"", ""r101_21"", ""rc101_21""]","[2014, 2015, 2016]",baseline_comparison,published_after_review,experiments/summaries/stage03.0_measurement_attempt04_baseline_comparison.csv,experiments/summaries/stage03_measurement_smoke04_baseline_comparison.csv,feasible,,pass,READY_FOR_STAGE03_FORMAL_MEASUREMENT,not_applicable,pass,2a6a0297f0dc33b291319571129e71982dfa8221abf5138a83e74ed97f9c3b01,tracked_summary,380c6e5877faec191d00c501af697deb073d861a644b2fb71e106c31a6c4fca6,50ed2d642f7e5ab1c495f9d43526dbc7ced2cb6e3521d8207719409066db928a,,,b226b97e0e67288aaaf85726ad855df71cb81406685c57c8e8c40cd8996aa0da,9f211b67968e59dc04e8e31591ad4204114bd6ab,False,"{""VRP-EVRP-Project-Hub"": {""dirty"": false, ""path"": ""/Users/guoyiyang/Documents/GitHub/FURP-2026-Yiyang-GUO-EVRP-TW/reference/VRP-EVRP-Project-Hub"", ""revision"": ""e3a890065105f978187e532642c4442522215e02""}, ""py-ga-VRPTW"": {""dirty"": false, ""path"": ""/Users/guoyiyang/Documents/GitHub/FURP-2026-Yiyang-GUO-EVRP-TW/reference/py-ga-VRPTW"", ""revision"": ""8e005caaaf6471a4505588d88c7f0f5e0d4ebffa""}}",stage02.3_constraint_guided_attempt16 + stage02.3_constraint_guided_rerun09,,preserve;canonical summary name is registry-only
stage03.0,measurement,stage03.0_measurement_attempt04,attempt04,stage03.0_measurement_attempt04,stage03_measurement_smoke04,smoke,__all__,__all__,"[""c101C5"", ""r105C5"", ""rc105C5"", ""c101_21"", ""r101_21"", ""rc101_21""]","[2014, 2015, 2016]",deadline_report,published_after_review,experiments/summaries/stage03.0_measurement_attempt04_deadline_report.csv,experiments/summaries/stage03_measurement_smoke04_deadline_report.csv,feasible,,pass,READY_FOR_STAGE03_FORMAL_MEASUREMENT,not_applicable,pass,d06483cc1e191db1e2d15c27d2887fe6adbaa6c1933538e78add56e86f4c6065,tracked_summary,380c6e5877faec191d00c501af697deb073d861a644b2fb71e106c31a6c4fca6,50ed2d642f7e5ab1c495f9d43526dbc7ced2cb6e3521d8207719409066db928a,,,b226b97e0e67288aaaf85726ad855df71cb81406685c57c8e8c40cd8996aa0da,9f211b67968e59dc04e8e31591ad4204114bd6ab,False,"{""VRP-EVRP-Project-Hub"": {""dirty"": false, ""path"": ""/Users/guoyiyang/Documents/GitHub/FURP-2026-Yiyang-GUO-EVRP-TW/reference/VRP-EVRP-Project-Hub"", ""revision"": ""e3a890065105f978187e532642c4442522215e02""}, ""py-ga-VRPTW"": {""dirty"": false, ""path"": ""/Users/guoyiyang/Documents/GitHub/FURP-2026-Yiyang-GUO-EVRP-TW/reference/py-ga-VRPTW"", ""revision"": ""8e005caaaf6471a4505588d88c7f0f5e0d4ebffa""}}",stage02.3_constraint_guided_attempt16 + stage02.3_constraint_guided_rerun09,,preserve;canonical summary name is registry-only
stage03.0,measurement,stage03.0_measurement_attempt04,attempt04,stage03.0_measurement_attempt04,stage03_measurement_smoke04,smoke,__all__,__all__,"[""c101C5"", ""r105C5"", ""rc105C5"", ""c101_21"", ""r101_21"", ""rc101_21""]","[2014, 2015, 2016]",per_run_results,published_after_review,experiments/summaries/stage03.0_measurement_attempt04_per_run_results.csv,experiments/summaries/stage03_measurement_smoke04_per_run_results.csv,feasible,,pass,READY_FOR_STAGE03_FORMAL_MEASUREMENT,not_applicable,pass,5badc82528a33d0dd538404ac328658fef5e2ed1b5ec664ce948414ed93f8b74,tracked_summary,380c6e5877faec191d00c501af697deb073d861a644b2fb71e106c31a6c4fca6,50ed2d642f7e5ab1c495f9d43526dbc7ced2cb6e3521d8207719409066db928a,,,b226b97e0e67288aaaf85726ad855df71cb81406685c57c8e8c40cd8996aa0da,9f211b67968e59dc04e8e31591ad4204114bd6ab,False,"{""VRP-EVRP-Project-Hub"": {""dirty"": false, ""path"": ""/Users/guoyiyang/Documents/GitHub/FURP-2026-Yiyang-GUO-EVRP-TW/reference/VRP-EVRP-Project-Hub"", ""revision"": ""e3a890065105f978187e532642c4442522215e02""}, ""py-ga-VRPTW"": {""dirty"": false, ""path"": ""/Users/guoyiyang/Documents/GitHub/FURP-2026-Yiyang-GUO-EVRP-TW/reference/py-ga-VRPTW"", ""revision"": ""8e005caaaf6471a4505588d88c7f0f5e0d4ebffa""}}",stage02.3_constraint_guided_attempt16 + stage02.3_constraint_guided_rerun09,,preserve;canonical summary name is registry-only
stage03.0,measurement,stage03.0_measurement_attempt04,attempt04,stage03.0_measurement_attempt04,stage03_measurement_smoke04,smoke,__all__,__all__,"[""c101C5"", ""r105C5"", ""rc105C5"", ""c101_21"", ""r101_21"", ""rc101_21""]","[2014, 2015, 2016]",review_findings,published_after_review,experiments/summaries/stage03.0_measurement_attempt04_review_findings.csv,experiments/summaries/stage03_measurement_smoke04_review_findings.csv,feasible,,pass,READY_FOR_STAGE03_FORMAL_MEASUREMENT,not_applicable,pass,fad3d77c14514b5cf1d24aa9549120b499535a76aad2483eae60918181243607,tracked_summary,380c6e5877faec191d00c501af697deb073d861a644b2fb71e106c31a6c4fca6,50ed2d642f7e5ab1c495f9d43526dbc7ced2cb6e3521d8207719409066db928a,,,b226b97e0e67288aaaf85726ad855df71cb81406685c57c8e8c40cd8996aa0da,9f211b67968e59dc04e8e31591ad4204114bd6ab,False,"{""VRP-EVRP-Project-Hub"": {""dirty"": false, ""path"": ""/Users/guoyiyang/Documents/GitHub/FURP-2026-Yiyang-GUO-EVRP-TW/reference/VRP-EVRP-Project-Hub"", ""revision"": ""e3a890065105f978187e532642c4442522215e02""}, ""py-ga-VRPTW"": {""dirty"": false, ""path"": ""/Users/guoyiyang/Documents/GitHub/FURP-2026-Yiyang-GUO-EVRP-TW/reference/py-ga-VRPTW"", ""revision"": ""8e005caaaf6471a4505588d88c7f0f5e0d4ebffa""}}",stage02.3_constraint_guided_attempt16 + stage02.3_constraint_guided_rerun09,,preserve;canonical summary name is registry-only
stage03.0,measurement,stage03.0_measurement_attempt04,attempt04,stage03.0_measurement_attempt04,stage03_measurement_smoke04,smoke,__all__,__all__,"[""c101C5"", ""r105C5"", ""rc105C5"", ""c101_21"", ""r101_21"", ""rc101_21""]","[2014, 2015, 2016]",manifest,published_after_review,experiments/summaries/stage03.0_measurement_attempt04_manifest.json,experiments/summaries/stage03_measurement_smoke04_review_manifest.json,feasible,,pass,READY_FOR_STAGE03_FORMAL_MEASUREMENT,not_applicable,pass,1b3288796499035d4b6bcdbc27b0e2f40b2f177be339222912f4ad5dbf0c42ff,tracked_summary,380c6e5877faec191d00c501af697deb073d861a644b2fb71e106c31a6c4fca6,50ed2d642f7e5ab1c495f9d43526dbc7ced2cb6e3521d8207719409066db928a,,,b226b97e0e67288aaaf85726ad855df71cb81406685c57c8e8c40cd8996aa0da,9f211b67968e59dc04e8e31591ad4204114bd6ab,False,"{""VRP-EVRP-Project-Hub"": {""dirty"": false, ""path"": ""/Users/guoyiyang/Documents/GitHub/FURP-2026-Yiyang-GUO-EVRP-TW/reference/VRP-EVRP-Project-Hub"", ""revision"": ""e3a890065105f978187e532642c4442522215e02""}, ""py-ga-VRPTW"": {""dirty"": false, ""path"": ""/Users/guoyiyang/Documents/GitHub/FURP-2026-Yiyang-GUO-EVRP-TW/reference/py-ga-VRPTW"", ""revision"": ""8e005caaaf6471a4505588d88c7f0f5e0d4ebffa""}}",stage02.3_constraint_guided_attempt16 + stage02.3_constraint_guided_rerun09,,preserve;canonical summary name is registry-only
stage03.0,measurement,stage03.0_measurement_attempt04,attempt04,stage03.0_measurement_attempt04,stage03_measurement_smoke04,smoke,__all__,__all__,"[""c101C5"", ""r105C5"", ""rc105C5"", ""c101_21"", ""r101_21"", ""rc101_21""]","[2014, 2015, 2016]",review_report,published_after_review,experiments/summaries/stage03.0_measurement_attempt04_review_report.md,experiments/summaries/stage03_measurement_smoke04_review_report.md,feasible,,pass,READY_FOR_STAGE03_FORMAL_MEASUREMENT,not_applicable,pass,4e225b894574ebe42c023e2628f95ae774d68941406b11df3e5af5f301f795cc,tracked_summary,380c6e5877faec191d00c501af697deb073d861a644b2fb71e106c31a6c4fca6,50ed2d642f7e5ab1c495f9d43526dbc7ced2cb6e3521d8207719409066db928a,,,b226b97e0e67288aaaf85726ad855df71cb81406685c57c8e8c40cd8996aa0da,9f211b67968e59dc04e8e31591ad4204114bd6ab,False,"{""VRP-EVRP-Project-Hub"": {""dirty"": false, ""path"": ""/Users/guoyiyang/Documents/GitHub/FURP-2026-Yiyang-GUO-EVRP-TW/reference/VRP-EVRP-Project-Hub"", ""revision"": ""e3a890065105f978187e532642c4442522215e02""}, ""py-ga-VRPTW"": {""dirty"": false, ""path"": ""/Users/guoyiyang/Documents/GitHub/FURP-2026-Yiyang-GUO-EVRP-TW/reference/py-ga-VRPTW"", ""revision"": ""8e005caaaf6471a4505588d88c7f0f5e0d4ebffa""}}",stage02.3_constraint_guided_attempt16 + stage02.3_constraint_guided_rerun09,,preserve;canonical summary name is registry-only
stage03.0,measurement,stage03.0_measurement_attempt04,attempt04,stage03.0_measurement_attempt04,stage03_measurement_smoke04,smoke,__all__,__all__,"[""c101C5"", ""r105C5"", ""rc105C5"", ""c101_21"", ""r101_21"", ""rc101_21""]","[2014, 2015, 2016]",stage03_readiness,published_after_review,experiments/summaries/stage03.0_measurement_attempt04_stage03_readiness.csv,experiments/summaries/stage03_measurement_smoke04_stage03_readiness.csv,feasible,,pass,READY_FOR_STAGE03_FORMAL_MEASUREMENT,not_applicable,pass,2a2b296ce1b2c4badd2c697ca0af784c25f0f54c06ade717744e29165c71b5a1,tracked_summary,380c6e5877faec191d00c501af697deb073d861a644b2fb71e106c31a6c4fca6,50ed2d642f7e5ab1c495f9d43526dbc7ced2cb6e3521d8207719409066db928a,,,b226b97e0e67288aaaf85726ad855df71cb81406685c57c8e8c40cd8996aa0da,9f211b67968e59dc04e8e31591ad4204114bd6ab,False,"{""VRP-EVRP-Project-Hub"": {""dirty"": false, ""path"": ""/Users/guoyiyang/Documents/GitHub/FURP-2026-Yiyang-GUO-EVRP-TW/reference/VRP-EVRP-Project-Hub"", ""revision"": ""e3a890065105f978187e532642c4442522215e02""}, ""py-ga-VRPTW"": {""dirty"": false, ""path"": ""/Users/guoyiyang/Documents/GitHub/FURP-2026-Yiyang-GUO-EVRP-TW/reference/py-ga-VRPTW"", ""revision"": ""8e005caaaf6471a4505588d88c7f0f5e0d4ebffa""}}",stage02.3_constraint_guided_attempt16 + stage02.3_constraint_guided_rerun09,,preserve;canonical summary name is registry-only
stage03.0,measurement,stage03.0_measurement_attempt04,attempt04,stage03.0_measurement_attempt04,stage03_measurement_smoke04,smoke,__all__,__all__,"[""c101C5"", ""r105C5"", ""rc105C5"", ""c101_21"", ""r101_21"", ""rc101_21""]","[2014, 2015, 2016]",summary_results,published_after_review,experiments/summaries/stage03.0_measurement_attempt04_summary_results.csv,experiments/summaries/stage03_measurement_smoke04_summary_results.csv,feasible,,pass,READY_FOR_STAGE03_FORMAL_MEASUREMENT,not_applicable,pass,2b5e62ba8048eeaa4c876284123f430e330465943c20dfbc27fcd4b12c0d5b86,tracked_summary,380c6e5877faec191d00c501af697deb073d861a644b2fb71e106c31a6c4fca6,50ed2d642f7e5ab1c495f9d43526dbc7ced2cb6e3521d8207719409066db928a,,,b226b97e0e67288aaaf85726ad855df71cb81406685c57c8e8c40cd8996aa0da,9f211b67968e59dc04e8e31591ad4204114bd6ab,False,"{""VRP-EVRP-Project-Hub"": {""dirty"": false, ""path"": ""/Users/guoyiyang/Documents/GitHub/FURP-2026-Yiyang-GUO-EVRP-TW/reference/VRP-EVRP-Project-Hub"", ""revision"": ""e3a890065105f978187e532642c4442522215e02""}, ""py-ga-VRPTW"": {""dirty"": false, ""path"": ""/Users/guoyiyang/Documents/GitHub/FURP-2026-Yiyang-GUO-EVRP-TW/reference/py-ga-VRPTW"", ""revision"": ""8e005caaaf6471a4505588d88c7f0f5e0d4ebffa""}}",stage02.3_constraint_guided_attempt16 + stage02.3_constraint_guided_rerun09,,preserve;canonical summary name is registry-only
stage03.0,measurement,stage03.0_measurement_attempt04,attempt04,stage03.0_measurement_attempt04,stage03_measurement_smoke04,smoke,__all__,__all__,"[""c101C5"", ""r105C5"", ""rc105C5"", ""c101_21"", ""r101_21"", ""rc101_21""]","[2014, 2015, 2016]",trace_reconciliation,published_after_review,experiments/summaries/stage03.0_measurement_attempt04_trace_reconciliation.csv,experiments/summaries/stage03_measurement_smoke04_trace_reconciliation.csv,feasible,,pass,READY_FOR_STAGE03_FORMAL_MEASUREMENT,not_applicable,pass,5099c4e19b8319529c289fbd3239ad1f897979a2cfcf285c5c6ce3f3d037bc0c,tracked_summary,380c6e5877faec191d00c501af697deb073d861a644b2fb71e106c31a6c4fca6,50ed2d642f7e5ab1c495f9d43526dbc7ced2cb6e3521d8207719409066db928a,,,b226b97e0e67288aaaf85726ad855df71cb81406685c57c8e8c40cd8996aa0da,9f211b67968e59dc04e8e31591ad4204114bd6ab,False,"{""VRP-EVRP-Project-Hub"": {""dirty"": false, ""path"": ""/Users/guoyiyang/Documents/GitHub/FURP-2026-Yiyang-GUO-EVRP-TW/reference/VRP-EVRP-Project-Hub"", ""revision"": ""e3a890065105f978187e532642c4442522215e02""}, ""py-ga-VRPTW"": {""dirty"": false, ""path"": ""/Users/guoyiyang/Documents/GitHub/FURP-2026-Yiyang-GUO-EVRP-TW/reference/py-ga-VRPTW"", ""revision"": ""8e005caaaf6471a4505588d88c7f0f5e0d4ebffa""}}",stage02.3_constraint_guided_attempt16 + stage02.3_constraint_guided_rerun09,,preserve;canonical summary name is registry-only
stage03.0,measurement,stage03.0_measurement_attempt05,attempt05,stage03.0_measurement_attempt05,stage03_measurement_formal01,formal,__all__,__all__,"[""c101C5"", ""r105C5"", ""rc105C5"", ""c104C10"", ""r103C10"", ""rc102C10"", ""c106C15"", ""r105C15"", ""rc103C15"", ""c101_21"", ""r101_21"", ""rc101_21""]","[2014, 2015, 2016]",environment,verified_legacy,results/stage03.0_measurement_attempt05/control/stage03.0_measurement_attempt05_environment.json,results/stage03-measurement_formal01/environment.json,feasible,,pass,NOT_READY_FOR_STAGE03_1,READY_FOR_STAGE03_ACCELERATION,pass,9e6d4e3bf8ffe45fce09f9d0311170cb4b1100fec1c7cef83d66a5cc0f32d1dc,raw_manifest,380c6e5877faec191d00c501af697deb073d861a644b2fb71e106c31a6c4fca6,50ed2d642f7e5ab1c495f9d43526dbc7ced2cb6e3521d8207719409066db928a,,,b226b97e0e67288aaaf85726ad855df71cb81406685c57c8e8c40cd8996aa0da,44b932fba181327b08895693ec5b3fd78831a818,False,"{""VRP-EVRP-Project-Hub"": {""dirty"": false, ""path"": ""/Users/guoyiyang/Documents/GitHub/FURP-2026-Yiyang-GUO-EVRP-TW/reference/VRP-EVRP-Project-Hub"", ""revision"": ""e3a890065105f978187e532642c4442522215e02""}, ""py-ga-VRPTW"": {""dirty"": false, ""path"": ""/Users/guoyiyang/Documents/GitHub/FURP-2026-Yiyang-GUO-EVRP-TW/reference/py-ga-VRPTW"", ""revision"": ""8e005caaaf6471a4505588d88c7f0f5e0d4ebffa""}}",stage02.3_constraint_guided_attempt16 + stage02.3_constraint_guided_rerun09,,preserve;see stage03_legacy_path_map.csv
stage03.0,measurement,stage03.0_measurement_attempt05,attempt05,stage03.0_measurement_attempt05,stage03_measurement_formal01,formal,c101C5,2014,"[""c101C5"", ""r105C5"", ""rc105C5"", ""c104C10"", ""r103C10"", ""rc102C10"", ""c106C15"", ""r105C15"", ""rc103C15"", ""c101_21"", ""r101_21"", ""rc101_21""]","[2014, 2015, 2016]",environment,verified_legacy,results/stage03.0_measurement_attempt05/c101C5/2014/stage03.0_measurement_attempt05_environment_c101C5_2014.json,results/stage03-measurement_formal01/environments/c101C5-alns_stage02_constraint_guided-2014.json,feasible,,pass,NOT_READY_FOR_STAGE03_1,READY_FOR_STAGE03_ACCELERATION,pass,8673608bc62a7ca20815af82b9e17d08d9ff77d0dc8fd5edb5047c9811907adf,raw_manifest,380c6e5877faec191d00c501af697deb073d861a644b2fb71e106c31a6c4fca6,50ed2d642f7e5ab1c495f9d43526dbc7ced2cb6e3521d8207719409066db928a,8612d6d9aad051776097a5e50c7408f39352b8107b0639d58e5eda713f9ff876,0c36cb1a4a9947b60a1f68c7f7dfa87af8697fcac47f230c0cc84190797efff9,b226b97e0e67288aaaf85726ad855df71cb81406685c57c8e8c40cd8996aa0da,44b932fba181327b08895693ec5b3fd78831a818,False,"{""VRP-EVRP-Project-Hub"": {""dirty"": false, ""path"": ""/Users/guoyiyang/Documents/GitHub/FURP-2026-Yiyang-GUO-EVRP-TW/reference/VRP-EVRP-Project-Hub"", ""revision"": ""e3a890065105f978187e532642c4442522215e02""}, ""py-ga-VRPTW"": {""dirty"": false, ""path"": ""/Users/guoyiyang/Documents/GitHub/FURP-2026-Yiyang-GUO-EVRP-TW/reference/py-ga-VRPTW"", ""revision"": ""8e005caaaf6471a4505588d88c7f0f5e0d4ebffa""}}",stage02.3_constraint_guided_attempt16 + stage02.3_constraint_guided_rerun09,,preserve;see stage03_legacy_path_map.csv
stage03.0,measurement,stage03.0_measurement_attempt05,attempt05,stage03.0_measurement_attempt05,stage03_measurement_formal01,formal,c101C5,2015,"[""c101C5"", ""r105C5"", ""rc105C5"", ""c104C10"", ""r103C10"", ""rc102C10"", ""c106C15"", ""r105C15"", ""rc103C15"", ""c101_21"", ""r101_21"", ""rc101_21""]","[2014, 2015, 2016]",environment,verified_legacy,results/stage03.0_measurement_attempt05/c101C5/2015/stage03.0_measurement_attempt05_environment_c101C5_2015.json,results/stage03-measurement_formal01/environments/c101C5-alns_stage02_constraint_guided-2015.json,feasible,,pass,NOT_READY_FOR_STAGE03_1,READY_FOR_STAGE03_ACCELERATION,pass,849524d88ac6552d1ace97c330300e572f7b62a502fdd3b5da696d4fd1614083,raw_manifest,380c6e5877faec191d00c501af697deb073d861a644b2fb71e106c31a6c4fca6,50ed2d642f7e5ab1c495f9d43526dbc7ced2cb6e3521d8207719409066db928a,8612d6d9aad051776097a5e50c7408f39352b8107b0639d58e5eda713f9ff876,d533183dafebaacdde28fca30e069d4c4ee979ddfdf1b04ae7c0167d0e50a1bc,b226b97e0e67288aaaf85726ad855df71cb81406685c57c8e8c40cd8996aa0da,44b932fba181327b08895693ec5b3fd78831a818,False,"{""VRP-EVRP-Project-Hub"": {""dirty"": false, ""path"": ""/Users/guoyiyang/Documents/GitHub/FURP-2026-Yiyang-GUO-EVRP-TW/reference/VRP-EVRP-Project-Hub"", ""revision"": ""e3a890065105f978187e532642c4442522215e02""}, ""py-ga-VRPTW"": {""dirty"": false, ""path"": ""/Users/guoyiyang/Documents/GitHub/FURP-2026-Yiyang-GUO-EVRP-TW/reference/py-ga-VRPTW"", ""revision"": ""8e005caaaf6471a4505588d88c7f0f5e0d4ebffa""}}",stage02.3_constraint_guided_attempt16 + stage02.3_constraint_guided_rerun09,,preserve;see stage03_legacy_path_map.csv
stage03.0,measurement,stage03.0_measurement_attempt05,attempt05,stage03.0_measurement_attempt05,stage03_measurement_formal01,formal,c101C5,2016,"[""c101C5"", ""r105C5"", ""rc105C5"", ""c104C10"", ""r103C10"", ""rc102C10"", ""c106C15"", ""r105C15"", ""rc103C15"", ""c101_21"", ""r101_21"", ""rc101_21""]","[2014, 2015, 2016]",environment,verified_legacy,results/stage03.0_measurement_attempt05/c101C5/2016/stage03.0_measurement_attempt05_environment_c101C5_2016.json,results/stage03-measurement_formal01/environments/c101C5-alns_stage02_constraint_guided-2016.json,feasible,,pass,NOT_READY_FOR_STAGE03_1,READY_FOR_STAGE03_ACCELERATION,pass,dac07a0e3a2b0ae00ce5a2892a8590693a122fba0ec392c1abcc6abc5a3a5b95,raw_manifest,380c6e5877faec191d00c501af697deb073d861a644b2fb71e106c31a6c4fca6,50ed2d642f7e5ab1c495f9d43526dbc7ced2cb6e3521d8207719409066db928a,8612d6d9aad051776097a5e50c7408f39352b8107b0639d58e5eda713f9ff876,b30dc1471ace08074befd3141254bf0e665e4702a042eab513b16cd0de516d0a,b226b97e0e67288aaaf85726ad855df71cb81406685c57c8e8c40cd8996aa0da,44b932fba181327b08895693ec5b3fd78831a818,False,"{""VRP-EVRP-Project-Hub"": {""dirty"": false, ""path"": ""/Users/guoyiyang/Documents/GitHub/FURP-2026-Yiyang-GUO-EVRP-TW/reference/VRP-EVRP-Project-Hub"", ""revision"": ""e3a890065105f978187e532642c4442522215e02""}, ""py-ga-VRPTW"": {""dirty"": false, ""path"": ""/Users/guoyiyang/Documents/GitHub/FURP-2026-Yiyang-GUO-EVRP-TW/reference/py-ga-VRPTW"", ""revision"": ""8e005caaaf6471a4505588d88c7f0f5e0d4ebffa""}}",stage02.3_constraint_guided_attempt16 + stage02.3_constraint_guided_rerun09,,preserve;see stage03_legacy_path_map.csv
stage03.0,measurement,stage03.0_measurement_attempt05,attempt05,stage03.0_measurement_attempt05,stage03_measurement_formal01,formal,c101_21,2014,"[""c101C5"", ""r105C5"", ""rc105C5"", ""c104C10"", ""r103C10"", ""rc102C10"", ""c106C15"", ""r105C15"", ""rc103C15"", ""c101_21"", ""r101_21"", ""rc101_21""]","[2014, 2015, 2016]",environment,verified_legacy,results/stage03.0_measurement_attempt05/c101_21/2014/stage03.0_measurement_attempt05_environment_c101_21_2014.json,results/stage03-measurement_formal01/environments/c101_21-alns_stage02_constraint_guided-2014.json,feasible,,pass,NOT_READY_FOR_STAGE03_1,READY_FOR_STAGE03_ACCELERATION,pass,d812b06e5c1a6f3d647bc51e43c7fbe9a5c04a6593ef33f33de046402aa4e5d6,raw_manifest,380c6e5877faec191d00c501af697deb073d861a644b2fb71e106c31a6c4fca6,50ed2d642f7e5ab1c495f9d43526dbc7ced2cb6e3521d8207719409066db928a,c5cda6ca63a7d518902cf4b02d98b4aa0f373aaa0658d5c666d1c46d38871cb9,f7e159e3be7f08ea6703e81679a159d52856c79d01ce5d0facde6aa9ea475d75,b226b97e0e67288aaaf85726ad855df71cb81406685c57c8e8c40cd8996aa0da,44b932fba181327b08895693ec5b3fd78831a818,False,"{""VRP-EVRP-Project-Hub"": {""dirty"": false, ""path"": ""/Users/guoyiyang/Documents/GitHub/FURP-2026-Yiyang-GUO-EVRP-TW/reference/VRP-EVRP-Project-Hub"", ""revision"": ""e3a890065105f978187e532642c4442522215e02""}, ""py-ga-VRPTW"": {""dirty"": false, ""path"": ""/Users/guoyiyang/Documents/GitHub/FURP-2026-Yiyang-GUO-EVRP-TW/reference/py-ga-VRPTW"", ""revision"": ""8e005caaaf6471a4505588d88c7f0f5e0d4ebffa""}}",stage02.3_constraint_guided_attempt16 + stage02.3_constraint_guided_rerun09,,preserve;see stage03_legacy_path_map.csv
stage03.0,measurement,stage03.0_measurement_attempt05,attempt05,stage03.0_measurement_attempt05,stage03_measurement_formal01,formal,c101_21,2015,"[""c101C5"", ""r105C5"", ""rc105C5"", ""c104C10"", ""r103C10"", ""rc102C10"", ""c106C15"", ""r105C15"", ""rc103C15"", ""c101_21"", ""r101_21"", ""rc101_21""]","[2014, 2015, 2016]",environment,verified_legacy,results/stage03.0_measurement_attempt05/c101_21/2015/stage03.0_measurement_attempt05_environment_c101_21_2015.json,results/stage03-measurement_formal01/environments/c101_21-alns_stage02_constraint_guided-2015.json,feasible,,pass,NOT_READY_FOR_STAGE03_1,READY_FOR_STAGE03_ACCELERATION,pass,668b48188669d51ab77d95716ae9f5139e900dbdf1a3946aca313c18627bc6d7,raw_manifest,380c6e5877faec191d00c501af697deb073d861a644b2fb71e106c31a6c4fca6,50ed2d642f7e5ab1c495f9d43526dbc7ced2cb6e3521d8207719409066db928a,c5cda6ca63a7d518902cf4b02d98b4aa0f373aaa0658d5c666d1c46d38871cb9,e260b80680ba3fa05bcd8648e18c57d62acb891fa594c880104ab6e88acb7861,b226b97e0e67288aaaf85726ad855df71cb81406685c57c8e8c40cd8996aa0da,44b932fba181327b08895693ec5b3fd78831a818,False,"{""VRP-EVRP-Project-Hub"": {""dirty"": false, ""path"": ""/Users/guoyiyang/Documents/GitHub/FURP-2026-Yiyang-GUO-EVRP-TW/reference/VRP-EVRP-Project-Hub"", ""revision"": ""e3a890065105f978187e532642c4442522215e02""}, ""py-ga-VRPTW"": {""dirty"": false, ""path"": ""/Users/guoyiyang/Documents/GitHub/FURP-2026-Yiyang-GUO-EVRP-TW/reference/py-ga-VRPTW"", ""revision"": ""8e005caaaf6471a4505588d88c7f0f5e0d4ebffa""}}",stage02.3_constraint_guided_attempt16 + stage02.3_constraint_guided_rerun09,,preserve;see stage03_legacy_path_map.csv
stage03.0,measurement,stage03.0_measurement_attempt05,attempt05,stage03.0_measurement_attempt05,stage03_measurement_formal01,formal,c101_21,2016,"[""c101C5"", ""r105C5"", ""rc105C5"", ""c104C10"", ""r103C10"", ""rc102C10"", ""c106C15"", ""r105C15"", ""rc103C15"", ""c101_21"", ""r101_21"", ""rc101_21""]","[2014, 2015, 2016]",environment,verified_legacy,results/stage03.0_measurement_attempt05/c101_21/2016/stage03.0_measurement_attempt05_environment_c101_21_2016.json,results/stage03-measurement_formal01/environments/c101_21-alns_stage02_constraint_guided-2016.json,feasible,,pass,NOT_READY_FOR_STAGE03_1,READY_FOR_STAGE03_ACCELERATION,pass,51d911164aab0d807b385e38617dcc884c7dd1b082a304b5dc83c5e2215f48cd,raw_manifest,380c6e5877faec191d00c501af697deb073d861a644b2fb71e106c31a6c4fca6,50ed2d642f7e5ab1c495f9d43526dbc7ced2cb6e3521d8207719409066db928a,c5cda6ca63a7d518902cf4b02d98b4aa0f373aaa0658d5c666d1c46d38871cb9,8b7572e435a62bf6b7ff74b6b2c99516521942bb0cdcf0392e72ae9b5a34157c,b226b97e0e67288aaaf85726ad855df71cb81406685c57c8e8c40cd8996aa0da,44b932fba181327b08895693ec5b3fd78831a818,False,"{""VRP-EVRP-Project-Hub"": {""dirty"": false, ""path"": ""/Users/guoyiyang/Documents/GitHub/FURP-2026-Yiyang-GUO-EVRP-TW/reference/VRP-EVRP-Project-Hub"", ""revision"": ""e3a890065105f978187e532642c4442522215e02""}, ""py-ga-VRPTW"": {""dirty"": false, ""path"": ""/Users/guoyiyang/Documents/GitHub/FURP-2026-Yiyang-GUO-EVRP-TW/reference/py-ga-VRPTW"", ""revision"": ""8e005caaaf6471a4505588d88c7f0f5e0d4ebffa""}}",stage02.3_constraint_guided_attempt16 + stage02.3_constraint_guided_rerun09,,preserve;see stage03_legacy_path_map.csv
stage03.0,measurement,stage03.0_measurement_attempt05,attempt05,stage03.0_measurement_attempt05,stage03_measurement_formal01,formal,c104C10,2014,"[""c101C5"", ""r105C5"", ""rc105C5"", ""c104C10"", ""r103C10"", ""rc102C10"", ""c106C15"", ""r105C15"", ""rc103C15"", ""c101_21"", ""r101_21"", ""rc101_21""]","[2014, 2015, 2016]",environment,verified_legacy,results/stage03.0_measurement_attempt05/c104C10/2014/stage03.0_measurement_attempt05_environment_c104C10_2014.json,results/stage03-measurement_formal01/environments/c104C10-alns_stage02_constraint_guided-2014.json,feasible,,pass,NOT_READY_FOR_STAGE03_1,READY_FOR_STAGE03_ACCELERATION,pass,d2cff389b93838bb878bfb69bc146d19b8976c9ec844e7447711c7138f4bbc95,raw_manifest,380c6e5877faec191d00c501af697deb073d861a644b2fb71e106c31a6c4fca6,50ed2d642f7e5ab1c495f9d43526dbc7ced2cb6e3521d8207719409066db928a,f7816af706c1cf32dacaee45c710ff93ce53c9b56d17df657044e61e63d2c04b,367a22b89e90c1bdf8d63fd5ea763328e9159076b8848d2e557141e2ed32f465,b226b97e0e67288aaaf85726ad855df71cb81406685c57c8e8c40cd8996aa0da,44b932fba181327b08895693ec5b3fd78831a818,False,"{""VRP-EVRP-Project-Hub"": {""dirty"": false, ""path"": ""/Users/guoyiyang/Documents/GitHub/FURP-2026-Yiyang-GUO-EVRP-TW/reference/VRP-EVRP-Project-Hub"", ""revision"": ""e3a890065105f978187e532642c4442522215e02""}, ""py-ga-VRPTW"": {""dirty"": false, ""path"": ""/Users/guoyiyang/Documents/GitHub/FURP-2026-Yiyang-GUO-EVRP-TW/reference/py-ga-VRPTW"", ""revision"": ""8e005caaaf6471a4505588d88c7f0f5e0d4ebffa""}}",stage02.3_constraint_guided_attempt16 + stage02.3_constraint_guided_rerun09,,preserve;see stage03_legacy_path_map.csv
stage03.0,measurement,stage03.0_measurement_attempt05,attempt05,stage03.0_measurement_attempt05,stage03_measurement_formal01,formal,c104C10,2015,"[""c101C5"", ""r105C5"", ""rc105C5"", ""c104C10"", ""r103C10"", ""rc102C10"", ""c106C15"", ""r105C15"", ""rc103C15"", ""c101_21"", ""r101_21"", ""rc101_21""]","[2014, 2015, 2016]",environment,verified_legacy,results/stage03.0_measurement_attempt05/c104C10/2015/stage03.0_measurement_attempt05_environment_c104C10_2015.json,results/stage03-measurement_formal01/environments/c104C10-alns_stage02_constraint_guided-2015.json,feasible,,pass,NOT_READY_FOR_STAGE03_1,READY_FOR_STAGE03_ACCELERATION,pass,2684c9c2eb841ad7f6bc4efb9525c07691c76bf335f97a72e7cb897142e7fabe,raw_manifest,380c6e5877faec191d00c501af697deb073d861a644b2fb71e106c31a6c4fca6,50ed2d642f7e5ab1c495f9d43526dbc7ced2cb6e3521d8207719409066db928a,f7816af706c1cf32dacaee45c710ff93ce53c9b56d17df657044e61e63d2c04b,f00d2705b26d1964dd268ad60436629229122c48af0f551cfb57afd17c9b2717,b226b97e0e67288aaaf85726ad855df71cb81406685c57c8e8c40cd8996aa0da,44b932fba181327b08895693ec5b3fd78831a818,False,"{""VRP-EVRP-Project-Hub"": {""dirty"": false, ""path"": ""/Users/guoyiyang/Documents/GitHub/FURP-2026-Yiyang-GUO-EVRP-TW/reference/VRP-EVRP-Project-Hub"", ""revision"": ""e3a890065105f978187e532642c4442522215e02""}, ""py-ga-VRPTW"": {""dirty"": false, ""path"": ""/Users/guoyiyang/Documents/GitHub/FURP-2026-Yiyang-GUO-EVRP-TW/reference/py-ga-VRPTW"", ""revision"": ""8e005caaaf6471a4505588d88c7f0f5e0d4ebffa""}}",stage02.3_constraint_guided_attempt16 + stage02.3_constraint_guided_rerun09,,preserve;see stage03_legacy_path_map.csv
stage03.0,measurement,stage03.0_measurement_attempt05,attempt05,stage03.0_measurement_attempt05,stage03_measurement_formal01,formal,c104C10,2016,"[""c101C5"", ""r105C5"", ""rc105C5"", ""c104C10"", ""r103C10"", ""rc102C10"", ""c106C15"", ""r105C15"", ""rc103C15"", ""c101_21"", ""r101_21"", ""rc101_21""]","[2014, 2015, 2016]",environment,verified_legacy,results/stage03.0_measurement_attempt05/c104C10/2016/stage03.0_measurement_attempt05_environment_c104C10_2016.json,results/stage03-measurement_formal01/environments/c104C10-alns_stage02_constraint_guided-2016.json,feasible,,pass,NOT_READY_FOR_STAGE03_1,READY_FOR_STAGE03_ACCELERATION,pass,996ed82f1f7d4031a8b6c67cc61ed6ec352ebd925f6aaa3372e8d7818f3eec82,raw_manifest,380c6e5877faec191d00c501af697deb073d861a644b2fb71e106c31a6c4fca6,50ed2d642f7e5ab1c495f9d43526dbc7ced2cb6e3521d8207719409066db928a,f7816af706c1cf32dacaee45c710ff93ce53c9b56d17df657044e61e63d2c04b,7ce7868fc5bc5d9b19010178d727b06a4b0947afb3e85de55e9768e9033c2afd,b226b97e0e67288aaaf85726ad855df71cb81406685c57c8e8c40cd8996aa0da,44b932fba181327b08895693ec5b3fd78831a818,False,"{""VRP-EVRP-Project-Hub"": {""dirty"": false, ""path"": ""/Users/guoyiyang/Documents/GitHub/FURP-2026-Yiyang-GUO-EVRP-TW/reference/VRP-EVRP-Project-Hub"", ""revision"": ""e3a890065105f978187e532642c4442522215e02""}, ""py-ga-VRPTW"": {""dirty"": false, ""path"": ""/Users/guoyiyang/Documents/GitHub/FURP-2026-Yiyang-GUO-EVRP-TW/reference/py-ga-VRPTW"", ""revision"": ""8e005caaaf6471a4505588d88c7f0f5e0d4ebffa""}}",stage02.3_constraint_guided_attempt16 + stage02.3_constraint_guided_rerun09,,preserve;see stage03_legacy_path_map.csv
stage03.0,measurement,stage03.0_measurement_attempt05,attempt05,stage03.0_measurement_attempt05,stage03_measurement_formal01,formal,c106C15,2014,"[""c101C5"", ""r105C5"", ""rc105C5"", ""c104C10"", ""r103C10"", ""rc102C10"", ""c106C15"", ""r105C15"", ""rc103C15"", ""c101_21"", ""r101_21"", ""rc101_21""]","[2014, 2015, 2016]",environment,verified_legacy,results/stage03.0_measurement_attempt05/c106C15/2014/stage03.0_measurement_attempt05_environment_c106C15_2014.json,results/stage03-measurement_formal01/environments/c106C15-alns_stage02_constraint_guided-2014.json,feasible,,pass,NOT_READY_FOR_STAGE03_1,READY_FOR_STAGE03_ACCELERATION,pass,e9043a988b9a5fc5e4c47089329ef3eceeb4670c14c8855842684819ac46c811,raw_manifest,380c6e5877faec191d00c501af697deb073d861a644b2fb71e106c31a6c4fca6,50ed2d642f7e5ab1c495f9d43526dbc7ced2cb6e3521d8207719409066db928a,eba58a458a9fd13ae8fd404df8db1d04e49271326316256ee060468048881a86,0f0659e5bc11be29515fdb73e64a2e28eb1f3ae33463bd7fab889347ce0142ea,b226b97e0e67288aaaf85726ad855df71cb81406685c57c8e8c40cd8996aa0da,44b932fba181327b08895693ec5b3fd78831a818,False,"{""VRP-EVRP-Project-Hub"": {""dirty"": false, ""path"": ""/Users/guoyiyang/Documents/GitHub/FURP-2026-Yiyang-GUO-EVRP-TW/reference/VRP-EVRP-Project-Hub"", ""revision"": ""e3a890065105f978187e532642c4442522215e02""}, ""py-ga-VRPTW"": {""dirty"": false, ""path"": ""/Users/guoyiyang/Documents/GitHub/FURP-2026-Yiyang-GUO-EVRP-TW/reference/py-ga-VRPTW"", ""revision"": ""8e005caaaf6471a4505588d88c7f0f5e0d4ebffa""}}",stage02.3_constraint_guided_attempt16 + stage02.3_constraint_guided_rerun09,,preserve;see stage03_legacy_path_map.csv
stage03.0,measurement,stage03.0_measurement_attempt05,attempt05,stage03.0_measurement_attempt05,stage03_measurement_formal01,formal,c106C15,2015,"[""c101C5"", ""r105C5"", ""rc105C5"", ""c104C10"", ""r103C10"", ""rc102C10"", ""c106C15"", ""r105C15"", ""rc103C15"", ""c101_21"", ""r101_21"", ""rc101_21""]","[2014, 2015, 2016]",environment,verified_legacy,results/stage03.0_measurement_attempt05/c106C15/2015/stage03.0_measurement_attempt05_environment_c106C15_2015.json,results/stage03-measurement_formal01/environments/c106C15-alns_stage02_constraint_guided-2015.json,feasible,,pass,NOT_READY_FOR_STAGE03_1,READY_FOR_STAGE03_ACCELERATION,pass,5fa96924bfe9418f6f2d5883bde373e2fde9ec68562366a8bd85671615c44a70,raw_manifest,380c6e5877faec191d00c501af697deb073d861a644b2fb71e106c31a6c4fca6,50ed2d642f7e5ab1c495f9d43526dbc7ced2cb6e3521d8207719409066db928a,eba58a458a9fd13ae8fd404df8db1d04e49271326316256ee060468048881a86,2e11193dd7ce59a69dbe2754cc26eb09487348c475ea0ffccf60c8e1ca515429,b226b97e0e67288aaaf85726ad855df71cb81406685c57c8e8c40cd8996aa0da,44b932fba181327b08895693ec5b3fd78831a818,False,"{""VRP-EVRP-Project-Hub"": {""dirty"": false, ""path"": ""/Users/guoyiyang/Documents/GitHub/FURP-2026-Yiyang-GUO-EVRP-TW/reference/VRP-EVRP-Project-Hub"", ""revision"": ""e3a890065105f978187e532642c4442522215e02""}, ""py-ga-VRPTW"": {""dirty"": false, ""path"": ""/Users/guoyiyang/Documents/GitHub/FURP-2026-Yiyang-GUO-EVRP-TW/reference/py-ga-VRPTW"", ""revision"": ""8e005caaaf6471a4505588d88c7f0f5e0d4ebffa""}}",stage02.3_constraint_guided_attempt16 + stage02.3_constraint_guided_rerun09,,preserve;see stage03_legacy_path_map.csv
stage03.0,measurement,stage03.0_measurement_attempt05,attempt05,stage03.0_measurement_attempt05,stage03_measurement_formal01,formal,c106C15,2016,"[""c101C5"", ""r105C5"", ""rc105C5"", ""c104C10"", ""r103C10"", ""rc102C10"", ""c106C15"", ""r105C15"", ""rc103C15"", ""c101_21"", ""r101_21"", ""rc101_21""]","[2014, 2015, 2016]",environment,verified_legacy,results/stage03.0_measurement_attempt05/c106C15/2016/stage03.0_measurement_attempt05_environment_c106C15_2016.json,results/stage03-measurement_formal01/environments/c106C15-alns_stage02_constraint_guided-2016.json,feasible,,pass,NOT_READY_FOR_STAGE03_1,READY_FOR_STAGE03_ACCELERATION,pass,5052a8f85b21bb488dafa303f65635186af7db84a89398289bc26e17e142c97d,raw_manifest,380c6e5877faec191d00c501af697deb073d861a644b2fb71e106c31a6c4fca6,50ed2d642f7e5ab1c495f9d43526dbc7ced2cb6e3521d8207719409066db928a,eba58a458a9fd13ae8fd404df8db1d04e49271326316256ee060468048881a86,14643465c858dae71e455c14c90652a1663c34034f87c42957c045e1af138553,b226b97e0e67288aaaf85726ad855df71cb81406685c57c8e8c40cd8996aa0da,44b932fba181327b08895693ec5b3fd78831a818,False,"{""VRP-EVRP-Project-Hub"": {""dirty"": false, ""path"": ""/Users/guoyiyang/Documents/GitHub/FURP-2026-Yiyang-GUO-EVRP-TW/reference/VRP-EVRP-Project-Hub"", ""revision"": ""e3a890065105f978187e532642c4442522215e02""}, ""py-ga-VRPTW"": {""dirty"": false, ""path"": ""/Users/guoyiyang/Documents/GitHub/FURP-2026-Yiyang-GUO-EVRP-TW/reference/py-ga-VRPTW"", ""revision"": ""8e005caaaf6471a4505588d88c7f0f5e0d4ebffa""}}",stage02.3_constraint_guided_attempt16 + stage02.3_constraint_guided_rerun09,,preserve;see stage03_legacy_path_map.csv
stage03.0,measurement,stage03.0_measurement_attempt05,attempt05,stage03.0_measurement_attempt05,stage03_measurement_formal01,formal,r101_21,2014,"[""c101C5"", ""r105C5"", ""rc105C5"", ""c104C10"", ""r103C10"", ""rc102C10"", ""c106C15"", ""r105C15"", ""rc103C15"", ""c101_21"", ""r101_21"", ""rc101_21""]","[2014, 2015, 2016]",environment,verified_legacy,results/stage03.0_measurement_attempt05/r101_21/2014/stage03.0_measurement_attempt05_environment_r101_21_2014.json,results/stage03-measurement_formal01/environments/r101_21-alns_stage02_constraint_guided-2014.json,feasible,,pass,NOT_READY_FOR_STAGE03_1,READY_FOR_STAGE03_ACCELERATION,pass,dd15a285af84a3714155f23b67d5f6187f5ea91ffbe91cb2115a25234433351e,raw_manifest,380c6e5877faec191d00c501af697deb073d861a644b2fb71e106c31a6c4fca6,50ed2d642f7e5ab1c495f9d43526dbc7ced2cb6e3521d8207719409066db928a,0e5a3dffffbd3c516b528ef32ba1a488b817d2f151fc3e8c81023814de1c103a,c68db7db97e008e9029f1dc142e53a5b1adf6877b82c651df4cb6b281795346e,b226b97e0e67288aaaf85726ad855df71cb81406685c57c8e8c40cd8996aa0da,44b932fba181327b08895693ec5b3fd78831a818,False,"{""VRP-EVRP-Project-Hub"": {""dirty"": false, ""path"": ""/Users/guoyiyang/Documents/GitHub/FURP-2026-Yiyang-GUO-EVRP-TW/reference/VRP-EVRP-Project-Hub"", ""revision"": ""e3a890065105f978187e532642c4442522215e02""}, ""py-ga-VRPTW"": {""dirty"": false, ""path"": ""/Users/guoyiyang/Documents/GitHub/FURP-2026-Yiyang-GUO-EVRP-TW/reference/py-ga-VRPTW"", ""revision"": ""8e005caaaf6471a4505588d88c7f0f5e0d4ebffa""}}",stage02.3_constraint_guided_attempt16 + stage02.3_constraint_guided_rerun09,,preserve;see stage03_legacy_path_map.csv
stage03.0,measurement,stage03.0_measurement_attempt05,attempt05,stage03.0_measurement_attempt05,stage03_measurement_formal01,formal,r101_21,2015,"[""c101C5"", ""r105C5"", ""rc105C5"", ""c104C10"", ""r103C10"", ""rc102C10"", ""c106C15"", ""r105C15"", ""rc103C15"", ""c101_21"", ""r101_21"", ""rc101_21""]","[2014, 2015, 2016]",environment,verified_legacy,results/stage03.0_measurement_attempt05/r101_21/2015/stage03.0_measurement_attempt05_environment_r101_21_2015.json,results/stage03-measurement_formal01/environments/r101_21-alns_stage02_constraint_guided-2015.json,feasible,,pass,NOT_READY_FOR_STAGE03_1,READY_FOR_STAGE03_ACCELERATION,pass,2c507a1afc20d4203b4d2c07c093e78eb6cb53e1bb258d731f86325f4e839405,raw_manifest,380c6e5877faec191d00c501af697deb073d861a644b2fb71e106c31a6c4fca6,50ed2d642f7e5ab1c495f9d43526dbc7ced2cb6e3521d8207719409066db928a,0e5a3dffffbd3c516b528ef32ba1a488b817d2f151fc3e8c81023814de1c103a,64d12286b42bafa6656308c23bbde0b364cfd3e189801f2d40aece3cd1ed7a60,b226b97e0e67288aaaf85726ad855df71cb81406685c57c8e8c40cd8996aa0da,44b932fba181327b08895693ec5b3fd78831a818,False,"{""VRP-EVRP-Project-Hub"": {""dirty"": false, ""path"": ""/Users/guoyiyang/Documents/GitHub/FURP-2026-Yiyang-GUO-EVRP-TW/reference/VRP-EVRP-Project-Hub"", ""revision"": ""e3a890065105f978187e532642c4442522215e02""}, ""py-ga-VRPTW"": {""dirty"": false, ""path"": ""/Users/guoyiyang/Documents/GitHub/FURP-2026-Yiyang-GUO-EVRP-TW/reference/py-ga-VRPTW"", ""revision"": ""8e005caaaf6471a4505588d88c7f0f5e0d4ebffa""}}",stage02.3_constraint_guided_attempt16 + stage02.3_constraint_guided_rerun09,,preserve;see stage03_legacy_path_map.csv
stage03.0,measurement,stage03.0_measurement_attempt05,attempt05,stage03.0_measurement_attempt05,stage03_measurement_formal01,formal,r101_21,2016,"[""c101C5"", ""r105C5"", ""rc105C5"", ""c104C10"", ""r103C10"", ""rc102C10"", ""c106C15"", ""r105C15"", ""rc103C15"", ""c101_21"", ""r101_21"", ""rc101_21""]","[2014, 2015, 2016]",environment,verified_legacy,results/stage03.0_measurement_attempt05/r101_21/2016/stage03.0_measurement_attempt05_environment_r101_21_2016.json,results/stage03-measurement_formal01/environments/r101_21-alns_stage02_constraint_guided-2016.json,feasible,,pass,NOT_READY_FOR_STAGE03_1,READY_FOR_STAGE03_ACCELERATION,pass,e03eacb7d57130a7d46374f8d026a8cefe6e9c427796a30cd11ae3aad4717b5a,raw_manifest,380c6e5877faec191d00c501af697deb073d861a644b2fb71e106c31a6c4fca6,50ed2d642f7e5ab1c495f9d43526dbc7ced2cb6e3521d8207719409066db928a,0e5a3dffffbd3c516b528ef32ba1a488b817d2f151fc3e8c81023814de1c103a,5b7ac2327fa8836e223ad23c4d964f26f5fd18ee4ac3e87b1e956a850f277903,b226b97e0e67288aaaf85726ad855df71cb81406685c57c8e8c40cd8996aa0da,44b932fba181327b08895693ec5b3fd78831a818,False,"{""VRP-EVRP-Project-Hub"": {""dirty"": false, ""path"": ""/Users/guoyiyang/Documents/GitHub/FURP-2026-Yiyang-GUO-EVRP-TW/reference/VRP-EVRP-Project-Hub"", ""revision"": ""e3a890065105f978187e532642c4442522215e02""}, ""py-ga-VRPTW"": {""dirty"": false, ""path"": ""/Users/guoyiyang/Documents/GitHub/FURP-2026-Yiyang-GUO-EVRP-TW/reference/py-ga-VRPTW"", ""revision"": ""8e005caaaf6471a4505588d88c7f0f5e0d4ebffa""}}",stage02.3_constraint_guided_attempt16 + stage02.3_constraint_guided_rerun09,,preserve;see stage03_legacy_path_map.csv
stage03.0,measurement,stage03.0_measurement_attempt05,attempt05,stage03.0_measurement_attempt05,stage03_measurement_formal01,formal,r103C10,2014,"[""c101C5"", ""r105C5"", ""rc105C5"", ""c104C10"", ""r103C10"", ""rc102C10"", ""c106C15"", ""r105C15"", ""rc103C15"", ""c101_21"", ""r101_21"", ""rc101_21""]","[2014, 2015, 2016]",environment,verified_legacy,results/stage03.0_measurement_attempt05/r103C10/2014/stage03.0_measurement_attempt05_environment_r103C10_2014.json,results/stage03-measurement_formal01/environments/r103C10-alns_stage02_constraint_guided-2014.json,feasible,,pass,NOT_READY_FOR_STAGE03_1,READY_FOR_STAGE03_ACCELERATION,pass,cbe4745bc238adb640f008ebc155fda0bac845a4b4c450dce737cee16a6ed26d,raw_manifest,380c6e5877faec191d00c501af697deb073d861a644b2fb71e106c31a6c4fca6,50ed2d642f7e5ab1c495f9d43526dbc7ced2cb6e3521d8207719409066db928a,00debfb0e1fa34796b1644a045a064f52cb1f35052df9faa485db4b4f5ff512e,3c33eac758302ecedaf8cd26fed48e06fc135ab2515e9049a51be0ec7135581a,b226b97e0e67288aaaf85726ad855df71cb81406685c57c8e8c40cd8996aa0da,44b932fba181327b08895693ec5b3fd78831a818,False,"{""VRP-EVRP-Project-Hub"": {""dirty"": false, ""path"": ""/Users/guoyiyang/Documents/GitHub/FURP-2026-Yiyang-GUO-EVRP-TW/reference/VRP-EVRP-Project-Hub"", ""revision"": ""e3a890065105f978187e532642c4442522215e02""}, ""py-ga-VRPTW"": {""dirty"": false, ""path"": ""/Users/guoyiyang/Documents/GitHub/FURP-2026-Yiyang-GUO-EVRP-TW/reference/py-ga-VRPTW"", ""revision"": ""8e005caaaf6471a4505588d88c7f0f5e0d4ebffa""}}",stage02.3_constraint_guided_attempt16 + stage02.3_constraint_guided_rerun09,,preserve;see stage03_legacy_path_map.csv
stage03.0,measurement,stage03.0_measurement_attempt05,attempt05,stage03.0_measurement_attempt05,stage03_measurement_formal01,formal,r103C10,2015,"[""c101C5"", ""r105C5"", ""rc105C5"", ""c104C10"", ""r103C10"", ""rc102C10"", ""c106C15"", ""r105C15"", ""rc103C15"", ""c101_21"", ""r101_21"", ""rc101_21""]","[2014, 2015, 2016]",environment,verified_legacy,results/stage03.0_measurement_attempt05/r103C10/2015/stage03.0_measurement_attempt05_environment_r103C10_2015.json,results/stage03-measurement_formal01/environments/r103C10-alns_stage02_constraint_guided-2015.json,feasible,,pass,NOT_READY_FOR_STAGE03_1,READY_FOR_STAGE03_ACCELERATION,pass,9531e2504541ce50bd1d8634bd0efd044e8cec1206a69000ca15ff4214611cf0,raw_manifest,380c6e5877faec191d00c501af697deb073d861a644b2fb71e106c31a6c4fca6,50ed2d642f7e5ab1c495f9d43526dbc7ced2cb6e3521d8207719409066db928a,00debfb0e1fa34796b1644a045a064f52cb1f35052df9faa485db4b4f5ff512e,712d10dcef01d995dba69cfb6ed3f28dcd04f732c1a2d75534dffe8d095e1d68,b226b97e0e67288aaaf85726ad855df71cb81406685c57c8e8c40cd8996aa0da,44b932fba181327b08895693ec5b3fd78831a818,False,"{""VRP-EVRP-Project-Hub"": {""dirty"": false, ""path"": ""/Users/guoyiyang/Documents/GitHub/FURP-2026-Yiyang-GUO-EVRP-TW/reference/VRP-EVRP-Project-Hub"", ""revision"": ""e3a890065105f978187e532642c4442522215e02""}, ""py-ga-VRPTW"": {""dirty"": false, ""path"": ""/Users/guoyiyang/Documents/GitHub/FURP-2026-Yiyang-GUO-EVRP-TW/reference/py-ga-VRPTW"", ""revision"": ""8e005caaaf6471a4505588d88c7f0f5e0d4ebffa""}}",stage02.3_constraint_guided_attempt16 + stage02.3_constraint_guided_rerun09,,preserve;see stage03_legacy_path_map.csv
stage03.0,measurement,stage03.0_measurement_attempt05,attempt05,stage03.0_measurement_attempt05,stage03_measurement_formal01,formal,r103C10,2016,"[""c101C5"", ""r105C5"", ""rc105C5"", ""c104C10"", ""r103C10"", ""rc102C10"", ""c106C15"", ""r105C15"", ""rc103C15"", ""c101_21"", ""r101_21"", ""rc101_21""]","[2014, 2015, 2016]",environment,verified_legacy,results/stage03.0_measurement_attempt05/r103C10/2016/stage03.0_measurement_attempt05_environment_r103C10_2016.json,results/stage03-measurement_formal01/environments/r103C10-alns_stage02_constraint_guided-2016.json,feasible,,pass,NOT_READY_FOR_STAGE03_1,READY_FOR_STAGE03_ACCELERATION,pass,ead11a43cde1f09e0909f87c83f130ce9588d8b93d7d7a9ae96a4421d4e04fac,raw_manifest,380c6e5877faec191d00c501af697deb073d861a644b2fb71e106c31a6c4fca6,50ed2d642f7e5ab1c495f9d43526dbc7ced2cb6e3521d8207719409066db928a,00debfb0e1fa34796b1644a045a064f52cb1f35052df9faa485db4b4f5ff512e,7a33d981160751df34a480d48671e1a44b64fed0c2a760be6f379a12f6c4a616,b226b97e0e67288aaaf85726ad855df71cb81406685c57c8e8c40cd8996aa0da,44b932fba181327b08895693ec5b3fd78831a818,False,"{""VRP-EVRP-Project-Hub"": {""dirty"": false, ""path"": ""/Users/guoyiyang/Documents/GitHub/FURP-2026-Yiyang-GUO-EVRP-TW/reference/VRP-EVRP-Project-Hub"", ""revision"": ""e3a890065105f978187e532642c4442522215e02""}, ""py-ga-VRPTW"": {""dirty"": false, ""path"": ""/Users/guoyiyang/Documents/GitHub/FURP-2026-Yiyang-GUO-EVRP-TW/reference/py-ga-VRPTW"", ""revision"": ""8e005caaaf6471a4505588d88c7f0f5e0d4ebffa""}}",stage02.3_constraint_guided_attempt16 + stage02.3_constraint_guided_rerun09,,preserve;see stage03_legacy_path_map.csv
stage03.0,measurement,stage03.0_measurement_attempt05,attempt05,stage03.0_measurement_attempt05,stage03_measurement_formal01,formal,r105C15,2014,"[""c101C5"", ""r105C5"", ""rc105C5"", ""c104C10"", ""r103C10"", ""rc102C10"", ""c106C15"", ""r105C15"", ""rc103C15"", ""c101_21"", ""r101_21"", ""rc101_21""]","[2014, 2015, 2016]",environment,verified_legacy,results/stage03.0_measurement_attempt05/r105C15/2014/stage03.0_measurement_attempt05_environment_r105C15_2014.json,results/stage03-measurement_formal01/environments/r105C15-alns_stage02_constraint_guided-2014.json,feasible,,pass,NOT_READY_FOR_STAGE03_1,READY_FOR_STAGE03_ACCELERATION,pass,417bafee234de9ea9154f3c2a4fa58e83a93136bd7dc07773dfb96a053f877e7,raw_manifest,380c6e5877faec191d00c501af697deb073d861a644b2fb71e106c31a6c4fca6,50ed2d642f7e5ab1c495f9d43526dbc7ced2cb6e3521d8207719409066db928a,937f3e630e6afef1a148dc223dd1d6ad2d11cfff557803e68a50e981e3ceaa44,34081af8d566284dfcfbeb2edc4216f6660ef6f0051c2a3fce286aed359ee455,b226b97e0e67288aaaf85726ad855df71cb81406685c57c8e8c40cd8996aa0da,44b932fba181327b08895693ec5b3fd78831a818,False,"{""VRP-EVRP-Project-Hub"": {""dirty"": false, ""path"": ""/Users/guoyiyang/Documents/GitHub/FURP-2026-Yiyang-GUO-EVRP-TW/reference/VRP-EVRP-Project-Hub"", ""revision"": ""e3a890065105f978187e532642c4442522215e02""}, ""py-ga-VRPTW"": {""dirty"": false, ""path"": ""/Users/guoyiyang/Documents/GitHub/FURP-2026-Yiyang-GUO-EVRP-TW/reference/py-ga-VRPTW"", ""revision"": ""8e005caaaf6471a4505588d88c7f0f5e0d4ebffa""}}",stage02.3_constraint_guided_attempt16 + stage02.3_constraint_guided_rerun09,,preserve;see stage03_legacy_path_map.csv
stage03.0,measurement,stage03.0_measurement_attempt05,attempt05,stage03.0_measurement_attempt05,stage03_measurement_formal01,formal,r105C15,2015,"[""c101C5"", ""r105C5"", ""rc105C5"", ""c104C10"", ""r103C10"", ""rc102C10"", ""c106C15"", ""r105C15"", ""rc103C15"", ""c101_21"", ""r101_21"", ""rc101_21""]","[2014, 2015, 2016]",environment,verified_legacy,results/stage03.0_measurement_attempt05/r105C15/2015/stage03.0_measurement_attempt05_environment_r105C15_2015.json,results/stage03-measurement_formal01/environments/r105C15-alns_stage02_constraint_guided-2015.json,feasible,,pass,NOT_READY_FOR_STAGE03_1,READY_FOR_STAGE03_ACCELERATION,pass,ef7b5b4c1591f3f67eaaf197c34336556968e9eade2979858aa06709b8dbb08e,raw_manifest,380c6e5877faec191d00c501af697deb073d861a644b2fb71e106c31a6c4fca6,50ed2d642f7e5ab1c495f9d43526dbc7ced2cb6e3521d8207719409066db928a,937f3e630e6afef1a148dc223dd1d6ad2d11cfff557803e68a50e981e3ceaa44,9b71d349bef0ff48d8a6fbdc65523997ba8d8c519442d3ca89ba9d7fef5d31c1,b226b97e0e67288aaaf85726ad855df71cb81406685c57c8e8c40cd8996aa0da,44b932fba181327b08895693ec5b3fd78831a818,False,"{""VRP-EVRP-Project-Hub"": {""dirty"": false, ""path"": ""/Users/guoyiyang/Documents/GitHub/FURP-2026-Yiyang-GUO-EVRP-TW/reference/VRP-EVRP-Project-Hub"", ""revision"": ""e3a890065105f978187e532642c4442522215e02""}, ""py-ga-VRPTW"": {""dirty"": false, ""path"": ""/Users/guoyiyang/Documents/GitHub/FURP-2026-Yiyang-GUO-EVRP-TW/reference/py-ga-VRPTW"", ""revision"": ""8e005caaaf6471a4505588d88c7f0f5e0d4ebffa""}}",stage02.3_constraint_guided_attempt16 + stage02.3_constraint_guided_rerun09,,preserve;see stage03_legacy_path_map.csv
stage03.0,measurement,stage03.0_measurement_attempt05,attempt05,stage03.0_measurement_attempt05,stage03_measurement_formal01,formal,r105C15,2016,"[""c101C5"", ""r105C5"", ""rc105C5"", ""c104C10"", ""r103C10"", ""rc102C10"", ""c106C15"", ""r105C15"", ""rc103C15"", ""c101_21"", ""r101_21"", ""rc101_21""]","[2014, 2015, 2016]",environment,verified_legacy,results/stage03.0_measurement_attempt05/r105C15/2016/stage03.0_measurement_attempt05_environment_r105C15_2016.json,results/stage03-measurement_formal01/environments/r105C15-alns_stage02_constraint_guided-2016.json,feasible,,pass,NOT_READY_FOR_STAGE03_1,READY_FOR_STAGE03_ACCELERATION,pass,ac19c44a9e569531996d2629438d9bbefb0c5e4dfeda4657de208f79298d48b9,raw_manifest,380c6e5877faec191d00c501af697deb073d861a644b2fb71e106c31a6c4fca6,50ed2d642f7e5ab1c495f9d43526dbc7ced2cb6e3521d8207719409066db928a,937f3e630e6afef1a148dc223dd1d6ad2d11cfff557803e68a50e981e3ceaa44,c4c70b081693b9dd6508164def82edb9bc11ba0c42efdff26827f47659164e49,b226b97e0e67288aaaf85726ad855df71cb81406685c57c8e8c40cd8996aa0da,44b932fba181327b08895693ec5b3fd78831a818,False,"{""VRP-EVRP-Project-Hub"": {""dirty"": false, ""path"": ""/Users/guoyiyang/Documents/GitHub/FURP-2026-Yiyang-GUO-EVRP-TW/reference/VRP-EVRP-Project-Hub"", ""revision"": ""e3a890065105f978187e532642c4442522215e02""}, ""py-ga-VRPTW"": {""dirty"": false, ""path"": ""/Users/guoyiyang/Documents/GitHub/FURP-2026-Yiyang-GUO-EVRP-TW/reference/py-ga-VRPTW"", ""revision"": ""8e005caaaf6471a4505588d88c7f0f5e0d4ebffa""}}",stage02.3_constraint_guided_attempt16 + stage02.3_constraint_guided_rerun09,,preserve;see stage03_legacy_path_map.csv
stage03.0,measurement,stage03.0_measurement_attempt05,attempt05,stage03.0_measurement_attempt05,stage03_measurement_formal01,formal,r105C5,2014,"[""c101C5"", ""r105C5"", ""rc105C5"", ""c104C10"", ""r103C10"", ""rc102C10"", ""c106C15"", ""r105C15"", ""rc103C15"", ""c101_21"", ""r101_21"", ""rc101_21""]","[2014, 2015, 2016]",environment,verified_legacy,results/stage03.0_measurement_attempt05/r105C5/2014/stage03.0_measurement_attempt05_environment_r105C5_2014.json,results/stage03-measurement_formal01/environments/r105C5-alns_stage02_constraint_guided-2014.json,feasible,,pass,NOT_READY_FOR_STAGE03_1,READY_FOR_STAGE03_ACCELERATION,pass,aa5f118b1ac70cc85072d70ea8838329fa77358a67f947a6254831fdd373a5aa,raw_manifest,380c6e5877faec191d00c501af697deb073d861a644b2fb71e106c31a6c4fca6,50ed2d642f7e5ab1c495f9d43526dbc7ced2cb6e3521d8207719409066db928a,eb27ec04e799ee6d39dee3d66f15128e197811afa8c664295acbdf6444176434,18bac09d872478484b6ea6f822b27818455d00fb8c4e42ee872b06c2e1e19f6f,b226b97e0e67288aaaf85726ad855df71cb81406685c57c8e8c40cd8996aa0da,44b932fba181327b08895693ec5b3fd78831a818,False,"{""VRP-EVRP-Project-Hub"": {""dirty"": false, ""path"": ""/Users/guoyiyang/Documents/GitHub/FURP-2026-Yiyang-GUO-EVRP-TW/reference/VRP-EVRP-Project-Hub"", ""revision"": ""e3a890065105f978187e532642c4442522215e02""}, ""py-ga-VRPTW"": {""dirty"": false, ""path"": ""/Users/guoyiyang/Documents/GitHub/FURP-2026-Yiyang-GUO-EVRP-TW/reference/py-ga-VRPTW"", ""revision"": ""8e005caaaf6471a4505588d88c7f0f5e0d4ebffa""}}",stage02.3_constraint_guided_attempt16 + stage02.3_constraint_guided_rerun09,,preserve;see stage03_legacy_path_map.csv
stage03.0,measurement,stage03.0_measurement_attempt05,attempt05,stage03.0_measurement_attempt05,stage03_measurement_formal01,formal,r105C5,2015,"[""c101C5"", ""r105C5"", ""rc105C5"", ""c104C10"", ""r103C10"", ""rc102C10"", ""c106C15"", ""r105C15"", ""rc103C15"", ""c101_21"", ""r101_21"", ""rc101_21""]","[2014, 2015, 2016]",environment,verified_legacy,results/stage03.0_measurement_attempt05/r105C5/2015/stage03.0_measurement_attempt05_environment_r105C5_2015.json,results/stage03-measurement_formal01/environments/r105C5-alns_stage02_constraint_guided-2015.json,feasible,,pass,NOT_READY_FOR_STAGE03_1,READY_FOR_STAGE03_ACCELERATION,pass,ac6c2f30978ad17487a0d5b6610e3f5af467ce44cc0147b442cd9a03b8a80a33,raw_manifest,380c6e5877faec191d00c501af697deb073d861a644b2fb71e106c31a6c4fca6,50ed2d642f7e5ab1c495f9d43526dbc7ced2cb6e3521d8207719409066db928a,eb27ec04e799ee6d39dee3d66f15128e197811afa8c664295acbdf6444176434,4ba78eb23b8b0e21e93a074308912ac3554467a05f04fa0413a7f25f6838d822,b226b97e0e67288aaaf85726ad855df71cb81406685c57c8e8c40cd8996aa0da,44b932fba181327b08895693ec5b3fd78831a818,False,"{""VRP-EVRP-Project-Hub"": {""dirty"": false, ""path"": ""/Users/guoyiyang/Documents/GitHub/FURP-2026-Yiyang-GUO-EVRP-TW/reference/VRP-EVRP-Project-Hub"", ""revision"": ""e3a890065105f978187e532642c4442522215e02""}, ""py-ga-VRPTW"": {""dirty"": false, ""path"": ""/Users/guoyiyang/Documents/GitHub/FURP-2026-Yiyang-GUO-EVRP-TW/reference/py-ga-VRPTW"", ""revision"": ""8e005caaaf6471a4505588d88c7f0f5e0d4ebffa""}}",stage02.3_constraint_guided_attempt16 + stage02.3_constraint_guided_rerun09,,preserve;see stage03_legacy_path_map.csv
stage03.0,measurement,stage03.0_measurement_attempt05,attempt05,stage03.0_measurement_attempt05,stage03_measurement_formal01,formal,r105C5,2016,"[""c101C5"", ""r105C5"", ""rc105C5"", ""c104C10"", ""r103C10"", ""rc102C10"", ""c106C15"", ""r105C15"", ""rc103C15"", ""c101_21"", ""r101_21"", ""rc101_21""]","[2014, 2015, 2016]",environment,verified_legacy,results/stage03.0_measurement_attempt05/r105C5/2016/stage03.0_measurement_attempt05_environment_r105C5_2016.json,results/stage03-measurement_formal01/environments/r105C5-alns_stage02_constraint_guided-2016.json,feasible,,pass,NOT_READY_FOR_STAGE03_1,READY_FOR_STAGE03_ACCELERATION,pass,9cb1472c78fba1cd6168b85944282e01c1183e574406843a68547e6fad3d1e25,raw_manifest,380c6e5877faec191d00c501af697deb073d861a644b2fb71e106c31a6c4fca6,50ed2d642f7e5ab1c495f9d43526dbc7ced2cb6e3521d8207719409066db928a,eb27ec04e799ee6d39dee3d66f15128e197811afa8c664295acbdf6444176434,c6f2194935fc05838da61161b16578dda21b3af1906d011ba89e1278dc7436a7,b226b97e0e67288aaaf85726ad855df71cb81406685c57c8e8c40cd8996aa0da,44b932fba181327b08895693ec5b3fd78831a818,False,"{""VRP-EVRP-Project-Hub"": {""dirty"": false, ""path"": ""/Users/guoyiyang/Documents/GitHub/FURP-2026-Yiyang-GUO-EVRP-TW/reference/VRP-EVRP-Project-Hub"", ""revision"": ""e3a890065105f978187e532642c4442522215e02""}, ""py-ga-VRPTW"": {""dirty"": false, ""path"": ""/Users/guoyiyang/Documents/GitHub/FURP-2026-Yiyang-GUO-EVRP-TW/reference/py-ga-VRPTW"", ""revision"": ""8e005caaaf6471a4505588d88c7f0f5e0d4ebffa""}}",stage02.3_constraint_guided_attempt16 + stage02.3_constraint_guided_rerun09,,preserve;see stage03_legacy_path_map.csv
stage03.0,measurement,stage03.0_measurement_attempt05,attempt05,stage03.0_measurement_attempt05,stage03_measurement_formal01,formal,rc101_21,2014,"[""c101C5"", ""r105C5"", ""rc105C5"", ""c104C10"", ""r103C10"", ""rc102C10"", ""c106C15"", ""r105C15"", ""rc103C15"", ""c101_21"", ""r101_21"", ""rc101_21""]","[2014, 2015, 2016]",environment,verified_legacy,results/stage03.0_measurement_attempt05/rc101_21/2014/stage03.0_measurement_attempt05_environment_rc101_21_2014.json,results/stage03-measurement_formal01/environments/rc101_21-alns_stage02_constraint_guided-2014.json,feasible,,pass,NOT_READY_FOR_STAGE03_1,READY_FOR_STAGE03_ACCELERATION,pass,77539069a9fe34af44721becc72ea8ec5e38f2c9e79df7afff773b2dec2499c6,raw_manifest,380c6e5877faec191d00c501af697deb073d861a644b2fb71e106c31a6c4fca6,50ed2d642f7e5ab1c495f9d43526dbc7ced2cb6e3521d8207719409066db928a,272a3e58d53d4ba9516f01506164cf8a9b98bfeeb8dbd1fd62f6557e4c98e3a1,8e4d65f43ad9636e55d9c59484574f882f9dd2ecd08a139e09a82481141a9a42,b226b97e0e67288aaaf85726ad855df71cb81406685c57c8e8c40cd8996aa0da,44b932fba181327b08895693ec5b3fd78831a818,False,"{""VRP-EVRP-Project-Hub"": {""dirty"": false, ""path"": ""/Users/guoyiyang/Documents/GitHub/FURP-2026-Yiyang-GUO-EVRP-TW/reference/VRP-EVRP-Project-Hub"", ""revision"": ""e3a890065105f978187e532642c4442522215e02""}, ""py-ga-VRPTW"": {""dirty"": false, ""path"": ""/Users/guoyiyang/Documents/GitHub/FURP-2026-Yiyang-GUO-EVRP-TW/reference/py-ga-VRPTW"", ""revision"": ""8e005caaaf6471a4505588d88c7f0f5e0d4ebffa""}}",stage02.3_constraint_guided_attempt16 + stage02.3_constraint_guided_rerun09,,preserve;see stage03_legacy_path_map.csv
stage03.0,measurement,stage03.0_measurement_attempt05,attempt05,stage03.0_measurement_attempt05,stage03_measurement_formal01,formal,rc101_21,2015,"[""c101C5"", ""r105C5"", ""rc105C5"", ""c104C10"", ""r103C10"", ""rc102C10"", ""c106C15"", ""r105C15"", ""rc103C15"", ""c101_21"", ""r101_21"", ""rc101_21""]","[2014, 2015, 2016]",environment,verified_legacy,results/stage03.0_measurement_attempt05/rc101_21/2015/stage03.0_measurement_attempt05_environment_rc101_21_2015.json,results/stage03-measurement_formal01/environments/rc101_21-alns_stage02_constraint_guided-2015.json,feasible,,pass,NOT_READY_FOR_STAGE03_1,READY_FOR_STAGE03_ACCELERATION,pass,99f8c4a3ac479db0bb40e4cfb966e1806d8d1d8e1378dc2c6d772379f5f92f74,raw_manifest,380c6e5877faec191d00c501af697deb073d861a644b2fb71e106c31a6c4fca6,50ed2d642f7e5ab1c495f9d43526dbc7ced2cb6e3521d8207719409066db928a,272a3e58d53d4ba9516f01506164cf8a9b98bfeeb8dbd1fd62f6557e4c98e3a1,552e83d2a87eef9ae305e3d699dd98c361a463fccd7f868c61ac651bd28f55a9,b226b97e0e67288aaaf85726ad855df71cb81406685c57c8e8c40cd8996aa0da,44b932fba181327b08895693ec5b3fd78831a818,False,"{""VRP-EVRP-Project-Hub"": {""dirty"": false, ""path"": ""/Users/guoyiyang/Documents/GitHub/FURP-2026-Yiyang-GUO-EVRP-TW/reference/VRP-EVRP-Project-Hub"", ""revision"": ""e3a890065105f978187e532642c4442522215e02""}, ""py-ga-VRPTW"": {""dirty"": false, ""path"": ""/Users/guoyiyang/Documents/GitHub/FURP-2026-Yiyang-GUO-EVRP-TW/reference/py-ga-VRPTW"", ""revision"": ""8e005caaaf6471a4505588d88c7f0f5e0d4ebffa""}}",stage02.3_constraint_guided_attempt16 + stage02.3_constraint_guided_rerun09,,preserve;see stage03_legacy_path_map.csv
stage03.0,measurement,stage03.0_measurement_attempt05,attempt05,stage03.0_measurement_attempt05,stage03_measurement_formal01,formal,rc101_21,2016,"[""c101C5"", ""r105C5"", ""rc105C5"", ""c104C10"", ""r103C10"", ""rc102C10"", ""c106C15"", ""r105C15"", ""rc103C15"", ""c101_21"", ""r101_21"", ""rc101_21""]","[2014, 2015, 2016]",environment,verified_legacy,results/stage03.0_measurement_attempt05/rc101_21/2016/stage03.0_measurement_attempt05_environment_rc101_21_2016.json,results/stage03-measurement_formal01/environments/rc101_21-alns_stage02_constraint_guided-2016.json,feasible,,pass,NOT_READY_FOR_STAGE03_1,READY_FOR_STAGE03_ACCELERATION,pass,8f048d888745a6c10b71dd6b17ed4a3e6db44163d796fe05f8abc6087bc3e83f,raw_manifest,380c6e5877faec191d00c501af697deb073d861a644b2fb71e106c31a6c4fca6,50ed2d642f7e5ab1c495f9d43526dbc7ced2cb6e3521d8207719409066db928a,272a3e58d53d4ba9516f01506164cf8a9b98bfeeb8dbd1fd62f6557e4c98e3a1,8cb9e86a9910383b9227e41caf5bba88d7bca98747fe815e0de2c5f3eb878384,b226b97e0e67288aaaf85726ad855df71cb81406685c57c8e8c40cd8996aa0da,44b932fba181327b08895693ec5b3fd78831a818,False,"{""VRP-EVRP-Project-Hub"": {""dirty"": false, ""path"": ""/Users/guoyiyang/Documents/GitHub/FURP-2026-Yiyang-GUO-EVRP-TW/reference/VRP-EVRP-Project-Hub"", ""revision"": ""e3a890065105f978187e532642c4442522215e02""}, ""py-ga-VRPTW"": {""dirty"": false, ""path"": ""/Users/guoyiyang/Documents/GitHub/FURP-2026-Yiyang-GUO-EVRP-TW/reference/py-ga-VRPTW"", ""revision"": ""8e005caaaf6471a4505588d88c7f0f5e0d4ebffa""}}",stage02.3_constraint_guided_attempt16 + stage02.3_constraint_guided_rerun09,,preserve;see stage03_legacy_path_map.csv
stage03.0,measurement,stage03.0_measurement_attempt05,attempt05,stage03.0_measurement_attempt05,stage03_measurement_formal01,formal,rc102C10,2014,"[""c101C5"", ""r105C5"", ""rc105C5"", ""c104C10"", ""r103C10"", ""rc102C10"", ""c106C15"", ""r105C15"", ""rc103C15"", ""c101_21"", ""r101_21"", ""rc101_21""]","[2014, 2015, 2016]",environment,verified_legacy,results/stage03.0_measurement_attempt05/rc102C10/2014/stage03.0_measurement_attempt05_environment_rc102C10_2014.json,results/stage03-measurement_formal01/environments/rc102C10-alns_stage02_constraint_guided-2014.json,feasible,,pass,NOT_READY_FOR_STAGE03_1,READY_FOR_STAGE03_ACCELERATION,pass,52d34cd66146f6fea73912eeae58a9d53689d5b5ca2d4e1b5fd7471a95e2ed74,raw_manifest,380c6e5877faec191d00c501af697deb073d861a644b2fb71e106c31a6c4fca6,50ed2d642f7e5ab1c495f9d43526dbc7ced2cb6e3521d8207719409066db928a,b85edffa9a896007203a8f6688731b66fcaeedada2b6deae0a3e3ca4a1a0d1a6,922747a0c60210d4d3c4f9aa167840cf1adf2caa75c959be083b12d6cc9a5e63,b226b97e0e67288aaaf85726ad855df71cb81406685c57c8e8c40cd8996aa0da,44b932fba181327b08895693ec5b3fd78831a818,False,"{""VRP-EVRP-Project-Hub"": {""dirty"": false, ""path"": ""/Users/guoyiyang/Documents/GitHub/FURP-2026-Yiyang-GUO-EVRP-TW/reference/VRP-EVRP-Project-Hub"", ""revision"": ""e3a890065105f978187e532642c4442522215e02""}, ""py-ga-VRPTW"": {""dirty"": false, ""path"": ""/Users/guoyiyang/Documents/GitHub/FURP-2026-Yiyang-GUO-EVRP-TW/reference/py-ga-VRPTW"", ""revision"": ""8e005caaaf6471a4505588d88c7f0f5e0d4ebffa""}}",stage02.3_constraint_guided_attempt16 + stage02.3_constraint_guided_rerun09,,preserve;see stage03_legacy_path_map.csv
stage03.0,measurement,stage03.0_measurement_attempt05,attempt05,stage03.0_measurement_attempt05,stage03_measurement_formal01,formal,rc102C10,2015,"[""c101C5"", ""r105C5"", ""rc105C5"", ""c104C10"", ""r103C10"", ""rc102C10"", ""c106C15"", ""r105C15"", ""rc103C15"", ""c101_21"", ""r101_21"", ""rc101_21""]","[2014, 2015, 2016]",environment,verified_legacy,results/stage03.0_measurement_attempt05/rc102C10/2015/stage03.0_measurement_attempt05_environment_rc102C10_2015.json,results/stage03-measurement_formal01/environments/rc102C10-alns_stage02_constraint_guided-2015.json,feasible,,pass,NOT_READY_FOR_STAGE03_1,READY_FOR_STAGE03_ACCELERATION,pass,6cc580272dad87d47e924f5617697e67c676f221494d3b6f56404772a871d220,raw_manifest,380c6e5877faec191d00c501af697deb073d861a644b2fb71e106c31a6c4fca6,50ed2d642f7e5ab1c495f9d43526dbc7ced2cb6e3521d8207719409066db928a,b85edffa9a896007203a8f6688731b66fcaeedada2b6deae0a3e3ca4a1a0d1a6,2396d0b76559b83d49b983c01915e9cd3dfca0f17d11b4d765f380456a034e9f,b226b97e0e67288aaaf85726ad855df71cb81406685c57c8e8c40cd8996aa0da,44b932fba181327b08895693ec5b3fd78831a818,False,"{""VRP-EVRP-Project-Hub"": {""dirty"": false, ""path"": ""/Users/guoyiyang/Documents/GitHub/FURP-2026-Yiyang-GUO-EVRP-TW/reference/VRP-EVRP-Project-Hub"", ""revision"": ""e3a890065105f978187e532642c4442522215e02""}, ""py-ga-VRPTW"": {""dirty"": false, ""path"": ""/Users/guoyiyang/Documents/GitHub/FURP-2026-Yiyang-GUO-EVRP-TW/reference/py-ga-VRPTW"", ""revision"": ""8e005caaaf6471a4505588d88c7f0f5e0d4ebffa""}}",stage02.3_constraint_guided_attempt16 + stage02.3_constraint_guided_rerun09,,preserve;see stage03_legacy_path_map.csv
stage03.0,measurement,stage03.0_measurement_attempt05,attempt05,stage03.0_measurement_attempt05,stage03_measurement_formal01,formal,rc102C10,2016,"[""c101C5"", ""r105C5"", ""rc105C5"", ""c104C10"", ""r103C10"", ""rc102C10"", ""c106C15"", ""r105C15"", ""rc103C15"", ""c101_21"", ""r101_21"", ""rc101_21""]","[2014, 2015, 2016]",environment,verified_legacy,results/stage03.0_measurement_attempt05/rc102C10/2016/stage03.0_measurement_attempt05_environment_rc102C10_2016.json,results/stage03-measurement_formal01/environments/rc102C10-alns_stage02_constraint_guided-2016.json,feasible,,pass,NOT_READY_FOR_STAGE03_1,READY_FOR_STAGE03_ACCELERATION,pass,835103279b80567e813744129775c1a1a73a348370d02fcdeb0d22067b72e536,raw_manifest,380c6e5877faec191d00c501af697deb073d861a644b2fb71e106c31a6c4fca6,50ed2d642f7e5ab1c495f9d43526dbc7ced2cb6e3521d8207719409066db928a,b85edffa9a896007203a8f6688731b66fcaeedada2b6deae0a3e3ca4a1a0d1a6,543d2b0eb4fadc3e8826ae696d7287008f6e25c739027036bb239af842e5764d,b226b97e0e67288aaaf85726ad855df71cb81406685c57c8e8c40cd8996aa0da,44b932fba181327b08895693ec5b3fd78831a818,False,"{""VRP-EVRP-Project-Hub"": {""dirty"": false, ""path"": ""/Users/guoyiyang/Documents/GitHub/FURP-2026-Yiyang-GUO-EVRP-TW/reference/VRP-EVRP-Project-Hub"", ""revision"": ""e3a890065105f978187e532642c4442522215e02""}, ""py-ga-VRPTW"": {""dirty"": false, ""path"": ""/Users/guoyiyang/Documents/GitHub/FURP-2026-Yiyang-GUO-EVRP-TW/reference/py-ga-VRPTW"", ""revision"": ""8e005caaaf6471a4505588d88c7f0f5e0d4ebffa""}}",stage02.3_constraint_guided_attempt16 + stage02.3_constraint_guided_rerun09,,preserve;see stage03_legacy_path_map.csv
stage03.0,measurement,stage03.0_measurement_attempt05,attempt05,stage03.0_measurement_attempt05,stage03_measurement_formal01,formal,rc103C15,2014,"[""c101C5"", ""r105C5"", ""rc105C5"", ""c104C10"", ""r103C10"", ""rc102C10"", ""c106C15"", ""r105C15"", ""rc103C15"", ""c101_21"", ""r101_21"", ""rc101_21""]","[2014, 2015, 2016]",environment,verified_legacy,results/stage03.0_measurement_attempt05/rc103C15/2014/stage03.0_measurement_attempt05_environment_rc103C15_2014.json,results/stage03-measurement_formal01/environments/rc103C15-alns_stage02_constraint_guided-2014.json,feasible,,pass,NOT_READY_FOR_STAGE03_1,READY_FOR_STAGE03_ACCELERATION,pass,fbaeb93bee4a4e4867d1f4a33b95f51f91240acc02f92fde02df031f485e6427,raw_manifest,380c6e5877faec191d00c501af697deb073d861a644b2fb71e106c31a6c4fca6,50ed2d642f7e5ab1c495f9d43526dbc7ced2cb6e3521d8207719409066db928a,51cbd950e7a76acae3add1f93d4c5f3b906f1e0ca5b47f46b068ff4f52e43c4a,4e3260a82a51a7e015b5585f8b12990fb738e74802df644e62a7a88f53cd50a7,b226b97e0e67288aaaf85726ad855df71cb81406685c57c8e8c40cd8996aa0da,44b932fba181327b08895693ec5b3fd78831a818,False,"{""VRP-EVRP-Project-Hub"": {""dirty"": false, ""path"": ""/Users/guoyiyang/Documents/GitHub/FURP-2026-Yiyang-GUO-EVRP-TW/reference/VRP-EVRP-Project-Hub"", ""revision"": ""e3a890065105f978187e532642c4442522215e02""}, ""py-ga-VRPTW"": {""dirty"": false, ""path"": ""/Users/guoyiyang/Documents/GitHub/FURP-2026-Yiyang-GUO-EVRP-TW/reference/py-ga-VRPTW"", ""revision"": ""8e005caaaf6471a4505588d88c7f0f5e0d4ebffa""}}",stage02.3_constraint_guided_attempt16 + stage02.3_constraint_guided_rerun09,,preserve;see stage03_legacy_path_map.csv
stage03.0,measurement,stage03.0_measurement_attempt05,attempt05,stage03.0_measurement_attempt05,stage03_measurement_formal01,formal,rc103C15,2015,"[""c101C5"", ""r105C5"", ""rc105C5"", ""c104C10"", ""r103C10"", ""rc102C10"", ""c106C15"", ""r105C15"", ""rc103C15"", ""c101_21"", ""r101_21"", ""rc101_21""]","[2014, 2015, 2016]",environment,verified_legacy,results/stage03.0_measurement_attempt05/rc103C15/2015/stage03.0_measurement_attempt05_environment_rc103C15_2015.json,results/stage03-measurement_formal01/environments/rc103C15-alns_stage02_constraint_guided-2015.json,feasible,,pass,NOT_READY_FOR_STAGE03_1,READY_FOR_STAGE03_ACCELERATION,pass,954007666dbc18a54f0ef341ec0fa418973b96b324d79c3d68628e83d3d1e6f9,raw_manifest,380c6e5877faec191d00c501af697deb073d861a644b2fb71e106c31a6c4fca6,50ed2d642f7e5ab1c495f9d43526dbc7ced2cb6e3521d8207719409066db928a,51cbd950e7a76acae3add1f93d4c5f3b906f1e0ca5b47f46b068ff4f52e43c4a,185a9b551a365c2931916dfa29521c226b32a02b778bf709cbba49f6fc187c33,b226b97e0e67288aaaf85726ad855df71cb81406685c57c8e8c40cd8996aa0da,44b932fba181327b08895693ec5b3fd78831a818,False,"{""VRP-EVRP-Project-Hub"": {""dirty"": false, ""path"": ""/Users/guoyiyang/Documents/GitHub/FURP-2026-Yiyang-GUO-EVRP-TW/reference/VRP-EVRP-Project-Hub"", ""revision"": ""e3a890065105f978187e532642c4442522215e02""}, ""py-ga-VRPTW"": {""dirty"": false, ""path"": ""/Users/guoyiyang/Documents/GitHub/FURP-2026-Yiyang-GUO-EVRP-TW/reference/py-ga-VRPTW"", ""revision"": ""8e005caaaf6471a4505588d88c7f0f5e0d4ebffa""}}",stage02.3_constraint_guided_attempt16 + stage02.3_constraint_guided_rerun09,,preserve;see stage03_legacy_path_map.csv
stage03.0,measurement,stage03.0_measurement_attempt05,attempt05,stage03.0_measurement_attempt05,stage03_measurement_formal01,formal,rc103C15,2016,"[""c101C5"", ""r105C5"", ""rc105C5"", ""c104C10"", ""r103C10"", ""rc102C10"", ""c106C15"", ""r105C15"", ""rc103C15"", ""c101_21"", ""r101_21"", ""rc101_21""]","[2014, 2015, 2016]",environment,verified_legacy,results/stage03.0_measurement_attempt05/rc103C15/2016/stage03.0_measurement_attempt05_environment_rc103C15_2016.json,results/stage03-measurement_formal01/environments/rc103C15-alns_stage02_constraint_guided-2016.json,feasible,,pass,NOT_READY_FOR_STAGE03_1,READY_FOR_STAGE03_ACCELERATION,pass,0e591793a69c5f5f8385f69dcb6e128d109d82abcc78dda5fde9a077817c0abb,raw_manifest,380c6e5877faec191d00c501af697deb073d861a644b2fb71e106c31a6c4fca6,50ed2d642f7e5ab1c495f9d43526dbc7ced2cb6e3521d8207719409066db928a,51cbd950e7a76acae3add1f93d4c5f3b906f1e0ca5b47f46b068ff4f52e43c4a,c8849712ca48508504e9a85ad7834cbd9533dc0e008359ba5a104c24472f2674,b226b97e0e67288aaaf85726ad855df71cb81406685c57c8e8c40cd8996aa0da,44b932fba181327b08895693ec5b3fd78831a818,False,"{""VRP-EVRP-Project-Hub"": {""dirty"": false, ""path"": ""/Users/guoyiyang/Documents/GitHub/FURP-2026-Yiyang-GUO-EVRP-TW/reference/VRP-EVRP-Project-Hub"", ""revision"": ""e3a890065105f978187e532642c4442522215e02""}, ""py-ga-VRPTW"": {""dirty"": false, ""path"": ""/Users/guoyiyang/Documents/GitHub/FURP-2026-Yiyang-GUO-EVRP-TW/reference/py-ga-VRPTW"", ""revision"": ""8e005caaaf6471a4505588d88c7f0f5e0d4ebffa""}}",stage02.3_constraint_guided_attempt16 + stage02.3_constraint_guided_rerun09,,preserve;see stage03_legacy_path_map.csv
stage03.0,measurement,stage03.0_measurement_attempt05,attempt05,stage03.0_measurement_attempt05,stage03_measurement_formal01,formal,rc105C5,2014,"[""c101C5"", ""r105C5"", ""rc105C5"", ""c104C10"", ""r103C10"", ""rc102C10"", ""c106C15"", ""r105C15"", ""rc103C15"", ""c101_21"", ""r101_21"", ""rc101_21""]","[2014, 2015, 2016]",environment,verified_legacy,results/stage03.0_measurement_attempt05/rc105C5/2014/stage03.0_measurement_attempt05_environment_rc105C5_2014.json,results/stage03-measurement_formal01/environments/rc105C5-alns_stage02_constraint_guided-2014.json,feasible,,pass,NOT_READY_FOR_STAGE03_1,READY_FOR_STAGE03_ACCELERATION,pass,93a84fae426ebb68ebbd93b858e45500cf8eba53eff927033168920c587fd3c8,raw_manifest,380c6e5877faec191d00c501af697deb073d861a644b2fb71e106c31a6c4fca6,50ed2d642f7e5ab1c495f9d43526dbc7ced2cb6e3521d8207719409066db928a,2ccfba6c447fa43a994934690acb67c7355ca04d232394907ed6938bc362c643,56cdf57332286ffa454837ca296d9030524fa2eda0d26eb392a1af9bb2a30e7a,b226b97e0e67288aaaf85726ad855df71cb81406685c57c8e8c40cd8996aa0da,44b932fba181327b08895693ec5b3fd78831a818,False,"{""VRP-EVRP-Project-Hub"": {""dirty"": false, ""path"": ""/Users/guoyiyang/Documents/GitHub/FURP-2026-Yiyang-GUO-EVRP-TW/reference/VRP-EVRP-Project-Hub"", ""revision"": ""e3a890065105f978187e532642c4442522215e02""}, ""py-ga-VRPTW"": {""dirty"": false, ""path"": ""/Users/guoyiyang/Documents/GitHub/FURP-2026-Yiyang-GUO-EVRP-TW/reference/py-ga-VRPTW"", ""revision"": ""8e005caaaf6471a4505588d88c7f0f5e0d4ebffa""}}",stage02.3_constraint_guided_attempt16 + stage02.3_constraint_guided_rerun09,,preserve;see stage03_legacy_path_map.csv
stage03.0,measurement,stage03.0_measurement_attempt05,attempt05,stage03.0_measurement_attempt05,stage03_measurement_formal01,formal,rc105C5,2015,"[""c101C5"", ""r105C5"", ""rc105C5"", ""c104C10"", ""r103C10"", ""rc102C10"", ""c106C15"", ""r105C15"", ""rc103C15"", ""c101_21"", ""r101_21"", ""rc101_21""]","[2014, 2015, 2016]",environment,verified_legacy,results/stage03.0_measurement_attempt05/rc105C5/2015/stage03.0_measurement_attempt05_environment_rc105C5_2015.json,results/stage03-measurement_formal01/environments/rc105C5-alns_stage02_constraint_guided-2015.json,feasible,,pass,NOT_READY_FOR_STAGE03_1,READY_FOR_STAGE03_ACCELERATION,pass,60a672dcf7f1406bca8f213dfa59fbcedc2b1b43a9b151f828ddf64b948c32b7,raw_manifest,380c6e5877faec191d00c501af697deb073d861a644b2fb71e106c31a6c4fca6,50ed2d642f7e5ab1c495f9d43526dbc7ced2cb6e3521d8207719409066db928a,2ccfba6c447fa43a994934690acb67c7355ca04d232394907ed6938bc362c643,c8a9c2a0dcb3b2a4df216493e8d1f2907b52a3bddaf2621c1f7124ccbac3b238,b226b97e0e67288aaaf85726ad855df71cb81406685c57c8e8c40cd8996aa0da,44b932fba181327b08895693ec5b3fd78831a818,False,"{""VRP-EVRP-Project-Hub"": {""dirty"": false, ""path"": ""/Users/guoyiyang/Documents/GitHub/FURP-2026-Yiyang-GUO-EVRP-TW/reference/VRP-EVRP-Project-Hub"", ""revision"": ""e3a890065105f978187e532642c4442522215e02""}, ""py-ga-VRPTW"": {""dirty"": false, ""path"": ""/Users/guoyiyang/Documents/GitHub/FURP-2026-Yiyang-GUO-EVRP-TW/reference/py-ga-VRPTW"", ""revision"": ""8e005caaaf6471a4505588d88c7f0f5e0d4ebffa""}}",stage02.3_constraint_guided_attempt16 + stage02.3_constraint_guided_rerun09,,preserve;see stage03_legacy_path_map.csv
stage03.0,measurement,stage03.0_measurement_attempt05,attempt05,stage03.0_measurement_attempt05,stage03_measurement_formal01,formal,rc105C5,2016,"[""c101C5"", ""r105C5"", ""rc105C5"", ""c104C10"", ""r103C10"", ""rc102C10"", ""c106C15"", ""r105C15"", ""rc103C15"", ""c101_21"", ""r101_21"", ""rc101_21""]","[2014, 2015, 2016]",environment,verified_legacy,results/stage03.0_measurement_attempt05/rc105C5/2016/stage03.0_measurement_attempt05_environment_rc105C5_2016.json,results/stage03-measurement_formal01/environments/rc105C5-alns_stage02_constraint_guided-2016.json,feasible,,pass,NOT_READY_FOR_STAGE03_1,READY_FOR_STAGE03_ACCELERATION,pass,81034386e42b2abd06e2bba9b28362c3d59dede944c87295d768b29e2e547b02,raw_manifest,380c6e5877faec191d00c501af697deb073d861a644b2fb71e106c31a6c4fca6,50ed2d642f7e5ab1c495f9d43526dbc7ced2cb6e3521d8207719409066db928a,2ccfba6c447fa43a994934690acb67c7355ca04d232394907ed6938bc362c643,b1a46fc25008adf30baf3953f3a629ab406cec46bd9795a58b0334a37cc2cfcd,b226b97e0e67288aaaf85726ad855df71cb81406685c57c8e8c40cd8996aa0da,44b932fba181327b08895693ec5b3fd78831a818,False,"{""VRP-EVRP-Project-Hub"": {""dirty"": false, ""path"": ""/Users/guoyiyang/Documents/GitHub/FURP-2026-Yiyang-GUO-EVRP-TW/reference/VRP-EVRP-Project-Hub"", ""revision"": ""e3a890065105f978187e532642c4442522215e02""}, ""py-ga-VRPTW"": {""dirty"": false, ""path"": ""/Users/guoyiyang/Documents/GitHub/FURP-2026-Yiyang-GUO-EVRP-TW/reference/py-ga-VRPTW"", ""revision"": ""8e005caaaf6471a4505588d88c7f0f5e0d4ebffa""}}",stage02.3_constraint_guided_attempt16 + stage02.3_constraint_guided_rerun09,,preserve;see stage03_legacy_path_map.csv
stage03.0,measurement,stage03.0_measurement_attempt05,attempt05,stage03.0_measurement_attempt05,stage03_measurement_formal01,formal,c101C5,2014,"[""c101C5"", ""r105C5"", ""rc105C5"", ""c104C10"", ""r103C10"", ""rc102C10"", ""c106C15"", ""r105C15"", ""rc103C15"", ""c101_21"", ""r101_21"", ""rc101_21""]","[2014, 2015, 2016]",events,verified_legacy,results/stage03.0_measurement_attempt05/c101C5/2014/stage03.0_measurement_attempt05_events_c101C5_2014.jsonl,results/stage03-measurement_formal01/events/c101C5-alns_stage02_constraint_guided-2014.jsonl,feasible,,pass,NOT_READY_FOR_STAGE03_1,READY_FOR_STAGE03_ACCELERATION,pass,7bb251b8c3f6b39902861064c6ab77bc3aa192db5899f7f42c8f2093e4b29669,raw_manifest,380c6e5877faec191d00c501af697deb073d861a644b2fb71e106c31a6c4fca6,50ed2d642f7e5ab1c495f9d43526dbc7ced2cb6e3521d8207719409066db928a,8612d6d9aad051776097a5e50c7408f39352b8107b0639d58e5eda713f9ff876,0c36cb1a4a9947b60a1f68c7f7dfa87af8697fcac47f230c0cc84190797efff9,b226b97e0e67288aaaf85726ad855df71cb81406685c57c8e8c40cd8996aa0da,44b932fba181327b08895693ec5b3fd78831a818,False,"{""VRP-EVRP-Project-Hub"": {""dirty"": false, ""path"": ""/Users/guoyiyang/Documents/GitHub/FURP-2026-Yiyang-GUO-EVRP-TW/reference/VRP-EVRP-Project-Hub"", ""revision"": ""e3a890065105f978187e532642c4442522215e02""}, ""py-ga-VRPTW"": {""dirty"": false, ""path"": ""/Users/guoyiyang/Documents/GitHub/FURP-2026-Yiyang-GUO-EVRP-TW/reference/py-ga-VRPTW"", ""revision"": ""8e005caaaf6471a4505588d88c7f0f5e0d4ebffa""}}",stage02.3_constraint_guided_attempt16 + stage02.3_constraint_guided_rerun09,,preserve;see stage03_legacy_path_map.csv
stage03.0,measurement,stage03.0_measurement_attempt05,attempt05,stage03.0_measurement_attempt05,stage03_measurement_formal01,formal,c101C5,2015,"[""c101C5"", ""r105C5"", ""rc105C5"", ""c104C10"", ""r103C10"", ""rc102C10"", ""c106C15"", ""r105C15"", ""rc103C15"", ""c101_21"", ""r101_21"", ""rc101_21""]","[2014, 2015, 2016]",events,verified_legacy,results/stage03.0_measurement_attempt05/c101C5/2015/stage03.0_measurement_attempt05_events_c101C5_2015.jsonl,results/stage03-measurement_formal01/events/c101C5-alns_stage02_constraint_guided-2015.jsonl,feasible,,pass,NOT_READY_FOR_STAGE03_1,READY_FOR_STAGE03_ACCELERATION,pass,59af6b290a926d646a736a1b662e7df98d7d4d0d054ac5e3b494731b209be729,raw_manifest,380c6e5877faec191d00c501af697deb073d861a644b2fb71e106c31a6c4fca6,50ed2d642f7e5ab1c495f9d43526dbc7ced2cb6e3521d8207719409066db928a,8612d6d9aad051776097a5e50c7408f39352b8107b0639d58e5eda713f9ff876,d533183dafebaacdde28fca30e069d4c4ee979ddfdf1b04ae7c0167d0e50a1bc,b226b97e0e67288aaaf85726ad855df71cb81406685c57c8e8c40cd8996aa0da,44b932fba181327b08895693ec5b3fd78831a818,False,"{""VRP-EVRP-Project-Hub"": {""dirty"": false, ""path"": ""/Users/guoyiyang/Documents/GitHub/FURP-2026-Yiyang-GUO-EVRP-TW/reference/VRP-EVRP-Project-Hub"", ""revision"": ""e3a890065105f978187e532642c4442522215e02""}, ""py-ga-VRPTW"": {""dirty"": false, ""path"": ""/Users/guoyiyang/Documents/GitHub/FURP-2026-Yiyang-GUO-EVRP-TW/reference/py-ga-VRPTW"", ""revision"": ""8e005caaaf6471a4505588d88c7f0f5e0d4ebffa""}}",stage02.3_constraint_guided_attempt16 + stage02.3_constraint_guided_rerun09,,preserve;see stage03_legacy_path_map.csv
stage03.0,measurement,stage03.0_measurement_attempt05,attempt05,stage03.0_measurement_attempt05,stage03_measurement_formal01,formal,c101C5,2016,"[""c101C5"", ""r105C5"", ""rc105C5"", ""c104C10"", ""r103C10"", ""rc102C10"", ""c106C15"", ""r105C15"", ""rc103C15"", ""c101_21"", ""r101_21"", ""rc101_21""]","[2014, 2015, 2016]",events,verified_legacy,results/stage03.0_measurement_attempt05/c101C5/2016/stage03.0_measurement_attempt05_events_c101C5_2016.jsonl,results/stage03-measurement_formal01/events/c101C5-alns_stage02_constraint_guided-2016.jsonl,feasible,,pass,NOT_READY_FOR_STAGE03_1,READY_FOR_STAGE03_ACCELERATION,pass,af9806f77028df3c09fb7e6bdddd6e9b7ad0ad1e4b5174e9df9121b0ac58221d,raw_manifest,380c6e5877faec191d00c501af697deb073d861a644b2fb71e106c31a6c4fca6,50ed2d642f7e5ab1c495f9d43526dbc7ced2cb6e3521d8207719409066db928a,8612d6d9aad051776097a5e50c7408f39352b8107b0639d58e5eda713f9ff876,b30dc1471ace08074befd3141254bf0e665e4702a042eab513b16cd0de516d0a,b226b97e0e67288aaaf85726ad855df71cb81406685c57c8e8c40cd8996aa0da,44b932fba181327b08895693ec5b3fd78831a818,False,"{""VRP-EVRP-Project-Hub"": {""dirty"": false, ""path"": ""/Users/guoyiyang/Documents/GitHub/FURP-2026-Yiyang-GUO-EVRP-TW/reference/VRP-EVRP-Project-Hub"", ""revision"": ""e3a890065105f978187e532642c4442522215e02""}, ""py-ga-VRPTW"": {""dirty"": false, ""path"": ""/Users/guoyiyang/Documents/GitHub/FURP-2026-Yiyang-GUO-EVRP-TW/reference/py-ga-VRPTW"", ""revision"": ""8e005caaaf6471a4505588d88c7f0f5e0d4ebffa""}}",stage02.3_constraint_guided_attempt16 + stage02.3_constraint_guided_rerun09,,preserve;see stage03_legacy_path_map.csv
stage03.0,measurement,stage03.0_measurement_attempt05,attempt05,stage03.0_measurement_attempt05,stage03_measurement_formal01,formal,c101_21,2014,"[""c101C5"", ""r105C5"", ""rc105C5"", ""c104C10"", ""r103C10"", ""rc102C10"", ""c106C15"", ""r105C15"", ""rc103C15"", ""c101_21"", ""r101_21"", ""rc101_21""]","[2014, 2015, 2016]",events,verified_legacy,results/stage03.0_measurement_attempt05/c101_21/2014/stage03.0_measurement_attempt05_events_c101_21_2014.jsonl,results/stage03-measurement_formal01/events/c101_21-alns_stage02_constraint_guided-2014.jsonl,feasible,,pass,NOT_READY_FOR_STAGE03_1,READY_FOR_STAGE03_ACCELERATION,pass,7e309707c048a826e1ac98290b076fdee2ddd45a7a2d1d2ebd0bff02d311f34d,raw_manifest,380c6e5877faec191d00c501af697deb073d861a644b2fb71e106c31a6c4fca6,50ed2d642f7e5ab1c495f9d43526dbc7ced2cb6e3521d8207719409066db928a,c5cda6ca63a7d518902cf4b02d98b4aa0f373aaa0658d5c666d1c46d38871cb9,f7e159e3be7f08ea6703e81679a159d52856c79d01ce5d0facde6aa9ea475d75,b226b97e0e67288aaaf85726ad855df71cb81406685c57c8e8c40cd8996aa0da,44b932fba181327b08895693ec5b3fd78831a818,False,"{""VRP-EVRP-Project-Hub"": {""dirty"": false, ""path"": ""/Users/guoyiyang/Documents/GitHub/FURP-2026-Yiyang-GUO-EVRP-TW/reference/VRP-EVRP-Project-Hub"", ""revision"": ""e3a890065105f978187e532642c4442522215e02""}, ""py-ga-VRPTW"": {""dirty"": false, ""path"": ""/Users/guoyiyang/Documents/GitHub/FURP-2026-Yiyang-GUO-EVRP-TW/reference/py-ga-VRPTW"", ""revision"": ""8e005caaaf6471a4505588d88c7f0f5e0d4ebffa""}}",stage02.3_constraint_guided_attempt16 + stage02.3_constraint_guided_rerun09,,preserve;see stage03_legacy_path_map.csv
stage03.0,measurement,stage03.0_measurement_attempt05,attempt05,stage03.0_measurement_attempt05,stage03_measurement_formal01,formal,c101_21,2015,"[""c101C5"", ""r105C5"", ""rc105C5"", ""c104C10"", ""r103C10"", ""rc102C10"", ""c106C15"", ""r105C15"", ""rc103C15"", ""c101_21"", ""r101_21"", ""rc101_21""]","[2014, 2015, 2016]",events,verified_legacy,results/stage03.0_measurement_attempt05/c101_21/2015/stage03.0_measurement_attempt05_events_c101_21_2015.jsonl,results/stage03-measurement_formal01/events/c101_21-alns_stage02_constraint_guided-2015.jsonl,feasible,,pass,NOT_READY_FOR_STAGE03_1,READY_FOR_STAGE03_ACCELERATION,pass,769abce6d21d0dfced037c4faab3640e6b4cb1479f5412858da5dc1b1f67ea30,raw_manifest,380c6e5877faec191d00c501af697deb073d861a644b2fb71e106c31a6c4fca6,50ed2d642f7e5ab1c495f9d43526dbc7ced2cb6e3521d8207719409066db928a,c5cda6ca63a7d518902cf4b02d98b4aa0f373aaa0658d5c666d1c46d38871cb9,e260b80680ba3fa05bcd8648e18c57d62acb891fa594c880104ab6e88acb7861,b226b97e0e67288aaaf85726ad855df71cb81406685c57c8e8c40cd8996aa0da,44b932fba181327b08895693ec5b3fd78831a818,False,"{""VRP-EVRP-Project-Hub"": {""dirty"": false, ""path"": ""/Users/guoyiyang/Documents/GitHub/FURP-2026-Yiyang-GUO-EVRP-TW/reference/VRP-EVRP-Project-Hub"", ""revision"": ""e3a890065105f978187e532642c4442522215e02""}, ""py-ga-VRPTW"": {""dirty"": false, ""path"": ""/Users/guoyiyang/Documents/GitHub/FURP-2026-Yiyang-GUO-EVRP-TW/reference/py-ga-VRPTW"", ""revision"": ""8e005caaaf6471a4505588d88c7f0f5e0d4ebffa""}}",stage02.3_constraint_guided_attempt16 + stage02.3_constraint_guided_rerun09,,preserve;see stage03_legacy_path_map.csv
stage03.0,measurement,stage03.0_measurement_attempt05,attempt05,stage03.0_measurement_attempt05,stage03_measurement_formal01,formal,c101_21,2016,"[""c101C5"", ""r105C5"", ""rc105C5"", ""c104C10"", ""r103C10"", ""rc102C10"", ""c106C15"", ""r105C15"", ""rc103C15"", ""c101_21"", ""r101_21"", ""rc101_21""]","[2014, 2015, 2016]",events,verified_legacy,results/stage03.0_measurement_attempt05/c101_21/2016/stage03.0_measurement_attempt05_events_c101_21_2016.jsonl,results/stage03-measurement_formal01/events/c101_21-alns_stage02_constraint_guided-2016.jsonl,feasible,,pass,NOT_READY_FOR_STAGE03_1,READY_FOR_STAGE03_ACCELERATION,pass,5a81883330c278770fc6ab880f8cd9f3cb0166195191600de7f25540f3aa1f9b,raw_manifest,380c6e5877faec191d00c501af697deb073d861a644b2fb71e106c31a6c4fca6,50ed2d642f7e5ab1c495f9d43526dbc7ced2cb6e3521d8207719409066db928a,c5cda6ca63a7d518902cf4b02d98b4aa0f373aaa0658d5c666d1c46d38871cb9,8b7572e435a62bf6b7ff74b6b2c99516521942bb0cdcf0392e72ae9b5a34157c,b226b97e0e67288aaaf85726ad855df71cb81406685c57c8e8c40cd8996aa0da,44b932fba181327b08895693ec5b3fd78831a818,False,"{""VRP-EVRP-Project-Hub"": {""dirty"": false, ""path"": ""/Users/guoyiyang/Documents/GitHub/FURP-2026-Yiyang-GUO-EVRP-TW/reference/VRP-EVRP-Project-Hub"", ""revision"": ""e3a890065105f978187e532642c4442522215e02""}, ""py-ga-VRPTW"": {""dirty"": false, ""path"": ""/Users/guoyiyang/Documents/GitHub/FURP-2026-Yiyang-GUO-EVRP-TW/reference/py-ga-VRPTW"", ""revision"": ""8e005caaaf6471a4505588d88c7f0f5e0d4ebffa""}}",stage02.3_constraint_guided_attempt16 + stage02.3_constraint_guided_rerun09,,preserve;see stage03_legacy_path_map.csv
stage03.0,measurement,stage03.0_measurement_attempt05,attempt05,stage03.0_measurement_attempt05,stage03_measurement_formal01,formal,c104C10,2014,"[""c101C5"", ""r105C5"", ""rc105C5"", ""c104C10"", ""r103C10"", ""rc102C10"", ""c106C15"", ""r105C15"", ""rc103C15"", ""c101_21"", ""r101_21"", ""rc101_21""]","[2014, 2015, 2016]",events,verified_legacy,results/stage03.0_measurement_attempt05/c104C10/2014/stage03.0_measurement_attempt05_events_c104C10_2014.jsonl,results/stage03-measurement_formal01/events/c104C10-alns_stage02_constraint_guided-2014.jsonl,feasible,,pass,NOT_READY_FOR_STAGE03_1,READY_FOR_STAGE03_ACCELERATION,pass,7879d9a12cd24402e0aa11638a508372575c1fa08ab9b67357241d9a473814e6,raw_manifest,380c6e5877faec191d00c501af697deb073d861a644b2fb71e106c31a6c4fca6,50ed2d642f7e5ab1c495f9d43526dbc7ced2cb6e3521d8207719409066db928a,f7816af706c1cf32dacaee45c710ff93ce53c9b56d17df657044e61e63d2c04b,367a22b89e90c1bdf8d63fd5ea763328e9159076b8848d2e557141e2ed32f465,b226b97e0e67288aaaf85726ad855df71cb81406685c57c8e8c40cd8996aa0da,44b932fba181327b08895693ec5b3fd78831a818,False,"{""VRP-EVRP-Project-Hub"": {""dirty"": false, ""path"": ""/Users/guoyiyang/Documents/GitHub/FURP-2026-Yiyang-GUO-EVRP-TW/reference/VRP-EVRP-Project-Hub"", ""revision"": ""e3a890065105f978187e532642c4442522215e02""}, ""py-ga-VRPTW"": {""dirty"": false, ""path"": ""/Users/guoyiyang/Documents/GitHub/FURP-2026-Yiyang-GUO-EVRP-TW/reference/py-ga-VRPTW"", ""revision"": ""8e005caaaf6471a4505588d88c7f0f5e0d4ebffa""}}",stage02.3_constraint_guided_attempt16 + stage02.3_constraint_guided_rerun09,,preserve;see stage03_legacy_path_map.csv
stage03.0,measurement,stage03.0_measurement_attempt05,attempt05,stage03.0_measurement_attempt05,stage03_measurement_formal01,formal,c104C10,2015,"[""c101C5"", ""r105C5"", ""rc105C5"", ""c104C10"", ""r103C10"", ""rc102C10"", ""c106C15"", ""r105C15"", ""rc103C15"", ""c101_21"", ""r101_21"", ""rc101_21""]","[2014, 2015, 2016]",events,verified_legacy,results/stage03.0_measurement_attempt05/c104C10/2015/stage03.0_measurement_attempt05_events_c104C10_2015.jsonl,results/stage03-measurement_formal01/events/c104C10-alns_stage02_constraint_guided-2015.jsonl,feasible,,pass,NOT_READY_FOR_STAGE03_1,READY_FOR_STAGE03_ACCELERATION,pass,92ff0706ef8285e1a5407ab8bd06f8bdd6063cbcab92f280dcc9921735129763,raw_manifest,380c6e5877faec191d00c501af697deb073d861a644b2fb71e106c31a6c4fca6,50ed2d642f7e5ab1c495f9d43526dbc7ced2cb6e3521d8207719409066db928a,f7816af706c1cf32dacaee45c710ff93ce53c9b56d17df657044e61e63d2c04b,f00d2705b26d1964dd268ad60436629229122c48af0f551cfb57afd17c9b2717,b226b97e0e67288aaaf85726ad855df71cb81406685c57c8e8c40cd8996aa0da,44b932fba181327b08895693ec5b3fd78831a818,False,"{""VRP-EVRP-Project-Hub"": {""dirty"": false, ""path"": ""/Users/guoyiyang/Documents/GitHub/FURP-2026-Yiyang-GUO-EVRP-TW/reference/VRP-EVRP-Project-Hub"", ""revision"": ""e3a890065105f978187e532642c4442522215e02""}, ""py-ga-VRPTW"": {""dirty"": false, ""path"": ""/Users/guoyiyang/Documents/GitHub/FURP-2026-Yiyang-GUO-EVRP-TW/reference/py-ga-VRPTW"", ""revision"": ""8e005caaaf6471a4505588d88c7f0f5e0d4ebffa""}}",stage02.3_constraint_guided_attempt16 + stage02.3_constraint_guided_rerun09,,preserve;see stage03_legacy_path_map.csv
stage03.0,measurement,stage03.0_measurement_attempt05,attempt05,stage03.0_measurement_attempt05,stage03_measurement_formal01,formal,c104C10,2016,"[""c101C5"", ""r105C5"", ""rc105C5"", ""c104C10"", ""r103C10"", ""rc102C10"", ""c106C15"", ""r105C15"", ""rc103C15"", ""c101_21"", ""r101_21"", ""rc101_21""]","[2014, 2015, 2016]",events,verified_legacy,results/stage03.0_measurement_attempt05/c104C10/2016/stage03.0_measurement_attempt05_events_c104C10_2016.jsonl,results/stage03-measurement_formal01/events/c104C10-alns_stage02_constraint_guided-2016.jsonl,feasible,,pass,NOT_READY_FOR_STAGE03_1,READY_FOR_STAGE03_ACCELERATION,pass,d3e637f77fbb6232a230daa45e5347c21120903cdb9400a0550c076574a5f914,raw_manifest,380c6e5877faec191d00c501af697deb073d861a644b2fb71e106c31a6c4fca6,50ed2d642f7e5ab1c495f9d43526dbc7ced2cb6e3521d8207719409066db928a,f7816af706c1cf32dacaee45c710ff93ce53c9b56d17df657044e61e63d2c04b,7ce7868fc5bc5d9b19010178d727b06a4b0947afb3e85de55e9768e9033c2afd,b226b97e0e67288aaaf85726ad855df71cb81406685c57c8e8c40cd8996aa0da,44b932fba181327b08895693ec5b3fd78831a818,False,"{""VRP-EVRP-Project-Hub"": {""dirty"": false, ""path"": ""/Users/guoyiyang/Documents/GitHub/FURP-2026-Yiyang-GUO-EVRP-TW/reference/VRP-EVRP-Project-Hub"", ""revision"": ""e3a890065105f978187e532642c4442522215e02""}, ""py-ga-VRPTW"": {""dirty"": false, ""path"": ""/Users/guoyiyang/Documents/GitHub/FURP-2026-Yiyang-GUO-EVRP-TW/reference/py-ga-VRPTW"", ""revision"": ""8e005caaaf6471a4505588d88c7f0f5e0d4ebffa""}}",stage02.3_constraint_guided_attempt16 + stage02.3_constraint_guided_rerun09,,preserve;see stage03_legacy_path_map.csv
stage03.0,measurement,stage03.0_measurement_attempt05,attempt05,stage03.0_measurement_attempt05,stage03_measurement_formal01,formal,c106C15,2014,"[""c101C5"", ""r105C5"", ""rc105C5"", ""c104C10"", ""r103C10"", ""rc102C10"", ""c106C15"", ""r105C15"", ""rc103C15"", ""c101_21"", ""r101_21"", ""rc101_21""]","[2014, 2015, 2016]",events,verified_legacy,results/stage03.0_measurement_attempt05/c106C15/2014/stage03.0_measurement_attempt05_events_c106C15_2014.jsonl,results/stage03-measurement_formal01/events/c106C15-alns_stage02_constraint_guided-2014.jsonl,feasible,,pass,NOT_READY_FOR_STAGE03_1,READY_FOR_STAGE03_ACCELERATION,pass,53e0da9616aff6864d82c885db1cc5e6195303a4f2a1d29e572c2c8520b38cc0,raw_manifest,380c6e5877faec191d00c501af697deb073d861a644b2fb71e106c31a6c4fca6,50ed2d642f7e5ab1c495f9d43526dbc7ced2cb6e3521d8207719409066db928a,eba58a458a9fd13ae8fd404df8db1d04e49271326316256ee060468048881a86,0f0659e5bc11be29515fdb73e64a2e28eb1f3ae33463bd7fab889347ce0142ea,b226b97e0e67288aaaf85726ad855df71cb81406685c57c8e8c40cd8996aa0da,44b932fba181327b08895693ec5b3fd78831a818,False,"{""VRP-EVRP-Project-Hub"": {""dirty"": false, ""path"": ""/Users/guoyiyang/Documents/GitHub/FURP-2026-Yiyang-GUO-EVRP-TW/reference/VRP-EVRP-Project-Hub"", ""revision"": ""e3a890065105f978187e532642c4442522215e02""}, ""py-ga-VRPTW"": {""dirty"": false, ""path"": ""/Users/guoyiyang/Documents/GitHub/FURP-2026-Yiyang-GUO-EVRP-TW/reference/py-ga-VRPTW"", ""revision"": ""8e005caaaf6471a4505588d88c7f0f5e0d4ebffa""}}",stage02.3_constraint_guided_attempt16 + stage02.3_constraint_guided_rerun09,,preserve;see stage03_legacy_path_map.csv
stage03.0,measurement,stage03.0_measurement_attempt05,attempt05,stage03.0_measurement_attempt05,stage03_measurement_formal01,formal,c106C15,2015,"[""c101C5"", ""r105C5"", ""rc105C5"", ""c104C10"", ""r103C10"", ""rc102C10"", ""c106C15"", ""r105C15"", ""rc103C15"", ""c101_21"", ""r101_21"", ""rc101_21""]","[2014, 2015, 2016]",events,verified_legacy,results/stage03.0_measurement_attempt05/c106C15/2015/stage03.0_measurement_attempt05_events_c106C15_2015.jsonl,results/stage03-measurement_formal01/events/c106C15-alns_stage02_constraint_guided-2015.jsonl,feasible,,pass,NOT_READY_FOR_STAGE03_1,READY_FOR_STAGE03_ACCELERATION,pass,d33ccb0683f28fc6a632873aec8df63dfaaf0f60ccc69ebc4e3c67979e028d4a,raw_manifest,380c6e5877faec191d00c501af697deb073d861a644b2fb71e106c31a6c4fca6,50ed2d642f7e5ab1c495f9d43526dbc7ced2cb6e3521d8207719409066db928a,eba58a458a9fd13ae8fd404df8db1d04e49271326316256ee060468048881a86,2e11193dd7ce59a69dbe2754cc26eb09487348c475ea0ffccf60c8e1ca515429,b226b97e0e67288aaaf85726ad855df71cb81406685c57c8e8c40cd8996aa0da,44b932fba181327b08895693ec5b3fd78831a818,False,"{""VRP-EVRP-Project-Hub"": {""dirty"": false, ""path"": ""/Users/guoyiyang/Documents/GitHub/FURP-2026-Yiyang-GUO-EVRP-TW/reference/VRP-EVRP-Project-Hub"", ""revision"": ""e3a890065105f978187e532642c4442522215e02""}, ""py-ga-VRPTW"": {""dirty"": false, ""path"": ""/Users/guoyiyang/Documents/GitHub/FURP-2026-Yiyang-GUO-EVRP-TW/reference/py-ga-VRPTW"", ""revision"": ""8e005caaaf6471a4505588d88c7f0f5e0d4ebffa""}}",stage02.3_constraint_guided_attempt16 + stage02.3_constraint_guided_rerun09,,preserve;see stage03_legacy_path_map.csv
stage03.0,measurement,stage03.0_measurement_attempt05,attempt05,stage03.0_measurement_attempt05,stage03_measurement_formal01,formal,c106C15,2016,"[""c101C5"", ""r105C5"", ""rc105C5"", ""c104C10"", ""r103C10"", ""rc102C10"", ""c106C15"", ""r105C15"", ""rc103C15"", ""c101_21"", ""r101_21"", ""rc101_21""]","[2014, 2015, 2016]",events,verified_legacy,results/stage03.0_measurement_attempt05/c106C15/2016/stage03.0_measurement_attempt05_events_c106C15_2016.jsonl,results/stage03-measurement_formal01/events/c106C15-alns_stage02_constraint_guided-2016.jsonl,feasible,,pass,NOT_READY_FOR_STAGE03_1,READY_FOR_STAGE03_ACCELERATION,pass,81da4606d2957dc236018a60d1e86ce764ecc092e1a365c7ca0f316d5844b3a8,raw_manifest,380c6e5877faec191d00c501af697deb073d861a644b2fb71e106c31a6c4fca6,50ed2d642f7e5ab1c495f9d43526dbc7ced2cb6e3521d8207719409066db928a,eba58a458a9fd13ae8fd404df8db1d04e49271326316256ee060468048881a86,14643465c858dae71e455c14c90652a1663c34034f87c42957c045e1af138553,b226b97e0e67288aaaf85726ad855df71cb81406685c57c8e8c40cd8996aa0da,44b932fba181327b08895693ec5b3fd78831a818,False,"{""VRP-EVRP-Project-Hub"": {""dirty"": false, ""path"": ""/Users/guoyiyang/Documents/GitHub/FURP-2026-Yiyang-GUO-EVRP-TW/reference/VRP-EVRP-Project-Hub"", ""revision"": ""e3a890065105f978187e532642c4442522215e02""}, ""py-ga-VRPTW"": {""dirty"": false, ""path"": ""/Users/guoyiyang/Documents/GitHub/FURP-2026-Yiyang-GUO-EVRP-TW/reference/py-ga-VRPTW"", ""revision"": ""8e005caaaf6471a4505588d88c7f0f5e0d4ebffa""}}",stage02.3_constraint_guided_attempt16 + stage02.3_constraint_guided_rerun09,,preserve;see stage03_legacy_path_map.csv
stage03.0,measurement,stage03.0_measurement_attempt05,attempt05,stage03.0_measurement_attempt05,stage03_measurement_formal01,formal,r101_21,2014,"[""c101C5"", ""r105C5"", ""rc105C5"", ""c104C10"", ""r103C10"", ""rc102C10"", ""c106C15"", ""r105C15"", ""rc103C15"", ""c101_21"", ""r101_21"", ""rc101_21""]","[2014, 2015, 2016]",events,verified_legacy,results/stage03.0_measurement_attempt05/r101_21/2014/stage03.0_measurement_attempt05_events_r101_21_2014.jsonl,results/stage03-measurement_formal01/events/r101_21-alns_stage02_constraint_guided-2014.jsonl,feasible,,pass,NOT_READY_FOR_STAGE03_1,READY_FOR_STAGE03_ACCELERATION,pass,1b8397eca781520d640bbd057d411b087cbad98e7e66964b69d5b32aed31c384,raw_manifest,380c6e5877faec191d00c501af697deb073d861a644b2fb71e106c31a6c4fca6,50ed2d642f7e5ab1c495f9d43526dbc7ced2cb6e3521d8207719409066db928a,0e5a3dffffbd3c516b528ef32ba1a488b817d2f151fc3e8c81023814de1c103a,c68db7db97e008e9029f1dc142e53a5b1adf6877b82c651df4cb6b281795346e,b226b97e0e67288aaaf85726ad855df71cb81406685c57c8e8c40cd8996aa0da,44b932fba181327b08895693ec5b3fd78831a818,False,"{""VRP-EVRP-Project-Hub"": {""dirty"": false, ""path"": ""/Users/guoyiyang/Documents/GitHub/FURP-2026-Yiyang-GUO-EVRP-TW/reference/VRP-EVRP-Project-Hub"", ""revision"": ""e3a890065105f978187e532642c4442522215e02""}, ""py-ga-VRPTW"": {""dirty"": false, ""path"": ""/Users/guoyiyang/Documents/GitHub/FURP-2026-Yiyang-GUO-EVRP-TW/reference/py-ga-VRPTW"", ""revision"": ""8e005caaaf6471a4505588d88c7f0f5e0d4ebffa""}}",stage02.3_constraint_guided_attempt16 + stage02.3_constraint_guided_rerun09,,preserve;see stage03_legacy_path_map.csv
stage03.0,measurement,stage03.0_measurement_attempt05,attempt05,stage03.0_measurement_attempt05,stage03_measurement_formal01,formal,r101_21,2015,"[""c101C5"", ""r105C5"", ""rc105C5"", ""c104C10"", ""r103C10"", ""rc102C10"", ""c106C15"", ""r105C15"", ""rc103C15"", ""c101_21"", ""r101_21"", ""rc101_21""]","[2014, 2015, 2016]",events,verified_legacy,results/stage03.0_measurement_attempt05/r101_21/2015/stage03.0_measurement_attempt05_events_r101_21_2015.jsonl,results/stage03-measurement_formal01/events/r101_21-alns_stage02_constraint_guided-2015.jsonl,feasible,,pass,NOT_READY_FOR_STAGE03_1,READY_FOR_STAGE03_ACCELERATION,pass,0b74eac77e4dfc1dcd5ea1afc8a08e0a1e963d34bf8759052d6d0ada0c869c35,raw_manifest,380c6e5877faec191d00c501af697deb073d861a644b2fb71e106c31a6c4fca6,50ed2d642f7e5ab1c495f9d43526dbc7ced2cb6e3521d8207719409066db928a,0e5a3dffffbd3c516b528ef32ba1a488b817d2f151fc3e8c81023814de1c103a,64d12286b42bafa6656308c23bbde0b364cfd3e189801f2d40aece3cd1ed7a60,b226b97e0e67288aaaf85726ad855df71cb81406685c57c8e8c40cd8996aa0da,44b932fba181327b08895693ec5b3fd78831a818,False,"{""VRP-EVRP-Project-Hub"": {""dirty"": false, ""path"": ""/Users/guoyiyang/Documents/GitHub/FURP-2026-Yiyang-GUO-EVRP-TW/reference/VRP-EVRP-Project-Hub"", ""revision"": ""e3a890065105f978187e532642c4442522215e02""}, ""py-ga-VRPTW"": {""dirty"": false, ""path"": ""/Users/guoyiyang/Documents/GitHub/FURP-2026-Yiyang-GUO-EVRP-TW/reference/py-ga-VRPTW"", ""revision"": ""8e005caaaf6471a4505588d88c7f0f5e0d4ebffa""}}",stage02.3_constraint_guided_attempt16 + stage02.3_constraint_guided_rerun09,,preserve;see stage03_legacy_path_map.csv
stage03.0,measurement,stage03.0_measurement_attempt05,attempt05,stage03.0_measurement_attempt05,stage03_measurement_formal01,formal,r101_21,2016,"[""c101C5"", ""r105C5"", ""rc105C5"", ""c104C10"", ""r103C10"", ""rc102C10"", ""c106C15"", ""r105C15"", ""rc103C15"", ""c101_21"", ""r101_21"", ""rc101_21""]","[2014, 2015, 2016]",events,verified_legacy,results/stage03.0_measurement_attempt05/r101_21/2016/stage03.0_measurement_attempt05_events_r101_21_2016.jsonl,results/stage03-measurement_formal01/events/r101_21-alns_stage02_constraint_guided-2016.jsonl,feasible,,pass,NOT_READY_FOR_STAGE03_1,READY_FOR_STAGE03_ACCELERATION,pass,241074ca9d29c865d7be8e6b93893aef30bc59112a7c7a2c40424528fa73392f,raw_manifest,380c6e5877faec191d00c501af697deb073d861a644b2fb71e106c31a6c4fca6,50ed2d642f7e5ab1c495f9d43526dbc7ced2cb6e3521d8207719409066db928a,0e5a3dffffbd3c516b528ef32ba1a488b817d2f151fc3e8c81023814de1c103a,5b7ac2327fa8836e223ad23c4d964f26f5fd18ee4ac3e87b1e956a850f277903,b226b97e0e67288aaaf85726ad855df71cb81406685c57c8e8c40cd8996aa0da,44b932fba181327b08895693ec5b3fd78831a818,False,"{""VRP-EVRP-Project-Hub"": {""dirty"": false, ""path"": ""/Users/guoyiyang/Documents/GitHub/FURP-2026-Yiyang-GUO-EVRP-TW/reference/VRP-EVRP-Project-Hub"", ""revision"": ""e3a890065105f978187e532642c4442522215e02""}, ""py-ga-VRPTW"": {""dirty"": false, ""path"": ""/Users/guoyiyang/Documents/GitHub/FURP-2026-Yiyang-GUO-EVRP-TW/reference/py-ga-VRPTW"", ""revision"": ""8e005caaaf6471a4505588d88c7f0f5e0d4ebffa""}}",stage02.3_constraint_guided_attempt16 + stage02.3_constraint_guided_rerun09,,preserve;see stage03_legacy_path_map.csv
stage03.0,measurement,stage03.0_measurement_attempt05,attempt05,stage03.0_measurement_attempt05,stage03_measurement_formal01,formal,r103C10,2014,"[""c101C5"", ""r105C5"", ""rc105C5"", ""c104C10"", ""r103C10"", ""rc102C10"", ""c106C15"", ""r105C15"", ""rc103C15"", ""c101_21"", ""r101_21"", ""rc101_21""]","[2014, 2015, 2016]",events,verified_legacy,results/stage03.0_measurement_attempt05/r103C10/2014/stage03.0_measurement_attempt05_events_r103C10_2014.jsonl,results/stage03-measurement_formal01/events/r103C10-alns_stage02_constraint_guided-2014.jsonl,feasible,,pass,NOT_READY_FOR_STAGE03_1,READY_FOR_STAGE03_ACCELERATION,pass,6efaadf81b8f99a01fcf30ea9ec8e11483368083845a0daa4bee440215098edc,raw_manifest,380c6e5877faec191d00c501af697deb073d861a644b2fb71e106c31a6c4fca6,50ed2d642f7e5ab1c495f9d43526dbc7ced2cb6e3521d8207719409066db928a,00debfb0e1fa34796b1644a045a064f52cb1f35052df9faa485db4b4f5ff512e,3c33eac758302ecedaf8cd26fed48e06fc135ab2515e9049a51be0ec7135581a,b226b97e0e67288aaaf85726ad855df71cb81406685c57c8e8c40cd8996aa0da,44b932fba181327b08895693ec5b3fd78831a818,False,"{""VRP-EVRP-Project-Hub"": {""dirty"": false, ""path"": ""/Users/guoyiyang/Documents/GitHub/FURP-2026-Yiyang-GUO-EVRP-TW/reference/VRP-EVRP-Project-Hub"", ""revision"": ""e3a890065105f978187e532642c4442522215e02""}, ""py-ga-VRPTW"": {""dirty"": false, ""path"": ""/Users/guoyiyang/Documents/GitHub/FURP-2026-Yiyang-GUO-EVRP-TW/reference/py-ga-VRPTW"", ""revision"": ""8e005caaaf6471a4505588d88c7f0f5e0d4ebffa""}}",stage02.3_constraint_guided_attempt16 + stage02.3_constraint_guided_rerun09,,preserve;see stage03_legacy_path_map.csv
stage03.0,measurement,stage03.0_measurement_attempt05,attempt05,stage03.0_measurement_attempt05,stage03_measurement_formal01,formal,r103C10,2015,"[""c101C5"", ""r105C5"", ""rc105C5"", ""c104C10"", ""r103C10"", ""rc102C10"", ""c106C15"", ""r105C15"", ""rc103C15"", ""c101_21"", ""r101_21"", ""rc101_21""]","[2014, 2015, 2016]",events,verified_legacy,results/stage03.0_measurement_attempt05/r103C10/2015/stage03.0_measurement_attempt05_events_r103C10_2015.jsonl,results/stage03-measurement_formal01/events/r103C10-alns_stage02_constraint_guided-2015.jsonl,feasible,,pass,NOT_READY_FOR_STAGE03_1,READY_FOR_STAGE03_ACCELERATION,pass,0b7610fd190013dae4b8898091017f7108ba4b08cf17ea074468d36272656687,raw_manifest,380c6e5877faec191d00c501af697deb073d861a644b2fb71e106c31a6c4fca6,50ed2d642f7e5ab1c495f9d43526dbc7ced2cb6e3521d8207719409066db928a,00debfb0e1fa34796b1644a045a064f52cb1f35052df9faa485db4b4f5ff512e,712d10dcef01d995dba69cfb6ed3f28dcd04f732c1a2d75534dffe8d095e1d68,b226b97e0e67288aaaf85726ad855df71cb81406685c57c8e8c40cd8996aa0da,44b932fba181327b08895693ec5b3fd78831a818,False,"{""VRP-EVRP-Project-Hub"": {""dirty"": false, ""path"": ""/Users/guoyiyang/Documents/GitHub/FURP-2026-Yiyang-GUO-EVRP-TW/reference/VRP-EVRP-Project-Hub"", ""revision"": ""e3a890065105f978187e532642c4442522215e02""}, ""py-ga-VRPTW"": {""dirty"": false, ""path"": ""/Users/guoyiyang/Documents/GitHub/FURP-2026-Yiyang-GUO-EVRP-TW/reference/py-ga-VRPTW"", ""revision"": ""8e005caaaf6471a4505588d88c7f0f5e0d4ebffa""}}",stage02.3_constraint_guided_attempt16 + stage02.3_constraint_guided_rerun09,,preserve;see stage03_legacy_path_map.csv
stage03.0,measurement,stage03.0_measurement_attempt05,attempt05,stage03.0_measurement_attempt05,stage03_measurement_formal01,formal,r103C10,2016,"[""c101C5"", ""r105C5"", ""rc105C5"", ""c104C10"", ""r103C10"", ""rc102C10"", ""c106C15"", ""r105C15"", ""rc103C15"", ""c101_21"", ""r101_21"", ""rc101_21""]","[2014, 2015, 2016]",events,verified_legacy,results/stage03.0_measurement_attempt05/r103C10/2016/stage03.0_measurement_attempt05_events_r103C10_2016.jsonl,results/stage03-measurement_formal01/events/r103C10-alns_stage02_constraint_guided-2016.jsonl,feasible,,pass,NOT_READY_FOR_STAGE03_1,READY_FOR_STAGE03_ACCELERATION,pass,8783949d6d44913b9e9ca169ad90b60df56e4e4cc93b94f5ab8174749c999300,raw_manifest,380c6e5877faec191d00c501af697deb073d861a644b2fb71e106c31a6c4fca6,50ed2d642f7e5ab1c495f9d43526dbc7ced2cb6e3521d8207719409066db928a,00debfb0e1fa34796b1644a045a064f52cb1f35052df9faa485db4b4f5ff512e,7a33d981160751df34a480d48671e1a44b64fed0c2a760be6f379a12f6c4a616,b226b97e0e67288aaaf85726ad855df71cb81406685c57c8e8c40cd8996aa0da,44b932fba181327b08895693ec5b3fd78831a818,False,"{""VRP-EVRP-Project-Hub"": {""dirty"": false, ""path"": ""/Users/guoyiyang/Documents/GitHub/FURP-2026-Yiyang-GUO-EVRP-TW/reference/VRP-EVRP-Project-Hub"", ""revision"": ""e3a890065105f978187e532642c4442522215e02""}, ""py-ga-VRPTW"": {""dirty"": false, ""path"": ""/Users/guoyiyang/Documents/GitHub/FURP-2026-Yiyang-GUO-EVRP-TW/reference/py-ga-VRPTW"", ""revision"": ""8e005caaaf6471a4505588d88c7f0f5e0d4ebffa""}}",stage02.3_constraint_guided_attempt16 + stage02.3_constraint_guided_rerun09,,preserve;see stage03_legacy_path_map.csv
stage03.0,measurement,stage03.0_measurement_attempt05,attempt05,stage03.0_measurement_attempt05,stage03_measurement_formal01,formal,r105C15,2014,"[""c101C5"", ""r105C5"", ""rc105C5"", ""c104C10"", ""r103C10"", ""rc102C10"", ""c106C15"", ""r105C15"", ""rc103C15"", ""c101_21"", ""r101_21"", ""rc101_21""]","[2014, 2015, 2016]",events,verified_legacy,results/stage03.0_measurement_attempt05/r105C15/2014/stage03.0_measurement_attempt05_events_r105C15_2014.jsonl,results/stage03-measurement_formal01/events/r105C15-alns_stage02_constraint_guided-2014.jsonl,feasible,,pass,NOT_READY_FOR_STAGE03_1,READY_FOR_STAGE03_ACCELERATION,pass,500026c06fe938b58eed1c0db038d0a0f866e32eb25d3b135452e1ab921f2593,raw_manifest,380c6e5877faec191d00c501af697deb073d861a644b2fb71e106c31a6c4fca6,50ed2d642f7e5ab1c495f9d43526dbc7ced2cb6e3521d8207719409066db928a,937f3e630e6afef1a148dc223dd1d6ad2d11cfff557803e68a50e981e3ceaa44,34081af8d566284dfcfbeb2edc4216f6660ef6f0051c2a3fce286aed359ee455,b226b97e0e67288aaaf85726ad855df71cb81406685c57c8e8c40cd8996aa0da,44b932fba181327b08895693ec5b3fd78831a818,False,"{""VRP-EVRP-Project-Hub"": {""dirty"": false, ""path"": ""/Users/guoyiyang/Documents/GitHub/FURP-2026-Yiyang-GUO-EVRP-TW/reference/VRP-EVRP-Project-Hub"", ""revision"": ""e3a890065105f978187e532642c4442522215e02""}, ""py-ga-VRPTW"": {""dirty"": false, ""path"": ""/Users/guoyiyang/Documents/GitHub/FURP-2026-Yiyang-GUO-EVRP-TW/reference/py-ga-VRPTW"", ""revision"": ""8e005caaaf6471a4505588d88c7f0f5e0d4ebffa""}}",stage02.3_constraint_guided_attempt16 + stage02.3_constraint_guided_rerun09,,preserve;see stage03_legacy_path_map.csv
stage03.0,measurement,stage03.0_measurement_attempt05,attempt05,stage03.0_measurement_attempt05,stage03_measurement_formal01,formal,r105C15,2015,"[""c101C5"", ""r105C5"", ""rc105C5"", ""c104C10"", ""r103C10"", ""rc102C10"", ""c106C15"", ""r105C15"", ""rc103C15"", ""c101_21"", ""r101_21"", ""rc101_21""]","[2014, 2015, 2016]",events,verified_legacy,results/stage03.0_measurement_attempt05/r105C15/2015/stage03.0_measurement_attempt05_events_r105C15_2015.jsonl,results/stage03-measurement_formal01/events/r105C15-alns_stage02_constraint_guided-2015.jsonl,feasible,,pass,NOT_READY_FOR_STAGE03_1,READY_FOR_STAGE03_ACCELERATION,pass,05224194ff858529eb9b4676a20f6605b45ba1fe8da66e9e594cba15cb7f6c64,raw_manifest,380c6e5877faec191d00c501af697deb073d861a644b2fb71e106c31a6c4fca6,50ed2d642f7e5ab1c495f9d43526dbc7ced2cb6e3521d8207719409066db928a,937f3e630e6afef1a148dc223dd1d6ad2d11cfff557803e68a50e981e3ceaa44,9b71d349bef0ff48d8a6fbdc65523997ba8d8c519442d3ca89ba9d7fef5d31c1,b226b97e0e67288aaaf85726ad855df71cb81406685c57c8e8c40cd8996aa0da,44b932fba181327b08895693ec5b3fd78831a818,False,"{""VRP-EVRP-Project-Hub"": {""dirty"": false, ""path"": ""/Users/guoyiyang/Documents/GitHub/FURP-2026-Yiyang-GUO-EVRP-TW/reference/VRP-EVRP-Project-Hub"", ""revision"": ""e3a890065105f978187e532642c4442522215e02""}, ""py-ga-VRPTW"": {""dirty"": false, ""path"": ""/Users/guoyiyang/Documents/GitHub/FURP-2026-Yiyang-GUO-EVRP-TW/reference/py-ga-VRPTW"", ""revision"": ""8e005caaaf6471a4505588d88c7f0f5e0d4ebffa""}}",stage02.3_constraint_guided_attempt16 + stage02.3_constraint_guided_rerun09,,preserve;see stage03_legacy_path_map.csv
stage03.0,measurement,stage03.0_measurement_attempt05,attempt05,stage03.0_measurement_attempt05,stage03_measurement_formal01,formal,r105C15,2016,"[""c101C5"", ""r105C5"", ""rc105C5"", ""c104C10"", ""r103C10"", ""rc102C10"", ""c106C15"", ""r105C15"", ""rc103C15"", ""c101_21"", ""r101_21"", ""rc101_21""]","[2014, 2015, 2016]",events,verified_legacy,results/stage03.0_measurement_attempt05/r105C15/2016/stage03.0_measurement_attempt05_events_r105C15_2016.jsonl,results/stage03-measurement_formal01/events/r105C15-alns_stage02_constraint_guided-2016.jsonl,feasible,,pass,NOT_READY_FOR_STAGE03_1,READY_FOR_STAGE03_ACCELERATION,pass,31d1697d353847264e27cc93e81831505b3aec89e6666a0ab1f1bb0f4dfd585c,raw_manifest,380c6e5877faec191d00c501af697deb073d861a644b2fb71e106c31a6c4fca6,50ed2d642f7e5ab1c495f9d43526dbc7ced2cb6e3521d8207719409066db928a,937f3e630e6afef1a148dc223dd1d6ad2d11cfff557803e68a50e981e3ceaa44,c4c70b081693b9dd6508164def82edb9bc11ba0c42efdff26827f47659164e49,b226b97e0e67288aaaf85726ad855df71cb81406685c57c8e8c40cd8996aa0da,44b932fba181327b08895693ec5b3fd78831a818,False,"{""VRP-EVRP-Project-Hub"": {""dirty"": false, ""path"": ""/Users/guoyiyang/Documents/GitHub/FURP-2026-Yiyang-GUO-EVRP-TW/reference/VRP-EVRP-Project-Hub"", ""revision"": ""e3a890065105f978187e532642c4442522215e02""}, ""py-ga-VRPTW"": {""dirty"": false, ""path"": ""/Users/guoyiyang/Documents/GitHub/FURP-2026-Yiyang-GUO-EVRP-TW/reference/py-ga-VRPTW"", ""revision"": ""8e005caaaf6471a4505588d88c7f0f5e0d4ebffa""}}",stage02.3_constraint_guided_attempt16 + stage02.3_constraint_guided_rerun09,,preserve;see stage03_legacy_path_map.csv
stage03.0,measurement,stage03.0_measurement_attempt05,attempt05,stage03.0_measurement_attempt05,stage03_measurement_formal01,formal,r105C5,2014,"[""c101C5"", ""r105C5"", ""rc105C5"", ""c104C10"", ""r103C10"", ""rc102C10"", ""c106C15"", ""r105C15"", ""rc103C15"", ""c101_21"", ""r101_21"", ""rc101_21""]","[2014, 2015, 2016]",events,verified_legacy,results/stage03.0_measurement_attempt05/r105C5/2014/stage03.0_measurement_attempt05_events_r105C5_2014.jsonl,results/stage03-measurement_formal01/events/r105C5-alns_stage02_constraint_guided-2014.jsonl,feasible,,pass,NOT_READY_FOR_STAGE03_1,READY_FOR_STAGE03_ACCELERATION,pass,bfaae6a603633bd3365c78afd84cecfb8de62d6d2ac7052109d8776877fb58bb,raw_manifest,380c6e5877faec191d00c501af697deb073d861a644b2fb71e106c31a6c4fca6,50ed2d642f7e5ab1c495f9d43526dbc7ced2cb6e3521d8207719409066db928a,eb27ec04e799ee6d39dee3d66f15128e197811afa8c664295acbdf6444176434,18bac09d872478484b6ea6f822b27818455d00fb8c4e42ee872b06c2e1e19f6f,b226b97e0e67288aaaf85726ad855df71cb81406685c57c8e8c40cd8996aa0da,44b932fba181327b08895693ec5b3fd78831a818,False,"{""VRP-EVRP-Project-Hub"": {""dirty"": false, ""path"": ""/Users/guoyiyang/Documents/GitHub/FURP-2026-Yiyang-GUO-EVRP-TW/reference/VRP-EVRP-Project-Hub"", ""revision"": ""e3a890065105f978187e532642c4442522215e02""}, ""py-ga-VRPTW"": {""dirty"": false, ""path"": ""/Users/guoyiyang/Documents/GitHub/FURP-2026-Yiyang-GUO-EVRP-TW/reference/py-ga-VRPTW"", ""revision"": ""8e005caaaf6471a4505588d88c7f0f5e0d4ebffa""}}",stage02.3_constraint_guided_attempt16 + stage02.3_constraint_guided_rerun09,,preserve;see stage03_legacy_path_map.csv
stage03.0,measurement,stage03.0_measurement_attempt05,attempt05,stage03.0_measurement_attempt05,stage03_measurement_formal01,formal,r105C5,2015,"[""c101C5"", ""r105C5"", ""rc105C5"", ""c104C10"", ""r103C10"", ""rc102C10"", ""c106C15"", ""r105C15"", ""rc103C15"", ""c101_21"", ""r101_21"", ""rc101_21""]","[2014, 2015, 2016]",events,verified_legacy,results/stage03.0_measurement_attempt05/r105C5/2015/stage03.0_measurement_attempt05_events_r105C5_2015.jsonl,results/stage03-measurement_formal01/events/r105C5-alns_stage02_constraint_guided-2015.jsonl,feasible,,pass,NOT_READY_FOR_STAGE03_1,READY_FOR_STAGE03_ACCELERATION,pass,07eee363c4c527285b46028cc0d02c8393007db1fa28f18acc6160065d48b0af,raw_manifest,380c6e5877faec191d00c501af697deb073d861a644b2fb71e106c31a6c4fca6,50ed2d642f7e5ab1c495f9d43526dbc7ced2cb6e3521d8207719409066db928a,eb27ec04e799ee6d39dee3d66f15128e197811afa8c664295acbdf6444176434,4ba78eb23b8b0e21e93a074308912ac3554467a05f04fa0413a7f25f6838d822,b226b97e0e67288aaaf85726ad855df71cb81406685c57c8e8c40cd8996aa0da,44b932fba181327b08895693ec5b3fd78831a818,False,"{""VRP-EVRP-Project-Hub"": {""dirty"": false, ""path"": ""/Users/guoyiyang/Documents/GitHub/FURP-2026-Yiyang-GUO-EVRP-TW/reference/VRP-EVRP-Project-Hub"", ""revision"": ""e3a890065105f978187e532642c4442522215e02""}, ""py-ga-VRPTW"": {""dirty"": false, ""path"": ""/Users/guoyiyang/Documents/GitHub/FURP-2026-Yiyang-GUO-EVRP-TW/reference/py-ga-VRPTW"", ""revision"": ""8e005caaaf6471a4505588d88c7f0f5e0d4ebffa""}}",stage02.3_constraint_guided_attempt16 + stage02.3_constraint_guided_rerun09,,preserve;see stage03_legacy_path_map.csv
stage03.0,measurement,stage03.0_measurement_attempt05,attempt05,stage03.0_measurement_attempt05,stage03_measurement_formal01,formal,r105C5,2016,"[""c101C5"", ""r105C5"", ""rc105C5"", ""c104C10"", ""r103C10"", ""rc102C10"", ""c106C15"", ""r105C15"", ""rc103C15"", ""c101_21"", ""r101_21"", ""rc101_21""]","[2014, 2015, 2016]",events,verified_legacy,results/stage03.0_measurement_attempt05/r105C5/2016/stage03.0_measurement_attempt05_events_r105C5_2016.jsonl,results/stage03-measurement_formal01/events/r105C5-alns_stage02_constraint_guided-2016.jsonl,feasible,,pass,NOT_READY_FOR_STAGE03_1,READY_FOR_STAGE03_ACCELERATION,pass,c0b6ea73a0d4b0cee538b44d1c2fbaf794638215e3ed0172e2815dee7d5f5a19,raw_manifest,380c6e5877faec191d00c501af697deb073d861a644b2fb71e106c31a6c4fca6,50ed2d642f7e5ab1c495f9d43526dbc7ced2cb6e3521d8207719409066db928a,eb27ec04e799ee6d39dee3d66f15128e197811afa8c664295acbdf6444176434,c6f2194935fc05838da61161b16578dda21b3af1906d011ba89e1278dc7436a7,b226b97e0e67288aaaf85726ad855df71cb81406685c57c8e8c40cd8996aa0da,44b932fba181327b08895693ec5b3fd78831a818,False,"{""VRP-EVRP-Project-Hub"": {""dirty"": false, ""path"": ""/Users/guoyiyang/Documents/GitHub/FURP-2026-Yiyang-GUO-EVRP-TW/reference/VRP-EVRP-Project-Hub"", ""revision"": ""e3a890065105f978187e532642c4442522215e02""}, ""py-ga-VRPTW"": {""dirty"": false, ""path"": ""/Users/guoyiyang/Documents/GitHub/FURP-2026-Yiyang-GUO-EVRP-TW/reference/py-ga-VRPTW"", ""revision"": ""8e005caaaf6471a4505588d88c7f0f5e0d4ebffa""}}",stage02.3_constraint_guided_attempt16 + stage02.3_constraint_guided_rerun09,,preserve;see stage03_legacy_path_map.csv
stage03.0,measurement,stage03.0_measurement_attempt05,attempt05,stage03.0_measurement_attempt05,stage03_measurement_formal01,formal,rc101_21,2014,"[""c101C5"", ""r105C5"", ""rc105C5"", ""c104C10"", ""r103C10"", ""rc102C10"", ""c106C15"", ""r105C15"", ""rc103C15"", ""c101_21"", ""r101_21"", ""rc101_21""]","[2014, 2015, 2016]",events,verified_legacy,results/stage03.0_measurement_attempt05/rc101_21/2014/stage03.0_measurement_attempt05_events_rc101_21_2014.jsonl,results/stage03-measurement_formal01/events/rc101_21-alns_stage02_constraint_guided-2014.jsonl,feasible,,pass,NOT_READY_FOR_STAGE03_1,READY_FOR_STAGE03_ACCELERATION,pass,92dd90ddfd7c1e92493af4e58aed3e635e07b51d6f46e4125124a211d0284521,raw_manifest,380c6e5877faec191d00c501af697deb073d861a644b2fb71e106c31a6c4fca6,50ed2d642f7e5ab1c495f9d43526dbc7ced2cb6e3521d8207719409066db928a,272a3e58d53d4ba9516f01506164cf8a9b98bfeeb8dbd1fd62f6557e4c98e3a1,8e4d65f43ad9636e55d9c59484574f882f9dd2ecd08a139e09a82481141a9a42,b226b97e0e67288aaaf85726ad855df71cb81406685c57c8e8c40cd8996aa0da,44b932fba181327b08895693ec5b3fd78831a818,False,"{""VRP-EVRP-Project-Hub"": {""dirty"": false, ""path"": ""/Users/guoyiyang/Documents/GitHub/FURP-2026-Yiyang-GUO-EVRP-TW/reference/VRP-EVRP-Project-Hub"", ""revision"": ""e3a890065105f978187e532642c4442522215e02""}, ""py-ga-VRPTW"": {""dirty"": false, ""path"": ""/Users/guoyiyang/Documents/GitHub/FURP-2026-Yiyang-GUO-EVRP-TW/reference/py-ga-VRPTW"", ""revision"": ""8e005caaaf6471a4505588d88c7f0f5e0d4ebffa""}}",stage02.3_constraint_guided_attempt16 + stage02.3_constraint_guided_rerun09,,preserve;see stage03_legacy_path_map.csv
stage03.0,measurement,stage03.0_measurement_attempt05,attempt05,stage03.0_measurement_attempt05,stage03_measurement_formal01,formal,rc101_21,2015,"[""c101C5"", ""r105C5"", ""rc105C5"", ""c104C10"", ""r103C10"", ""rc102C10"", ""c106C15"", ""r105C15"", ""rc103C15"", ""c101_21"", ""r101_21"", ""rc101_21""]","[2014, 2015, 2016]",events,verified_legacy,results/stage03.0_measurement_attempt05/rc101_21/2015/stage03.0_measurement_attempt05_events_rc101_21_2015.jsonl,results/stage03-measurement_formal01/events/rc101_21-alns_stage02_constraint_guided-2015.jsonl,feasible,,pass,NOT_READY_FOR_STAGE03_1,READY_FOR_STAGE03_ACCELERATION,pass,e687bf9ae9b9461d70e137b6afcd856c63471277f1ea0dcaa8f075f8b0b83265,raw_manifest,380c6e5877faec191d00c501af697deb073d861a644b2fb71e106c31a6c4fca6,50ed2d642f7e5ab1c495f9d43526dbc7ced2cb6e3521d8207719409066db928a,272a3e58d53d4ba9516f01506164cf8a9b98bfeeb8dbd1fd62f6557e4c98e3a1,552e83d2a87eef9ae305e3d699dd98c361a463fccd7f868c61ac651bd28f55a9,b226b97e0e67288aaaf85726ad855df71cb81406685c57c8e8c40cd8996aa0da,44b932fba181327b08895693ec5b3fd78831a818,False,"{""VRP-EVRP-Project-Hub"": {""dirty"": false, ""path"": ""/Users/guoyiyang/Documents/GitHub/FURP-2026-Yiyang-GUO-EVRP-TW/reference/VRP-EVRP-Project-Hub"", ""revision"": ""e3a890065105f978187e532642c4442522215e02""}, ""py-ga-VRPTW"": {""dirty"": false, ""path"": ""/Users/guoyiyang/Documents/GitHub/FURP-2026-Yiyang-GUO-EVRP-TW/reference/py-ga-VRPTW"", ""revision"": ""8e005caaaf6471a4505588d88c7f0f5e0d4ebffa""}}",stage02.3_constraint_guided_attempt16 + stage02.3_constraint_guided_rerun09,,preserve;see stage03_legacy_path_map.csv
stage03.0,measurement,stage03.0_measurement_attempt05,attempt05,stage03.0_measurement_attempt05,stage03_measurement_formal01,formal,rc101_21,2016,"[""c101C5"", ""r105C5"", ""rc105C5"", ""c104C10"", ""r103C10"", ""rc102C10"", ""c106C15"", ""r105C15"", ""rc103C15"", ""c101_21"", ""r101_21"", ""rc101_21""]","[2014, 2015, 2016]",events,verified_legacy,results/stage03.0_measurement_attempt05/rc101_21/2016/stage03.0_measurement_attempt05_events_rc101_21_2016.jsonl,results/stage03-measurement_formal01/events/rc101_21-alns_stage02_constraint_guided-2016.jsonl,feasible,,pass,NOT_READY_FOR_STAGE03_1,READY_FOR_STAGE03_ACCELERATION,pass,4855dbfd643dc9fb7d6fb1544e58aa2159060158924b39d2e691813a5c5ff6b6,raw_manifest,380c6e5877faec191d00c501af697deb073d861a644b2fb71e106c31a6c4fca6,50ed2d642f7e5ab1c495f9d43526dbc7ced2cb6e3521d8207719409066db928a,272a3e58d53d4ba9516f01506164cf8a9b98bfeeb8dbd1fd62f6557e4c98e3a1,8cb9e86a9910383b9227e41caf5bba88d7bca98747fe815e0de2c5f3eb878384,b226b97e0e67288aaaf85726ad855df71cb81406685c57c8e8c40cd8996aa0da,44b932fba181327b08895693ec5b3fd78831a818,False,"{""VRP-EVRP-Project-Hub"": {""dirty"": false, ""path"": ""/Users/guoyiyang/Documents/GitHub/FURP-2026-Yiyang-GUO-EVRP-TW/reference/VRP-EVRP-Project-Hub"", ""revision"": ""e3a890065105f978187e532642c4442522215e02""}, ""py-ga-VRPTW"": {""dirty"": false, ""path"": ""/Users/guoyiyang/Documents/GitHub/FURP-2026-Yiyang-GUO-EVRP-TW/reference/py-ga-VRPTW"", ""revision"": ""8e005caaaf6471a4505588d88c7f0f5e0d4ebffa""}}",stage02.3_constraint_guided_attempt16 + stage02.3_constraint_guided_rerun09,,preserve;see stage03_legacy_path_map.csv
stage03.0,measurement,stage03.0_measurement_attempt05,attempt05,stage03.0_measurement_attempt05,stage03_measurement_formal01,formal,rc102C10,2014,"[""c101C5"", ""r105C5"", ""rc105C5"", ""c104C10"", ""r103C10"", ""rc102C10"", ""c106C15"", ""r105C15"", ""rc103C15"", ""c101_21"", ""r101_21"", ""rc101_21""]","[2014, 2015, 2016]",events,verified_legacy,results/stage03.0_measurement_attempt05/rc102C10/2014/stage03.0_measurement_attempt05_events_rc102C10_2014.jsonl,results/stage03-measurement_formal01/events/rc102C10-alns_stage02_constraint_guided-2014.jsonl,feasible,,pass,NOT_READY_FOR_STAGE03_1,READY_FOR_STAGE03_ACCELERATION,pass,b732f4f603e50734e763ac7d98ed9d0313575166e1ad736277cb7bbe20002595,raw_manifest,380c6e5877faec191d00c501af697deb073d861a644b2fb71e106c31a6c4fca6,50ed2d642f7e5ab1c495f9d43526dbc7ced2cb6e3521d8207719409066db928a,b85edffa9a896007203a8f6688731b66fcaeedada2b6deae0a3e3ca4a1a0d1a6,922747a0c60210d4d3c4f9aa167840cf1adf2caa75c959be083b12d6cc9a5e63,b226b97e0e67288aaaf85726ad855df71cb81406685c57c8e8c40cd8996aa0da,44b932fba181327b08895693ec5b3fd78831a818,False,"{""VRP-EVRP-Project-Hub"": {""dirty"": false, ""path"": ""/Users/guoyiyang/Documents/GitHub/FURP-2026-Yiyang-GUO-EVRP-TW/reference/VRP-EVRP-Project-Hub"", ""revision"": ""e3a890065105f978187e532642c4442522215e02""}, ""py-ga-VRPTW"": {""dirty"": false, ""path"": ""/Users/guoyiyang/Documents/GitHub/FURP-2026-Yiyang-GUO-EVRP-TW/reference/py-ga-VRPTW"", ""revision"": ""8e005caaaf6471a4505588d88c7f0f5e0d4ebffa""}}",stage02.3_constraint_guided_attempt16 + stage02.3_constraint_guided_rerun09,,preserve;see stage03_legacy_path_map.csv
stage03.0,measurement,stage03.0_measurement_attempt05,attempt05,stage03.0_measurement_attempt05,stage03_measurement_formal01,formal,rc102C10,2015,"[""c101C5"", ""r105C5"", ""rc105C5"", ""c104C10"", ""r103C10"", ""rc102C10"", ""c106C15"", ""r105C15"", ""rc103C15"", ""c101_21"", ""r101_21"", ""rc101_21""]","[2014, 2015, 2016]",events,verified_legacy,results/stage03.0_measurement_attempt05/rc102C10/2015/stage03.0_measurement_attempt05_events_rc102C10_2015.jsonl,results/stage03-measurement_formal01/events/rc102C10-alns_stage02_constraint_guided-2015.jsonl,feasible,,pass,NOT_READY_FOR_STAGE03_1,READY_FOR_STAGE03_ACCELERATION,pass,a036ed0d5f343cf54095c8da21636f98060a2bdf7ac07132b5c84f6ba5247602,raw_manifest,380c6e5877faec191d00c501af697deb073d861a644b2fb71e106c31a6c4fca6,50ed2d642f7e5ab1c495f9d43526dbc7ced2cb6e3521d8207719409066db928a,b85edffa9a896007203a8f6688731b66fcaeedada2b6deae0a3e3ca4a1a0d1a6,2396d0b76559b83d49b983c01915e9cd3dfca0f17d11b4d765f380456a034e9f,b226b97e0e67288aaaf85726ad855df71cb81406685c57c8e8c40cd8996aa0da,44b932fba181327b08895693ec5b3fd78831a818,False,"{""VRP-EVRP-Project-Hub"": {""dirty"": false, ""path"": ""/Users/guoyiyang/Documents/GitHub/FURP-2026-Yiyang-GUO-EVRP-TW/reference/VRP-EVRP-Project-Hub"", ""revision"": ""e3a890065105f978187e532642c4442522215e02""}, ""py-ga-VRPTW"": {""dirty"": false, ""path"": ""/Users/guoyiyang/Documents/GitHub/FURP-2026-Yiyang-GUO-EVRP-TW/reference/py-ga-VRPTW"", ""revision"": ""8e005caaaf6471a4505588d88c7f0f5e0d4ebffa""}}",stage02.3_constraint_guided_attempt16 + stage02.3_constraint_guided_rerun09,,preserve;see stage03_legacy_path_map.csv
stage03.0,measurement,stage03.0_measurement_attempt05,attempt05,stage03.0_measurement_attempt05,stage03_measurement_formal01,formal,rc102C10,2016,"[""c101C5"", ""r105C5"", ""rc105C5"", ""c104C10"", ""r103C10"", ""rc102C10"", ""c106C15"", ""r105C15"", ""rc103C15"", ""c101_21"", ""r101_21"", ""rc101_21""]","[2014, 2015, 2016]",events,verified_legacy,results/stage03.0_measurement_attempt05/rc102C10/2016/stage03.0_measurement_attempt05_events_rc102C10_2016.jsonl,results/stage03-measurement_formal01/events/rc102C10-alns_stage02_constraint_guided-2016.jsonl,feasible,,pass,NOT_READY_FOR_STAGE03_1,READY_FOR_STAGE03_ACCELERATION,pass,6c48cf8b46b088bc3827d4645e3cddfd13d97b1eac94fd8ae7e673d23af4f2c2,raw_manifest,380c6e5877faec191d00c501af697deb073d861a644b2fb71e106c31a6c4fca6,50ed2d642f7e5ab1c495f9d43526dbc7ced2cb6e3521d8207719409066db928a,b85edffa9a896007203a8f6688731b66fcaeedada2b6deae0a3e3ca4a1a0d1a6,543d2b0eb4fadc3e8826ae696d7287008f6e25c739027036bb239af842e5764d,b226b97e0e67288aaaf85726ad855df71cb81406685c57c8e8c40cd8996aa0da,44b932fba181327b08895693ec5b3fd78831a818,False,"{""VRP-EVRP-Project-Hub"": {""dirty"": false, ""path"": ""/Users/guoyiyang/Documents/GitHub/FURP-2026-Yiyang-GUO-EVRP-TW/reference/VRP-EVRP-Project-Hub"", ""revision"": ""e3a890065105f978187e532642c4442522215e02""}, ""py-ga-VRPTW"": {""dirty"": false, ""path"": ""/Users/guoyiyang/Documents/GitHub/FURP-2026-Yiyang-GUO-EVRP-TW/reference/py-ga-VRPTW"", ""revision"": ""8e005caaaf6471a4505588d88c7f0f5e0d4ebffa""}}",stage02.3_constraint_guided_attempt16 + stage02.3_constraint_guided_rerun09,,preserve;see stage03_legacy_path_map.csv
stage03.0,measurement,stage03.0_measurement_attempt05,attempt05,stage03.0_measurement_attempt05,stage03_measurement_formal01,formal,rc103C15,2014,"[""c101C5"", ""r105C5"", ""rc105C5"", ""c104C10"", ""r103C10"", ""rc102C10"", ""c106C15"", ""r105C15"", ""rc103C15"", ""c101_21"", ""r101_21"", ""rc101_21""]","[2014, 2015, 2016]",events,verified_legacy,results/stage03.0_measurement_attempt05/rc103C15/2014/stage03.0_measurement_attempt05_events_rc103C15_2014.jsonl,results/stage03-measurement_formal01/events/rc103C15-alns_stage02_constraint_guided-2014.jsonl,feasible,,pass,NOT_READY_FOR_STAGE03_1,READY_FOR_STAGE03_ACCELERATION,pass,03cb866611a691af961125b154730fcf9ea8e2d3cf394653aeca89e64488c05a,raw_manifest,380c6e5877faec191d00c501af697deb073d861a644b2fb71e106c31a6c4fca6,50ed2d642f7e5ab1c495f9d43526dbc7ced2cb6e3521d8207719409066db928a,51cbd950e7a76acae3add1f93d4c5f3b906f1e0ca5b47f46b068ff4f52e43c4a,4e3260a82a51a7e015b5585f8b12990fb738e74802df644e62a7a88f53cd50a7,b226b97e0e67288aaaf85726ad855df71cb81406685c57c8e8c40cd8996aa0da,44b932fba181327b08895693ec5b3fd78831a818,False,"{""VRP-EVRP-Project-Hub"": {""dirty"": false, ""path"": ""/Users/guoyiyang/Documents/GitHub/FURP-2026-Yiyang-GUO-EVRP-TW/reference/VRP-EVRP-Project-Hub"", ""revision"": ""e3a890065105f978187e532642c4442522215e02""}, ""py-ga-VRPTW"": {""dirty"": false, ""path"": ""/Users/guoyiyang/Documents/GitHub/FURP-2026-Yiyang-GUO-EVRP-TW/reference/py-ga-VRPTW"", ""revision"": ""8e005caaaf6471a4505588d88c7f0f5e0d4ebffa""}}",stage02.3_constraint_guided_attempt16 + stage02.3_constraint_guided_rerun09,,preserve;see stage03_legacy_path_map.csv
stage03.0,measurement,stage03.0_measurement_attempt05,attempt05,stage03.0_measurement_attempt05,stage03_measurement_formal01,formal,rc103C15,2015,"[""c101C5"", ""r105C5"", ""rc105C5"", ""c104C10"", ""r103C10"", ""rc102C10"", ""c106C15"", ""r105C15"", ""rc103C15"", ""c101_21"", ""r101_21"", ""rc101_21""]","[2014, 2015, 2016]",events,verified_legacy,results/stage03.0_measurement_attempt05/rc103C15/2015/stage03.0_measurement_attempt05_events_rc103C15_2015.jsonl,results/stage03-measurement_formal01/events/rc103C15-alns_stage02_constraint_guided-2015.jsonl,feasible,,pass,NOT_READY_FOR_STAGE03_1,READY_FOR_STAGE03_ACCELERATION,pass,1a2e4294436e1e544a919f2055d190ef9115454bf01627ec81f06181a53fe914,raw_manifest,380c6e5877faec191d00c501af697deb073d861a644b2fb71e106c31a6c4fca6,50ed2d642f7e5ab1c495f9d43526dbc7ced2cb6e3521d8207719409066db928a,51cbd950e7a76acae3add1f93d4c5f3b906f1e0ca5b47f46b068ff4f52e43c4a,185a9b551a365c2931916dfa29521c226b32a02b778bf709cbba49f6fc187c33,b226b97e0e67288aaaf85726ad855df71cb81406685c57c8e8c40cd8996aa0da,44b932fba181327b08895693ec5b3fd78831a818,False,"{""VRP-EVRP-Project-Hub"": {""dirty"": false, ""path"": ""/Users/guoyiyang/Documents/GitHub/FURP-2026-Yiyang-GUO-EVRP-TW/reference/VRP-EVRP-Project-Hub"", ""revision"": ""e3a890065105f978187e532642c4442522215e02""}, ""py-ga-VRPTW"": {""dirty"": false, ""path"": ""/Users/guoyiyang/Documents/GitHub/FURP-2026-Yiyang-GUO-EVRP-TW/reference/py-ga-VRPTW"", ""revision"": ""8e005caaaf6471a4505588d88c7f0f5e0d4ebffa""}}",stage02.3_constraint_guided_attempt16 + stage02.3_constraint_guided_rerun09,,preserve;see stage03_legacy_path_map.csv
stage03.0,measurement,stage03.0_measurement_attempt05,attempt05,stage03.0_measurement_attempt05,stage03_measurement_formal01,formal,rc103C15,2016,"[""c101C5"", ""r105C5"", ""rc105C5"", ""c104C10"", ""r103C10"", ""rc102C10"", ""c106C15"", ""r105C15"", ""rc103C15"", ""c101_21"", ""r101_21"", ""rc101_21""]","[2014, 2015, 2016]",events,verified_legacy,results/stage03.0_measurement_attempt05/rc103C15/2016/stage03.0_measurement_attempt05_events_rc103C15_2016.jsonl,results/stage03-measurement_formal01/events/rc103C15-alns_stage02_constraint_guided-2016.jsonl,feasible,,pass,NOT_READY_FOR_STAGE03_1,READY_FOR_STAGE03_ACCELERATION,pass,8db59293fb43ab3c4c4ff5861f7b9bb169ec944d09f3c4f02ffeebd53ebafd64,raw_manifest,380c6e5877faec191d00c501af697deb073d861a644b2fb71e106c31a6c4fca6,50ed2d642f7e5ab1c495f9d43526dbc7ced2cb6e3521d8207719409066db928a,51cbd950e7a76acae3add1f93d4c5f3b906f1e0ca5b47f46b068ff4f52e43c4a,c8849712ca48508504e9a85ad7834cbd9533dc0e008359ba5a104c24472f2674,b226b97e0e67288aaaf85726ad855df71cb81406685c57c8e8c40cd8996aa0da,44b932fba181327b08895693ec5b3fd78831a818,False,"{""VRP-EVRP-Project-Hub"": {""dirty"": false, ""path"": ""/Users/guoyiyang/Documents/GitHub/FURP-2026-Yiyang-GUO-EVRP-TW/reference/VRP-EVRP-Project-Hub"", ""revision"": ""e3a890065105f978187e532642c4442522215e02""}, ""py-ga-VRPTW"": {""dirty"": false, ""path"": ""/Users/guoyiyang/Documents/GitHub/FURP-2026-Yiyang-GUO-EVRP-TW/reference/py-ga-VRPTW"", ""revision"": ""8e005caaaf6471a4505588d88c7f0f5e0d4ebffa""}}",stage02.3_constraint_guided_attempt16 + stage02.3_constraint_guided_rerun09,,preserve;see stage03_legacy_path_map.csv
stage03.0,measurement,stage03.0_measurement_attempt05,attempt05,stage03.0_measurement_attempt05,stage03_measurement_formal01,formal,rc105C5,2014,"[""c101C5"", ""r105C5"", ""rc105C5"", ""c104C10"", ""r103C10"", ""rc102C10"", ""c106C15"", ""r105C15"", ""rc103C15"", ""c101_21"", ""r101_21"", ""rc101_21""]","[2014, 2015, 2016]",events,verified_legacy,results/stage03.0_measurement_attempt05/rc105C5/2014/stage03.0_measurement_attempt05_events_rc105C5_2014.jsonl,results/stage03-measurement_formal01/events/rc105C5-alns_stage02_constraint_guided-2014.jsonl,feasible,,pass,NOT_READY_FOR_STAGE03_1,READY_FOR_STAGE03_ACCELERATION,pass,dc442a1eac2798b1e9a634c741bbcfbdf92921dbad2daaedb14a654731c011a7,raw_manifest,380c6e5877faec191d00c501af697deb073d861a644b2fb71e106c31a6c4fca6,50ed2d642f7e5ab1c495f9d43526dbc7ced2cb6e3521d8207719409066db928a,2ccfba6c447fa43a994934690acb67c7355ca04d232394907ed6938bc362c643,56cdf57332286ffa454837ca296d9030524fa2eda0d26eb392a1af9bb2a30e7a,b226b97e0e67288aaaf85726ad855df71cb81406685c57c8e8c40cd8996aa0da,44b932fba181327b08895693ec5b3fd78831a818,False,"{""VRP-EVRP-Project-Hub"": {""dirty"": false, ""path"": ""/Users/guoyiyang/Documents/GitHub/FURP-2026-Yiyang-GUO-EVRP-TW/reference/VRP-EVRP-Project-Hub"", ""revision"": ""e3a890065105f978187e532642c4442522215e02""}, ""py-ga-VRPTW"": {""dirty"": false, ""path"": ""/Users/guoyiyang/Documents/GitHub/FURP-2026-Yiyang-GUO-EVRP-TW/reference/py-ga-VRPTW"", ""revision"": ""8e005caaaf6471a4505588d88c7f0f5e0d4ebffa""}}",stage02.3_constraint_guided_attempt16 + stage02.3_constraint_guided_rerun09,,preserve;see stage03_legacy_path_map.csv
stage03.0,measurement,stage03.0_measurement_attempt05,attempt05,stage03.0_measurement_attempt05,stage03_measurement_formal01,formal,rc105C5,2015,"[""c101C5"", ""r105C5"", ""rc105C5"", ""c104C10"", ""r103C10"", ""rc102C10"", ""c106C15"", ""r105C15"", ""rc103C15"", ""c101_21"", ""r101_21"", ""rc101_21""]","[2014, 2015, 2016]",events,verified_legacy,results/stage03.0_measurement_attempt05/rc105C5/2015/stage03.0_measurement_attempt05_events_rc105C5_2015.jsonl,results/stage03-measurement_formal01/events/rc105C5-alns_stage02_constraint_guided-2015.jsonl,feasible,,pass,NOT_READY_FOR_STAGE03_1,READY_FOR_STAGE03_ACCELERATION,pass,026c246fedceb265dc750a63924952e5fe531da6f22b087ea8f117b8e1fdd6ba,raw_manifest,380c6e5877faec191d00c501af697deb073d861a644b2fb71e106c31a6c4fca6,50ed2d642f7e5ab1c495f9d43526dbc7ced2cb6e3521d8207719409066db928a,2ccfba6c447fa43a994934690acb67c7355ca04d232394907ed6938bc362c643,c8a9c2a0dcb3b2a4df216493e8d1f2907b52a3bddaf2621c1f7124ccbac3b238,b226b97e0e67288aaaf85726ad855df71cb81406685c57c8e8c40cd8996aa0da,44b932fba181327b08895693ec5b3fd78831a818,False,"{""VRP-EVRP-Project-Hub"": {""dirty"": false, ""path"": ""/Users/guoyiyang/Documents/GitHub/FURP-2026-Yiyang-GUO-EVRP-TW/reference/VRP-EVRP-Project-Hub"", ""revision"": ""e3a890065105f978187e532642c4442522215e02""}, ""py-ga-VRPTW"": {""dirty"": false, ""path"": ""/Users/guoyiyang/Documents/GitHub/FURP-2026-Yiyang-GUO-EVRP-TW/reference/py-ga-VRPTW"", ""revision"": ""8e005caaaf6471a4505588d88c7f0f5e0d4ebffa""}}",stage02.3_constraint_guided_attempt16 + stage02.3_constraint_guided_rerun09,,preserve;see stage03_legacy_path_map.csv
stage03.0,measurement,stage03.0_measurement_attempt05,attempt05,stage03.0_measurement_attempt05,stage03_measurement_formal01,formal,rc105C5,2016,"[""c101C5"", ""r105C5"", ""rc105C5"", ""c104C10"", ""r103C10"", ""rc102C10"", ""c106C15"", ""r105C15"", ""rc103C15"", ""c101_21"", ""r101_21"", ""rc101_21""]","[2014, 2015, 2016]",events,verified_legacy,results/stage03.0_measurement_attempt05/rc105C5/2016/stage03.0_measurement_attempt05_events_rc105C5_2016.jsonl,results/stage03-measurement_formal01/events/rc105C5-alns_stage02_constraint_guided-2016.jsonl,feasible,,pass,NOT_READY_FOR_STAGE03_1,READY_FOR_STAGE03_ACCELERATION,pass,68aca29d1c16957a6009094d3de050d1195a7307ed20b494b59184d85c7aa2f9,raw_manifest,380c6e5877faec191d00c501af697deb073d861a644b2fb71e106c31a6c4fca6,50ed2d642f7e5ab1c495f9d43526dbc7ced2cb6e3521d8207719409066db928a,2ccfba6c447fa43a994934690acb67c7355ca04d232394907ed6938bc362c643,b1a46fc25008adf30baf3953f3a629ab406cec46bd9795a58b0334a37cc2cfcd,b226b97e0e67288aaaf85726ad855df71cb81406685c57c8e8c40cd8996aa0da,44b932fba181327b08895693ec5b3fd78831a818,False,"{""VRP-EVRP-Project-Hub"": {""dirty"": false, ""path"": ""/Users/guoyiyang/Documents/GitHub/FURP-2026-Yiyang-GUO-EVRP-TW/reference/VRP-EVRP-Project-Hub"", ""revision"": ""e3a890065105f978187e532642c4442522215e02""}, ""py-ga-VRPTW"": {""dirty"": false, ""path"": ""/Users/guoyiyang/Documents/GitHub/FURP-2026-Yiyang-GUO-EVRP-TW/reference/py-ga-VRPTW"", ""revision"": ""8e005caaaf6471a4505588d88c7f0f5e0d4ebffa""}}",stage02.3_constraint_guided_attempt16 + stage02.3_constraint_guided_rerun09,,preserve;see stage03_legacy_path_map.csv
stage03.0,measurement,stage03.0_measurement_attempt05,attempt05,stage03.0_measurement_attempt05,stage03_measurement_formal01,formal,__all__,__all__,"[""c101C5"", ""r105C5"", ""rc105C5"", ""c104C10"", ""r103C10"", ""rc102C10"", ""c106C15"", ""r105C15"", ""rc103C15"", ""c101_21"", ""r101_21"", ""rc101_21""]","[2014, 2015, 2016]",manifest,verified_legacy,results/stage03.0_measurement_attempt05/control/stage03.0_measurement_attempt05_manifest.json,results/stage03-measurement_formal01/manifest.json,feasible,,pass,NOT_READY_FOR_STAGE03_1,READY_FOR_STAGE03_ACCELERATION,pass,7229961592039e8e348d79dadba610ed006eef47bcbf1ed2ec2f05bd13df040f,computed,380c6e5877faec191d00c501af697deb073d861a644b2fb71e106c31a6c4fca6,50ed2d642f7e5ab1c495f9d43526dbc7ced2cb6e3521d8207719409066db928a,,,b226b97e0e67288aaaf85726ad855df71cb81406685c57c8e8c40cd8996aa0da,44b932fba181327b08895693ec5b3fd78831a818,False,"{""VRP-EVRP-Project-Hub"": {""dirty"": false, ""path"": ""/Users/guoyiyang/Documents/GitHub/FURP-2026-Yiyang-GUO-EVRP-TW/reference/VRP-EVRP-Project-Hub"", ""revision"": ""e3a890065105f978187e532642c4442522215e02""}, ""py-ga-VRPTW"": {""dirty"": false, ""path"": ""/Users/guoyiyang/Documents/GitHub/FURP-2026-Yiyang-GUO-EVRP-TW/reference/py-ga-VRPTW"", ""revision"": ""8e005caaaf6471a4505588d88c7f0f5e0d4ebffa""}}",stage02.3_constraint_guided_attempt16 + stage02.3_constraint_guided_rerun09,,preserve;see stage03_legacy_path_map.csv
stage03.0,measurement,stage03.0_measurement_attempt05,attempt05,stage03.0_measurement_attempt05,stage03_measurement_formal01,formal,__all__,__all__,"[""c101C5"", ""r105C5"", ""rc105C5"", ""c104C10"", ""r103C10"", ""rc102C10"", ""c106C15"", ""r105C15"", ""rc103C15"", ""c101_21"", ""r101_21"", ""rc101_21""]","[2014, 2015, 2016]",manifest_checksum,verified_legacy,results/stage03.0_measurement_attempt05/control/stage03.0_measurement_attempt05_manifest_checksum.sha256,results/stage03-measurement_formal01/manifest.sha256,feasible,,pass,NOT_READY_FOR_STAGE03_1,READY_FOR_STAGE03_ACCELERATION,pass,9c52248e19eebac9b184e4047b958a355c2e7423bc458aacecd921e63739d820,computed,380c6e5877faec191d00c501af697deb073d861a644b2fb71e106c31a6c4fca6,50ed2d642f7e5ab1c495f9d43526dbc7ced2cb6e3521d8207719409066db928a,,,b226b97e0e67288aaaf85726ad855df71cb81406685c57c8e8c40cd8996aa0da,44b932fba181327b08895693ec5b3fd78831a818,False,"{""VRP-EVRP-Project-Hub"": {""dirty"": false, ""path"": ""/Users/guoyiyang/Documents/GitHub/FURP-2026-Yiyang-GUO-EVRP-TW/reference/VRP-EVRP-Project-Hub"", ""revision"": ""e3a890065105f978187e532642c4442522215e02""}, ""py-ga-VRPTW"": {""dirty"": false, ""path"": ""/Users/guoyiyang/Documents/GitHub/FURP-2026-Yiyang-GUO-EVRP-TW/reference/py-ga-VRPTW"", ""revision"": ""8e005caaaf6471a4505588d88c7f0f5e0d4ebffa""}}",stage02.3_constraint_guided_attempt16 + stage02.3_constraint_guided_rerun09,,preserve;see stage03_legacy_path_map.csv
stage03.0,measurement,stage03.0_measurement_attempt05,attempt05,stage03.0_measurement_attempt05,stage03_measurement_formal01,formal,__all__,__all__,"[""c101C5"", ""r105C5"", ""rc105C5"", ""c104C10"", ""r103C10"", ""rc102C10"", ""c106C15"", ""r105C15"", ""rc103C15"", ""c101_21"", ""r101_21"", ""rc101_21""]","[2014, 2015, 2016]",config,verified_legacy,results/stage03.0_measurement_attempt05/control/stage03.0_measurement_attempt05_config.toml,results/stage03-measurement_formal01/parameters.toml,feasible,,pass,NOT_READY_FOR_STAGE03_1,READY_FOR_STAGE03_ACCELERATION,pass,50ed2d642f7e5ab1c495f9d43526dbc7ced2cb6e3521d8207719409066db928a,raw_manifest,380c6e5877faec191d00c501af697deb073d861a644b2fb71e106c31a6c4fca6,50ed2d642f7e5ab1c495f9d43526dbc7ced2cb6e3521d8207719409066db928a,,,b226b97e0e67288aaaf85726ad855df71cb81406685c57c8e8c40cd8996aa0da,44b932fba181327b08895693ec5b3fd78831a818,False,"{""VRP-EVRP-Project-Hub"": {""dirty"": false, ""path"": ""/Users/guoyiyang/Documents/GitHub/FURP-2026-Yiyang-GUO-EVRP-TW/reference/VRP-EVRP-Project-Hub"", ""revision"": ""e3a890065105f978187e532642c4442522215e02""}, ""py-ga-VRPTW"": {""dirty"": false, ""path"": ""/Users/guoyiyang/Documents/GitHub/FURP-2026-Yiyang-GUO-EVRP-TW/reference/py-ga-VRPTW"", ""revision"": ""8e005caaaf6471a4505588d88c7f0f5e0d4ebffa""}}",stage02.3_constraint_guided_attempt16 + stage02.3_constraint_guided_rerun09,,preserve;see stage03_legacy_path_map.csv
stage03.0,measurement,stage03.0_measurement_attempt05,attempt05,stage03.0_measurement_attempt05,stage03_measurement_formal01,formal,c101C5,2014,"[""c101C5"", ""r105C5"", ""rc105C5"", ""c104C10"", ""r103C10"", ""rc102C10"", ""c106C15"", ""r105C15"", ""rc103C15"", ""c101_21"", ""r101_21"", ""rc101_21""]","[2014, 2015, 2016]",raw,verified_legacy,results/stage03.0_measurement_attempt05/c101C5/2014/stage03.0_measurement_attempt05_raw_c101C5_2014.json,results/stage03-measurement_formal01/raw/c101C5-alns_stage02_constraint_guided-2014.json,feasible,,pass,NOT_READY_FOR_STAGE03_1,READY_FOR_STAGE03_ACCELERATION,pass,8817fba26d89eced76a2c0a6f38be091ac5c0376f59e03477be1031247543ef6,raw_manifest,380c6e5877faec191d00c501af697deb073d861a644b2fb71e106c31a6c4fca6,50ed2d642f7e5ab1c495f9d43526dbc7ced2cb6e3521d8207719409066db928a,8612d6d9aad051776097a5e50c7408f39352b8107b0639d58e5eda713f9ff876,0c36cb1a4a9947b60a1f68c7f7dfa87af8697fcac47f230c0cc84190797efff9,b226b97e0e67288aaaf85726ad855df71cb81406685c57c8e8c40cd8996aa0da,44b932fba181327b08895693ec5b3fd78831a818,False,"{""VRP-EVRP-Project-Hub"": {""dirty"": false, ""path"": ""/Users/guoyiyang/Documents/GitHub/FURP-2026-Yiyang-GUO-EVRP-TW/reference/VRP-EVRP-Project-Hub"", ""revision"": ""e3a890065105f978187e532642c4442522215e02""}, ""py-ga-VRPTW"": {""dirty"": false, ""path"": ""/Users/guoyiyang/Documents/GitHub/FURP-2026-Yiyang-GUO-EVRP-TW/reference/py-ga-VRPTW"", ""revision"": ""8e005caaaf6471a4505588d88c7f0f5e0d4ebffa""}}",stage02.3_constraint_guided_attempt16 + stage02.3_constraint_guided_rerun09,,preserve;see stage03_legacy_path_map.csv
stage03.0,measurement,stage03.0_measurement_attempt05,attempt05,stage03.0_measurement_attempt05,stage03_measurement_formal01,formal,c101C5,2015,"[""c101C5"", ""r105C5"", ""rc105C5"", ""c104C10"", ""r103C10"", ""rc102C10"", ""c106C15"", ""r105C15"", ""rc103C15"", ""c101_21"", ""r101_21"", ""rc101_21""]","[2014, 2015, 2016]",raw,verified_legacy,results/stage03.0_measurement_attempt05/c101C5/2015/stage03.0_measurement_attempt05_raw_c101C5_2015.json,results/stage03-measurement_formal01/raw/c101C5-alns_stage02_constraint_guided-2015.json,feasible,,pass,NOT_READY_FOR_STAGE03_1,READY_FOR_STAGE03_ACCELERATION,pass,0a629ead0fd09e280d7af9f9dc43774dbac8f6745f629e52dac81aa079254ec9,raw_manifest,380c6e5877faec191d00c501af697deb073d861a644b2fb71e106c31a6c4fca6,50ed2d642f7e5ab1c495f9d43526dbc7ced2cb6e3521d8207719409066db928a,8612d6d9aad051776097a5e50c7408f39352b8107b0639d58e5eda713f9ff876,d533183dafebaacdde28fca30e069d4c4ee979ddfdf1b04ae7c0167d0e50a1bc,b226b97e0e67288aaaf85726ad855df71cb81406685c57c8e8c40cd8996aa0da,44b932fba181327b08895693ec5b3fd78831a818,False,"{""VRP-EVRP-Project-Hub"": {""dirty"": false, ""path"": ""/Users/guoyiyang/Documents/GitHub/FURP-2026-Yiyang-GUO-EVRP-TW/reference/VRP-EVRP-Project-Hub"", ""revision"": ""e3a890065105f978187e532642c4442522215e02""}, ""py-ga-VRPTW"": {""dirty"": false, ""path"": ""/Users/guoyiyang/Documents/GitHub/FURP-2026-Yiyang-GUO-EVRP-TW/reference/py-ga-VRPTW"", ""revision"": ""8e005caaaf6471a4505588d88c7f0f5e0d4ebffa""}}",stage02.3_constraint_guided_attempt16 + stage02.3_constraint_guided_rerun09,,preserve;see stage03_legacy_path_map.csv
stage03.0,measurement,stage03.0_measurement_attempt05,attempt05,stage03.0_measurement_attempt05,stage03_measurement_formal01,formal,c101C5,2016,"[""c101C5"", ""r105C5"", ""rc105C5"", ""c104C10"", ""r103C10"", ""rc102C10"", ""c106C15"", ""r105C15"", ""rc103C15"", ""c101_21"", ""r101_21"", ""rc101_21""]","[2014, 2015, 2016]",raw,verified_legacy,results/stage03.0_measurement_attempt05/c101C5/2016/stage03.0_measurement_attempt05_raw_c101C5_2016.json,results/stage03-measurement_formal01/raw/c101C5-alns_stage02_constraint_guided-2016.json,feasible,,pass,NOT_READY_FOR_STAGE03_1,READY_FOR_STAGE03_ACCELERATION,pass,98c97a995d56541239d0309a3494c852ebbac8f66f6f4a8dda0fc5a611897431,raw_manifest,380c6e5877faec191d00c501af697deb073d861a644b2fb71e106c31a6c4fca6,50ed2d642f7e5ab1c495f9d43526dbc7ced2cb6e3521d8207719409066db928a,8612d6d9aad051776097a5e50c7408f39352b8107b0639d58e5eda713f9ff876,b30dc1471ace08074befd3141254bf0e665e4702a042eab513b16cd0de516d0a,b226b97e0e67288aaaf85726ad855df71cb81406685c57c8e8c40cd8996aa0da,44b932fba181327b08895693ec5b3fd78831a818,False,"{""VRP-EVRP-Project-Hub"": {""dirty"": false, ""path"": ""/Users/guoyiyang/Documents/GitHub/FURP-2026-Yiyang-GUO-EVRP-TW/reference/VRP-EVRP-Project-Hub"", ""revision"": ""e3a890065105f978187e532642c4442522215e02""}, ""py-ga-VRPTW"": {""dirty"": false, ""path"": ""/Users/guoyiyang/Documents/GitHub/FURP-2026-Yiyang-GUO-EVRP-TW/reference/py-ga-VRPTW"", ""revision"": ""8e005caaaf6471a4505588d88c7f0f5e0d4ebffa""}}",stage02.3_constraint_guided_attempt16 + stage02.3_constraint_guided_rerun09,,preserve;see stage03_legacy_path_map.csv
stage03.0,measurement,stage03.0_measurement_attempt05,attempt05,stage03.0_measurement_attempt05,stage03_measurement_formal01,formal,c101_21,2014,"[""c101C5"", ""r105C5"", ""rc105C5"", ""c104C10"", ""r103C10"", ""rc102C10"", ""c106C15"", ""r105C15"", ""rc103C15"", ""c101_21"", ""r101_21"", ""rc101_21""]","[2014, 2015, 2016]",raw,verified_legacy,results/stage03.0_measurement_attempt05/c101_21/2014/stage03.0_measurement_attempt05_raw_c101_21_2014.json,results/stage03-measurement_formal01/raw/c101_21-alns_stage02_constraint_guided-2014.json,feasible,,pass,NOT_READY_FOR_STAGE03_1,READY_FOR_STAGE03_ACCELERATION,pass,40dc77bfce0555c54d72aa15c89518529fbe8797c0363d26be387a4e9c603bc1,raw_manifest,380c6e5877faec191d00c501af697deb073d861a644b2fb71e106c31a6c4fca6,50ed2d642f7e5ab1c495f9d43526dbc7ced2cb6e3521d8207719409066db928a,c5cda6ca63a7d518902cf4b02d98b4aa0f373aaa0658d5c666d1c46d38871cb9,f7e159e3be7f08ea6703e81679a159d52856c79d01ce5d0facde6aa9ea475d75,b226b97e0e67288aaaf85726ad855df71cb81406685c57c8e8c40cd8996aa0da,44b932fba181327b08895693ec5b3fd78831a818,False,"{""VRP-EVRP-Project-Hub"": {""dirty"": false, ""path"": ""/Users/guoyiyang/Documents/GitHub/FURP-2026-Yiyang-GUO-EVRP-TW/reference/VRP-EVRP-Project-Hub"", ""revision"": ""e3a890065105f978187e532642c4442522215e02""}, ""py-ga-VRPTW"": {""dirty"": false, ""path"": ""/Users/guoyiyang/Documents/GitHub/FURP-2026-Yiyang-GUO-EVRP-TW/reference/py-ga-VRPTW"", ""revision"": ""8e005caaaf6471a4505588d88c7f0f5e0d4ebffa""}}",stage02.3_constraint_guided_attempt16 + stage02.3_constraint_guided_rerun09,,preserve;see stage03_legacy_path_map.csv
stage03.0,measurement,stage03.0_measurement_attempt05,attempt05,stage03.0_measurement_attempt05,stage03_measurement_formal01,formal,c101_21,2015,"[""c101C5"", ""r105C5"", ""rc105C5"", ""c104C10"", ""r103C10"", ""rc102C10"", ""c106C15"", ""r105C15"", ""rc103C15"", ""c101_21"", ""r101_21"", ""rc101_21""]","[2014, 2015, 2016]",raw,verified_legacy,results/stage03.0_measurement_attempt05/c101_21/2015/stage03.0_measurement_attempt05_raw_c101_21_2015.json,results/stage03-measurement_formal01/raw/c101_21-alns_stage02_constraint_guided-2015.json,feasible,,pass,NOT_READY_FOR_STAGE03_1,READY_FOR_STAGE03_ACCELERATION,pass,3babda470cf6b7ad19dc2752e857c2372877716d01588e403325ff8004412505,raw_manifest,380c6e5877faec191d00c501af697deb073d861a644b2fb71e106c31a6c4fca6,50ed2d642f7e5ab1c495f9d43526dbc7ced2cb6e3521d8207719409066db928a,c5cda6ca63a7d518902cf4b02d98b4aa0f373aaa0658d5c666d1c46d38871cb9,e260b80680ba3fa05bcd8648e18c57d62acb891fa594c880104ab6e88acb7861,b226b97e0e67288aaaf85726ad855df71cb81406685c57c8e8c40cd8996aa0da,44b932fba181327b08895693ec5b3fd78831a818,False,"{""VRP-EVRP-Project-Hub"": {""dirty"": false, ""path"": ""/Users/guoyiyang/Documents/GitHub/FURP-2026-Yiyang-GUO-EVRP-TW/reference/VRP-EVRP-Project-Hub"", ""revision"": ""e3a890065105f978187e532642c4442522215e02""}, ""py-ga-VRPTW"": {""dirty"": false, ""path"": ""/Users/guoyiyang/Documents/GitHub/FURP-2026-Yiyang-GUO-EVRP-TW/reference/py-ga-VRPTW"", ""revision"": ""8e005caaaf6471a4505588d88c7f0f5e0d4ebffa""}}",stage02.3_constraint_guided_attempt16 + stage02.3_constraint_guided_rerun09,,preserve;see stage03_legacy_path_map.csv
stage03.0,measurement,stage03.0_measurement_attempt05,attempt05,stage03.0_measurement_attempt05,stage03_measurement_formal01,formal,c101_21,2016,"[""c101C5"", ""r105C5"", ""rc105C5"", ""c104C10"", ""r103C10"", ""rc102C10"", ""c106C15"", ""r105C15"", ""rc103C15"", ""c101_21"", ""r101_21"", ""rc101_21""]","[2014, 2015, 2016]",raw,verified_legacy,results/stage03.0_measurement_attempt05/c101_21/2016/stage03.0_measurement_attempt05_raw_c101_21_2016.json,results/stage03-measurement_formal01/raw/c101_21-alns_stage02_constraint_guided-2016.json,feasible,,pass,NOT_READY_FOR_STAGE03_1,READY_FOR_STAGE03_ACCELERATION,pass,fdf094cd74ffba366e2ac94c7e05cd7fa0d71584020cf8b139cd9e522c24e268,raw_manifest,380c6e5877faec191d00c501af697deb073d861a644b2fb71e106c31a6c4fca6,50ed2d642f7e5ab1c495f9d43526dbc7ced2cb6e3521d8207719409066db928a,c5cda6ca63a7d518902cf4b02d98b4aa0f373aaa0658d5c666d1c46d38871cb9,8b7572e435a62bf6b7ff74b6b2c99516521942bb0cdcf0392e72ae9b5a34157c,b226b97e0e67288aaaf85726ad855df71cb81406685c57c8e8c40cd8996aa0da,44b932fba181327b08895693ec5b3fd78831a818,False,"{""VRP-EVRP-Project-Hub"": {""dirty"": false, ""path"": ""/Users/guoyiyang/Documents/GitHub/FURP-2026-Yiyang-GUO-EVRP-TW/reference/VRP-EVRP-Project-Hub"", ""revision"": ""e3a890065105f978187e532642c4442522215e02""}, ""py-ga-VRPTW"": {""dirty"": false, ""path"": ""/Users/guoyiyang/Documents/GitHub/FURP-2026-Yiyang-GUO-EVRP-TW/reference/py-ga-VRPTW"", ""revision"": ""8e005caaaf6471a4505588d88c7f0f5e0d4ebffa""}}",stage02.3_constraint_guided_attempt16 + stage02.3_constraint_guided_rerun09,,preserve;see stage03_legacy_path_map.csv
stage03.0,measurement,stage03.0_measurement_attempt05,attempt05,stage03.0_measurement_attempt05,stage03_measurement_formal01,formal,c104C10,2014,"[""c101C5"", ""r105C5"", ""rc105C5"", ""c104C10"", ""r103C10"", ""rc102C10"", ""c106C15"", ""r105C15"", ""rc103C15"", ""c101_21"", ""r101_21"", ""rc101_21""]","[2014, 2015, 2016]",raw,verified_legacy,results/stage03.0_measurement_attempt05/c104C10/2014/stage03.0_measurement_attempt05_raw_c104C10_2014.json,results/stage03-measurement_formal01/raw/c104C10-alns_stage02_constraint_guided-2014.json,feasible,,pass,NOT_READY_FOR_STAGE03_1,READY_FOR_STAGE03_ACCELERATION,pass,08cbd3910b8c1f18566987b90070baa310ff50b2501961842d0878138573a130,raw_manifest,380c6e5877faec191d00c501af697deb073d861a644b2fb71e106c31a6c4fca6,50ed2d642f7e5ab1c495f9d43526dbc7ced2cb6e3521d8207719409066db928a,f7816af706c1cf32dacaee45c710ff93ce53c9b56d17df657044e61e63d2c04b,367a22b89e90c1bdf8d63fd5ea763328e9159076b8848d2e557141e2ed32f465,b226b97e0e67288aaaf85726ad855df71cb81406685c57c8e8c40cd8996aa0da,44b932fba181327b08895693ec5b3fd78831a818,False,"{""VRP-EVRP-Project-Hub"": {""dirty"": false, ""path"": ""/Users/guoyiyang/Documents/GitHub/FURP-2026-Yiyang-GUO-EVRP-TW/reference/VRP-EVRP-Project-Hub"", ""revision"": ""e3a890065105f978187e532642c4442522215e02""}, ""py-ga-VRPTW"": {""dirty"": false, ""path"": ""/Users/guoyiyang/Documents/GitHub/FURP-2026-Yiyang-GUO-EVRP-TW/reference/py-ga-VRPTW"", ""revision"": ""8e005caaaf6471a4505588d88c7f0f5e0d4ebffa""}}",stage02.3_constraint_guided_attempt16 + stage02.3_constraint_guided_rerun09,,preserve;see stage03_legacy_path_map.csv
stage03.0,measurement,stage03.0_measurement_attempt05,attempt05,stage03.0_measurement_attempt05,stage03_measurement_formal01,formal,c104C10,2015,"[""c101C5"", ""r105C5"", ""rc105C5"", ""c104C10"", ""r103C10"", ""rc102C10"", ""c106C15"", ""r105C15"", ""rc103C15"", ""c101_21"", ""r101_21"", ""rc101_21""]","[2014, 2015, 2016]",raw,verified_legacy,results/stage03.0_measurement_attempt05/c104C10/2015/stage03.0_measurement_attempt05_raw_c104C10_2015.json,results/stage03-measurement_formal01/raw/c104C10-alns_stage02_constraint_guided-2015.json,feasible,,pass,NOT_READY_FOR_STAGE03_1,READY_FOR_STAGE03_ACCELERATION,pass,85dc4699222309990c0eb36e9419f26e7cdb853af30ff95f84cad7f8760f478f,raw_manifest,380c6e5877faec191d00c501af697deb073d861a644b2fb71e106c31a6c4fca6,50ed2d642f7e5ab1c495f9d43526dbc7ced2cb6e3521d8207719409066db928a,f7816af706c1cf32dacaee45c710ff93ce53c9b56d17df657044e61e63d2c04b,f00d2705b26d1964dd268ad60436629229122c48af0f551cfb57afd17c9b2717,b226b97e0e67288aaaf85726ad855df71cb81406685c57c8e8c40cd8996aa0da,44b932fba181327b08895693ec5b3fd78831a818,False,"{""VRP-EVRP-Project-Hub"": {""dirty"": false, ""path"": ""/Users/guoyiyang/Documents/GitHub/FURP-2026-Yiyang-GUO-EVRP-TW/reference/VRP-EVRP-Project-Hub"", ""revision"": ""e3a890065105f978187e532642c4442522215e02""}, ""py-ga-VRPTW"": {""dirty"": false, ""path"": ""/Users/guoyiyang/Documents/GitHub/FURP-2026-Yiyang-GUO-EVRP-TW/reference/py-ga-VRPTW"", ""revision"": ""8e005caaaf6471a4505588d88c7f0f5e0d4ebffa""}}",stage02.3_constraint_guided_attempt16 + stage02.3_constraint_guided_rerun09,,preserve;see stage03_legacy_path_map.csv
stage03.0,measurement,stage03.0_measurement_attempt05,attempt05,stage03.0_measurement_attempt05,stage03_measurement_formal01,formal,c104C10,2016,"[""c101C5"", ""r105C5"", ""rc105C5"", ""c104C10"", ""r103C10"", ""rc102C10"", ""c106C15"", ""r105C15"", ""rc103C15"", ""c101_21"", ""r101_21"", ""rc101_21""]","[2014, 2015, 2016]",raw,verified_legacy,results/stage03.0_measurement_attempt05/c104C10/2016/stage03.0_measurement_attempt05_raw_c104C10_2016.json,results/stage03-measurement_formal01/raw/c104C10-alns_stage02_constraint_guided-2016.json,feasible,,pass,NOT_READY_FOR_STAGE03_1,READY_FOR_STAGE03_ACCELERATION,pass,0ecebb0bba752ad07ef04dada29cfd9c23476032a7d5fa4febe4814b56bb2d4b,raw_manifest,380c6e5877faec191d00c501af697deb073d861a644b2fb71e106c31a6c4fca6,50ed2d642f7e5ab1c495f9d43526dbc7ced2cb6e3521d8207719409066db928a,f7816af706c1cf32dacaee45c710ff93ce53c9b56d17df657044e61e63d2c04b,7ce7868fc5bc5d9b19010178d727b06a4b0947afb3e85de55e9768e9033c2afd,b226b97e0e67288aaaf85726ad855df71cb81406685c57c8e8c40cd8996aa0da,44b932fba181327b08895693ec5b3fd78831a818,False,"{""VRP-EVRP-Project-Hub"": {""dirty"": false, ""path"": ""/Users/guoyiyang/Documents/GitHub/FURP-2026-Yiyang-GUO-EVRP-TW/reference/VRP-EVRP-Project-Hub"", ""revision"": ""e3a890065105f978187e532642c4442522215e02""}, ""py-ga-VRPTW"": {""dirty"": false, ""path"": ""/Users/guoyiyang/Documents/GitHub/FURP-2026-Yiyang-GUO-EVRP-TW/reference/py-ga-VRPTW"", ""revision"": ""8e005caaaf6471a4505588d88c7f0f5e0d4ebffa""}}",stage02.3_constraint_guided_attempt16 + stage02.3_constraint_guided_rerun09,,preserve;see stage03_legacy_path_map.csv
stage03.0,measurement,stage03.0_measurement_attempt05,attempt05,stage03.0_measurement_attempt05,stage03_measurement_formal01,formal,c106C15,2014,"[""c101C5"", ""r105C5"", ""rc105C5"", ""c104C10"", ""r103C10"", ""rc102C10"", ""c106C15"", ""r105C15"", ""rc103C15"", ""c101_21"", ""r101_21"", ""rc101_21""]","[2014, 2015, 2016]",raw,verified_legacy,results/stage03.0_measurement_attempt05/c106C15/2014/stage03.0_measurement_attempt05_raw_c106C15_2014.json,results/stage03-measurement_formal01/raw/c106C15-alns_stage02_constraint_guided-2014.json,feasible,,pass,NOT_READY_FOR_STAGE03_1,READY_FOR_STAGE03_ACCELERATION,pass,92185075b1fd1395273b11a82e0b097d89f6c6c37ada5f2abc1fd70a988c5600,raw_manifest,380c6e5877faec191d00c501af697deb073d861a644b2fb71e106c31a6c4fca6,50ed2d642f7e5ab1c495f9d43526dbc7ced2cb6e3521d8207719409066db928a,eba58a458a9fd13ae8fd404df8db1d04e49271326316256ee060468048881a86,0f0659e5bc11be29515fdb73e64a2e28eb1f3ae33463bd7fab889347ce0142ea,b226b97e0e67288aaaf85726ad855df71cb81406685c57c8e8c40cd8996aa0da,44b932fba181327b08895693ec5b3fd78831a818,False,"{""VRP-EVRP-Project-Hub"": {""dirty"": false, ""path"": ""/Users/guoyiyang/Documents/GitHub/FURP-2026-Yiyang-GUO-EVRP-TW/reference/VRP-EVRP-Project-Hub"", ""revision"": ""e3a890065105f978187e532642c4442522215e02""}, ""py-ga-VRPTW"": {""dirty"": false, ""path"": ""/Users/guoyiyang/Documents/GitHub/FURP-2026-Yiyang-GUO-EVRP-TW/reference/py-ga-VRPTW"", ""revision"": ""8e005caaaf6471a4505588d88c7f0f5e0d4ebffa""}}",stage02.3_constraint_guided_attempt16 + stage02.3_constraint_guided_rerun09,,preserve;see stage03_legacy_path_map.csv
stage03.0,measurement,stage03.0_measurement_attempt05,attempt05,stage03.0_measurement_attempt05,stage03_measurement_formal01,formal,c106C15,2015,"[""c101C5"", ""r105C5"", ""rc105C5"", ""c104C10"", ""r103C10"", ""rc102C10"", ""c106C15"", ""r105C15"", ""rc103C15"", ""c101_21"", ""r101_21"", ""rc101_21""]","[2014, 2015, 2016]",raw,verified_legacy,results/stage03.0_measurement_attempt05/c106C15/2015/stage03.0_measurement_attempt05_raw_c106C15_2015.json,results/stage03-measurement_formal01/raw/c106C15-alns_stage02_constraint_guided-2015.json,feasible,,pass,NOT_READY_FOR_STAGE03_1,READY_FOR_STAGE03_ACCELERATION,pass,edfe2a762148e243deb7a5ba431b4c4cd9ac639d4e0c5edecf65b0b49f189f06,raw_manifest,380c6e5877faec191d00c501af697deb073d861a644b2fb71e106c31a6c4fca6,50ed2d642f7e5ab1c495f9d43526dbc7ced2cb6e3521d8207719409066db928a,eba58a458a9fd13ae8fd404df8db1d04e49271326316256ee060468048881a86,2e11193dd7ce59a69dbe2754cc26eb09487348c475ea0ffccf60c8e1ca515429,b226b97e0e67288aaaf85726ad855df71cb81406685c57c8e8c40cd8996aa0da,44b932fba181327b08895693ec5b3fd78831a818,False,"{""VRP-EVRP-Project-Hub"": {""dirty"": false, ""path"": ""/Users/guoyiyang/Documents/GitHub/FURP-2026-Yiyang-GUO-EVRP-TW/reference/VRP-EVRP-Project-Hub"", ""revision"": ""e3a890065105f978187e532642c4442522215e02""}, ""py-ga-VRPTW"": {""dirty"": false, ""path"": ""/Users/guoyiyang/Documents/GitHub/FURP-2026-Yiyang-GUO-EVRP-TW/reference/py-ga-VRPTW"", ""revision"": ""8e005caaaf6471a4505588d88c7f0f5e0d4ebffa""}}",stage02.3_constraint_guided_attempt16 + stage02.3_constraint_guided_rerun09,,preserve;see stage03_legacy_path_map.csv
stage03.0,measurement,stage03.0_measurement_attempt05,attempt05,stage03.0_measurement_attempt05,stage03_measurement_formal01,formal,c106C15,2016,"[""c101C5"", ""r105C5"", ""rc105C5"", ""c104C10"", ""r103C10"", ""rc102C10"", ""c106C15"", ""r105C15"", ""rc103C15"", ""c101_21"", ""r101_21"", ""rc101_21""]","[2014, 2015, 2016]",raw,verified_legacy,results/stage03.0_measurement_attempt05/c106C15/2016/stage03.0_measurement_attempt05_raw_c106C15_2016.json,results/stage03-measurement_formal01/raw/c106C15-alns_stage02_constraint_guided-2016.json,feasible,,pass,NOT_READY_FOR_STAGE03_1,READY_FOR_STAGE03_ACCELERATION,pass,079fdb6a1d07e170a35251bbfca9bc87849c8fbabfcf689ef642d84f61d1adce,raw_manifest,380c6e5877faec191d00c501af697deb073d861a644b2fb71e106c31a6c4fca6,50ed2d642f7e5ab1c495f9d43526dbc7ced2cb6e3521d8207719409066db928a,eba58a458a9fd13ae8fd404df8db1d04e49271326316256ee060468048881a86,14643465c858dae71e455c14c90652a1663c34034f87c42957c045e1af138553,b226b97e0e67288aaaf85726ad855df71cb81406685c57c8e8c40cd8996aa0da,44b932fba181327b08895693ec5b3fd78831a818,False,"{""VRP-EVRP-Project-Hub"": {""dirty"": false, ""path"": ""/Users/guoyiyang/Documents/GitHub/FURP-2026-Yiyang-GUO-EVRP-TW/reference/VRP-EVRP-Project-Hub"", ""revision"": ""e3a890065105f978187e532642c4442522215e02""}, ""py-ga-VRPTW"": {""dirty"": false, ""path"": ""/Users/guoyiyang/Documents/GitHub/FURP-2026-Yiyang-GUO-EVRP-TW/reference/py-ga-VRPTW"", ""revision"": ""8e005caaaf6471a4505588d88c7f0f5e0d4ebffa""}}",stage02.3_constraint_guided_attempt16 + stage02.3_constraint_guided_rerun09,,preserve;see stage03_legacy_path_map.csv
stage03.0,measurement,stage03.0_measurement_attempt05,attempt05,stage03.0_measurement_attempt05,stage03_measurement_formal01,formal,r101_21,2014,"[""c101C5"", ""r105C5"", ""rc105C5"", ""c104C10"", ""r103C10"", ""rc102C10"", ""c106C15"", ""r105C15"", ""rc103C15"", ""c101_21"", ""r101_21"", ""rc101_21""]","[2014, 2015, 2016]",raw,verified_legacy,results/stage03.0_measurement_attempt05/r101_21/2014/stage03.0_measurement_attempt05_raw_r101_21_2014.json,results/stage03-measurement_formal01/raw/r101_21-alns_stage02_constraint_guided-2014.json,feasible,,pass,NOT_READY_FOR_STAGE03_1,READY_FOR_STAGE03_ACCELERATION,pass,4cc7c7919ca47c15e8655bd3e2796d0b703ec06dc0dba8341f8a2cf22f5ddef6,raw_manifest,380c6e5877faec191d00c501af697deb073d861a644b2fb71e106c31a6c4fca6,50ed2d642f7e5ab1c495f9d43526dbc7ced2cb6e3521d8207719409066db928a,0e5a3dffffbd3c516b528ef32ba1a488b817d2f151fc3e8c81023814de1c103a,c68db7db97e008e9029f1dc142e53a5b1adf6877b82c651df4cb6b281795346e,b226b97e0e67288aaaf85726ad855df71cb81406685c57c8e8c40cd8996aa0da,44b932fba181327b08895693ec5b3fd78831a818,False,"{""VRP-EVRP-Project-Hub"": {""dirty"": false, ""path"": ""/Users/guoyiyang/Documents/GitHub/FURP-2026-Yiyang-GUO-EVRP-TW/reference/VRP-EVRP-Project-Hub"", ""revision"": ""e3a890065105f978187e532642c4442522215e02""}, ""py-ga-VRPTW"": {""dirty"": false, ""path"": ""/Users/guoyiyang/Documents/GitHub/FURP-2026-Yiyang-GUO-EVRP-TW/reference/py-ga-VRPTW"", ""revision"": ""8e005caaaf6471a4505588d88c7f0f5e0d4ebffa""}}",stage02.3_constraint_guided_attempt16 + stage02.3_constraint_guided_rerun09,,preserve;see stage03_legacy_path_map.csv
stage03.0,measurement,stage03.0_measurement_attempt05,attempt05,stage03.0_measurement_attempt05,stage03_measurement_formal01,formal,r101_21,2015,"[""c101C5"", ""r105C5"", ""rc105C5"", ""c104C10"", ""r103C10"", ""rc102C10"", ""c106C15"", ""r105C15"", ""rc103C15"", ""c101_21"", ""r101_21"", ""rc101_21""]","[2014, 2015, 2016]",raw,verified_legacy,results/stage03.0_measurement_attempt05/r101_21/2015/stage03.0_measurement_attempt05_raw_r101_21_2015.json,results/stage03-measurement_formal01/raw/r101_21-alns_stage02_constraint_guided-2015.json,feasible,,pass,NOT_READY_FOR_STAGE03_1,READY_FOR_STAGE03_ACCELERATION,pass,24c9db7915edc3b1e7afb936cb545b4593c5545a870d9553b654c949111b3a22,raw_manifest,380c6e5877faec191d00c501af697deb073d861a644b2fb71e106c31a6c4fca6,50ed2d642f7e5ab1c495f9d43526dbc7ced2cb6e3521d8207719409066db928a,0e5a3dffffbd3c516b528ef32ba1a488b817d2f151fc3e8c81023814de1c103a,64d12286b42bafa6656308c23bbde0b364cfd3e189801f2d40aece3cd1ed7a60,b226b97e0e67288aaaf85726ad855df71cb81406685c57c8e8c40cd8996aa0da,44b932fba181327b08895693ec5b3fd78831a818,False,"{""VRP-EVRP-Project-Hub"": {""dirty"": false, ""path"": ""/Users/guoyiyang/Documents/GitHub/FURP-2026-Yiyang-GUO-EVRP-TW/reference/VRP-EVRP-Project-Hub"", ""revision"": ""e3a890065105f978187e532642c4442522215e02""}, ""py-ga-VRPTW"": {""dirty"": false, ""path"": ""/Users/guoyiyang/Documents/GitHub/FURP-2026-Yiyang-GUO-EVRP-TW/reference/py-ga-VRPTW"", ""revision"": ""8e005caaaf6471a4505588d88c7f0f5e0d4ebffa""}}",stage02.3_constraint_guided_attempt16 + stage02.3_constraint_guided_rerun09,,preserve;see stage03_legacy_path_map.csv
stage03.0,measurement,stage03.0_measurement_attempt05,attempt05,stage03.0_measurement_attempt05,stage03_measurement_formal01,formal,r101_21,2016,"[""c101C5"", ""r105C5"", ""rc105C5"", ""c104C10"", ""r103C10"", ""rc102C10"", ""c106C15"", ""r105C15"", ""rc103C15"", ""c101_21"", ""r101_21"", ""rc101_21""]","[2014, 2015, 2016]",raw,verified_legacy,results/stage03.0_measurement_attempt05/r101_21/2016/stage03.0_measurement_attempt05_raw_r101_21_2016.json,results/stage03-measurement_formal01/raw/r101_21-alns_stage02_constraint_guided-2016.json,feasible,,pass,NOT_READY_FOR_STAGE03_1,READY_FOR_STAGE03_ACCELERATION,pass,da6578da914f84405aeacbb2d8d3fdf4a75850e22dec4731e0acc73bcb19ad47,raw_manifest,380c6e5877faec191d00c501af697deb073d861a644b2fb71e106c31a6c4fca6,50ed2d642f7e5ab1c495f9d43526dbc7ced2cb6e3521d8207719409066db928a,0e5a3dffffbd3c516b528ef32ba1a488b817d2f151fc3e8c81023814de1c103a,5b7ac2327fa8836e223ad23c4d964f26f5fd18ee4ac3e87b1e956a850f277903,b226b97e0e67288aaaf85726ad855df71cb81406685c57c8e8c40cd8996aa0da,44b932fba181327b08895693ec5b3fd78831a818,False,"{""VRP-EVRP-Project-Hub"": {""dirty"": false, ""path"": ""/Users/guoyiyang/Documents/GitHub/FURP-2026-Yiyang-GUO-EVRP-TW/reference/VRP-EVRP-Project-Hub"", ""revision"": ""e3a890065105f978187e532642c4442522215e02""}, ""py-ga-VRPTW"": {""dirty"": false, ""path"": ""/Users/guoyiyang/Documents/GitHub/FURP-2026-Yiyang-GUO-EVRP-TW/reference/py-ga-VRPTW"", ""revision"": ""8e005caaaf6471a4505588d88c7f0f5e0d4ebffa""}}",stage02.3_constraint_guided_attempt16 + stage02.3_constraint_guided_rerun09,,preserve;see stage03_legacy_path_map.csv
stage03.0,measurement,stage03.0_measurement_attempt05,attempt05,stage03.0_measurement_attempt05,stage03_measurement_formal01,formal,r103C10,2014,"[""c101C5"", ""r105C5"", ""rc105C5"", ""c104C10"", ""r103C10"", ""rc102C10"", ""c106C15"", ""r105C15"", ""rc103C15"", ""c101_21"", ""r101_21"", ""rc101_21""]","[2014, 2015, 2016]",raw,verified_legacy,results/stage03.0_measurement_attempt05/r103C10/2014/stage03.0_measurement_attempt05_raw_r103C10_2014.json,results/stage03-measurement_formal01/raw/r103C10-alns_stage02_constraint_guided-2014.json,feasible,,pass,NOT_READY_FOR_STAGE03_1,READY_FOR_STAGE03_ACCELERATION,pass,4381b946169aaa5e2cfdc53a7e8c87adb803cd3faf4f1fb7ef91e015a85bda57,raw_manifest,380c6e5877faec191d00c501af697deb073d861a644b2fb71e106c31a6c4fca6,50ed2d642f7e5ab1c495f9d43526dbc7ced2cb6e3521d8207719409066db928a,00debfb0e1fa34796b1644a045a064f52cb1f35052df9faa485db4b4f5ff512e,3c33eac758302ecedaf8cd26fed48e06fc135ab2515e9049a51be0ec7135581a,b226b97e0e67288aaaf85726ad855df71cb81406685c57c8e8c40cd8996aa0da,44b932fba181327b08895693ec5b3fd78831a818,False,"{""VRP-EVRP-Project-Hub"": {""dirty"": false, ""path"": ""/Users/guoyiyang/Documents/GitHub/FURP-2026-Yiyang-GUO-EVRP-TW/reference/VRP-EVRP-Project-Hub"", ""revision"": ""e3a890065105f978187e532642c4442522215e02""}, ""py-ga-VRPTW"": {""dirty"": false, ""path"": ""/Users/guoyiyang/Documents/GitHub/FURP-2026-Yiyang-GUO-EVRP-TW/reference/py-ga-VRPTW"", ""revision"": ""8e005caaaf6471a4505588d88c7f0f5e0d4ebffa""}}",stage02.3_constraint_guided_attempt16 + stage02.3_constraint_guided_rerun09,,preserve;see stage03_legacy_path_map.csv
stage03.0,measurement,stage03.0_measurement_attempt05,attempt05,stage03.0_measurement_attempt05,stage03_measurement_formal01,formal,r103C10,2015,"[""c101C5"", ""r105C5"", ""rc105C5"", ""c104C10"", ""r103C10"", ""rc102C10"", ""c106C15"", ""r105C15"", ""rc103C15"", ""c101_21"", ""r101_21"", ""rc101_21""]","[2014, 2015, 2016]",raw,verified_legacy,results/stage03.0_measurement_attempt05/r103C10/2015/stage03.0_measurement_attempt05_raw_r103C10_2015.json,results/stage03-measurement_formal01/raw/r103C10-alns_stage02_constraint_guided-2015.json,feasible,,pass,NOT_READY_FOR_STAGE03_1,READY_FOR_STAGE03_ACCELERATION,pass,edb7b22e9a97ae84758de66143d03a41c9257bff405087822a248c793bd7f77d,raw_manifest,380c6e5877faec191d00c501af697deb073d861a644b2fb71e106c31a6c4fca6,50ed2d642f7e5ab1c495f9d43526dbc7ced2cb6e3521d8207719409066db928a,00debfb0e1fa34796b1644a045a064f52cb1f35052df9faa485db4b4f5ff512e,712d10dcef01d995dba69cfb6ed3f28dcd04f732c1a2d75534dffe8d095e1d68,b226b97e0e67288aaaf85726ad855df71cb81406685c57c8e8c40cd8996aa0da,44b932fba181327b08895693ec5b3fd78831a818,False,"{""VRP-EVRP-Project-Hub"": {""dirty"": false, ""path"": ""/Users/guoyiyang/Documents/GitHub/FURP-2026-Yiyang-GUO-EVRP-TW/reference/VRP-EVRP-Project-Hub"", ""revision"": ""e3a890065105f978187e532642c4442522215e02""}, ""py-ga-VRPTW"": {""dirty"": false, ""path"": ""/Users/guoyiyang/Documents/GitHub/FURP-2026-Yiyang-GUO-EVRP-TW/reference/py-ga-VRPTW"", ""revision"": ""8e005caaaf6471a4505588d88c7f0f5e0d4ebffa""}}",stage02.3_constraint_guided_attempt16 + stage02.3_constraint_guided_rerun09,,preserve;see stage03_legacy_path_map.csv
stage03.0,measurement,stage03.0_measurement_attempt05,attempt05,stage03.0_measurement_attempt05,stage03_measurement_formal01,formal,r103C10,2016,"[""c101C5"", ""r105C5"", ""rc105C5"", ""c104C10"", ""r103C10"", ""rc102C10"", ""c106C15"", ""r105C15"", ""rc103C15"", ""c101_21"", ""r101_21"", ""rc101_21""]","[2014, 2015, 2016]",raw,verified_legacy,results/stage03.0_measurement_attempt05/r103C10/2016/stage03.0_measurement_attempt05_raw_r103C10_2016.json,results/stage03-measurement_formal01/raw/r103C10-alns_stage02_constraint_guided-2016.json,feasible,,pass,NOT_READY_FOR_STAGE03_1,READY_FOR_STAGE03_ACCELERATION,pass,6d08d08ccbc4fa4c15fa7db72a3e6db621fc9bdef61d1d64d2834e3559b94f79,raw_manifest,380c6e5877faec191d00c501af697deb073d861a644b2fb71e106c31a6c4fca6,50ed2d642f7e5ab1c495f9d43526dbc7ced2cb6e3521d8207719409066db928a,00debfb0e1fa34796b1644a045a064f52cb1f35052df9faa485db4b4f5ff512e,7a33d981160751df34a480d48671e1a44b64fed0c2a760be6f379a12f6c4a616,b226b97e0e67288aaaf85726ad855df71cb81406685c57c8e8c40cd8996aa0da,44b932fba181327b08895693ec5b3fd78831a818,False,"{""VRP-EVRP-Project-Hub"": {""dirty"": false, ""path"": ""/Users/guoyiyang/Documents/GitHub/FURP-2026-Yiyang-GUO-EVRP-TW/reference/VRP-EVRP-Project-Hub"", ""revision"": ""e3a890065105f978187e532642c4442522215e02""}, ""py-ga-VRPTW"": {""dirty"": false, ""path"": ""/Users/guoyiyang/Documents/GitHub/FURP-2026-Yiyang-GUO-EVRP-TW/reference/py-ga-VRPTW"", ""revision"": ""8e005caaaf6471a4505588d88c7f0f5e0d4ebffa""}}",stage02.3_constraint_guided_attempt16 + stage02.3_constraint_guided_rerun09,,preserve;see stage03_legacy_path_map.csv
stage03.0,measurement,stage03.0_measurement_attempt05,attempt05,stage03.0_measurement_attempt05,stage03_measurement_formal01,formal,r105C15,2014,"[""c101C5"", ""r105C5"", ""rc105C5"", ""c104C10"", ""r103C10"", ""rc102C10"", ""c106C15"", ""r105C15"", ""rc103C15"", ""c101_21"", ""r101_21"", ""rc101_21""]","[2014, 2015, 2016]",raw,verified_legacy,results/stage03.0_measurement_attempt05/r105C15/2014/stage03.0_measurement_attempt05_raw_r105C15_2014.json,results/stage03-measurement_formal01/raw/r105C15-alns_stage02_constraint_guided-2014.json,feasible,,pass,NOT_READY_FOR_STAGE03_1,READY_FOR_STAGE03_ACCELERATION,pass,fc544495bfc11fb1790415601dd92dddbf4407eb18eff9d1df4e79c957e87d6e,raw_manifest,380c6e5877faec191d00c501af697deb073d861a644b2fb71e106c31a6c4fca6,50ed2d642f7e5ab1c495f9d43526dbc7ced2cb6e3521d8207719409066db928a,937f3e630e6afef1a148dc223dd1d6ad2d11cfff557803e68a50e981e3ceaa44,34081af8d566284dfcfbeb2edc4216f6660ef6f0051c2a3fce286aed359ee455,b226b97e0e67288aaaf85726ad855df71cb81406685c57c8e8c40cd8996aa0da,44b932fba181327b08895693ec5b3fd78831a818,False,"{""VRP-EVRP-Project-Hub"": {""dirty"": false, ""path"": ""/Users/guoyiyang/Documents/GitHub/FURP-2026-Yiyang-GUO-EVRP-TW/reference/VRP-EVRP-Project-Hub"", ""revision"": ""e3a890065105f978187e532642c4442522215e02""}, ""py-ga-VRPTW"": {""dirty"": false, ""path"": ""/Users/guoyiyang/Documents/GitHub/FURP-2026-Yiyang-GUO-EVRP-TW/reference/py-ga-VRPTW"", ""revision"": ""8e005caaaf6471a4505588d88c7f0f5e0d4ebffa""}}",stage02.3_constraint_guided_attempt16 + stage02.3_constraint_guided_rerun09,,preserve;see stage03_legacy_path_map.csv
stage03.0,measurement,stage03.0_measurement_attempt05,attempt05,stage03.0_measurement_attempt05,stage03_measurement_formal01,formal,r105C15,2015,"[""c101C5"", ""r105C5"", ""rc105C5"", ""c104C10"", ""r103C10"", ""rc102C10"", ""c106C15"", ""r105C15"", ""rc103C15"", ""c101_21"", ""r101_21"", ""rc101_21""]","[2014, 2015, 2016]",raw,verified_legacy,results/stage03.0_measurement_attempt05/r105C15/2015/stage03.0_measurement_attempt05_raw_r105C15_2015.json,results/stage03-measurement_formal01/raw/r105C15-alns_stage02_constraint_guided-2015.json,feasible,,pass,NOT_READY_FOR_STAGE03_1,READY_FOR_STAGE03_ACCELERATION,pass,4c79e218ee0f6501df1bbab6cfb36625690e4fe087f52571c2f78ddf77d5d366,raw_manifest,380c6e5877faec191d00c501af697deb073d861a644b2fb71e106c31a6c4fca6,50ed2d642f7e5ab1c495f9d43526dbc7ced2cb6e3521d8207719409066db928a,937f3e630e6afef1a148dc223dd1d6ad2d11cfff557803e68a50e981e3ceaa44,9b71d349bef0ff48d8a6fbdc65523997ba8d8c519442d3ca89ba9d7fef5d31c1,b226b97e0e67288aaaf85726ad855df71cb81406685c57c8e8c40cd8996aa0da,44b932fba181327b08895693ec5b3fd78831a818,False,"{""VRP-EVRP-Project-Hub"": {""dirty"": false, ""path"": ""/Users/guoyiyang/Documents/GitHub/FURP-2026-Yiyang-GUO-EVRP-TW/reference/VRP-EVRP-Project-Hub"", ""revision"": ""e3a890065105f978187e532642c4442522215e02""}, ""py-ga-VRPTW"": {""dirty"": false, ""path"": ""/Users/guoyiyang/Documents/GitHub/FURP-2026-Yiyang-GUO-EVRP-TW/reference/py-ga-VRPTW"", ""revision"": ""8e005caaaf6471a4505588d88c7f0f5e0d4ebffa""}}",stage02.3_constraint_guided_attempt16 + stage02.3_constraint_guided_rerun09,,preserve;see stage03_legacy_path_map.csv
stage03.0,measurement,stage03.0_measurement_attempt05,attempt05,stage03.0_measurement_attempt05,stage03_measurement_formal01,formal,r105C15,2016,"[""c101C5"", ""r105C5"", ""rc105C5"", ""c104C10"", ""r103C10"", ""rc102C10"", ""c106C15"", ""r105C15"", ""rc103C15"", ""c101_21"", ""r101_21"", ""rc101_21""]","[2014, 2015, 2016]",raw,verified_legacy,results/stage03.0_measurement_attempt05/r105C15/2016/stage03.0_measurement_attempt05_raw_r105C15_2016.json,results/stage03-measurement_formal01/raw/r105C15-alns_stage02_constraint_guided-2016.json,feasible,,pass,NOT_READY_FOR_STAGE03_1,READY_FOR_STAGE03_ACCELERATION,pass,e816b20b130ed3cc51c0dce2ecce4eb3dbe838ee884dcee4463a5cdede6eb549,raw_manifest,380c6e5877faec191d00c501af697deb073d861a644b2fb71e106c31a6c4fca6,50ed2d642f7e5ab1c495f9d43526dbc7ced2cb6e3521d8207719409066db928a,937f3e630e6afef1a148dc223dd1d6ad2d11cfff557803e68a50e981e3ceaa44,c4c70b081693b9dd6508164def82edb9bc11ba0c42efdff26827f47659164e49,b226b97e0e67288aaaf85726ad855df71cb81406685c57c8e8c40cd8996aa0da,44b932fba181327b08895693ec5b3fd78831a818,False,"{""VRP-EVRP-Project-Hub"": {""dirty"": false, ""path"": ""/Users/guoyiyang/Documents/GitHub/FURP-2026-Yiyang-GUO-EVRP-TW/reference/VRP-EVRP-Project-Hub"", ""revision"": ""e3a890065105f978187e532642c4442522215e02""}, ""py-ga-VRPTW"": {""dirty"": false, ""path"": ""/Users/guoyiyang/Documents/GitHub/FURP-2026-Yiyang-GUO-EVRP-TW/reference/py-ga-VRPTW"", ""revision"": ""8e005caaaf6471a4505588d88c7f0f5e0d4ebffa""}}",stage02.3_constraint_guided_attempt16 + stage02.3_constraint_guided_rerun09,,preserve;see stage03_legacy_path_map.csv
stage03.0,measurement,stage03.0_measurement_attempt05,attempt05,stage03.0_measurement_attempt05,stage03_measurement_formal01,formal,r105C5,2014,"[""c101C5"", ""r105C5"", ""rc105C5"", ""c104C10"", ""r103C10"", ""rc102C10"", ""c106C15"", ""r105C15"", ""rc103C15"", ""c101_21"", ""r101_21"", ""rc101_21""]","[2014, 2015, 2016]",raw,verified_legacy,results/stage03.0_measurement_attempt05/r105C5/2014/stage03.0_measurement_attempt05_raw_r105C5_2014.json,results/stage03-measurement_formal01/raw/r105C5-alns_stage02_constraint_guided-2014.json,feasible,,pass,NOT_READY_FOR_STAGE03_1,READY_FOR_STAGE03_ACCELERATION,pass,a9ef62343082e656006a4a17ee24a4bd2a92fd4eb9af1e9fe42754367967f126,raw_manifest,380c6e5877faec191d00c501af697deb073d861a644b2fb71e106c31a6c4fca6,50ed2d642f7e5ab1c495f9d43526dbc7ced2cb6e3521d8207719409066db928a,eb27ec04e799ee6d39dee3d66f15128e197811afa8c664295acbdf6444176434,18bac09d872478484b6ea6f822b27818455d00fb8c4e42ee872b06c2e1e19f6f,b226b97e0e67288aaaf85726ad855df71cb81406685c57c8e8c40cd8996aa0da,44b932fba181327b08895693ec5b3fd78831a818,False,"{""VRP-EVRP-Project-Hub"": {""dirty"": false, ""path"": ""/Users/guoyiyang/Documents/GitHub/FURP-2026-Yiyang-GUO-EVRP-TW/reference/VRP-EVRP-Project-Hub"", ""revision"": ""e3a890065105f978187e532642c4442522215e02""}, ""py-ga-VRPTW"": {""dirty"": false, ""path"": ""/Users/guoyiyang/Documents/GitHub/FURP-2026-Yiyang-GUO-EVRP-TW/reference/py-ga-VRPTW"", ""revision"": ""8e005caaaf6471a4505588d88c7f0f5e0d4ebffa""}}",stage02.3_constraint_guided_attempt16 + stage02.3_constraint_guided_rerun09,,preserve;see stage03_legacy_path_map.csv
stage03.0,measurement,stage03.0_measurement_attempt05,attempt05,stage03.0_measurement_attempt05,stage03_measurement_formal01,formal,r105C5,2015,"[""c101C5"", ""r105C5"", ""rc105C5"", ""c104C10"", ""r103C10"", ""rc102C10"", ""c106C15"", ""r105C15"", ""rc103C15"", ""c101_21"", ""r101_21"", ""rc101_21""]","[2014, 2015, 2016]",raw,verified_legacy,results/stage03.0_measurement_attempt05/r105C5/2015/stage03.0_measurement_attempt05_raw_r105C5_2015.json,results/stage03-measurement_formal01/raw/r105C5-alns_stage02_constraint_guided-2015.json,feasible,,pass,NOT_READY_FOR_STAGE03_1,READY_FOR_STAGE03_ACCELERATION,pass,13cd637ff33f23cb625634abcae3645351d5cf99e9a8626e8ee34cb9076bd58c,raw_manifest,380c6e5877faec191d00c501af697deb073d861a644b2fb71e106c31a6c4fca6,50ed2d642f7e5ab1c495f9d43526dbc7ced2cb6e3521d8207719409066db928a,eb27ec04e799ee6d39dee3d66f15128e197811afa8c664295acbdf6444176434,4ba78eb23b8b0e21e93a074308912ac3554467a05f04fa0413a7f25f6838d822,b226b97e0e67288aaaf85726ad855df71cb81406685c57c8e8c40cd8996aa0da,44b932fba181327b08895693ec5b3fd78831a818,False,"{""VRP-EVRP-Project-Hub"": {""dirty"": false, ""path"": ""/Users/guoyiyang/Documents/GitHub/FURP-2026-Yiyang-GUO-EVRP-TW/reference/VRP-EVRP-Project-Hub"", ""revision"": ""e3a890065105f978187e532642c4442522215e02""}, ""py-ga-VRPTW"": {""dirty"": false, ""path"": ""/Users/guoyiyang/Documents/GitHub/FURP-2026-Yiyang-GUO-EVRP-TW/reference/py-ga-VRPTW"", ""revision"": ""8e005caaaf6471a4505588d88c7f0f5e0d4ebffa""}}",stage02.3_constraint_guided_attempt16 + stage02.3_constraint_guided_rerun09,,preserve;see stage03_legacy_path_map.csv
stage03.0,measurement,stage03.0_measurement_attempt05,attempt05,stage03.0_measurement_attempt05,stage03_measurement_formal01,formal,r105C5,2016,"[""c101C5"", ""r105C5"", ""rc105C5"", ""c104C10"", ""r103C10"", ""rc102C10"", ""c106C15"", ""r105C15"", ""rc103C15"", ""c101_21"", ""r101_21"", ""rc101_21""]","[2014, 2015, 2016]",raw,verified_legacy,results/stage03.0_measurement_attempt05/r105C5/2016/stage03.0_measurement_attempt05_raw_r105C5_2016.json,results/stage03-measurement_formal01/raw/r105C5-alns_stage02_constraint_guided-2016.json,feasible,,pass,NOT_READY_FOR_STAGE03_1,READY_FOR_STAGE03_ACCELERATION,pass,3680f98d9e703ac148e287fb6f930ec8aca746d515da0ee6a44c4231e0fca54c,raw_manifest,380c6e5877faec191d00c501af697deb073d861a644b2fb71e106c31a6c4fca6,50ed2d642f7e5ab1c495f9d43526dbc7ced2cb6e3521d8207719409066db928a,eb27ec04e799ee6d39dee3d66f15128e197811afa8c664295acbdf6444176434,c6f2194935fc05838da61161b16578dda21b3af1906d011ba89e1278dc7436a7,b226b97e0e67288aaaf85726ad855df71cb81406685c57c8e8c40cd8996aa0da,44b932fba181327b08895693ec5b3fd78831a818,False,"{""VRP-EVRP-Project-Hub"": {""dirty"": false, ""path"": ""/Users/guoyiyang/Documents/GitHub/FURP-2026-Yiyang-GUO-EVRP-TW/reference/VRP-EVRP-Project-Hub"", ""revision"": ""e3a890065105f978187e532642c4442522215e02""}, ""py-ga-VRPTW"": {""dirty"": false, ""path"": ""/Users/guoyiyang/Documents/GitHub/FURP-2026-Yiyang-GUO-EVRP-TW/reference/py-ga-VRPTW"", ""revision"": ""8e005caaaf6471a4505588d88c7f0f5e0d4ebffa""}}",stage02.3_constraint_guided_attempt16 + stage02.3_constraint_guided_rerun09,,preserve;see stage03_legacy_path_map.csv
stage03.0,measurement,stage03.0_measurement_attempt05,attempt05,stage03.0_measurement_attempt05,stage03_measurement_formal01,formal,rc101_21,2014,"[""c101C5"", ""r105C5"", ""rc105C5"", ""c104C10"", ""r103C10"", ""rc102C10"", ""c106C15"", ""r105C15"", ""rc103C15"", ""c101_21"", ""r101_21"", ""rc101_21""]","[2014, 2015, 2016]",raw,verified_legacy,results/stage03.0_measurement_attempt05/rc101_21/2014/stage03.0_measurement_attempt05_raw_rc101_21_2014.json,results/stage03-measurement_formal01/raw/rc101_21-alns_stage02_constraint_guided-2014.json,feasible,,pass,NOT_READY_FOR_STAGE03_1,READY_FOR_STAGE03_ACCELERATION,pass,45472a58751c571257de1d56a1b0c36b429e82c4cc24235f738004b96e05e983,raw_manifest,380c6e5877faec191d00c501af697deb073d861a644b2fb71e106c31a6c4fca6,50ed2d642f7e5ab1c495f9d43526dbc7ced2cb6e3521d8207719409066db928a,272a3e58d53d4ba9516f01506164cf8a9b98bfeeb8dbd1fd62f6557e4c98e3a1,8e4d65f43ad9636e55d9c59484574f882f9dd2ecd08a139e09a82481141a9a42,b226b97e0e67288aaaf85726ad855df71cb81406685c57c8e8c40cd8996aa0da,44b932fba181327b08895693ec5b3fd78831a818,False,"{""VRP-EVRP-Project-Hub"": {""dirty"": false, ""path"": ""/Users/guoyiyang/Documents/GitHub/FURP-2026-Yiyang-GUO-EVRP-TW/reference/VRP-EVRP-Project-Hub"", ""revision"": ""e3a890065105f978187e532642c4442522215e02""}, ""py-ga-VRPTW"": {""dirty"": false, ""path"": ""/Users/guoyiyang/Documents/GitHub/FURP-2026-Yiyang-GUO-EVRP-TW/reference/py-ga-VRPTW"", ""revision"": ""8e005caaaf6471a4505588d88c7f0f5e0d4ebffa""}}",stage02.3_constraint_guided_attempt16 + stage02.3_constraint_guided_rerun09,,preserve;see stage03_legacy_path_map.csv
stage03.0,measurement,stage03.0_measurement_attempt05,attempt05,stage03.0_measurement_attempt05,stage03_measurement_formal01,formal,rc101_21,2015,"[""c101C5"", ""r105C5"", ""rc105C5"", ""c104C10"", ""r103C10"", ""rc102C10"", ""c106C15"", ""r105C15"", ""rc103C15"", ""c101_21"", ""r101_21"", ""rc101_21""]","[2014, 2015, 2016]",raw,verified_legacy,results/stage03.0_measurement_attempt05/rc101_21/2015/stage03.0_measurement_attempt05_raw_rc101_21_2015.json,results/stage03-measurement_formal01/raw/rc101_21-alns_stage02_constraint_guided-2015.json,feasible,,pass,NOT_READY_FOR_STAGE03_1,READY_FOR_STAGE03_ACCELERATION,pass,df7bc9b192d1668894a1b49b66963d038910e157961769079e58f87dbc99ac3a,raw_manifest,380c6e5877faec191d00c501af697deb073d861a644b2fb71e106c31a6c4fca6,50ed2d642f7e5ab1c495f9d43526dbc7ced2cb6e3521d8207719409066db928a,272a3e58d53d4ba9516f01506164cf8a9b98bfeeb8dbd1fd62f6557e4c98e3a1,552e83d2a87eef9ae305e3d699dd98c361a463fccd7f868c61ac651bd28f55a9,b226b97e0e67288aaaf85726ad855df71cb81406685c57c8e8c40cd8996aa0da,44b932fba181327b08895693ec5b3fd78831a818,False,"{""VRP-EVRP-Project-Hub"": {""dirty"": false, ""path"": ""/Users/guoyiyang/Documents/GitHub/FURP-2026-Yiyang-GUO-EVRP-TW/reference/VRP-EVRP-Project-Hub"", ""revision"": ""e3a890065105f978187e532642c4442522215e02""}, ""py-ga-VRPTW"": {""dirty"": false, ""path"": ""/Users/guoyiyang/Documents/GitHub/FURP-2026-Yiyang-GUO-EVRP-TW/reference/py-ga-VRPTW"", ""revision"": ""8e005caaaf6471a4505588d88c7f0f5e0d4ebffa""}}",stage02.3_constraint_guided_attempt16 + stage02.3_constraint_guided_rerun09,,preserve;see stage03_legacy_path_map.csv
stage03.0,measurement,stage03.0_measurement_attempt05,attempt05,stage03.0_measurement_attempt05,stage03_measurement_formal01,formal,rc101_21,2016,"[""c101C5"", ""r105C5"", ""rc105C5"", ""c104C10"", ""r103C10"", ""rc102C10"", ""c106C15"", ""r105C15"", ""rc103C15"", ""c101_21"", ""r101_21"", ""rc101_21""]","[2014, 2015, 2016]",raw,verified_legacy,results/stage03.0_measurement_attempt05/rc101_21/2016/stage03.0_measurement_attempt05_raw_rc101_21_2016.json,results/stage03-measurement_formal01/raw/rc101_21-alns_stage02_constraint_guided-2016.json,feasible,,pass,NOT_READY_FOR_STAGE03_1,READY_FOR_STAGE03_ACCELERATION,pass,fb7c597eb3fb12bbdda0d3c22ec7f799d53787c92af20b7a66286c9f26bf1c79,raw_manifest,380c6e5877faec191d00c501af697deb073d861a644b2fb71e106c31a6c4fca6,50ed2d642f7e5ab1c495f9d43526dbc7ced2cb6e3521d8207719409066db928a,272a3e58d53d4ba9516f01506164cf8a9b98bfeeb8dbd1fd62f6557e4c98e3a1,8cb9e86a9910383b9227e41caf5bba88d7bca98747fe815e0de2c5f3eb878384,b226b97e0e67288aaaf85726ad855df71cb81406685c57c8e8c40cd8996aa0da,44b932fba181327b08895693ec5b3fd78831a818,False,"{""VRP-EVRP-Project-Hub"": {""dirty"": false, ""path"": ""/Users/guoyiyang/Documents/GitHub/FURP-2026-Yiyang-GUO-EVRP-TW/reference/VRP-EVRP-Project-Hub"", ""revision"": ""e3a890065105f978187e532642c4442522215e02""}, ""py-ga-VRPTW"": {""dirty"": false, ""path"": ""/Users/guoyiyang/Documents/GitHub/FURP-2026-Yiyang-GUO-EVRP-TW/reference/py-ga-VRPTW"", ""revision"": ""8e005caaaf6471a4505588d88c7f0f5e0d4ebffa""}}",stage02.3_constraint_guided_attempt16 + stage02.3_constraint_guided_rerun09,,preserve;see stage03_legacy_path_map.csv
stage03.0,measurement,stage03.0_measurement_attempt05,attempt05,stage03.0_measurement_attempt05,stage03_measurement_formal01,formal,rc102C10,2014,"[""c101C5"", ""r105C5"", ""rc105C5"", ""c104C10"", ""r103C10"", ""rc102C10"", ""c106C15"", ""r105C15"", ""rc103C15"", ""c101_21"", ""r101_21"", ""rc101_21""]","[2014, 2015, 2016]",raw,verified_legacy,results/stage03.0_measurement_attempt05/rc102C10/2014/stage03.0_measurement_attempt05_raw_rc102C10_2014.json,results/stage03-measurement_formal01/raw/rc102C10-alns_stage02_constraint_guided-2014.json,feasible,,pass,NOT_READY_FOR_STAGE03_1,READY_FOR_STAGE03_ACCELERATION,pass,5472b9d38c2ab7921505f3a49540578804e6a76cbac555fe3c25a15f8a3e400d,raw_manifest,380c6e5877faec191d00c501af697deb073d861a644b2fb71e106c31a6c4fca6,50ed2d642f7e5ab1c495f9d43526dbc7ced2cb6e3521d8207719409066db928a,b85edffa9a896007203a8f6688731b66fcaeedada2b6deae0a3e3ca4a1a0d1a6,922747a0c60210d4d3c4f9aa167840cf1adf2caa75c959be083b12d6cc9a5e63,b226b97e0e67288aaaf85726ad855df71cb81406685c57c8e8c40cd8996aa0da,44b932fba181327b08895693ec5b3fd78831a818,False,"{""VRP-EVRP-Project-Hub"": {""dirty"": false, ""path"": ""/Users/guoyiyang/Documents/GitHub/FURP-2026-Yiyang-GUO-EVRP-TW/reference/VRP-EVRP-Project-Hub"", ""revision"": ""e3a890065105f978187e532642c4442522215e02""}, ""py-ga-VRPTW"": {""dirty"": false, ""path"": ""/Users/guoyiyang/Documents/GitHub/FURP-2026-Yiyang-GUO-EVRP-TW/reference/py-ga-VRPTW"", ""revision"": ""8e005caaaf6471a4505588d88c7f0f5e0d4ebffa""}}",stage02.3_constraint_guided_attempt16 + stage02.3_constraint_guided_rerun09,,preserve;see stage03_legacy_path_map.csv
stage03.0,measurement,stage03.0_measurement_attempt05,attempt05,stage03.0_measurement_attempt05,stage03_measurement_formal01,formal,rc102C10,2015,"[""c101C5"", ""r105C5"", ""rc105C5"", ""c104C10"", ""r103C10"", ""rc102C10"", ""c106C15"", ""r105C15"", ""rc103C15"", ""c101_21"", ""r101_21"", ""rc101_21""]","[2014, 2015, 2016]",raw,verified_legacy,results/stage03.0_measurement_attempt05/rc102C10/2015/stage03.0_measurement_attempt05_raw_rc102C10_2015.json,results/stage03-measurement_formal01/raw/rc102C10-alns_stage02_constraint_guided-2015.json,feasible,,pass,NOT_READY_FOR_STAGE03_1,READY_FOR_STAGE03_ACCELERATION,pass,d92df7066895b5f462ac604a3ad5b57e45a2532deb5506f33d46e878649efcc1,raw_manifest,380c6e5877faec191d00c501af697deb073d861a644b2fb71e106c31a6c4fca6,50ed2d642f7e5ab1c495f9d43526dbc7ced2cb6e3521d8207719409066db928a,b85edffa9a896007203a8f6688731b66fcaeedada2b6deae0a3e3ca4a1a0d1a6,2396d0b76559b83d49b983c01915e9cd3dfca0f17d11b4d765f380456a034e9f,b226b97e0e67288aaaf85726ad855df71cb81406685c57c8e8c40cd8996aa0da,44b932fba181327b08895693ec5b3fd78831a818,False,"{""VRP-EVRP-Project-Hub"": {""dirty"": false, ""path"": ""/Users/guoyiyang/Documents/GitHub/FURP-2026-Yiyang-GUO-EVRP-TW/reference/VRP-EVRP-Project-Hub"", ""revision"": ""e3a890065105f978187e532642c4442522215e02""}, ""py-ga-VRPTW"": {""dirty"": false, ""path"": ""/Users/guoyiyang/Documents/GitHub/FURP-2026-Yiyang-GUO-EVRP-TW/reference/py-ga-VRPTW"", ""revision"": ""8e005caaaf6471a4505588d88c7f0f5e0d4ebffa""}}",stage02.3_constraint_guided_attempt16 + stage02.3_constraint_guided_rerun09,,preserve;see stage03_legacy_path_map.csv
stage03.0,measurement,stage03.0_measurement_attempt05,attempt05,stage03.0_measurement_attempt05,stage03_measurement_formal01,formal,rc102C10,2016,"[""c101C5"", ""r105C5"", ""rc105C5"", ""c104C10"", ""r103C10"", ""rc102C10"", ""c106C15"", ""r105C15"", ""rc103C15"", ""c101_21"", ""r101_21"", ""rc101_21""]","[2014, 2015, 2016]",raw,verified_legacy,results/stage03.0_measurement_attempt05/rc102C10/2016/stage03.0_measurement_attempt05_raw_rc102C10_2016.json,results/stage03-measurement_formal01/raw/rc102C10-alns_stage02_constraint_guided-2016.json,feasible,,pass,NOT_READY_FOR_STAGE03_1,READY_FOR_STAGE03_ACCELERATION,pass,a27134ad825036b5b672e2f02def21b16f2b3ef06fd3b9d8ee3b931e897dd370,raw_manifest,380c6e5877faec191d00c501af697deb073d861a644b2fb71e106c31a6c4fca6,50ed2d642f7e5ab1c495f9d43526dbc7ced2cb6e3521d8207719409066db928a,b85edffa9a896007203a8f6688731b66fcaeedada2b6deae0a3e3ca4a1a0d1a6,543d2b0eb4fadc3e8826ae696d7287008f6e25c739027036bb239af842e5764d,b226b97e0e67288aaaf85726ad855df71cb81406685c57c8e8c40cd8996aa0da,44b932fba181327b08895693ec5b3fd78831a818,False,"{""VRP-EVRP-Project-Hub"": {""dirty"": false, ""path"": ""/Users/guoyiyang/Documents/GitHub/FURP-2026-Yiyang-GUO-EVRP-TW/reference/VRP-EVRP-Project-Hub"", ""revision"": ""e3a890065105f978187e532642c4442522215e02""}, ""py-ga-VRPTW"": {""dirty"": false, ""path"": ""/Users/guoyiyang/Documents/GitHub/FURP-2026-Yiyang-GUO-EVRP-TW/reference/py-ga-VRPTW"", ""revision"": ""8e005caaaf6471a4505588d88c7f0f5e0d4ebffa""}}",stage02.3_constraint_guided_attempt16 + stage02.3_constraint_guided_rerun09,,preserve;see stage03_legacy_path_map.csv
stage03.0,measurement,stage03.0_measurement_attempt05,attempt05,stage03.0_measurement_attempt05,stage03_measurement_formal01,formal,rc103C15,2014,"[""c101C5"", ""r105C5"", ""rc105C5"", ""c104C10"", ""r103C10"", ""rc102C10"", ""c106C15"", ""r105C15"", ""rc103C15"", ""c101_21"", ""r101_21"", ""rc101_21""]","[2014, 2015, 2016]",raw,verified_legacy,results/stage03.0_measurement_attempt05/rc103C15/2014/stage03.0_measurement_attempt05_raw_rc103C15_2014.json,results/stage03-measurement_formal01/raw/rc103C15-alns_stage02_constraint_guided-2014.json,feasible,,pass,NOT_READY_FOR_STAGE03_1,READY_FOR_STAGE03_ACCELERATION,pass,8b82220f31066c552ff2fddfd07e88194d3c6b84dfd205e2e1903eb16a20afe3,raw_manifest,380c6e5877faec191d00c501af697deb073d861a644b2fb71e106c31a6c4fca6,50ed2d642f7e5ab1c495f9d43526dbc7ced2cb6e3521d8207719409066db928a,51cbd950e7a76acae3add1f93d4c5f3b906f1e0ca5b47f46b068ff4f52e43c4a,4e3260a82a51a7e015b5585f8b12990fb738e74802df644e62a7a88f53cd50a7,b226b97e0e67288aaaf85726ad855df71cb81406685c57c8e8c40cd8996aa0da,44b932fba181327b08895693ec5b3fd78831a818,False,"{""VRP-EVRP-Project-Hub"": {""dirty"": false, ""path"": ""/Users/guoyiyang/Documents/GitHub/FURP-2026-Yiyang-GUO-EVRP-TW/reference/VRP-EVRP-Project-Hub"", ""revision"": ""e3a890065105f978187e532642c4442522215e02""}, ""py-ga-VRPTW"": {""dirty"": false, ""path"": ""/Users/guoyiyang/Documents/GitHub/FURP-2026-Yiyang-GUO-EVRP-TW/reference/py-ga-VRPTW"", ""revision"": ""8e005caaaf6471a4505588d88c7f0f5e0d4ebffa""}}",stage02.3_constraint_guided_attempt16 + stage02.3_constraint_guided_rerun09,,preserve;see stage03_legacy_path_map.csv
stage03.0,measurement,stage03.0_measurement_attempt05,attempt05,stage03.0_measurement_attempt05,stage03_measurement_formal01,formal,rc103C15,2015,"[""c101C5"", ""r105C5"", ""rc105C5"", ""c104C10"", ""r103C10"", ""rc102C10"", ""c106C15"", ""r105C15"", ""rc103C15"", ""c101_21"", ""r101_21"", ""rc101_21""]","[2014, 2015, 2016]",raw,verified_legacy,results/stage03.0_measurement_attempt05/rc103C15/2015/stage03.0_measurement_attempt05_raw_rc103C15_2015.json,results/stage03-measurement_formal01/raw/rc103C15-alns_stage02_constraint_guided-2015.json,feasible,,pass,NOT_READY_FOR_STAGE03_1,READY_FOR_STAGE03_ACCELERATION,pass,78f97a324cffedc3ff8c4e03a7185ce7ff689f01da53cab3ef0c3d00c988c2f6,raw_manifest,380c6e5877faec191d00c501af697deb073d861a644b2fb71e106c31a6c4fca6,50ed2d642f7e5ab1c495f9d43526dbc7ced2cb6e3521d8207719409066db928a,51cbd950e7a76acae3add1f93d4c5f3b906f1e0ca5b47f46b068ff4f52e43c4a,185a9b551a365c2931916dfa29521c226b32a02b778bf709cbba49f6fc187c33,b226b97e0e67288aaaf85726ad855df71cb81406685c57c8e8c40cd8996aa0da,44b932fba181327b08895693ec5b3fd78831a818,False,"{""VRP-EVRP-Project-Hub"": {""dirty"": false, ""path"": ""/Users/guoyiyang/Documents/GitHub/FURP-2026-Yiyang-GUO-EVRP-TW/reference/VRP-EVRP-Project-Hub"", ""revision"": ""e3a890065105f978187e532642c4442522215e02""}, ""py-ga-VRPTW"": {""dirty"": false, ""path"": ""/Users/guoyiyang/Documents/GitHub/FURP-2026-Yiyang-GUO-EVRP-TW/reference/py-ga-VRPTW"", ""revision"": ""8e005caaaf6471a4505588d88c7f0f5e0d4ebffa""}}",stage02.3_constraint_guided_attempt16 + stage02.3_constraint_guided_rerun09,,preserve;see stage03_legacy_path_map.csv
stage03.0,measurement,stage03.0_measurement_attempt05,attempt05,stage03.0_measurement_attempt05,stage03_measurement_formal01,formal,rc103C15,2016,"[""c101C5"", ""r105C5"", ""rc105C5"", ""c104C10"", ""r103C10"", ""rc102C10"", ""c106C15"", ""r105C15"", ""rc103C15"", ""c101_21"", ""r101_21"", ""rc101_21""]","[2014, 2015, 2016]",raw,verified_legacy,results/stage03.0_measurement_attempt05/rc103C15/2016/stage03.0_measurement_attempt05_raw_rc103C15_2016.json,results/stage03-measurement_formal01/raw/rc103C15-alns_stage02_constraint_guided-2016.json,feasible,,pass,NOT_READY_FOR_STAGE03_1,READY_FOR_STAGE03_ACCELERATION,pass,a1982ccdd457e030f6f18cdb751801499ca5afb6d514f3a70a4be63bd2bb128f,raw_manifest,380c6e5877faec191d00c501af697deb073d861a644b2fb71e106c31a6c4fca6,50ed2d642f7e5ab1c495f9d43526dbc7ced2cb6e3521d8207719409066db928a,51cbd950e7a76acae3add1f93d4c5f3b906f1e0ca5b47f46b068ff4f52e43c4a,c8849712ca48508504e9a85ad7834cbd9533dc0e008359ba5a104c24472f2674,b226b97e0e67288aaaf85726ad855df71cb81406685c57c8e8c40cd8996aa0da,44b932fba181327b08895693ec5b3fd78831a818,False,"{""VRP-EVRP-Project-Hub"": {""dirty"": false, ""path"": ""/Users/guoyiyang/Documents/GitHub/FURP-2026-Yiyang-GUO-EVRP-TW/reference/VRP-EVRP-Project-Hub"", ""revision"": ""e3a890065105f978187e532642c4442522215e02""}, ""py-ga-VRPTW"": {""dirty"": false, ""path"": ""/Users/guoyiyang/Documents/GitHub/FURP-2026-Yiyang-GUO-EVRP-TW/reference/py-ga-VRPTW"", ""revision"": ""8e005caaaf6471a4505588d88c7f0f5e0d4ebffa""}}",stage02.3_constraint_guided_attempt16 + stage02.3_constraint_guided_rerun09,,preserve;see stage03_legacy_path_map.csv
stage03.0,measurement,stage03.0_measurement_attempt05,attempt05,stage03.0_measurement_attempt05,stage03_measurement_formal01,formal,rc105C5,2014,"[""c101C5"", ""r105C5"", ""rc105C5"", ""c104C10"", ""r103C10"", ""rc102C10"", ""c106C15"", ""r105C15"", ""rc103C15"", ""c101_21"", ""r101_21"", ""rc101_21""]","[2014, 2015, 2016]",raw,verified_legacy,results/stage03.0_measurement_attempt05/rc105C5/2014/stage03.0_measurement_attempt05_raw_rc105C5_2014.json,results/stage03-measurement_formal01/raw/rc105C5-alns_stage02_constraint_guided-2014.json,feasible,,pass,NOT_READY_FOR_STAGE03_1,READY_FOR_STAGE03_ACCELERATION,pass,6ea64ae732460ca8089f36a99bc75a7195cccba5ed8bc3403bc4338cfefcf3ff,raw_manifest,380c6e5877faec191d00c501af697deb073d861a644b2fb71e106c31a6c4fca6,50ed2d642f7e5ab1c495f9d43526dbc7ced2cb6e3521d8207719409066db928a,2ccfba6c447fa43a994934690acb67c7355ca04d232394907ed6938bc362c643,56cdf57332286ffa454837ca296d9030524fa2eda0d26eb392a1af9bb2a30e7a,b226b97e0e67288aaaf85726ad855df71cb81406685c57c8e8c40cd8996aa0da,44b932fba181327b08895693ec5b3fd78831a818,False,"{""VRP-EVRP-Project-Hub"": {""dirty"": false, ""path"": ""/Users/guoyiyang/Documents/GitHub/FURP-2026-Yiyang-GUO-EVRP-TW/reference/VRP-EVRP-Project-Hub"", ""revision"": ""e3a890065105f978187e532642c4442522215e02""}, ""py-ga-VRPTW"": {""dirty"": false, ""path"": ""/Users/guoyiyang/Documents/GitHub/FURP-2026-Yiyang-GUO-EVRP-TW/reference/py-ga-VRPTW"", ""revision"": ""8e005caaaf6471a4505588d88c7f0f5e0d4ebffa""}}",stage02.3_constraint_guided_attempt16 + stage02.3_constraint_guided_rerun09,,preserve;see stage03_legacy_path_map.csv
stage03.0,measurement,stage03.0_measurement_attempt05,attempt05,stage03.0_measurement_attempt05,stage03_measurement_formal01,formal,rc105C5,2015,"[""c101C5"", ""r105C5"", ""rc105C5"", ""c104C10"", ""r103C10"", ""rc102C10"", ""c106C15"", ""r105C15"", ""rc103C15"", ""c101_21"", ""r101_21"", ""rc101_21""]","[2014, 2015, 2016]",raw,verified_legacy,results/stage03.0_measurement_attempt05/rc105C5/2015/stage03.0_measurement_attempt05_raw_rc105C5_2015.json,results/stage03-measurement_formal01/raw/rc105C5-alns_stage02_constraint_guided-2015.json,feasible,,pass,NOT_READY_FOR_STAGE03_1,READY_FOR_STAGE03_ACCELERATION,pass,82ec7c0296cd9ca799982ff496422de292174d27761e45bc1380e8540493a57c,raw_manifest,380c6e5877faec191d00c501af697deb073d861a644b2fb71e106c31a6c4fca6,50ed2d642f7e5ab1c495f9d43526dbc7ced2cb6e3521d8207719409066db928a,2ccfba6c447fa43a994934690acb67c7355ca04d232394907ed6938bc362c643,c8a9c2a0dcb3b2a4df216493e8d1f2907b52a3bddaf2621c1f7124ccbac3b238,b226b97e0e67288aaaf85726ad855df71cb81406685c57c8e8c40cd8996aa0da,44b932fba181327b08895693ec5b3fd78831a818,False,"{""VRP-EVRP-Project-Hub"": {""dirty"": false, ""path"": ""/Users/guoyiyang/Documents/GitHub/FURP-2026-Yiyang-GUO-EVRP-TW/reference/VRP-EVRP-Project-Hub"", ""revision"": ""e3a890065105f978187e532642c4442522215e02""}, ""py-ga-VRPTW"": {""dirty"": false, ""path"": ""/Users/guoyiyang/Documents/GitHub/FURP-2026-Yiyang-GUO-EVRP-TW/reference/py-ga-VRPTW"", ""revision"": ""8e005caaaf6471a4505588d88c7f0f5e0d4ebffa""}}",stage02.3_constraint_guided_attempt16 + stage02.3_constraint_guided_rerun09,,preserve;see stage03_legacy_path_map.csv
stage03.0,measurement,stage03.0_measurement_attempt05,attempt05,stage03.0_measurement_attempt05,stage03_measurement_formal01,formal,rc105C5,2016,"[""c101C5"", ""r105C5"", ""rc105C5"", ""c104C10"", ""r103C10"", ""rc102C10"", ""c106C15"", ""r105C15"", ""rc103C15"", ""c101_21"", ""r101_21"", ""rc101_21""]","[2014, 2015, 2016]",raw,verified_legacy,results/stage03.0_measurement_attempt05/rc105C5/2016/stage03.0_measurement_attempt05_raw_rc105C5_2016.json,results/stage03-measurement_formal01/raw/rc105C5-alns_stage02_constraint_guided-2016.json,feasible,,pass,NOT_READY_FOR_STAGE03_1,READY_FOR_STAGE03_ACCELERATION,pass,daea2eeec1ed0c7f13235f6de7e7e3a4a6a9270bf1d65bf248431157e28f5966,raw_manifest,380c6e5877faec191d00c501af697deb073d861a644b2fb71e106c31a6c4fca6,50ed2d642f7e5ab1c495f9d43526dbc7ced2cb6e3521d8207719409066db928a,2ccfba6c447fa43a994934690acb67c7355ca04d232394907ed6938bc362c643,b1a46fc25008adf30baf3953f3a629ab406cec46bd9795a58b0334a37cc2cfcd,b226b97e0e67288aaaf85726ad855df71cb81406685c57c8e8c40cd8996aa0da,44b932fba181327b08895693ec5b3fd78831a818,False,"{""VRP-EVRP-Project-Hub"": {""dirty"": false, ""path"": ""/Users/guoyiyang/Documents/GitHub/FURP-2026-Yiyang-GUO-EVRP-TW/reference/VRP-EVRP-Project-Hub"", ""revision"": ""e3a890065105f978187e532642c4442522215e02""}, ""py-ga-VRPTW"": {""dirty"": false, ""path"": ""/Users/guoyiyang/Documents/GitHub/FURP-2026-Yiyang-GUO-EVRP-TW/reference/py-ga-VRPTW"", ""revision"": ""8e005caaaf6471a4505588d88c7f0f5e0d4ebffa""}}",stage02.3_constraint_guided_attempt16 + stage02.3_constraint_guided_rerun09,,preserve;see stage03_legacy_path_map.csv
stage03.0,measurement,stage03.0_measurement_attempt05,attempt05,stage03.0_measurement_attempt05,stage03_measurement_formal01,formal,__all__,__all__,"[""c101C5"", ""r105C5"", ""rc105C5"", ""c104C10"", ""r103C10"", ""rc102C10"", ""c106C15"", ""r105C15"", ""rc103C15"", ""c101_21"", ""r101_21"", ""rc101_21""]","[2014, 2015, 2016]",raw_per_run_results,verified_legacy,results/stage03.0_measurement_attempt05/all/all/stage03.0_measurement_attempt05_raw_per_run_results.csv,results/stage03-measurement_formal01/raw_per_run_results.csv,feasible,,pass,NOT_READY_FOR_STAGE03_1,READY_FOR_STAGE03_ACCELERATION,pass,1cc5bc29d13195d281e91e1c3ee2fe141bda5a38a062a7cef2c52352d38512a6,raw_manifest,380c6e5877faec191d00c501af697deb073d861a644b2fb71e106c31a6c4fca6,50ed2d642f7e5ab1c495f9d43526dbc7ced2cb6e3521d8207719409066db928a,,,b226b97e0e67288aaaf85726ad855df71cb81406685c57c8e8c40cd8996aa0da,44b932fba181327b08895693ec5b3fd78831a818,False,"{""VRP-EVRP-Project-Hub"": {""dirty"": false, ""path"": ""/Users/guoyiyang/Documents/GitHub/FURP-2026-Yiyang-GUO-EVRP-TW/reference/VRP-EVRP-Project-Hub"", ""revision"": ""e3a890065105f978187e532642c4442522215e02""}, ""py-ga-VRPTW"": {""dirty"": false, ""path"": ""/Users/guoyiyang/Documents/GitHub/FURP-2026-Yiyang-GUO-EVRP-TW/reference/py-ga-VRPTW"", ""revision"": ""8e005caaaf6471a4505588d88c7f0f5e0d4ebffa""}}",stage02.3_constraint_guided_attempt16 + stage02.3_constraint_guided_rerun09,,preserve;see stage03_legacy_path_map.csv
stage03.0,measurement,stage03.0_measurement_attempt05,attempt05,stage03.0_measurement_attempt05,stage03_measurement_formal01,formal,__all__,__all__,"[""c101C5"", ""r105C5"", ""rc105C5"", ""c104C10"", ""r103C10"", ""rc102C10"", ""c106C15"", ""r105C15"", ""rc103C15"", ""c101_21"", ""r101_21"", ""rc101_21""]","[2014, 2015, 2016]",baseline_comparison,verified_legacy,results/stage03.0_measurement_attempt05/review/stage03.0_measurement_attempt05_baseline_comparison.csv,results/stage03-measurement_formal01/review/baseline_comparison.csv,feasible,,pass,NOT_READY_FOR_STAGE03_1,READY_FOR_STAGE03_ACCELERATION,pass,206f33de45ca5295d8db1ca26048f931dfee248dbb62aff50bdf66fc5ac4c2e4,review_manifest,380c6e5877faec191d00c501af697deb073d861a644b2fb71e106c31a6c4fca6,50ed2d642f7e5ab1c495f9d43526dbc7ced2cb6e3521d8207719409066db928a,,,b226b97e0e67288aaaf85726ad855df71cb81406685c57c8e8c40cd8996aa0da,44b932fba181327b08895693ec5b3fd78831a818,False,"{""VRP-EVRP-Project-Hub"": {""dirty"": false, ""path"": ""/Users/guoyiyang/Documents/GitHub/FURP-2026-Yiyang-GUO-EVRP-TW/reference/VRP-EVRP-Project-Hub"", ""revision"": ""e3a890065105f978187e532642c4442522215e02""}, ""py-ga-VRPTW"": {""dirty"": false, ""path"": ""/Users/guoyiyang/Documents/GitHub/FURP-2026-Yiyang-GUO-EVRP-TW/reference/py-ga-VRPTW"", ""revision"": ""8e005caaaf6471a4505588d88c7f0f5e0d4ebffa""}}",stage02.3_constraint_guided_attempt16 + stage02.3_constraint_guided_rerun09,,preserve;see stage03_legacy_path_map.csv
stage03.0,measurement,stage03.0_measurement_attempt05,attempt05,stage03.0_measurement_attempt05,stage03_measurement_formal01,formal,__all__,__all__,"[""c101C5"", ""r105C5"", ""rc105C5"", ""c104C10"", ""r103C10"", ""rc102C10"", ""c106C15"", ""r105C15"", ""rc103C15"", ""c101_21"", ""r101_21"", ""rc101_21""]","[2014, 2015, 2016]",deadline_report,verified_legacy,results/stage03.0_measurement_attempt05/review/stage03.0_measurement_attempt05_deadline_report.csv,results/stage03-measurement_formal01/review/deadline_report.csv,feasible,,pass,NOT_READY_FOR_STAGE03_1,READY_FOR_STAGE03_ACCELERATION,pass,72bfcef2a386af99d0403255dc22616cc09699f8f68a61f6315363a5a2485ce3,review_manifest,380c6e5877faec191d00c501af697deb073d861a644b2fb71e106c31a6c4fca6,50ed2d642f7e5ab1c495f9d43526dbc7ced2cb6e3521d8207719409066db928a,,,b226b97e0e67288aaaf85726ad855df71cb81406685c57c8e8c40cd8996aa0da,44b932fba181327b08895693ec5b3fd78831a818,False,"{""VRP-EVRP-Project-Hub"": {""dirty"": false, ""path"": ""/Users/guoyiyang/Documents/GitHub/FURP-2026-Yiyang-GUO-EVRP-TW/reference/VRP-EVRP-Project-Hub"", ""revision"": ""e3a890065105f978187e532642c4442522215e02""}, ""py-ga-VRPTW"": {""dirty"": false, ""path"": ""/Users/guoyiyang/Documents/GitHub/FURP-2026-Yiyang-GUO-EVRP-TW/reference/py-ga-VRPTW"", ""revision"": ""8e005caaaf6471a4505588d88c7f0f5e0d4ebffa""}}",stage02.3_constraint_guided_attempt16 + stage02.3_constraint_guided_rerun09,,preserve;see stage03_legacy_path_map.csv
stage03.0,measurement,stage03.0_measurement_attempt05,attempt05,stage03.0_measurement_attempt05,stage03_measurement_formal01,formal,__all__,__all__,"[""c101C5"", ""r105C5"", ""rc105C5"", ""c104C10"", ""r103C10"", ""rc102C10"", ""c106C15"", ""r105C15"", ""rc103C15"", ""c101_21"", ""r101_21"", ""rc101_21""]","[2014, 2015, 2016]",recomputed_per_run_results,verified_legacy,results/stage03.0_measurement_attempt05/review/stage03.0_measurement_attempt05_recomputed_per_run_results.csv,results/stage03-measurement_formal01/review/recomputed_per_run_results.csv,feasible,,pass,NOT_READY_FOR_STAGE03_1,READY_FOR_STAGE03_ACCELERATION,pass,1f46ae417435996bf4ee49c5dd000c6815b93bdc45ad83868caea93d6ed772d3,review_manifest,380c6e5877faec191d00c501af697deb073d861a644b2fb71e106c31a6c4fca6,50ed2d642f7e5ab1c495f9d43526dbc7ced2cb6e3521d8207719409066db928a,,,b226b97e0e67288aaaf85726ad855df71cb81406685c57c8e8c40cd8996aa0da,44b932fba181327b08895693ec5b3fd78831a818,False,"{""VRP-EVRP-Project-Hub"": {""dirty"": false, ""path"": ""/Users/guoyiyang/Documents/GitHub/FURP-2026-Yiyang-GUO-EVRP-TW/reference/VRP-EVRP-Project-Hub"", ""revision"": ""e3a890065105f978187e532642c4442522215e02""}, ""py-ga-VRPTW"": {""dirty"": false, ""path"": ""/Users/guoyiyang/Documents/GitHub/FURP-2026-Yiyang-GUO-EVRP-TW/reference/py-ga-VRPTW"", ""revision"": ""8e005caaaf6471a4505588d88c7f0f5e0d4ebffa""}}",stage02.3_constraint_guided_attempt16 + stage02.3_constraint_guided_rerun09,,preserve;see stage03_legacy_path_map.csv
stage03.0,measurement,stage03.0_measurement_attempt05,attempt05,stage03.0_measurement_attempt05,stage03_measurement_formal01,formal,__all__,__all__,"[""c101C5"", ""r105C5"", ""rc105C5"", ""c104C10"", ""r103C10"", ""rc102C10"", ""c106C15"", ""r105C15"", ""rc103C15"", ""c101_21"", ""r101_21"", ""rc101_21""]","[2014, 2015, 2016]",review_findings,verified_legacy,results/stage03.0_measurement_attempt05/review/stage03.0_measurement_attempt05_review_findings.csv,results/stage03-measurement_formal01/review/review_findings.csv,feasible,,pass,NOT_READY_FOR_STAGE03_1,READY_FOR_STAGE03_ACCELERATION,pass,3dd2003d8f465ea9737b74522601faa9db97f4e5e0aeddd1dd16d41f791d7831,review_manifest,380c6e5877faec191d00c501af697deb073d861a644b2fb71e106c31a6c4fca6,50ed2d642f7e5ab1c495f9d43526dbc7ced2cb6e3521d8207719409066db928a,,,b226b97e0e67288aaaf85726ad855df71cb81406685c57c8e8c40cd8996aa0da,44b932fba181327b08895693ec5b3fd78831a818,False,"{""VRP-EVRP-Project-Hub"": {""dirty"": false, ""path"": ""/Users/guoyiyang/Documents/GitHub/FURP-2026-Yiyang-GUO-EVRP-TW/reference/VRP-EVRP-Project-Hub"", ""revision"": ""e3a890065105f978187e532642c4442522215e02""}, ""py-ga-VRPTW"": {""dirty"": false, ""path"": ""/Users/guoyiyang/Documents/GitHub/FURP-2026-Yiyang-GUO-EVRP-TW/reference/py-ga-VRPTW"", ""revision"": ""8e005caaaf6471a4505588d88c7f0f5e0d4ebffa""}}",stage02.3_constraint_guided_attempt16 + stage02.3_constraint_guided_rerun09,,preserve;see stage03_legacy_path_map.csv
stage03.0,measurement,stage03.0_measurement_attempt05,attempt05,stage03.0_measurement_attempt05,stage03_measurement_formal01,formal,__all__,__all__,"[""c101C5"", ""r105C5"", ""rc105C5"", ""c104C10"", ""r103C10"", ""rc102C10"", ""c106C15"", ""r105C15"", ""rc103C15"", ""c101_21"", ""r101_21"", ""rc101_21""]","[2014, 2015, 2016]",manifest,verified_legacy,results/stage03.0_measurement_attempt05/review/stage03.0_measurement_attempt05_manifest.json,results/stage03-measurement_formal01/review/review_manifest.json,feasible,,pass,NOT_READY_FOR_STAGE03_1,READY_FOR_STAGE03_ACCELERATION,pass,1f81d44b27e67fc5f8ed67c2c9899b2841065f67a65c33642dff513942643861,computed,380c6e5877faec191d00c501af697deb073d861a644b2fb71e106c31a6c4fca6,50ed2d642f7e5ab1c495f9d43526dbc7ced2cb6e3521d8207719409066db928a,,,b226b97e0e67288aaaf85726ad855df71cb81406685c57c8e8c40cd8996aa0da,44b932fba181327b08895693ec5b3fd78831a818,False,"{""VRP-EVRP-Project-Hub"": {""dirty"": false, ""path"": ""/Users/guoyiyang/Documents/GitHub/FURP-2026-Yiyang-GUO-EVRP-TW/reference/VRP-EVRP-Project-Hub"", ""revision"": ""e3a890065105f978187e532642c4442522215e02""}, ""py-ga-VRPTW"": {""dirty"": false, ""path"": ""/Users/guoyiyang/Documents/GitHub/FURP-2026-Yiyang-GUO-EVRP-TW/reference/py-ga-VRPTW"", ""revision"": ""8e005caaaf6471a4505588d88c7f0f5e0d4ebffa""}}",stage02.3_constraint_guided_attempt16 + stage02.3_constraint_guided_rerun09,,preserve;see stage03_legacy_path_map.csv
stage03.0,measurement,stage03.0_measurement_attempt05,attempt05,stage03.0_measurement_attempt05,stage03_measurement_formal01,formal,__all__,__all__,"[""c101C5"", ""r105C5"", ""rc105C5"", ""c104C10"", ""r103C10"", ""rc102C10"", ""c106C15"", ""r105C15"", ""rc103C15"", ""c101_21"", ""r101_21"", ""rc101_21""]","[2014, 2015, 2016]",review_report,verified_legacy,results/stage03.0_measurement_attempt05/review/stage03.0_measurement_attempt05_review_report.md,results/stage03-measurement_formal01/review/review_report.md,feasible,,pass,NOT_READY_FOR_STAGE03_1,READY_FOR_STAGE03_ACCELERATION,pass,c3f1425083050aac6e45715b3a7f7c0592d4f586b94c06c94ce86b6a14841c2b,review_manifest,380c6e5877faec191d00c501af697deb073d861a644b2fb71e106c31a6c4fca6,50ed2d642f7e5ab1c495f9d43526dbc7ced2cb6e3521d8207719409066db928a,,,b226b97e0e67288aaaf85726ad855df71cb81406685c57c8e8c40cd8996aa0da,44b932fba181327b08895693ec5b3fd78831a818,False,"{""VRP-EVRP-Project-Hub"": {""dirty"": false, ""path"": ""/Users/guoyiyang/Documents/GitHub/FURP-2026-Yiyang-GUO-EVRP-TW/reference/VRP-EVRP-Project-Hub"", ""revision"": ""e3a890065105f978187e532642c4442522215e02""}, ""py-ga-VRPTW"": {""dirty"": false, ""path"": ""/Users/guoyiyang/Documents/GitHub/FURP-2026-Yiyang-GUO-EVRP-TW/reference/py-ga-VRPTW"", ""revision"": ""8e005caaaf6471a4505588d88c7f0f5e0d4ebffa""}}",stage02.3_constraint_guided_attempt16 + stage02.3_constraint_guided_rerun09,,preserve;see stage03_legacy_path_map.csv
stage03.0,measurement,stage03.0_measurement_attempt05,attempt05,stage03.0_measurement_attempt05,stage03_measurement_formal01,formal,__all__,__all__,"[""c101C5"", ""r105C5"", ""rc105C5"", ""c104C10"", ""r103C10"", ""rc102C10"", ""c106C15"", ""r105C15"", ""rc103C15"", ""c101_21"", ""r101_21"", ""rc101_21""]","[2014, 2015, 2016]",stage03_readiness,verified_legacy,results/stage03.0_measurement_attempt05/review/stage03.0_measurement_attempt05_stage03_readiness.csv,results/stage03-measurement_formal01/review/stage03_readiness.csv,feasible,,pass,NOT_READY_FOR_STAGE03_1,READY_FOR_STAGE03_ACCELERATION,pass,d03fe54f8426d405f85288f4fa34005cbcd12efccd787bfb23743435a50fc3d1,review_manifest,380c6e5877faec191d00c501af697deb073d861a644b2fb71e106c31a6c4fca6,50ed2d642f7e5ab1c495f9d43526dbc7ced2cb6e3521d8207719409066db928a,,,b226b97e0e67288aaaf85726ad855df71cb81406685c57c8e8c40cd8996aa0da,44b932fba181327b08895693ec5b3fd78831a818,False,"{""VRP-EVRP-Project-Hub"": {""dirty"": false, ""path"": ""/Users/guoyiyang/Documents/GitHub/FURP-2026-Yiyang-GUO-EVRP-TW/reference/VRP-EVRP-Project-Hub"", ""revision"": ""e3a890065105f978187e532642c4442522215e02""}, ""py-ga-VRPTW"": {""dirty"": false, ""path"": ""/Users/guoyiyang/Documents/GitHub/FURP-2026-Yiyang-GUO-EVRP-TW/reference/py-ga-VRPTW"", ""revision"": ""8e005caaaf6471a4505588d88c7f0f5e0d4ebffa""}}",stage02.3_constraint_guided_attempt16 + stage02.3_constraint_guided_rerun09,,preserve;see stage03_legacy_path_map.csv
stage03.0,measurement,stage03.0_measurement_attempt05,attempt05,stage03.0_measurement_attempt05,stage03_measurement_formal01,formal,__all__,__all__,"[""c101C5"", ""r105C5"", ""rc105C5"", ""c104C10"", ""r103C10"", ""rc102C10"", ""c106C15"", ""r105C15"", ""rc103C15"", ""c101_21"", ""r101_21"", ""rc101_21""]","[2014, 2015, 2016]",summary_results,verified_legacy,results/stage03.0_measurement_attempt05/review/stage03.0_measurement_attempt05_summary_results.csv,results/stage03-measurement_formal01/review/summary_results.csv,feasible,,pass,NOT_READY_FOR_STAGE03_1,READY_FOR_STAGE03_ACCELERATION,pass,1854c05bf7233b2c07afd362ea560d46a1d6e073fc2d62c14cf41251036f93d9,review_manifest,380c6e5877faec191d00c501af697deb073d861a644b2fb71e106c31a6c4fca6,50ed2d642f7e5ab1c495f9d43526dbc7ced2cb6e3521d8207719409066db928a,,,b226b97e0e67288aaaf85726ad855df71cb81406685c57c8e8c40cd8996aa0da,44b932fba181327b08895693ec5b3fd78831a818,False,"{""VRP-EVRP-Project-Hub"": {""dirty"": false, ""path"": ""/Users/guoyiyang/Documents/GitHub/FURP-2026-Yiyang-GUO-EVRP-TW/reference/VRP-EVRP-Project-Hub"", ""revision"": ""e3a890065105f978187e532642c4442522215e02""}, ""py-ga-VRPTW"": {""dirty"": false, ""path"": ""/Users/guoyiyang/Documents/GitHub/FURP-2026-Yiyang-GUO-EVRP-TW/reference/py-ga-VRPTW"", ""revision"": ""8e005caaaf6471a4505588d88c7f0f5e0d4ebffa""}}",stage02.3_constraint_guided_attempt16 + stage02.3_constraint_guided_rerun09,,preserve;see stage03_legacy_path_map.csv
stage03.0,measurement,stage03.0_measurement_attempt05,attempt05,stage03.0_measurement_attempt05,stage03_measurement_formal01,formal,__all__,__all__,"[""c101C5"", ""r105C5"", ""rc105C5"", ""c104C10"", ""r103C10"", ""rc102C10"", ""c106C15"", ""r105C15"", ""rc103C15"", ""c101_21"", ""r101_21"", ""rc101_21""]","[2014, 2015, 2016]",trace_reconciliation,verified_legacy,results/stage03.0_measurement_attempt05/review/stage03.0_measurement_attempt05_trace_reconciliation.csv,results/stage03-measurement_formal01/review/trace_reconciliation.csv,feasible,,pass,NOT_READY_FOR_STAGE03_1,READY_FOR_STAGE03_ACCELERATION,pass,fc8f8e5eb3240f1bfb8755592b3a77ada2bc0be3084b30e4e3e80695a8bc38cf,review_manifest,380c6e5877faec191d00c501af697deb073d861a644b2fb71e106c31a6c4fca6,50ed2d642f7e5ab1c495f9d43526dbc7ced2cb6e3521d8207719409066db928a,,,b226b97e0e67288aaaf85726ad855df71cb81406685c57c8e8c40cd8996aa0da,44b932fba181327b08895693ec5b3fd78831a818,False,"{""VRP-EVRP-Project-Hub"": {""dirty"": false, ""path"": ""/Users/guoyiyang/Documents/GitHub/FURP-2026-Yiyang-GUO-EVRP-TW/reference/VRP-EVRP-Project-Hub"", ""revision"": ""e3a890065105f978187e532642c4442522215e02""}, ""py-ga-VRPTW"": {""dirty"": false, ""path"": ""/Users/guoyiyang/Documents/GitHub/FURP-2026-Yiyang-GUO-EVRP-TW/reference/py-ga-VRPTW"", ""revision"": ""8e005caaaf6471a4505588d88c7f0f5e0d4ebffa""}}",stage02.3_constraint_guided_attempt16 + stage02.3_constraint_guided_rerun09,,preserve;see stage03_legacy_path_map.csv
stage03.0,measurement,stage03.0_measurement_attempt05,attempt05,stage03.0_measurement_attempt05,stage03_measurement_formal01,formal,__all__,__all__,"[""c101C5"", ""r105C5"", ""rc105C5"", ""c104C10"", ""r103C10"", ""rc102C10"", ""c106C15"", ""r105C15"", ""rc103C15"", ""c101_21"", ""r101_21"", ""rc101_21""]","[2014, 2015, 2016]",manifest_metadata,verified_legacy,results/stage03.0_measurement_attempt05/control/stage03.0_measurement_attempt05_manifest_metadata.json,results/stage03-measurement_formal01/run_metadata.json,feasible,,pass,NOT_READY_FOR_STAGE03_1,READY_FOR_STAGE03_ACCELERATION,pass,3e1fc9831a5558e96ce2b139542ee55438ca27793e81070d300f039d436b3429,raw_manifest,380c6e5877faec191d00c501af697deb073d861a644b2fb71e106c31a6c4fca6,50ed2d642f7e5ab1c495f9d43526dbc7ced2cb6e3521d8207719409066db928a,,,b226b97e0e67288aaaf85726ad855df71cb81406685c57c8e8c40cd8996aa0da,44b932fba181327b08895693ec5b3fd78831a818,False,"{""VRP-EVRP-Project-Hub"": {""dirty"": false, ""path"": ""/Users/guoyiyang/Documents/GitHub/FURP-2026-Yiyang-GUO-EVRP-TW/reference/VRP-EVRP-Project-Hub"", ""revision"": ""e3a890065105f978187e532642c4442522215e02""}, ""py-ga-VRPTW"": {""dirty"": false, ""path"": ""/Users/guoyiyang/Documents/GitHub/FURP-2026-Yiyang-GUO-EVRP-TW/reference/py-ga-VRPTW"", ""revision"": ""8e005caaaf6471a4505588d88c7f0f5e0d4ebffa""}}",stage02.3_constraint_guided_attempt16 + stage02.3_constraint_guided_rerun09,,preserve;see stage03_legacy_path_map.csv
stage03.0,measurement,stage03.0_measurement_attempt05,attempt05,stage03.0_measurement_attempt05,stage03_measurement_formal01,formal,c101C5,2014,"[""c101C5"", ""r105C5"", ""rc105C5"", ""c104C10"", ""r103C10"", ""rc102C10"", ""c106C15"", ""r105C15"", ""rc103C15"", ""c101_21"", ""r101_21"", ""rc101_21""]","[2014, 2015, 2016]",solution,verified_legacy,results/stage03.0_measurement_attempt05/c101C5/2014/stage03.0_measurement_attempt05_solution_c101C5_2014.json,results/stage03-measurement_formal01/solutions/c101C5-alns_stage02_constraint_guided-2014.json,feasible,,pass,NOT_READY_FOR_STAGE03_1,READY_FOR_STAGE03_ACCELERATION,pass,9bc8fee0911b09e57f4c1760425edda3cc71aa25ca5ca403fe05e225b211d7d0,raw_manifest,380c6e5877faec191d00c501af697deb073d861a644b2fb71e106c31a6c4fca6,50ed2d642f7e5ab1c495f9d43526dbc7ced2cb6e3521d8207719409066db928a,8612d6d9aad051776097a5e50c7408f39352b8107b0639d58e5eda713f9ff876,0c36cb1a4a9947b60a1f68c7f7dfa87af8697fcac47f230c0cc84190797efff9,b226b97e0e67288aaaf85726ad855df71cb81406685c57c8e8c40cd8996aa0da,44b932fba181327b08895693ec5b3fd78831a818,False,"{""VRP-EVRP-Project-Hub"": {""dirty"": false, ""path"": ""/Users/guoyiyang/Documents/GitHub/FURP-2026-Yiyang-GUO-EVRP-TW/reference/VRP-EVRP-Project-Hub"", ""revision"": ""e3a890065105f978187e532642c4442522215e02""}, ""py-ga-VRPTW"": {""dirty"": false, ""path"": ""/Users/guoyiyang/Documents/GitHub/FURP-2026-Yiyang-GUO-EVRP-TW/reference/py-ga-VRPTW"", ""revision"": ""8e005caaaf6471a4505588d88c7f0f5e0d4ebffa""}}",stage02.3_constraint_guided_attempt16 + stage02.3_constraint_guided_rerun09,,preserve;see stage03_legacy_path_map.csv
stage03.0,measurement,stage03.0_measurement_attempt05,attempt05,stage03.0_measurement_attempt05,stage03_measurement_formal01,formal,c101C5,2015,"[""c101C5"", ""r105C5"", ""rc105C5"", ""c104C10"", ""r103C10"", ""rc102C10"", ""c106C15"", ""r105C15"", ""rc103C15"", ""c101_21"", ""r101_21"", ""rc101_21""]","[2014, 2015, 2016]",solution,verified_legacy,results/stage03.0_measurement_attempt05/c101C5/2015/stage03.0_measurement_attempt05_solution_c101C5_2015.json,results/stage03-measurement_formal01/solutions/c101C5-alns_stage02_constraint_guided-2015.json,feasible,,pass,NOT_READY_FOR_STAGE03_1,READY_FOR_STAGE03_ACCELERATION,pass,b1855d6e454679257dcdf716439c863951f9a787db170ef0e33534d15ccfb467,raw_manifest,380c6e5877faec191d00c501af697deb073d861a644b2fb71e106c31a6c4fca6,50ed2d642f7e5ab1c495f9d43526dbc7ced2cb6e3521d8207719409066db928a,8612d6d9aad051776097a5e50c7408f39352b8107b0639d58e5eda713f9ff876,d533183dafebaacdde28fca30e069d4c4ee979ddfdf1b04ae7c0167d0e50a1bc,b226b97e0e67288aaaf85726ad855df71cb81406685c57c8e8c40cd8996aa0da,44b932fba181327b08895693ec5b3fd78831a818,False,"{""VRP-EVRP-Project-Hub"": {""dirty"": false, ""path"": ""/Users/guoyiyang/Documents/GitHub/FURP-2026-Yiyang-GUO-EVRP-TW/reference/VRP-EVRP-Project-Hub"", ""revision"": ""e3a890065105f978187e532642c4442522215e02""}, ""py-ga-VRPTW"": {""dirty"": false, ""path"": ""/Users/guoyiyang/Documents/GitHub/FURP-2026-Yiyang-GUO-EVRP-TW/reference/py-ga-VRPTW"", ""revision"": ""8e005caaaf6471a4505588d88c7f0f5e0d4ebffa""}}",stage02.3_constraint_guided_attempt16 + stage02.3_constraint_guided_rerun09,,preserve;see stage03_legacy_path_map.csv
stage03.0,measurement,stage03.0_measurement_attempt05,attempt05,stage03.0_measurement_attempt05,stage03_measurement_formal01,formal,c101C5,2016,"[""c101C5"", ""r105C5"", ""rc105C5"", ""c104C10"", ""r103C10"", ""rc102C10"", ""c106C15"", ""r105C15"", ""rc103C15"", ""c101_21"", ""r101_21"", ""rc101_21""]","[2014, 2015, 2016]",solution,verified_legacy,results/stage03.0_measurement_attempt05/c101C5/2016/stage03.0_measurement_attempt05_solution_c101C5_2016.json,results/stage03-measurement_formal01/solutions/c101C5-alns_stage02_constraint_guided-2016.json,feasible,,pass,NOT_READY_FOR_STAGE03_1,READY_FOR_STAGE03_ACCELERATION,pass,f51c31019783882711b0321089a25ed837ee0dcece584f9264c1fe160ea9f5b1,raw_manifest,380c6e5877faec191d00c501af697deb073d861a644b2fb71e106c31a6c4fca6,50ed2d642f7e5ab1c495f9d43526dbc7ced2cb6e3521d8207719409066db928a,8612d6d9aad051776097a5e50c7408f39352b8107b0639d58e5eda713f9ff876,b30dc1471ace08074befd3141254bf0e665e4702a042eab513b16cd0de516d0a,b226b97e0e67288aaaf85726ad855df71cb81406685c57c8e8c40cd8996aa0da,44b932fba181327b08895693ec5b3fd78831a818,False,"{""VRP-EVRP-Project-Hub"": {""dirty"": false, ""path"": ""/Users/guoyiyang/Documents/GitHub/FURP-2026-Yiyang-GUO-EVRP-TW/reference/VRP-EVRP-Project-Hub"", ""revision"": ""e3a890065105f978187e532642c4442522215e02""}, ""py-ga-VRPTW"": {""dirty"": false, ""path"": ""/Users/guoyiyang/Documents/GitHub/FURP-2026-Yiyang-GUO-EVRP-TW/reference/py-ga-VRPTW"", ""revision"": ""8e005caaaf6471a4505588d88c7f0f5e0d4ebffa""}}",stage02.3_constraint_guided_attempt16 + stage02.3_constraint_guided_rerun09,,preserve;see stage03_legacy_path_map.csv
stage03.0,measurement,stage03.0_measurement_attempt05,attempt05,stage03.0_measurement_attempt05,stage03_measurement_formal01,formal,c101_21,2014,"[""c101C5"", ""r105C5"", ""rc105C5"", ""c104C10"", ""r103C10"", ""rc102C10"", ""c106C15"", ""r105C15"", ""rc103C15"", ""c101_21"", ""r101_21"", ""rc101_21""]","[2014, 2015, 2016]",solution,verified_legacy,results/stage03.0_measurement_attempt05/c101_21/2014/stage03.0_measurement_attempt05_solution_c101_21_2014.json,results/stage03-measurement_formal01/solutions/c101_21-alns_stage02_constraint_guided-2014.json,feasible,,pass,NOT_READY_FOR_STAGE03_1,READY_FOR_STAGE03_ACCELERATION,pass,bfbebb5e3fba341e978d9498dc7826048950b3d058fa159e702be9e1832347c4,raw_manifest,380c6e5877faec191d00c501af697deb073d861a644b2fb71e106c31a6c4fca6,50ed2d642f7e5ab1c495f9d43526dbc7ced2cb6e3521d8207719409066db928a,c5cda6ca63a7d518902cf4b02d98b4aa0f373aaa0658d5c666d1c46d38871cb9,f7e159e3be7f08ea6703e81679a159d52856c79d01ce5d0facde6aa9ea475d75,b226b97e0e67288aaaf85726ad855df71cb81406685c57c8e8c40cd8996aa0da,44b932fba181327b08895693ec5b3fd78831a818,False,"{""VRP-EVRP-Project-Hub"": {""dirty"": false, ""path"": ""/Users/guoyiyang/Documents/GitHub/FURP-2026-Yiyang-GUO-EVRP-TW/reference/VRP-EVRP-Project-Hub"", ""revision"": ""e3a890065105f978187e532642c4442522215e02""}, ""py-ga-VRPTW"": {""dirty"": false, ""path"": ""/Users/guoyiyang/Documents/GitHub/FURP-2026-Yiyang-GUO-EVRP-TW/reference/py-ga-VRPTW"", ""revision"": ""8e005caaaf6471a4505588d88c7f0f5e0d4ebffa""}}",stage02.3_constraint_guided_attempt16 + stage02.3_constraint_guided_rerun09,,preserve;see stage03_legacy_path_map.csv
stage03.0,measurement,stage03.0_measurement_attempt05,attempt05,stage03.0_measurement_attempt05,stage03_measurement_formal01,formal,c101_21,2015,"[""c101C5"", ""r105C5"", ""rc105C5"", ""c104C10"", ""r103C10"", ""rc102C10"", ""c106C15"", ""r105C15"", ""rc103C15"", ""c101_21"", ""r101_21"", ""rc101_21""]","[2014, 2015, 2016]",solution,verified_legacy,results/stage03.0_measurement_attempt05/c101_21/2015/stage03.0_measurement_attempt05_solution_c101_21_2015.json,results/stage03-measurement_formal01/solutions/c101_21-alns_stage02_constraint_guided-2015.json,feasible,,pass,NOT_READY_FOR_STAGE03_1,READY_FOR_STAGE03_ACCELERATION,pass,89c49bdd2e8cc8070049c67b15872e39f34bb34e4b34893b07ab8d2d6b213208,raw_manifest,380c6e5877faec191d00c501af697deb073d861a644b2fb71e106c31a6c4fca6,50ed2d642f7e5ab1c495f9d43526dbc7ced2cb6e3521d8207719409066db928a,c5cda6ca63a7d518902cf4b02d98b4aa0f373aaa0658d5c666d1c46d38871cb9,e260b80680ba3fa05bcd8648e18c57d62acb891fa594c880104ab6e88acb7861,b226b97e0e67288aaaf85726ad855df71cb81406685c57c8e8c40cd8996aa0da,44b932fba181327b08895693ec5b3fd78831a818,False,"{""VRP-EVRP-Project-Hub"": {""dirty"": false, ""path"": ""/Users/guoyiyang/Documents/GitHub/FURP-2026-Yiyang-GUO-EVRP-TW/reference/VRP-EVRP-Project-Hub"", ""revision"": ""e3a890065105f978187e532642c4442522215e02""}, ""py-ga-VRPTW"": {""dirty"": false, ""path"": ""/Users/guoyiyang/Documents/GitHub/FURP-2026-Yiyang-GUO-EVRP-TW/reference/py-ga-VRPTW"", ""revision"": ""8e005caaaf6471a4505588d88c7f0f5e0d4ebffa""}}",stage02.3_constraint_guided_attempt16 + stage02.3_constraint_guided_rerun09,,preserve;see stage03_legacy_path_map.csv
stage03.0,measurement,stage03.0_measurement_attempt05,attempt05,stage03.0_measurement_attempt05,stage03_measurement_formal01,formal,c101_21,2016,"[""c101C5"", ""r105C5"", ""rc105C5"", ""c104C10"", ""r103C10"", ""rc102C10"", ""c106C15"", ""r105C15"", ""rc103C15"", ""c101_21"", ""r101_21"", ""rc101_21""]","[2014, 2015, 2016]",solution,verified_legacy,results/stage03.0_measurement_attempt05/c101_21/2016/stage03.0_measurement_attempt05_solution_c101_21_2016.json,results/stage03-measurement_formal01/solutions/c101_21-alns_stage02_constraint_guided-2016.json,feasible,,pass,NOT_READY_FOR_STAGE03_1,READY_FOR_STAGE03_ACCELERATION,pass,bb81a5428e7df7d06b4651d35ec399223c9a5b9d76dafb3577158755a4b13a55,raw_manifest,380c6e5877faec191d00c501af697deb073d861a644b2fb71e106c31a6c4fca6,50ed2d642f7e5ab1c495f9d43526dbc7ced2cb6e3521d8207719409066db928a,c5cda6ca63a7d518902cf4b02d98b4aa0f373aaa0658d5c666d1c46d38871cb9,8b7572e435a62bf6b7ff74b6b2c99516521942bb0cdcf0392e72ae9b5a34157c,b226b97e0e67288aaaf85726ad855df71cb81406685c57c8e8c40cd8996aa0da,44b932fba181327b08895693ec5b3fd78831a818,False,"{""VRP-EVRP-Project-Hub"": {""dirty"": false, ""path"": ""/Users/guoyiyang/Documents/GitHub/FURP-2026-Yiyang-GUO-EVRP-TW/reference/VRP-EVRP-Project-Hub"", ""revision"": ""e3a890065105f978187e532642c4442522215e02""}, ""py-ga-VRPTW"": {""dirty"": false, ""path"": ""/Users/guoyiyang/Documents/GitHub/FURP-2026-Yiyang-GUO-EVRP-TW/reference/py-ga-VRPTW"", ""revision"": ""8e005caaaf6471a4505588d88c7f0f5e0d4ebffa""}}",stage02.3_constraint_guided_attempt16 + stage02.3_constraint_guided_rerun09,,preserve;see stage03_legacy_path_map.csv
stage03.0,measurement,stage03.0_measurement_attempt05,attempt05,stage03.0_measurement_attempt05,stage03_measurement_formal01,formal,c104C10,2014,"[""c101C5"", ""r105C5"", ""rc105C5"", ""c104C10"", ""r103C10"", ""rc102C10"", ""c106C15"", ""r105C15"", ""rc103C15"", ""c101_21"", ""r101_21"", ""rc101_21""]","[2014, 2015, 2016]",solution,verified_legacy,results/stage03.0_measurement_attempt05/c104C10/2014/stage03.0_measurement_attempt05_solution_c104C10_2014.json,results/stage03-measurement_formal01/solutions/c104C10-alns_stage02_constraint_guided-2014.json,feasible,,pass,NOT_READY_FOR_STAGE03_1,READY_FOR_STAGE03_ACCELERATION,pass,a136065c79a8756f9c440fa88db5e0d80da980eac278548274ccbdc1c71f127c,raw_manifest,380c6e5877faec191d00c501af697deb073d861a644b2fb71e106c31a6c4fca6,50ed2d642f7e5ab1c495f9d43526dbc7ced2cb6e3521d8207719409066db928a,f7816af706c1cf32dacaee45c710ff93ce53c9b56d17df657044e61e63d2c04b,367a22b89e90c1bdf8d63fd5ea763328e9159076b8848d2e557141e2ed32f465,b226b97e0e67288aaaf85726ad855df71cb81406685c57c8e8c40cd8996aa0da,44b932fba181327b08895693ec5b3fd78831a818,False,"{""VRP-EVRP-Project-Hub"": {""dirty"": false, ""path"": ""/Users/guoyiyang/Documents/GitHub/FURP-2026-Yiyang-GUO-EVRP-TW/reference/VRP-EVRP-Project-Hub"", ""revision"": ""e3a890065105f978187e532642c4442522215e02""}, ""py-ga-VRPTW"": {""dirty"": false, ""path"": ""/Users/guoyiyang/Documents/GitHub/FURP-2026-Yiyang-GUO-EVRP-TW/reference/py-ga-VRPTW"", ""revision"": ""8e005caaaf6471a4505588d88c7f0f5e0d4ebffa""}}",stage02.3_constraint_guided_attempt16 + stage02.3_constraint_guided_rerun09,,preserve;see stage03_legacy_path_map.csv
stage03.0,measurement,stage03.0_measurement_attempt05,attempt05,stage03.0_measurement_attempt05,stage03_measurement_formal01,formal,c104C10,2015,"[""c101C5"", ""r105C5"", ""rc105C5"", ""c104C10"", ""r103C10"", ""rc102C10"", ""c106C15"", ""r105C15"", ""rc103C15"", ""c101_21"", ""r101_21"", ""rc101_21""]","[2014, 2015, 2016]",solution,verified_legacy,results/stage03.0_measurement_attempt05/c104C10/2015/stage03.0_measurement_attempt05_solution_c104C10_2015.json,results/stage03-measurement_formal01/solutions/c104C10-alns_stage02_constraint_guided-2015.json,feasible,,pass,NOT_READY_FOR_STAGE03_1,READY_FOR_STAGE03_ACCELERATION,pass,7d3379d154eeb11b9839d8d2aec53de303f0c1d78069fd388200b87b319cdbd4,raw_manifest,380c6e5877faec191d00c501af697deb073d861a644b2fb71e106c31a6c4fca6,50ed2d642f7e5ab1c495f9d43526dbc7ced2cb6e3521d8207719409066db928a,f7816af706c1cf32dacaee45c710ff93ce53c9b56d17df657044e61e63d2c04b,f00d2705b26d1964dd268ad60436629229122c48af0f551cfb57afd17c9b2717,b226b97e0e67288aaaf85726ad855df71cb81406685c57c8e8c40cd8996aa0da,44b932fba181327b08895693ec5b3fd78831a818,False,"{""VRP-EVRP-Project-Hub"": {""dirty"": false, ""path"": ""/Users/guoyiyang/Documents/GitHub/FURP-2026-Yiyang-GUO-EVRP-TW/reference/VRP-EVRP-Project-Hub"", ""revision"": ""e3a890065105f978187e532642c4442522215e02""}, ""py-ga-VRPTW"": {""dirty"": false, ""path"": ""/Users/guoyiyang/Documents/GitHub/FURP-2026-Yiyang-GUO-EVRP-TW/reference/py-ga-VRPTW"", ""revision"": ""8e005caaaf6471a4505588d88c7f0f5e0d4ebffa""}}",stage02.3_constraint_guided_attempt16 + stage02.3_constraint_guided_rerun09,,preserve;see stage03_legacy_path_map.csv
stage03.0,measurement,stage03.0_measurement_attempt05,attempt05,stage03.0_measurement_attempt05,stage03_measurement_formal01,formal,c104C10,2016,"[""c101C5"", ""r105C5"", ""rc105C5"", ""c104C10"", ""r103C10"", ""rc102C10"", ""c106C15"", ""r105C15"", ""rc103C15"", ""c101_21"", ""r101_21"", ""rc101_21""]","[2014, 2015, 2016]",solution,verified_legacy,results/stage03.0_measurement_attempt05/c104C10/2016/stage03.0_measurement_attempt05_solution_c104C10_2016.json,results/stage03-measurement_formal01/solutions/c104C10-alns_stage02_constraint_guided-2016.json,feasible,,pass,NOT_READY_FOR_STAGE03_1,READY_FOR_STAGE03_ACCELERATION,pass,30e4f20e7e344c81f23a6245b8270424b4ba2535f69538cf70b75084bd16fc99,raw_manifest,380c6e5877faec191d00c501af697deb073d861a644b2fb71e106c31a6c4fca6,50ed2d642f7e5ab1c495f9d43526dbc7ced2cb6e3521d8207719409066db928a,f7816af706c1cf32dacaee45c710ff93ce53c9b56d17df657044e61e63d2c04b,7ce7868fc5bc5d9b19010178d727b06a4b0947afb3e85de55e9768e9033c2afd,b226b97e0e67288aaaf85726ad855df71cb81406685c57c8e8c40cd8996aa0da,44b932fba181327b08895693ec5b3fd78831a818,False,"{""VRP-EVRP-Project-Hub"": {""dirty"": false, ""path"": ""/Users/guoyiyang/Documents/GitHub/FURP-2026-Yiyang-GUO-EVRP-TW/reference/VRP-EVRP-Project-Hub"", ""revision"": ""e3a890065105f978187e532642c4442522215e02""}, ""py-ga-VRPTW"": {""dirty"": false, ""path"": ""/Users/guoyiyang/Documents/GitHub/FURP-2026-Yiyang-GUO-EVRP-TW/reference/py-ga-VRPTW"", ""revision"": ""8e005caaaf6471a4505588d88c7f0f5e0d4ebffa""}}",stage02.3_constraint_guided_attempt16 + stage02.3_constraint_guided_rerun09,,preserve;see stage03_legacy_path_map.csv
stage03.0,measurement,stage03.0_measurement_attempt05,attempt05,stage03.0_measurement_attempt05,stage03_measurement_formal01,formal,c106C15,2014,"[""c101C5"", ""r105C5"", ""rc105C5"", ""c104C10"", ""r103C10"", ""rc102C10"", ""c106C15"", ""r105C15"", ""rc103C15"", ""c101_21"", ""r101_21"", ""rc101_21""]","[2014, 2015, 2016]",solution,verified_legacy,results/stage03.0_measurement_attempt05/c106C15/2014/stage03.0_measurement_attempt05_solution_c106C15_2014.json,results/stage03-measurement_formal01/solutions/c106C15-alns_stage02_constraint_guided-2014.json,feasible,,pass,NOT_READY_FOR_STAGE03_1,READY_FOR_STAGE03_ACCELERATION,pass,2fe8a408ba3ded265322f82e22e749c4799eb520547c6d5548cba9dbfa18e3d9,raw_manifest,380c6e5877faec191d00c501af697deb073d861a644b2fb71e106c31a6c4fca6,50ed2d642f7e5ab1c495f9d43526dbc7ced2cb6e3521d8207719409066db928a,eba58a458a9fd13ae8fd404df8db1d04e49271326316256ee060468048881a86,0f0659e5bc11be29515fdb73e64a2e28eb1f3ae33463bd7fab889347ce0142ea,b226b97e0e67288aaaf85726ad855df71cb81406685c57c8e8c40cd8996aa0da,44b932fba181327b08895693ec5b3fd78831a818,False,"{""VRP-EVRP-Project-Hub"": {""dirty"": false, ""path"": ""/Users/guoyiyang/Documents/GitHub/FURP-2026-Yiyang-GUO-EVRP-TW/reference/VRP-EVRP-Project-Hub"", ""revision"": ""e3a890065105f978187e532642c4442522215e02""}, ""py-ga-VRPTW"": {""dirty"": false, ""path"": ""/Users/guoyiyang/Documents/GitHub/FURP-2026-Yiyang-GUO-EVRP-TW/reference/py-ga-VRPTW"", ""revision"": ""8e005caaaf6471a4505588d88c7f0f5e0d4ebffa""}}",stage02.3_constraint_guided_attempt16 + stage02.3_constraint_guided_rerun09,,preserve;see stage03_legacy_path_map.csv
stage03.0,measurement,stage03.0_measurement_attempt05,attempt05,stage03.0_measurement_attempt05,stage03_measurement_formal01,formal,c106C15,2015,"[""c101C5"", ""r105C5"", ""rc105C5"", ""c104C10"", ""r103C10"", ""rc102C10"", ""c106C15"", ""r105C15"", ""rc103C15"", ""c101_21"", ""r101_21"", ""rc101_21""]","[2014, 2015, 2016]",solution,verified_legacy,results/stage03.0_measurement_attempt05/c106C15/2015/stage03.0_measurement_attempt05_solution_c106C15_2015.json,results/stage03-measurement_formal01/solutions/c106C15-alns_stage02_constraint_guided-2015.json,feasible,,pass,NOT_READY_FOR_STAGE03_1,READY_FOR_STAGE03_ACCELERATION,pass,8c6062481fae24f9221286fd375b1954fe7e0da7ed47fac447f2fb0e93547f68,raw_manifest,380c6e5877faec191d00c501af697deb073d861a644b2fb71e106c31a6c4fca6,50ed2d642f7e5ab1c495f9d43526dbc7ced2cb6e3521d8207719409066db928a,eba58a458a9fd13ae8fd404df8db1d04e49271326316256ee060468048881a86,2e11193dd7ce59a69dbe2754cc26eb09487348c475ea0ffccf60c8e1ca515429,b226b97e0e67288aaaf85726ad855df71cb81406685c57c8e8c40cd8996aa0da,44b932fba181327b08895693ec5b3fd78831a818,False,"{""VRP-EVRP-Project-Hub"": {""dirty"": false, ""path"": ""/Users/guoyiyang/Documents/GitHub/FURP-2026-Yiyang-GUO-EVRP-TW/reference/VRP-EVRP-Project-Hub"", ""revision"": ""e3a890065105f978187e532642c4442522215e02""}, ""py-ga-VRPTW"": {""dirty"": false, ""path"": ""/Users/guoyiyang/Documents/GitHub/FURP-2026-Yiyang-GUO-EVRP-TW/reference/py-ga-VRPTW"", ""revision"": ""8e005caaaf6471a4505588d88c7f0f5e0d4ebffa""}}",stage02.3_constraint_guided_attempt16 + stage02.3_constraint_guided_rerun09,,preserve;see stage03_legacy_path_map.csv
stage03.0,measurement,stage03.0_measurement_attempt05,attempt05,stage03.0_measurement_attempt05,stage03_measurement_formal01,formal,c106C15,2016,"[""c101C5"", ""r105C5"", ""rc105C5"", ""c104C10"", ""r103C10"", ""rc102C10"", ""c106C15"", ""r105C15"", ""rc103C15"", ""c101_21"", ""r101_21"", ""rc101_21""]","[2014, 2015, 2016]",solution,verified_legacy,results/stage03.0_measurement_attempt05/c106C15/2016/stage03.0_measurement_attempt05_solution_c106C15_2016.json,results/stage03-measurement_formal01/solutions/c106C15-alns_stage02_constraint_guided-2016.json,feasible,,pass,NOT_READY_FOR_STAGE03_1,READY_FOR_STAGE03_ACCELERATION,pass,9786a5eaf1adcdce429ed633b02b1880242327ab82079cab6f037373d6987704,raw_manifest,380c6e5877faec191d00c501af697deb073d861a644b2fb71e106c31a6c4fca6,50ed2d642f7e5ab1c495f9d43526dbc7ced2cb6e3521d8207719409066db928a,eba58a458a9fd13ae8fd404df8db1d04e49271326316256ee060468048881a86,14643465c858dae71e455c14c90652a1663c34034f87c42957c045e1af138553,b226b97e0e67288aaaf85726ad855df71cb81406685c57c8e8c40cd8996aa0da,44b932fba181327b08895693ec5b3fd78831a818,False,"{""VRP-EVRP-Project-Hub"": {""dirty"": false, ""path"": ""/Users/guoyiyang/Documents/GitHub/FURP-2026-Yiyang-GUO-EVRP-TW/reference/VRP-EVRP-Project-Hub"", ""revision"": ""e3a890065105f978187e532642c4442522215e02""}, ""py-ga-VRPTW"": {""dirty"": false, ""path"": ""/Users/guoyiyang/Documents/GitHub/FURP-2026-Yiyang-GUO-EVRP-TW/reference/py-ga-VRPTW"", ""revision"": ""8e005caaaf6471a4505588d88c7f0f5e0d4ebffa""}}",stage02.3_constraint_guided_attempt16 + stage02.3_constraint_guided_rerun09,,preserve;see stage03_legacy_path_map.csv
stage03.0,measurement,stage03.0_measurement_attempt05,attempt05,stage03.0_measurement_attempt05,stage03_measurement_formal01,formal,r101_21,2014,"[""c101C5"", ""r105C5"", ""rc105C5"", ""c104C10"", ""r103C10"", ""rc102C10"", ""c106C15"", ""r105C15"", ""rc103C15"", ""c101_21"", ""r101_21"", ""rc101_21""]","[2014, 2015, 2016]",solution,verified_legacy,results/stage03.0_measurement_attempt05/r101_21/2014/stage03.0_measurement_attempt05_solution_r101_21_2014.json,results/stage03-measurement_formal01/solutions/r101_21-alns_stage02_constraint_guided-2014.json,feasible,,pass,NOT_READY_FOR_STAGE03_1,READY_FOR_STAGE03_ACCELERATION,pass,66a7376d256d974ec8840b3b6695b5b54e0f7e4f690d384332bdc6ecab36db2e,raw_manifest,380c6e5877faec191d00c501af697deb073d861a644b2fb71e106c31a6c4fca6,50ed2d642f7e5ab1c495f9d43526dbc7ced2cb6e3521d8207719409066db928a,0e5a3dffffbd3c516b528ef32ba1a488b817d2f151fc3e8c81023814de1c103a,c68db7db97e008e9029f1dc142e53a5b1adf6877b82c651df4cb6b281795346e,b226b97e0e67288aaaf85726ad855df71cb81406685c57c8e8c40cd8996aa0da,44b932fba181327b08895693ec5b3fd78831a818,False,"{""VRP-EVRP-Project-Hub"": {""dirty"": false, ""path"": ""/Users/guoyiyang/Documents/GitHub/FURP-2026-Yiyang-GUO-EVRP-TW/reference/VRP-EVRP-Project-Hub"", ""revision"": ""e3a890065105f978187e532642c4442522215e02""}, ""py-ga-VRPTW"": {""dirty"": false, ""path"": ""/Users/guoyiyang/Documents/GitHub/FURP-2026-Yiyang-GUO-EVRP-TW/reference/py-ga-VRPTW"", ""revision"": ""8e005caaaf6471a4505588d88c7f0f5e0d4ebffa""}}",stage02.3_constraint_guided_attempt16 + stage02.3_constraint_guided_rerun09,,preserve;see stage03_legacy_path_map.csv
stage03.0,measurement,stage03.0_measurement_attempt05,attempt05,stage03.0_measurement_attempt05,stage03_measurement_formal01,formal,r101_21,2015,"[""c101C5"", ""r105C5"", ""rc105C5"", ""c104C10"", ""r103C10"", ""rc102C10"", ""c106C15"", ""r105C15"", ""rc103C15"", ""c101_21"", ""r101_21"", ""rc101_21""]","[2014, 2015, 2016]",solution,verified_legacy,results/stage03.0_measurement_attempt05/r101_21/2015/stage03.0_measurement_attempt05_solution_r101_21_2015.json,results/stage03-measurement_formal01/solutions/r101_21-alns_stage02_constraint_guided-2015.json,feasible,,pass,NOT_READY_FOR_STAGE03_1,READY_FOR_STAGE03_ACCELERATION,pass,012a3a681c55bb71f849ac74d36c328677aab20e7289e358fa4a0cf5ee1054ae,raw_manifest,380c6e5877faec191d00c501af697deb073d861a644b2fb71e106c31a6c4fca6,50ed2d642f7e5ab1c495f9d43526dbc7ced2cb6e3521d8207719409066db928a,0e5a3dffffbd3c516b528ef32ba1a488b817d2f151fc3e8c81023814de1c103a,64d12286b42bafa6656308c23bbde0b364cfd3e189801f2d40aece3cd1ed7a60,b226b97e0e67288aaaf85726ad855df71cb81406685c57c8e8c40cd8996aa0da,44b932fba181327b08895693ec5b3fd78831a818,False,"{""VRP-EVRP-Project-Hub"": {""dirty"": false, ""path"": ""/Users/guoyiyang/Documents/GitHub/FURP-2026-Yiyang-GUO-EVRP-TW/reference/VRP-EVRP-Project-Hub"", ""revision"": ""e3a890065105f978187e532642c4442522215e02""}, ""py-ga-VRPTW"": {""dirty"": false, ""path"": ""/Users/guoyiyang/Documents/GitHub/FURP-2026-Yiyang-GUO-EVRP-TW/reference/py-ga-VRPTW"", ""revision"": ""8e005caaaf6471a4505588d88c7f0f5e0d4ebffa""}}",stage02.3_constraint_guided_attempt16 + stage02.3_constraint_guided_rerun09,,preserve;see stage03_legacy_path_map.csv
stage03.0,measurement,stage03.0_measurement_attempt05,attempt05,stage03.0_measurement_attempt05,stage03_measurement_formal01,formal,r101_21,2016,"[""c101C5"", ""r105C5"", ""rc105C5"", ""c104C10"", ""r103C10"", ""rc102C10"", ""c106C15"", ""r105C15"", ""rc103C15"", ""c101_21"", ""r101_21"", ""rc101_21""]","[2014, 2015, 2016]",solution,verified_legacy,results/stage03.0_measurement_attempt05/r101_21/2016/stage03.0_measurement_attempt05_solution_r101_21_2016.json,results/stage03-measurement_formal01/solutions/r101_21-alns_stage02_constraint_guided-2016.json,feasible,,pass,NOT_READY_FOR_STAGE03_1,READY_FOR_STAGE03_ACCELERATION,pass,0d7654fffa035a8695c6ffeece353ee6cae3252e72cc16b91d8ede8f6b552f92,raw_manifest,380c6e5877faec191d00c501af697deb073d861a644b2fb71e106c31a6c4fca6,50ed2d642f7e5ab1c495f9d43526dbc7ced2cb6e3521d8207719409066db928a,0e5a3dffffbd3c516b528ef32ba1a488b817d2f151fc3e8c81023814de1c103a,5b7ac2327fa8836e223ad23c4d964f26f5fd18ee4ac3e87b1e956a850f277903,b226b97e0e67288aaaf85726ad855df71cb81406685c57c8e8c40cd8996aa0da,44b932fba181327b08895693ec5b3fd78831a818,False,"{""VRP-EVRP-Project-Hub"": {""dirty"": false, ""path"": ""/Users/guoyiyang/Documents/GitHub/FURP-2026-Yiyang-GUO-EVRP-TW/reference/VRP-EVRP-Project-Hub"", ""revision"": ""e3a890065105f978187e532642c4442522215e02""}, ""py-ga-VRPTW"": {""dirty"": false, ""path"": ""/Users/guoyiyang/Documents/GitHub/FURP-2026-Yiyang-GUO-EVRP-TW/reference/py-ga-VRPTW"", ""revision"": ""8e005caaaf6471a4505588d88c7f0f5e0d4ebffa""}}",stage02.3_constraint_guided_attempt16 + stage02.3_constraint_guided_rerun09,,preserve;see stage03_legacy_path_map.csv
stage03.0,measurement,stage03.0_measurement_attempt05,attempt05,stage03.0_measurement_attempt05,stage03_measurement_formal01,formal,r103C10,2014,"[""c101C5"", ""r105C5"", ""rc105C5"", ""c104C10"", ""r103C10"", ""rc102C10"", ""c106C15"", ""r105C15"", ""rc103C15"", ""c101_21"", ""r101_21"", ""rc101_21""]","[2014, 2015, 2016]",solution,verified_legacy,results/stage03.0_measurement_attempt05/r103C10/2014/stage03.0_measurement_attempt05_solution_r103C10_2014.json,results/stage03-measurement_formal01/solutions/r103C10-alns_stage02_constraint_guided-2014.json,feasible,,pass,NOT_READY_FOR_STAGE03_1,READY_FOR_STAGE03_ACCELERATION,pass,7efde239819be27c53919aa19a1801e9f6401da88817a3e254f002ff8ec6cd54,raw_manifest,380c6e5877faec191d00c501af697deb073d861a644b2fb71e106c31a6c4fca6,50ed2d642f7e5ab1c495f9d43526dbc7ced2cb6e3521d8207719409066db928a,00debfb0e1fa34796b1644a045a064f52cb1f35052df9faa485db4b4f5ff512e,3c33eac758302ecedaf8cd26fed48e06fc135ab2515e9049a51be0ec7135581a,b226b97e0e67288aaaf85726ad855df71cb81406685c57c8e8c40cd8996aa0da,44b932fba181327b08895693ec5b3fd78831a818,False,"{""VRP-EVRP-Project-Hub"": {""dirty"": false, ""path"": ""/Users/guoyiyang/Documents/GitHub/FURP-2026-Yiyang-GUO-EVRP-TW/reference/VRP-EVRP-Project-Hub"", ""revision"": ""e3a890065105f978187e532642c4442522215e02""}, ""py-ga-VRPTW"": {""dirty"": false, ""path"": ""/Users/guoyiyang/Documents/GitHub/FURP-2026-Yiyang-GUO-EVRP-TW/reference/py-ga-VRPTW"", ""revision"": ""8e005caaaf6471a4505588d88c7f0f5e0d4ebffa""}}",stage02.3_constraint_guided_attempt16 + stage02.3_constraint_guided_rerun09,,preserve;see stage03_legacy_path_map.csv
stage03.0,measurement,stage03.0_measurement_attempt05,attempt05,stage03.0_measurement_attempt05,stage03_measurement_formal01,formal,r103C10,2015,"[""c101C5"", ""r105C5"", ""rc105C5"", ""c104C10"", ""r103C10"", ""rc102C10"", ""c106C15"", ""r105C15"", ""rc103C15"", ""c101_21"", ""r101_21"", ""rc101_21""]","[2014, 2015, 2016]",solution,verified_legacy,results/stage03.0_measurement_attempt05/r103C10/2015/stage03.0_measurement_attempt05_solution_r103C10_2015.json,results/stage03-measurement_formal01/solutions/r103C10-alns_stage02_constraint_guided-2015.json,feasible,,pass,NOT_READY_FOR_STAGE03_1,READY_FOR_STAGE03_ACCELERATION,pass,1ab599ed65ff97113320c777ac67ae91a59e63280f61b7cbf97d4b909da2312b,raw_manifest,380c6e5877faec191d00c501af697deb073d861a644b2fb71e106c31a6c4fca6,50ed2d642f7e5ab1c495f9d43526dbc7ced2cb6e3521d8207719409066db928a,00debfb0e1fa34796b1644a045a064f52cb1f35052df9faa485db4b4f5ff512e,712d10dcef01d995dba69cfb6ed3f28dcd04f732c1a2d75534dffe8d095e1d68,b226b97e0e67288aaaf85726ad855df71cb81406685c57c8e8c40cd8996aa0da,44b932fba181327b08895693ec5b3fd78831a818,False,"{""VRP-EVRP-Project-Hub"": {""dirty"": false, ""path"": ""/Users/guoyiyang/Documents/GitHub/FURP-2026-Yiyang-GUO-EVRP-TW/reference/VRP-EVRP-Project-Hub"", ""revision"": ""e3a890065105f978187e532642c4442522215e02""}, ""py-ga-VRPTW"": {""dirty"": false, ""path"": ""/Users/guoyiyang/Documents/GitHub/FURP-2026-Yiyang-GUO-EVRP-TW/reference/py-ga-VRPTW"", ""revision"": ""8e005caaaf6471a4505588d88c7f0f5e0d4ebffa""}}",stage02.3_constraint_guided_attempt16 + stage02.3_constraint_guided_rerun09,,preserve;see stage03_legacy_path_map.csv
stage03.0,measurement,stage03.0_measurement_attempt05,attempt05,stage03.0_measurement_attempt05,stage03_measurement_formal01,formal,r103C10,2016,"[""c101C5"", ""r105C5"", ""rc105C5"", ""c104C10"", ""r103C10"", ""rc102C10"", ""c106C15"", ""r105C15"", ""rc103C15"", ""c101_21"", ""r101_21"", ""rc101_21""]","[2014, 2015, 2016]",solution,verified_legacy,results/stage03.0_measurement_attempt05/r103C10/2016/stage03.0_measurement_attempt05_solution_r103C10_2016.json,results/stage03-measurement_formal01/solutions/r103C10-alns_stage02_constraint_guided-2016.json,feasible,,pass,NOT_READY_FOR_STAGE03_1,READY_FOR_STAGE03_ACCELERATION,pass,06bdf17adf99c4e9bfbd0acbb472a45a03277a6adf3cac6bad7f2fad05b46ccf,raw_manifest,380c6e5877faec191d00c501af697deb073d861a644b2fb71e106c31a6c4fca6,50ed2d642f7e5ab1c495f9d43526dbc7ced2cb6e3521d8207719409066db928a,00debfb0e1fa34796b1644a045a064f52cb1f35052df9faa485db4b4f5ff512e,7a33d981160751df34a480d48671e1a44b64fed0c2a760be6f379a12f6c4a616,b226b97e0e67288aaaf85726ad855df71cb81406685c57c8e8c40cd8996aa0da,44b932fba181327b08895693ec5b3fd78831a818,False,"{""VRP-EVRP-Project-Hub"": {""dirty"": false, ""path"": ""/Users/guoyiyang/Documents/GitHub/FURP-2026-Yiyang-GUO-EVRP-TW/reference/VRP-EVRP-Project-Hub"", ""revision"": ""e3a890065105f978187e532642c4442522215e02""}, ""py-ga-VRPTW"": {""dirty"": false, ""path"": ""/Users/guoyiyang/Documents/GitHub/FURP-2026-Yiyang-GUO-EVRP-TW/reference/py-ga-VRPTW"", ""revision"": ""8e005caaaf6471a4505588d88c7f0f5e0d4ebffa""}}",stage02.3_constraint_guided_attempt16 + stage02.3_constraint_guided_rerun09,,preserve;see stage03_legacy_path_map.csv
stage03.0,measurement,stage03.0_measurement_attempt05,attempt05,stage03.0_measurement_attempt05,stage03_measurement_formal01,formal,r105C15,2014,"[""c101C5"", ""r105C5"", ""rc105C5"", ""c104C10"", ""r103C10"", ""rc102C10"", ""c106C15"", ""r105C15"", ""rc103C15"", ""c101_21"", ""r101_21"", ""rc101_21""]","[2014, 2015, 2016]",solution,verified_legacy,results/stage03.0_measurement_attempt05/r105C15/2014/stage03.0_measurement_attempt05_solution_r105C15_2014.json,results/stage03-measurement_formal01/solutions/r105C15-alns_stage02_constraint_guided-2014.json,feasible,,pass,NOT_READY_FOR_STAGE03_1,READY_FOR_STAGE03_ACCELERATION,pass,439761316128654a12d5f1e396730bd08754e1c15f8243882a5f4441718bcef7,raw_manifest,380c6e5877faec191d00c501af697deb073d861a644b2fb71e106c31a6c4fca6,50ed2d642f7e5ab1c495f9d43526dbc7ced2cb6e3521d8207719409066db928a,937f3e630e6afef1a148dc223dd1d6ad2d11cfff557803e68a50e981e3ceaa44,34081af8d566284dfcfbeb2edc4216f6660ef6f0051c2a3fce286aed359ee455,b226b97e0e67288aaaf85726ad855df71cb81406685c57c8e8c40cd8996aa0da,44b932fba181327b08895693ec5b3fd78831a818,False,"{""VRP-EVRP-Project-Hub"": {""dirty"": false, ""path"": ""/Users/guoyiyang/Documents/GitHub/FURP-2026-Yiyang-GUO-EVRP-TW/reference/VRP-EVRP-Project-Hub"", ""revision"": ""e3a890065105f978187e532642c4442522215e02""}, ""py-ga-VRPTW"": {""dirty"": false, ""path"": ""/Users/guoyiyang/Documents/GitHub/FURP-2026-Yiyang-GUO-EVRP-TW/reference/py-ga-VRPTW"", ""revision"": ""8e005caaaf6471a4505588d88c7f0f5e0d4ebffa""}}",stage02.3_constraint_guided_attempt16 + stage02.3_constraint_guided_rerun09,,preserve;see stage03_legacy_path_map.csv
stage03.0,measurement,stage03.0_measurement_attempt05,attempt05,stage03.0_measurement_attempt05,stage03_measurement_formal01,formal,r105C15,2015,"[""c101C5"", ""r105C5"", ""rc105C5"", ""c104C10"", ""r103C10"", ""rc102C10"", ""c106C15"", ""r105C15"", ""rc103C15"", ""c101_21"", ""r101_21"", ""rc101_21""]","[2014, 2015, 2016]",solution,verified_legacy,results/stage03.0_measurement_attempt05/r105C15/2015/stage03.0_measurement_attempt05_solution_r105C15_2015.json,results/stage03-measurement_formal01/solutions/r105C15-alns_stage02_constraint_guided-2015.json,feasible,,pass,NOT_READY_FOR_STAGE03_1,READY_FOR_STAGE03_ACCELERATION,pass,06dc542fca8f667155e09fb25dd8ef360283ba1e6c09efe2932d28793b44618d,raw_manifest,380c6e5877faec191d00c501af697deb073d861a644b2fb71e106c31a6c4fca6,50ed2d642f7e5ab1c495f9d43526dbc7ced2cb6e3521d8207719409066db928a,937f3e630e6afef1a148dc223dd1d6ad2d11cfff557803e68a50e981e3ceaa44,9b71d349bef0ff48d8a6fbdc65523997ba8d8c519442d3ca89ba9d7fef5d31c1,b226b97e0e67288aaaf85726ad855df71cb81406685c57c8e8c40cd8996aa0da,44b932fba181327b08895693ec5b3fd78831a818,False,"{""VRP-EVRP-Project-Hub"": {""dirty"": false, ""path"": ""/Users/guoyiyang/Documents/GitHub/FURP-2026-Yiyang-GUO-EVRP-TW/reference/VRP-EVRP-Project-Hub"", ""revision"": ""e3a890065105f978187e532642c4442522215e02""}, ""py-ga-VRPTW"": {""dirty"": false, ""path"": ""/Users/guoyiyang/Documents/GitHub/FURP-2026-Yiyang-GUO-EVRP-TW/reference/py-ga-VRPTW"", ""revision"": ""8e005caaaf6471a4505588d88c7f0f5e0d4ebffa""}}",stage02.3_constraint_guided_attempt16 + stage02.3_constraint_guided_rerun09,,preserve;see stage03_legacy_path_map.csv
stage03.0,measurement,stage03.0_measurement_attempt05,attempt05,stage03.0_measurement_attempt05,stage03_measurement_formal01,formal,r105C15,2016,"[""c101C5"", ""r105C5"", ""rc105C5"", ""c104C10"", ""r103C10"", ""rc102C10"", ""c106C15"", ""r105C15"", ""rc103C15"", ""c101_21"", ""r101_21"", ""rc101_21""]","[2014, 2015, 2016]",solution,verified_legacy,results/stage03.0_measurement_attempt05/r105C15/2016/stage03.0_measurement_attempt05_solution_r105C15_2016.json,results/stage03-measurement_formal01/solutions/r105C15-alns_stage02_constraint_guided-2016.json,feasible,,pass,NOT_READY_FOR_STAGE03_1,READY_FOR_STAGE03_ACCELERATION,pass,a4108ec5259c61f920c133ac3967ffae6ae849ac2694c93ff5b12bf4f3a373b4,raw_manifest,380c6e5877faec191d00c501af697deb073d861a644b2fb71e106c31a6c4fca6,50ed2d642f7e5ab1c495f9d43526dbc7ced2cb6e3521d8207719409066db928a,937f3e630e6afef1a148dc223dd1d6ad2d11cfff557803e68a50e981e3ceaa44,c4c70b081693b9dd6508164def82edb9bc11ba0c42efdff26827f47659164e49,b226b97e0e67288aaaf85726ad855df71cb81406685c57c8e8c40cd8996aa0da,44b932fba181327b08895693ec5b3fd78831a818,False,"{""VRP-EVRP-Project-Hub"": {""dirty"": false, ""path"": ""/Users/guoyiyang/Documents/GitHub/FURP-2026-Yiyang-GUO-EVRP-TW/reference/VRP-EVRP-Project-Hub"", ""revision"": ""e3a890065105f978187e532642c4442522215e02""}, ""py-ga-VRPTW"": {""dirty"": false, ""path"": ""/Users/guoyiyang/Documents/GitHub/FURP-2026-Yiyang-GUO-EVRP-TW/reference/py-ga-VRPTW"", ""revision"": ""8e005caaaf6471a4505588d88c7f0f5e0d4ebffa""}}",stage02.3_constraint_guided_attempt16 + stage02.3_constraint_guided_rerun09,,preserve;see stage03_legacy_path_map.csv
stage03.0,measurement,stage03.0_measurement_attempt05,attempt05,stage03.0_measurement_attempt05,stage03_measurement_formal01,formal,r105C5,2014,"[""c101C5"", ""r105C5"", ""rc105C5"", ""c104C10"", ""r103C10"", ""rc102C10"", ""c106C15"", ""r105C15"", ""rc103C15"", ""c101_21"", ""r101_21"", ""rc101_21""]","[2014, 2015, 2016]",solution,verified_legacy,results/stage03.0_measurement_attempt05/r105C5/2014/stage03.0_measurement_attempt05_solution_r105C5_2014.json,results/stage03-measurement_formal01/solutions/r105C5-alns_stage02_constraint_guided-2014.json,feasible,,pass,NOT_READY_FOR_STAGE03_1,READY_FOR_STAGE03_ACCELERATION,pass,37f614411458fbc7802b1db8344ab4be5ef9dc9767d4851e1d3b65f343139676,raw_manifest,380c6e5877faec191d00c501af697deb073d861a644b2fb71e106c31a6c4fca6,50ed2d642f7e5ab1c495f9d43526dbc7ced2cb6e3521d8207719409066db928a,eb27ec04e799ee6d39dee3d66f15128e197811afa8c664295acbdf6444176434,18bac09d872478484b6ea6f822b27818455d00fb8c4e42ee872b06c2e1e19f6f,b226b97e0e67288aaaf85726ad855df71cb81406685c57c8e8c40cd8996aa0da,44b932fba181327b08895693ec5b3fd78831a818,False,"{""VRP-EVRP-Project-Hub"": {""dirty"": false, ""path"": ""/Users/guoyiyang/Documents/GitHub/FURP-2026-Yiyang-GUO-EVRP-TW/reference/VRP-EVRP-Project-Hub"", ""revision"": ""e3a890065105f978187e532642c4442522215e02""}, ""py-ga-VRPTW"": {""dirty"": false, ""path"": ""/Users/guoyiyang/Documents/GitHub/FURP-2026-Yiyang-GUO-EVRP-TW/reference/py-ga-VRPTW"", ""revision"": ""8e005caaaf6471a4505588d88c7f0f5e0d4ebffa""}}",stage02.3_constraint_guided_attempt16 + stage02.3_constraint_guided_rerun09,,preserve;see stage03_legacy_path_map.csv
stage03.0,measurement,stage03.0_measurement_attempt05,attempt05,stage03.0_measurement_attempt05,stage03_measurement_formal01,formal,r105C5,2015,"[""c101C5"", ""r105C5"", ""rc105C5"", ""c104C10"", ""r103C10"", ""rc102C10"", ""c106C15"", ""r105C15"", ""rc103C15"", ""c101_21"", ""r101_21"", ""rc101_21""]","[2014, 2015, 2016]",solution,verified_legacy,results/stage03.0_measurement_attempt05/r105C5/2015/stage03.0_measurement_attempt05_solution_r105C5_2015.json,results/stage03-measurement_formal01/solutions/r105C5-alns_stage02_constraint_guided-2015.json,feasible,,pass,NOT_READY_FOR_STAGE03_1,READY_FOR_STAGE03_ACCELERATION,pass,5986d9d10e21f0dc93293751bd7d938a3769de674f21974964409251ce7e32ce,raw_manifest,380c6e5877faec191d00c501af697deb073d861a644b2fb71e106c31a6c4fca6,50ed2d642f7e5ab1c495f9d43526dbc7ced2cb6e3521d8207719409066db928a,eb27ec04e799ee6d39dee3d66f15128e197811afa8c664295acbdf6444176434,4ba78eb23b8b0e21e93a074308912ac3554467a05f04fa0413a7f25f6838d822,b226b97e0e67288aaaf85726ad855df71cb81406685c57c8e8c40cd8996aa0da,44b932fba181327b08895693ec5b3fd78831a818,False,"{""VRP-EVRP-Project-Hub"": {""dirty"": false, ""path"": ""/Users/guoyiyang/Documents/GitHub/FURP-2026-Yiyang-GUO-EVRP-TW/reference/VRP-EVRP-Project-Hub"", ""revision"": ""e3a890065105f978187e532642c4442522215e02""}, ""py-ga-VRPTW"": {""dirty"": false, ""path"": ""/Users/guoyiyang/Documents/GitHub/FURP-2026-Yiyang-GUO-EVRP-TW/reference/py-ga-VRPTW"", ""revision"": ""8e005caaaf6471a4505588d88c7f0f5e0d4ebffa""}}",stage02.3_constraint_guided_attempt16 + stage02.3_constraint_guided_rerun09,,preserve;see stage03_legacy_path_map.csv
stage03.0,measurement,stage03.0_measurement_attempt05,attempt05,stage03.0_measurement_attempt05,stage03_measurement_formal01,formal,r105C5,2016,"[""c101C5"", ""r105C5"", ""rc105C5"", ""c104C10"", ""r103C10"", ""rc102C10"", ""c106C15"", ""r105C15"", ""rc103C15"", ""c101_21"", ""r101_21"", ""rc101_21""]","[2014, 2015, 2016]",solution,verified_legacy,results/stage03.0_measurement_attempt05/r105C5/2016/stage03.0_measurement_attempt05_solution_r105C5_2016.json,results/stage03-measurement_formal01/solutions/r105C5-alns_stage02_constraint_guided-2016.json,feasible,,pass,NOT_READY_FOR_STAGE03_1,READY_FOR_STAGE03_ACCELERATION,pass,06501df94705311d988665f4a9a554aae7cbca6fdb7e497d6fd0161f382f29ab,raw_manifest,380c6e5877faec191d00c501af697deb073d861a644b2fb71e106c31a6c4fca6,50ed2d642f7e5ab1c495f9d43526dbc7ced2cb6e3521d8207719409066db928a,eb27ec04e799ee6d39dee3d66f15128e197811afa8c664295acbdf6444176434,c6f2194935fc05838da61161b16578dda21b3af1906d011ba89e1278dc7436a7,b226b97e0e67288aaaf85726ad855df71cb81406685c57c8e8c40cd8996aa0da,44b932fba181327b08895693ec5b3fd78831a818,False,"{""VRP-EVRP-Project-Hub"": {""dirty"": false, ""path"": ""/Users/guoyiyang/Documents/GitHub/FURP-2026-Yiyang-GUO-EVRP-TW/reference/VRP-EVRP-Project-Hub"", ""revision"": ""e3a890065105f978187e532642c4442522215e02""}, ""py-ga-VRPTW"": {""dirty"": false, ""path"": ""/Users/guoyiyang/Documents/GitHub/FURP-2026-Yiyang-GUO-EVRP-TW/reference/py-ga-VRPTW"", ""revision"": ""8e005caaaf6471a4505588d88c7f0f5e0d4ebffa""}}",stage02.3_constraint_guided_attempt16 + stage02.3_constraint_guided_rerun09,,preserve;see stage03_legacy_path_map.csv
stage03.0,measurement,stage03.0_measurement_attempt05,attempt05,stage03.0_measurement_attempt05,stage03_measurement_formal01,formal,rc101_21,2014,"[""c101C5"", ""r105C5"", ""rc105C5"", ""c104C10"", ""r103C10"", ""rc102C10"", ""c106C15"", ""r105C15"", ""rc103C15"", ""c101_21"", ""r101_21"", ""rc101_21""]","[2014, 2015, 2016]",solution,verified_legacy,results/stage03.0_measurement_attempt05/rc101_21/2014/stage03.0_measurement_attempt05_solution_rc101_21_2014.json,results/stage03-measurement_formal01/solutions/rc101_21-alns_stage02_constraint_guided-2014.json,feasible,,pass,NOT_READY_FOR_STAGE03_1,READY_FOR_STAGE03_ACCELERATION,pass,24e23841fe26272ebd13c415c48beb417b4cf583f6a95683d18607c23d795d82,raw_manifest,380c6e5877faec191d00c501af697deb073d861a644b2fb71e106c31a6c4fca6,50ed2d642f7e5ab1c495f9d43526dbc7ced2cb6e3521d8207719409066db928a,272a3e58d53d4ba9516f01506164cf8a9b98bfeeb8dbd1fd62f6557e4c98e3a1,8e4d65f43ad9636e55d9c59484574f882f9dd2ecd08a139e09a82481141a9a42,b226b97e0e67288aaaf85726ad855df71cb81406685c57c8e8c40cd8996aa0da,44b932fba181327b08895693ec5b3fd78831a818,False,"{""VRP-EVRP-Project-Hub"": {""dirty"": false, ""path"": ""/Users/guoyiyang/Documents/GitHub/FURP-2026-Yiyang-GUO-EVRP-TW/reference/VRP-EVRP-Project-Hub"", ""revision"": ""e3a890065105f978187e532642c4442522215e02""}, ""py-ga-VRPTW"": {""dirty"": false, ""path"": ""/Users/guoyiyang/Documents/GitHub/FURP-2026-Yiyang-GUO-EVRP-TW/reference/py-ga-VRPTW"", ""revision"": ""8e005caaaf6471a4505588d88c7f0f5e0d4ebffa""}}",stage02.3_constraint_guided_attempt16 + stage02.3_constraint_guided_rerun09,,preserve;see stage03_legacy_path_map.csv
stage03.0,measurement,stage03.0_measurement_attempt05,attempt05,stage03.0_measurement_attempt05,stage03_measurement_formal01,formal,rc101_21,2015,"[""c101C5"", ""r105C5"", ""rc105C5"", ""c104C10"", ""r103C10"", ""rc102C10"", ""c106C15"", ""r105C15"", ""rc103C15"", ""c101_21"", ""r101_21"", ""rc101_21""]","[2014, 2015, 2016]",solution,verified_legacy,results/stage03.0_measurement_attempt05/rc101_21/2015/stage03.0_measurement_attempt05_solution_rc101_21_2015.json,results/stage03-measurement_formal01/solutions/rc101_21-alns_stage02_constraint_guided-2015.json,feasible,,pass,NOT_READY_FOR_STAGE03_1,READY_FOR_STAGE03_ACCELERATION,pass,d223c40f4bdc4e08586e6e059af0d6bdc8a5852210b3e34a37236175d5699cd6,raw_manifest,380c6e5877faec191d00c501af697deb073d861a644b2fb71e106c31a6c4fca6,50ed2d642f7e5ab1c495f9d43526dbc7ced2cb6e3521d8207719409066db928a,272a3e58d53d4ba9516f01506164cf8a9b98bfeeb8dbd1fd62f6557e4c98e3a1,552e83d2a87eef9ae305e3d699dd98c361a463fccd7f868c61ac651bd28f55a9,b226b97e0e67288aaaf85726ad855df71cb81406685c57c8e8c40cd8996aa0da,44b932fba181327b08895693ec5b3fd78831a818,False,"{""VRP-EVRP-Project-Hub"": {""dirty"": false, ""path"": ""/Users/guoyiyang/Documents/GitHub/FURP-2026-Yiyang-GUO-EVRP-TW/reference/VRP-EVRP-Project-Hub"", ""revision"": ""e3a890065105f978187e532642c4442522215e02""}, ""py-ga-VRPTW"": {""dirty"": false, ""path"": ""/Users/guoyiyang/Documents/GitHub/FURP-2026-Yiyang-GUO-EVRP-TW/reference/py-ga-VRPTW"", ""revision"": ""8e005caaaf6471a4505588d88c7f0f5e0d4ebffa""}}",stage02.3_constraint_guided_attempt16 + stage02.3_constraint_guided_rerun09,,preserve;see stage03_legacy_path_map.csv
stage03.0,measurement,stage03.0_measurement_attempt05,attempt05,stage03.0_measurement_attempt05,stage03_measurement_formal01,formal,rc101_21,2016,"[""c101C5"", ""r105C5"", ""rc105C5"", ""c104C10"", ""r103C10"", ""rc102C10"", ""c106C15"", ""r105C15"", ""rc103C15"", ""c101_21"", ""r101_21"", ""rc101_21""]","[2014, 2015, 2016]",solution,verified_legacy,results/stage03.0_measurement_attempt05/rc101_21/2016/stage03.0_measurement_attempt05_solution_rc101_21_2016.json,results/stage03-measurement_formal01/solutions/rc101_21-alns_stage02_constraint_guided-2016.json,feasible,,pass,NOT_READY_FOR_STAGE03_1,READY_FOR_STAGE03_ACCELERATION,pass,72d3923e46f78ea558d98bacbdcbaf2bcf70b87404dd55c82415746744b86df8,raw_manifest,380c6e5877faec191d00c501af697deb073d861a644b2fb71e106c31a6c4fca6,50ed2d642f7e5ab1c495f9d43526dbc7ced2cb6e3521d8207719409066db928a,272a3e58d53d4ba9516f01506164cf8a9b98bfeeb8dbd1fd62f6557e4c98e3a1,8cb9e86a9910383b9227e41caf5bba88d7bca98747fe815e0de2c5f3eb878384,b226b97e0e67288aaaf85726ad855df71cb81406685c57c8e8c40cd8996aa0da,44b932fba181327b08895693ec5b3fd78831a818,False,"{""VRP-EVRP-Project-Hub"": {""dirty"": false, ""path"": ""/Users/guoyiyang/Documents/GitHub/FURP-2026-Yiyang-GUO-EVRP-TW/reference/VRP-EVRP-Project-Hub"", ""revision"": ""e3a890065105f978187e532642c4442522215e02""}, ""py-ga-VRPTW"": {""dirty"": false, ""path"": ""/Users/guoyiyang/Documents/GitHub/FURP-2026-Yiyang-GUO-EVRP-TW/reference/py-ga-VRPTW"", ""revision"": ""8e005caaaf6471a4505588d88c7f0f5e0d4ebffa""}}",stage02.3_constraint_guided_attempt16 + stage02.3_constraint_guided_rerun09,,preserve;see stage03_legacy_path_map.csv
stage03.0,measurement,stage03.0_measurement_attempt05,attempt05,stage03.0_measurement_attempt05,stage03_measurement_formal01,formal,rc102C10,2014,"[""c101C5"", ""r105C5"", ""rc105C5"", ""c104C10"", ""r103C10"", ""rc102C10"", ""c106C15"", ""r105C15"", ""rc103C15"", ""c101_21"", ""r101_21"", ""rc101_21""]","[2014, 2015, 2016]",solution,verified_legacy,results/stage03.0_measurement_attempt05/rc102C10/2014/stage03.0_measurement_attempt05_solution_rc102C10_2014.json,results/stage03-measurement_formal01/solutions/rc102C10-alns_stage02_constraint_guided-2014.json,feasible,,pass,NOT_READY_FOR_STAGE03_1,READY_FOR_STAGE03_ACCELERATION,pass,f0c3d36337a1bab9c7c148562d32f233397b15aed4de08de7f3ba7c14bfa5800,raw_manifest,380c6e5877faec191d00c501af697deb073d861a644b2fb71e106c31a6c4fca6,50ed2d642f7e5ab1c495f9d43526dbc7ced2cb6e3521d8207719409066db928a,b85edffa9a896007203a8f6688731b66fcaeedada2b6deae0a3e3ca4a1a0d1a6,922747a0c60210d4d3c4f9aa167840cf1adf2caa75c959be083b12d6cc9a5e63,b226b97e0e67288aaaf85726ad855df71cb81406685c57c8e8c40cd8996aa0da,44b932fba181327b08895693ec5b3fd78831a818,False,"{""VRP-EVRP-Project-Hub"": {""dirty"": false, ""path"": ""/Users/guoyiyang/Documents/GitHub/FURP-2026-Yiyang-GUO-EVRP-TW/reference/VRP-EVRP-Project-Hub"", ""revision"": ""e3a890065105f978187e532642c4442522215e02""}, ""py-ga-VRPTW"": {""dirty"": false, ""path"": ""/Users/guoyiyang/Documents/GitHub/FURP-2026-Yiyang-GUO-EVRP-TW/reference/py-ga-VRPTW"", ""revision"": ""8e005caaaf6471a4505588d88c7f0f5e0d4ebffa""}}",stage02.3_constraint_guided_attempt16 + stage02.3_constraint_guided_rerun09,,preserve;see stage03_legacy_path_map.csv
stage03.0,measurement,stage03.0_measurement_attempt05,attempt05,stage03.0_measurement_attempt05,stage03_measurement_formal01,formal,rc102C10,2015,"[""c101C5"", ""r105C5"", ""rc105C5"", ""c104C10"", ""r103C10"", ""rc102C10"", ""c106C15"", ""r105C15"", ""rc103C15"", ""c101_21"", ""r101_21"", ""rc101_21""]","[2014, 2015, 2016]",solution,verified_legacy,results/stage03.0_measurement_attempt05/rc102C10/2015/stage03.0_measurement_attempt05_solution_rc102C10_2015.json,results/stage03-measurement_formal01/solutions/rc102C10-alns_stage02_constraint_guided-2015.json,feasible,,pass,NOT_READY_FOR_STAGE03_1,READY_FOR_STAGE03_ACCELERATION,pass,c4921612388bfd20300eb30dbf123e9684a62472706b3bec6b5b37e287db9b8a,raw_manifest,380c6e5877faec191d00c501af697deb073d861a644b2fb71e106c31a6c4fca6,50ed2d642f7e5ab1c495f9d43526dbc7ced2cb6e3521d8207719409066db928a,b85edffa9a896007203a8f6688731b66fcaeedada2b6deae0a3e3ca4a1a0d1a6,2396d0b76559b83d49b983c01915e9cd3dfca0f17d11b4d765f380456a034e9f,b226b97e0e67288aaaf85726ad855df71cb81406685c57c8e8c40cd8996aa0da,44b932fba181327b08895693ec5b3fd78831a818,False,"{""VRP-EVRP-Project-Hub"": {""dirty"": false, ""path"": ""/Users/guoyiyang/Documents/GitHub/FURP-2026-Yiyang-GUO-EVRP-TW/reference/VRP-EVRP-Project-Hub"", ""revision"": ""e3a890065105f978187e532642c4442522215e02""}, ""py-ga-VRPTW"": {""dirty"": false, ""path"": ""/Users/guoyiyang/Documents/GitHub/FURP-2026-Yiyang-GUO-EVRP-TW/reference/py-ga-VRPTW"", ""revision"": ""8e005caaaf6471a4505588d88c7f0f5e0d4ebffa""}}",stage02.3_constraint_guided_attempt16 + stage02.3_constraint_guided_rerun09,,preserve;see stage03_legacy_path_map.csv
stage03.0,measurement,stage03.0_measurement_attempt05,attempt05,stage03.0_measurement_attempt05,stage03_measurement_formal01,formal,rc102C10,2016,"[""c101C5"", ""r105C5"", ""rc105C5"", ""c104C10"", ""r103C10"", ""rc102C10"", ""c106C15"", ""r105C15"", ""rc103C15"", ""c101_21"", ""r101_21"", ""rc101_21""]","[2014, 2015, 2016]",solution,verified_legacy,results/stage03.0_measurement_attempt05/rc102C10/2016/stage03.0_measurement_attempt05_solution_rc102C10_2016.json,results/stage03-measurement_formal01/solutions/rc102C10-alns_stage02_constraint_guided-2016.json,feasible,,pass,NOT_READY_FOR_STAGE03_1,READY_FOR_STAGE03_ACCELERATION,pass,07736d16c717ba450ac4ddd8dbaa836f8f06336677e4056741a642f37556685a,raw_manifest,380c6e5877faec191d00c501af697deb073d861a644b2fb71e106c31a6c4fca6,50ed2d642f7e5ab1c495f9d43526dbc7ced2cb6e3521d8207719409066db928a,b85edffa9a896007203a8f6688731b66fcaeedada2b6deae0a3e3ca4a1a0d1a6,543d2b0eb4fadc3e8826ae696d7287008f6e25c739027036bb239af842e5764d,b226b97e0e67288aaaf85726ad855df71cb81406685c57c8e8c40cd8996aa0da,44b932fba181327b08895693ec5b3fd78831a818,False,"{""VRP-EVRP-Project-Hub"": {""dirty"": false, ""path"": ""/Users/guoyiyang/Documents/GitHub/FURP-2026-Yiyang-GUO-EVRP-TW/reference/VRP-EVRP-Project-Hub"", ""revision"": ""e3a890065105f978187e532642c4442522215e02""}, ""py-ga-VRPTW"": {""dirty"": false, ""path"": ""/Users/guoyiyang/Documents/GitHub/FURP-2026-Yiyang-GUO-EVRP-TW/reference/py-ga-VRPTW"", ""revision"": ""8e005caaaf6471a4505588d88c7f0f5e0d4ebffa""}}",stage02.3_constraint_guided_attempt16 + stage02.3_constraint_guided_rerun09,,preserve;see stage03_legacy_path_map.csv
stage03.0,measurement,stage03.0_measurement_attempt05,attempt05,stage03.0_measurement_attempt05,stage03_measurement_formal01,formal,rc103C15,2014,"[""c101C5"", ""r105C5"", ""rc105C5"", ""c104C10"", ""r103C10"", ""rc102C10"", ""c106C15"", ""r105C15"", ""rc103C15"", ""c101_21"", ""r101_21"", ""rc101_21""]","[2014, 2015, 2016]",solution,verified_legacy,results/stage03.0_measurement_attempt05/rc103C15/2014/stage03.0_measurement_attempt05_solution_rc103C15_2014.json,results/stage03-measurement_formal01/solutions/rc103C15-alns_stage02_constraint_guided-2014.json,feasible,,pass,NOT_READY_FOR_STAGE03_1,READY_FOR_STAGE03_ACCELERATION,pass,1b369b9cca5b6000a98b12944d2f82bc3272f37a3f4924f746093a488423f83d,raw_manifest,380c6e5877faec191d00c501af697deb073d861a644b2fb71e106c31a6c4fca6,50ed2d642f7e5ab1c495f9d43526dbc7ced2cb6e3521d8207719409066db928a,51cbd950e7a76acae3add1f93d4c5f3b906f1e0ca5b47f46b068ff4f52e43c4a,4e3260a82a51a7e015b5585f8b12990fb738e74802df644e62a7a88f53cd50a7,b226b97e0e67288aaaf85726ad855df71cb81406685c57c8e8c40cd8996aa0da,44b932fba181327b08895693ec5b3fd78831a818,False,"{""VRP-EVRP-Project-Hub"": {""dirty"": false, ""path"": ""/Users/guoyiyang/Documents/GitHub/FURP-2026-Yiyang-GUO-EVRP-TW/reference/VRP-EVRP-Project-Hub"", ""revision"": ""e3a890065105f978187e532642c4442522215e02""}, ""py-ga-VRPTW"": {""dirty"": false, ""path"": ""/Users/guoyiyang/Documents/GitHub/FURP-2026-Yiyang-GUO-EVRP-TW/reference/py-ga-VRPTW"", ""revision"": ""8e005caaaf6471a4505588d88c7f0f5e0d4ebffa""}}",stage02.3_constraint_guided_attempt16 + stage02.3_constraint_guided_rerun09,,preserve;see stage03_legacy_path_map.csv
stage03.0,measurement,stage03.0_measurement_attempt05,attempt05,stage03.0_measurement_attempt05,stage03_measurement_formal01,formal,rc103C15,2015,"[""c101C5"", ""r105C5"", ""rc105C5"", ""c104C10"", ""r103C10"", ""rc102C10"", ""c106C15"", ""r105C15"", ""rc103C15"", ""c101_21"", ""r101_21"", ""rc101_21""]","[2014, 2015, 2016]",solution,verified_legacy,results/stage03.0_measurement_attempt05/rc103C15/2015/stage03.0_measurement_attempt05_solution_rc103C15_2015.json,results/stage03-measurement_formal01/solutions/rc103C15-alns_stage02_constraint_guided-2015.json,feasible,,pass,NOT_READY_FOR_STAGE03_1,READY_FOR_STAGE03_ACCELERATION,pass,7bd7b0be8babb0819fc05010159ccdd0d7d31b03daa52d072305c37a497d779f,raw_manifest,380c6e5877faec191d00c501af697deb073d861a644b2fb71e106c31a6c4fca6,50ed2d642f7e5ab1c495f9d43526dbc7ced2cb6e3521d8207719409066db928a,51cbd950e7a76acae3add1f93d4c5f3b906f1e0ca5b47f46b068ff4f52e43c4a,185a9b551a365c2931916dfa29521c226b32a02b778bf709cbba49f6fc187c33,b226b97e0e67288aaaf85726ad855df71cb81406685c57c8e8c40cd8996aa0da,44b932fba181327b08895693ec5b3fd78831a818,False,"{""VRP-EVRP-Project-Hub"": {""dirty"": false, ""path"": ""/Users/guoyiyang/Documents/GitHub/FURP-2026-Yiyang-GUO-EVRP-TW/reference/VRP-EVRP-Project-Hub"", ""revision"": ""e3a890065105f978187e532642c4442522215e02""}, ""py-ga-VRPTW"": {""dirty"": false, ""path"": ""/Users/guoyiyang/Documents/GitHub/FURP-2026-Yiyang-GUO-EVRP-TW/reference/py-ga-VRPTW"", ""revision"": ""8e005caaaf6471a4505588d88c7f0f5e0d4ebffa""}}",stage02.3_constraint_guided_attempt16 + stage02.3_constraint_guided_rerun09,,preserve;see stage03_legacy_path_map.csv
stage03.0,measurement,stage03.0_measurement_attempt05,attempt05,stage03.0_measurement_attempt05,stage03_measurement_formal01,formal,rc103C15,2016,"[""c101C5"", ""r105C5"", ""rc105C5"", ""c104C10"", ""r103C10"", ""rc102C10"", ""c106C15"", ""r105C15"", ""rc103C15"", ""c101_21"", ""r101_21"", ""rc101_21""]","[2014, 2015, 2016]",solution,verified_legacy,results/stage03.0_measurement_attempt05/rc103C15/2016/stage03.0_measurement_attempt05_solution_rc103C15_2016.json,results/stage03-measurement_formal01/solutions/rc103C15-alns_stage02_constraint_guided-2016.json,feasible,,pass,NOT_READY_FOR_STAGE03_1,READY_FOR_STAGE03_ACCELERATION,pass,b77d321bf8b43605eb7a035b3005b3c647508f17099f836810f128e53f8e41c6,raw_manifest,380c6e5877faec191d00c501af697deb073d861a644b2fb71e106c31a6c4fca6,50ed2d642f7e5ab1c495f9d43526dbc7ced2cb6e3521d8207719409066db928a,51cbd950e7a76acae3add1f93d4c5f3b906f1e0ca5b47f46b068ff4f52e43c4a,c8849712ca48508504e9a85ad7834cbd9533dc0e008359ba5a104c24472f2674,b226b97e0e67288aaaf85726ad855df71cb81406685c57c8e8c40cd8996aa0da,44b932fba181327b08895693ec5b3fd78831a818,False,"{""VRP-EVRP-Project-Hub"": {""dirty"": false, ""path"": ""/Users/guoyiyang/Documents/GitHub/FURP-2026-Yiyang-GUO-EVRP-TW/reference/VRP-EVRP-Project-Hub"", ""revision"": ""e3a890065105f978187e532642c4442522215e02""}, ""py-ga-VRPTW"": {""dirty"": false, ""path"": ""/Users/guoyiyang/Documents/GitHub/FURP-2026-Yiyang-GUO-EVRP-TW/reference/py-ga-VRPTW"", ""revision"": ""8e005caaaf6471a4505588d88c7f0f5e0d4ebffa""}}",stage02.3_constraint_guided_attempt16 + stage02.3_constraint_guided_rerun09,,preserve;see stage03_legacy_path_map.csv
stage03.0,measurement,stage03.0_measurement_attempt05,attempt05,stage03.0_measurement_attempt05,stage03_measurement_formal01,formal,rc105C5,2014,"[""c101C5"", ""r105C5"", ""rc105C5"", ""c104C10"", ""r103C10"", ""rc102C10"", ""c106C15"", ""r105C15"", ""rc103C15"", ""c101_21"", ""r101_21"", ""rc101_21""]","[2014, 2015, 2016]",solution,verified_legacy,results/stage03.0_measurement_attempt05/rc105C5/2014/stage03.0_measurement_attempt05_solution_rc105C5_2014.json,results/stage03-measurement_formal01/solutions/rc105C5-alns_stage02_constraint_guided-2014.json,feasible,,pass,NOT_READY_FOR_STAGE03_1,READY_FOR_STAGE03_ACCELERATION,pass,707124f4dc787ca88f5388fa3b1cdac327b82829474633871b32b34f00b4026e,raw_manifest,380c6e5877faec191d00c501af697deb073d861a644b2fb71e106c31a6c4fca6,50ed2d642f7e5ab1c495f9d43526dbc7ced2cb6e3521d8207719409066db928a,2ccfba6c447fa43a994934690acb67c7355ca04d232394907ed6938bc362c643,56cdf57332286ffa454837ca296d9030524fa2eda0d26eb392a1af9bb2a30e7a,b226b97e0e67288aaaf85726ad855df71cb81406685c57c8e8c40cd8996aa0da,44b932fba181327b08895693ec5b3fd78831a818,False,"{""VRP-EVRP-Project-Hub"": {""dirty"": false, ""path"": ""/Users/guoyiyang/Documents/GitHub/FURP-2026-Yiyang-GUO-EVRP-TW/reference/VRP-EVRP-Project-Hub"", ""revision"": ""e3a890065105f978187e532642c4442522215e02""}, ""py-ga-VRPTW"": {""dirty"": false, ""path"": ""/Users/guoyiyang/Documents/GitHub/FURP-2026-Yiyang-GUO-EVRP-TW/reference/py-ga-VRPTW"", ""revision"": ""8e005caaaf6471a4505588d88c7f0f5e0d4ebffa""}}",stage02.3_constraint_guided_attempt16 + stage02.3_constraint_guided_rerun09,,preserve;see stage03_legacy_path_map.csv
stage03.0,measurement,stage03.0_measurement_attempt05,attempt05,stage03.0_measurement_attempt05,stage03_measurement_formal01,formal,rc105C5,2015,"[""c101C5"", ""r105C5"", ""rc105C5"", ""c104C10"", ""r103C10"", ""rc102C10"", ""c106C15"", ""r105C15"", ""rc103C15"", ""c101_21"", ""r101_21"", ""rc101_21""]","[2014, 2015, 2016]",solution,verified_legacy,results/stage03.0_measurement_attempt05/rc105C5/2015/stage03.0_measurement_attempt05_solution_rc105C5_2015.json,results/stage03-measurement_formal01/solutions/rc105C5-alns_stage02_constraint_guided-2015.json,feasible,,pass,NOT_READY_FOR_STAGE03_1,READY_FOR_STAGE03_ACCELERATION,pass,39653ab2e3da8a9d3aa50c89421d36a09ff96d491401b99036322816394b5b54,raw_manifest,380c6e5877faec191d00c501af697deb073d861a644b2fb71e106c31a6c4fca6,50ed2d642f7e5ab1c495f9d43526dbc7ced2cb6e3521d8207719409066db928a,2ccfba6c447fa43a994934690acb67c7355ca04d232394907ed6938bc362c643,c8a9c2a0dcb3b2a4df216493e8d1f2907b52a3bddaf2621c1f7124ccbac3b238,b226b97e0e67288aaaf85726ad855df71cb81406685c57c8e8c40cd8996aa0da,44b932fba181327b08895693ec5b3fd78831a818,False,"{""VRP-EVRP-Project-Hub"": {""dirty"": false, ""path"": ""/Users/guoyiyang/Documents/GitHub/FURP-2026-Yiyang-GUO-EVRP-TW/reference/VRP-EVRP-Project-Hub"", ""revision"": ""e3a890065105f978187e532642c4442522215e02""}, ""py-ga-VRPTW"": {""dirty"": false, ""path"": ""/Users/guoyiyang/Documents/GitHub/FURP-2026-Yiyang-GUO-EVRP-TW/reference/py-ga-VRPTW"", ""revision"": ""8e005caaaf6471a4505588d88c7f0f5e0d4ebffa""}}",stage02.3_constraint_guided_attempt16 + stage02.3_constraint_guided_rerun09,,preserve;see stage03_legacy_path_map.csv
stage03.0,measurement,stage03.0_measurement_attempt05,attempt05,stage03.0_measurement_attempt05,stage03_measurement_formal01,formal,rc105C5,2016,"[""c101C5"", ""r105C5"", ""rc105C5"", ""c104C10"", ""r103C10"", ""rc102C10"", ""c106C15"", ""r105C15"", ""rc103C15"", ""c101_21"", ""r101_21"", ""rc101_21""]","[2014, 2015, 2016]",solution,verified_legacy,results/stage03.0_measurement_attempt05/rc105C5/2016/stage03.0_measurement_attempt05_solution_rc105C5_2016.json,results/stage03-measurement_formal01/solutions/rc105C5-alns_stage02_constraint_guided-2016.json,feasible,,pass,NOT_READY_FOR_STAGE03_1,READY_FOR_STAGE03_ACCELERATION,pass,07b1f3b11b045328517d98b2d0c40fa8775d963d24888b70296134d8c64c58e6,raw_manifest,380c6e5877faec191d00c501af697deb073d861a644b2fb71e106c31a6c4fca6,50ed2d642f7e5ab1c495f9d43526dbc7ced2cb6e3521d8207719409066db928a,2ccfba6c447fa43a994934690acb67c7355ca04d232394907ed6938bc362c643,b1a46fc25008adf30baf3953f3a629ab406cec46bd9795a58b0334a37cc2cfcd,b226b97e0e67288aaaf85726ad855df71cb81406685c57c8e8c40cd8996aa0da,44b932fba181327b08895693ec5b3fd78831a818,False,"{""VRP-EVRP-Project-Hub"": {""dirty"": false, ""path"": ""/Users/guoyiyang/Documents/GitHub/FURP-2026-Yiyang-GUO-EVRP-TW/reference/VRP-EVRP-Project-Hub"", ""revision"": ""e3a890065105f978187e532642c4442522215e02""}, ""py-ga-VRPTW"": {""dirty"": false, ""path"": ""/Users/guoyiyang/Documents/GitHub/FURP-2026-Yiyang-GUO-EVRP-TW/reference/py-ga-VRPTW"", ""revision"": ""8e005caaaf6471a4505588d88c7f0f5e0d4ebffa""}}",stage02.3_constraint_guided_attempt16 + stage02.3_constraint_guided_rerun09,,preserve;see stage03_legacy_path_map.csv
stage03.0,measurement,stage03.0_measurement_attempt05,attempt05,stage03.0_measurement_attempt05,stage03_measurement_formal01,formal,c101C5,2014,"[""c101C5"", ""r105C5"", ""rc105C5"", ""c104C10"", ""r103C10"", ""rc102C10"", ""c106C15"", ""r105C15"", ""rc103C15"", ""c101_21"", ""r101_21"", ""rc101_21""]","[2014, 2015, 2016]",trace,verified_legacy,results/stage03.0_measurement_attempt05/c101C5/2014/stage03.0_measurement_attempt05_trace_c101C5_2014.json,results/stage03-measurement_formal01/traces/c101C5-alns_stage02_constraint_guided-2014.json,feasible,,pass,NOT_READY_FOR_STAGE03_1,READY_FOR_STAGE03_ACCELERATION,pass,2ff5fb40252d3e93d0d0002c81f1dd58302150790444862d7eba21c7678a5bd2,raw_manifest,380c6e5877faec191d00c501af697deb073d861a644b2fb71e106c31a6c4fca6,50ed2d642f7e5ab1c495f9d43526dbc7ced2cb6e3521d8207719409066db928a,8612d6d9aad051776097a5e50c7408f39352b8107b0639d58e5eda713f9ff876,0c36cb1a4a9947b60a1f68c7f7dfa87af8697fcac47f230c0cc84190797efff9,b226b97e0e67288aaaf85726ad855df71cb81406685c57c8e8c40cd8996aa0da,44b932fba181327b08895693ec5b3fd78831a818,False,"{""VRP-EVRP-Project-Hub"": {""dirty"": false, ""path"": ""/Users/guoyiyang/Documents/GitHub/FURP-2026-Yiyang-GUO-EVRP-TW/reference/VRP-EVRP-Project-Hub"", ""revision"": ""e3a890065105f978187e532642c4442522215e02""}, ""py-ga-VRPTW"": {""dirty"": false, ""path"": ""/Users/guoyiyang/Documents/GitHub/FURP-2026-Yiyang-GUO-EVRP-TW/reference/py-ga-VRPTW"", ""revision"": ""8e005caaaf6471a4505588d88c7f0f5e0d4ebffa""}}",stage02.3_constraint_guided_attempt16 + stage02.3_constraint_guided_rerun09,,preserve;see stage03_legacy_path_map.csv
stage03.0,measurement,stage03.0_measurement_attempt05,attempt05,stage03.0_measurement_attempt05,stage03_measurement_formal01,formal,c101C5,2015,"[""c101C5"", ""r105C5"", ""rc105C5"", ""c104C10"", ""r103C10"", ""rc102C10"", ""c106C15"", ""r105C15"", ""rc103C15"", ""c101_21"", ""r101_21"", ""rc101_21""]","[2014, 2015, 2016]",trace,verified_legacy,results/stage03.0_measurement_attempt05/c101C5/2015/stage03.0_measurement_attempt05_trace_c101C5_2015.json,results/stage03-measurement_formal01/traces/c101C5-alns_stage02_constraint_guided-2015.json,feasible,,pass,NOT_READY_FOR_STAGE03_1,READY_FOR_STAGE03_ACCELERATION,pass,56db367c49dd02ead79ba8ea97b8f74747f0814856ed86ec0885e84f3d4e2571,raw_manifest,380c6e5877faec191d00c501af697deb073d861a644b2fb71e106c31a6c4fca6,50ed2d642f7e5ab1c495f9d43526dbc7ced2cb6e3521d8207719409066db928a,8612d6d9aad051776097a5e50c7408f39352b8107b0639d58e5eda713f9ff876,d533183dafebaacdde28fca30e069d4c4ee979ddfdf1b04ae7c0167d0e50a1bc,b226b97e0e67288aaaf85726ad855df71cb81406685c57c8e8c40cd8996aa0da,44b932fba181327b08895693ec5b3fd78831a818,False,"{""VRP-EVRP-Project-Hub"": {""dirty"": false, ""path"": ""/Users/guoyiyang/Documents/GitHub/FURP-2026-Yiyang-GUO-EVRP-TW/reference/VRP-EVRP-Project-Hub"", ""revision"": ""e3a890065105f978187e532642c4442522215e02""}, ""py-ga-VRPTW"": {""dirty"": false, ""path"": ""/Users/guoyiyang/Documents/GitHub/FURP-2026-Yiyang-GUO-EVRP-TW/reference/py-ga-VRPTW"", ""revision"": ""8e005caaaf6471a4505588d88c7f0f5e0d4ebffa""}}",stage02.3_constraint_guided_attempt16 + stage02.3_constraint_guided_rerun09,,preserve;see stage03_legacy_path_map.csv
stage03.0,measurement,stage03.0_measurement_attempt05,attempt05,stage03.0_measurement_attempt05,stage03_measurement_formal01,formal,c101C5,2016,"[""c101C5"", ""r105C5"", ""rc105C5"", ""c104C10"", ""r103C10"", ""rc102C10"", ""c106C15"", ""r105C15"", ""rc103C15"", ""c101_21"", ""r101_21"", ""rc101_21""]","[2014, 2015, 2016]",trace,verified_legacy,results/stage03.0_measurement_attempt05/c101C5/2016/stage03.0_measurement_attempt05_trace_c101C5_2016.json,results/stage03-measurement_formal01/traces/c101C5-alns_stage02_constraint_guided-2016.json,feasible,,pass,NOT_READY_FOR_STAGE03_1,READY_FOR_STAGE03_ACCELERATION,pass,3b0ccdc617b09230b39eec2bf89463c9662a5e7312b1bef8c2acec785c8413f7,raw_manifest,380c6e5877faec191d00c501af697deb073d861a644b2fb71e106c31a6c4fca6,50ed2d642f7e5ab1c495f9d43526dbc7ced2cb6e3521d8207719409066db928a,8612d6d9aad051776097a5e50c7408f39352b8107b0639d58e5eda713f9ff876,b30dc1471ace08074befd3141254bf0e665e4702a042eab513b16cd0de516d0a,b226b97e0e67288aaaf85726ad855df71cb81406685c57c8e8c40cd8996aa0da,44b932fba181327b08895693ec5b3fd78831a818,False,"{""VRP-EVRP-Project-Hub"": {""dirty"": false, ""path"": ""/Users/guoyiyang/Documents/GitHub/FURP-2026-Yiyang-GUO-EVRP-TW/reference/VRP-EVRP-Project-Hub"", ""revision"": ""e3a890065105f978187e532642c4442522215e02""}, ""py-ga-VRPTW"": {""dirty"": false, ""path"": ""/Users/guoyiyang/Documents/GitHub/FURP-2026-Yiyang-GUO-EVRP-TW/reference/py-ga-VRPTW"", ""revision"": ""8e005caaaf6471a4505588d88c7f0f5e0d4ebffa""}}",stage02.3_constraint_guided_attempt16 + stage02.3_constraint_guided_rerun09,,preserve;see stage03_legacy_path_map.csv
stage03.0,measurement,stage03.0_measurement_attempt05,attempt05,stage03.0_measurement_attempt05,stage03_measurement_formal01,formal,c101_21,2014,"[""c101C5"", ""r105C5"", ""rc105C5"", ""c104C10"", ""r103C10"", ""rc102C10"", ""c106C15"", ""r105C15"", ""rc103C15"", ""c101_21"", ""r101_21"", ""rc101_21""]","[2014, 2015, 2016]",trace,verified_legacy,results/stage03.0_measurement_attempt05/c101_21/2014/stage03.0_measurement_attempt05_trace_c101_21_2014.json,results/stage03-measurement_formal01/traces/c101_21-alns_stage02_constraint_guided-2014.json,feasible,,pass,NOT_READY_FOR_STAGE03_1,READY_FOR_STAGE03_ACCELERATION,pass,e6266b62c12309a4a9444fc6843cebb17b1be4e86e8e881978e16816d4dafba3,raw_manifest,380c6e5877faec191d00c501af697deb073d861a644b2fb71e106c31a6c4fca6,50ed2d642f7e5ab1c495f9d43526dbc7ced2cb6e3521d8207719409066db928a,c5cda6ca63a7d518902cf4b02d98b4aa0f373aaa0658d5c666d1c46d38871cb9,f7e159e3be7f08ea6703e81679a159d52856c79d01ce5d0facde6aa9ea475d75,b226b97e0e67288aaaf85726ad855df71cb81406685c57c8e8c40cd8996aa0da,44b932fba181327b08895693ec5b3fd78831a818,False,"{""VRP-EVRP-Project-Hub"": {""dirty"": false, ""path"": ""/Users/guoyiyang/Documents/GitHub/FURP-2026-Yiyang-GUO-EVRP-TW/reference/VRP-EVRP-Project-Hub"", ""revision"": ""e3a890065105f978187e532642c4442522215e02""}, ""py-ga-VRPTW"": {""dirty"": false, ""path"": ""/Users/guoyiyang/Documents/GitHub/FURP-2026-Yiyang-GUO-EVRP-TW/reference/py-ga-VRPTW"", ""revision"": ""8e005caaaf6471a4505588d88c7f0f5e0d4ebffa""}}",stage02.3_constraint_guided_attempt16 + stage02.3_constraint_guided_rerun09,,preserve;see stage03_legacy_path_map.csv
stage03.0,measurement,stage03.0_measurement_attempt05,attempt05,stage03.0_measurement_attempt05,stage03_measurement_formal01,formal,c101_21,2015,"[""c101C5"", ""r105C5"", ""rc105C5"", ""c104C10"", ""r103C10"", ""rc102C10"", ""c106C15"", ""r105C15"", ""rc103C15"", ""c101_21"", ""r101_21"", ""rc101_21""]","[2014, 2015, 2016]",trace,verified_legacy,results/stage03.0_measurement_attempt05/c101_21/2015/stage03.0_measurement_attempt05_trace_c101_21_2015.json,results/stage03-measurement_formal01/traces/c101_21-alns_stage02_constraint_guided-2015.json,feasible,,pass,NOT_READY_FOR_STAGE03_1,READY_FOR_STAGE03_ACCELERATION,pass,894118c704e2a03728109b21117593526479edeaeed87bfa9bbc84e7cf715bc7,raw_manifest,380c6e5877faec191d00c501af697deb073d861a644b2fb71e106c31a6c4fca6,50ed2d642f7e5ab1c495f9d43526dbc7ced2cb6e3521d8207719409066db928a,c5cda6ca63a7d518902cf4b02d98b4aa0f373aaa0658d5c666d1c46d38871cb9,e260b80680ba3fa05bcd8648e18c57d62acb891fa594c880104ab6e88acb7861,b226b97e0e67288aaaf85726ad855df71cb81406685c57c8e8c40cd8996aa0da,44b932fba181327b08895693ec5b3fd78831a818,False,"{""VRP-EVRP-Project-Hub"": {""dirty"": false, ""path"": ""/Users/guoyiyang/Documents/GitHub/FURP-2026-Yiyang-GUO-EVRP-TW/reference/VRP-EVRP-Project-Hub"", ""revision"": ""e3a890065105f978187e532642c4442522215e02""}, ""py-ga-VRPTW"": {""dirty"": false, ""path"": ""/Users/guoyiyang/Documents/GitHub/FURP-2026-Yiyang-GUO-EVRP-TW/reference/py-ga-VRPTW"", ""revision"": ""8e005caaaf6471a4505588d88c7f0f5e0d4ebffa""}}",stage02.3_constraint_guided_attempt16 + stage02.3_constraint_guided_rerun09,,preserve;see stage03_legacy_path_map.csv
stage03.0,measurement,stage03.0_measurement_attempt05,attempt05,stage03.0_measurement_attempt05,stage03_measurement_formal01,formal,c101_21,2016,"[""c101C5"", ""r105C5"", ""rc105C5"", ""c104C10"", ""r103C10"", ""rc102C10"", ""c106C15"", ""r105C15"", ""rc103C15"", ""c101_21"", ""r101_21"", ""rc101_21""]","[2014, 2015, 2016]",trace,verified_legacy,results/stage03.0_measurement_attempt05/c101_21/2016/stage03.0_measurement_attempt05_trace_c101_21_2016.json,results/stage03-measurement_formal01/traces/c101_21-alns_stage02_constraint_guided-2016.json,feasible,,pass,NOT_READY_FOR_STAGE03_1,READY_FOR_STAGE03_ACCELERATION,pass,8970caed313a0b4959c184535e4fded43b09c4850d2a57ef85ed8c7a1e5bcd6b,raw_manifest,380c6e5877faec191d00c501af697deb073d861a644b2fb71e106c31a6c4fca6,50ed2d642f7e5ab1c495f9d43526dbc7ced2cb6e3521d8207719409066db928a,c5cda6ca63a7d518902cf4b02d98b4aa0f373aaa0658d5c666d1c46d38871cb9,8b7572e435a62bf6b7ff74b6b2c99516521942bb0cdcf0392e72ae9b5a34157c,b226b97e0e67288aaaf85726ad855df71cb81406685c57c8e8c40cd8996aa0da,44b932fba181327b08895693ec5b3fd78831a818,False,"{""VRP-EVRP-Project-Hub"": {""dirty"": false, ""path"": ""/Users/guoyiyang/Documents/GitHub/FURP-2026-Yiyang-GUO-EVRP-TW/reference/VRP-EVRP-Project-Hub"", ""revision"": ""e3a890065105f978187e532642c4442522215e02""}, ""py-ga-VRPTW"": {""dirty"": false, ""path"": ""/Users/guoyiyang/Documents/GitHub/FURP-2026-Yiyang-GUO-EVRP-TW/reference/py-ga-VRPTW"", ""revision"": ""8e005caaaf6471a4505588d88c7f0f5e0d4ebffa""}}",stage02.3_constraint_guided_attempt16 + stage02.3_constraint_guided_rerun09,,preserve;see stage03_legacy_path_map.csv
stage03.0,measurement,stage03.0_measurement_attempt05,attempt05,stage03.0_measurement_attempt05,stage03_measurement_formal01,formal,c104C10,2014,"[""c101C5"", ""r105C5"", ""rc105C5"", ""c104C10"", ""r103C10"", ""rc102C10"", ""c106C15"", ""r105C15"", ""rc103C15"", ""c101_21"", ""r101_21"", ""rc101_21""]","[2014, 2015, 2016]",trace,verified_legacy,results/stage03.0_measurement_attempt05/c104C10/2014/stage03.0_measurement_attempt05_trace_c104C10_2014.json,results/stage03-measurement_formal01/traces/c104C10-alns_stage02_constraint_guided-2014.json,feasible,,pass,NOT_READY_FOR_STAGE03_1,READY_FOR_STAGE03_ACCELERATION,pass,0319323723afd0f266f8263aac364c28403e8d60d78716e9b7a5dd0a1523f054,raw_manifest,380c6e5877faec191d00c501af697deb073d861a644b2fb71e106c31a6c4fca6,50ed2d642f7e5ab1c495f9d43526dbc7ced2cb6e3521d8207719409066db928a,f7816af706c1cf32dacaee45c710ff93ce53c9b56d17df657044e61e63d2c04b,367a22b89e90c1bdf8d63fd5ea763328e9159076b8848d2e557141e2ed32f465,b226b97e0e67288aaaf85726ad855df71cb81406685c57c8e8c40cd8996aa0da,44b932fba181327b08895693ec5b3fd78831a818,False,"{""VRP-EVRP-Project-Hub"": {""dirty"": false, ""path"": ""/Users/guoyiyang/Documents/GitHub/FURP-2026-Yiyang-GUO-EVRP-TW/reference/VRP-EVRP-Project-Hub"", ""revision"": ""e3a890065105f978187e532642c4442522215e02""}, ""py-ga-VRPTW"": {""dirty"": false, ""path"": ""/Users/guoyiyang/Documents/GitHub/FURP-2026-Yiyang-GUO-EVRP-TW/reference/py-ga-VRPTW"", ""revision"": ""8e005caaaf6471a4505588d88c7f0f5e0d4ebffa""}}",stage02.3_constraint_guided_attempt16 + stage02.3_constraint_guided_rerun09,,preserve;see stage03_legacy_path_map.csv
stage03.0,measurement,stage03.0_measurement_attempt05,attempt05,stage03.0_measurement_attempt05,stage03_measurement_formal01,formal,c104C10,2015,"[""c101C5"", ""r105C5"", ""rc105C5"", ""c104C10"", ""r103C10"", ""rc102C10"", ""c106C15"", ""r105C15"", ""rc103C15"", ""c101_21"", ""r101_21"", ""rc101_21""]","[2014, 2015, 2016]",trace,verified_legacy,results/stage03.0_measurement_attempt05/c104C10/2015/stage03.0_measurement_attempt05_trace_c104C10_2015.json,results/stage03-measurement_formal01/traces/c104C10-alns_stage02_constraint_guided-2015.json,feasible,,pass,NOT_READY_FOR_STAGE03_1,READY_FOR_STAGE03_ACCELERATION,pass,05edfca12575b8d77dacaeb80b388e55be330728e1617b79910a8b560e3a1cb2,raw_manifest,380c6e5877faec191d00c501af697deb073d861a644b2fb71e106c31a6c4fca6,50ed2d642f7e5ab1c495f9d43526dbc7ced2cb6e3521d8207719409066db928a,f7816af706c1cf32dacaee45c710ff93ce53c9b56d17df657044e61e63d2c04b,f00d2705b26d1964dd268ad60436629229122c48af0f551cfb57afd17c9b2717,b226b97e0e67288aaaf85726ad855df71cb81406685c57c8e8c40cd8996aa0da,44b932fba181327b08895693ec5b3fd78831a818,False,"{""VRP-EVRP-Project-Hub"": {""dirty"": false, ""path"": ""/Users/guoyiyang/Documents/GitHub/FURP-2026-Yiyang-GUO-EVRP-TW/reference/VRP-EVRP-Project-Hub"", ""revision"": ""e3a890065105f978187e532642c4442522215e02""}, ""py-ga-VRPTW"": {""dirty"": false, ""path"": ""/Users/guoyiyang/Documents/GitHub/FURP-2026-Yiyang-GUO-EVRP-TW/reference/py-ga-VRPTW"", ""revision"": ""8e005caaaf6471a4505588d88c7f0f5e0d4ebffa""}}",stage02.3_constraint_guided_attempt16 + stage02.3_constraint_guided_rerun09,,preserve;see stage03_legacy_path_map.csv
stage03.0,measurement,stage03.0_measurement_attempt05,attempt05,stage03.0_measurement_attempt05,stage03_measurement_formal01,formal,c104C10,2016,"[""c101C5"", ""r105C5"", ""rc105C5"", ""c104C10"", ""r103C10"", ""rc102C10"", ""c106C15"", ""r105C15"", ""rc103C15"", ""c101_21"", ""r101_21"", ""rc101_21""]","[2014, 2015, 2016]",trace,verified_legacy,results/stage03.0_measurement_attempt05/c104C10/2016/stage03.0_measurement_attempt05_trace_c104C10_2016.json,results/stage03-measurement_formal01/traces/c104C10-alns_stage02_constraint_guided-2016.json,feasible,,pass,NOT_READY_FOR_STAGE03_1,READY_FOR_STAGE03_ACCELERATION,pass,cbcc7b8067bff12e7e0ccf87b730bfbe46ceebc51041606bfd54353a0b94178f,raw_manifest,380c6e5877faec191d00c501af697deb073d861a644b2fb71e106c31a6c4fca6,50ed2d642f7e5ab1c495f9d43526dbc7ced2cb6e3521d8207719409066db928a,f7816af706c1cf32dacaee45c710ff93ce53c9b56d17df657044e61e63d2c04b,7ce7868fc5bc5d9b19010178d727b06a4b0947afb3e85de55e9768e9033c2afd,b226b97e0e67288aaaf85726ad855df71cb81406685c57c8e8c40cd8996aa0da,44b932fba181327b08895693ec5b3fd78831a818,False,"{""VRP-EVRP-Project-Hub"": {""dirty"": false, ""path"": ""/Users/guoyiyang/Documents/GitHub/FURP-2026-Yiyang-GUO-EVRP-TW/reference/VRP-EVRP-Project-Hub"", ""revision"": ""e3a890065105f978187e532642c4442522215e02""}, ""py-ga-VRPTW"": {""dirty"": false, ""path"": ""/Users/guoyiyang/Documents/GitHub/FURP-2026-Yiyang-GUO-EVRP-TW/reference/py-ga-VRPTW"", ""revision"": ""8e005caaaf6471a4505588d88c7f0f5e0d4ebffa""}}",stage02.3_constraint_guided_attempt16 + stage02.3_constraint_guided_rerun09,,preserve;see stage03_legacy_path_map.csv
stage03.0,measurement,stage03.0_measurement_attempt05,attempt05,stage03.0_measurement_attempt05,stage03_measurement_formal01,formal,c106C15,2014,"[""c101C5"", ""r105C5"", ""rc105C5"", ""c104C10"", ""r103C10"", ""rc102C10"", ""c106C15"", ""r105C15"", ""rc103C15"", ""c101_21"", ""r101_21"", ""rc101_21""]","[2014, 2015, 2016]",trace,verified_legacy,results/stage03.0_measurement_attempt05/c106C15/2014/stage03.0_measurement_attempt05_trace_c106C15_2014.json,results/stage03-measurement_formal01/traces/c106C15-alns_stage02_constraint_guided-2014.json,feasible,,pass,NOT_READY_FOR_STAGE03_1,READY_FOR_STAGE03_ACCELERATION,pass,f20def0a0734e126ed611735feb2edc5457cd4216989cf6753489938bdcf78d0,raw_manifest,380c6e5877faec191d00c501af697deb073d861a644b2fb71e106c31a6c4fca6,50ed2d642f7e5ab1c495f9d43526dbc7ced2cb6e3521d8207719409066db928a,eba58a458a9fd13ae8fd404df8db1d04e49271326316256ee060468048881a86,0f0659e5bc11be29515fdb73e64a2e28eb1f3ae33463bd7fab889347ce0142ea,b226b97e0e67288aaaf85726ad855df71cb81406685c57c8e8c40cd8996aa0da,44b932fba181327b08895693ec5b3fd78831a818,False,"{""VRP-EVRP-Project-Hub"": {""dirty"": false, ""path"": ""/Users/guoyiyang/Documents/GitHub/FURP-2026-Yiyang-GUO-EVRP-TW/reference/VRP-EVRP-Project-Hub"", ""revision"": ""e3a890065105f978187e532642c4442522215e02""}, ""py-ga-VRPTW"": {""dirty"": false, ""path"": ""/Users/guoyiyang/Documents/GitHub/FURP-2026-Yiyang-GUO-EVRP-TW/reference/py-ga-VRPTW"", ""revision"": ""8e005caaaf6471a4505588d88c7f0f5e0d4ebffa""}}",stage02.3_constraint_guided_attempt16 + stage02.3_constraint_guided_rerun09,,preserve;see stage03_legacy_path_map.csv
stage03.0,measurement,stage03.0_measurement_attempt05,attempt05,stage03.0_measurement_attempt05,stage03_measurement_formal01,formal,c106C15,2015,"[""c101C5"", ""r105C5"", ""rc105C5"", ""c104C10"", ""r103C10"", ""rc102C10"", ""c106C15"", ""r105C15"", ""rc103C15"", ""c101_21"", ""r101_21"", ""rc101_21""]","[2014, 2015, 2016]",trace,verified_legacy,results/stage03.0_measurement_attempt05/c106C15/2015/stage03.0_measurement_attempt05_trace_c106C15_2015.json,results/stage03-measurement_formal01/traces/c106C15-alns_stage02_constraint_guided-2015.json,feasible,,pass,NOT_READY_FOR_STAGE03_1,READY_FOR_STAGE03_ACCELERATION,pass,42261ec3649d19cdee48645b7ab7d27a3e15f670bdd8f37384c15a173d23bf9f,raw_manifest,380c6e5877faec191d00c501af697deb073d861a644b2fb71e106c31a6c4fca6,50ed2d642f7e5ab1c495f9d43526dbc7ced2cb6e3521d8207719409066db928a,eba58a458a9fd13ae8fd404df8db1d04e49271326316256ee060468048881a86,2e11193dd7ce59a69dbe2754cc26eb09487348c475ea0ffccf60c8e1ca515429,b226b97e0e67288aaaf85726ad855df71cb81406685c57c8e8c40cd8996aa0da,44b932fba181327b08895693ec5b3fd78831a818,False,"{""VRP-EVRP-Project-Hub"": {""dirty"": false, ""path"": ""/Users/guoyiyang/Documents/GitHub/FURP-2026-Yiyang-GUO-EVRP-TW/reference/VRP-EVRP-Project-Hub"", ""revision"": ""e3a890065105f978187e532642c4442522215e02""}, ""py-ga-VRPTW"": {""dirty"": false, ""path"": ""/Users/guoyiyang/Documents/GitHub/FURP-2026-Yiyang-GUO-EVRP-TW/reference/py-ga-VRPTW"", ""revision"": ""8e005caaaf6471a4505588d88c7f0f5e0d4ebffa""}}",stage02.3_constraint_guided_attempt16 + stage02.3_constraint_guided_rerun09,,preserve;see stage03_legacy_path_map.csv
stage03.0,measurement,stage03.0_measurement_attempt05,attempt05,stage03.0_measurement_attempt05,stage03_measurement_formal01,formal,c106C15,2016,"[""c101C5"", ""r105C5"", ""rc105C5"", ""c104C10"", ""r103C10"", ""rc102C10"", ""c106C15"", ""r105C15"", ""rc103C15"", ""c101_21"", ""r101_21"", ""rc101_21""]","[2014, 2015, 2016]",trace,verified_legacy,results/stage03.0_measurement_attempt05/c106C15/2016/stage03.0_measurement_attempt05_trace_c106C15_2016.json,results/stage03-measurement_formal01/traces/c106C15-alns_stage02_constraint_guided-2016.json,feasible,,pass,NOT_READY_FOR_STAGE03_1,READY_FOR_STAGE03_ACCELERATION,pass,da539b837ef41cf44babc7f290d9b0e48862fe0e4ad6fbf49fad845e37e07f3d,raw_manifest,380c6e5877faec191d00c501af697deb073d861a644b2fb71e106c31a6c4fca6,50ed2d642f7e5ab1c495f9d43526dbc7ced2cb6e3521d8207719409066db928a,eba58a458a9fd13ae8fd404df8db1d04e49271326316256ee060468048881a86,14643465c858dae71e455c14c90652a1663c34034f87c42957c045e1af138553,b226b97e0e67288aaaf85726ad855df71cb81406685c57c8e8c40cd8996aa0da,44b932fba181327b08895693ec5b3fd78831a818,False,"{""VRP-EVRP-Project-Hub"": {""dirty"": false, ""path"": ""/Users/guoyiyang/Documents/GitHub/FURP-2026-Yiyang-GUO-EVRP-TW/reference/VRP-EVRP-Project-Hub"", ""revision"": ""e3a890065105f978187e532642c4442522215e02""}, ""py-ga-VRPTW"": {""dirty"": false, ""path"": ""/Users/guoyiyang/Documents/GitHub/FURP-2026-Yiyang-GUO-EVRP-TW/reference/py-ga-VRPTW"", ""revision"": ""8e005caaaf6471a4505588d88c7f0f5e0d4ebffa""}}",stage02.3_constraint_guided_attempt16 + stage02.3_constraint_guided_rerun09,,preserve;see stage03_legacy_path_map.csv
stage03.0,measurement,stage03.0_measurement_attempt05,attempt05,stage03.0_measurement_attempt05,stage03_measurement_formal01,formal,r101_21,2014,"[""c101C5"", ""r105C5"", ""rc105C5"", ""c104C10"", ""r103C10"", ""rc102C10"", ""c106C15"", ""r105C15"", ""rc103C15"", ""c101_21"", ""r101_21"", ""rc101_21""]","[2014, 2015, 2016]",trace,verified_legacy,results/stage03.0_measurement_attempt05/r101_21/2014/stage03.0_measurement_attempt05_trace_r101_21_2014.json,results/stage03-measurement_formal01/traces/r101_21-alns_stage02_constraint_guided-2014.json,feasible,,pass,NOT_READY_FOR_STAGE03_1,READY_FOR_STAGE03_ACCELERATION,pass,c95c6f0d4defda9a044976c4fbfafcf9c87396ef920139498d51daa7f36b86c6,raw_manifest,380c6e5877faec191d00c501af697deb073d861a644b2fb71e106c31a6c4fca6,50ed2d642f7e5ab1c495f9d43526dbc7ced2cb6e3521d8207719409066db928a,0e5a3dffffbd3c516b528ef32ba1a488b817d2f151fc3e8c81023814de1c103a,c68db7db97e008e9029f1dc142e53a5b1adf6877b82c651df4cb6b281795346e,b226b97e0e67288aaaf85726ad855df71cb81406685c57c8e8c40cd8996aa0da,44b932fba181327b08895693ec5b3fd78831a818,False,"{""VRP-EVRP-Project-Hub"": {""dirty"": false, ""path"": ""/Users/guoyiyang/Documents/GitHub/FURP-2026-Yiyang-GUO-EVRP-TW/reference/VRP-EVRP-Project-Hub"", ""revision"": ""e3a890065105f978187e532642c4442522215e02""}, ""py-ga-VRPTW"": {""dirty"": false, ""path"": ""/Users/guoyiyang/Documents/GitHub/FURP-2026-Yiyang-GUO-EVRP-TW/reference/py-ga-VRPTW"", ""revision"": ""8e005caaaf6471a4505588d88c7f0f5e0d4ebffa""}}",stage02.3_constraint_guided_attempt16 + stage02.3_constraint_guided_rerun09,,preserve;see stage03_legacy_path_map.csv
stage03.0,measurement,stage03.0_measurement_attempt05,attempt05,stage03.0_measurement_attempt05,stage03_measurement_formal01,formal,r101_21,2015,"[""c101C5"", ""r105C5"", ""rc105C5"", ""c104C10"", ""r103C10"", ""rc102C10"", ""c106C15"", ""r105C15"", ""rc103C15"", ""c101_21"", ""r101_21"", ""rc101_21""]","[2014, 2015, 2016]",trace,verified_legacy,results/stage03.0_measurement_attempt05/r101_21/2015/stage03.0_measurement_attempt05_trace_r101_21_2015.json,results/stage03-measurement_formal01/traces/r101_21-alns_stage02_constraint_guided-2015.json,feasible,,pass,NOT_READY_FOR_STAGE03_1,READY_FOR_STAGE03_ACCELERATION,pass,4101a5599b3c2c3253be28fcb7eb2c8ebe169f181bc1d5be7fccbd20bbd07b62,raw_manifest,380c6e5877faec191d00c501af697deb073d861a644b2fb71e106c31a6c4fca6,50ed2d642f7e5ab1c495f9d43526dbc7ced2cb6e3521d8207719409066db928a,0e5a3dffffbd3c516b528ef32ba1a488b817d2f151fc3e8c81023814de1c103a,64d12286b42bafa6656308c23bbde0b364cfd3e189801f2d40aece3cd1ed7a60,b226b97e0e67288aaaf85726ad855df71cb81406685c57c8e8c40cd8996aa0da,44b932fba181327b08895693ec5b3fd78831a818,False,"{""VRP-EVRP-Project-Hub"": {""dirty"": false, ""path"": ""/Users/guoyiyang/Documents/GitHub/FURP-2026-Yiyang-GUO-EVRP-TW/reference/VRP-EVRP-Project-Hub"", ""revision"": ""e3a890065105f978187e532642c4442522215e02""}, ""py-ga-VRPTW"": {""dirty"": false, ""path"": ""/Users/guoyiyang/Documents/GitHub/FURP-2026-Yiyang-GUO-EVRP-TW/reference/py-ga-VRPTW"", ""revision"": ""8e005caaaf6471a4505588d88c7f0f5e0d4ebffa""}}",stage02.3_constraint_guided_attempt16 + stage02.3_constraint_guided_rerun09,,preserve;see stage03_legacy_path_map.csv
stage03.0,measurement,stage03.0_measurement_attempt05,attempt05,stage03.0_measurement_attempt05,stage03_measurement_formal01,formal,r101_21,2016,"[""c101C5"", ""r105C5"", ""rc105C5"", ""c104C10"", ""r103C10"", ""rc102C10"", ""c106C15"", ""r105C15"", ""rc103C15"", ""c101_21"", ""r101_21"", ""rc101_21""]","[2014, 2015, 2016]",trace,verified_legacy,results/stage03.0_measurement_attempt05/r101_21/2016/stage03.0_measurement_attempt05_trace_r101_21_2016.json,results/stage03-measurement_formal01/traces/r101_21-alns_stage02_constraint_guided-2016.json,feasible,,pass,NOT_READY_FOR_STAGE03_1,READY_FOR_STAGE03_ACCELERATION,pass,6a9ee95dd5135d983fba3770eaa9d13e7cc5b806e00e9d64710fd93ecfa64d9f,raw_manifest,380c6e5877faec191d00c501af697deb073d861a644b2fb71e106c31a6c4fca6,50ed2d642f7e5ab1c495f9d43526dbc7ced2cb6e3521d8207719409066db928a,0e5a3dffffbd3c516b528ef32ba1a488b817d2f151fc3e8c81023814de1c103a,5b7ac2327fa8836e223ad23c4d964f26f5fd18ee4ac3e87b1e956a850f277903,b226b97e0e67288aaaf85726ad855df71cb81406685c57c8e8c40cd8996aa0da,44b932fba181327b08895693ec5b3fd78831a818,False,"{""VRP-EVRP-Project-Hub"": {""dirty"": false, ""path"": ""/Users/guoyiyang/Documents/GitHub/FURP-2026-Yiyang-GUO-EVRP-TW/reference/VRP-EVRP-Project-Hub"", ""revision"": ""e3a890065105f978187e532642c4442522215e02""}, ""py-ga-VRPTW"": {""dirty"": false, ""path"": ""/Users/guoyiyang/Documents/GitHub/FURP-2026-Yiyang-GUO-EVRP-TW/reference/py-ga-VRPTW"", ""revision"": ""8e005caaaf6471a4505588d88c7f0f5e0d4ebffa""}}",stage02.3_constraint_guided_attempt16 + stage02.3_constraint_guided_rerun09,,preserve;see stage03_legacy_path_map.csv
stage03.0,measurement,stage03.0_measurement_attempt05,attempt05,stage03.0_measurement_attempt05,stage03_measurement_formal01,formal,r103C10,2014,"[""c101C5"", ""r105C5"", ""rc105C5"", ""c104C10"", ""r103C10"", ""rc102C10"", ""c106C15"", ""r105C15"", ""rc103C15"", ""c101_21"", ""r101_21"", ""rc101_21""]","[2014, 2015, 2016]",trace,verified_legacy,results/stage03.0_measurement_attempt05/r103C10/2014/stage03.0_measurement_attempt05_trace_r103C10_2014.json,results/stage03-measurement_formal01/traces/r103C10-alns_stage02_constraint_guided-2014.json,feasible,,pass,NOT_READY_FOR_STAGE03_1,READY_FOR_STAGE03_ACCELERATION,pass,11e1815be982ac7a6c12e6b462ca22c87bb156df8745ea456b719e41c8479972,raw_manifest,380c6e5877faec191d00c501af697deb073d861a644b2fb71e106c31a6c4fca6,50ed2d642f7e5ab1c495f9d43526dbc7ced2cb6e3521d8207719409066db928a,00debfb0e1fa34796b1644a045a064f52cb1f35052df9faa485db4b4f5ff512e,3c33eac758302ecedaf8cd26fed48e06fc135ab2515e9049a51be0ec7135581a,b226b97e0e67288aaaf85726ad855df71cb81406685c57c8e8c40cd8996aa0da,44b932fba181327b08895693ec5b3fd78831a818,False,"{""VRP-EVRP-Project-Hub"": {""dirty"": false, ""path"": ""/Users/guoyiyang/Documents/GitHub/FURP-2026-Yiyang-GUO-EVRP-TW/reference/VRP-EVRP-Project-Hub"", ""revision"": ""e3a890065105f978187e532642c4442522215e02""}, ""py-ga-VRPTW"": {""dirty"": false, ""path"": ""/Users/guoyiyang/Documents/GitHub/FURP-2026-Yiyang-GUO-EVRP-TW/reference/py-ga-VRPTW"", ""revision"": ""8e005caaaf6471a4505588d88c7f0f5e0d4ebffa""}}",stage02.3_constraint_guided_attempt16 + stage02.3_constraint_guided_rerun09,,preserve;see stage03_legacy_path_map.csv
stage03.0,measurement,stage03.0_measurement_attempt05,attempt05,stage03.0_measurement_attempt05,stage03_measurement_formal01,formal,r103C10,2015,"[""c101C5"", ""r105C5"", ""rc105C5"", ""c104C10"", ""r103C10"", ""rc102C10"", ""c106C15"", ""r105C15"", ""rc103C15"", ""c101_21"", ""r101_21"", ""rc101_21""]","[2014, 2015, 2016]",trace,verified_legacy,results/stage03.0_measurement_attempt05/r103C10/2015/stage03.0_measurement_attempt05_trace_r103C10_2015.json,results/stage03-measurement_formal01/traces/r103C10-alns_stage02_constraint_guided-2015.json,feasible,,pass,NOT_READY_FOR_STAGE03_1,READY_FOR_STAGE03_ACCELERATION,pass,a1cb034a1626432fdc89c71e33bc9b77f00d3b6d707009165f30ee7844d5ffd2,raw_manifest,380c6e5877faec191d00c501af697deb073d861a644b2fb71e106c31a6c4fca6,50ed2d642f7e5ab1c495f9d43526dbc7ced2cb6e3521d8207719409066db928a,00debfb0e1fa34796b1644a045a064f52cb1f35052df9faa485db4b4f5ff512e,712d10dcef01d995dba69cfb6ed3f28dcd04f732c1a2d75534dffe8d095e1d68,b226b97e0e67288aaaf85726ad855df71cb81406685c57c8e8c40cd8996aa0da,44b932fba181327b08895693ec5b3fd78831a818,False,"{""VRP-EVRP-Project-Hub"": {""dirty"": false, ""path"": ""/Users/guoyiyang/Documents/GitHub/FURP-2026-Yiyang-GUO-EVRP-TW/reference/VRP-EVRP-Project-Hub"", ""revision"": ""e3a890065105f978187e532642c4442522215e02""}, ""py-ga-VRPTW"": {""dirty"": false, ""path"": ""/Users/guoyiyang/Documents/GitHub/FURP-2026-Yiyang-GUO-EVRP-TW/reference/py-ga-VRPTW"", ""revision"": ""8e005caaaf6471a4505588d88c7f0f5e0d4ebffa""}}",stage02.3_constraint_guided_attempt16 + stage02.3_constraint_guided_rerun09,,preserve;see stage03_legacy_path_map.csv
stage03.0,measurement,stage03.0_measurement_attempt05,attempt05,stage03.0_measurement_attempt05,stage03_measurement_formal01,formal,r103C10,2016,"[""c101C5"", ""r105C5"", ""rc105C5"", ""c104C10"", ""r103C10"", ""rc102C10"", ""c106C15"", ""r105C15"", ""rc103C15"", ""c101_21"", ""r101_21"", ""rc101_21""]","[2014, 2015, 2016]",trace,verified_legacy,results/stage03.0_measurement_attempt05/r103C10/2016/stage03.0_measurement_attempt05_trace_r103C10_2016.json,results/stage03-measurement_formal01/traces/r103C10-alns_stage02_constraint_guided-2016.json,feasible,,pass,NOT_READY_FOR_STAGE03_1,READY_FOR_STAGE03_ACCELERATION,pass,7be57858f2e4eed323a5bee84e960ed4f6854d7aa50af19ac6b3771d3ca01e1e,raw_manifest,380c6e5877faec191d00c501af697deb073d861a644b2fb71e106c31a6c4fca6,50ed2d642f7e5ab1c495f9d43526dbc7ced2cb6e3521d8207719409066db928a,00debfb0e1fa34796b1644a045a064f52cb1f35052df9faa485db4b4f5ff512e,7a33d981160751df34a480d48671e1a44b64fed0c2a760be6f379a12f6c4a616,b226b97e0e67288aaaf85726ad855df71cb81406685c57c8e8c40cd8996aa0da,44b932fba181327b08895693ec5b3fd78831a818,False,"{""VRP-EVRP-Project-Hub"": {""dirty"": false, ""path"": ""/Users/guoyiyang/Documents/GitHub/FURP-2026-Yiyang-GUO-EVRP-TW/reference/VRP-EVRP-Project-Hub"", ""revision"": ""e3a890065105f978187e532642c4442522215e02""}, ""py-ga-VRPTW"": {""dirty"": false, ""path"": ""/Users/guoyiyang/Documents/GitHub/FURP-2026-Yiyang-GUO-EVRP-TW/reference/py-ga-VRPTW"", ""revision"": ""8e005caaaf6471a4505588d88c7f0f5e0d4ebffa""}}",stage02.3_constraint_guided_attempt16 + stage02.3_constraint_guided_rerun09,,preserve;see stage03_legacy_path_map.csv
stage03.0,measurement,stage03.0_measurement_attempt05,attempt05,stage03.0_measurement_attempt05,stage03_measurement_formal01,formal,r105C15,2014,"[""c101C5"", ""r105C5"", ""rc105C5"", ""c104C10"", ""r103C10"", ""rc102C10"", ""c106C15"", ""r105C15"", ""rc103C15"", ""c101_21"", ""r101_21"", ""rc101_21""]","[2014, 2015, 2016]",trace,verified_legacy,results/stage03.0_measurement_attempt05/r105C15/2014/stage03.0_measurement_attempt05_trace_r105C15_2014.json,results/stage03-measurement_formal01/traces/r105C15-alns_stage02_constraint_guided-2014.json,feasible,,pass,NOT_READY_FOR_STAGE03_1,READY_FOR_STAGE03_ACCELERATION,pass,b7036d0d653f22e4fc057927117388c2514c2572b43ea00b7f31ac2e4d101e48,raw_manifest,380c6e5877faec191d00c501af697deb073d861a644b2fb71e106c31a6c4fca6,50ed2d642f7e5ab1c495f9d43526dbc7ced2cb6e3521d8207719409066db928a,937f3e630e6afef1a148dc223dd1d6ad2d11cfff557803e68a50e981e3ceaa44,34081af8d566284dfcfbeb2edc4216f6660ef6f0051c2a3fce286aed359ee455,b226b97e0e67288aaaf85726ad855df71cb81406685c57c8e8c40cd8996aa0da,44b932fba181327b08895693ec5b3fd78831a818,False,"{""VRP-EVRP-Project-Hub"": {""dirty"": false, ""path"": ""/Users/guoyiyang/Documents/GitHub/FURP-2026-Yiyang-GUO-EVRP-TW/reference/VRP-EVRP-Project-Hub"", ""revision"": ""e3a890065105f978187e532642c4442522215e02""}, ""py-ga-VRPTW"": {""dirty"": false, ""path"": ""/Users/guoyiyang/Documents/GitHub/FURP-2026-Yiyang-GUO-EVRP-TW/reference/py-ga-VRPTW"", ""revision"": ""8e005caaaf6471a4505588d88c7f0f5e0d4ebffa""}}",stage02.3_constraint_guided_attempt16 + stage02.3_constraint_guided_rerun09,,preserve;see stage03_legacy_path_map.csv
stage03.0,measurement,stage03.0_measurement_attempt05,attempt05,stage03.0_measurement_attempt05,stage03_measurement_formal01,formal,r105C15,2015,"[""c101C5"", ""r105C5"", ""rc105C5"", ""c104C10"", ""r103C10"", ""rc102C10"", ""c106C15"", ""r105C15"", ""rc103C15"", ""c101_21"", ""r101_21"", ""rc101_21""]","[2014, 2015, 2016]",trace,verified_legacy,results/stage03.0_measurement_attempt05/r105C15/2015/stage03.0_measurement_attempt05_trace_r105C15_2015.json,results/stage03-measurement_formal01/traces/r105C15-alns_stage02_constraint_guided-2015.json,feasible,,pass,NOT_READY_FOR_STAGE03_1,READY_FOR_STAGE03_ACCELERATION,pass,f581088a550991cbe0099f9d841f9d9993bcd218d521508459e85c4314e6d6b4,raw_manifest,380c6e5877faec191d00c501af697deb073d861a644b2fb71e106c31a6c4fca6,50ed2d642f7e5ab1c495f9d43526dbc7ced2cb6e3521d8207719409066db928a,937f3e630e6afef1a148dc223dd1d6ad2d11cfff557803e68a50e981e3ceaa44,9b71d349bef0ff48d8a6fbdc65523997ba8d8c519442d3ca89ba9d7fef5d31c1,b226b97e0e67288aaaf85726ad855df71cb81406685c57c8e8c40cd8996aa0da,44b932fba181327b08895693ec5b3fd78831a818,False,"{""VRP-EVRP-Project-Hub"": {""dirty"": false, ""path"": ""/Users/guoyiyang/Documents/GitHub/FURP-2026-Yiyang-GUO-EVRP-TW/reference/VRP-EVRP-Project-Hub"", ""revision"": ""e3a890065105f978187e532642c4442522215e02""}, ""py-ga-VRPTW"": {""dirty"": false, ""path"": ""/Users/guoyiyang/Documents/GitHub/FURP-2026-Yiyang-GUO-EVRP-TW/reference/py-ga-VRPTW"", ""revision"": ""8e005caaaf6471a4505588d88c7f0f5e0d4ebffa""}}",stage02.3_constraint_guided_attempt16 + stage02.3_constraint_guided_rerun09,,preserve;see stage03_legacy_path_map.csv
stage03.0,measurement,stage03.0_measurement_attempt05,attempt05,stage03.0_measurement_attempt05,stage03_measurement_formal01,formal,r105C15,2016,"[""c101C5"", ""r105C5"", ""rc105C5"", ""c104C10"", ""r103C10"", ""rc102C10"", ""c106C15"", ""r105C15"", ""rc103C15"", ""c101_21"", ""r101_21"", ""rc101_21""]","[2014, 2015, 2016]",trace,verified_legacy,results/stage03.0_measurement_attempt05/r105C15/2016/stage03.0_measurement_attempt05_trace_r105C15_2016.json,results/stage03-measurement_formal01/traces/r105C15-alns_stage02_constraint_guided-2016.json,feasible,,pass,NOT_READY_FOR_STAGE03_1,READY_FOR_STAGE03_ACCELERATION,pass,1738ec0a7ad67253c913f3c2a6e2b667db2432ddea5f9040821c3b7d6b7ef001,raw_manifest,380c6e5877faec191d00c501af697deb073d861a644b2fb71e106c31a6c4fca6,50ed2d642f7e5ab1c495f9d43526dbc7ced2cb6e3521d8207719409066db928a,937f3e630e6afef1a148dc223dd1d6ad2d11cfff557803e68a50e981e3ceaa44,c4c70b081693b9dd6508164def82edb9bc11ba0c42efdff26827f47659164e49,b226b97e0e67288aaaf85726ad855df71cb81406685c57c8e8c40cd8996aa0da,44b932fba181327b08895693ec5b3fd78831a818,False,"{""VRP-EVRP-Project-Hub"": {""dirty"": false, ""path"": ""/Users/guoyiyang/Documents/GitHub/FURP-2026-Yiyang-GUO-EVRP-TW/reference/VRP-EVRP-Project-Hub"", ""revision"": ""e3a890065105f978187e532642c4442522215e02""}, ""py-ga-VRPTW"": {""dirty"": false, ""path"": ""/Users/guoyiyang/Documents/GitHub/FURP-2026-Yiyang-GUO-EVRP-TW/reference/py-ga-VRPTW"", ""revision"": ""8e005caaaf6471a4505588d88c7f0f5e0d4ebffa""}}",stage02.3_constraint_guided_attempt16 + stage02.3_constraint_guided_rerun09,,preserve;see stage03_legacy_path_map.csv
stage03.0,measurement,stage03.0_measurement_attempt05,attempt05,stage03.0_measurement_attempt05,stage03_measurement_formal01,formal,r105C5,2014,"[""c101C5"", ""r105C5"", ""rc105C5"", ""c104C10"", ""r103C10"", ""rc102C10"", ""c106C15"", ""r105C15"", ""rc103C15"", ""c101_21"", ""r101_21"", ""rc101_21""]","[2014, 2015, 2016]",trace,verified_legacy,results/stage03.0_measurement_attempt05/r105C5/2014/stage03.0_measurement_attempt05_trace_r105C5_2014.json,results/stage03-measurement_formal01/traces/r105C5-alns_stage02_constraint_guided-2014.json,feasible,,pass,NOT_READY_FOR_STAGE03_1,READY_FOR_STAGE03_ACCELERATION,pass,4b17481f26b72cd2cfdf41bac497ea73c030aa1e23ca7c121af1ae1af3b38557,raw_manifest,380c6e5877faec191d00c501af697deb073d861a644b2fb71e106c31a6c4fca6,50ed2d642f7e5ab1c495f9d43526dbc7ced2cb6e3521d8207719409066db928a,eb27ec04e799ee6d39dee3d66f15128e197811afa8c664295acbdf6444176434,18bac09d872478484b6ea6f822b27818455d00fb8c4e42ee872b06c2e1e19f6f,b226b97e0e67288aaaf85726ad855df71cb81406685c57c8e8c40cd8996aa0da,44b932fba181327b08895693ec5b3fd78831a818,False,"{""VRP-EVRP-Project-Hub"": {""dirty"": false, ""path"": ""/Users/guoyiyang/Documents/GitHub/FURP-2026-Yiyang-GUO-EVRP-TW/reference/VRP-EVRP-Project-Hub"", ""revision"": ""e3a890065105f978187e532642c4442522215e02""}, ""py-ga-VRPTW"": {""dirty"": false, ""path"": ""/Users/guoyiyang/Documents/GitHub/FURP-2026-Yiyang-GUO-EVRP-TW/reference/py-ga-VRPTW"", ""revision"": ""8e005caaaf6471a4505588d88c7f0f5e0d4ebffa""}}",stage02.3_constraint_guided_attempt16 + stage02.3_constraint_guided_rerun09,,preserve;see stage03_legacy_path_map.csv
stage03.0,measurement,stage03.0_measurement_attempt05,attempt05,stage03.0_measurement_attempt05,stage03_measurement_formal01,formal,r105C5,2015,"[""c101C5"", ""r105C5"", ""rc105C5"", ""c104C10"", ""r103C10"", ""rc102C10"", ""c106C15"", ""r105C15"", ""rc103C15"", ""c101_21"", ""r101_21"", ""rc101_21""]","[2014, 2015, 2016]",trace,verified_legacy,results/stage03.0_measurement_attempt05/r105C5/2015/stage03.0_measurement_attempt05_trace_r105C5_2015.json,results/stage03-measurement_formal01/traces/r105C5-alns_stage02_constraint_guided-2015.json,feasible,,pass,NOT_READY_FOR_STAGE03_1,READY_FOR_STAGE03_ACCELERATION,pass,5a7caa4cea6bd73a6f83af97187a2b0e1663cc2d142309e614d42c1637149fac,raw_manifest,380c6e5877faec191d00c501af697deb073d861a644b2fb71e106c31a6c4fca6,50ed2d642f7e5ab1c495f9d43526dbc7ced2cb6e3521d8207719409066db928a,eb27ec04e799ee6d39dee3d66f15128e197811afa8c664295acbdf6444176434,4ba78eb23b8b0e21e93a074308912ac3554467a05f04fa0413a7f25f6838d822,b226b97e0e67288aaaf85726ad855df71cb81406685c57c8e8c40cd8996aa0da,44b932fba181327b08895693ec5b3fd78831a818,False,"{""VRP-EVRP-Project-Hub"": {""dirty"": false, ""path"": ""/Users/guoyiyang/Documents/GitHub/FURP-2026-Yiyang-GUO-EVRP-TW/reference/VRP-EVRP-Project-Hub"", ""revision"": ""e3a890065105f978187e532642c4442522215e02""}, ""py-ga-VRPTW"": {""dirty"": false, ""path"": ""/Users/guoyiyang/Documents/GitHub/FURP-2026-Yiyang-GUO-EVRP-TW/reference/py-ga-VRPTW"", ""revision"": ""8e005caaaf6471a4505588d88c7f0f5e0d4ebffa""}}",stage02.3_constraint_guided_attempt16 + stage02.3_constraint_guided_rerun09,,preserve;see stage03_legacy_path_map.csv
stage03.0,measurement,stage03.0_measurement_attempt05,attempt05,stage03.0_measurement_attempt05,stage03_measurement_formal01,formal,r105C5,2016,"[""c101C5"", ""r105C5"", ""rc105C5"", ""c104C10"", ""r103C10"", ""rc102C10"", ""c106C15"", ""r105C15"", ""rc103C15"", ""c101_21"", ""r101_21"", ""rc101_21""]","[2014, 2015, 2016]",trace,verified_legacy,results/stage03.0_measurement_attempt05/r105C5/2016/stage03.0_measurement_attempt05_trace_r105C5_2016.json,results/stage03-measurement_formal01/traces/r105C5-alns_stage02_constraint_guided-2016.json,feasible,,pass,NOT_READY_FOR_STAGE03_1,READY_FOR_STAGE03_ACCELERATION,pass,d375d786a9bd093ed66dd394e981662d4e0417e2261e8b3fb0c6165af4ccb616,raw_manifest,380c6e5877faec191d00c501af697deb073d861a644b2fb71e106c31a6c4fca6,50ed2d642f7e5ab1c495f9d43526dbc7ced2cb6e3521d8207719409066db928a,eb27ec04e799ee6d39dee3d66f15128e197811afa8c664295acbdf6444176434,c6f2194935fc05838da61161b16578dda21b3af1906d011ba89e1278dc7436a7,b226b97e0e67288aaaf85726ad855df71cb81406685c57c8e8c40cd8996aa0da,44b932fba181327b08895693ec5b3fd78831a818,False,"{""VRP-EVRP-Project-Hub"": {""dirty"": false, ""path"": ""/Users/guoyiyang/Documents/GitHub/FURP-2026-Yiyang-GUO-EVRP-TW/reference/VRP-EVRP-Project-Hub"", ""revision"": ""e3a890065105f978187e532642c4442522215e02""}, ""py-ga-VRPTW"": {""dirty"": false, ""path"": ""/Users/guoyiyang/Documents/GitHub/FURP-2026-Yiyang-GUO-EVRP-TW/reference/py-ga-VRPTW"", ""revision"": ""8e005caaaf6471a4505588d88c7f0f5e0d4ebffa""}}",stage02.3_constraint_guided_attempt16 + stage02.3_constraint_guided_rerun09,,preserve;see stage03_legacy_path_map.csv
stage03.0,measurement,stage03.0_measurement_attempt05,attempt05,stage03.0_measurement_attempt05,stage03_measurement_formal01,formal,rc101_21,2014,"[""c101C5"", ""r105C5"", ""rc105C5"", ""c104C10"", ""r103C10"", ""rc102C10"", ""c106C15"", ""r105C15"", ""rc103C15"", ""c101_21"", ""r101_21"", ""rc101_21""]","[2014, 2015, 2016]",trace,verified_legacy,results/stage03.0_measurement_attempt05/rc101_21/2014/stage03.0_measurement_attempt05_trace_rc101_21_2014.json,results/stage03-measurement_formal01/traces/rc101_21-alns_stage02_constraint_guided-2014.json,feasible,,pass,NOT_READY_FOR_STAGE03_1,READY_FOR_STAGE03_ACCELERATION,pass,63da3dcaf9d904da0b79f26b96e54654ec180d46343ee317f57cf6efdcd6b5d3,raw_manifest,380c6e5877faec191d00c501af697deb073d861a644b2fb71e106c31a6c4fca6,50ed2d642f7e5ab1c495f9d43526dbc7ced2cb6e3521d8207719409066db928a,272a3e58d53d4ba9516f01506164cf8a9b98bfeeb8dbd1fd62f6557e4c98e3a1,8e4d65f43ad9636e55d9c59484574f882f9dd2ecd08a139e09a82481141a9a42,b226b97e0e67288aaaf85726ad855df71cb81406685c57c8e8c40cd8996aa0da,44b932fba181327b08895693ec5b3fd78831a818,False,"{""VRP-EVRP-Project-Hub"": {""dirty"": false, ""path"": ""/Users/guoyiyang/Documents/GitHub/FURP-2026-Yiyang-GUO-EVRP-TW/reference/VRP-EVRP-Project-Hub"", ""revision"": ""e3a890065105f978187e532642c4442522215e02""}, ""py-ga-VRPTW"": {""dirty"": false, ""path"": ""/Users/guoyiyang/Documents/GitHub/FURP-2026-Yiyang-GUO-EVRP-TW/reference/py-ga-VRPTW"", ""revision"": ""8e005caaaf6471a4505588d88c7f0f5e0d4ebffa""}}",stage02.3_constraint_guided_attempt16 + stage02.3_constraint_guided_rerun09,,preserve;see stage03_legacy_path_map.csv
stage03.0,measurement,stage03.0_measurement_attempt05,attempt05,stage03.0_measurement_attempt05,stage03_measurement_formal01,formal,rc101_21,2015,"[""c101C5"", ""r105C5"", ""rc105C5"", ""c104C10"", ""r103C10"", ""rc102C10"", ""c106C15"", ""r105C15"", ""rc103C15"", ""c101_21"", ""r101_21"", ""rc101_21""]","[2014, 2015, 2016]",trace,verified_legacy,results/stage03.0_measurement_attempt05/rc101_21/2015/stage03.0_measurement_attempt05_trace_rc101_21_2015.json,results/stage03-measurement_formal01/traces/rc101_21-alns_stage02_constraint_guided-2015.json,feasible,,pass,NOT_READY_FOR_STAGE03_1,READY_FOR_STAGE03_ACCELERATION,pass,f8c5ca47d2b5fe85818ce025dd72559191fcf160657920073c57edc89d2f7aea,raw_manifest,380c6e5877faec191d00c501af697deb073d861a644b2fb71e106c31a6c4fca6,50ed2d642f7e5ab1c495f9d43526dbc7ced2cb6e3521d8207719409066db928a,272a3e58d53d4ba9516f01506164cf8a9b98bfeeb8dbd1fd62f6557e4c98e3a1,552e83d2a87eef9ae305e3d699dd98c361a463fccd7f868c61ac651bd28f55a9,b226b97e0e67288aaaf85726ad855df71cb81406685c57c8e8c40cd8996aa0da,44b932fba181327b08895693ec5b3fd78831a818,False,"{""VRP-EVRP-Project-Hub"": {""dirty"": false, ""path"": ""/Users/guoyiyang/Documents/GitHub/FURP-2026-Yiyang-GUO-EVRP-TW/reference/VRP-EVRP-Project-Hub"", ""revision"": ""e3a890065105f978187e532642c4442522215e02""}, ""py-ga-VRPTW"": {""dirty"": false, ""path"": ""/Users/guoyiyang/Documents/GitHub/FURP-2026-Yiyang-GUO-EVRP-TW/reference/py-ga-VRPTW"", ""revision"": ""8e005caaaf6471a4505588d88c7f0f5e0d4ebffa""}}",stage02.3_constraint_guided_attempt16 + stage02.3_constraint_guided_rerun09,,preserve;see stage03_legacy_path_map.csv
stage03.0,measurement,stage03.0_measurement_attempt05,attempt05,stage03.0_measurement_attempt05,stage03_measurement_formal01,formal,rc101_21,2016,"[""c101C5"", ""r105C5"", ""rc105C5"", ""c104C10"", ""r103C10"", ""rc102C10"", ""c106C15"", ""r105C15"", ""rc103C15"", ""c101_21"", ""r101_21"", ""rc101_21""]","[2014, 2015, 2016]",trace,verified_legacy,results/stage03.0_measurement_attempt05/rc101_21/2016/stage03.0_measurement_attempt05_trace_rc101_21_2016.json,results/stage03-measurement_formal01/traces/rc101_21-alns_stage02_constraint_guided-2016.json,feasible,,pass,NOT_READY_FOR_STAGE03_1,READY_FOR_STAGE03_ACCELERATION,pass,69b6b903264276d85b6b7a37794612f32bea40a0e524e96733c02a50ba9b828f,raw_manifest,380c6e5877faec191d00c501af697deb073d861a644b2fb71e106c31a6c4fca6,50ed2d642f7e5ab1c495f9d43526dbc7ced2cb6e3521d8207719409066db928a,272a3e58d53d4ba9516f01506164cf8a9b98bfeeb8dbd1fd62f6557e4c98e3a1,8cb9e86a9910383b9227e41caf5bba88d7bca98747fe815e0de2c5f3eb878384,b226b97e0e67288aaaf85726ad855df71cb81406685c57c8e8c40cd8996aa0da,44b932fba181327b08895693ec5b3fd78831a818,False,"{""VRP-EVRP-Project-Hub"": {""dirty"": false, ""path"": ""/Users/guoyiyang/Documents/GitHub/FURP-2026-Yiyang-GUO-EVRP-TW/reference/VRP-EVRP-Project-Hub"", ""revision"": ""e3a890065105f978187e532642c4442522215e02""}, ""py-ga-VRPTW"": {""dirty"": false, ""path"": ""/Users/guoyiyang/Documents/GitHub/FURP-2026-Yiyang-GUO-EVRP-TW/reference/py-ga-VRPTW"", ""revision"": ""8e005caaaf6471a4505588d88c7f0f5e0d4ebffa""}}",stage02.3_constraint_guided_attempt16 + stage02.3_constraint_guided_rerun09,,preserve;see stage03_legacy_path_map.csv
stage03.0,measurement,stage03.0_measurement_attempt05,attempt05,stage03.0_measurement_attempt05,stage03_measurement_formal01,formal,rc102C10,2014,"[""c101C5"", ""r105C5"", ""rc105C5"", ""c104C10"", ""r103C10"", ""rc102C10"", ""c106C15"", ""r105C15"", ""rc103C15"", ""c101_21"", ""r101_21"", ""rc101_21""]","[2014, 2015, 2016]",trace,verified_legacy,results/stage03.0_measurement_attempt05/rc102C10/2014/stage03.0_measurement_attempt05_trace_rc102C10_2014.json,results/stage03-measurement_formal01/traces/rc102C10-alns_stage02_constraint_guided-2014.json,feasible,,pass,NOT_READY_FOR_STAGE03_1,READY_FOR_STAGE03_ACCELERATION,pass,9eb58f03436e7c67011f638677fce67412d25b80e2c48e389b7edd672a40458a,raw_manifest,380c6e5877faec191d00c501af697deb073d861a644b2fb71e106c31a6c4fca6,50ed2d642f7e5ab1c495f9d43526dbc7ced2cb6e3521d8207719409066db928a,b85edffa9a896007203a8f6688731b66fcaeedada2b6deae0a3e3ca4a1a0d1a6,922747a0c60210d4d3c4f9aa167840cf1adf2caa75c959be083b12d6cc9a5e63,b226b97e0e67288aaaf85726ad855df71cb81406685c57c8e8c40cd8996aa0da,44b932fba181327b08895693ec5b3fd78831a818,False,"{""VRP-EVRP-Project-Hub"": {""dirty"": false, ""path"": ""/Users/guoyiyang/Documents/GitHub/FURP-2026-Yiyang-GUO-EVRP-TW/reference/VRP-EVRP-Project-Hub"", ""revision"": ""e3a890065105f978187e532642c4442522215e02""}, ""py-ga-VRPTW"": {""dirty"": false, ""path"": ""/Users/guoyiyang/Documents/GitHub/FURP-2026-Yiyang-GUO-EVRP-TW/reference/py-ga-VRPTW"", ""revision"": ""8e005caaaf6471a4505588d88c7f0f5e0d4ebffa""}}",stage02.3_constraint_guided_attempt16 + stage02.3_constraint_guided_rerun09,,preserve;see stage03_legacy_path_map.csv
stage03.0,measurement,stage03.0_measurement_attempt05,attempt05,stage03.0_measurement_attempt05,stage03_measurement_formal01,formal,rc102C10,2015,"[""c101C5"", ""r105C5"", ""rc105C5"", ""c104C10"", ""r103C10"", ""rc102C10"", ""c106C15"", ""r105C15"", ""rc103C15"", ""c101_21"", ""r101_21"", ""rc101_21""]","[2014, 2015, 2016]",trace,verified_legacy,results/stage03.0_measurement_attempt05/rc102C10/2015/stage03.0_measurement_attempt05_trace_rc102C10_2015.json,results/stage03-measurement_formal01/traces/rc102C10-alns_stage02_constraint_guided-2015.json,feasible,,pass,NOT_READY_FOR_STAGE03_1,READY_FOR_STAGE03_ACCELERATION,pass,06e95d621c2e96e58c53185ec145117556711a8f2d8da59121e505ed227255b9,raw_manifest,380c6e5877faec191d00c501af697deb073d861a644b2fb71e106c31a6c4fca6,50ed2d642f7e5ab1c495f9d43526dbc7ced2cb6e3521d8207719409066db928a,b85edffa9a896007203a8f6688731b66fcaeedada2b6deae0a3e3ca4a1a0d1a6,2396d0b76559b83d49b983c01915e9cd3dfca0f17d11b4d765f380456a034e9f,b226b97e0e67288aaaf85726ad855df71cb81406685c57c8e8c40cd8996aa0da,44b932fba181327b08895693ec5b3fd78831a818,False,"{""VRP-EVRP-Project-Hub"": {""dirty"": false, ""path"": ""/Users/guoyiyang/Documents/GitHub/FURP-2026-Yiyang-GUO-EVRP-TW/reference/VRP-EVRP-Project-Hub"", ""revision"": ""e3a890065105f978187e532642c4442522215e02""}, ""py-ga-VRPTW"": {""dirty"": false, ""path"": ""/Users/guoyiyang/Documents/GitHub/FURP-2026-Yiyang-GUO-EVRP-TW/reference/py-ga-VRPTW"", ""revision"": ""8e005caaaf6471a4505588d88c7f0f5e0d4ebffa""}}",stage02.3_constraint_guided_attempt16 + stage02.3_constraint_guided_rerun09,,preserve;see stage03_legacy_path_map.csv
stage03.0,measurement,stage03.0_measurement_attempt05,attempt05,stage03.0_measurement_attempt05,stage03_measurement_formal01,formal,rc102C10,2016,"[""c101C5"", ""r105C5"", ""rc105C5"", ""c104C10"", ""r103C10"", ""rc102C10"", ""c106C15"", ""r105C15"", ""rc103C15"", ""c101_21"", ""r101_21"", ""rc101_21""]","[2014, 2015, 2016]",trace,verified_legacy,results/stage03.0_measurement_attempt05/rc102C10/2016/stage03.0_measurement_attempt05_trace_rc102C10_2016.json,results/stage03-measurement_formal01/traces/rc102C10-alns_stage02_constraint_guided-2016.json,feasible,,pass,NOT_READY_FOR_STAGE03_1,READY_FOR_STAGE03_ACCELERATION,pass,8822d56774148dfaf8c53d91b3f2fd03d056efd022900c245d34db6cbc279f1b,raw_manifest,380c6e5877faec191d00c501af697deb073d861a644b2fb71e106c31a6c4fca6,50ed2d642f7e5ab1c495f9d43526dbc7ced2cb6e3521d8207719409066db928a,b85edffa9a896007203a8f6688731b66fcaeedada2b6deae0a3e3ca4a1a0d1a6,543d2b0eb4fadc3e8826ae696d7287008f6e25c739027036bb239af842e5764d,b226b97e0e67288aaaf85726ad855df71cb81406685c57c8e8c40cd8996aa0da,44b932fba181327b08895693ec5b3fd78831a818,False,"{""VRP-EVRP-Project-Hub"": {""dirty"": false, ""path"": ""/Users/guoyiyang/Documents/GitHub/FURP-2026-Yiyang-GUO-EVRP-TW/reference/VRP-EVRP-Project-Hub"", ""revision"": ""e3a890065105f978187e532642c4442522215e02""}, ""py-ga-VRPTW"": {""dirty"": false, ""path"": ""/Users/guoyiyang/Documents/GitHub/FURP-2026-Yiyang-GUO-EVRP-TW/reference/py-ga-VRPTW"", ""revision"": ""8e005caaaf6471a4505588d88c7f0f5e0d4ebffa""}}",stage02.3_constraint_guided_attempt16 + stage02.3_constraint_guided_rerun09,,preserve;see stage03_legacy_path_map.csv
stage03.0,measurement,stage03.0_measurement_attempt05,attempt05,stage03.0_measurement_attempt05,stage03_measurement_formal01,formal,rc103C15,2014,"[""c101C5"", ""r105C5"", ""rc105C5"", ""c104C10"", ""r103C10"", ""rc102C10"", ""c106C15"", ""r105C15"", ""rc103C15"", ""c101_21"", ""r101_21"", ""rc101_21""]","[2014, 2015, 2016]",trace,verified_legacy,results/stage03.0_measurement_attempt05/rc103C15/2014/stage03.0_measurement_attempt05_trace_rc103C15_2014.json,results/stage03-measurement_formal01/traces/rc103C15-alns_stage02_constraint_guided-2014.json,feasible,,pass,NOT_READY_FOR_STAGE03_1,READY_FOR_STAGE03_ACCELERATION,pass,9bf6a986098843fa2246a256df509fed65e4b03c92a584e7dcbea086ce40a5cb,raw_manifest,380c6e5877faec191d00c501af697deb073d861a644b2fb71e106c31a6c4fca6,50ed2d642f7e5ab1c495f9d43526dbc7ced2cb6e3521d8207719409066db928a,51cbd950e7a76acae3add1f93d4c5f3b906f1e0ca5b47f46b068ff4f52e43c4a,4e3260a82a51a7e015b5585f8b12990fb738e74802df644e62a7a88f53cd50a7,b226b97e0e67288aaaf85726ad855df71cb81406685c57c8e8c40cd8996aa0da,44b932fba181327b08895693ec5b3fd78831a818,False,"{""VRP-EVRP-Project-Hub"": {""dirty"": false, ""path"": ""/Users/guoyiyang/Documents/GitHub/FURP-2026-Yiyang-GUO-EVRP-TW/reference/VRP-EVRP-Project-Hub"", ""revision"": ""e3a890065105f978187e532642c4442522215e02""}, ""py-ga-VRPTW"": {""dirty"": false, ""path"": ""/Users/guoyiyang/Documents/GitHub/FURP-2026-Yiyang-GUO-EVRP-TW/reference/py-ga-VRPTW"", ""revision"": ""8e005caaaf6471a4505588d88c7f0f5e0d4ebffa""}}",stage02.3_constraint_guided_attempt16 + stage02.3_constraint_guided_rerun09,,preserve;see stage03_legacy_path_map.csv
stage03.0,measurement,stage03.0_measurement_attempt05,attempt05,stage03.0_measurement_attempt05,stage03_measurement_formal01,formal,rc103C15,2015,"[""c101C5"", ""r105C5"", ""rc105C5"", ""c104C10"", ""r103C10"", ""rc102C10"", ""c106C15"", ""r105C15"", ""rc103C15"", ""c101_21"", ""r101_21"", ""rc101_21""]","[2014, 2015, 2016]",trace,verified_legacy,results/stage03.0_measurement_attempt05/rc103C15/2015/stage03.0_measurement_attempt05_trace_rc103C15_2015.json,results/stage03-measurement_formal01/traces/rc103C15-alns_stage02_constraint_guided-2015.json,feasible,,pass,NOT_READY_FOR_STAGE03_1,READY_FOR_STAGE03_ACCELERATION,pass,8c0ef7ec7c0016332a614088b8ab11a21ebcca837a30c30f9dbc681f4ab25eaf,raw_manifest,380c6e5877faec191d00c501af697deb073d861a644b2fb71e106c31a6c4fca6,50ed2d642f7e5ab1c495f9d43526dbc7ced2cb6e3521d8207719409066db928a,51cbd950e7a76acae3add1f93d4c5f3b906f1e0ca5b47f46b068ff4f52e43c4a,185a9b551a365c2931916dfa29521c226b32a02b778bf709cbba49f6fc187c33,b226b97e0e67288aaaf85726ad855df71cb81406685c57c8e8c40cd8996aa0da,44b932fba181327b08895693ec5b3fd78831a818,False,"{""VRP-EVRP-Project-Hub"": {""dirty"": false, ""path"": ""/Users/guoyiyang/Documents/GitHub/FURP-2026-Yiyang-GUO-EVRP-TW/reference/VRP-EVRP-Project-Hub"", ""revision"": ""e3a890065105f978187e532642c4442522215e02""}, ""py-ga-VRPTW"": {""dirty"": false, ""path"": ""/Users/guoyiyang/Documents/GitHub/FURP-2026-Yiyang-GUO-EVRP-TW/reference/py-ga-VRPTW"", ""revision"": ""8e005caaaf6471a4505588d88c7f0f5e0d4ebffa""}}",stage02.3_constraint_guided_attempt16 + stage02.3_constraint_guided_rerun09,,preserve;see stage03_legacy_path_map.csv
stage03.0,measurement,stage03.0_measurement_attempt05,attempt05,stage03.0_measurement_attempt05,stage03_measurement_formal01,formal,rc103C15,2016,"[""c101C5"", ""r105C5"", ""rc105C5"", ""c104C10"", ""r103C10"", ""rc102C10"", ""c106C15"", ""r105C15"", ""rc103C15"", ""c101_21"", ""r101_21"", ""rc101_21""]","[2014, 2015, 2016]",trace,verified_legacy,results/stage03.0_measurement_attempt05/rc103C15/2016/stage03.0_measurement_attempt05_trace_rc103C15_2016.json,results/stage03-measurement_formal01/traces/rc103C15-alns_stage02_constraint_guided-2016.json,feasible,,pass,NOT_READY_FOR_STAGE03_1,READY_FOR_STAGE03_ACCELERATION,pass,ace97dc4edf25bec625eb33237b86eaf30caf0ad0ac8da38800112c184d9650d,raw_manifest,380c6e5877faec191d00c501af697deb073d861a644b2fb71e106c31a6c4fca6,50ed2d642f7e5ab1c495f9d43526dbc7ced2cb6e3521d8207719409066db928a,51cbd950e7a76acae3add1f93d4c5f3b906f1e0ca5b47f46b068ff4f52e43c4a,c8849712ca48508504e9a85ad7834cbd9533dc0e008359ba5a104c24472f2674,b226b97e0e67288aaaf85726ad855df71cb81406685c57c8e8c40cd8996aa0da,44b932fba181327b08895693ec5b3fd78831a818,False,"{""VRP-EVRP-Project-Hub"": {""dirty"": false, ""path"": ""/Users/guoyiyang/Documents/GitHub/FURP-2026-Yiyang-GUO-EVRP-TW/reference/VRP-EVRP-Project-Hub"", ""revision"": ""e3a890065105f978187e532642c4442522215e02""}, ""py-ga-VRPTW"": {""dirty"": false, ""path"": ""/Users/guoyiyang/Documents/GitHub/FURP-2026-Yiyang-GUO-EVRP-TW/reference/py-ga-VRPTW"", ""revision"": ""8e005caaaf6471a4505588d88c7f0f5e0d4ebffa""}}",stage02.3_constraint_guided_attempt16 + stage02.3_constraint_guided_rerun09,,preserve;see stage03_legacy_path_map.csv
stage03.0,measurement,stage03.0_measurement_attempt05,attempt05,stage03.0_measurement_attempt05,stage03_measurement_formal01,formal,rc105C5,2014,"[""c101C5"", ""r105C5"", ""rc105C5"", ""c104C10"", ""r103C10"", ""rc102C10"", ""c106C15"", ""r105C15"", ""rc103C15"", ""c101_21"", ""r101_21"", ""rc101_21""]","[2014, 2015, 2016]",trace,verified_legacy,results/stage03.0_measurement_attempt05/rc105C5/2014/stage03.0_measurement_attempt05_trace_rc105C5_2014.json,results/stage03-measurement_formal01/traces/rc105C5-alns_stage02_constraint_guided-2014.json,feasible,,pass,NOT_READY_FOR_STAGE03_1,READY_FOR_STAGE03_ACCELERATION,pass,35fa84c9a95769fe302a33902ffdb0c232f7e340fcd7d93b7c00f6e4db4154f8,raw_manifest,380c6e5877faec191d00c501af697deb073d861a644b2fb71e106c31a6c4fca6,50ed2d642f7e5ab1c495f9d43526dbc7ced2cb6e3521d8207719409066db928a,2ccfba6c447fa43a994934690acb67c7355ca04d232394907ed6938bc362c643,56cdf57332286ffa454837ca296d9030524fa2eda0d26eb392a1af9bb2a30e7a,b226b97e0e67288aaaf85726ad855df71cb81406685c57c8e8c40cd8996aa0da,44b932fba181327b08895693ec5b3fd78831a818,False,"{""VRP-EVRP-Project-Hub"": {""dirty"": false, ""path"": ""/Users/guoyiyang/Documents/GitHub/FURP-2026-Yiyang-GUO-EVRP-TW/reference/VRP-EVRP-Project-Hub"", ""revision"": ""e3a890065105f978187e532642c4442522215e02""}, ""py-ga-VRPTW"": {""dirty"": false, ""path"": ""/Users/guoyiyang/Documents/GitHub/FURP-2026-Yiyang-GUO-EVRP-TW/reference/py-ga-VRPTW"", ""revision"": ""8e005caaaf6471a4505588d88c7f0f5e0d4ebffa""}}",stage02.3_constraint_guided_attempt16 + stage02.3_constraint_guided_rerun09,,preserve;see stage03_legacy_path_map.csv
stage03.0,measurement,stage03.0_measurement_attempt05,attempt05,stage03.0_measurement_attempt05,stage03_measurement_formal01,formal,rc105C5,2015,"[""c101C5"", ""r105C5"", ""rc105C5"", ""c104C10"", ""r103C10"", ""rc102C10"", ""c106C15"", ""r105C15"", ""rc103C15"", ""c101_21"", ""r101_21"", ""rc101_21""]","[2014, 2015, 2016]",trace,verified_legacy,results/stage03.0_measurement_attempt05/rc105C5/2015/stage03.0_measurement_attempt05_trace_rc105C5_2015.json,results/stage03-measurement_formal01/traces/rc105C5-alns_stage02_constraint_guided-2015.json,feasible,,pass,NOT_READY_FOR_STAGE03_1,READY_FOR_STAGE03_ACCELERATION,pass,97ad0bbe96f06c9d934f2b49315ad7f387570fd47d221b35bc909d5cfca761f8,raw_manifest,380c6e5877faec191d00c501af697deb073d861a644b2fb71e106c31a6c4fca6,50ed2d642f7e5ab1c495f9d43526dbc7ced2cb6e3521d8207719409066db928a,2ccfba6c447fa43a994934690acb67c7355ca04d232394907ed6938bc362c643,c8a9c2a0dcb3b2a4df216493e8d1f2907b52a3bddaf2621c1f7124ccbac3b238,b226b97e0e67288aaaf85726ad855df71cb81406685c57c8e8c40cd8996aa0da,44b932fba181327b08895693ec5b3fd78831a818,False,"{""VRP-EVRP-Project-Hub"": {""dirty"": false, ""path"": ""/Users/guoyiyang/Documents/GitHub/FURP-2026-Yiyang-GUO-EVRP-TW/reference/VRP-EVRP-Project-Hub"", ""revision"": ""e3a890065105f978187e532642c4442522215e02""}, ""py-ga-VRPTW"": {""dirty"": false, ""path"": ""/Users/guoyiyang/Documents/GitHub/FURP-2026-Yiyang-GUO-EVRP-TW/reference/py-ga-VRPTW"", ""revision"": ""8e005caaaf6471a4505588d88c7f0f5e0d4ebffa""}}",stage02.3_constraint_guided_attempt16 + stage02.3_constraint_guided_rerun09,,preserve;see stage03_legacy_path_map.csv
stage03.0,measurement,stage03.0_measurement_attempt05,attempt05,stage03.0_measurement_attempt05,stage03_measurement_formal01,formal,rc105C5,2016,"[""c101C5"", ""r105C5"", ""rc105C5"", ""c104C10"", ""r103C10"", ""rc102C10"", ""c106C15"", ""r105C15"", ""rc103C15"", ""c101_21"", ""r101_21"", ""rc101_21""]","[2014, 2015, 2016]",trace,verified_legacy,results/stage03.0_measurement_attempt05/rc105C5/2016/stage03.0_measurement_attempt05_trace_rc105C5_2016.json,results/stage03-measurement_formal01/traces/rc105C5-alns_stage02_constraint_guided-2016.json,feasible,,pass,NOT_READY_FOR_STAGE03_1,READY_FOR_STAGE03_ACCELERATION,pass,2099099d0309ee5c6ef993044c2b3c374b7dc347f117a890eef05d662568e786,raw_manifest,380c6e5877faec191d00c501af697deb073d861a644b2fb71e106c31a6c4fca6,50ed2d642f7e5ab1c495f9d43526dbc7ced2cb6e3521d8207719409066db928a,2ccfba6c447fa43a994934690acb67c7355ca04d232394907ed6938bc362c643,b1a46fc25008adf30baf3953f3a629ab406cec46bd9795a58b0334a37cc2cfcd,b226b97e0e67288aaaf85726ad855df71cb81406685c57c8e8c40cd8996aa0da,44b932fba181327b08895693ec5b3fd78831a818,False,"{""VRP-EVRP-Project-Hub"": {""dirty"": false, ""path"": ""/Users/guoyiyang/Documents/GitHub/FURP-2026-Yiyang-GUO-EVRP-TW/reference/VRP-EVRP-Project-Hub"", ""revision"": ""e3a890065105f978187e532642c4442522215e02""}, ""py-ga-VRPTW"": {""dirty"": false, ""path"": ""/Users/guoyiyang/Documents/GitHub/FURP-2026-Yiyang-GUO-EVRP-TW/reference/py-ga-VRPTW"", ""revision"": ""8e005caaaf6471a4505588d88c7f0f5e0d4ebffa""}}",stage02.3_constraint_guided_attempt16 + stage02.3_constraint_guided_rerun09,,preserve;see stage03_legacy_path_map.csv
stage03.0,measurement,stage03.0_measurement_attempt05,attempt05,stage03.0_measurement_attempt05,stage03_measurement_formal01,formal,__all__,__all__,"[""c101C5"", ""r105C5"", ""rc105C5"", ""c104C10"", ""r103C10"", ""rc102C10"", ""c106C15"", ""r105C15"", ""rc103C15"", ""c101_21"", ""r101_21"", ""rc101_21""]","[2014, 2015, 2016]",baseline_comparison,published_after_review,experiments/summaries/stage03.0_measurement_attempt05_baseline_comparison.csv,experiments/summaries/stage03_measurement_formal01_baseline_comparison.csv,feasible,,pass,NOT_READY_FOR_STAGE03_1,READY_FOR_STAGE03_ACCELERATION,pass,206f33de45ca5295d8db1ca26048f931dfee248dbb62aff50bdf66fc5ac4c2e4,tracked_summary,380c6e5877faec191d00c501af697deb073d861a644b2fb71e106c31a6c4fca6,50ed2d642f7e5ab1c495f9d43526dbc7ced2cb6e3521d8207719409066db928a,,,b226b97e0e67288aaaf85726ad855df71cb81406685c57c8e8c40cd8996aa0da,44b932fba181327b08895693ec5b3fd78831a818,False,"{""VRP-EVRP-Project-Hub"": {""dirty"": false, ""path"": ""/Users/guoyiyang/Documents/GitHub/FURP-2026-Yiyang-GUO-EVRP-TW/reference/VRP-EVRP-Project-Hub"", ""revision"": ""e3a890065105f978187e532642c4442522215e02""}, ""py-ga-VRPTW"": {""dirty"": false, ""path"": ""/Users/guoyiyang/Documents/GitHub/FURP-2026-Yiyang-GUO-EVRP-TW/reference/py-ga-VRPTW"", ""revision"": ""8e005caaaf6471a4505588d88c7f0f5e0d4ebffa""}}",stage02.3_constraint_guided_attempt16 + stage02.3_constraint_guided_rerun09,,preserve;canonical summary name is registry-only
stage03.0,measurement,stage03.0_measurement_attempt05,attempt05,stage03.0_measurement_attempt05,stage03_measurement_formal01,formal,__all__,__all__,"[""c101C5"", ""r105C5"", ""rc105C5"", ""c104C10"", ""r103C10"", ""rc102C10"", ""c106C15"", ""r105C15"", ""rc103C15"", ""c101_21"", ""r101_21"", ""rc101_21""]","[2014, 2015, 2016]",deadline_report,published_after_review,experiments/summaries/stage03.0_measurement_attempt05_deadline_report.csv,experiments/summaries/stage03_measurement_formal01_deadline_report.csv,feasible,,pass,NOT_READY_FOR_STAGE03_1,READY_FOR_STAGE03_ACCELERATION,pass,f5e411a3e7a49ae74395b830db76b847a024a8b7d0f898ca463284e9ca11b8df,tracked_summary,380c6e5877faec191d00c501af697deb073d861a644b2fb71e106c31a6c4fca6,50ed2d642f7e5ab1c495f9d43526dbc7ced2cb6e3521d8207719409066db928a,,,b226b97e0e67288aaaf85726ad855df71cb81406685c57c8e8c40cd8996aa0da,44b932fba181327b08895693ec5b3fd78831a818,False,"{""VRP-EVRP-Project-Hub"": {""dirty"": false, ""path"": ""/Users/guoyiyang/Documents/GitHub/FURP-2026-Yiyang-GUO-EVRP-TW/reference/VRP-EVRP-Project-Hub"", ""revision"": ""e3a890065105f978187e532642c4442522215e02""}, ""py-ga-VRPTW"": {""dirty"": false, ""path"": ""/Users/guoyiyang/Documents/GitHub/FURP-2026-Yiyang-GUO-EVRP-TW/reference/py-ga-VRPTW"", ""revision"": ""8e005caaaf6471a4505588d88c7f0f5e0d4ebffa""}}",stage02.3_constraint_guided_attempt16 + stage02.3_constraint_guided_rerun09,,preserve;canonical summary name is registry-only
stage03.0,measurement,stage03.0_measurement_attempt05,attempt05,stage03.0_measurement_attempt05,stage03_measurement_formal01,formal,__all__,__all__,"[""c101C5"", ""r105C5"", ""rc105C5"", ""c104C10"", ""r103C10"", ""rc102C10"", ""c106C15"", ""r105C15"", ""rc103C15"", ""c101_21"", ""r101_21"", ""rc101_21""]","[2014, 2015, 2016]",per_run_results,published_after_review,experiments/summaries/stage03.0_measurement_attempt05_per_run_results.csv,experiments/summaries/stage03_measurement_formal01_per_run_results.csv,feasible,,pass,NOT_READY_FOR_STAGE03_1,READY_FOR_STAGE03_ACCELERATION,pass,7c0912cad8fe67717b811d3e57fb817c386bb01617e8466d2ca9fb6d108b0393,tracked_summary,380c6e5877faec191d00c501af697deb073d861a644b2fb71e106c31a6c4fca6,50ed2d642f7e5ab1c495f9d43526dbc7ced2cb6e3521d8207719409066db928a,,,b226b97e0e67288aaaf85726ad855df71cb81406685c57c8e8c40cd8996aa0da,44b932fba181327b08895693ec5b3fd78831a818,False,"{""VRP-EVRP-Project-Hub"": {""dirty"": false, ""path"": ""/Users/guoyiyang/Documents/GitHub/FURP-2026-Yiyang-GUO-EVRP-TW/reference/VRP-EVRP-Project-Hub"", ""revision"": ""e3a890065105f978187e532642c4442522215e02""}, ""py-ga-VRPTW"": {""dirty"": false, ""path"": ""/Users/guoyiyang/Documents/GitHub/FURP-2026-Yiyang-GUO-EVRP-TW/reference/py-ga-VRPTW"", ""revision"": ""8e005caaaf6471a4505588d88c7f0f5e0d4ebffa""}}",stage02.3_constraint_guided_attempt16 + stage02.3_constraint_guided_rerun09,,preserve;canonical summary name is registry-only
stage03.0,measurement,stage03.0_measurement_attempt05,attempt05,stage03.0_measurement_attempt05,stage03_measurement_formal01,formal,__all__,__all__,"[""c101C5"", ""r105C5"", ""rc105C5"", ""c104C10"", ""r103C10"", ""rc102C10"", ""c106C15"", ""r105C15"", ""rc103C15"", ""c101_21"", ""r101_21"", ""rc101_21""]","[2014, 2015, 2016]",review_findings,published_after_review,experiments/summaries/stage03.0_measurement_attempt05_review_findings.csv,experiments/summaries/stage03_measurement_formal01_review_findings.csv,feasible,,pass,NOT_READY_FOR_STAGE03_1,READY_FOR_STAGE03_ACCELERATION,pass,f7419584d738dabdf474f5cde68b5cbd4099f507169d0b99fd21b32f71e4582e,tracked_summary,380c6e5877faec191d00c501af697deb073d861a644b2fb71e106c31a6c4fca6,50ed2d642f7e5ab1c495f9d43526dbc7ced2cb6e3521d8207719409066db928a,,,b226b97e0e67288aaaf85726ad855df71cb81406685c57c8e8c40cd8996aa0da,44b932fba181327b08895693ec5b3fd78831a818,False,"{""VRP-EVRP-Project-Hub"": {""dirty"": false, ""path"": ""/Users/guoyiyang/Documents/GitHub/FURP-2026-Yiyang-GUO-EVRP-TW/reference/VRP-EVRP-Project-Hub"", ""revision"": ""e3a890065105f978187e532642c4442522215e02""}, ""py-ga-VRPTW"": {""dirty"": false, ""path"": ""/Users/guoyiyang/Documents/GitHub/FURP-2026-Yiyang-GUO-EVRP-TW/reference/py-ga-VRPTW"", ""revision"": ""8e005caaaf6471a4505588d88c7f0f5e0d4ebffa""}}",stage02.3_constraint_guided_attempt16 + stage02.3_constraint_guided_rerun09,,preserve;canonical summary name is registry-only
stage03.0,measurement,stage03.0_measurement_attempt05,attempt05,stage03.0_measurement_attempt05,stage03_measurement_formal01,formal,__all__,__all__,"[""c101C5"", ""r105C5"", ""rc105C5"", ""c104C10"", ""r103C10"", ""rc102C10"", ""c106C15"", ""r105C15"", ""rc103C15"", ""c101_21"", ""r101_21"", ""rc101_21""]","[2014, 2015, 2016]",manifest,published_after_review,experiments/summaries/stage03.0_measurement_attempt05_manifest.json,experiments/summaries/stage03_measurement_formal01_review_manifest.json,feasible,,pass,NOT_READY_FOR_STAGE03_1,READY_FOR_STAGE03_ACCELERATION,pass,871aa5e34085bc61bc461e4d9beb7e958e91761b166d899e8c4eb40f0a46d71d,tracked_summary,380c6e5877faec191d00c501af697deb073d861a644b2fb71e106c31a6c4fca6,50ed2d642f7e5ab1c495f9d43526dbc7ced2cb6e3521d8207719409066db928a,,,b226b97e0e67288aaaf85726ad855df71cb81406685c57c8e8c40cd8996aa0da,44b932fba181327b08895693ec5b3fd78831a818,False,"{""VRP-EVRP-Project-Hub"": {""dirty"": false, ""path"": ""/Users/guoyiyang/Documents/GitHub/FURP-2026-Yiyang-GUO-EVRP-TW/reference/VRP-EVRP-Project-Hub"", ""revision"": ""e3a890065105f978187e532642c4442522215e02""}, ""py-ga-VRPTW"": {""dirty"": false, ""path"": ""/Users/guoyiyang/Documents/GitHub/FURP-2026-Yiyang-GUO-EVRP-TW/reference/py-ga-VRPTW"", ""revision"": ""8e005caaaf6471a4505588d88c7f0f5e0d4ebffa""}}",stage02.3_constraint_guided_attempt16 + stage02.3_constraint_guided_rerun09,,preserve;canonical summary name is registry-only
stage03.0,measurement,stage03.0_measurement_attempt05,attempt05,stage03.0_measurement_attempt05,stage03_measurement_formal01,formal,__all__,__all__,"[""c101C5"", ""r105C5"", ""rc105C5"", ""c104C10"", ""r103C10"", ""rc102C10"", ""c106C15"", ""r105C15"", ""rc103C15"", ""c101_21"", ""r101_21"", ""rc101_21""]","[2014, 2015, 2016]",review_report,published_after_review,experiments/summaries/stage03.0_measurement_attempt05_review_report.md,experiments/summaries/stage03_measurement_formal01_review_report.md,feasible,,pass,NOT_READY_FOR_STAGE03_1,READY_FOR_STAGE03_ACCELERATION,pass,93e2fb840d32f3d664f2dcfa4c223b9a19b0447e10f138dd491e8f5c821ea65c,tracked_summary,380c6e5877faec191d00c501af697deb073d861a644b2fb71e106c31a6c4fca6,50ed2d642f7e5ab1c495f9d43526dbc7ced2cb6e3521d8207719409066db928a,,,b226b97e0e67288aaaf85726ad855df71cb81406685c57c8e8c40cd8996aa0da,44b932fba181327b08895693ec5b3fd78831a818,False,"{""VRP-EVRP-Project-Hub"": {""dirty"": false, ""path"": ""/Users/guoyiyang/Documents/GitHub/FURP-2026-Yiyang-GUO-EVRP-TW/reference/VRP-EVRP-Project-Hub"", ""revision"": ""e3a890065105f978187e532642c4442522215e02""}, ""py-ga-VRPTW"": {""dirty"": false, ""path"": ""/Users/guoyiyang/Documents/GitHub/FURP-2026-Yiyang-GUO-EVRP-TW/reference/py-ga-VRPTW"", ""revision"": ""8e005caaaf6471a4505588d88c7f0f5e0d4ebffa""}}",stage02.3_constraint_guided_attempt16 + stage02.3_constraint_guided_rerun09,,preserve;canonical summary name is registry-only
stage03.0,measurement,stage03.0_measurement_attempt05,attempt05,stage03.0_measurement_attempt05,stage03_measurement_formal01,formal,__all__,__all__,"[""c101C5"", ""r105C5"", ""rc105C5"", ""c104C10"", ""r103C10"", ""rc102C10"", ""c106C15"", ""r105C15"", ""rc103C15"", ""c101_21"", ""r101_21"", ""rc101_21""]","[2014, 2015, 2016]",stage03_readiness,published_after_review,experiments/summaries/stage03.0_measurement_attempt05_stage03_readiness.csv,experiments/summaries/stage03_measurement_formal01_stage03_readiness.csv,feasible,,pass,NOT_READY_FOR_STAGE03_1,READY_FOR_STAGE03_ACCELERATION,pass,a3d0a46f800becf029162bf2494d319423e88f61458cd87aa080537605a3a078,tracked_summary,380c6e5877faec191d00c501af697deb073d861a644b2fb71e106c31a6c4fca6,50ed2d642f7e5ab1c495f9d43526dbc7ced2cb6e3521d8207719409066db928a,,,b226b97e0e67288aaaf85726ad855df71cb81406685c57c8e8c40cd8996aa0da,44b932fba181327b08895693ec5b3fd78831a818,False,"{""VRP-EVRP-Project-Hub"": {""dirty"": false, ""path"": ""/Users/guoyiyang/Documents/GitHub/FURP-2026-Yiyang-GUO-EVRP-TW/reference/VRP-EVRP-Project-Hub"", ""revision"": ""e3a890065105f978187e532642c4442522215e02""}, ""py-ga-VRPTW"": {""dirty"": false, ""path"": ""/Users/guoyiyang/Documents/GitHub/FURP-2026-Yiyang-GUO-EVRP-TW/reference/py-ga-VRPTW"", ""revision"": ""8e005caaaf6471a4505588d88c7f0f5e0d4ebffa""}}",stage02.3_constraint_guided_attempt16 + stage02.3_constraint_guided_rerun09,,preserve;canonical summary name is registry-only
stage03.0,measurement,stage03.0_measurement_attempt05,attempt05,stage03.0_measurement_attempt05,stage03_measurement_formal01,formal,__all__,__all__,"[""c101C5"", ""r105C5"", ""rc105C5"", ""c104C10"", ""r103C10"", ""rc102C10"", ""c106C15"", ""r105C15"", ""rc103C15"", ""c101_21"", ""r101_21"", ""rc101_21""]","[2014, 2015, 2016]",summary_results,published_after_review,experiments/summaries/stage03.0_measurement_attempt05_summary_results.csv,experiments/summaries/stage03_measurement_formal01_summary_results.csv,feasible,,pass,NOT_READY_FOR_STAGE03_1,READY_FOR_STAGE03_ACCELERATION,pass,bb769d3ece1ae95865d56e07bb3d6259e7433c511243112df0edbd8b27802645,tracked_summary,380c6e5877faec191d00c501af697deb073d861a644b2fb71e106c31a6c4fca6,50ed2d642f7e5ab1c495f9d43526dbc7ced2cb6e3521d8207719409066db928a,,,b226b97e0e67288aaaf85726ad855df71cb81406685c57c8e8c40cd8996aa0da,44b932fba181327b08895693ec5b3fd78831a818,False,"{""VRP-EVRP-Project-Hub"": {""dirty"": false, ""path"": ""/Users/guoyiyang/Documents/GitHub/FURP-2026-Yiyang-GUO-EVRP-TW/reference/VRP-EVRP-Project-Hub"", ""revision"": ""e3a890065105f978187e532642c4442522215e02""}, ""py-ga-VRPTW"": {""dirty"": false, ""path"": ""/Users/guoyiyang/Documents/GitHub/FURP-2026-Yiyang-GUO-EVRP-TW/reference/py-ga-VRPTW"", ""revision"": ""8e005caaaf6471a4505588d88c7f0f5e0d4ebffa""}}",stage02.3_constraint_guided_attempt16 + stage02.3_constraint_guided_rerun09,,preserve;canonical summary name is registry-only
stage03.0,measurement,stage03.0_measurement_attempt05,attempt05,stage03.0_measurement_attempt05,stage03_measurement_formal01,formal,__all__,__all__,"[""c101C5"", ""r105C5"", ""rc105C5"", ""c104C10"", ""r103C10"", ""rc102C10"", ""c106C15"", ""r105C15"", ""rc103C15"", ""c101_21"", ""r101_21"", ""rc101_21""]","[2014, 2015, 2016]",trace_reconciliation,published_after_review,experiments/summaries/stage03.0_measurement_attempt05_trace_reconciliation.csv,experiments/summaries/stage03_measurement_formal01_trace_reconciliation.csv,feasible,,pass,NOT_READY_FOR_STAGE03_1,READY_FOR_STAGE03_ACCELERATION,pass,8373694e81bf945839d118b586da8884fea74c3a1ad988c2cc298c8e18dbb92e,tracked_summary,380c6e5877faec191d00c501af697deb073d861a644b2fb71e106c31a6c4fca6,50ed2d642f7e5ab1c495f9d43526dbc7ced2cb6e3521d8207719409066db928a,,,b226b97e0e67288aaaf85726ad855df71cb81406685c57c8e8c40cd8996aa0da,44b932fba181327b08895693ec5b3fd78831a818,False,"{""VRP-EVRP-Project-Hub"": {""dirty"": false, ""path"": ""/Users/guoyiyang/Documents/GitHub/FURP-2026-Yiyang-GUO-EVRP-TW/reference/VRP-EVRP-Project-Hub"", ""revision"": ""e3a890065105f978187e532642c4442522215e02""}, ""py-ga-VRPTW"": {""dirty"": false, ""path"": ""/Users/guoyiyang/Documents/GitHub/FURP-2026-Yiyang-GUO-EVRP-TW/reference/py-ga-VRPTW"", ""revision"": ""8e005caaaf6471a4505588d88c7f0f5e0d4ebffa""}}",stage02.3_constraint_guided_attempt16 + stage02.3_constraint_guided_rerun09,,preserve;canonical summary name is registry-only
